timestamp_hour_utc,representative_day_id,day_weight,it_load_kw,q_air_kw,q_cp_kw,q_rdhx_kw,s_air_kw,s_air_old_kw,s_air_new_kw,old_ac_capacity_eff_kw,q_air_to_ashp_kw,q_air_to_reject_kw,q_cp_to_wshp_kw,q_cp_to_free_kw,q_rdhx_to_wshp_kw,q_rdhx_to_chiller_kw,q_ashp_out_kw,p_ashp_kw,q_wshp_in_kw,q_wshp_out_kw,p_wshp_kw,q_chiller_evap_kw,p_chiller_kw,q_tower_kw,p_tower_kw,p_pump_kw,p_cdu_free_kw,p_terminal_kw,p_cooling_kw,p_grid_kw,q_heat_kw,heating_demand_kw,heat_demand_upper_violation_kw,q_tes_ch_kw,q_tes_dis_kw,e_tes_kwh,p_bess_ch_kw,p_bess_dis_kw,e_bess_kwh,max_theta_c,hotspot_slack_c,hotspot_penalty_yuan,bess_degradation_cost_yuan,power_balance_residual_kw,heat_balance_residual_kw
2025-01-30 00:00:00+00:00,0,66.0,2837.291468201433,405.22055270517495,787.7777185812272,1644.2931969150306,405.22055270517495,257.49611086031547,147.72444184485948,1614.5646747832977,337.6190222490974,67.60153045607757,1.4725238773345386e-12,787.7777185812257,1644.2931969150306,0.0,491.0822141805053,153.4631919314079,1644.293196915032,2192.3909292200424,548.0977323050106,67.60153045607757,22.53384348535919,877.9130925226625,13.168696387839937,32.19848634077486,15.755554371624514,131.35322330571614,916.5707281277331,3753.8621963291657,2683.4731434005475,3219.22382502416,0.0,0.0,0.0,0.0,0.0,0.0,701.3448152737639,23.828444612683207,0.0,0.0,0.0,-3.410605131648481e-13,0.0
2025-01-30 01:00:00+00:00,0,66.0,2811.291148338461,403.28171710126753,782.6872362913335,1625.3221949458582,403.28171710126753,255.95077579286735,147.3309413084002,1614.5646747832977,335.43738698200013,67.8443301192674,0.0,782.6872362913335,1625.3221949458584,-2.2737367544323206e-13,487.90892651927294,152.47153953727278,1625.3221949458584,2167.096259927811,541.7740649819527,67.84433011926717,22.61477670642239,873.1463431170231,13.097195146755347,31.906966675285254,15.653744725826671,130.4286733606863,907.9469611342015,3719.238109472662,2655.005186447084,3277.57292616957,0.0,0.0,0.0,0.0,0.0,0.0,701.3448152737639,23.827786684885425,0.0,0.0,0.0,-4.547473508864641e-13,0.0
2025-01-30 02:00:00+00:00,0,66.0,2819.105058034541,406.715810626075,787.4538868926743,1624.9353605157926,406.715810626075,257.3513855580429,149.36442506803206,1614.5646747832977,337.48023723971767,69.23557338635732,150.76717412230767,636.6867127703666,1624.9353605157926,0.0,490.88034507595296,153.4001078362353,1775.7025346381001,2367.6033795174667,591.9008448793667,69.23557338635732,23.078524462119105,729.000810618843,10.935012159282646,33.50610308423449,12.733734255407333,131.15631414452207,956.7106408211675,3775.815698855708,2858.4837245934195,3350.47819276152,0.0,0.0,0.0,0.0,0.0,0.0,701.3448152737639,23.815901916059165,0.0,0.0,0.0,-4.547473508864641e-13,0.0
2025-01-30 03:00:00+00:00,0,66.0,2803.0722391605236,405.6551848723404,784.5372261161918,1612.8798281719921,405.6551848723404,256.3140126721488,149.34117220019158,1614.5646747832977,336.23023976408217,69.42494510825821,162.8227064661079,621.714519650084,1612.8798281719921,0.0,489.06216692957406,152.8319271654919,1775.7025346381001,2367.6033795174667,591.9008448793667,69.42494510825821,23.141648369419404,714.2811131277616,10.714216696916424,33.44776986870484,12.43429039300168,130.60435184223314,955.0750492151342,6165.681989113883,2856.665546447041,3424.45119305147,0.0,0.0,0.0,0.0,2407.5347007382265,0.0,2985.3327753411613,23.813069652119268,0.0,0.0,0.0,-1.3642420526593924e-12,0.0
2025-01-30 04:00:00+00:00,0,66.0,2818.2087153841603,407.44282474578745,788.7511399987068,1622.014750639667,407.44282474578745,257.6734296357943,149.76939510999313,1614.5646747832977,338.03620285658866,69.40662188919879,153.68778399843302,635.0633560002738,1622.0147506396672,-2.2737367544323206e-13,491.6890223368562,153.65281948026757,1775.7025346381001,2367.6033795174667,591.9008448793667,69.40662188919856,23.135540629732855,727.6055185192051,10.914082777788076,33.53204814635514,12.701267120005475,131.23451405025455,957.0711170837703,7282.00390883675,2859.292401854323,5074.25305785225,0.0,0.0,0.0,0.0,3506.724076368819,0.0,6312.103337463875,23.814552987204067,0.0,0.0,0.0,4.547473508864641e-13,0.0
2025-01-30 05:00:00+00:00,0,66.0,2796.4623028695482,404.4302038639059,783.9995364053732,1608.0325626002677,404.43020386390594,255.9501515896722,148.4800522742337,1614.5646747832977,335.9998013165886,68.43040254731727,167.6699720378325,616.3295643675407,1608.0325626002677,0.0,488.7269837332198,152.7271824166312,1775.7025346381001,2367.6033795174667,591.9008448793667,68.43040254731727,22.81013418243909,707.5701010972971,10.613551516459456,33.43701607448847,12.326591287350814,130.20956373525487,954.0248840919905,3750.487186961539,2856.3303632506863,7175.01322351412,0.0,0.0,0.0,0.0,0.0,0.0,6312.103337463875,23.81684998090458,0.0,0.0,0.0,2.2737367544323206e-13,0.0
2025-01-30 06:00:00+00:00,0,66.0,2839.669267894365,411.55528335028293,795.1516820530629,1632.9623024910202,411.55528335028293,259.7585552660789,151.7967280842041,1614.5646747832977,340.7792923084556,70.77599104182735,1.470191481523788e-12,795.1516820530614,1632.9623024910202,0.0,495.6789706304809,154.89967832202527,1632.9623024910215,2177.2830699880287,544.3207674970072,70.77599104182735,23.59199701394245,889.5196701088313,13.34279505163247,32.232656665971476,15.90303364106123,132.4112184501771,916.7021466418172,3756.371414536183,2672.9620406185095,6830.12859379895,0.0,0.0,0.0,0.0,0.0,0.0,6312.103337463875,23.804271772454978,0.0,0.0,0.0,5.684341886080801e-13,0.0
2025-01-30 07:00:00+00:00,0,66.0,2968.4064399077884,431.2323897952962,830.0661457832227,1707.1079043292673,431.2323897952963,271.9042242232552,159.32816557204106,1614.5646747832977,355.7426339070955,75.4897558882007,0.0,830.0661457832227,1707.1079043292673,0.0,517.4438311375935,161.70119723049797,1707.1079043292673,2276.1438724390227,569.0359681097557,75.4897558882007,25.16325196273357,930.719153634157,13.960787304512355,33.672401958957124,16.601322915664454,138.63861459583828,958.7735440779594,2111.071160958226,2793.587703576616,5663.16442841657,0.0,0.0,0.0,0.0,0.0,1816.1088230275213,4397.756550965668,23.789507996010563,0.0,0.0,0.0,-5.684341886080801e-13,0.0
2025-01-30 08:00:00+00:00,0,66.0,3021.9030784233887,438.4733757647706,845.4347674459251,1737.994935212693,438.4733757647706,276.784851475743,161.68852428902758,1614.5646747832977,362.3291860482537,76.1441897165169,2.9497125462905786e-12,845.4347674459221,1737.994935212693,0.0,527.0242706156417,164.69508456738802,1737.994935212696,2317.3265802835945,579.3316450708986,76.1441897165169,25.381396572172303,946.9603537346113,14.204405306019169,34.28864470104546,16.908695348918442,141.02676912208034,975.8366406885223,491.01564274309203,2844.3508508992363,5011.85628625748,0.0,0.0,0.0,0.0,0.0,3506.724076368819,701.3448152737639,23.790533830176386,0.0,0.0,0.0,2.2737367544323206e-13,0.0
2025-01-30 09:00:00+00:00,0,66.0,3002.5329056780597,435.8639093084387,840.2689958458351,1726.4000005237874,435.8639093084387,275.31635091573276,160.54755839270592,1614.5646747832977,360.1152839339294,75.74862537450929,0.0,840.2689958458351,1726.4000005237874,0.0,523.8040493584427,163.68876542451335,1726.4000005237874,2301.8666673650496,575.4666668412624,75.74862537450929,25.249541791503095,941.2671630118475,14.119007445177711,34.06937992215458,16.805379916916703,140.15518215372322,969.553923495251,3972.0868291733104,2152.95611156432,2152.95611156432,0.0,672.7146051591722,0.0,639.0788749012136,0.0,0.0,701.3448152737639,23.794419667725094,0.0,0.0,0.0,-2.2737367544323206e-13,0.0
2025-01-30 10:00:00+00:00,0,66.0,2975.7765020466836,433.06892399227314,834.0456538266777,1708.6619242277338,433.0689239922731,273.088399137557,159.9805248547161,1614.5646747832977,357.4481373542905,75.62078663798263,0.0,834.0456538266777,1708.6619242277338,0.0,519.9245634244226,162.47642607013205,1708.6619242277338,2278.2158989703116,569.5539747425779,75.62078663798263,25.206928879327545,934.8733693439879,14.023100540159817,33.76753231881089,16.680913076533553,139.07614217964337,960.7850178071852,3936.561519853869,0.0,0.0,0.0,2798.140462394734,0.0,3296.0341564264086,0.0,0.0,701.3448152737639,23.790472317056143,0.0,0.0,0.0,1.1368683772161603e-13,0.0
2025-01-30 11:00:00+00:00,0,66.0,2984.4163694457434,433.01989227337754,834.5169781456649,1716.8794990266983,433.01989227337754,273.1892718655256,159.8306204078519,1614.5646747832977,357.6501334909993,75.36975878237826,0.0,834.5169781456649,1716.879499026698,2.2737367544323206e-13,520.2183759869081,162.56824249590878,1716.879499026698,2289.1726653689307,572.2931663422327,75.36975878237848,25.123252927459493,935.0099898555029,14.025149847832543,33.85913455318028,16.690339562913298,139.28538618696678,963.8446719164939,3948.2610413622374,4.547473508864641e-13,0.0,4.547473508864641e-13,2809.3910413558383,0.0,5958.363577401603,0.0,0.0,701.3448152737639,23.791481800190308,0.0,0.0,0.0,1.1368683772161603e-13,0.0
2025-01-30 12:00:00+00:00,0,66.0,2967.3302624982703,430.44095348072216,828.021650287788,1708.8676587297593,430.4409534807222,271.53091456016017,158.91003892056202,1614.5646747832977,354.86642155190924,75.57453192881292,0.0,828.021650287788,1708.8676587297593,0.0,516.1693404391407,161.30291888723144,1708.8676587297593,2278.490211639679,569.6225529099197,75.57453192881292,25.19151064293764,928.7876928595385,13.931815392893078,33.64910959305335,16.560433005755762,138.51731405834894,958.7756544901398,7432.829993357229,-9.094947017729282e-13,0.0,0.0,2794.6595520788205,0.0,8601.37342472168,3506.724076368819,0.0,4028.115377396477,23.79138342645326,0.0,0.0,0.0,0.0,0.0
2025-01-30 13:00:00+00:00,0,66.0,2932.027352838794,426.44856787167794,820.4665957904723,1685.1121891766427,426.44856787167794,269.00274247099765,157.4458254006803,1614.5646747832977,351.6285410530597,74.82002681861826,0.0,820.4665957904723,1685.1121891766427,0.0,511.45969607717774,159.83115502411803,1685.1121891766427,2246.8162522355233,561.7040630588808,74.82002681861826,24.94000893953942,920.2266315486299,13.80339947322945,33.26045380757587,16.409331915809446,137.02153967439617,946.9699518935494,6286.53200547057,0.0,0.0,0.0,2758.275948312701,0.0,11204.532828769305,2407.5347007382265,0.0,6312.103337463875,23.794649153405423,0.0,0.0,0.0,0.0,0.0
2025-01-30 14:00:00+00:00,0,66.0,2952.157471430476,426.9528119119652,824.7439134675087,1700.4607460510024,426.9528119119652,269.3920998590033,157.56071205296197,1614.5646747832977,353.46167720036095,73.49113471160427,0.0,824.7439134675087,1700.4607460510022,2.2737367544323206e-13,514.1260759277977,160.66439872743678,1700.4607460510022,2267.2809947346695,566.8202486836674,73.4911347116045,24.49704490386817,922.7320930829814,13.84098139624472,33.4994857298602,16.494878269350174,137.54163685345094,953.3586745638784,3905.5161459943542,2319.0794354810996,2319.0794354811,0.0,462.3276351813672,0.0,11621.335016534065,0.0,0.0,6312.103337463875,23.801298837518388,0.0,0.0,0.0,-2.2737367544323206e-13,2.2737367544323206e-13
2025-01-30 15:00:00+00:00,0,66.0,2948.262745365813,424.1993722763505,820.6943126933497,1703.3690603961124,424.19937227635046,267.4757145917057,156.7236576846448,1614.5646747832977,351.7261340114357,72.47323826491481,0.0,820.6943126933497,1703.3690603961124,0.0,511.6016494711792,159.8755154597435,1703.3690603961124,2271.1587471948164,567.7896867987041,72.47323826491481,24.157746088304936,917.3252970465695,13.759879455698542,33.447576857828125,16.413886253866995,137.02672875836112,952.4710196725073,3900.73376503832,2306.0825197169806,2306.08251971698,4.547473508864641e-13,476.6778769490154,0.0,12050.93632960256,0.0,0.0,6312.103337463875,23.80241830698151,0.0,0.0,0.0,0.0,-2.2737367544323206e-13
2025-01-30 16:00:00+00:00,0,66.0,2997.6325152554227,431.9163787788121,834.4748793322091,1731.2412571444015,431.91637877881215,271.93037855975865,159.98600021905347,1614.5646747832977,357.63209114237543,74.28428763643666,0.0,834.4748793322091,1731.241257144401,4.547473508864641e-13,520.192132570728,162.56004142835246,1731.241257144401,2308.3216761925346,577.0804190481336,74.28428763643711,24.761429212145703,933.5205961807919,14.002808942711878,34.001910158088194,16.689497586644183,139.43300571263086,968.529112088707,3966.16162734413,3317.02031325977,3317.02031325977,0.0,0.0,488.5065044965072,11512.617083789137,0.0,0.0,6312.103337463875,23.792851985864527,0.0,0.0,0.0,2.2737367544323206e-13,0.0
2025-01-30 17:00:00+00:00,0,66.0,3075.8016826800604,441.2919194050983,854.2483177092669,1780.2614455656935,441.2919194050983,277.9234055022587,163.36851390283965,1614.5646747832977,366.10642187540014,75.18549752969818,0.0,854.2483177092669,1775.7025346381001,4.558910927593388,532.5184318187638,166.41200994336367,1775.7025346381001,2367.6033795174667,591.9008448793667,79.74440845729157,26.581469485763858,960.5741956523223,14.408612934784834,34.84199170056634,17.084966354185337,142.76591717496953,993.9958124730003,563.0734187842418,4904.21584858014,4904.21584858014,0.0,0.0,2004.0940372439095,9380.019178838495,0.0,3506.724076368819,2615.691601771971,23.79106082913272,0.0,0.0,0.0,2.2737367544323206e-13,0.0
2025-01-30 18:00:00+00:00,0,66.0,3077.4564119695037,441.75776972921227,855.2040688998657,1780.4945733404247,441.7577697292123,278.56721791432045,163.19055181489185,1614.5646747832977,366.51602952851397,75.2417402006983,0.0,855.2040688998657,1775.7025346381004,4.792038702324362,533.1142247687476,166.59819524023362,1775.7025346381004,2367.603379517467,591.9008448793668,80.03377890302266,26.677926301007556,961.9157741038958,14.428736611558437,34.86110672437832,17.104081377997314,142.8733305183486,994.4442216528907,2255.791810594872,4617.133298138291,4617.13329813829,9.094947017729282e-13,0.0,1716.415693852076,7554.505778531264,0.0,1816.1088230275218,701.3448152737639,23.792497989711695,0.0,0.0,0.0,-6.821210263296962e-13,0.0
2025-01-30 19:00:00+00:00,0,66.0,3045.685683823804,437.6276184858161,846.1337114328182,1761.9243539051706,437.627618485816,275.8001550966737,161.82746338914237,1614.5646747832977,362.6287334712078,74.99888501460828,0.0,846.1337114328182,1761.9243539051706,0.0,527.4599759581205,164.83124248691263,1761.9243539051706,2349.232471873561,587.3081179683902,74.99888501460828,24.999628338202758,946.1322247856293,14.19198337178444,34.54191776770807,16.922674228656366,141.48532308701854,984.2808872486729,4029.966571072477,4163.33402509174,4163.33402509174,0.0,0.0,1286.6415772600585,6185.037211963614,0.0,0.0,701.3448152737639,23.789258317261925,0.0,0.0,0.0,1.1368683772161603e-13,0.0
2025-01-30 20:00:00+00:00,0,66.0,3031.1384403045904,435.07742601748544,842.0877722069089,1753.9732420801975,435.07742601748544,274.58620249510113,160.4912235223843,1614.5646747832977,360.8947595172468,74.18266650023861,0.0,842.0877722069089,1753.9732420801972,2.2737367544323206e-13,524.9378320250863,164.04307250783947,1753.9732420801972,2338.630989440263,584.6577473600657,74.18266650023884,24.727555500079614,940.9979942072273,14.114969913108409,34.381487864940155,16.84175544413818,140.7244332557941,979.4910218459656,4010.629462150555,6901.52839467326,6901.52839467326,0.0,0.0,4037.959573207911,1922.1833762682008,0.0,0.0,701.3448152737639,23.795077460024064,0.0,0.0,0.0,-1.1368683772161603e-12,0.0
2025-01-30 21:00:00+00:00,0,66.0,3015.393467425286,433.17031103563346,839.775162603041,1742.447993786613,433.1703110356335,273.78139638353963,159.38891465209386,1614.5646747832977,359.90364111558915,73.26666992004431,1.4748562731452893e-12,839.7751626030396,1742.4479937866133,-2.2737367544323206e-13,523.4962052590388,163.5925641434496,1742.4479937866147,2323.263991715486,580.8159979288715,73.26666992004408,24.42222330668136,937.464055829765,14.061960837446474,34.21998318992697,16.79550325206079,140.0059778633496,973.9142105217865,3989.307677947072,4669.182256014406,6614.99797636466,0.0,0.0,1822.4220590398813,0.0,0.0,0.0,701.3448152737639,23.802272282202306,0.0,0.0,0.0,-3.410605131648481e-13,0.0
2025-01-30 22:00:00+00:00,0,66.0,3021.374179872461,434.9519721765116,842.6033430674406,1743.8188646285078,434.9519721765116,274.6750200697415,160.27695210677012,1614.5646747832977,361.11571845747466,73.83625371903696,1.4748562731452893e-12,842.6033430674391,1743.8188646285078,0.0,525.2592268472358,164.1435083897612,1743.8188646285091,2325.091819504679,581.2729548761697,73.83625371903696,24.61208457301232,941.0516813594884,14.115775220392326,34.2902555076339,16.85206686134878,140.42627268942397,975.7129181177422,3997.087097990203,2850.3510463519146,5528.11770962516,0.0,0.0,0.0,0.0,0.0,0.0,701.3448152737639,23.79998016959448,0.0,0.0,0.0,-2.2737367544323206e-13,0.0
2025-01-30 23:00:00+00:00,0,66.0,3013.492745343617,433.74786993627436,840.99735989078,1738.747515516561,433.74786993627436,273.7335403763372,160.01432955993715,1614.5646747832977,360.4274399531915,73.32042998308287,1.4748562731452893e-12,840.9973598907785,1738.747515516561,0.0,524.2580944773695,163.83065452417796,1738.7475155165623,2318.3300206887498,579.5825051721874,73.32042998308287,24.44014332769429,938.7579332015557,14.081368998023335,34.207422352981226,16.81994719781557,140.0299979437146,972.9920395165946,3986.4847848602117,2842.588115166119,2948.83793503903,0.0,0.0,0.0,0.0,0.0,0.0,701.3448152737639,23.799435772316944,0.0,0.0,0.0,0.0,0.0
2025-03-23 00:00:00+00:00,1,1.0,3047.0827957348697,440.4090191736322,853.9688632691328,1752.704913292104,440.40901917363226,276.9719547982027,163.43706437542951,1614.5646747832977,0.0,440.4090191736322,0.0,853.9688632691328,0.0,1752.704913292104,0.0,0.0,0.0,0.0,0.0,2193.113932465736,731.0379774885787,3778.1207732234475,56.67181159835171,17.079377265382657,17.079377265382657,141.83460319343595,963.7031468111315,4010.785942546001,0.0,0.0,0.0,0.0,0.0,21197.32521733802,0.0,0.0,701.3448152737639,23.794268296656668,0.0,0.0,0.0,-2.2737367544323206e-13,0.0
2025-03-23 01:00:00+00:00,1,1.0,3689.539622469024,531.8351370177444,1031.2898374070235,2126.4146480442555,531.8351370177444,335.0853149404871,196.74982207725733,1614.5646747832977,0.0,531.8351370177444,0.0,1031.2898374070235,0.0,2126.4146480442555,0.0,0.0,0.0,0.0,0.0,2658.249785062,886.0832616873332,4575.622884156356,68.63434326234534,20.62579674814047,20.62579674814047,171.54508646982723,1167.514284915787,4857.053907384811,0.0,0.0,0.0,0.0,0.0,21154.93056690335,0.0,0.0,701.3448152737639,23.755998417625985,0.0,0.0,0.0,4.547473508864641e-13,0.0
2025-03-23 02:00:00+00:00,1,1.0,4766.883972927061,688.0995788179387,1333.5579528239311,2745.2264412851955,688.0995788179387,433.4341815793717,254.66539723856692,1614.5646747832977,0.0,688.0995788179387,0.0,1333.5579528239311,0.0,2745.2264412851955,0.0,0.0,0.0,0.0,0.0,3433.3260201031344,1144.4420067010449,5911.325979628111,88.66988969442166,26.671159056478622,26.671159056478622,221.78857415118574,1508.2427886596097,6275.12676158667,0.0,0.0,0.0,0.0,0.0,21112.620705769543,0.0,0.0,701.3448152737639,23.681475372454653,0.0,0.0,0.0,-9.094947017729282e-13,0.0
2025-03-23 03:00:00+00:00,1,1.0,5065.620620082867,729.6606399442463,1415.5810813774963,2920.378898761123,729.6606399442463,459.81389339639594,269.8467465478504,1614.5646747832977,0.0,729.6606399442463,0.0,1415.5810813774963,0.0,2920.378898761123,0.0,0.0,0.0,0.0,0.0,3650.039538705369,1216.679846235123,6282.300466317988,94.23450699476982,28.311621627549926,28.311621627549926,235.43479249282944,1602.9723889778222,6668.59300906069,0.0,0.0,0.0,0.0,0.0,21070.395464358007,0.0,0.0,701.3448152737639,23.667495459768713,0.0,0.0,0.0,2.2737367544323206e-13,0.0
2025-03-23 04:00:00+00:00,1,1.0,4612.233252327111,664.6027675684468,1290.215802116576,2657.414682642089,664.6027675684468,418.72119175879936,245.88157580964742,1614.5646747832977,0.0,664.6027675684468,0.0,1290.215802116576,0.0,2657.414682642089,0.0,0.0,0.0,0.0,0.0,3322.0174502105356,1107.3391500701784,5719.57240239729,85.79358603595935,25.80431604233152,25.80431604233152,214.37253286250694,1459.1139010533077,6071.347153380418,0.0,0.0,0.0,0.0,0.0,21028.254673429292,0.0,0.0,701.3448152737639,23.69675561999068,0.0,0.0,0.0,-6.821210263296962e-13,0.0
2025-03-23 05:00:00+00:00,1,1.0,4918.4003314097545,708.1964387043708,1374.513145422169,2835.6907472832136,708.1964387043708,446.43415486901904,261.7622838353518,1614.5646747832977,0.0,708.1964387043708,0.0,1374.513145422169,0.0,2835.6907472832136,0.0,0.0,0.0,0.0,0.0,3543.8871859875844,1181.295728662528,6099.696060072281,91.49544090108422,27.49026290844338,27.49026290844338,228.54178900748997,1556.313484387989,6474.713815797744,0.0,0.0,0.0,0.0,0.0,20986.198164082434,0.0,0.0,701.3448152737639,23.678818850201665,0.0,0.0,0.0,6.821210263296962e-13,0.0
2025-03-23 06:00:00+00:00,1,1.0,4640.041575661417,668.64345031054,1297.93099223059,2673.467133120285,668.64345031054,421.303564888662,247.33988542187794,1614.5646747832977,0.0,668.64345031054,0.0,1297.93099223059,0.0,2673.467133120285,0.0,0.0,0.0,0.0,0.0,3342.1105834308246,1114.0368611436081,5754.078436805023,86.31117655207534,25.9586198446118,25.9586198446118,215.67327759423682,1467.9385549791439,6107.980130640559,0.0,0.0,0.0,0.0,0.0,20944.22576775427,0.0,0.0,701.3448152737639,23.69449429443264,0.0,0.0,0.0,-1.5916157281026244e-12,0.0
2025-03-23 07:00:00+00:00,1,1.0,4423.780537253034,638.4303203929938,1237.8342550970096,2547.515961763033,638.430320392994,402.094266904048,236.33605348894588,1614.5646747832977,0.0,638.4303203929938,0.0,1237.8342550970096,0.0,2547.515961763033,0.0,0.0,0.0,0.0,0.0,3185.946282156027,1061.982094052009,5485.762631305046,82.28643946957568,24.756685101940192,24.756685101940192,205.789824704686,1399.5717284301509,5823.352265683183,0.0,0.0,0.0,0.0,0.0,20902.337316218764,0.0,0.0,701.3448152737639,23.70487560871401,0.0,0.0,0.0,-1.8189894035458565e-12,0.0
2025-03-23 08:00:00+00:00,1,1.0,2525.460535255602,364.2687823769268,705.690600127163,1455.5011527515123,364.2687823769268,229.17199627626644,135.09678610066038,1614.5646747832977,0.0,364.2687823769268,0.0,705.690600127163,0.0,1455.5011527515123,0.0,0.0,0.0,0.0,0.0,1819.769935128439,606.5899783761464,3132.050513631749,46.98075770447623,14.11381200254326,14.11381200254326,117.46885205312809,799.2672121388372,3324.7277473944396,0.0,0.0,0.0,0.0,0.0,20860.532641586327,0.0,0.0,701.3448152737639,23.82720802716505,0.0,0.0,0.0,5.684341886080801e-13,0.0
2025-03-23 09:00:00+00:00,1,1.0,4083.5344389885936,588.1923884959497,1138.306154972224,2357.0358955204183,588.1923884959497,370.77257473650843,217.41981375944127,1614.5646747832977,0.0,588.1923884959497,0.0,1138.306154972224,0.0,2357.0358955204183,0.0,0.0,0.0,0.0,0.0,2945.228284016368,981.7427613387894,5065.277200327381,75.97915800491072,22.76612309944448,22.76612309944448,189.86591073919377,1293.120076281783,5376.654515270377,0.0,0.0,0.0,0.0,0.0,20818.811576303156,0.0,0.0,701.3448152737639,23.726618499762047,0.0,0.0,0.0,0.0,0.0
2025-03-23 10:00:00+00:00,1,1.0,2599.533019262855,376.33634086612454,725.3485353221649,1497.8481430745667,376.3363408661245,236.6560262361617,139.68031462996282,1614.5646747832977,0.0,376.33634086612454,0.0,725.3485353221649,0.0,1497.8481430745667,0.0,0.0,0.0,0.0,0.0,1874.1844839406913,624.7281613135638,3224.26118057642,48.3639177086463,14.5069707064433,14.5069707064433,121.20364992228245,823.3096703573792,3422.842689620233,0.0,0.0,0.0,0.0,0.0,20777.173953150552,0.0,0.0,701.3448152737639,23.813437129984052,0.0,0.0,0.0,-9.094947017729282e-13,0.0
2025-03-23 11:00:00+00:00,1,1.0,2678.3055703265177,387.36992400314125,749.1192861634296,1541.816360159947,387.36992400314125,243.8381764843584,143.53174751878288,1614.5646747832977,0.0,387.36992400314125,0.0,749.1192861634296,0.0,1541.816360159947,0.0,0.0,0.0,0.0,0.0,1929.1862841630882,643.0620947210294,3321.3676650475472,49.82051497571321,14.982385723268592,14.982385723268592,124.75917388131072,847.6065550245906,3525.912125351108,0.0,0.0,0.0,0.0,0.0,20735.619605244254,0.0,0.0,701.3448152737639,23.81665345104154,0.0,0.0,0.0,-3.410605131648481e-13,0.0
2025-03-23 12:00:00+00:00,1,1.0,3707.387082912041,533.5979741480674,1033.8573622196036,2139.9317465443687,533.5979741480674,336.73362466023593,196.86434948783145,1614.5646747832977,0.0,533.5979741480674,0.0,1033.8573622196036,0.0,2139.9317465443687,0.0,0.0,0.0,0.0,0.0,2673.529720692436,891.1765735641453,4598.563656476184,68.97845484714276,20.67714724439207,20.67714724439207,172.2872634510968,1173.796586351169,4881.1836692632105,0.0,0.0,0.0,0.0,0.0,20694.14836603377,0.0,0.0,701.3448152737639,23.7546848090283,0.0,0.0,0.0,4.547473508864641e-13,0.0
2025-03-23 13:00:00+00:00,1,1.0,4774.338456629509,687.4628389533437,1332.6525332412025,2754.2230844349597,687.4628389533437,433.8863860268736,253.57645292647015,1614.5646747832977,0.0,687.4628389533437,0.0,1332.6525332412025,0.0,2754.2230844349597,0.0,0.0,0.0,0.0,0.0,3441.6859233883033,1147.2286411294344,5921.56709775894,88.82350646638409,26.65305066482405,26.65305066482405,221.8932224110422,1511.251471336509,9792.314004334836,0.0,0.0,0.0,0.0,0.0,20652.760069301705,3506.724076368819,0.0,4028.115377396477,23.68584293951974,0.0,0.0,0.0,-1.3642420526593924e-12,0.0
2025-03-23 14:00:00+00:00,1,1.0,2979.168721184503,430.0171470286151,836.2914924331752,1712.8600817227143,430.0171470286151,270.80255162922543,159.2145953993897,1614.5646747832977,0.0,430.0171470286151,0.0,836.2914924331752,0.0,1712.8600817227143,0.0,0.0,0.0,0.0,0.0,2142.8772287513293,714.2924095837765,3693.4611307682812,55.401916961524215,16.725829848663505,16.725829848663505,138.52542399367195,941.6714102362996,6328.374832159029,0.0,0.0,0.0,0.0,0.0,20611.454549163107,2407.5347007382265,0.0,6312.103337463875,23.801205442593897,0.0,0.0,0.0,4.547473508864641e-13,0.0
2025-03-23 15:00:00+00:00,1,1.0,2661.2908495157944,383.3460743141702,749.3999134805745,1528.5448617210473,383.3460743141702,241.80409194212456,141.54198237204565,1614.5646747832977,0.0,383.3460743141702,0.0,749.3999134805745,0.0,1528.5448617210473,0.0,0.0,0.0,0.0,0.0,1911.8909360352175,637.2969786784058,3298.5878281941978,49.47881742291297,14.98799826961149,14.98799826961149,123.53397307199744,840.2857657125392,3501.576615228334,0.0,0.0,0.0,0.0,0.0,20570.23164006478,0.0,0.0,6312.103337463875,23.834795019417353,0.0,0.0,0.0,4.547473508864641e-13,0.0
2025-03-23 16:00:00+00:00,1,1.0,2571.9426533617698,370.1581959654002,722.7543960255541,1479.0300613708137,370.1581959654002,233.578029047036,136.58016691836414,1614.5646747832977,0.0,370.1581959654002,0.0,722.7543960255541,0.0,1479.0300613708137,0.0,0.0,0.0,0.0,0.0,1849.1882573362138,616.396085778738,3188.338739140506,47.825081087107584,14.455087920511083,14.455087920511083,119.36760608372936,812.4989487905972,3384.441602152367,0.0,0.0,0.0,0.0,0.0,20529.091176784656,0.0,0.0,6312.103337463875,23.83987598653527,0.0,0.0,0.0,1.1368683772161603e-13,0.0
2025-03-23 17:00:00+00:00,1,1.0,2694.2734470521896,387.69735841376496,757.3092511093298,1549.2668375290955,387.69735841376496,244.8786610081081,142.81869740565688,1614.5646747832977,0.0,387.69735841376496,0.0,757.3092511093298,0.0,1549.2668375290955,0.0,0.0,0.0,0.0,0.0,1936.9641959428604,645.6547319809534,3339.9281790331434,50.09892268549715,15.146185022186597,15.146185022186597,125.02969965099965,851.0757243618235,3545.3491714140137,0.0,0.0,0.0,0.0,0.0,20488.032994431087,0.0,0.0,6312.103337463875,23.836055335165902,0.0,0.0,0.0,5.684341886080801e-13,0.0
2025-03-23 18:00:00+00:00,1,1.0,4148.013061258572,595.9067863191543,1158.81840013886,2393.2878748005587,595.9067863191543,376.7953813631419,219.11140495601236,1614.5646747832977,0.0,595.9067863191543,0.0,1158.81840013886,0.0,2393.2878748005587,0.0,0.0,0.0,0.0,0.0,2989.194661119713,996.3982203732377,5144.41128163181,77.16616922447714,23.1763680027772,23.1763680027772,192.50174003656264,1312.418865639832,3644.3231038708823,0.0,0.0,0.0,0.0,0.0,20447.05692844223,0.0,1816.1088230275213,4397.756550965668,23.743674763193273,0.0,0.0,0.0,0.0,0.0
2025-03-23 19:00:00+00:00,1,1.0,4286.388019597032,614.3438283820254,1195.4827199664987,2476.561471248507,614.3438283820254,388.66384939786946,225.679978984156,1614.5646747832977,0.0,614.3438283820254,0.0,1195.4827199664987,759.151816563709,1717.4096546847982,0.0,0.0,759.151816563709,1012.2024220849453,253.05060552123632,2331.7534830668237,777.2511610222746,4304.487364055597,64.56731046083395,31.501172564967067,23.909654399329977,198.70438948172318,1348.9842934503652,2128.648236678577,0.0,0.0,0.0,1012.2024220849453,0.0,21367.755115566048,0.0,3506.724076368819,701.3448152737639,23.736078357536,0.0,0.0,0.0,-1.1368683772161603e-12,0.0
2025-03-23 20:00:00+00:00,1,1.0,3276.2455494626297,469.7601684727274,914.8669749925131,1891.6184059973868,469.76016847272746,297.3015956175234,172.45857285520407,1614.5646747832977,0.0,469.7601684727274,0.0,914.8669749925131,33.73856070878537,1857.8798452886015,0.0,0.0,33.73856070878537,44.98474761171383,11.246186902928457,2327.640013761329,775.8800045871097,4018.386993340952,60.275804900114274,18.634725106938117,18.297339499850263,151.88456677135324,1036.2186277682943,4312.464177230923,0.0,0.0,0.0,44.98474761171383,0.0,21367.755115566048,0.0,0.0,701.3448152737639,23.801648426241478,0.0,0.0,0.0,-6.821210263296962e-13,0.0
2025-03-23 21:00:00+00:00,1,1.0,3539.052929292931,508.13087952510546,987.9760672554024,2042.9459825124245,508.13087952510546,321.5884416053028,186.54243791980264,1614.5646747832977,0.0,508.13087952510546,0.0,987.9760672554024,0.0,2042.9459825124245,0.0,0.0,0.0,0.0,0.0,2551.07686203753,850.35895401251,4389.411883305443,65.84117824958163,19.75952134510805,19.75952134510805,164.20727405512088,1119.9264490074286,4658.979378300359,0.0,0.0,0.0,0.0,0.0,21325.019605334917,0.0,0.0,701.3448152737639,23.78287647364912,0.0,0.0,0.0,-6.821210263296962e-13,0.0
2025-03-23 22:00:00+00:00,1,1.0,4426.837872567179,636.739557669646,1236.9945416791413,2553.1037732183913,636.739557669646,402.9883767023706,233.75118096727545,1614.5646747832977,0.0,636.739557669646,0.0,1236.9945416791413,0.0,2553.1037732183913,0.0,0.0,0.0,0.0,0.0,3189.8433308880376,1063.2811102960125,5490.118982863191,82.35178474294787,24.739890833582827,24.739890833582827,205.58485814014816,1400.697534846274,5827.535407413452,0.0,0.0,0.0,0.0,0.0,21282.36956612425,0.0,0.0,701.3448152737639,23.724568454430084,0.0,0.0,0.0,-1.1368683772161603e-12,0.0
2025-03-23 23:00:00+00:00,1,1.0,4604.1904827817725,662.2772732649986,1285.527040509778,2656.386169006997,662.2772732649986,419.18420863463825,243.09306463036037,1614.5646747832977,0.0,662.2772732649986,0.0,1285.527040509778,0.0,2656.386169006997,0.0,0.0,0.0,0.0,0.0,3318.663442271996,1106.2211474239987,5710.411630205773,85.65617445308659,25.710540810195564,25.710540810195564,213.8538910648253,1457.152294562302,6061.342777344073,0.0,0.0,0.0,0.0,0.0,21239.804826992004,0.0,0.0,701.3448152737639,23.709603975547633,0.0,0.0,0.0,-1.8189894035458565e-12,0.0
2025-04-16 00:00:00+00:00,2,52.0,3239.1537593227,469.497399392272,909.1996652141385,1860.4566947162878,469.497399392272,295.4279156549359,174.0694837373361,1614.5646747832977,0.0,469.497399392272,0.0,909.1996652141385,0.0,1860.4566947162878,0.0,0.0,0.0,0.0,0.0,2329.9540941085597,776.6513647028532,4015.8051240255513,60.23707686038327,18.18399330428277,18.18399330428277,150.98746154816303,1024.2438897199652,4263.397649042665,0.0,0.0,0.0,0.0,0.0,21154.93056690335,0.0,0.0,4028.115377396477,23.773912179082323,0.0,0.0,0.0,-2.2737367544323206e-13,0.0
2025-04-16 01:00:00+00:00,2,52.0,3205.933997984104,465.94110832843234,900.3557669838785,1839.6371226717913,465.9411083284324,292.6307575376805,173.31035079075187,1614.5646747832977,0.0,465.94110832843234,0.0,900.3557669838785,0.0,1839.6371226717913,0.0,0.0,0.0,0.0,0.0,2305.5782310002237,768.5260770000746,3974.4600749841766,59.61690112476265,18.007115339677572,18.007115339677572,149.66152633007465,1013.8187351342672,6627.287433856596,0.0,0.0,0.0,0.0,0.0,21112.620705769543,2407.5347007382265,0.0,6312.103337463875,23.768062208597193,0.0,0.0,0.0,-1.3642420526593924e-12,0.0
2025-04-16 02:00:00+00:00,2,52.0,3103.7730949721554,449.6184194743041,870.6387860024198,1783.5158894954318,449.6184194743041,283.07762372420484,166.5407957500993,1614.5646747832977,0.0,449.6184194743041,0.0,870.6387860024198,0.0,1783.5158894954318,0.0,0.0,0.0,0.0,0.0,2233.1343089697357,744.3781029899119,3848.1511979620673,57.72226796943101,17.412775720048398,17.412775720048398,144.64343089697076,981.5693532964106,4085.342448268566,0.0,0.0,0.0,0.0,0.0,21070.395464358007,0.0,0.0,6312.103337463875,23.783689472429096,0.0,0.0,0.0,0.0,0.0
2025-04-16 03:00:00+00:00,2,52.0,3024.2111732183216,437.5385003543363,848.7733716960576,1737.8993011679302,437.53850035433635,275.64892449432557,161.88957586001078,1614.5646747832977,0.0,437.5385003543363,0.0,848.7733716960576,0.0,1737.8993011679302,0.0,0.0,0.0,0.0,0.0,2175.4378015222665,725.1459338407554,3749.357107059079,56.240356605886184,16.97546743392115,16.97546743392115,140.8185053174323,956.1557306319162,3980.366903850237,0.0,0.0,0.0,0.0,0.0,21028.254673429292,0.0,0.0,6312.103337463875,23.793895826722668,0.0,0.0,0.0,-6.821210263296962e-13,0.0
2025-04-16 04:00:00+00:00,2,52.0,2954.7414648134127,427.03869111663244,828.9340426072314,1698.7687310895476,427.03869111663244,269.28207377935354,157.75661733727893,1614.5646747832977,0.0,427.03869111663244,0.0,828.9340426072314,0.0,1698.7687310895476,0.0,0.0,0.0,0.0,0.0,2125.80742220618,708.6024740687267,3663.343938882138,54.950159083232066,16.57868085214463,16.57868085214463,137.50887055308522,934.2188654093333,3888.960330222746,0.0,0.0,0.0,0.0,0.0,20986.198164082434,0.0,0.0,6312.103337463875,23.802208217975622,0.0,0.0,0.0,1.1368683772161603e-13,0.0
2025-04-16 05:00:00+00:00,2,52.0,2962.1748147568196,428.77996632320315,829.9334856167536,1703.4613628168631,428.7799663232031,270.12857478321223,158.6513915399909,1614.5646747832977,0.0,428.77996632320315,0.0,829.9334856167536,0.0,1703.4613628168631,0.0,0.0,0.0,0.0,0.0,2132.2413291400662,710.7471097133554,3672.9219244701753,55.09382886705263,16.598669712335074,16.598669712335074,138.0107030956272,937.0489811007053,3899.2237958575247,0.0,0.0,0.0,0.0,0.0,20944.225767754273,0.0,0.0,6312.103337463875,23.796410298184348,0.0,0.0,0.0,-2.2737367544323206e-13,0.0
2025-04-16 06:00:00+00:00,2,52.0,2982.5662695347764,431.8122011974821,836.3851215029538,1714.3689468343416,431.8122011974822,272.05725650006235,159.7549446974198,1614.5646747832977,0.0,431.8122011974821,0.0,836.3851215029538,0.0,1714.3689468343416,0.0,0.0,0.0,0.0,0.0,2146.181148031824,715.3937160106079,3697.9599855453853,55.469399783180776,16.727702430059075,16.727702430059075,138.95739691959005,943.2759175734968,419.1181107394541,0.0,0.0,0.0,0.0,0.0,20902.337316218767,0.0,3506.724076368819,2615.691601771971,23.799043102728437,0.0,0.0,0.0,0.0,0.0
2025-04-16 07:00:00+00:00,2,52.0,3122.616889788706,451.49307387405776,877.82199634033,1793.301819574319,451.4930738740577,284.6972788684713,166.79579500558643,1614.5646747832977,0.0,451.49307387405776,0.0,877.82199634033,0.0,1793.301819574319,0.0,0.0,0.0,0.0,0.0,2244.794893448377,748.2649644827924,3870.8818542714994,58.06322781407249,17.5564399268066,17.5564399268066,145.31254563549467,986.7536177859727,2293.261684547157,0.0,0.0,0.0,0.0,0.0,20860.53264158633,0.0,1816.1088230275218,701.3448152737639,23.801242760173242,0.0,0.0,0.0,-2.2737367544323206e-13,0.0
2025-04-16 08:00:00+00:00,2,52.0,3162.8174339193406,457.49416583969213,890.1649426086726,1815.1583254709765,457.4941658396921,288.3732633392289,169.1209025004632,1614.5646747832977,0.0,457.49416583969213,0.0,890.1649426086726,0.0,1815.1583254709765,0.0,0.0,0.0,0.0,0.0,2272.6524913106687,757.5508304368896,3920.3682643562306,58.805523965343454,17.80329885217345,17.80329885217345,147.18934375619148,999.1522958627716,4161.969729782113,0.0,0.0,0.0,0.0,0.0,20818.81157630316,0.0,0.0,701.3448152737639,23.79820258690889,0.0,0.0,0.0,9.094947017729282e-13,0.0
2025-04-16 09:00:00+00:00,2,52.0,3192.3010943847667,461.18030909282066,892.5101005391051,1838.6106847528413,461.18030909282066,290.6347324090127,170.54557668380795,1614.5646747832977,0.0,461.18030909282066,0.0,892.5101005391051,0.0,1838.6106847528413,0.0,0.0,0.0,0.0,0.0,2299.790993845662,766.596997948554,3958.898092333321,59.383471384999815,17.850202010782102,17.850202010782102,148.6135937200628,1010.2944670751808,4202.595561459947,0.0,0.0,0.0,0.0,0.0,20777.173953150555,0.0,0.0,701.3448152737639,23.78542654017038,0.0,0.0,0.0,-4.547473508864641e-13,0.0
2025-04-16 10:00:00+00:00,2,52.0,3113.8284834599995,447.93871954542925,868.6595485120952,1797.2302154024753,447.9387195454293,282.6600651191455,165.2786544262838,1614.5646747832977,0.0,447.93871954542925,0.0,868.6595485120952,0.0,1797.2302154024753,0.0,0.0,0.0,0.0,0.0,2245.1689349479047,748.3896449826349,3862.2181284426347,57.93327192663952,17.373190970241904,17.373190970241904,144.65217100207997,985.7214698518383,4099.549953311838,0.0,0.0,0.0,0.0,0.0,20735.619605244254,0.0,0.0,701.3448152737639,23.795013252069033,0.0,0.0,0.0,4.547473508864641e-13,0.0
2025-04-16 11:00:00+00:00,2,52.0,3059.565289610999,439.0959772458594,852.6769916020115,1767.7923207631293,439.09597724585933,277.4661171566362,161.62986008922317,1614.5646747832977,0.0,439.0959772458594,0.0,852.6769916020115,0.0,1767.7923207631293,0.0,0.0,0.0,0.0,0.0,2206.888298008989,735.629432669663,3795.1947222806634,56.92792083420995,17.05353983204023,17.05353983204023,141.9589525388258,968.6233857067791,6435.723376056005,0.0,0.0,0.0,0.0,0.0,20694.14836603377,2407.5347007382265,0.0,2985.3327753411613,23.8026913335386,0.0,0.0,0.0,0.0,0.0
2025-04-16 12:00:00+00:00,2,52.0,3268.7853368005876,471.9157252016094,912.8341904159873,1884.03542118299,471.91572520160946,296.77213468778433,175.1435905138251,1614.5646747832977,0.0,471.9157252016094,0.0,912.8341904159873,0.0,1884.03542118299,0.0,0.0,0.0,0.0,0.0,2355.9511463845993,785.3170487948664,4054.102385595453,60.811535783931795,18.256683808319746,18.256683808319746,152.1393628007545,1034.7813149961921,7810.290728165597,0.0,0.0,0.0,0.0,0.0,20652.760069301705,3506.724076368819,0.0,6312.103337463875,23.771655513516173,0.0,0.0,0.0,-1.3642420526593924e-12,0.0
2025-04-16 13:00:00+00:00,2,52.0,3229.829248924678,465.94924213812675,901.5642689548815,1862.3157378316669,465.94924213812675,293.2397967218292,172.70944541629757,1614.5646747832977,0.0,465.94924213812675,0.0,901.5642689548815,0.0,1862.3157378316669,0.0,0.0,0.0,0.0,0.0,2328.264979969794,776.0883266565979,4005.917575581273,60.08876363371909,18.031285379097632,18.031285379097632,150.27328252115544,1022.5129435696678,4252.342192494345,0.0,0.0,0.0,0.0,0.0,20611.454549163103,0.0,0.0,6312.103337463875,23.77763963589319,0.0,0.0,0.0,-5.684341886080801e-13,0.0
2025-04-16 14:00:00+00:00,2,52.0,3166.463171222306,456.20104273127293,881.9638345082811,1828.2982939827514,456.2010427312729,287.74529838760714,168.45574434366577,1614.5646747832977,0.0,456.20104273127293,0.0,881.9638345082811,0.0,1828.2982939827514,0.0,0.0,0.0,0.0,0.0,2284.499336714024,761.4997789046747,3927.96295012698,58.9194442519047,17.639276690165623,17.639276690165623,147.26529470857668,1002.9630712454873,4169.426242467794,0.0,0.0,0.0,0.0,0.0,20570.23164006478,0.0,0.0,6312.103337463875,23.786260901053275,0.0,0.0,0.0,4.547473508864641e-13,0.0
2025-04-16 15:00:00+00:00,2,52.0,3130.6983092546166,450.89705605894903,870.9312393713274,1808.8700138243378,450.89705605894903,284.16495050099985,166.73210555794915,1614.5646747832977,0.0,450.89705605894903,0.0,870.9312393713274,0.0,1808.8700138243378,0.0,0.0,0.0,0.0,0.0,2259.7670698832867,753.2556899610955,3883.9539992157097,58.25930998823564,17.41862478742655,17.41862478742655,145.6014237334937,991.9536732576779,4122.651982512293,0.0,0.0,0.0,0.0,0.0,20529.091176784652,0.0,0.0,6312.103337463875,23.784728462346802,0.0,0.0,0.0,-1.2505552149377763e-12,0.0
2025-04-16 16:00:00+00:00,2,52.0,3146.8534829328705,453.10811861094487,875.37424180427,1818.3711225176546,453.1081186109448,285.4820630841991,167.6260555267457,1614.5646747832977,0.0,453.10811861094487,0.0,875.37424180427,0.0,1818.3711225176546,0.0,0.0,0.0,0.0,0.0,2271.4792411285994,757.1597470428665,3904.013229975736,58.56019844963604,17.5074848360854,17.5074848360854,146.33216496358224,997.0670801282555,4143.920563061126,0.0,0.0,0.0,0.0,0.0,20488.032994431083,0.0,0.0,6312.103337463875,23.78468405259462,0.0,0.0,0.0,-1.1368683772161603e-13,0.0
2025-04-16 17:00:00+00:00,2,52.0,3115.8346999118326,447.6013327930086,866.9899648801112,1801.2434022387135,447.6013327930086,282.3887998524694,165.21253294053923,1614.5646747832977,0.0,447.6013327930086,0.0,866.9899648801112,0.0,1801.2434022387135,0.0,0.0,0.0,0.0,0.0,2248.844735031722,749.6149116772407,3865.449611589074,57.981744173836105,17.339799297602223,17.339799297602223,144.68730058722332,986.9635550335045,4102.798254945336,0.0,0.0,0.0,0.0,0.0,20447.056928442224,0.0,0.0,6312.103337463875,23.792852323890607,0.0,0.0,0.0,-6.821210263296962e-13,0.0
2025-04-16 18:00:00+00:00,2,52.0,3107.6242572658634,446.7163402441481,863.9675473135514,1796.940369708164,446.7163402441481,281.9884703248785,164.7278699192696,1614.5646747832977,0.0,446.7163402441481,0.0,863.9675473135514,759.1518165637144,1037.7885531444497,0.0,0.0,759.1518165637144,1012.2024220849526,253.05060552123814,1484.5048933885978,494.8349644628659,2843.307405165015,42.64961107747523,24.870869111908174,17.27935094627103,144.3831758919749,977.0685770117334,577.9687579087772,0.0,0.0,0.0,1012.2024220849526,0.0,21367.755115566048,0.0,3506.724076368819,2615.691601771971,23.79278335380416,0.0,0.0,0.0,-4.547473508864641e-13,0.0
2025-04-16 19:00:00+00:00,2,52.0,3156.1381682879146,454.7998434880897,879.6653641222631,1821.6729606775623,454.7998434880897,286.9276622290863,167.8721812590034,1614.5646747832977,0.0,454.7998434880897,0.0,879.6653641222631,33.73856070878537,1787.934399968777,0.0,0.0,33.73856070878537,44.98474761171383,11.246186902928457,2242.734243456867,747.578081152289,3869.977688731419,58.04966533097129,17.930692889533116,17.593307282445263,146.78638367963097,999.184317237798,2339.2136624981895,0.0,0.0,0.0,44.98474761171383,0.0,21367.755115566048,0.0,1816.1088230275218,701.3448152737639,23.788051792835365,0.0,0.0,0.0,-1.3642420526593924e-12,0.0
2025-04-16 20:00:00+00:00,2,52.0,3134.47372620738,451.02273401610387,872.2062825878767,1811.2447096033975,451.02273401610387,284.84635505800884,166.17637895809503,1614.5646747832977,0.0,451.02273401610387,0.0,872.2062825878767,0.0,1811.2447096033975,0.0,0.0,0.0,0.0,0.0,2262.267443619501,754.089147873167,3888.5628740805446,58.328443111208166,17.444125651757535,17.444125651757535,145.69308834698347,992.9989306348737,4127.472656842253,0.0,0.0,0.0,0.0,0.0,21325.019605334917,0.0,0.0,701.3448152737639,23.790330658942953,0.0,0.0,0.0,-6.821210263296962e-13,0.0
2025-04-16 21:00:00+00:00,2,52.0,3219.440747141053,462.5872159933639,897.1023762895567,1859.751154858132,462.5872159933639,292.38450770697307,170.20270828639082,1614.5646747832977,0.0,462.5872159933639,0.0,897.1023762895567,0.0,1859.751154858132,0.0,0.0,0.0,0.0,0.0,2322.3383708514957,774.1127902838319,3993.5535374248843,59.903303061373265,17.942047525791136,17.942047525791136,149.48452233661286,1019.3847107334004,4238.825457874454,0.0,0.0,0.0,0.0,0.0,21282.36956612425,0.0,0.0,701.3448152737639,23.792813518346236,0.0,0.0,0.0,0.0,0.0
2025-04-16 22:00:00+00:00,2,52.0,3205.571780563216,462.2182924533419,893.7744421347635,1849.579045975111,462.218292453342,291.5492875561969,170.66900489714507,1614.5646747832977,0.0,462.2182924533419,0.0,893.7744421347635,0.0,1849.579045975111,0.0,0.0,0.0,0.0,0.0,2311.797338428453,770.5991128094843,3976.1708933727004,59.642563400590504,17.87548884269527,17.87548884269527,149.1307295906902,1015.1233834861555,4220.695164049371,0.0,0.0,0.0,0.0,0.0,21239.804826992004,0.0,0.0,701.3448152737639,23.783161873815125,0.0,0.0,0.0,-9.094947017729282e-13,0.0
2025-04-16 23:00:00+00:00,2,52.0,3116.379732225525,449.6355669978402,867.8530490688036,1798.8911161588821,449.6355669978402,283.4714819832609,166.1640850145793,1614.5646747832977,0.0,449.6355669978402,0.0,867.8530490688036,0.0,1798.8911161588821,0.0,0.0,0.0,0.0,0.0,2248.5266831567224,749.5088943855741,3865.8886266111,57.988329399166496,17.357060981376073,17.357060981376073,145.06255826136862,987.2739040088613,7610.3777126032055,0.0,0.0,0.0,0.0,0.0,21197.32521733802,3506.724076368819,0.0,4028.115377396477,23.78359194069896,0.0,0.0,0.0,0.0,0.0
2025-05-10 00:00:00+00:00,3,36.0,2845.180114523788,406.8475427079375,789.0696172802396,1649.2629545356085,406.8475427079376,258.76498139936143,148.08256130857612,1614.5646747832977,0.0,406.8475427079375,0.0,789.0696172802396,0.0,1649.2629545356085,0.0,0.0,0.0,0.0,0.0,2056.110497243546,685.3701657478487,3530.550280271634,52.958254204074514,15.781392345604793,15.781392345604793,131.8502056593992,901.7414103025319,3746.9215248263185,0.0,0.0,0.0,0.0,0.0,21154.930566903346,0.0,0.0,701.3448152737639,23.84600506040806,0.0,0.0,0.0,-1.1368683772161603e-12,0.0
2025-05-10 01:00:00+00:00,3,36.0,2851.6844749140664,408.1682126404299,791.265400605619,1652.2508616680195,408.1682126404299,259.6466825150529,148.521530125377,1614.5646747832977,0.0,408.1682126404299,0.0,791.265400605619,0.0,1652.2508616680195,0.0,0.0,0.0,0.0,0.0,2060.4190743084496,686.8063581028165,3538.490833016885,53.077362495253276,15.82530801211238,15.82530801211238,132.21509896082114,903.7494355831157,3755.4339104971823,0.0,0.0,0.0,0.0,0.0,21112.62070576954,0.0,0.0,701.3448152737639,23.844437739646555,0.0,0.0,0.0,2.2737367544323206e-13,0.0
2025-05-10 02:00:00+00:00,3,36.0,2805.0132069112033,402.07248821791006,777.0580936939467,1625.882624999344,402.07248821791006,255.9019567480788,146.1705314698313,1614.5646747832977,0.0,402.07248821791006,0.0,777.0580936939467,0.0,1625.882624999344,0.0,0.0,0.0,0.0,0.0,2027.9551132172542,675.9850377390848,3480.998244650286,52.214973669754286,15.541161873878934,15.541161873878934,130.19725783622644,889.4795929928233,6102.027500642253,0.0,0.0,0.0,0.0,0.0,21070.395464358007,2407.5347007382265,0.0,2985.3327753411613,23.844356978991506,0.0,0.0,0.0,-4.547473508864641e-13,0.0
2025-05-10 03:00:00+00:00,3,36.0,2798.3027511067385,401.15727457716866,775.7402960644807,1621.4051804650874,401.15727457716866,254.86815445229885,146.28912012486978,1614.5646747832977,0.0,401.15727457716866,0.0,775.7402960644807,0.0,1621.4051804650874,0.0,0.0,0.0,0.0,0.0,2022.562455042256,674.1874850140854,3472.4902361208224,52.087353541812334,15.514805921289614,15.514805921289614,129.8770356253129,887.18148602379,3685.4842371305285,0.0,0.0,0.0,0.0,0.0,21028.25467342929,0.0,0.0,2985.3327753411613,23.840922625165813,0.0,0.0,0.0,1.1368683772161603e-13,0.0
2025-05-10 04:00:00+00:00,3,36.0,2749.9230817662174,394.83333233138717,763.213435835913,1591.8763135989163,394.83333233138717,250.6731937319846,144.16013859940256,1614.5646747832977,0.0,394.83333233138717,0.0,763.213435835913,0.0,1591.8763135989163,0.0,0.0,0.0,0.0,0.0,1986.7096459303034,662.2365486434345,3412.159630409651,51.18239445614476,15.26426871671826,15.26426871671826,127.72211594922419,871.6695964822399,3621.592678248457,0.0,0.0,0.0,0.0,0.0,20986.198164082434,0.0,0.0,2985.3327753411613,23.838625125979945,0.0,0.0,0.0,-1.1368683772161603e-13,0.0
2025-05-10 05:00:00+00:00,3,36.0,2771.6920072423513,397.6965114478835,770.0990923782946,1603.8964034161718,397.6965114478835,252.5570672166423,145.13944423124119,1614.5646747832977,0.0,397.6965114478835,0.0,770.0990923782946,0.0,1603.8964034161718,0.0,0.0,0.0,0.0,0.0,2001.5929148640553,667.1976382880184,3438.8896455303684,51.58334468295553,15.401981847565892,15.401981847565892,128.6607892504839,878.2457359165896,7156.66181952776,0.0,0.0,0.0,0.0,0.0,20944.225767754273,3506.724076368819,0.0,6312.103337463875,23.840063041836846,0.0,0.0,0.0,-9.094947017729282e-13,0.0
2025-05-10 06:00:00+00:00,3,36.0,2768.427949534081,397.0233536588216,769.3430499112427,1602.061545964019,397.0233536588216,252.24755598334986,144.77579767547172,1614.5646747832977,0.0,397.0233536588216,0.0,769.3430499112427,0.0,1602.061545964019,0.0,0.0,0.0,0.0,0.0,1999.0848996228406,666.3616332076135,3434.789582741697,51.52184374112545,15.386860998224854,15.386860998224854,128.46732861610326,877.1245275612919,3645.5524770953734,0.0,0.0,0.0,0.0,0.0,20902.337316218764,0.0,0.0,6312.103337463875,23.842339534417665,0.0,0.0,0.0,4.547473508864641e-13,0.0
2025-05-10 07:00:00+00:00,3,36.0,2799.894535403492,400.4252618885148,776.9755700958747,1622.4937034191023,400.4252618885148,254.52503154613407,145.90023034238075,1614.5646747832977,0.0,400.4252618885148,0.0,776.9755700958747,0.0,1622.4937034191023,0.0,0.0,0.0,0.0,0.0,2022.918965307617,674.3063217692057,3474.2008571726974,52.11301285759046,15.539511401917494,15.539511401917494,129.74932344431534,887.2476808749465,180.41813990961873,0.0,0.0,0.0,0.0,0.0,20860.532641586327,0.0,3506.724076368819,2615.691601771971,23.845177929884574,0.0,0.0,0.0,-3.410605131648481e-13,0.0
2025-05-10 08:00:00+00:00,3,36.0,2828.821979840501,404.6760712144219,781.1558654352698,1642.9900431908068,404.6760712144219,256.8963804957269,147.77969071869498,1614.5646747832977,0.0,404.6760712144219,0.0,781.1558654352698,0.0,1642.9900431908068,0.0,0.0,0.0,0.0,0.0,2047.6661144052287,682.5553714684096,3511.377351308908,52.67066026963362,15.623117308705396,15.623117308705396,131.21649848675975,897.6887648422138,1910.4019216551933,0.0,0.0,0.0,0.0,0.0,20818.811576303156,0.0,1816.1088230275218,701.3448152737639,23.837919582692127,0.0,0.0,0.0,1.1368683772161603e-13,0.0
2025-05-10 09:00:00+00:00,3,36.0,2852.640445048621,406.87518583148966,786.1868984074375,1659.578360809693,406.87518583148966,258.3171708236738,148.55801500781587,1614.5646747832977,0.0,406.87518583148966,0.0,786.1868984074375,0.0,1659.578360809693,0.0,0.0,0.0,0.0,0.0,2066.4535466411826,688.8178488803942,3541.4582939290144,53.12187440893521,15.72373796814875,15.72373796814875,132.1346686533789,905.5218678790058,3758.1623129276263,0.0,0.0,0.0,0.0,0.0,20777.173953150552,0.0,0.0,701.3448152737639,23.83918932523284,0.0,0.0,0.0,-5.684341886080801e-13,0.0
2025-05-10 10:00:00+00:00,3,36.0,2864.6547110195024,408.87663664126705,790.886519457113,1664.891554921122,408.87663664126705,259.7621132867878,149.11452335447927,1614.5646747832977,0.0,408.87663664126705,0.0,790.886519457113,0.0,1664.891554921122,0.0,0.0,0.0,0.0,0.0,2073.768191562389,691.2560638541296,3555.9107748736315,53.33866162310447,15.817730389142259,15.817730389142259,132.70833430434902,908.9385205598677,3773.5932315793693,0.0,0.0,0.0,0.0,0.0,20735.61960524425,0.0,0.0,701.3448152737639,23.838723810746863,0.0,0.0,0.0,-7.958078640513122e-13,0.0
2025-05-10 11:00:00+00:00,3,36.0,2854.0950518941063,407.6717505643275,788.9449725710112,1657.4783287587675,407.67175056432757,258.93904230395555,148.732708260372,1614.5646747832977,0.0,407.6717505643275,0.0,788.9449725710112,0.0,1657.4783287587675,0.0,0.0,0.0,0.0,0.0,2065.150079323095,688.383359774365,3542.4784116684714,53.13717617502707,15.778899451420225,15.778899451420225,132.24886678027062,905.3272016325031,3759.42225352661,0.0,0.0,0.0,0.0,0.0,20694.148366033758,0.0,0.0,701.3448152737639,23.838956354523344,0.0,0.0,0.0,4.547473508864641e-13,0.0
2025-05-10 12:00:00+00:00,3,36.0,2844.43433555206,406.2831216434498,786.2662567352484,1651.8849571733608,406.2831216434498,258.07875559988275,148.20436604356706,1614.5646747832977,0.0,406.2831216434498,0.0,786.2662567352484,0.0,1651.8849571733608,0.0,0.0,0.0,0.0,0.0,2058.1680788168105,686.0560262722702,3530.490361824329,52.95735542736493,15.725325134704967,15.725325134704967,131.8006728727867,902.2647048418316,7253.423116762711,0.0,0.0,0.0,0.0,0.0,20652.760069301694,3506.724076368819,0.0,4028.115377396477,23.840574340132253,0.0,0.0,0.0,9.094947017729282e-13,0.0
2025-05-10 13:00:00+00:00,3,36.0,2964.053024794435,423.995458999418,820.2393001744421,1719.818265620576,423.995458999418,268.361206785515,155.63425221390307,1614.5646747832977,0.0,423.995458999418,0.0,820.2393001744421,0.0,1719.818265620576,0.0,0.0,0.0,0.0,0.0,2143.813724619994,714.6045748733313,3678.6575996677675,55.17986399501651,16.40478600348884,16.40478600348884,137.43159206665354,940.0256029419791,6311.613328474641,0.0,0.0,0.0,0.0,0.0,20611.45454916309,2407.5347007382265,0.0,6312.103337463875,23.826329889999677,0.0,0.0,0.0,4.547473508864641e-13,0.0
2025-05-10 14:00:00+00:00,3,36.0,2983.065283916223,428.57482176658755,826.7435125583493,1727.7469495912867,428.57482176658755,270.1963003789487,158.37852138763884,1614.5646747832977,0.0,428.57482176658755,0.0,826.7435125583493,0.0,1727.7469495912867,0.0,0.0,0.0,0.0,0.0,2156.3217713578742,718.7739237859581,3701.8392077021817,55.52758811553272,16.534870251166986,16.534870251166986,138.62697842337596,945.9982308272008,3929.0635147434236,0.0,0.0,0.0,0.0,0.0,20570.231640064765,0.0,0.0,6312.103337463875,23.81136902904695,0.0,0.0,0.0,-2.2737367544323206e-13,0.0
2025-05-10 15:00:00+00:00,3,36.0,2991.4683223091556,430.1031718480352,830.0793720931798,1731.2857783679412,430.10317184803523,270.8961013066725,159.2070705413627,1614.5646747832977,0.0,430.1031718480352,0.0,830.0793720931798,0.0,1731.2857783679412,0.0,0.0,0.0,0.0,0.0,2161.3889502159764,720.4629834053254,3711.9313057144814,55.67896958571722,16.601587441863597,16.601587441863597,139.0490499642325,948.3941778390023,3939.862500148158,0.0,0.0,0.0,0.0,0.0,20529.091176784634,0.0,0.0,6312.103337463875,23.807932645159145,0.0,0.0,0.0,-1.1368683772161603e-13,0.0
2025-05-10 16:00:00+00:00,3,36.0,3040.5406210890624,436.27123824786787,842.3138504293826,1761.9555324118135,436.27123824786787,275.17257507327014,161.09866317459773,1614.5646747832977,0.0,436.27123824786787,0.0,842.3138504293826,0.0,1761.9555324118135,0.0,0.0,0.0,0.0,0.0,2198.2267706596813,732.7422568865604,3773.282877975624,56.59924316963436,16.846277008587652,16.846277008587652,141.20090896009043,964.2349630334606,4004.7755841225226,0.0,0.0,0.0,0.0,0.0,20488.03299443107,0.0,0.0,6312.103337463875,23.80806884131141,0.0,0.0,0.0,-4.547473508864641e-13,0.0
2025-05-10 17:00:00+00:00,3,36.0,2990.811706214056,429.56271035165105,828.570595271363,1732.6784005910413,429.56271035165105,270.89439402944197,158.66831632220908,1614.5646747832977,0.0,429.56271035165105,0.0,828.570595271363,0.0,1732.6784005910413,0.0,0.0,0.0,0.0,0.0,2162.241110942692,720.7470369808974,3711.5587431949525,55.67338114792429,16.57141190542726,16.57141190542726,138.97252202705135,948.5357639667275,3939.3474701807836,0.0,0.0,0.0,0.0,0.0,20447.05692844221,0.0,0.0,6312.103337463875,23.80878469474072,0.0,0.0,0.0,2.2737367544323206e-13,0.0
2025-05-10 18:00:00+00:00,3,36.0,3074.99117271697,442.864218639455,854.0272866607752,1778.0996674167407,442.864218639455,279.54790378329443,163.31631485616057,1614.5646747832977,0.0,442.864218639455,0.0,854.0272866607752,0.0,1778.0996674167407,0.0,0.0,0.0,0.0,0.0,2220.9638860561954,740.3212953520651,3815.3124680690357,57.22968702103553,17.080545733215505,17.080545733215505,143.05513019461435,974.7672040341461,4049.7583767511155,0.0,0.0,0.0,0.0,0.0,20406.16281458533,0.0,0.0,6312.103337463875,23.80215641803725,0.0,0.0,0.0,-6.821210263296962e-13,0.0
2025-05-10 19:00:00+00:00,3,36.0,3048.0191882415293,439.75000558430963,845.6195621157557,1762.6496205414658,439.75000558430963,276.9698078310312,162.78019775327843,1614.5646747832977,0.0,439.75000558430963,0.0,845.6195621157557,791.3720736393853,971.2775469020804,0.0,0.0,791.3720736393853,1055.1627648525136,263.7906912131284,1411.02755248639,470.34251749546337,2726.989632097609,40.90484448146413,24.826111978708965,16.912391242315113,141.96776986948154,958.7443262805616,500.0394381532715,0.0,0.0,0.0,1055.1627648525136,0.0,21367.755115566048,0.0,3506.724076368819,2615.691601771971,23.79359159894079,0.0,0.0,0.0,-2.2737367544323206e-13,0.0
2025-05-10 20:00:00+00:00,3,36.0,3093.4341376045822,444.7822899053618,860.4435881224143,1788.2082595768052,444.7822899053617,280.83200226563906,163.9502876397227,1614.5646747832977,0.0,444.7822899053618,0.0,860.4435881224143,0.0,1788.2082595768052,0.0,0.0,0.0,0.0,0.0,2232.990549482167,744.3301831607223,3837.7643207653036,57.566464811479555,17.208871762448286,17.208871762448286,143.73758179477846,980.051973291877,2257.377287868937,0.0,0.0,0.0,0.0,0.0,21325.019605334917,0.0,1816.1088230275218,701.3448152737639,23.80641919722209,0.0,0.0,0.0,-4.547473508864641e-13,0.0
2025-05-10 21:00:00+00:00,3,36.0,3151.4140776579247,453.16079409034666,879.5088876829094,1818.7443958846675,453.1607940903467,286.4393970829233,166.7213970074234,1614.5646747832977,0.0,453.16079409034666,0.0,879.5088876829094,0.0,1818.7443958846675,0.0,0.0,0.0,0.0,0.0,2271.9051899750143,757.3017299916714,3908.7158076495953,58.63073711474393,17.59017775365819,17.59017775365819,146.36105112859553,997.4738737423272,4148.887951400253,0.0,0.0,0.0,0.0,0.0,21282.36956612425,0.0,0.0,701.3448152737639,23.811464845596337,0.0,0.0,0.0,9.094947017729282e-13,0.0
2025-05-10 22:00:00+00:00,3,36.0,3139.5246216862106,449.3025781852441,873.8539837108033,1816.3680597901616,449.30257818524404,284.1100621283262,165.19251605691784,1614.5646747832977,0.0,449.3025781852441,0.0,873.8539837108033,0.0,1816.3680597901616,0.0,0.0,0.0,0.0,0.0,2265.670637975406,755.223545991802,3894.748167678011,58.421222515170165,17.477079674216068,17.477079674216068,145.46503426660684,994.063962122011,4133.588583808221,0.0,0.0,0.0,0.0,0.0,21239.804826992004,0.0,0.0,701.3448152737639,23.815157303567798,0.0,0.0,0.0,-3.410605131648481e-13,0.0
2025-05-10 23:00:00+00:00,3,36.0,3063.0606555468994,438.232068327628,853.5312543509217,1771.2973328683502,438.23206832762804,277.34666353032367,160.88540479730437,1614.5646747832977,0.0,438.232068327628,0.0,853.5312543509217,0.0,1771.2973328683502,0.0,0.0,0.0,0.0,0.0,2209.529401195978,736.5098003986594,3799.5704559455594,56.99355683918339,17.070625087018435,17.070625087018435,141.87172123882772,969.5163286507075,4032.5769841976066,0.0,0.0,0.0,0.0,0.0,21197.32521733802,0.0,0.0,701.3448152737639,23.821974014206837,0.0,0.0,0.0,-2.2737367544323206e-13,0.0
2025-06-27 00:00:00+00:00,4,104.0,2972.3891943255894,422.32868567929137,822.4269685843216,1727.633540061974,422.3286856792913,267.8122557402755,154.51642993901584,1614.5646747832977,0.0,422.32868567929137,0.0,822.4269685843216,0.0,1727.633540061974,0.0,0.0,0.0,0.0,0.0,2149.9622257412652,716.6540752470884,3689.043269572675,55.335649043590124,16.448539371686433,16.448539371686433,137.2742978924772,942.1611009265287,3914.550295252118,0.0,0.0,0.0,0.0,0.0,21197.325217338013,0.0,0.0,701.3448152737639,23.816304409769664,0.0,0.0,0.0,-2.2737367544323206e-13,0.0
2025-06-27 01:00:00+00:00,4,104.0,2974.5704631418066,422.5539782313191,822.1517968938175,1729.8646880166702,422.5539782313191,268.1120012144741,154.441977016845,1614.5646747832977,0.0,422.5539782313191,0.0,822.1517968938175,0.0,1729.8646880166702,0.0,0.0,0.0,0.0,0.0,2152.418666247989,717.4728887493297,3692.0433518911364,55.38065027836704,16.44303593787635,16.44303593787635,137.3834806008089,943.1230915042585,3917.693554646064,0.0,0.0,0.0,0.0,0.0,21154.930566903342,0.0,0.0,701.3448152737639,23.81520997856304,0.0,0.0,0.0,-1.0231815394945443e-12,0.0
2025-06-27 02:00:00+00:00,4,104.0,2962.0674572742187,421.69477244633885,818.9582956146484,1721.4143892132324,421.6947724463389,267.25074805394354,154.44402439239533,1614.5646747832977,0.0,421.69477244633885,0.0,818.9582956146484,0.0,1721.4143892132324,0.0,0.0,0.0,0.0,0.0,2143.1091616595713,714.3697205531904,3676.43717782741,55.146557667411145,16.37916591229297,16.37916591229297,136.97189317291637,939.2465032181037,3901.3139604923226,0.0,0.0,0.0,0.0,0.0,21112.620705769536,0.0,0.0,701.3448152737639,23.810579991139598,0.0,0.0,0.0,2.2737367544323206e-13,0.0
2025-06-27 03:00:00+00:00,4,104.0,2898.9437019631428,414.34161462126946,801.7288498543728,1682.8732374875015,414.34161462126946,262.2413957937508,152.10021882751863,1614.5646747832977,0.0,414.34161462126946,0.0,801.7288498543728,0.0,1682.8732374875015,0.0,0.0,0.0,0.0,0.0,2097.214852108771,699.0716173695904,3598.015319332734,53.97022978999101,16.034576997087456,16.034576997087456,134.3552538158627,919.4662549696191,3818.409956932762,0.0,0.0,0.0,0.0,0.0,21070.395464357996,0.0,0.0,701.3448152737639,23.805829880749595,0.0,0.0,0.0,0.0,0.0
2025-06-27 04:00:00+00:00,4,104.0,2787.838365586684,397.7780306860439,770.4168324028815,1619.6435024977577,397.77803068604396,251.49177156377928,146.28625912226465,1614.5646747832977,0.0,397.7780306860439,0.0,770.4168324028815,0.0,1619.6435024977577,0.0,0.0,0.0,0.0,0.0,2017.4215331838016,672.4738443946005,3460.3122099812836,51.904683149719254,15.40833664805763,15.40833664805763,129.08859902827913,884.2837998687144,3672.1221654553983,0.0,0.0,0.0,0.0,0.0,21028.254673429285,0.0,0.0,701.3448152737639,23.809159445846646,0.0,0.0,0.0,-2.2737367544323206e-13,0.0
2025-06-27 05:00:00+00:00,4,104.0,2807.562379466614,400.8288157416931,772.5526023855248,1634.1809613393957,400.8288157416931,253.83840803911698,146.99040770257614,1614.5646747832977,0.0,400.8288157416931,0.0,772.5526023855248,0.0,1634.1809613393957,0.0,0.0,0.0,0.0,0.0,2035.009777081089,678.3365923603629,3485.898971826977,52.28848457740465,15.451052047710496,15.451052047710496,130.14382974519276,891.6710107783814,3699.2333902449955,0.0,0.0,0.0,0.0,0.0,20986.198164082423,0.0,0.0,701.3448152737639,23.81398421521006,0.0,0.0,0.0,1.1368683772161603e-13,0.0
2025-06-27 06:00:00+00:00,4,104.0,3020.8826747440003,432.97701143012074,835.3361629422204,1752.569500371659,432.9770114301208,273.6342696955167,159.34274173460406,1614.5646747832977,0.0,432.97701143012074,0.0,835.3361629422204,0.0,1752.569500371659,0.0,0.0,0.0,0.0,0.0,2185.5465118017796,728.5155039339265,3749.398178677927,56.2409726801689,16.70672325884441,16.70672325884441,140.24006449324514,958.4099876250293,3979.292662369029,0.0,0.0,0.0,0.0,0.0,20944.225767754262,0.0,0.0,701.3448152737639,23.802051336682027,0.0,0.0,0.0,-4.547473508864641e-13,0.0
2025-06-27 07:00:00+00:00,4,104.0,2973.344566588362,425.79286442720763,822.9928538133067,1724.5588483478466,425.79286442720763,268.96019453928403,156.83266988792357,1614.5646747832977,0.0,425.79286442720763,0.0,822.9928538133067,0.0,1724.5588483478466,0.0,0.0,0.0,0.0,0.0,2150.3517127750542,716.7839042583514,3690.1284708467124,55.35192706270068,16.459857076266136,16.459857076266136,137.93560208397042,942.991147557555,3916.3357141459164,0.0,0.0,0.0,0.0,0.0,20902.337316218753,0.0,0.0,701.3448152737639,23.796181982891824,0.0,0.0,0.0,-4.547473508864641e-13,0.0
2025-06-27 08:00:00+00:00,4,104.0,2962.233665295176,423.68868383085237,819.1281099978031,1719.416871466521,423.68868383085237,267.7590671903291,155.92961664052325,1614.5646747832977,0.0,423.68868383085237,0.0,819.1281099978031,0.0,1719.416871466521,0.0,0.0,0.0,0.0,0.0,2143.105555297373,714.3685184324577,3676.602183727634,55.149032755914504,16.382562199956062,16.382562199956062,137.3455283011691,939.6282038894534,3901.8618691846295,0.0,0.0,0.0,0.0,0.0,20860.532641586316,0.0,0.0,701.3448152737639,23.79884862927085,0.0,0.0,0.0,3.410605131648481e-13,0.0
2025-06-27 09:00:00+00:00,4,104.0,2914.1667402706785,417.67647481594224,808.958409640145,1687.531855814589,417.67647481594224,263.45193316820473,154.2245416477375,1614.5646747832977,0.0,417.67647481594224,0.0,808.958409640145,0.0,1687.531855814589,0.0,0.0,0.0,0.0,0.0,2105.2083306305312,701.7361102101771,3615.9028504808534,54.2385427572128,16.179168192802898,16.179168192802898,135.19222090935796,923.5252102623537,3837.691950533032,0.0,0.0,0.0,0.0,0.0,20818.811576303146,0.0,0.0,701.3448152737639,23.799611918923706,0.0,0.0,0.0,-1.1368683772161603e-13,0.0
2025-06-27 10:00:00+00:00,4,104.0,2854.2154739279263,409.0561074025539,795.0091652781214,1650.1502012472527,409.0561074025539,257.7526728940287,151.30343450852519,1614.5646747832977,0.0,409.0561074025539,0.0,795.0091652781214,0.0,1650.1502012472527,0.0,0.0,0.0,0.0,0.0,2059.2063086498065,686.4021028832689,3540.617576811197,53.109263652167954,15.900183305562427,15.900183305562427,132.33053937382812,903.6422725203897,3757.857746448316,0.0,0.0,0.0,0.0,0.0,20777.17395315054,0.0,0.0,701.3448152737639,23.807310280175543,0.0,0.0,0.0,0.0,0.0
2025-06-27 11:00:00+00:00,4,104.0,2864.5520750208466,409.7707808491069,795.3029642163247,1659.4783299554153,409.7707808491069,258.1442237795032,151.6265570696037,1614.5646747832977,0.0,409.7707808491069,0.0,795.3029642163247,0.0,1659.4783299554153,0.0,0.0,0.0,0.0,0.0,2069.2491108045224,689.7497036015075,3554.3017786223545,53.314526679335316,15.906059284326494,15.906059284326494,132.73456791911812,907.610916768614,3772.162991789461,0.0,0.0,0.0,0.0,0.0,20735.619605244243,0.0,0.0,701.3448152737639,23.80475902379501,0.0,0.0,0.0,5.684341886080801e-13,0.0
2025-06-27 12:00:00+00:00,4,104.0,2854.5137389646643,408.5418105203779,793.7639848352957,1652.2079436089905,408.5418105203779,256.86070904250613,151.68110147787178,1614.5646747832977,0.0,408.5418105203779,0.0,793.7639848352957,0.0,1652.2079436089905,0.0,0.0,0.0,0.0,0.0,2060.7497541293683,686.9165847097894,3541.430323674453,53.121454855116795,15.875279696705913,15.875279696705913,132.2733523291082,904.0619512874262,7265.29976662091,0.0,0.0,0.0,0.0,0.0,20694.148366033754,3506.724076368819,0.0,4028.115377396477,23.803987724541788,0.0,0.0,0.0,4.547473508864641e-13,0.0
2025-06-27 13:00:00+00:00,4,104.0,2859.0678962428838,409.8475407962512,794.6592578575229,1654.561097589109,409.8475407962513,257.6223771561319,152.22516364011938,1614.5646747832977,0.0,409.8475407962512,0.0,794.6592578575229,0.0,1654.561097589109,0.0,0.0,0.0,0.0,0.0,2064.40863838536,688.1362127951201,3547.204109038003,53.20806163557004,15.893185157150459,15.893185157150459,132.61708180450725,905.7477265494983,6172.350323530609,0.0,0.0,0.0,0.0,0.0,20652.76006930169,2407.5347007382265,0.0,6312.103337463875,23.799231133892697,0.0,0.0,0.0,4.547473508864641e-13,0.0
2025-06-27 14:00:00+00:00,4,104.0,2897.917169548976,414.26798248732683,805.279557231949,1678.3696298296995,414.2679824873269,260.47642007122147,153.7915624161054,1614.5646747832977,0.0,414.26798248732683,0.0,805.279557231949,0.0,1678.3696298296995,0.0,0.0,0.0,0.0,0.0,2092.637612317026,697.545870772342,3595.463040321317,53.93194560481975,16.10559114463898,16.10559114463898,134.20527477769295,917.8942734441326,3815.811442993108,0.0,0.0,0.0,0.0,0.0,20611.45454916309,0.0,0.0,6312.103337463875,23.799413375037116,0.0,0.0,0.0,-5.684341886080801e-13,0.0
2025-06-27 15:00:00+00:00,4,104.0,2900.4790381482444,414.7499816041137,805.3602375847173,1680.3688189594127,414.7499816041137,260.56619148039135,154.18379012372233,1614.5646747832977,0.0,414.7499816041137,0.0,805.3602375847173,0.0,1680.3688189594127,0.0,0.0,0.0,0.0,0.0,2095.1188005635263,698.3729335211755,3598.851971669419,53.982779575041285,16.107204751694347,16.107204751694347,134.36458534047745,918.9347079400828,3819.4137460883276,0.0,0.0,0.0,0.0,0.0,20570.231640064765,0.0,0.0,6312.103337463875,23.798981157373174,0.0,0.0,0.0,3.410605131648481e-13,0.0
2025-06-27 16:00:00+00:00,4,104.0,2906.154744962548,414.796068795555,806.9273532527894,1684.4313229142042,414.796068795555,260.8793165949577,153.91675220059733,1614.5646747832977,0.0,414.796068795555,0.0,806.9273532527894,0.0,1684.4313229142042,0.0,0.0,0.0,0.0,0.0,2099.227391709759,699.742463903253,3605.8972088658015,54.08845813298702,16.13854706505579,16.13854706505579,134.4835085843892,920.591524750741,3826.7462697132887,0.0,0.0,0.0,0.0,0.0,20529.091176784634,0.0,0.0,6312.103337463875,23.802903502064773,0.0,0.0,0.0,-4.547473508864641e-13,0.0
2025-06-27 17:00:00+00:00,4,104.0,2911.70981245057,416.03716455289646,808.937487479521,1686.7351604181515,416.03716455289646,261.83753952238357,154.19962503051286,1614.5646747832977,0.0,416.03716455289646,0.0,808.937487479521,0.0,1686.7351604181515,0.0,0.0,0.0,0.0,0.0,2102.772324971048,700.9241083236826,3612.6339207742512,54.18950881161377,16.17874974959042,16.17874974959042,134.81395874043656,922.2850753749138,3833.9948878254836,0.0,0.0,0.0,0.0,0.0,20488.03299443107,0.0,0.0,6312.103337463875,23.80227775616711,0.0,0.0,0.0,-3.410605131648481e-13,0.0
2025-06-27 18:00:00+00:00,4,104.0,2945.2197398778285,421.2670270122599,817.097344595702,1706.8553682698669,421.2670270122599,265.93320298049525,155.33382403176466,1614.5646747832977,0.0,421.2670270122599,0.0,817.097344595702,0.0,1706.8553682698669,0.0,0.0,0.0,0.0,0.0,2128.122395282127,709.374131760709,3654.593871638538,54.81890807457807,16.34194689191404,16.34194689191404,136.48564468662104,933.3625783057363,2062.4734951560436,0.0,0.0,0.0,0.0,0.0,20447.05692844221,0.0,1816.1088230275213,4397.756550965668,23.803259243944396,0.0,0.0,0.0,1.1368683772161603e-13,0.0
2025-06-27 19:00:00+00:00,4,104.0,2980.3909338777416,427.0614904786122,826.4635773623637,1726.8658660367641,427.0614904786122,269.72266180210687,157.33882867650533,1614.5646747832977,0.0,427.0614904786122,0.0,826.4635773623637,759.1518165637254,967.7140494730387,0.0,0.0,759.1518165637254,1012.2024220849672,253.0506055212418,1394.775539951651,464.92517998388365,2686.1642972978984,40.292464459468476,24.120789712884527,16.529271547247273,138.27258743170376,937.1908986564295,410.857756165351,1.1368683772161603e-13,0.0,1.1368683772161603e-13,1012.2024220849671,0.0,21367.755115566048,0.0,3506.724076368819,701.3448152737639,23.79963374203543,0.0,0.0,0.0,-9.094947017729282e-13,0.0
2025-06-27 20:00:00+00:00,4,104.0,2968.9866483174515,425.9166392922099,823.4549366342084,1719.6150723910323,425.9166392922099,268.64792706188973,157.26871223032018,1614.5646747832977,0.0,425.9166392922099,0.0,823.4549366342084,33.73856070878537,1685.876511682247,0.0,0.0,33.73856070878537,44.98474761171383,11.246186902928457,2111.7931509744567,703.9310503248189,3639.179137933484,54.58768706900226,16.80648433977202,16.469098732684166,137.83133755072268,940.8718449199285,3909.858493237379,0.0,0.0,0.0,44.98474761171383,0.0,21367.755115566048,0.0,0.0,701.3448152737639,23.797499988156847,0.0,0.0,0.0,-7.958078640513122e-13,0.0
2025-06-27 21:00:00+00:00,4,104.0,2953.4170974572535,423.9832313951562,818.431013849803,1711.002852212293,423.98323139515617,267.6033430694923,156.37988832566387,1614.5646747832977,0.0,423.9832313951562,0.0,818.431013849803,0.0,1711.002852212293,0.0,0.0,0.0,0.0,0.0,2134.986083607449,711.6620278691497,3665.079125326402,54.97618687989603,16.36862027699606,16.36862027699606,137.1853507450072,936.5608060480449,3889.9779035052984,0.0,0.0,0.0,0.0,0.0,21325.019605334917,0.0,0.0,701.3448152737639,23.796915385211975,0.0,0.0,0.0,0.0,0.0
2025-06-27 22:00:00+00:00,4,104.0,2930.9927835730564,420.5804803835172,813.2512886807438,1697.1610145087952,420.58048038351717,265.3458298555195,155.23465052799767,1614.5646747832977,0.0,420.5804803835172,0.0,813.2512886807438,0.0,1697.1610145087952,0.0,0.0,0.0,0.0,0.0,2117.7414948923124,705.9138316307708,3636.9066152038267,54.5535992280574,16.265025773614877,16.265025773614877,136.07987415164416,929.077356557702,3860.0701401307583,0.0,0.0,0.0,0.0,0.0,21282.36956612425,0.0,0.0,701.3448152737639,23.80119259835259,0.0,0.0,0.0,-1.1368683772161603e-13,0.0
2025-06-27 23:00:00+00:00,4,104.0,2925.2518606763706,419.07040664464023,811.5750329096365,1694.6064211220933,419.07040664464023,264.5727129716911,154.49769367294914,1614.5646747832977,0.0,419.07040664464023,0.0,811.5750329096365,0.0,1694.6064211220933,0.0,0.0,0.0,0.0,0.0,2113.6768277667334,704.5589425889111,3629.810803265281,54.44716204897921,16.231500658192733,16.231500658192733,135.68589790993087,927.1550038642067,3852.406864540577,0.0,0.0,0.0,0.0,0.0,21239.804826992,0.0,0.0,701.3448152737639,23.804894256040342,0.0,0.0,0.0,-4.547473508864641e-13,0.0
2025-10-04 00:00:00+00:00,5,17.0,2772.335379650507,407.2729672885273,790.8452096141559,1574.217202747823,407.2729672885273,257.6695944755618,149.60337281296552,1614.5646747832977,0.0,407.2729672885273,0.0,790.8452096141559,0.0,1574.217202747823,0.0,0.0,0.0,0.0,0.0,1981.4901700363503,660.49672334545,3432.832102995956,51.49248154493934,15.816904192283118,15.816904192283118,129.9162865029415,873.5392997778971,3645.874679428404,0.0,0.0,0.0,0.0,0.0,21154.93056690335,0.0,0.0,701.3448152737639,23.795478465279032,0.0,0.0,0.0,-3.410605131648481e-13,0.0
2025-10-04 01:00:00+00:00,5,17.0,2779.9243563056393,409.2607182270612,794.5586325306547,1576.105005547923,409.26071822706115,258.8326617975097,150.4280564295515,1614.5646747832977,0.0,409.2607182270612,0.0,794.5586325306547,0.0,1576.105005547923,0.0,0.0,0.0,0.0,0.0,1985.3657237749842,661.7885745916614,3441.7129308973,51.6256939634595,15.891172650613093,15.891172650613093,130.39549307321008,875.5921069295571,6063.051163973423,0.0,0.0,0.0,0.0,0.0,21112.620705769543,2407.5347007382265,0.0,2985.3327753411613,23.794624268216705,0.0,0.0,0.0,4.547473508864641e-13,0.0
2025-10-04 02:00:00+00:00,5,17.0,2782.067544758503,410.37912870487435,796.7438517332054,1574.9445643204253,410.37912870487435,259.5286186513483,150.85051005352605,1614.5646747832977,0.0,410.37912870487435,0.0,796.7438517332054,0.0,1574.9445643204253,0.0,0.0,0.0,0.0,0.0,1985.3236930252997,661.7745643417666,3443.8421091002715,51.65763163650407,15.934877034664108,15.934877034664108,130.6059565083803,875.907906555979,7164.6995276833,0.0,0.0,0.0,0.0,0.0,21070.395464358007,3506.724076368819,0.0,6312.103337463875,23.795708860527427,0.0,0.0,0.0,-1.3642420526593924e-12,0.0
2025-10-04 03:00:00+00:00,5,17.0,2760.95356824539,407.6574373749105,791.4380126518189,1561.858118218662,407.6574373749105,257.35386604472114,150.30357133018936,1614.5646747832977,0.0,407.6574373749105,0.0,791.4380126518189,0.0,1561.858118218662,0.0,0.0,0.0,0.0,0.0,1969.5155555935726,656.5051851978575,3417.458753443249,51.261881301648735,15.828760253036378,15.828760253036378,129.6658646214736,869.0904516270526,3630.0440198724423,0.0,0.0,0.0,0.0,0.0,21028.254673429292,0.0,0.0,6312.103337463875,23.790663928059104,0.0,0.0,0.0,-5.684341886080801e-13,0.0
2025-10-04 04:00:00+00:00,5,17.0,2761.044650665493,408.12097837204567,791.8144296489907,1561.1092426444582,408.12097837204567,257.34077449550085,150.78020387654482,1614.5646747832977,0.0,408.12097837204567,0.0,791.8144296489907,0.0,1561.1092426444582,0.0,0.0,0.0,0.0,0.0,1969.230221016504,656.410073672168,3417.454724337663,51.26182086506494,15.836288592979814,15.836288592979814,129.7440954796772,869.0885672028697,3630.1332178683624,0.0,0.0,0.0,0.0,0.0,20986.198164082434,0.0,0.0,6312.103337463875,23.786138683372062,0.0,0.0,0.0,-3.410605131648481e-13,0.0
2025-10-04 05:00:00+00:00,5,17.0,2641.789902241664,389.4006403507714,757.5413605798598,1494.8479013110343,389.4006403507714,246.17667341452082,143.2239669362506,1614.5646747832977,0.0,389.4006403507714,0.0,757.5413605798598,0.0,1494.8479013110343,0.0,0.0,0.0,0.0,0.0,1884.2485416618058,628.0828472206019,3269.8727494622676,49.04809124193401,15.150827211597196,15.150827211597196,123.9396542595994,831.3722471453297,3473.162149386993,0.0,0.0,0.0,0.0,0.0,20944.22576775427,0.0,0.0,6312.103337463875,23.80457186797514,0.0,0.0,0.0,-7.958078640513122e-13,0.0
2025-10-04 06:00:00+00:00,5,17.0,2549.551565904991,374.19833632411155,730.2657320509658,1445.0874975299128,374.19833632411155,237.00499773567333,137.1933385884382,1614.5646747832977,0.0,374.19833632411155,0.0,730.2657320509658,0.0,1445.0874975299128,0.0,0.0,0.0,0.0,0.0,1819.2858338540243,606.4286112846747,3155.9801771896646,47.33970265784497,14.605314641019316,14.605314641019316,119.3331566241873,802.3120998487456,0.0,0.0,0.0,0.0,0.0,0.0,20902.337316218764,0.0,3351.863665753737,2778.9288074161627,23.819639086673387,0.0,0.0,0.0,5.684341886080801e-13,0.0
2025-10-04 07:00:00+00:00,5,17.0,2508.767897509253,367.3190445229254,718.0642750068486,1423.384577979479,367.3190445229254,232.72345791885203,134.5955866040734,1614.5646747832977,0.0,367.3190445229254,0.0,718.0642750068486,0.0,1423.384577979479,0.0,0.0,0.0,0.0,0.0,1790.7036225024044,596.9012075008014,3105.6691050100544,46.585036575150816,14.361285500136972,14.361285500136972,117.26842254251048,789.4772376187368,1327.275901485386,0.0,0.0,0.0,0.0,0.0,20860.532641586327,0.0,1970.9692336426037,701.3448152737639,23.82470999495748,0.0,0.0,0.0,-2.2737367544323206e-13,0.0
2025-10-04 08:00:00+00:00,5,17.0,2576.8371060932204,376.75454649016984,736.3229352014666,1463.7596244015826,376.7545464901699,239.2369001660356,137.51764632413426,1614.5646747832977,0.0,376.75454649016984,0.0,736.3229352014666,0.0,1463.7596244015826,0.0,0.0,0.0,0.0,0.0,1840.5141708917524,613.5047236305842,3190.341829723803,47.85512744585704,14.726458704029334,14.726458704029334,120.38500971933527,811.1977782038352,3388.0348842970557,0.0,0.0,0.0,0.0,0.0,20818.811576303156,0.0,0.0,701.3448152737639,23.82574602695796,0.0,0.0,0.0,0.0,0.0
2025-10-04 09:00:00+00:00,5,17.0,2647.138345203874,388.36865915816185,759.132449172,1499.637236873713,388.3686591581618,246.63576351405777,141.73289564410405,1614.5646747832977,0.0,388.36865915816185,0.0,759.132449172,0.0,1499.637236873713,0.0,0.0,0.0,0.0,0.0,1888.0058960318747,629.3352986772916,3276.473643881166,49.147104658217486,15.18264898344,15.18264898344,123.84921995742216,832.6969212598112,3479.835266463684,0.0,0.0,0.0,0.0,0.0,20777.173953150552,0.0,0.0,701.3448152737639,23.823175945511196,0.0,0.0,0.0,-1.1368683772161603e-12,0.0
2025-10-04 10:00:00+00:00,5,17.0,2613.6421317498016,386.1211350286532,750.1478756146847,1477.373121106464,386.1211350286532,243.91290951197774,142.20822551667547,1614.5646747832977,0.0,386.1211350286532,0.0,750.1478756146847,0.0,1477.373121106464,0.0,0.0,0.0,0.0,0.0,1863.4942561351172,621.1647520450391,3234.8068837948413,48.52210325692262,15.002957512293694,15.002957512293694,122.7645947931906,822.4573651197397,3436.099496869541,0.0,0.0,0.0,0.0,0.0,20735.619605244254,0.0,0.0,701.3448152737639,23.804246463216202,0.0,0.0,0.0,-4.547473508864641e-13,0.0
2025-10-04 11:00:00+00:00,5,17.0,2561.7366210066575,377.1526266952127,735.020805655244,1449.5631886562007,377.1526266952127,238.7509118330987,138.40171486211398,1614.5646747832977,0.0,377.1526266952127,0.0,735.020805655244,0.0,1449.5631886562007,0.0,0.0,0.0,0.0,0.0,1826.7158153514133,608.9052717838044,3170.6418927904615,47.55962839185692,14.700416113104879,14.700416113104879,120.08701044942634,805.9527428512974,5775.224064596181,0.0,0.0,0.0,0.0,0.0,20694.14836603377,2407.5347007382265,0.0,2985.3327753411613,23.81537445302028,0.0,0.0,0.0,-4.547473508864641e-13,0.0
2025-10-04 12:00:00+00:00,5,17.0,2590.1558036228676,380.85038498176255,743.8788724677321,1465.426546173373,380.85038498176255,241.39600184859475,139.4543831331678,1614.5646747832977,0.0,380.85038498176255,0.0,743.8788724677321,0.0,1465.426546173373,0.0,0.0,0.0,0.0,0.0,1846.2769311551356,615.4256437183785,3205.581447341246,48.08372171011869,14.877577449354643,14.877577449354643,121.31030484636577,814.5748251735721,6911.454705165258,0.0,0.0,0.0,0.0,0.0,20652.760069301705,3506.724076368819,0.0,6312.103337463875,23.82168022748676,0.0,0.0,0.0,-1.3642420526593924e-12,0.0
2025-10-04 13:00:00+00:00,5,17.0,2578.671645327066,377.7933547688556,739.2803571734103,1461.5979333848002,377.7933547688556,239.67375224199876,138.11960252685685,1614.5646747832977,0.0,377.7933547688556,0.0,739.2803571734103,0.0,1461.5979333848002,0.0,0.0,0.0,0.0,0.0,1839.3912881536558,613.1304293845519,3191.802074711618,47.87703112067427,14.785607143468205,14.785607143468205,120.54957712194565,811.1282519141081,3389.799897241174,0.0,0.0,0.0,0.0,0.0,20611.454549163107,0.0,0.0,6312.103337463875,23.82748687851213,0.0,0.0,0.0,1.1368683772161603e-13,0.0
2025-10-04 14:00:00+00:00,5,17.0,2551.113812437001,372.5608554505519,731.3925223244389,1447.1604346620104,372.5608554505519,236.58067002300209,135.98018542754983,1614.5646747832977,0.0,372.5608554505519,0.0,731.3925223244389,0.0,1447.1604346620104,0.0,0.0,0.0,0.0,0.0,1819.7212901125622,606.5737633708541,3157.687575807855,47.36531363711782,14.627850446488779,14.627850446488779,119.03397604228178,802.2287539432313,3353.342566380232,0.0,0.0,0.0,0.0,0.0,20570.23164006478,0.0,0.0,6312.103337463875,23.83491082243132,0.0,0.0,0.0,-3.410605131648481e-13,0.0
2025-10-04 15:00:00+00:00,5,17.0,2491.247767477709,364.3560013592486,714.6881668521686,1412.203599266294,364.3560013592486,231.01765765477907,133.33834370446948,1614.5646747832977,0.0,364.3560013592486,0.0,714.6881668521686,0.0,1412.203599266294,0.0,0.0,0.0,0.0,0.0,1776.5596006255428,592.1865335418476,3083.434301019559,46.25151451529338,14.293763337043373,14.293763337043373,116.32756824908643,783.3531429803141,3274.6009104580235,0.0,0.0,0.0,0.0,0.0,20529.091176784656,0.0,0.0,6312.103337463875,23.83297397641148,0.0,0.0,0.0,1.1368683772161603e-13,0.0
2025-10-04 16:00:00+00:00,5,17.0,2473.627428948961,362.4947793470951,708.2239954679171,1402.9086541339477,362.4947793470951,229.82245858699287,132.67232076010225,1614.5646747832977,0.0,362.4947793470951,0.0,708.2239954679171,0.0,1402.9086541339477,0.0,0.0,0.0,0.0,0.0,1765.4034334810428,588.4678111603477,3062.0952401093077,45.93142860163962,14.164479909358343,14.164479909358343,115.6790900901199,778.4072896708237,3252.0347186197846,0.0,0.0,0.0,0.0,0.0,20488.032994431087,0.0,0.0,6312.103337463875,23.830294892786668,0.0,0.0,0.0,-2.2737367544323206e-13,0.0
2025-10-04 17:00:00+00:00,5,17.0,2562.6593872141925,378.03645686223416,734.1274887670932,1450.495441584863,378.0364568622341,239.66523699042705,138.37121987180709,1614.5646747832977,0.0,378.03645686223416,0.0,734.1274887670932,726.8669898345925,723.6284517502706,0.0,0.0,726.8669898345925,969.1559864461233,242.28899661153082,1101.6649086125049,367.2216362041683,2203.0140335837664,33.04521050375649,21.95121967368779,14.682549775341863,120.30455806811852,799.4941708366036,1369.8537591205852,-3.637978807091713e-12,0.0,0.0,969.1559864461269,0.0,21367.755115566048,0.0,1992.2997989302114,4212.034955292221,23.815261095555734,0.0,0.0,0.0,4.547473508864641e-13,0.0
2025-10-04 18:00:00+00:00,5,17.0,2533.027693289755,373.8338946430313,724.486113736245,1434.7076849104778,373.8338946430313,237.29674089118103,136.53715375185027,1614.5646747832977,0.0,373.8338946430313,0.0,724.486113736245,33.73856070878537,1400.9691242016925,0.0,0.0,33.73856070878537,44.98474761171383,11.246186902928457,1774.8030188447237,591.6010062815745,3090.890138862543,46.36335208293814,14.827107881812752,14.4897222747249,118.97803175239568,797.5054071763745,0.0,0.0,0.0,0.0,44.98474761171383,0.0,21367.755115566048,0.0,3330.5331004661293,701.3448152737639,23.817264742061074,0.0,0.0,0.0,-2.2737367544323206e-13,0.0
2025-10-04 19:00:00+00:00,5,17.0,2513.7720482862746,371.03379069918924,718.2062046336962,1424.5320529533913,371.03379069918924,235.4364055551213,135.5973851440679,1614.5646747832977,0.0,371.03379069918924,0.0,718.2062046336962,33.73856070878537,1390.7934922446059,0.0,0.0,33.73856070878537,44.98474761171383,11.246186902928457,1761.8272829437951,587.2757609812651,3067.3092485587567,46.00963872838135,14.701509699761777,14.364124092673924,118.10204293478958,791.6992633398002,3305.471311626075,0.0,0.0,0.0,44.98474761171383,0.0,21367.755115566048,0.0,0.0,701.3448152737639,23.815847130920194,0.0,0.0,0.0,2.2737367544323206e-13,0.0
2025-10-04 20:00:00+00:00,5,17.0,2470.1049623555627,365.6972309378449,706.1034694422095,1398.3042619755076,365.6972309378449,231.65119618340316,134.0460347544417,1614.5646747832977,0.0,365.6972309378449,0.0,706.1034694422095,0.0,1398.3042619755076,0.0,0.0,0.0,0.0,0.0,1764.0014929133526,588.0004976377842,3058.1054599933464,45.87158189990019,14.12206938884419,14.12206938884419,116.24885494852032,778.3650732638932,3248.4700356194553,0.0,0.0,0.0,0.0,0.0,21325.019605334917,0.0,0.0,701.3448152737639,23.811322770860055,0.0,0.0,0.0,-6.821210263296962e-13,0.0
2025-10-04 21:00:00+00:00,5,17.0,2378.6375790412726,351.31731906875694,679.4667004612742,1347.8535595112423,351.3173190687569,222.1552910600085,129.16202800874842,1614.5646747832977,0.0,351.31731906875694,0.0,679.4667004612742,0.0,1347.8535595112423,0.0,0.0,0.0,0.0,0.0,1699.1708785799992,566.3902928599997,2945.027871901273,44.175418078519094,13.589334009225484,13.589334009225484,111.7973777509076,749.5417567078773,3128.1793357491506,0.0,0.0,0.0,0.0,0.0,21282.36956612425,0.0,0.0,701.3448152737639,23.817210251919565,0.0,0.0,0.0,6.821210263296962e-13,0.0
2025-10-04 22:00:00+00:00,5,17.0,2404.149435673911,355.0476880069006,687.2643050924893,1361.837442574517,355.0476880069006,224.65223954511148,130.39544846178913,1614.5646747832977,0.0,355.0476880069006,0.0,687.2643050924893,0.0,1361.837442574517,0.0,0.0,0.0,0.0,0.0,1716.8851305814176,572.2950435271392,2976.4444792010463,44.64666718801569,13.745286101849786,13.745286101849786,112.97755613793584,757.4098390567904,3161.559274730701,0.0,0.0,0.0,0.0,0.0,21239.804826992004,0.0,0.0,701.3448152737639,23.818509365641724,0.0,0.0,0.0,-2.2737367544323206e-13,0.0
2025-10-04 23:00:00+00:00,5,17.0,2362.210892307045,349.8103236231304,674.8143145463429,1337.586254137573,349.8103236231304,221.5995854937056,128.21073812942478,1614.5646747832977,0.0,349.8103236231304,0.0,674.8143145463429,0.0,1337.586254137573,0.0,0.0,0.0,0.0,0.0,1687.3965777607034,562.4655259202344,2924.6764182272805,43.870146273409205,13.496286290926857,13.496286290926857,111.20261881818712,744.5308635936844,3106.74175590073,0.0,0.0,0.0,0.0,0.0,21197.32521733802,0.0,0.0,701.3448152737639,23.82072785438522,0.0,0.0,0.0,4.547473508864641e-13,0.0
2025-10-16 00:00:00+00:00,6,21.0,2339.9718353632124,359.8491038439299,695.5239705473139,1284.5987609719677,359.8491038439299,226.271230027787,133.57787381614293,1614.5646747832977,0.0,359.8491038439299,0.0,695.5239705473139,0.0,1284.5987609719677,0.0,0.0,0.0,0.0,0.0,1644.4478648158977,548.1492882719659,2888.1211236351774,43.32181685452766,13.910479410946278,13.910479410946278,111.93833930225844,731.2304032506447,3071.2022386138565,0.0,0.0,0.0,0.0,0.0,0.0,0.0,0.0,701.3448152737639,23.83275904855867,0.0,0.0,0.0,-6.821210263296962e-13,0.0
2025-10-16 01:00:00+00:00,6,21.0,2313.3033477538447,356.35856116921843,686.6908944183216,1270.2538921663045,356.35856116921843,224.0265647255673,132.33199644365115,1614.5646747832977,0.0,356.35856116921843,0.0,686.6908944183216,0.0,1270.2538921663045,0.0,0.0,0.0,0.0,0.0,1626.6124533355228,542.2041511118409,2855.507498865685,42.832612482985276,13.733817888366431,13.733817888366431,110.80261546377076,723.3070148353297,3036.610362589174,0.0,0.0,0.0,0.0,0.0,0.0,0.0,0.0,701.3448152737639,23.83808987565831,0.0,0.0,0.0,-2.2737367544323206e-13,0.0
2025-10-16 02:00:00+00:00,6,21.0,2338.023090188865,360.18072997869575,694.1766822400132,1283.665677970155,360.18072997869575,226.693584725921,133.48714525277475,1614.5646747832977,0.0,360.18072997869575,0.0,694.1766822400132,0.0,1283.665677970155,0.0,0.0,0.0,0.0,0.0,1643.8464079488508,547.9488026496169,2885.971892838481,43.28957839257721,13.883533644800265,13.883533644800265,111.98605650702666,730.9915048388215,3069.014595027685,0.0,0.0,0.0,0.0,0.0,0.0,0.0,0.0,701.3448152737639,23.830526018987467,0.0,0.0,0.0,-1.2505552149377763e-12,0.0
2025-10-16 03:00:00+00:00,6,21.0,2372.724729111875,365.0965395430851,704.4371678117533,1303.1910217570369,365.0965395430851,230.34682217913272,134.74971736395239,1614.5646747832977,0.0,365.0965395430851,0.0,704.4371678117533,0.0,1303.1910217570369,0.0,0.0,0.0,0.0,0.0,1668.287561300122,556.0958537667074,2928.8205828785826,43.93230874317874,14.088743356235065,14.088743356235065,113.57113700480758,741.7767862271639,3114.5015153390386,0.0,0.0,0.0,0.0,0.0,0.0,0.0,0.0,701.3448152737639,23.828785935785508,0.0,0.0,0.0,-4.547473508864641e-13,0.0
2025-10-16 04:00:00+00:00,6,21.0,2361.552986645079,365.2338381929345,702.356938067955,1293.962210384189,365.2338381929345,230.57280136815064,134.66103682478385,1614.5646747832977,0.0,365.2338381929345,0.0,702.356938067955,0.0,1293.962210384189,0.0,0.0,0.0,0.0,0.0,1659.1960485771233,553.0653495257078,2914.6183361707863,43.71927504256179,14.047138761359099,14.047138761359099,113.35593546089704,738.2348375518848,3099.787824196964,0.0,0.0,0.0,0.0,0.0,0.0,0.0,0.0,701.3448152737639,23.830429560562944,0.0,0.0,0.0,2.2737367544323206e-13,0.0
2025-10-16 05:00:00+00:00,6,21.0,2337.432519877436,361.9567358753578,695.5368488747065,1279.93893512737,361.9567358753578,228.65450848732297,133.30222738803485,1614.5646747832977,0.0,361.9567358753578,0.0,695.5368488747065,0.0,1279.93893512737,0.0,0.0,0.0,0.0,0.0,1641.8956710027278,547.2985570009092,2884.7310768783436,43.27096615317515,13.91073697749413,13.91073697749413,112.27510408872031,730.6661011977931,3068.0986210752285,0.0,0.0,0.0,0.0,0.0,0.0,0.0,0.0,701.3448152737639,23.82954057067652,0.0,0.0,0.0,-4.547473508864641e-13,0.0
2025-10-16 06:00:00+00:00,6,21.0,2245.723916846042,347.9604215365913,668.0228546520076,1229.7406406574426,347.9604215365913,219.89775435414614,128.06266718244513,1614.5646747832977,0.0,347.9604215365913,0.0,668.0228546520076,0.0,1229.7406406574426,0.0,0.0,0.0,0.0,0.0,1577.701062194034,525.900354064678,2771.6242709107196,41.574364063660795,13.360457093040152,13.360457093040152,107.91450177080256,702.1101340852217,2947.8340509312634,0.0,0.0,0.0,0.0,0.0,0.0,0.0,0.0,701.3448152737639,23.83424694119375,0.0,0.0,0.0,-2.2737367544323206e-13,0.0
2025-10-16 07:00:00+00:00,6,21.0,2252.5122594783807,350.7828725755743,670.384267455962,1231.3451194468428,350.7828725755743,221.25391312890594,129.52895944666838,1614.5646747832977,0.0,350.7828725755743,0.0,670.384267455962,0.0,1231.3451194468428,0.0,0.0,0.0,0.0,0.0,1582.127992022417,527.3759973408056,2779.8882568191843,41.698323852287764,13.407685349119241,13.407685349119241,108.56596112387828,704.4556530152101,2956.9679124935906,0.0,0.0,0.0,0.0,0.0,0.0,0.0,0.0,701.3448152737639,23.83232521849261,0.0,0.0,0.0,-2.2737367544323206e-13,0.0
2025-10-16 08:00:00+00:00,6,21.0,2253.3378561860136,350.72628594161534,669.798484232211,1232.8130860121878,350.72628594161534,220.99737839409573,129.7289075475196,1614.5646747832977,0.0,350.72628594161534,0.0,669.798484232211,0.0,1232.8130860121878,0.0,0.0,0.0,0.0,0.0,1583.539371953803,527.8464573179343,2781.184313503948,41.71776470255922,13.39596968464422,13.39596968464422,108.59273764287656,704.9488990326586,2958.2867552186717,0.0,0.0,0.0,0.0,0.0,0.0,0.0,0.0,701.3448152737639,23.828666870751235,0.0,0.0,0.0,-4.547473508864641e-13,0.0
2025-10-16 09:00:00+00:00,6,21.0,2295.657581293279,356.9575154802726,680.3779861994212,1258.3220796135856,356.9575154802726,224.82894111193752,132.12857436833505,1614.5646747832977,0.0,356.9575154802726,0.0,680.3779861994212,0.0,1258.3220796135856,0.0,0.0,0.0,0.0,0.0,1615.2795950938582,538.4265316979528,2834.0841129912324,42.51126169486848,13.607559723988425,13.607559723988425,110.6210241782752,718.7739370190733,3014.4315183123517,0.0,0.0,0.0,0.0,0.0,0.0,0.0,0.0,701.3448152737639,23.825941582441637,0.0,0.0,0.0,-3.410605131648481e-13,0.0
2025-10-16 10:00:00+00:00,6,21.0,2296.796900667516,355.97717241531285,678.2728468317409,1262.5468814204635,355.97717241531285,224.21830408782023,131.75886832749262,1614.5646747832977,0.0,355.97717241531285,0.0,678.2728468317409,0.0,1262.5468814204635,0.0,0.0,0.0,0.0,0.0,1618.5240538357764,539.5080179452588,2836.304918612776,42.54457377919164,13.565456936634819,13.565456936634819,110.52257357793442,719.7060791756545,3016.5029798431706,0.0,0.0,0.0,0.0,0.0,0.0,0.0,0.0,701.3448152737639,23.823889536524433,0.0,0.0,0.0,-1.1368683772161603e-13,0.0
2025-10-16 11:00:00+00:00,6,21.0,2383.129426240317,369.280016465674,706.5882286421476,1307.2611811324925,369.28001646567395,232.62712350985507,136.6528929558189,1614.5646747832977,0.0,369.280016465674,0.0,706.5882286421476,0.0,1307.2611811324925,0.0,0.0,0.0,0.0,0.0,1676.5411975981665,558.8470658660555,2941.9764921063693,44.12964738159554,14.131764572842952,14.131764572842952,114.5846008254951,745.824843218832,3128.954269459149,0.0,0.0,0.0,0.0,0.0,0.0,0.0,0.0,701.3448152737639,23.80976843353972,0.0,0.0,0.0,0.0,0.0
2025-10-16 12:00:00+00:00,6,21.0,2399.4868278373915,371.25091557250636,711.7489835935103,1316.4869286713752,371.2509155725064,234.45772212880937,136.79319344369702,1614.5646747832977,0.0,371.25091557250636,0.0,711.7489835935103,0.0,1316.4869286713752,0.0,0.0,0.0,0.0,0.0,1687.7378442438815,562.5792814146272,2962.066109252019,44.430991638780284,14.234979671870207,14.234979671870207,115.25778377092371,750.7380161680715,3150.224844005463,0.0,0.0,0.0,0.0,0.0,0.0,0.0,0.0,701.3448152737639,23.809577283664677,0.0,0.0,0.0,2.2737367544323206e-13,0.0
2025-10-16 13:00:00+00:00,6,21.0,2416.502104441078,373.2774443281544,716.6311495039214,1326.5935106090017,373.2774443281544,236.1088735554274,137.16857077272698,1614.5646747832977,0.0,373.2774443281544,0.0,716.6311495039214,0.0,1326.5935106090017,0.0,0.0,0.0,0.0,0.0,1699.870954937156,566.6236516457187,2983.125756086796,44.74688634130194,14.332622990078429,14.332622990078429,115.96584716739916,756.0016311345767,3172.503735575654,0.0,0.0,0.0,0.0,0.0,0.0,0.0,0.0,701.3448152737639,23.80658488167274,0.0,0.0,0.0,-4.547473508864641e-13,0.0
2025-10-16 14:00:00+00:00,6,21.0,2400.4562851764026,370.47560123144507,711.2530640392366,1318.7276199057205,370.47560123144507,234.22753140336243,136.24806982808263,1614.5646747832977,0.0,370.47560123144507,0.0,711.2530640392366,0.0,1318.7276199057205,0.0,0.0,0.0,0.0,0.0,1689.2032211371657,563.0677403790552,2963.5240255554572,44.45286038333186,14.225061280784733,14.225061280784733,115.15026853413056,751.1209918580871,3151.5772770344897,0.0,0.0,0.0,0.0,0.0,0.0,0.0,0.0,701.3448152737639,23.80638042499303,0.0,0.0,0.0,0.0,0.0
2025-10-16 15:00:00+00:00,6,21.0,2370.1207225475923,364.4081337830397,702.2087200736149,1303.503868690939,364.4081337830397,230.81531633362795,133.59281744941177,1614.5646747832977,0.0,364.4081337830397,0.0,702.2087200736149,0.0,1303.503868690939,0.0,0.0,0.0,0.0,0.0,1667.9120024739786,555.9706674913263,2926.09139003892,43.8913708505838,14.044174401472299,14.044174401472299,113.43612044613238,741.3865075909871,3111.5072301385794,0.0,0.0,0.0,0.0,0.0,0.0,0.0,0.0,701.3448152737639,23.809176716148187,0.0,0.0,0.0,0.0,0.0
2025-10-16 16:00:00+00:00,6,21.0,2446.458205940478,379.6068030722927,727.00021041649,1339.8511924516974,379.6068030722927,239.6075333879262,139.99926968436648,1614.5646747832977,0.0,379.6068030722927,0.0,727.00021041649,0.0,1339.8511924516974,0.0,0.0,0.0,0.0,0.0,1719.4579955239901,573.1526651746634,3019.6108711151437,45.29416306672715,14.5400042083298,14.5400042083298,117.68425669726697,765.2110933553172,3211.6692992957946,0.0,0.0,0.0,0.0,0.0,0.0,0.0,0.0,701.3448152737639,23.80774754888157,0.0,0.0,0.0,-4.547473508864641e-13,0.0
2025-10-16 17:00:00+00:00,6,21.0,2460.279991037327,385.451018475713,733.5194053962633,1341.3095671653507,385.451018475713,242.06537633102351,143.38564214468948,1614.5646747832977,0.0,385.451018475713,0.0,733.5194053962633,0.0,1341.3095671653507,0.0,0.0,0.0,0.0,0.0,1726.7605856410637,575.5868618803546,3035.8668529176816,45.53800279376522,14.670388107925266,14.670388107925266,118.97953659369736,769.4451774836679,3229.725168520994,0.0,0.0,0.0,0.0,0.0,0.0,0.0,0.0,701.3448152737639,23.81355702948533,0.0,0.0,0.0,-7.958078640513122e-13,0.0
2025-10-16 18:00:00+00:00,6,21.0,2507.8566522645306,395.132291687479,749.4721348676619,1363.2522257093883,395.132291687479,247.59049353273755,147.54179815474146,1614.5646747832977,0.0,395.132291687479,0.0,749.4721348676619,0.0,1363.2522257093883,0.0,0.0,0.0,0.0,0.0,1758.3845173968673,586.1281724656225,3093.9848247301516,46.40977237095227,14.989442697353239,14.989442697353239,121.6527509629116,784.1695811941927,3292.0262334587233,0.0,0.0,0.0,0.0,0.0,0.0,0.0,0.0,701.3448152737639,23.81329363899075,0.0,0.0,0.0,0.0,0.0
2025-10-16 19:00:00+00:00,6,21.0,2492.6049982652075,392.72549444354274,744.8391009915161,1355.0404028301502,392.72549444354274,246.0129767860527,146.71251765749003,1614.5646747832977,0.0,392.72549444354274,0.0,744.8391009915161,0.0,1355.0404028301502,0.0,0.0,0.0,0.0,0.0,1747.765897273693,582.5886324245644,3075.1936306897737,46.127904460346606,14.896782019830324,14.896782019830324,120.9138372646148,779.4239381891864,3272.0289364543933,0.0,0.0,0.0,0.0,0.0,0.0,0.0,0.0,701.3448152737639,23.814218250143508,0.0,0.0,0.0,-6.821210263296962e-13,0.0
2025-10-16 20:00:00+00:00,6,21.0,2473.661980718646,389.9456341990189,739.1397605885771,1344.576585931049,389.9456341990189,244.0913720822837,145.8542621167352,1614.5646747832977,0.0,389.9456341990189,0.0,739.1397605885771,0.0,1344.576585931049,0.0,0.0,0.0,0.0,0.0,1734.522220130068,578.1740733766893,3051.8360540953345,45.777540811430015,14.782795211771543,14.782795211771543,120.03409951802891,773.5513041296914,3247.2132848483366,0.0,0.0,0.0,0.0,0.0,0.0,0.0,0.0,701.3448152737639,23.815913122877255,0.0,0.0,0.0,-1.0231815394945443e-12,0.0
2025-10-16 21:00:00+00:00,6,21.0,2451.80062053163,386.50339979163846,732.434273811855,1332.8629469281366,386.50339979163846,241.70723399935895,144.79616579227948,1614.5646747832977,0.0,386.50339979163846,0.0,732.434273811855,0.0,1332.8629469281366,0.0,0.0,0.0,0.0,0.0,1719.366346719775,573.1221155732584,3024.9227361048884,45.37384104157332,14.6486854762371,14.6486854762371,118.9782777165939,766.7716052838998,3218.5722258155292,0.0,0.0,0.0,0.0,0.0,0.0,0.0,0.0,701.3448152737639,23.818189439774297,0.0,0.0,0.0,-6.821210263296962e-13,0.0
2025-10-16 22:00:00+00:00,6,21.0,2385.6430649887966,375.91008656255144,712.5643360670853,1297.168642359159,375.91008656255144,235.02154905581384,140.88853750673758,1614.5646747832977,0.0,375.91008656255144,0.0,712.5643360670853,0.0,1297.168642359159,0.0,0.0,0.0,0.0,0.0,1673.0787289217105,557.6929096405702,2943.335974629366,44.150039619440484,14.251286721341705,14.251286721341705,115.73939705821138,746.0849197609053,3131.727984749702,0.0,0.0,0.0,0.0,0.0,0.0,0.0,0.0,701.3448152737639,23.819388843936583,0.0,0.0,0.0,1.1368683772161603e-13,0.0
2025-10-16 23:00:00+00:00,6,21.0,2383.2515857583894,375.1643631158636,711.8901764236409,1296.1970462188835,375.1643631158636,234.66804063305193,140.49632248281165,1614.5646747832977,0.0,375.1643631158636,0.0,711.8901764236409,0.0,1296.1970462188835,0.0,0.0,0.0,0.0,0.0,1671.3614093347471,557.120469778249,2940.372055536637,44.10558083304956,14.237803528472819,14.237803528472819,115.55251747281349,745.2541751410577,3128.505760899447,0.0,0.0,0.0,0.0,0.0,0.0,0.0,0.0,701.3448152737639,23.82059268790815,0.0,0.0,0.0,0.0,0.0
2025-11-13 00:00:00+00:00,7,22.0,3360.4038384668725,482.2477847623998,942.5332582487854,1935.6227954556844,482.24778476239976,306.47560403140494,175.77218073099485,1614.5646747832977,0.0,482.2477847623998,0.0,942.5332582487854,0.0,1935.6227954556844,0.0,0.0,0.0,0.0,0.0,2417.8705802180843,805.9568600726948,4166.3606985395645,62.49541047809347,18.85066516497571,18.85066516497571,155.76085239935276,1061.9144532800924,4422.318291746965,0.0,0.0,0.0,0.0,0.0,21154.930566903346,0.0,0.0,701.3448152737639,23.802904087306267,0.0,0.0,0.0,0.0,0.0
2025-11-13 01:00:00+00:00,7,22.0,3281.3981755089244,470.3202595374384,918.7302996198907,1892.3476163515966,470.3202595374384,299.06296971949945,171.25728981793895,1614.5646747832977,0.0,470.3202595374384,0.0,918.7302996198907,0.0,1892.3476163515966,0.0,0.0,0.0,0.0,0.0,2362.667875889035,787.5559586296782,4068.954134138604,61.034312012079056,18.374605992397814,18.374605992397814,152.03260162202548,1037.3720842485786,4318.7702597575035,0.0,0.0,0.0,0.0,0.0,21112.62070576954,0.0,0.0,701.3448152737639,23.80753392810799,0.0,0.0,0.0,4.547473508864641e-13,0.0
2025-11-13 02:00:00+00:00,7,22.0,3229.0354634178498,463.39246249548603,904.105153665587,1861.5378472567756,463.39246249548603,294.3553663629397,169.0370961325463,1614.5646747832977,0.0,463.39246249548603,0.0,904.105153665587,0.0,1861.5378472567756,0.0,0.0,0.0,0.0,0.0,2324.9303097522616,774.9767699174205,4004.012233335269,60.06018350002903,18.08210307331174,18.08210307331174,149.71308934703345,1020.9142489111064,4249.949712328956,0.0,0.0,0.0,0.0,0.0,21070.395464358004,0.0,0.0,701.3448152737639,23.80543368093783,0.0,0.0,0.0,-4.547473508864641e-13,0.0
2025-11-13 03:00:00+00:00,7,22.0,3216.3525933302976,463.1531354822493,901.6342051549016,1851.565252693144,463.1531354822493,294.0369971082926,169.1161383739567,1614.5646747832977,0.0,463.1531354822493,0.0,901.6342051549016,0.0,1851.565252693144,0.0,0.0,0.0,0.0,0.0,2314.718388175393,771.5727960584644,3987.925389388759,59.81888084083138,18.03268410309803,18.03268410309803,149.39466897824607,1016.851714083738,7739.928383782854,0.0,0.0,0.0,0.0,0.0,21028.25467342929,3506.724076368819,0.0,4028.115377396477,23.800500797088063,0.0,0.0,0.0,-9.094947017729282e-13,0.0
2025-11-13 04:00:00+00:00,7,22.0,3126.968956241263,451.4185831334766,875.3631167314442,1800.1872563763409,451.4185831334766,286.1185411832896,165.300041950187,1614.5646747832977,0.0,451.4185831334766,0.0,875.3631167314442,0.0,1800.1872563763409,0.0,0.0,0.0,0.0,0.0,2251.6058395098175,750.5352798366058,3877.5042360778675,58.16256354116801,17.507262334628884,17.507262334628884,145.4901690743621,989.2025371213936,6523.706194100883,0.0,0.0,0.0,0.0,0.0,20986.198164082434,2407.5347007382265,0.0,6312.103337463875,23.795838366951074,0.0,0.0,0.0,0.0,0.0
2025-11-13 05:00:00+00:00,7,22.0,3196.774369188285,461.37702894985955,895.1694208088869,1840.2279194295356,461.37702894985955,292.5186725924264,168.85835635743314,1614.5646747832977,0.0,461.37702894985955,0.0,895.1694208088869,0.0,1840.2279194295356,0.0,0.0,0.0,0.0,0.0,2301.604948379395,767.2016494597983,3963.9760186480803,59.4596402797212,17.903388416177737,17.903388416177737,148.71047866264826,1011.1785452345233,4207.952914422807,0.0,0.0,0.0,0.0,0.0,20944.22576775427,0.0,0.0,6312.103337463875,23.795013775183623,0.0,0.0,0.0,-1.2505552149377763e-12,0.0
2025-11-13 06:00:00+00:00,7,22.0,2924.6741731359034,422.2391804731065,815.5522883093397,1686.8827043534582,422.2391804731065,267.4166778140481,154.8225026590584,1614.5646747832977,0.0,422.2391804731065,0.0,815.5522883093397,0.0,1686.8827043534582,0.0,0.0,0.0,0.0,0.0,2109.121884826565,703.0406282755216,3627.7148014114264,54.41572202117139,16.311045766186794,16.311045766186794,136.16881454150655,926.2472563705732,2034.8126064789553,0.0,0.0,0.0,0.0,0.0,20902.337316218764,0.0,1816.1088230275213,4397.756550965668,23.80069810495978,0.0,0.0,0.0,1.1368683772161603e-13,0.0
2025-11-13 07:00:00+00:00,7,22.0,2906.985988667035,418.8479282749291,809.3397685312061,1678.7982918608996,418.84792827492913,265.50337300504543,153.34455526988367,1614.5646747832977,0.0,418.8479282749291,0.0,809.3397685312061,0.0,1678.7982918608996,0.0,0.0,0.0,0.0,0.0,2097.6462201358286,699.2154067119428,3606.2013953789774,54.09302093068466,16.18679537062412,16.18679537062412,135.22278242686937,920.9048008107452,321.1667131089612,0.0,0.0,0.0,0.0,0.0,20860.532641586327,0.0,3506.724076368819,701.3448152737639,23.804569421841443,0.0,0.0,0.0,0.0,0.0
2025-11-13 08:00:00+00:00,7,22.0,2949.1212400973604,423.6567516831966,823.5119003883163,1701.9525880258468,423.6567516831966,268.9098819834421,154.7468696997545,1614.5646747832977,0.0,423.6567516831966,0.0,823.5119003883163,0.0,1701.9525880258468,0.0,0.0,0.0,0.0,0.0,2125.6093397090435,708.5364465696812,3657.657686667041,54.86486530000562,16.470238007766326,16.470238007766326,136.87713130523696,933.2189191904563,3882.3401592878167,0.0,0.0,0.0,0.0,0.0,20818.811576303156,0.0,0.0,701.3448152737639,23.81293694444835,0.0,0.0,0.0,0.0,0.0
2025-11-13 09:00:00+00:00,7,22.0,2934.9349326267106,422.25155524523973,819.4473732720405,1693.2360041094303,422.25155524523973,267.7760911894267,154.475464055813,1614.5646747832977,0.0,422.25155524523973,0.0,819.4473732720405,0.0,1693.2360041094303,0.0,0.0,0.0,0.0,0.0,2115.48755935467,705.1625197848899,3640.0974524116,54.601461786174,16.38894746544081,16.38894746544081,136.34010896435427,928.8819854662997,3863.816918093009,0.0,0.0,0.0,0.0,0.0,20777.173953150552,0.0,0.0,701.3448152737639,23.808931137028587,0.0,0.0,0.0,-1.3642420526593924e-12,0.0
2025-11-13 10:00:00+00:00,7,22.0,2923.152840962353,420.88912600134273,815.9883610546316,1686.275353906378,420.88912600134273,266.7650100151021,154.1241159862406,1614.5646747832977,0.0,420.88912600134273,0.0,815.9883610546316,0.0,1686.275353906378,0.0,0.0,0.0,0.0,0.0,2107.1644799077208,702.3881599692403,3625.541000931593,54.38311501397389,16.319767221092633,16.319767221092633,135.85979402923203,925.2706034546316,3848.4234444169847,0.0,0.0,0.0,0.0,0.0,20735.619605244254,0.0,0.0,701.3448152737639,23.806922045774076,0.0,0.0,0.0,2.2737367544323206e-13,0.0
2025-11-13 11:00:00+00:00,7,22.0,2916.5379463036284,420.3716437153505,815.1435021969229,1681.0228003913548,420.3716437153505,266.28079406932534,154.09084964602513,1614.5646747832977,0.0,420.3716437153505,0.0,815.1435021969229,0.0,1681.0228003913548,0.0,0.0,0.0,0.0,0.0,2101.394444106705,700.464814702235,3617.002761005863,54.25504141508794,16.30287004393846,16.30287004393846,135.60630463598056,922.9319008411804,3839.4698471448087,0.0,0.0,0.0,0.0,0.0,20694.148366033765,0.0,0.0,701.3448152737639,23.805582890182585,0.0,0.0,0.0,-1.1368683772161603e-13,0.0
2025-11-13 12:00:00+00:00,7,22.0,2911.949476336297,420.00968798562906,815.256246291017,1676.6835420596517,420.00968798562906,265.9915748269433,154.0181131586858,1614.5646747832977,0.0,420.00968798562906,0.0,815.256246291017,0.0,1676.6835420596517,0.0,0.0,0.0,0.0,0.0,2096.693230045281,698.897743348427,3610.8472196847247,54.16270829527087,16.30512492582034,16.30512492582034,135.4117342737607,921.0824357690991,7339.755988474215,0.0,0.0,0.0,0.0,0.0,20652.760069301694,3506.724076368819,0.0,4028.115377396477,23.807129539355945,0.0,0.0,0.0,4.547473508864641e-13,0.0
2025-11-13 13:00:00+00:00,7,22.0,3043.061396795352,439.9637417798565,850.6512911265196,1752.4463638889724,439.9637417798565,278.22134926803665,161.74239251181984,1614.5646747832977,0.0,439.9637417798565,0.0,850.6512911265196,0.0,1752.4463638889724,0.0,0.0,0.0,0.0,0.0,2192.4101056688287,730.8033685562763,3773.8647653516246,56.607971480274365,17.01302582253039,17.01302582253039,141.7402045848537,963.1775962664651,6413.7736938000435,0.0,0.0,0.0,0.0,0.0,20611.45454916309,2407.5347007382265,0.0,6312.103337463875,23.788450794858214,0.0,0.0,0.0,0.0,0.0
2025-11-13 14:00:00+00:00,7,22.0,3199.9623254641006,462.53209037470197,894.3694194124225,1843.060815676974,462.53209037470197,292.90477642403374,169.6273139506682,1614.5646747832977,0.0,462.53209037470197,0.0,894.3694194124225,0.0,1843.060815676974,0.0,0.0,0.0,0.0,0.0,2305.592906051676,768.530968683892,3968.49329414799,59.52739941221985,17.88738838824845,17.88738838824845,149.031580028652,1012.8647249012608,4212.827050365361,0.0,0.0,0.0,0.0,0.0,20570.231640064765,0.0,0.0,6312.103337463875,23.780643985271922,0.0,0.0,0.0,-2.2737367544323206e-13,0.0
2025-11-13 15:00:00+00:00,7,22.0,3230.7696475603207,468.7595638093316,909.1119482141225,1852.8981355368667,468.7595638093316,296.8878696354938,171.8716941738378,1614.5646747832977,0.0,468.7595638093316,0.0,909.1119482141225,0.0,1852.8981355368667,0.0,0.0,0.0,0.0,0.0,2321.657699346198,773.8858997820661,4004.655547342387,60.0698332101358,18.18223896428245,18.18223896428245,150.6354727467092,1020.9556836674759,2435.616508200274,0.0,0.0,0.0,0.0,0.0,20529.091176784637,0.0,1816.1088230275213,4397.756550965668,23.780265047799553,0.0,0.0,0.0,-1.2505552149377763e-12,0.0
2025-11-13 16:00:00+00:00,7,22.0,3209.827763350554,464.12548249503686,899.1377589241714,1846.5645219313483,464.12548249503686,294.26842647743973,169.85705601759713,1614.5646747832977,0.0,464.12548249503686,0.0,899.1377589241714,694.517464053928,1152.0470578774202,0.0,0.0,694.517464053928,926.0232854052374,231.50582135130935,1616.1725403724572,538.7241801241524,3054.0344794207813,45.81051719131172,24.92792981902271,17.98275517848343,149.47100222952596,1008.4222058938057,711.5258928755397,0.0,0.0,0.0,926.0232854052374,0.0,21367.755115566048,0.0,3506.724076368819,701.3448152737639,23.78783559173568,0.0,0.0,0.0,-7.958078640513122e-13,0.0
2025-11-13 17:00:00+00:00,7,22.0,3193.7881855005635,460.2960195955854,889.0844507608725,1844.407715144106,460.29601959558534,291.5049869360212,168.79103265956414,1614.5646747832977,0.0,460.2960195955854,0.0,889.0844507608725,33.73856070878537,1810.6691544353207,0.0,0.0,33.73856070878537,44.98474761171383,11.246186902928457,2270.965174030906,756.9883913436353,3917.0380161354137,58.755570242031204,18.119074622305305,17.781689015217452,148.58804375551694,1011.4789558816346,4205.267141382198,0.0,0.0,0.0,44.98474761171383,0.0,21367.755115566048,0.0,0.0,701.3448152737639,23.782426871697126,0.0,0.0,0.0,0.0,0.0
2025-11-13 18:00:00+00:00,7,22.0,3206.1912956608926,461.1520856218591,892.4780300629203,1852.5611799761116,461.1520856218591,291.9577526107227,169.19433301113642,1614.5646747832977,0.0,461.1520856218591,0.0,892.4780300629203,0.0,1852.5611799761116,0.0,0.0,0.0,0.0,0.0,2313.713265597971,771.2377551993236,3977.429050860215,59.66143576290322,17.849560601258407,17.849560601258407,148.98948558966595,1015.5877977544096,4221.779093415302,0.0,0.0,0.0,0.0,0.0,21325.019605334917,0.0,0.0,701.3448152737639,23.783471074805036,0.0,0.0,0.0,-4.547473508864641e-13,0.0
2025-11-13 19:00:00+00:00,7,22.0,3235.0414816398597,463.84613265809685,897.5381197475103,1873.6572292342544,463.84613265809685,294.1117012771439,169.73443138095294,1614.5646747832977,0.0,463.84613265809685,0.0,897.5381197475103,67.40964429615542,1806.247584938099,0.0,0.0,67.40964429615542,89.87952572820723,22.469881432051807,2270.093717596196,756.6979058653986,3924.329743209105,58.86494614813657,18.624858837911763,17.950762394950207,150.13963194538002,1024.747986623829,4259.789468263688,0.0,0.0,0.0,89.87952572820723,0.0,21367.755115566048,0.0,0.0,701.3448152737639,23.787639651456153,0.0,0.0,0.0,-9.094947017729282e-13,0.0
2025-11-13 20:00:00+00:00,7,22.0,3226.673697013226,464.84907619201346,896.3485377054405,1865.4760831157726,464.8490761920135,293.9989762809779,170.85009991103558,1614.5646747832977,0.0,464.84907619201346,0.0,896.3485377054405,0.0,1865.4760831157726,0.0,0.0,0.0,0.0,0.0,2330.325159307786,776.7750531025954,4003.448750115822,60.05173125173732,17.92697075410881,17.92697075410881,150.13570389500663,1022.8164297575569,4249.490126770783,0.0,0.0,0.0,0.0,0.0,21325.019605334917,0.0,0.0,701.3448152737639,23.775311007905,0.0,0.0,0.0,-1.1368683772161603e-13,0.0
2025-11-13 21:00:00+00:00,7,22.0,3122.517284295217,450.6763620865432,870.8861133201226,1800.9548088885522,450.6763620865432,285.28608164197533,165.39028044456785,1614.5646747832977,0.0,450.6763620865432,0.0,870.8861133201226,0.0,1800.9548088885522,0.0,0.0,0.0,0.0,0.0,2251.6311709750953,750.5437236583651,3873.061007953583,58.09591511930375,17.417722266402453,17.417722266402453,145.3541100612852,988.8291933717592,4111.346477666976,0.0,0.0,0.0,0.0,0.0,21282.36956612425,0.0,0.0,701.3448152737639,23.78936620034689,0.0,0.0,0.0,0.0,0.0
2025-11-13 22:00:00+00:00,7,22.0,3132.447020939854,451.99642686343833,874.1411091558558,1806.309484920561,451.9964268634384,286.44321050906484,165.55321635437352,1614.5646747832977,0.0,451.99642686343833,0.0,874.1411091558558,0.0,1806.309484920561,0.0,0.0,0.0,0.0,0.0,2258.3059117839994,752.7686372613331,3885.215658201188,58.278234873017816,17.48282218311712,17.48282218311712,145.78367279742653,991.7961892980118,4124.243210237865,0.0,0.0,0.0,0.0,0.0,21239.804826992,0.0,0.0,701.3448152737639,23.79380912335768,0.0,0.0,0.0,-6.821210263296962e-13,0.0
2025-11-13 23:00:00+00:00,7,22.0,3118.19106510485,450.8613529626189,871.061519775683,1796.2681923665484,450.861352962619,285.6978640466615,165.16348891595746,1614.5646747832977,0.0,450.8613529626189,0.0,871.061519775683,0.0,1796.2681923665484,0.0,0.0,0.0,0.0,0.0,2247.1295453291673,749.0431817763891,3867.2342468812394,58.00851370321859,17.42123039551366,17.42123039551366,145.27105602928793,987.165212299923,4105.356277404773,0.0,0.0,0.0,0.0,0.0,21197.325217338017,0.0,0.0,701.3448152737639,23.79436535693218,0.0,0.0,0.0,0.0,0.0
2025-11-28 00:00:00+00:00,8,46.0,3424.175471449615,495.117239647233,970.4231030344941,1958.6351287678858,495.117239647233,313.4816244662554,181.6356151809776,1614.5646747832977,415.8956155862119,79.22162406102115,0.0,970.4231030344941,1775.7025346381,182.9325941297859,604.9390772163082,189.0434616300963,1775.7025346381,2367.6033795174662,591.9008448793666,262.15421819080706,87.38473939693569,1319.962060622237,19.799430909333555,37.165487407070884,19.40846206068988,159.13936454641268,1103.8417908299054,4528.017262279521,2638.8729684602295,2638.87296846023,0.0,333.6694882735451,0.0,3585.1243075203806,0.0,0.0,701.3448152737639,23.774928585759874,0.0,0.0,0.0,2.2737367544323206e-13,0.0
2025-11-28 01:00:00+00:00,8,46.0,3247.9571611603405,470.1123748696207,919.8255554118414,1858.01923087888,470.1123748696207,298.16086206582924,171.95151280379145,1614.5646747832977,394.21095231936073,75.90142255025995,0.0,919.8255554118414,1775.7025346381001,82.31669624077995,573.3977488281611,179.1867965088003,1775.7025346381001,2367.6033795174667,591.9008448793667,158.2181187910399,52.73937293034663,1130.783047133228,16.961745706998418,36.153536454617836,18.39651110823683,151.0602510906507,1046.3990586790173,4294.356219839358,2629.8324046127004,2629.8324046127,4.547473508864641e-13,311.16872373292745,0.0,3873.564346451621,0.0,0.0,701.3448152737639,23.787314282137704,0.0,0.0,0.0,4.547473508864641e-13,0.0
2025-11-28 02:00:00+00:00,8,46.0,3264.2567696386836,471.5140570896032,925.41657436484,1867.3261381842399,471.5140570896032,299.98333635461364,171.5307207349896,1614.5646747832977,396.6071032992171,74.90695379038613,0.0,925.41657436484,1775.7025346381001,91.62360354613975,576.8830593443158,180.2759560450987,1775.7025346381001,2367.6033795174667,591.9008448793667,166.53055733652587,55.51018577884196,1147.4573174802078,17.21185976220312,36.2653568336778,18.5083314872968,151.615167168773,1051.2877019552582,4315.544471593941,2630.82239760372,2630.82239760372,0.0,313.6640412580623,0.0,4163.798056953877,0.0,0.0,701.3448152737639,23.802613992127505,0.0,0.0,0.0,-6.821210263296962e-13,0.0
2025-11-28 03:00:00+00:00,8,46.0,3236.0382961942355,468.5385789363412,917.3048106146175,1850.1949066432744,468.5385789363412,297.8781303964235,170.6604485399177,1614.5646747832977,393.13063312055044,75.40794581579075,0.0,917.3048106146175,1775.7025346381004,74.49237200517405,571.8263754480733,178.6957423275229,1775.7025346381004,2367.603379517467,591.9008448793668,149.9003178209648,49.966772606988265,1117.1719010425707,16.75757851563856,36.10312155867335,18.346096212292352,150.51541615536007,1042.2855722558425,7785.047944818896,2647.87441583161,2647.87441583161,0.0,291.5553391339304,0.0,4432.448033017203,3506.724076368819,0.0,4028.115377396477,23.797336943803824,0.0,0.0,0.0,-1.3642420526593924e-12,0.0
2025-11-28 04:00:00+00:00,8,46.0,3247.777536080856,470.5238713405531,920.0411756928643,1857.2124890474377,470.5238713405531,299.0065558811269,171.5173154594262,1614.5646747832977,394.30336101122765,76.22051032932546,0.0,920.0411756928643,1775.7025346381001,81.50995440933752,573.5321614708766,179.22880045964894,1775.7025346381001,2367.6033795174667,591.9008448793667,157.730464738663,52.57682157955433,1130.3484620110817,16.955226930166223,36.15784886023829,18.400823513857286,151.13122436631096,1046.3515905891427,6701.663827408223,3990.08519780826,3990.08519780826,0.0,0.0,1048.9496568199165,3319.4256034565187,2407.5347007382265,0.0,6312.103337463875,23.79330250486312,0.0,0.0,0.0,-1.8189894035458565e-12,0.0
2025-11-28 05:00:00+00:00,8,46.0,3232.7205570682927,468.5622182337269,916.2638916714981,1847.8944471630696,468.5622182337269,297.5993814143494,170.96283681937751,1614.5646747832977,392.68452500207064,75.87769323165628,0.0,916.2638916714981,1775.7025346381006,72.19191252496898,571.1774909121028,178.49296591003213,1775.7025346381006,2367.603379517467,591.9008448793668,148.06960575662526,49.356535252208424,1113.6900326803318,16.705350490204978,36.082303179810964,18.32527783342996,150.45778573645217,1041.3210632815055,4274.041620349798,5446.849914080061,5446.84991408006,9.094947017729282e-13,0.0,2508.069043650491,672.7140747227731,0.0,0.0,6312.103337463875,23.791856580392235,0.0,0.0,0.0,-2.2737367544323206e-13,0.0
2025-11-28 06:00:00+00:00,8,46.0,3251.0636055714913,471.37198486605564,924.1318774064459,1855.5597432989912,471.3719848660556,299.5212923530888,171.85069251296676,1614.5646747832977,396.0565188884769,75.31546597757875,0.0,924.1318774064459,1775.7025346381004,79.85720866089082,576.08220929233,180.02569040385313,1775.7025346381004,2367.603379517467,591.9008448793668,155.17267463846957,51.72422487948986,1131.0287769244053,16.96543165386608,36.23966289450992,18.48263754812892,151.26592304059355,1046.6044152998081,4297.668020871299,3581.4858030544583,5019.21591944595,0.0,0.0,637.8002142446613,0.0,0.0,0.0,6312.103337463875,23.793555228884664,0.0,0.0,0.0,-6.821210263296962e-13,0.0
2025-11-28 07:00:00+00:00,8,46.0,3227.6421726238386,468.1753846232182,916.4866174444913,1842.9801705561283,468.1753846232181,297.57594989706683,170.5994347261513,1614.5646747832977,392.77997890478207,75.39540571843611,0.0,916.4866174444913,1775.7025346381001,67.27763591802818,571.3163329524103,178.5363540476282,1775.7025346381001,2367.6033795174667,591.9008448793667,142.6730416364643,47.5576805454881,1106.7173396264438,16.60076009439666,36.08675769527083,18.329732348889827,150.24214449102152,1039.2542741020618,4266.896446725901,2938.919712469877,3887.45313427802,0.0,0.0,0.0,0.0,0.0,0.0,6312.103337463875,23.79433093200239,0.0,0.0,0.0,6.821210263296962e-13,0.0
2025-11-28 08:00:00+00:00,8,46.0,3217.9434145485484,467.49428224288414,914.3218159890929,1836.127316316574,467.4942822428841,296.83320480282816,170.66107744005595,1614.5646747832977,391.8522068524685,75.64207539041564,0.0,914.3218159890929,1775.7025346381006,60.42478167847344,569.9668463308633,178.11463947839476,1775.7025346381006,2367.603379517467,591.9008448793668,136.06685706888908,45.355619022963026,1095.744292080945,16.436164381214173,36.04346166616287,18.28643631978186,149.9107477969029,1036.0479135447863,747.2672517245151,2937.5702258483307,3416.20661731202,0.0,0.0,0.0,0.0,0.0,3506.724076368819,2615.691601771971,23.79098772221472,0.0,0.0,0.0,-4.547473508864641e-13,0.0
2025-11-28 09:00:00+00:00,8,46.0,3203.6907834092526,465.5996449699216,910.0299510740334,1828.0611873652997,465.59964496992154,295.54853822560443,170.05110674431714,1614.5646747832977,390.0128361745858,75.5868087953358,0.0,910.0299510740334,1775.7025346381001,52.35865272719957,567.2913980721248,177.278561897539,1775.7025346381001,2367.6033795174667,591.9008448793667,127.94546152253537,42.648487174178456,1080.6238997707474,16.209358496561208,35.95762436786167,18.20059902148067,149.28596965578254,1031.48144549277,2419.0634058745,1450.3179378456798,1450.31793784568,0.0,1484.5768397439115,0.0,1410.3479977567158,0.0,1816.1088230275218,701.3448152737639,23.792515678178972,0.0,0.0,0.0,-9.094947017729282e-13,0.0
2025-11-28 10:00:00+00:00,8,46.0,3204.0751903207956,465.31649149116635,910.6080525818932,1828.150646247737,465.3164914911664,295.1375853426355,170.1789061485309,1614.5646747832977,390.26059396366855,75.05589752749779,0.0,910.6080525818932,1775.7025346381001,52.44811160963695,567.6517730380634,177.3911790743948,1775.7025346381001,2367.6033795174667,591.9008448793667,127.50400913713474,42.501336379044915,1080.6133980980728,16.20920097147109,35.96918639801886,18.212161051637864,149.22574437426545,1031.4096531281998,4235.484843448996,0.0,0.0,0.0,2935.25515255553,0.0,4196.019696688956,0.0,0.0,701.3448152737639,23.792868172304903,0.0,0.0,0.0,4.547473508864641e-13,0.0
2025-11-28 11:00:00+00:00,8,46.0,3254.992720441803,472.56530933937836,925.7319277747752,1856.6954833276475,472.56530933937836,299.6938044356832,172.87150490369518,1614.5646747832977,396.742254760618,75.82305457876038,0.0,925.7319277747752,1775.7025346381001,80.99294868954735,577.0796432881716,180.33738852755363,1775.7025346381001,2367.6033795174667,591.9008448793667,156.81600326830772,52.27200108943591,1134.8199321325187,17.02229898198778,36.27166390187651,18.514638555495505,151.55100255796265,1047.8698384936788,4302.8625589354815,4.547473508864641e-13,0.0,4.547473508864641e-13,2944.683022805638,0.0,6985.076528960934,0.0,0.0,701.3448152737639,23.789981886602973,0.0,0.0,0.0,-4.547473508864641e-13,0.0
2025-11-28 12:00:00+00:00,8,46.0,3228.0821821670875,468.9831045364242,918.5019649305694,1840.5971127000962,468.9831045364242,297.7198218211065,171.26328271531773,1614.5646747832977,393.6436992559583,75.33940528046588,0.0,918.5019649305694,1775.7025346381004,64.89457806199584,572.5726534632121,178.92895420725375,1775.7025346381004,2367.603379517467,591.9008448793668,140.23398334246173,46.74466111415391,1105.480609387185,16.582209140807777,36.12706464499239,18.37003929861139,150.350808243889,1039.004581529075,7773.810840064982,-9.094947017729282e-13,0.0,0.0,2940.1760329806802,0.0,9764.27360723466,3506.724076368819,0.0,4028.115377396477,23.796362005288163,0.0,0.0,0.0,4.547473508864641e-13,0.0
2025-11-28 13:00:00+00:00,8,46.0,3215.14147905836,467.9308133241106,914.9820633998264,1832.2286023344263,467.93081332411066,296.74095183028237,171.18986149382826,1614.5646747832977,392.1351700284971,75.7956432956135,0.0,914.9820633998264,1775.7025346381006,56.526067696325754,570.3784291323594,178.2432591038623,1775.7025346381006,2367.603379517467,591.9008448793668,132.32171099193926,44.10723699731309,1091.4110113890788,16.371165170836182,36.056666614377534,18.299641267996527,149.8994711418203,1034.8782851755727,6657.554464972158,1.3642420526593924e-12,0.0,1.3642420526593924e-12,2937.9818086498253,0.0,12535.827778237526,2407.5347007382265,0.0,6312.103337463875,23.791740702576366,0.0,0.0,0.0,-1.3642420526593924e-12,0.0
2025-11-28 14:00:00+00:00,8,46.0,3309.96081970632,483.0616334873489,945.1343531999461,1881.7648330190243,483.0616334873489,306.4479095077405,176.61372397960838,1614.5646747832977,405.0575799428341,78.00405354451482,0.0,945.1343531999461,1775.7025346381004,106.06229838092395,589.1746617350315,184.11708179219733,1775.7025346381004,2367.603379517467,591.9008448793668,184.06635192543877,61.35545064181292,1190.5561557671977,17.858342336507963,36.659712410379925,18.902687063998922,154.48610841824205,1065.2802275425058,4375.241047248825,2278.6298333639706,2278.62983336397,4.547473508864641e-13,678.1482078885278,0.0,13154.996920175152,0.0,0.0,6312.103337463875,23.786407643146827,0.0,0.0,0.0,-2.2737367544323206e-13,0.0
2025-11-28 15:00:00+00:00,8,46.0,3399.0756266603876,494.5090948178988,963.2379272781425,1941.3286045643465,494.5090948178988,312.5461698972315,181.96292492066732,1614.5646747832977,412.81625454777543,81.69284027012338,0.0,963.2379272781425,1775.7025346381001,165.62606992624637,600.4600066149461,187.64375206717065,1775.7025346381001,2367.6033795174667,591.9008448793667,247.31891019636976,82.43963673212325,1292.9964742066354,19.39494711309953,37.021783891943855,19.26475854556285,158.54696522682923,1096.212688456096,4495.2883151164815,2180.74284742367,2180.74284742367,0.0,787.3205387087428,0.0,13876.641438108107,0.0,0.0,6312.103337463875,23.771110955010954,0.0,0.0,0.0,-2.0463630789890885e-12,0.0
2025-11-28 16:00:00+00:00,8,46.0,3407.1959698933106,492.2559602227974,952.0574102822194,1962.8825993882947,492.2559602227974,310.3240392987508,181.9319209240466,1614.5646747832977,408.02460440666545,84.23135581613195,0.0,952.0574102822194,1775.7025346381001,187.18006475019456,593.4903336824225,185.465729275757,1775.7025346381001,2367.6033795174667,591.9008448793667,271.4114205663265,90.47047352210883,1313.9393043706548,19.70908956555982,36.79817355202539,19.041148205644387,158.6426538942799,1102.0281128947422,1002.5000064192322,3030.3205297877,3030.3205297877,0.0,0.0,69.22681658781084,13776.017821981564,0.0,3506.724076368819,2615.691601771971,23.762095585438566,0.0,0.0,0.0,-1.3642420526593924e-12,0.0
2025-11-28 17:00:00+00:00,8,46.0,3384.7131239363234,487.69649789618586,943.5666278974501,1953.4499981426877,487.69649789618586,307.8327648541665,179.86373304201936,1614.5646747832977,404.38569767033573,83.31080022585013,0.0,943.5666278974501,1775.7025346381006,177.74746350458713,588.1973784295793,183.81168075924353,1775.7025346381006,2367.603379517467,591.9008448793668,261.05826373043726,87.01942124347909,1291.6443128713663,19.374664693070493,36.62835790433001,18.871332557949003,157.41037230516508,1095.016674342604,4479.729798278928,4253.615772276671,4253.61577227667,9.094947017729282e-13,0.0,1297.8150143296243,12382.344718622207,0.0,0.0,2615.691601771971,23.766776798924944,0.0,0.0,0.0,4.547473508864641e-13,0.0
2025-11-28 18:00:00+00:00,8,46.0,3331.901453149512,480.5852459556317,929.7136298744982,1921.6025773193821,480.58524595563176,303.14436505678646,177.44088089884528,1614.5646747832977,398.44869851764224,82.13654743798946,0.0,929.7136298744982,1775.7025346381,145.90004268128223,579.5617432983887,181.11304478074646,1775.7025346381,2367.6033795174662,591.9008448793666,228.0365901192717,76.0121967064239,1233.7624167001939,18.506436250502908,36.35129794387096,18.594272597489965,155.02382374655872,1077.5019169049594,2593.2945470269497,3896.0040344680397,3896.00403446804,0.0,0.0,948.8389116521848,11358.802227445822,0.0,1816.1088230275218,701.3448152737639,23.76648018060883,0.0,0.0,0.0,2.2737367544323206e-13,0.0
2025-11-28 19:00:00+00:00,8,46.0,3233.2060234436854,466.86006734714624,905.1132070143831,1861.2327490821558,466.86006734714624,294.2352868877829,172.62478045936334,1614.5646747832977,387.90566014902134,78.9544071981249,0.0,905.1132070143831,1775.7025346381001,85.53021444405567,564.2264147622129,176.32075461319153,1775.7025346381001,2367.6033795174667,591.9008448793667,164.48462164218057,54.82820721406019,1124.4260358706238,16.866390538059356,35.859289486668665,18.102264140287662,150.4463027116118,1044.3240535832458,4277.530077026931,3475.1496749260505,3475.14967492605,4.547473508864641e-13,0.0,543.3198806463706,10764.168959152645,0.0,0.0,701.3448152737639,23.772663844408157,0.0,0.0,0.0,2.2737367544323206e-13,0.0
2025-11-28 20:00:00+00:00,8,46.0,3257.3803638142945,470.74651761254916,912.1387074198981,1874.4951387818471,470.74651761254916,296.82270948815125,173.92380812439788,1614.5646747832977,390.9165888942422,79.82992871830697,0.0,912.1387074198981,1775.7025346380997,98.79260414374744,568.6059474825341,177.6893585882919,1775.7025346380997,2367.6033795174662,591.9008448793666,178.6225328620544,59.54084428735147,1150.302084569304,17.25453126853956,35.999799494778955,18.242774148397963,151.6407243774142,1052.2688770441407,4309.649240858435,5812.04950907955,5812.04950907955,0.0,0.0,2875.8401820795493,7715.440429571656,0.0,0.0,701.3448152737639,23.771658728011072,0.0,0.0,0.0,2.2737367544323206e-13,0.0
2025-11-28 21:00:00+00:00,8,46.0,3294.174237860473,477.5684989286811,922.0945723783358,1894.5111665534564,477.5684989286811,300.5201603050302,177.04833862365092,1614.5646747832977,395.183388162144,82.38511076653708,0.0,922.0945723783358,1775.7025346381,118.8086319153565,574.8122009631186,179.62881280097454,1775.7025346381,2367.6033795174662,591.9008448793666,201.19374268189358,67.06458089396453,1190.3528959541939,17.855293439312906,36.19891679394772,18.441891447566714,153.64596643585324,1064.736306690986,4358.910544551458,5630.00339966887,5630.00339966887,0.0,0.0,2687.587819188285,4870.9697390406345,0.0,0.0,701.3448152737639,23.757289427548788,0.0,0.0,0.0,-1.3642420526593924e-12,0.0
2025-11-28 22:00:00+00:00,8,46.0,3371.3306467142584,487.37150198756945,939.7331141480769,1944.2260305786137,487.37150198756945,307.254940470997,180.1165615165725,1614.5646747832977,402.74276320631867,84.62873878125077,0.0,939.7331141480769,1775.7025346381004,168.52349594051338,585.8076555728272,183.0648923665085,1775.7025346381004,2367.603379517467,591.9008448793668,253.15223472176416,84.38407824058805,1277.2694271104292,19.15904140665644,36.55168762934254,18.79466228296154,157.09313427571325,1090.9483410811372,4462.278987795393,4787.20798837594,4787.20798837594,0.0,0.0,1833.796953285646,2930.9152171566107,0.0,0.0,701.3448152737639,23.758148838810474,0.0,0.0,0.0,-2.7284841053187847e-12,0.0
2025-11-28 23:00:00+00:00,8,46.0,3337.2492740096263,481.1013471873098,930.4920399220156,1925.6558869003013,481.1013471873098,303.9072188539781,177.19412833333163,1614.5646747832977,398.782302823721,82.31904436358877,0.0,930.4920399220156,1775.7025346381001,149.95335226220118,580.0469859254124,181.26468310169136,1775.7025346381001,2367.6033795174667,591.9008448793667,232.27239662578995,77.42413220859665,1240.1885687564022,18.60282853134603,36.366866144821316,18.609840798440313,155.24603468526152,1079.4152303495239,4416.66450435915,2579.6142788363395,2579.61427883634,0.0,368.03608660653913,0.0,3274.6876689985097,0.0,0.0,701.3448152737639,23.771213887262434,0.0,0.0,0.0,-4.547473508864641e-13,2.2737367544323206e-13
