timestamp_hour_utc,representative_day_id,day_weight,it_load_kw,q_air_kw,q_cp_kw,q_rdhx_kw,s_air_kw,s_air_old_kw,s_air_new_kw,old_ac_capacity_eff_kw,q_air_to_ashp_kw,q_air_to_reject_kw,q_cp_to_wshp_kw,q_cp_to_free_kw,q_rdhx_to_wshp_kw,q_rdhx_to_chiller_kw,q_ashp_out_kw,p_ashp_kw,q_wshp_in_kw,q_wshp_out_kw,p_wshp_kw,q_chiller_evap_kw,p_chiller_kw,q_tower_kw,p_tower_kw,p_pump_kw,p_cdu_free_kw,p_terminal_kw,p_cooling_kw,p_grid_kw,q_heat_kw,heating_demand_kw,heat_demand_upper_violation_kw,q_tes_ch_kw,q_tes_dis_kw,e_tes_kwh,p_bess_ch_kw,p_bess_dis_kw,e_bess_kwh,max_theta_c,hotspot_slack_c,hotspot_penalty_yuan,bess_degradation_cost_yuan,power_balance_residual_kw,heat_balance_residual_kw
2025-01-30 00:00:00+00:00,0,66.0,2837.291468201433,596.7029179378329,1010.3061862069566,1230.2823640566432,596.7029179378329,452.93559863238664,143.7673193054463,2846.874616250887,432.9883655172672,163.71455242056572,1.4561971066592843e-12,1010.3061862069551,1230.2823640566432,0.0,629.8012589342069,196.81289341693963,1230.2823640566446,1640.3764854088595,410.09412135221487,163.71455242056572,54.57151747352191,1228.5922561010427,18.42888384151564,32.50894736470558,20.2061237241391,162.12390535026356,894.7463925233003,3732.037860724733,2270.1777443430665,3219.22382502416,0.0,0.0,0.0,0.0,0.0,0.0,660.9237629525047,23.975114937952537,0.0,0.0,0.0,-2.2737367544323206e-13,0.0
2025-01-30 01:00:00+00:00,0,66.0,2811.291148338461,595.3705918144015,1007.5614107272754,1208.3591457967825,595.3705918144015,451.4919180505012,143.8786737639002,2846.874616250887,431.81203316883233,163.55855864556912,0.0,1007.5614107272754,1208.3591457967823,2.2737367544323206e-13,628.0902300637562,196.27819689492378,1208.3591457967823,1611.145527729043,402.7863819322607,163.55855864556935,54.519519548523114,1225.639488921368,18.384592333820517,32.23481967251333,20.151228214545508,161.25125286787141,885.6059914644584,3696.8971398029194,2239.235757792799,3277.57292616957,0.0,0.0,0.0,0.0,0.0,0.0,660.9237629525047,23.974861692528524,0.0,0.0,0.0,0.0,0.0
2025-01-30 02:00:00+00:00,0,66.0,2819.105058034541,599.4756536003464,1016.4258316997071,1203.2035727344883,599.4756536003463,455.6650190083489,143.81063459199743,2846.874616250887,435.61107072844607,163.86458287190032,572.4989619036122,443.92686979609493,1203.2035727344883,0.0,633.6161028777398,198.00503214929367,1775.7025346381006,2367.603379517467,591.9008448793668,163.86458287190032,54.62152762396678,662.4129802919621,9.93619470437943,38.085541980375154,8.8785373959219,162.00670992741425,1063.434388660718,3882.5394466952584,3001.219482395207,3350.47819276152,0.0,0.0,0.0,0.0,0.0,0.0,660.9237629525047,23.971547195472226,0.0,0.0,0.0,-4.547473508864641e-13,0.0
2025-01-30 03:00:00+00:00,0,66.0,2803.0722391605236,598.3380052557427,1014.2072453386888,1190.5269885660928,598.3380052557427,454.99153894307636,143.3464663126663,2846.874616250887,434.66024800229525,163.67775725344745,585.1755460720073,429.0316992666816,1190.5269885660928,0.0,632.2330880033386,197.5728400010433,1775.7025346381001,2367.6033795174667,591.9008448793667,163.67775725344745,54.55925241781582,647.2687089379449,9.709030634069173,38.041170253154775,8.580633985333632,161.42384549431446,1061.7876176650977,6133.639577154104,2999.8364675208054,3424.45119305147,0.0,0.0,0.0,0.0,2268.779720328483,0.0,2813.277190583852,23.970648104542974,0.0,0.0,0.0,-4.547473508864641e-13,0.0
2025-01-30 04:00:00+00:00,0,66.0,2818.2087153841603,600.6799013053962,1019.3895399980019,1198.1392740807632,600.6799013053962,456.9180840632205,143.76181724217574,2846.874616250887,436.8812314277151,163.79866987768116,577.5632605573368,441.8262794406651,1198.139274080763,2.2737367544323206e-13,635.4636093494038,198.58237792168867,1775.7025346380997,2367.6033795174662,591.9008448793666,163.7986698776814,54.5995566258938,660.2245059442403,9.903367589163604,38.14481614634103,8.836525588813302,162.1342641236206,1064.1017528748876,7186.929283021571,3003.06698886687,5074.25305785225,0.0,0.0,0.0,0.0,3304.6188147625235,0.0,5948.313866572543,23.971090337226514,0.0,0.0,0.0,-4.547473508864641e-13,0.0
2025-01-30 05:00:00+00:00,0,66.0,2796.4623028695482,595.3845300169944,1011.2736808262655,1189.804092026287,595.3845300169944,453.7853126911718,141.59921732582262,2846.874616250887,433.4030060683996,161.98152394859483,585.8984426118132,425.37523821445234,1189.804092026287,0.0,630.4043724631267,197.00136639472709,1775.7025346381001,2367.6033795174667,591.9008448793667,161.98152394859483,53.99384131619828,641.3506034792455,9.620259052188683,37.98249896290631,8.507504764289047,160.7662955822621,1059.7726109519383,3856.234913821487,2998.0077519805936,7175.01322351412,0.0,0.0,0.0,0.0,0.0,0.0,5948.313866572543,23.971668101280397,0.0,0.0,0.0,6.821210263296962e-13,0.0
2025-01-30 06:00:00+00:00,0,66.0,2839.669267894365,605.7145953180166,1025.816182406951,1208.1384901693987,605.7145953180166,461.3599373576036,144.35465796041294,2846.874616250887,439.6355067458362,166.07908857218035,0.0,1025.816182406951,1208.1384901693987,0.0,639.4698279939436,199.83432124810736,1208.1384901693987,1610.8513202258648,402.7128300564662,166.07908857218035,55.35969619072679,1247.254967169858,18.70882450754787,32.597708549833,20.516323648139018,163.49327444099328,893.2229786418136,3732.892246536178,2250.3211482198085,6830.12859379895,0.0,0.0,0.0,0.0,0.0,0.0,5948.313866572543,23.967669721108813,0.0,0.0,0.0,-6.821210263296962e-13,0.0
2025-01-30 07:00:00+00:00,0,66.0,2968.4064399077884,635.024296873047,1072.3634395409756,1261.0187034937635,635.024296873047,482.51171971103923,152.51257716200777,2846.874616250887,459.5843312318469,175.4399656412001,1.4748562731452893e-12,1072.3634395409742,1261.0187034937633,2.2737367544323206e-13,668.4862999735955,208.90196874174856,1261.0187034937646,1681.3582713250194,420.33956783125484,175.43996564120033,58.479988547066775,1306.2833937292414,19.59425090593862,34.05745582575716,21.447268790819486,171.2511797164991,934.0716803590846,2191.038253447491,2349.844571298615,5663.16442841657,0.0,0.0,0.0,0.0,0.0,1711.4398668193821,4144.297847384383,23.9640205323726,0.0,0.0,0.0,3.410605131648481e-13,0.0
2025-01-30 08:00:00+00:00,0,66.0,3021.9030784233887,646.0615385711128,1092.551738582647,1283.289801269629,646.0615385711128,490.96187216432924,155.09966640678357,2846.874616250887,468.2364593925632,177.82507917854963,0.0,1092.551738582647,1283.2898012696287,2.2737367544323206e-13,681.0712136619101,212.8347542693469,1283.2898012696287,1711.0530683595048,427.7632670898762,177.82507917854986,59.27502639284995,1329.6518441540468,19.944777662310702,34.683932784349224,21.85103477165294,174.23775988210147,950.5905528524873,667.8748165133522,2392.1242820214147,5011.85628625748,0.0,0.0,0.0,0.0,0.0,3304.6188147625235,660.9237629525047,23.964489145472466,0.0,0.0,0.0,-5.684341886080801e-13,0.0
2025-01-30 09:00:00+00:00,0,66.0,3002.5329056780597,643.123923252326,1085.8857652745003,1273.523217151235,643.123923252326,488.1713330499834,154.95259020234266,2846.874616250887,465.3796136890715,177.7443095632545,0.0,1085.8857652745003,1273.523217151235,0.0,676.9158017295586,211.53618804048705,1273.523217151235,1698.0309562016466,424.50773905041166,177.7443095632545,59.2481031877515,1322.8781780255063,19.843172670382593,34.452947477002354,21.717715305490007,173.33944301625286,944.6453087477781,3947.1782144258377,2152.95611156432,2152.95611156432,0.0,221.99064636688513,0.0,210.89111404854086,0.0,0.0,660.9237629525047,23.9653207510245,0.0,0.0,0.0,-1.1368683772161603e-13,-2.2737367544323206e-13
2025-01-30 10:00:00+00:00,0,66.0,2975.7765020466836,638.6528982985647,1078.3535222504997,1258.7700814976204,638.6528982985647,485.37970733961424,153.2731909589504,2846.874616250887,462.1515095359285,176.50138876263617,0.0,1078.3535222504997,1258.7700814976204,0.0,672.2203775068051,210.0688679708766,1258.7700814976204,1678.3601086634937,419.59002716587344,176.50138876263617,58.833796254212054,1313.688707267348,19.70533060901022,34.1547712599862,21.567070445009996,171.97941126515317,935.8992749701217,3911.675777016805,0.0,0.0,0.0,2350.580486170299,0.0,2443.520793682228,0.0,0.0,660.9237629525047,23.964128535584358,0.0,0.0,0.0,-2.2737367544323206e-13,0.0
2025-01-30 11:00:00+00:00,0,66.0,2984.4163694457434,638.20944992813,1077.3011536836937,1268.9057658339168,638.20944992813,484.8869466379556,153.3225032901744,2846.874616250887,461.70049443586885,176.50895549226112,3.0230363666884263e-13,1077.3011536836934,1268.905765833917,-2.2737367544323206e-13,671.564355543082,209.86386110721313,1268.9057658339173,1691.874354445223,422.96858861130573,176.5089554922609,58.8363184974203,1312.6464276733745,19.689696415100617,34.235080732013046,21.54602307367387,172.1525637616903,939.2921321984171,3923.70850164416,4.547473508864641e-13,0.0,4.547473508864641e-13,2363.4387099883047,0.0,4683.900526583753,0.0,0.0,660.9237629525047,23.964559076870234,0.0,0.0,0.0,-3.410605131648481e-13,0.0
2025-01-30 12:00:00+00:00,0,66.0,2967.3302624982703,634.8814215340915,1070.76525676589,1261.6835841982881,634.8814215340915,481.258211596374,153.6232099377175,2846.874616250887,458.89939575681007,175.98202577728142,0.0,1070.76525676589,1261.6835841982884,-2.2737367544323206e-13,667.4900301917238,208.59063443491368,1261.6835841982884,1682.244778931051,420.5611947327628,175.9820257772812,58.66067525909373,1305.407957802265,19.581119367033974,34.032140977300685,21.415305135317798,171.23485630259296,934.0759262090157,7206.025003469809,0.0,0.0,0.0,2349.734809122775,0.0,6906.780794197223,3304.6188147625235,0.0,3795.960438941195,23.963375023735995,0.0,0.0,0.0,0.0,0.0
2025-01-30 13:00:00+00:00,0,66.0,2932.027352838794,629.3004481404836,1063.6172654002658,1239.1096392980437,629.3004481404836,477.35027427564125,151.95017386484236,2846.874616250887,455.8359708858282,173.46447725465538,0.0,1063.6172654002658,1239.1096392980435,2.2737367544323206e-13,663.0341394702956,207.19816858446737,1239.1096392980435,1652.1461857307245,413.0365464326811,173.4644772546556,57.82149241821853,1294.90323507314,19.4235485260971,33.66344170098575,21.272345308005317,169.42493534361773,921.8404783140729,6122.647551481349,4.547473508864641e-13,0.0,4.547473508864641e-13,2315.1803252010195,0.0,9092.388541549799,2268.779720328483,0.0,5948.313866572543,23.964557485152763,0.0,0.0,0.0,-4.547473508864641e-13,0.0
2025-01-30 14:00:00+00:00,0,66.0,2952.157471430476,631.4622218743373,1072.490648682078,1248.204600874061,631.4622218743373,478.95601622387875,152.50620565045855,2846.874616250887,459.6388494351764,171.8233724391609,0.0,1072.490648682078,1248.204600874061,0.0,668.5655991784384,208.926749743262,1248.204600874061,1664.2728011654146,416.06820029135366,171.8233724391609,57.2744574797203,1301.5884786009592,19.523827179014386,33.93185898238217,21.44981297364156,170.13953606086767,927.3144427102418,3879.471914140717,2319.0794354811005,2319.0794354811,4.547473508864641e-13,13.758964862752919,0.0,9087.274781086313,0.0,0.0,5948.313866572543,23.966412117823403,0.0,0.0,0.0,-6.821210263296962e-13,-2.2737367544323206e-13
2025-01-30 15:00:00+00:00,0,66.0,2948.262745365813,627.0733341130041,1071.258487143413,1249.9309241093956,627.0733341130041,475.5662112982281,151.50712281477598,2846.874616250887,459.11078020431995,167.96255390868413,0.0,1071.258487143413,1249.9309241093956,0.0,667.7974984790109,208.6867182746909,1249.9309241093956,1666.574565479194,416.6436413697985,167.96255390868413,55.987517969561374,1295.2085590216586,19.42812838532488,33.92447898396222,21.42516974286826,169.235017786091,925.3306725122972,3873.5934178781094,2306.0825197169797,2306.08251971698,0.0,28.28954424122503,0.0,9095.975298553303,0.0,0.0,5948.313866572543,23.96626736542211,0.0,0.0,0.0,-5.684341886080801e-13,0.0
2025-01-30 16:00:00+00:00,0,66.0,2997.6325152554227,638.1951707379457,1085.11420813053,1274.323136386947,638.1951707379457,484.32797196954573,153.86719876839993,2846.874616250887,465.04894634165584,173.14622439628982,0.0,1085.11420813053,1274.323136386947,0.0,676.4348310424085,211.38588470075265,1274.323136386947,1699.097515182596,424.774378795649,173.14622439628982,57.715408132096606,1315.9758406589165,19.739637609883747,34.445515526480065,21.7022841626106,172.29712836740612,942.0602372948788,3939.692752550302,3317.02031325977,3317.02031325977,0.0,0.0,941.4879670347652,8086.743382656443,0.0,0.0,5948.313866572543,23.963787457104292,0.0,0.0,0.0,4.547473508864641e-13,0.0
2025-01-30 17:00:00+00:00,0,66.0,3075.8016826800604,652.0635113321237,1111.2860462541123,1312.4521250938228,652.0635113321237,494.84906439883133,157.21444693329232,2846.874616250887,476.2654483946196,175.79806293750403,0.0,1111.2860462541123,1312.4521250938228,0.0,692.7497431194467,216.4842947248271,1312.4521250938228,1749.9361667917638,437.48404169794094,175.79806293750403,58.59935431250134,1345.6834635041178,20.185251952561767,35.35024217602047,22.225720925082246,176.32032406163438,966.6492298505682,737.8320977681051,4904.21584858014,4904.21584858014,0.0,0.0,2461.5299386689294,5479.485749923836,0.0,3304.6188147625235,2464.939782140664,23.963952183979544,0.0,0.0,0.0,0.0,0.0
2025-01-30 18:00:00+00:00,0,66.0,3077.4564119695037,652.269488628156,1111.3433107978162,1313.8436125435308,652.269488628156,495.02653470556584,157.2429539225901,2846.874616250887,476.28999034192134,175.97949828623462,0.0,1111.3433107978162,1313.8436125435308,0.0,692.7854404973401,216.49545015541878,1313.8436125435308,1751.7914833913742,437.94787084784355,175.97949828623462,58.6598327620782,1345.9826418461291,20.189739627691935,35.36530234139163,22.226866215956324,176.40052352292713,967.2855854733075,2333.3021306234286,4617.13329813829,4617.13329813829,0.0,0.0,2172.556374249576,3181.625331845488,0.0,1711.4398668193821,660.9237629525047,23.964292292798028,0.0,0.0,0.0,-4.547473508864641e-13,0.0
2025-01-30 19:00:00+00:00,0,66.0,3045.685683823804,644.747367369399,1099.1794208207505,1301.7588956336554,644.747367369399,489.71288370522865,155.03448366417027,2846.874616250887,471.07689463746465,173.6704727319343,6.821210263296962e-13,1099.1794208207498,1301.7588956336554,0.0,685.2027558363122,214.12586119884756,1301.758895633656,1735.6785275115412,433.9196318778853,173.6704727319343,57.890157577311435,1330.7400511299954,19.96110076694993,35.00117737275157,21.983588416414996,174.44723134509331,957.3287485552542,4003.014432379058,4163.334025091741,4163.33402509174,9.094947017729282e-13,0.0,1742.4527417438871,1341.101300398758,0.0,0.0,660.9237629525047,23.96281324017095,0.0,0.0,0.0,-4.547473508864641e-13,0.0
2025-01-30 20:00:00+00:00,0,66.0,3031.1384403045904,641.1377760735311,1094.5593898397376,1295.4412743913228,641.1377760735311,486.7734701541177,154.36430591941343,2846.874616250887,469.0968813598877,172.0408947136434,0.0,1094.5593898397376,1295.4412743913228,0.0,682.322736523473,213.22585516358532,1295.4412743913228,1727.2550325217637,431.81375813044093,172.0408947136434,57.346964904547804,1323.9472494579288,19.859208741868933,34.845600540707984,21.891187796794753,173.49539790897603,952.4779731869216,3983.6164134915116,3681.0759119532995,6901.52839467326,0.0,0.0,1271.4981429080624,0.0,0.0,0.0,660.9237629525047,23.964670771126617,0.0,0.0,0.0,-4.547473508864641e-13,0.0
2025-01-30 21:00:00+00:00,0,66.0,3015.393467425286,638.8775173193415,1092.458171110112,1284.057778995834,638.8775173193415,485.2735053088343,153.60401201050723,2846.874616250887,468.19635904719104,170.6811582721504,1.4608618982807857e-12,1092.4581711101107,1284.057778995834,0.0,681.0128858868234,212.8165268396323,1284.0577789958354,1712.0770386611139,428.01925966527847,170.6811582721504,56.89371942405014,1320.0330488063112,19.800495732094667,34.6897412121606,21.849163422202214,172.70309393095565,946.7720002263741,3962.16546765166,2393.0899245479372,6614.99797636466,0.0,0.0,0.0,0.0,0.0,0.0,660.9237629525047,23.96657330096769,0.0,0.0,0.0,0.0,0.0
2025-01-30 22:00:00+00:00,0,66.0,3021.374179872461,641.9142309771185,1096.9815579559174,1282.4783909394241,641.9142309771185,487.6587294592489,154.25550151786953,2846.874616250887,470.13495340967904,171.7792775674394,0.0,1096.9815579559174,1282.4783909394241,0.0,683.8326595049878,213.69770609530866,1282.4783909394241,1709.971187919232,427.492796979808,171.7792775674394,57.25975918914647,1326.0205947125032,19.89030892068755,34.76441506851259,21.93963115911835,173.32021088557508,948.3648282981567,3969.739008170618,2393.80384742422,5528.11770962516,0.0,0.0,0.0,0.0,0.0,0.0,660.9237629525047,23.966220061557497,0.0,0.0,0.0,4.547473508864641e-13,0.0
2025-01-30 23:00:00+00:00,0,66.0,3013.492745343617,639.7328046847317,1096.2503496853617,1277.5095909735219,639.7328046847317,486.6729518173242,153.0598528674075,2846.874616250887,469.8215784365837,169.911226248148,1.4748562731452893e-12,1096.2503496853603,1277.5095909735219,0.0,683.3768413623036,213.55526292571986,1277.5095909735232,1703.346121298031,425.83653032450775,169.911226248148,56.637075416049335,1322.7986513495578,19.841979770243366,34.70010290344247,21.925006993707207,172.71756169124484,945.2135200249149,3958.7062653685316,2386.722962660335,2948.83793503903,0.0,0.0,0.0,0.0,0.0,0.0,660.9237629525047,23.9659978508302,0.0,0.0,0.0,-4.547473508864641e-13,0.0
2025-03-23 00:00:00+00:00,1,1.0,3047.0827957348697,654.2641673486722,1108.4744791996231,1284.3441491865738,654.2641673486722,497.6990096987285,156.56515764994373,2846.874616250887,0.0,654.2641673486722,0.0,1108.4744791996231,0.0,1284.3441491865738,0.0,0.0,0.0,0.0,0.0,1938.608316535246,646.2027721784153,3693.2855679132845,55.399283518699264,22.169489583992462,22.169489583992462,176.0594024203333,922.0004372854328,3969.083233020302,0.0,0.0,0.0,0.0,0.0,21197.32521733802,0.0,0.0,660.9237629525047,23.96592540356743,0.0,0.0,0.0,-4.547473508864641e-13,0.0
2025-03-23 01:00:00+00:00,1,1.0,3689.539622469024,790.2039227666725,1336.5401204017069,1562.795579300644,790.2039227666725,599.9211982280755,190.282724538597,2846.874616250887,0.0,790.2039227666725,0.0,1336.5401204017069,0.0,1562.795579300644,0.0,0.0,0.0,0.0,0.0,2352.9995020673164,784.3331673557722,4473.872789824795,67.10809184737192,26.730802408034137,26.730802408034137,212.9438959919094,1117.846760011122,4807.386382480146,0.0,0.0,0.0,0.0,0.0,21154.930566903346,0.0,0.0,660.9237629525047,23.959782678566594,0.0,0.0,0.0,-2.2737367544323206e-13,0.0
2025-03-23 02:00:00+00:00,1,1.0,4766.883972927061,1021.6660754631798,1729.2633457623363,2015.954551701549,1021.6660754631798,776.0462128345542,245.61986262862564,2846.874616250887,0.0,1021.6660754631798,0.0,1729.2633457623363,0.0,2015.954551701549,0.0,0.0,0.0,0.0,0.0,3037.620627164729,1012.5402090549096,5779.4241819819745,86.69136272972962,34.58526691524673,34.58526691524673,275.19558086263675,1443.5976864777692,6210.48165940483,0.0,0.0,0.0,0.0,0.0,21112.620705769543,0.0,0.0,660.9237629525047,23.947040140723914,0.0,0.0,0.0,-6.821210263296962e-13,0.0
2025-03-23 03:00:00+00:00,1,1.0,5065.620620082867,1084.5369394642341,1834.1648518521981,2146.9188287664333,1084.536939464234,823.2915977992374,261.24534166499666,2846.874616250887,0.0,1084.5369394642341,0.0,1834.1648518521981,0.0,2146.9188287664333,0.0,0.0,0.0,0.0,0.0,3231.4557682306677,1077.1519227435558,6142.772542826421,92.14158814239632,36.683297037043964,36.683297037043964,292.31486411712075,1534.974969077161,6600.595589160029,0.0,0.0,0.0,0.0,0.0,21070.395464358007,0.0,0.0,660.9237629525047,23.945818659130957,0.0,0.0,0.0,4.547473508864641e-13,0.0
2025-03-23 04:00:00+00:00,1,1.0,4612.233252327111,987.3375265638517,1671.7706855752565,1953.1250401880036,987.3375265638517,750.379497972745,236.95802859110682,2846.874616250887,0.0,987.3375265638517,0.0,1671.7706855752565,0.0,1953.1250401880036,0.0,0.0,0.0,0.0,0.0,2940.4625667518553,980.1541889172851,5592.3874412443965,83.88581161866594,33.43541371150513,33.43541371150513,266.08295014180993,1396.9937781007714,6009.227030427881,0.0,0.0,0.0,0.0,0.0,21028.254673429292,0.0,0.0,660.9237629525047,23.95074912095335,0.0,0.0,0.0,-1.1368683772161603e-12,0.0
2025-03-23 05:00:00+00:00,1,1.0,4918.4003314097545,1052.4794647732267,1780.5441101235463,2085.37675651298,1052.4794647732267,799.0920893979644,253.3873753752623,2846.874616250887,0.0,1052.4794647732267,0.0,1780.5441101235463,0.0,2085.37675651298,0.0,0.0,0.0,0.0,0.0,3137.856221286207,1045.952073762069,5964.352405171822,89.46528607757733,35.610882202470926,35.610882202470926,283.725751731869,1490.3648759764571,6408.76520738621,0.0,0.0,0.0,0.0,0.0,20986.198164082434,0.0,0.0,660.9237629525047,23.94807115978808,0.0,0.0,0.0,-1.5916157281026244e-12,0.0
2025-03-23 06:00:00+00:00,1,1.0,4640.041575661417,993.0421208405494,1681.8584893694513,1965.140965451414,993.0421208405494,754.7460192585519,238.29610158199756,2846.874616250887,0.0,993.0421208405494,0.0,1681.8584893694513,0.0,1965.140965451414,0.0,0.0,0.0,0.0,0.0,2958.1830862919633,986.0610287639878,5626.102604425402,84.39153906638103,33.63716978738903,33.63716978738903,267.6393203024059,1405.3662277075528,6045.40780336897,0.0,0.0,0.0,0.0,0.0,20944.225767754273,0.0,0.0,660.9237629525047,23.950410563364148,0.0,0.0,0.0,9.094947017729282e-13,0.0
2025-03-23 07:00:00+00:00,1,1.0,4423.780537253034,948.0958723623056,1603.2745039202416,1872.4101609704892,948.0958723623056,720.4288902274957,227.66698213480993,2846.874616250887,0.0,948.0958723623056,0.0,1603.2745039202416,0.0,1872.4101609704892,0.0,0.0,0.0,0.0,0.0,2820.5060333327947,940.1686777775982,5363.949215030634,80.45923822545952,32.065490078404835,32.065490078404835,255.42371347510084,1340.1826096349682,5763.963146888001,0.0,0.0,0.0,0.0,0.0,20902.337316218764,0.0,0.0,660.9237629525047,23.95170812473899,0.0,0.0,0.0,-1.3642420526593924e-12,0.0
2025-03-23 08:00:00+00:00,1,1.0,2525.460535255602,540.0359923763973,913.4423733253653,1071.9821695538394,540.0359923763973,410.62243991395405,129.41355246244322,2846.874616250887,0.0,540.0359923763973,0.0,913.4423733253653,0.0,1071.9821695538394,0.0,0.0,0.0,0.0,0.0,1612.0181619302366,537.3393873100789,3062.799922565681,45.94199883848521,18.268847466507307,18.268847466507307,145.63505921012663,765.4541402917054,3290.914675547307,0.0,0.0,0.0,0.0,0.0,20860.532641586327,0.0,0.0,660.9237629525047,23.971152831429908,0.0,0.0,0.0,-1.1368683772161603e-13,0.0
2025-03-23 09:00:00+00:00,1,1.0,4083.5344389885936,873.0516423156328,1471.420947238338,1739.0618494346213,873.0516423156328,661.7468734335416,211.30476888209114,2846.874616250887,0.0,873.0516423156328,0.0,1471.420947238338,0.0,1739.0618494346213,0.0,0.0,0.0,0.0,0.0,2612.113491750254,870.7044972500847,4954.238936238677,74.31358404358015,29.428418944766758,29.428418944766758,235.59424387664396,1239.4691630598425,5323.003602048436,0.0,0.0,0.0,0.0,0.0,20818.811576303156,0.0,0.0,660.9237629525047,23.954578310289698,0.0,0.0,0.0,-2.2737367544323206e-13,0.0
2025-03-23 10:00:00+00:00,1,1.0,2599.533019262855,556.6661717324204,936.258516691098,1106.6083308393381,556.6661717324203,422.6063156286962,134.0598561037241,2846.874616250887,0.0,556.6661717324204,0.0,936.258516691098,0.0,1106.6083308393381,0.0,0.0,0.0,0.0,0.0,1663.2745025717586,554.4248341905862,3153.957853453443,47.30936780180164,18.72517033382196,18.72517033382196,150.15708566001172,789.3416283200436,3388.8746475828984,0.0,0.0,0.0,0.0,0.0,20777.173953150552,0.0,0.0,660.9237629525047,23.96711383577579,0.0,0.0,0.0,0.0,0.0
2025-03-23 11:00:00+00:00,1,1.0,2678.3055703265177,574.9107076070828,968.6380956199715,1134.7567670994633,574.9107076070828,436.51902320966667,138.39168439741613,2846.874616250887,0.0,574.9107076070828,0.0,968.6380956199715,0.0,1134.7567670994633,0.0,0.0,0.0,0.0,0.0,1709.6674747065463,569.8891582355154,3248.194728562033,48.7229209284305,19.37276191239943,19.37276191239943,154.8654480809661,812.223051069711,3490.528621396228,0.0,0.0,0.0,0.0,0.0,20735.619605244254,0.0,0.0,660.9237629525047,23.968990569596734,0.0,0.0,0.0,-5.684341886080801e-13,0.0
2025-03-23 12:00:00+00:00,1,1.0,3707.387082912041,791.14526432644,1334.18302169977,1582.0587968858295,791.1452643264399,600.2192960697574,190.92596825668255,2846.874616250887,0.0,791.14526432644,0.0,1334.18302169977,0.0,1582.0587968858295,0.0,0.0,0.0,0.0,0.0,2373.2040612122696,791.0680204040899,4498.45510331613,67.47682654974194,26.683660433995403,26.683660433995403,213.65593988421938,1125.5681077060422,4832.955190618081,0.0,0.0,0.0,0.0,0.0,20694.14836603377,0.0,0.0,660.9237629525047,23.959358727071884,0.0,0.0,0.0,-1.8189894035458565e-12,0.0
2025-03-23 13:00:00+00:00,1,1.0,4774.338456629509,1019.5233058534022,1721.3565354578204,2033.4586153182831,1019.5233058534022,773.7333094904473,245.78999636295498,2846.874616250887,0.0,1019.5233058534022,0.0,1721.3565354578204,0.0,2033.4586153182831,0.0,0.0,0.0,0.0,0.0,3052.9819211716854,1017.6606403905618,5791.999097020067,86.87998645530101,34.42713070915641,34.42713070915641,275.19182351851873,1448.5867117826945,9527.543983174728,0.0,0.0,0.0,0.0,0.0,20652.760069301698,3304.6188147625235,0.0,3795.960438941195,23.948243393245516,0.0,0.0,0.0,9.094947017729282e-13,0.0
2025-03-23 14:00:00+00:00,1,1.0,2979.168721184503,636.7365980723145,1081.2986622362014,1261.133460875989,636.7365980723145,486.13813423135133,150.59846384096312,2846.874616250887,0.0,636.7365980723145,0.0,1081.2986622362014,0.0,1261.133460875989,0.0,0.0,0.0,0.0,0.0,1897.8700589483033,632.6233529827678,3611.7920741672724,54.176881112509086,21.62597324472403,21.62597324472403,171.64489269618392,901.6970732809089,6149.645514793894,0.0,0.0,0.0,0.0,0.0,20611.454549163096,2268.779720328483,0.0,5948.313866572543,23.967480264683385,0.0,0.0,0.0,-4.547473508864641e-13,0.0
2025-03-23 15:00:00+00:00,1,1.0,2661.2908495157944,569.8000278939085,971.2489814602715,1120.241840161612,569.8000278939085,435.36495215075064,134.43507574315785,2846.874616250887,0.0,569.8000278939085,0.0,971.2489814602715,0.0,1120.241840161612,0.0,0.0,0.0,0.0,0.0,1690.0418680555204,563.3472893518401,3224.638138867632,48.369572083014475,19.42497962920543,19.42497962920543,153.3842426293358,803.9510633226012,3465.2419128383963,0.0,0.0,0.0,0.0,0.0,20570.231640064772,0.0,0.0,5948.313866572543,23.97452961534014,0.0,0.0,0.0,6.821210263296962e-13,0.0
2025-03-23 16:00:00+00:00,1,1.0,2571.9426533617698,550.0485073515904,936.6723949598565,1085.2217510503208,550.0485073515904,419.63296457667917,130.41554277491127,2846.874616250887,0.0,550.0485073515904,0.0,936.6723949598565,0.0,1085.2217510503208,0.0,0.0,0.0,0.0,0.0,1635.2702584019112,545.0900861339704,3117.0327394957385,46.755491092436074,18.73344789919713,18.73344789919713,148.16587045242667,777.4783434772274,3349.420996838997,0.0,0.0,0.0,0.0,0.0,20529.09117678464,0.0,0.0,5948.313866572543,23.975244453888163,0.0,0.0,0.0,-3.410605131648481e-13,0.0
2025-03-23 17:00:00+00:00,1,1.0,2694.2734470521896,576.7552310114969,983.4723493892543,1134.0458666514392,576.7552310114968,439.5790910882244,137.17613992327244,2846.874616250887,0.0,576.7552310114969,0.0,983.4723493892543,0.0,1134.0458666514392,0.0,0.0,0.0,0.0,0.0,1710.8010976629362,570.2670325543121,3264.5404796065027,48.96810719409754,19.669446987785086,19.669446987785086,155.25561382206473,813.8296475460447,3508.1030945982347,0.0,0.0,0.0,0.0,0.0,20488.032994431076,0.0,0.0,5948.313866572543,23.975649874303624,0.0,0.0,0.0,4.547473508864641e-13,0.0
2025-03-23 18:00:00+00:00,1,1.0,4148.013061258572,886.879105733911,1499.6439127445474,1761.4900427801144,886.879105733911,672.3547578344029,214.5243478995081,2846.874616250887,0.0,886.879105733911,0.0,1499.6439127445474,0.0,1761.4900427801144,0.0,0.0,0.0,0.0,0.0,2648.3691485140253,882.7897161713418,5030.802777429914,75.46204166144871,29.992878254890947,29.992878254890947,239.19268414993533,1257.4301984925075,3694.0033929316983,0.0,0.0,0.0,0.0,0.0,20447.056928442216,0.0,1711.4398668193821,4144.297847384383,23.96050747551916,0.0,0.0,0.0,1.1368683772161603e-12,0.0
2025-03-23 19:00:00+00:00,1,1.0,4286.388019597032,913.3981611149978,1545.2075914605173,1827.782267021516,913.398161114998,692.5359411255865,220.86221998941136,2846.874616250887,0.0,913.3981611149978,0.0,1545.2075914605173,759.1518165637199,1068.630450457796,0.0,0.0,759.1518165637199,1012.2024220849598,253.05060552123996,1982.028611572794,660.676203857598,4187.91240689091,62.81868610336364,38.495669994847546,30.904151829210345,246.70711033339984,1292.6524276396594,2274.4216324741687,0.0,0.0,0.0,1012.2024220849598,0.0,21367.755115566048,0.0,3304.6188147625235,660.9237629525047,23.959316823760417,0.0,0.0,0.0,0.0,0.0
2025-03-23 20:00:00+00:00,1,1.0,3276.2455494626297,699.2929181817741,1183.7267430608902,1393.225888219963,699.2929181817742,530.1740882040247,169.1188299777495,2846.874616250887,0.0,699.2929181817741,0.0,1183.7267430608902,33.73856070878537,1359.4873275111777,0.0,0.0,33.73856070878537,44.98474761171383,11.246186902928457,2058.7802456929517,686.2600818976506,3928.7670706514928,58.93150605977239,24.011920468305657,23.674534861217804,188.71575771983572,992.8399879097105,4269.085537372339,0.0,0.0,0.0,44.98474761171383,0.0,21367.755115566048,0.0,0.0,660.9237629525047,23.969605866383407,0.0,0.0,0.0,-1.3642420526593924e-12,0.0
2025-03-23 21:00:00+00:00,1,1.0,3539.052929292931,755.9638965894237,1280.0015710736127,1503.087461629896,755.9638965894237,572.6594998773854,183.30439671203828,2846.874616250887,0.0,755.9638965894237,0.0,1280.0015710736127,0.0,1503.087461629896,0.0,0.0,0.0,0.0,0.0,2259.05135821932,753.01711940644,4292.070048699373,64.38105073049059,25.600031421472256,25.600031421472256,203.92496956756287,1072.523202547438,4611.576131840369,0.0,0.0,0.0,0.0,0.0,21325.019605334917,0.0,0.0,660.9237629525047,23.966336698624744,0.0,0.0,0.0,4.547473508864641e-13,0.0
2025-03-23 22:00:00+00:00,1,1.0,4426.837872567179,945.8103667575964,1606.5486360520003,1874.4788697575818,945.8103667575964,716.8860201962387,228.92434656135765,2846.874616250887,0.0,945.8103667575964,0.0,1606.5486360520003,0.0,1874.4788697575818,0.0,0.0,0.0,0.0,0.0,2820.2892365151783,940.0964121717261,5366.934284738905,80.50401427108358,32.13097272104001,32.13097272104001,254.97354330066867,1339.8359151855584,5766.673787752737,0.0,0.0,0.0,0.0,0.0,21282.36956612425,0.0,0.0,660.9237629525047,23.95709753444391,0.0,0.0,0.0,-9.094947017729282e-13,0.0
2025-03-23 23:00:00+00:00,1,1.0,4604.1904827817725,982.2536289360829,1668.2554540992126,1953.6813997464778,982.253628936083,744.5796163811461,237.67401255493684,2846.874616250887,0.0,982.2536289360829,0.0,1668.2554540992126,0.0,1953.6813997464778,0.0,0.0,0.0,0.0,0.0,2935.9350286825606,978.6450095608535,5582.835492342627,83.7425323851394,33.36510908198425,33.36510908198425,264.9815616816959,1394.0993217916573,5998.289804573429,0.0,0.0,0.0,0.0,0.0,21239.804826992004,0.0,0.0,660.9237629525047,23.95419342983244,0.0,0.0,0.0,-6.821210263296962e-13,0.0
2025-04-16 00:00:00+00:00,2,52.0,3239.1537593227,694.9030544657115,1177.5317032622588,1366.7190015947278,694.9030544657115,529.6473326630506,165.2557218026609,2846.874616250887,0.0,694.9030544657115,0.0,1177.5317032622588,0.0,1366.7190015947278,0.0,0.0,0.0,0.0,0.0,2061.6220560604393,687.2073520201465,3926.3611113428447,58.895416670142666,23.550634065245177,23.550634065245177,187.06378845620003,980.2678252769795,4219.42158459968,0.0,0.0,0.0,0.0,0.0,21154.930566903346,0.0,0.0,3795.960438941195,23.962430517510164,0.0,0.0,0.0,2.2737367544323206e-13,0.0
2025-04-16 01:00:00+00:00,2,52.0,3205.933997984104,689.4324259718619,1164.6749683479698,1351.8266036642708,689.4324259718619,525.667266824611,163.76515914725093,2846.874616250887,0.0,689.4324259718619,0.0,1164.6749683479698,0.0,1351.8266036642708,0.0,0.0,0.0,0.0,0.0,2041.2590296361327,680.4196765453776,3886.35367452948,58.2953051179422,23.293499366959395,23.293499366959395,185.4817216397668,970.7837020370054,6445.497420349591,0.0,0.0,0.0,0.0,0.0,21112.62070576954,2268.779720328483,0.0,5948.313866572543,23.95993481518681,0.0,0.0,0.0,-9.094947017729282e-13,0.0
2025-04-16 02:00:00+00:00,2,52.0,3103.7730949721554,665.1639877095811,1125.4931473038912,1313.1159599586833,665.1639877095811,506.8942266176998,158.2697610918813,2846.874616250887,0.0,665.1639877095811,0.0,1125.4931473038912,0.0,1313.1159599586833,0.0,0.0,0.0,0.0,0.0,1978.2799476682644,659.4266492227548,3763.1997441949106,56.44799616292366,22.509862946077824,22.509862946077824,179.1873637366067,940.0817350144409,4043.8548299865956,0.0,0.0,0.0,0.0,0.0,21070.395464358004,0.0,0.0,5948.313866572543,23.96385364300078,0.0,0.0,0.0,-6.821210263296962e-13,0.0
2025-04-16 03:00:00+00:00,2,52.0,3024.2111732183216,648.0907101857695,1096.2429336066798,1279.8775294258746,648.0907101857695,493.9837975666724,154.106912619097,2846.874616250887,0.0,648.0907101857695,0.0,1096.2429336066798,0.0,1279.8775294258746,0.0,0.0,0.0,0.0,0.0,1927.968239611644,642.6560798705481,3666.867253088872,55.00300879633308,21.924858672133595,21.924858672133595,174.60226176543284,916.1110677765812,3940.322240994903,0.0,0.0,0.0,0.0,0.0,21028.25467342929,0.0,0.0,5948.313866572543,23.965875543960834,0.0,0.0,0.0,2.2737367544323206e-13,0.0
2025-04-16 04:00:00+00:00,2,52.0,2954.7414648134127,632.7961094911007,1069.9506609724178,1251.9946943498928,632.7961094911007,482.06188146871295,150.73422802238775,2846.874616250887,0.0,632.7961094911007,0.0,1069.9506609724178,0.0,1251.9946943498928,0.0,0.0,0.0,0.0,0.0,1884.7908038409935,628.2636012803312,3583.0050660937422,53.74507599140613,21.399013219448356,21.399013219448356,170.5427147575968,895.3494184682306,3850.090883281644,0.0,0.0,0.0,0.0,0.0,20986.198164082434,0.0,0.0,5948.313866572543,23.967232249834957,0.0,0.0,0.0,6.821210263296962e-13,0.0
2025-04-16 05:00:00+00:00,2,52.0,2962.1748147568196,635.4612259196457,1071.9436648721626,1254.7699239650117,635.4612259196457,483.28729404641075,152.17393187323492,2846.874616250887,0.0,635.4612259196457,0.0,1071.9436648721626,0.0,1254.7699239650117,0.0,0.0,0.0,0.0,0.0,1890.2311498846575,630.0770499615525,3592.2518647183724,53.88377797077558,21.43887329744325,21.43887329744325,171.19111477751935,898.0296893047339,3860.204504061553,0.0,0.0,0.0,0.0,0.0,20944.225767754273,0.0,0.0,5948.313866572543,23.96581730328094,0.0,0.0,0.0,-4.547473508864641e-13,0.0
2025-04-16 06:00:00+00:00,2,52.0,2982.5662695347764,641.7139359494009,1082.560116743577,1258.2922168417995,641.7139359494009,487.5504498857578,154.1634860636431,2846.874616250887,0.0,641.7139359494009,0.0,1082.560116743577,0.0,1258.2922168417995,0.0,0.0,0.0,0.0,0.0,1900.0061527912003,633.3353842637334,3615.901653798511,54.23852480697766,21.65120233487154,21.65120233487154,172.6412748053928,903.517588545847,581.4650433180996,0.0,0.0,0.0,0.0,0.0,20902.337316218767,0.0,3304.6188147625235,2464.939782140664,23.967191829889348,0.0,0.0,0.0,-4.547473508864641e-13,0.0
2025-04-16 07:00:00+00:00,2,52.0,3122.616889788706,673.1790581824006,1138.7841483343777,1310.6536832719285,673.1790581824006,511.70019007735107,161.47886810504954,2846.874616250887,0.0,673.1790581824006,0.0,1138.7841483343777,0.0,1310.6536832719285,0.0,0.0,0.0,0.0,0.0,1983.8327414543292,661.2775804847764,3783.8944702734834,56.758417054102246,22.775682966687555,22.775682966687555,180.86244230012537,944.4498057723791,2355.6268287417033,0.0,0.0,0.0,0.0,0.0,20860.53264158633,0.0,1711.4398668193821,660.9237629525047,23.969146793577345,0.0,0.0,0.0,3.410605131648481e-13,0.0
2025-04-16 08:00:00+00:00,2,52.0,3162.8174339193406,682.0678711039333,1153.8059539402188,1326.9436088751893,682.0678711039334,519.085669825632,162.98220127830137,2846.874616250887,0.0,682.0678711039333,0.0,1153.8059539402188,0.0,1326.9436088751893,0.0,0.0,0.0,0.0,0.0,2009.0114799791227,669.6704933263742,3832.4879272457156,57.48731890868573,23.07611907880438,23.07611907880438,183.22624873511805,956.5362991277867,4119.353733047127,0.0,0.0,0.0,0.0,0.0,20818.81157630316,0.0,0.0,660.9237629525047,23.96889161141801,0.0,0.0,0.0,-1.1368683772161603e-13,0.0
2025-04-16 09:00:00+00:00,2,52.0,3192.3010943847667,685.0596213718409,1154.2876442002405,1352.9538288126857,685.0596213718409,519.7752161851259,165.284405186715,2846.874616250887,0.0,685.0596213718409,0.0,1154.2876442002405,0.0,1352.9538288126857,0.0,0.0,0.0,0.0,0.0,2038.0134501845266,679.3378167281755,3871.638911112943,58.07458366669414,23.085752884004812,23.085752884004812,184.55703127424093,968.1409374371202,4160.442031821886,0.0,0.0,0.0,0.0,0.0,20777.173953150555,0.0,0.0,660.9237629525047,23.96530586319769,0.0,0.0,0.0,-5.684341886080801e-13,0.0
2025-04-16 10:00:00+00:00,2,52.0,3113.8284834599995,664.5609419711991,1122.274816521101,1326.9927249676996,664.5609419711991,504.38621325213717,160.17472871906196,2846.874616250887,0.0,664.5609419711991,0.0,1122.274816521101,0.0,1326.9927249676996,0.0,0.0,0.0,0.0,0.0,1991.5536669388987,663.8512223129662,3777.679705772966,56.665195586594486,22.44549633042202,22.44549633042202,179.4213235824454,944.8287341428501,4058.657217602849,0.0,0.0,0.0,0.0,0.0,20735.619605244254,0.0,0.0,660.9237629525047,23.966908951505406,0.0,0.0,0.0,-5.684341886080801e-13,0.0
2025-04-16 11:00:00+00:00,2,52.0,3059.565289610999,651.0920997016419,1100.4864068536672,1307.9867830556911,651.0920997016419,494.14698350200797,156.94511619963393,2846.874616250887,0.0,651.0920997016419,0.0,1100.4864068536672,0.0,1307.9867830556911,0.0,0.0,0.0,0.0,0.0,1959.078882757333,653.0262942524444,3712.5915838634446,55.68887375795167,22.009728137073346,22.009728137073346,175.9943915226199,928.7290158071627,6257.074025746644,0.0,0.0,0.0,0.0,0.0,20694.14836603377,2268.779720328483,0.0,2813.277190583852,23.968651894237663,0.0,0.0,0.0,-9.094947017729282e-13,0.0
2025-04-16 12:00:00+00:00,2,52.0,3268.7853368005876,699.2933143705102,1178.4923717255383,1390.9996507045382,699.2933143705103,531.6623710657899,167.63094330472038,2846.874616250887,0.0,699.2933143705102,0.0,1178.4923717255383,0.0,1390.9996507045382,0.0,0.0,0.0,0.0,0.0,2090.2929650750484,696.7643216916828,3965.5496584922694,59.48324487738404,23.569847434510766,23.569847434510766,188.65948905122806,992.0467504893163,7565.4509020524265,0.0,0.0,0.0,0.0,0.0,20652.7600693017,3304.6188147625235,0.0,5948.313866572543,23.96187412715129,0.0,0.0,0.0,-1.3642420526593924e-12,0.0
2025-04-16 13:00:00+00:00,2,52.0,3229.829248924678,690.9076079802473,1164.1966140132263,1374.7250269312017,690.9076079802473,524.8730835543224,166.03452442592496,2846.874616250887,0.0,690.9076079802473,0.0,1164.1966140132263,0.0,1374.7250269312017,0.0,0.0,0.0,0.0,0.0,2065.632634911449,688.5442116371496,3918.3734605618247,58.77560190842737,23.283932280264526,23.283932280264526,186.40673950688182,980.2944176129877,4210.1236665376655,0.0,0.0,0.0,0.0,0.0,20611.4545491631,0.0,0.0,5948.313866572543,23.9633002256388,0.0,0.0,0.0,0.0,0.0
2025-04-16 14:00:00+00:00,2,52.0,3166.463171222306,676.1991958576209,1138.2851801623094,1351.9787952023753,676.1991958576209,512.4721216191842,163.72707423843667,2846.874616250887,0.0,676.1991958576209,0.0,1138.2851801623094,0.0,1351.9787952023753,0.0,0.0,0.0,0.0,0.0,2028.1779910599962,676.059330353332,3842.5225015756378,57.637837523634566,22.765703603246187,22.765703603246187,182.60547143461824,961.8340465180771,4128.297217740383,0.0,0.0,0.0,0.0,0.0,20570.231640064776,0.0,0.0,5948.313866572543,23.964695858061486,0.0,0.0,0.0,-3.410605131648481e-13,0.0
2025-04-16 15:00:00+00:00,2,52.0,3130.6983092546166,667.2391863428281,1124.2505269832957,1339.2085959284905,667.2391863428281,505.8700825659267,161.36910377690145,2846.874616250887,0.0,667.2391863428281,0.0,1124.2505269832957,0.0,1339.2085959284905,0.0,0.0,0.0,0.0,0.0,2006.4477822713186,668.8159274237729,3799.5142366783875,56.992713550175814,22.485010539665915,22.485010539665915,180.3223656369088,951.1010276901894,4081.7993369448054,0.0,0.0,0.0,0.0,0.0,20529.091176784652,0.0,0.0,5948.313866572543,23.96407939785908,0.0,0.0,0.0,-5.684341886080801e-13,0.0
2025-04-16 16:00:00+00:00,2,52.0,3146.8534829328705,671.1118073747092,1130.1369765272536,1345.6046990309064,671.1118073747093,508.6663911417823,162.44541623292696,2846.874616250887,0.0,671.1118073747092,0.0,1130.1369765272536,0.0,1345.6046990309064,0.0,0.0,0.0,0.0,0.0,2016.7165064056157,672.2388354685386,3819.092318401408,57.28638477602112,22.602739530545072,22.602739530545072,181.33292437760355,956.0636236832534,4102.917106616123,0.0,0.0,0.0,0.0,0.0,20488.032994431087,0.0,0.0,5948.313866572543,23.964683656208443,0.0,0.0,0.0,-4.547473508864641e-13,0.0
2025-04-16 17:00:00+00:00,2,52.0,3115.8346999118326,662.962993150566,1119.772825610052,1333.0988811512152,662.962993150566,502.8457851244134,160.11720802615264,2846.874616250887,0.0,662.962993150566,0.0,1119.772825610052,0.0,1333.0988811512152,0.0,0.0,0.0,0.0,0.0,1996.0618743017812,665.3539581005938,3781.1886580124274,56.71782987018641,22.39545651220104,22.39545651220104,179.2347885967818,946.097489591964,4061.9321895037974,0.0,0.0,0.0,0.0,0.0,20447.056928442227,0.0,0.0,5948.313866572543,23.966093820832622,0.0,0.0,0.0,9.094947017729282e-13,0.0
2025-04-16 18:00:00+00:00,2,52.0,3107.6242572658634,661.6758431243298,1116.0050171902037,1329.9433969513304,661.6758431243298,501.1155879197311,160.56025520459872,2846.874616250887,0.0,661.6758431243298,0.0,1116.0050171902037,759.1518165637117,570.7915803876188,0.0,0.0,759.1518165637117,1012.2024220849489,253.05060552123723,1232.4674235119487,410.8224745039829,2759.2949152061356,41.389423728092034,29.91161850944119,22.320100343804075,178.86797094718474,936.362193553742,739.3676360570819,0.0,0.0,0.0,1012.2024220849489,0.0,21367.755115566048,0.0,3304.6188147625235,2464.939782140664,23.966014112787757,0.0,0.0,0.0,-3.410605131648481e-13,0.0
2025-04-16 19:00:00+00:00,2,52.0,3156.1381682879146,673.7863088828219,1136.5534176981805,1345.7984417069126,673.7863088828219,510.8704903630023,162.9158185198196,2846.874616250887,0.0,673.7863088828219,0.0,1136.5534176981805,33.73856070878537,1312.0598809981273,0.0,0.0,33.73856070878537,44.98474761171383,11.246186902928457,1985.8461898809492,661.9487299603164,3784.348337539446,56.76522506309169,23.068453961051464,22.73106835396361,181.9180557632396,957.6777200045912,2402.3760214731233,0.0,0.0,0.0,44.98474761171383,0.0,21367.755115566048,0.0,1711.4398668193821,660.9237629525047,23.96538317105544,0.0,0.0,0.0,-3.410605131648481e-13,0.0
2025-04-16 20:00:00+00:00,2,52.0,3134.47372620738,667.6096217668115,1123.0294480859493,1343.834656354617,667.6096217668115,505.8923528068675,161.71726895994405,2846.874616250887,0.0,667.6096217668115,0.0,1123.0294480859493,0.0,1343.834656354617,0.0,0.0,0.0,0.0,0.0,2011.4442781214284,670.4814260404761,3804.9551522478537,57.0743272837178,22.460588961718987,22.460588961718987,180.52432965903387,953.0012609066657,4087.4749871140457,0.0,0.0,0.0,0.0,0.0,21325.019605334917,0.0,0.0,660.9237629525047,23.96557413475726,0.0,0.0,0.0,0.0,0.0
2025-04-16 21:00:00+00:00,2,52.0,3219.440747141053,687.0619424997027,1156.0629213107543,1376.3158833305956,687.0619424997027,520.4781975084398,166.58374499126282,2846.874616250887,0.0,687.0619424997027,0.0,1156.0629213107543,0.0,1376.3158833305956,0.0,0.0,0.0,0.0,0.0,2063.377825830298,687.7926086100994,3907.233355751152,58.60850033626728,23.121258426215086,23.121258426215086,185.60987917407346,978.2535049728701,4197.6942521139235,0.0,0.0,0.0,0.0,0.0,21282.36956612425,0.0,0.0,660.9237629525047,23.96722389061148,0.0,0.0,0.0,2.2737367544323206e-13,0.0
2025-04-16 22:00:00+00:00,2,52.0,3205.571780563216,685.4397063666097,1151.049636540572,1369.0824376560347,685.4397063666097,519.6235761697981,165.81613019681163,2846.874616250887,0.0,685.4397063666097,0.0,1151.049636540572,0.0,1369.0824376560347,0.0,0.0,0.0,0.0,0.0,2054.522144022644,684.8407146742147,3890.412495237431,58.35618742856146,23.02099273081144,23.02099273081144,185.06536727022453,974.3042548346237,4179.876035397839,0.0,0.0,0.0,0.0,0.0,21239.804826992,0.0,0.0,660.9237629525047,23.964395420375766,0.0,0.0,0.0,-1.2505552149377763e-12,0.0
2025-04-16 23:00:00+00:00,2,52.0,3116.379732225525,665.1394385128517,1119.0830608940212,1332.1572328186528,665.1394385128517,504.2816544270707,160.85778408578108,2846.874616250887,0.0,665.1394385128517,0.0,1119.0830608940212,0.0,1332.1572328186528,0.0,0.0,0.0,0.0,0.0,1997.2966713315045,665.7655571105015,3782.1452893360274,56.73217934004041,22.381661217880424,22.381661217880424,179.67834885304768,946.9394077393504,7367.937954727398,0.0,0.0,0.0,0.0,0.0,21197.325217338017,3304.6188147625235,0.0,3795.960438941195,23.963379320180234,0.0,0.0,0.0,-4.547473508864641e-13,0.0
2025-05-10 00:00:00+00:00,3,36.0,2845.180114523788,615.2511766420205,1019.3923659306561,1210.536571951109,615.2511766420205,459.14879430983416,156.1023823321863,2846.874616250887,0.0,615.2511766420205,0.0,1019.3923659306561,0.0,1210.536571951109,0.0,0.0,0.0,0.0,0.0,1825.7877485931294,608.5959161977098,3453.7760307214953,51.80664046082243,20.387847318613122,20.387847318613122,165.61313721108627,866.7913885068448,3711.971503030633,0.0,0.0,0.0,0.0,0.0,21154.93056690335,0.0,0.0,660.9237629525047,23.980904640078137,0.0,0.0,0.0,3.410605131648481e-13,0.0
2025-05-10 01:00:00+00:00,3,36.0,2851.6844749140664,616.5893482108063,1022.633045850371,1212.4620808528912,616.5893482108063,460.34289547549366,156.24645273531263,2846.874616250887,0.0,616.5893482108063,0.0,1022.633045850371,0.0,1212.4620808528912,0.0,0.0,0.0,0.0,0.0,1829.0514290636975,609.6838096878992,3461.3682846019674,51.92052426902951,20.45266091700742,20.45266091700742,165.95389452757718,868.4635503185207,3720.1480252325873,0.0,0.0,0.0,0.0,0.0,21112.620705769543,0.0,0.0,660.9237629525047,23.98046757008517,0.0,0.0,0.0,2.2737367544323206e-13,0.0
2025-05-10 02:00:00+00:00,3,36.0,2805.0132069112033,607.1174710964414,1003.6107667188191,1194.2849690959404,607.1174710964414,452.24248034411676,154.87499075232458,2846.874616250887,0.0,607.1174710964414,0.0,1003.6107667188191,0.0,1194.2849690959404,0.0,0.0,0.0,0.0,0.0,1801.4024401923816,600.4674800641272,3405.4806869753284,51.082210304629925,20.072215334376384,20.072215334376384,163.41093732113035,855.1050583586405,5928.897985598326,0.0,0.0,0.0,0.0,0.0,21070.395464358004,2268.779720328483,0.0,2813.277190583852,23.980152789887835,0.0,0.0,0.0,-4.547473508864641e-13,0.0
2025-05-10 03:00:00+00:00,3,36.0,2798.3027511067385,605.1729971493996,1001.0561953170522,1192.0735586402848,605.1729971493996,451.7610469131823,153.4119502362173,2846.874616250887,0.0,605.1729971493996,0.0,1001.0561953170522,0.0,1192.0735586402848,0.0,0.0,0.0,0.0,0.0,1797.2465557896844,599.0821852632281,3397.3849363699646,50.96077404554947,20.021123906341046,20.021123906341046,162.9346403279706,853.0198474494302,3651.3225985561685,0.0,0.0,0.0,0.0,0.0,21028.254673429292,0.0,0.0,2813.277190583852,23.97927104327688,0.0,0.0,0.0,-2.2737367544323206e-13,0.0
2025-05-10 04:00:00+00:00,3,36.0,2749.9230817662174,593.9432545902491,985.2761098446863,1170.703717331281,593.9432545902491,444.3269169256376,149.6163376646116,2846.874616250887,0.0,593.9432545902491,0.0,985.2761098446863,0.0,1170.703717331281,0.0,0.0,0.0,0.0,0.0,1764.6469719215302,588.2156573071767,3338.138739073393,50.072081086100894,19.705522196893725,19.705522196893725,159.93245896612763,837.6312417531926,3587.5543235194095,0.0,0.0,0.0,0.0,0.0,20986.198164082434,0.0,0.0,2813.277190583852,23.978655732215433,0.0,0.0,0.0,-4.547473508864641e-13,0.0
2025-05-10 05:00:00+00:00,3,36.0,2771.6920072423513,598.4862070464851,995.0755561481808,1178.1302440476838,598.4862070464851,448.1320198021381,150.35418724434706,2846.874616250887,0.0,598.4862070464851,0.0,995.0755561481808,0.0,1178.1302440476838,0.0,0.0,0.0,0.0,0.0,1776.616451094169,592.2054836980564,3363.897490940406,50.45846236410609,19.901511122963615,19.901511122963615,161.117250770334,843.5842190784238,6919.895041083299,0.0,0.0,0.0,0.0,0.0,20944.225767754266,3304.6188147625235,0.0,5948.313866572543,23.97927217460357,0.0,0.0,0.0,4.547473508864641e-13,0.0
2025-05-10 06:00:00+00:00,3,36.0,2768.427949534081,597.7125986264488,995.3165646821786,1175.3987862254558,597.7125986264488,447.50786905644526,150.20472957000354,2846.874616250887,0.0,597.7125986264488,0.0,995.3165646821786,0.0,1175.3987862254558,0.0,0.0,0.0,0.0,0.0,1773.1113848519044,591.0371282839682,3359.465077818051,50.39197616727077,19.90633129364357,19.90633129364357,160.87689185108277,842.1186588896088,3610.54660842369,0.0,0.0,0.0,0.0,0.0,20902.337316218756,0.0,0.0,5948.313866572543,23.979747507568387,0.0,0.0,0.0,1.1368683772161603e-13,0.0
2025-05-10 07:00:00+00:00,3,36.0,2799.894535403492,603.8504104183078,1007.79080745408,1188.2533175311041,603.8504104183078,451.5419851949373,152.3084252233705,2846.874616250887,0.0,603.8504104183078,0.0,1007.79080745408,0.0,1188.2533175311041,0.0,0.0,0.0,0.0,0.0,1792.103727949412,597.3679093164707,3397.262444719963,50.95893667079944,20.1558161490816,20.1558161490816,162.54962115374806,851.1880994391813,346.4638200801496,0.0,0.0,0.0,0.0,0.0,20860.53264158632,0.0,3304.6188147625235,2464.939782140664,23.980721891671283,0.0,0.0,0.0,0.0,0.0
2025-05-10 08:00:00+00:00,3,36.0,2828.821979840501,611.5597588276868,1012.474130511679,1204.7880905011327,611.5597588276868,454.9589354187888,156.60082340889795,2846.874616250887,0.0,611.5597588276868,0.0,1012.474130511679,0.0,1204.7880905011327,0.0,0.0,0.0,0.0,0.0,1816.3478493288194,605.4492831096064,3434.2712629501048,51.51406894425157,20.24948261023358,20.24948261023358,164.65375906332952,862.1160763376547,1979.4981893587733,0.0,0.0,0.0,0.0,0.0,20818.81157630315,0.0,1711.4398668193821,660.9237629525047,23.978347027006414,0.0,0.0,0.0,-4.547473508864641e-13,0.0
2025-05-10 09:00:00+00:00,3,36.0,2852.640445048621,615.3602294334264,1018.6748649946762,1218.6053506205178,615.3602294334264,457.4590839505254,157.90114548290106,2846.874616250887,0.0,615.3602294334264,0.0,1018.6748649946762,0.0,1218.6053506205178,0.0,0.0,0.0,0.0,0.0,1833.9655800539442,611.3218600179814,3463.962305066602,51.959434575999026,20.373497299893526,20.373497299893526,165.84573774546504,869.8740269392325,3722.5144719878535,0.0,0.0,0.0,0.0,0.0,20777.17395315055,0.0,0.0,660.9237629525047,23.97865952089468,0.0,0.0,0.0,-1.1368683772161603e-13,0.0
2025-05-10 10:00:00+00:00,3,36.0,2864.6547110195024,617.075670628966,1026.010759853104,1221.568280537432,617.075670628966,459.6106338964421,157.46503673252394,2846.874616250887,0.0,617.075670628966,0.0,1026.010759853104,0.0,1221.568280537432,0.0,0.0,0.0,0.0,0.0,1838.643951166398,612.881317055466,3477.536028074968,52.163040421124514,20.52021519706208,20.52021519706208,166.2976067230319,872.3823945937464,3737.037105613249,0.0,0.0,0.0,0.0,0.0,20735.61960524425,0.0,0.0,660.9237629525047,23.978253408148184,0.0,0.0,0.0,1.1368683772161603e-13,0.0
2025-05-10 11:00:00+00:00,3,36.0,2854.0950518941063,615.1170609958934,1022.3381379035138,1216.639852994699,615.1170609958934,458.6387191432052,156.4783418526882,2846.874616250887,0.0,615.1170609958934,0.0,1022.3381379035138,0.0,1216.639852994699,0.0,0.0,0.0,0.0,0.0,1831.7569139905922,610.5856379968641,3464.68068989097,51.970210348364546,20.446762758070278,20.446762758070278,165.74356871896032,869.1929425803294,3723.2879944744354,0.0,0.0,0.0,0.0,0.0,20694.148366033758,0.0,0.0,660.9237629525047,23.978342037051064,0.0,0.0,0.0,-2.2737367544323206e-13,0.0
2025-05-10 12:00:00+00:00,3,36.0,2844.43433555206,613.5561078077385,1020.0647551227231,1210.8134726215974,613.5561078077385,457.17247290446744,156.383634903271,2846.874616250887,0.0,613.5561078077385,0.0,1020.0647551227231,0.0,1210.8134726215974,0.0,0.0,0.0,0.0,0.0,1824.3695804293359,608.1231934764453,3452.557529028504,51.788362935427564,20.401295102454462,20.401295102454462,165.24956867179338,865.9637152885753,7015.016865603157,0.0,0.0,0.0,0.0,0.0,20652.76006930169,3304.6188147625235,0.0,3795.960438941195,23.97844206759118,0.0,0.0,0.0,-1.8189894035458565e-12,0.0
2025-05-10 13:00:00+00:00,3,36.0,2964.053024794435,640.4378682233398,1061.04317777817,1262.5719787929265,640.4378682233398,478.3196375243575,162.11823069898236,2846.874616250887,0.0,640.4378682233398,0.0,1061.04317777817,0.0,1262.5719787929265,0.0,0.0,0.0,0.0,0.0,1903.0098470162663,634.3366156720888,3598.389640466525,53.975844606997875,21.2208635555634,21.2208635555634,172.46173497748345,903.2159223676967,6136.048667490615,0.0,0.0,0.0,0.0,0.0,20611.45454916309,2268.779720328483,0.0,5948.313866572543,23.97497822510077,0.0,0.0,0.0,4.547473508864641e-13,0.0
2025-05-10 14:00:00+00:00,3,36.0,2983.065283916223,646.223881808269,1069.9674421215345,1266.8739599864202,646.223881808269,483.7046114333033,162.51927037496566,2846.874616250887,0.0,646.223881808269,0.0,1069.9674421215345,0.0,1266.8739599864202,0.0,0.0,0.0,0.0,0.0,1913.0978417946892,637.6992805982297,3620.7645645144535,54.3114684677168,21.39934884243069,21.39934884243069,173.83406182023253,908.6435085710405,3891.708792487264,0.0,0.0,0.0,0.0,0.0,20570.231640064765,0.0,0.0,5948.313866572543,23.97106044375736,0.0,0.0,0.0,4.547473508864641e-13,0.0
2025-05-10 15:00:00+00:00,3,36.0,2991.4683223091556,647.8158792272178,1074.165379290245,1269.4870637916933,647.8158792272178,485.83685848425773,161.97902074296007,2846.874616250887,0.0,647.8158792272178,0.0,1074.165379290245,0.0,1269.4870637916933,0.0,0.0,0.0,0.0,0.0,1917.3029430189113,639.1009810063038,3630.5693033154603,54.4585395497319,21.4833075858049,21.4833075858049,174.25194016972628,910.7780758973718,3902.2463982065274,0.0,0.0,0.0,0.0,0.0,20529.091176784634,0.0,0.0,5948.313866572543,23.970546538875535,0.0,0.0,0.0,0.0,0.0
2025-05-10 16:00:00+00:00,3,36.0,3040.5406210890624,656.9143408182387,1089.0432784266195,1294.5830018442057,656.9143408182387,492.1988050799824,164.71553573825625,2846.874616250887,0.0,656.9143408182387,0.0,1089.0432784266195,0.0,1294.5830018442057,0.0,0.0,0.0,0.0,0.0,1951.4973426624442,650.4991142208147,3691.0397353098783,55.365596029648174,21.78086556853239,21.78086556853239,176.89034464589437,926.316786033422,3966.857407122485,0.0,0.0,0.0,0.0,0.0,20488.03299443106,0.0,0.0,5948.313866572543,23.970881250012926,0.0,0.0,0.0,4.547473508864641e-13,0.0
2025-05-10 17:00:00+00:00,3,36.0,2990.811706214056,646.2669447595537,1074.0097991403393,1270.5349623141624,646.2669447595538,484.15036917871987,162.11657558083385,2846.874616250887,0.0,646.2669447595537,0.0,1074.0097991403393,0.0,1270.5349623141624,0.0,0.0,0.0,0.0,0.0,1916.801907073716,638.933969024572,3629.745675238627,54.4461851285794,21.480195982806787,21.480195982806787,173.94024364378456,910.2807897625495,3901.0924959766053,0.0,0.0,0.0,0.0,0.0,20447.0569284422,0.0,0.0,5948.313866572543,23.970331633125813,0.0,0.0,0.0,-1.1368683772161603e-13,0.0
2025-05-10 18:00:00+00:00,3,36.0,3074.99117271697,664.3555151558272,1106.0581243782804,1304.5775331828634,664.3555151558272,498.6412563252051,165.7142588306221,2846.874616250887,0.0,664.3555151558272,0.0,1106.0581243782804,0.0,1304.5775331828634,0.0,0.0,0.0,0.0,0.0,1968.9330483386907,656.3110161128969,3731.302188829868,55.96953283244802,22.12116248756561,22.12116248756561,178.76773074715186,935.290604667628,4010.2817773845977,0.0,0.0,0.0,0.0,0.0,20406.16281458532,0.0,0.0,5948.313866572543,23.968805806697823,0.0,0.0,0.0,-4.547473508864641e-13,0.0
2025-05-10 19:00:00+00:00,3,36.0,3048.0191882415293,658.9661745301389,1092.2213335810236,1296.8316801303686,658.9661745301389,494.59212045049924,164.3740540796397,2846.874616250887,0.0,658.9661745301389,0.0,1092.2213335810236,791.3720736393907,505.4596064909779,0.0,0.0,791.3720736393907,1055.162764852521,263.79069121313023,1164.4257810211168,388.14192700703893,2644.7890416091795,39.67183562413769,29.75814740801438,21.84442667162047,177.3926640914603,920.5996920154018,664.0000654944082,0.0,0.0,0.0,1055.162764852521,0.0,21367.755115566048,0.0,3304.6188147625235,2464.939782140664,23.965195494774637,0.0,0.0,0.0,6.821210263296962e-13,0.0
2025-05-10 20:00:00+00:00,3,36.0,3093.4341376045822,668.433492888564,1113.229315464311,1311.771329251706,668.4334928885642,502.2507287929957,166.18276409556842,2846.874616250887,0.0,668.433492888564,0.0,1113.229315464311,0.0,1311.771329251706,0.0,0.0,0.0,0.0,0.0,1980.2048221402702,660.0682740467568,3753.5024116513378,56.30253617477006,22.26458630928622,22.26458630928622,179.84826205936082,940.7482448994599,2322.7425156846602,0.0,0.0,0.0,0.0,0.0,21325.019605334917,0.0,1711.4398668193821,660.9237629525047,23.96972744942327,0.0,0.0,0.0,2.2737367544323206e-13,0.0
2025-05-10 21:00:00+00:00,3,36.0,3151.4140776579247,682.1545945492385,1139.656711980625,1329.60277112806,682.1545945492385,513.2422649688177,168.9123295804208,2846.874616250887,0.0,682.1545945492385,0.0,1139.656711980625,0.0,1329.60277112806,0.0,0.0,0.0,0.0,0.0,2011.7573656772986,670.5857885590996,3821.9998662170233,57.32999799325535,22.7931342396125,22.7931342396125,183.3019220603981,956.8039770919781,4108.218054749902,0.0,0.0,0.0,0.0,0.0,21282.36956612425,0.0,0.0,660.9237629525047,23.971630606104387,0.0,0.0,0.0,-9.094947017729282e-13,0.0
2025-05-10 22:00:00+00:00,3,36.0,3139.5246216862106,676.2309028666731,1130.7397168777486,1332.5540019417872,676.2309028666731,508.84843561067964,167.38246725599348,2846.874616250887,0.0,676.2309028666731,0.0,1130.7397168777486,0.0,1332.5540019417872,0.0,0.0,0.0,0.0,0.0,2008.7849048084604,669.5949682694868,3809.119589955696,57.13679384933544,22.614794337554972,22.614794337554972,182.09769693433964,954.0590477282717,4093.5836694144823,0.0,0.0,0.0,0.0,0.0,21239.804826992004,0.0,0.0,660.9237629525047,23.97214001807867,0.0,0.0,0.0,0.0,0.0
2025-05-10 23:00:00+00:00,3,36.0,3063.0606555468994,658.921714166252,1103.1805398727722,1300.9584015078758,658.921714166252,496.4848628131923,162.43685135305967,2846.874616250887,0.0,658.921714166252,0.0,1103.1805398727722,0.0,1300.9584015078758,0.0,0.0,0.0,0.0,0.0,1959.8801156741279,653.293371891376,3716.354027438276,55.74531041157414,22.063610797455446,22.063610797455446,177.50502790298418,930.6709318008452,3993.731587347745,0.0,0.0,0.0,0.0,0.0,21197.32521733802,0.0,0.0,660.9237629525047,23.9738296872036,0.0,0.0,0.0,4.547473508864641e-13,0.0
2025-06-27 00:00:00+00:00,4,104.0,2972.3891943255894,626.9810915464135,1057.8332044700749,1287.5748983090984,626.9810915464134,474.1603388806522,152.82075266576123,2846.874616250887,0.0,626.9810915464135,0.0,1057.8332044700749,0.0,1287.5748983090984,0.0,0.0,0.0,0.0,0.0,1914.555989855512,638.1853299518374,3610.5745242774246,54.158617864161364,21.1566640894015,21.1566640894015,170.21983516304078,904.8771111578425,3877.2663054834325,0.0,0.0,0.0,0.0,0.0,21197.325217338017,0.0,0.0,660.9237629525047,23.970710556981,0.0,0.0,0.0,5.684341886080801e-13,0.0
2025-06-27 01:00:00+00:00,4,104.0,2974.5704631418066,626.780332143911,1056.658300086692,1291.1318309112041,626.780332143911,473.66913161523763,153.11120052867335,2846.874616250887,0.0,626.780332143911,0.0,1056.658300086692,0.0,1291.1318309112041,0.0,0.0,0.0,0.0,0.0,1917.9121630551151,639.3040543517051,3613.874517493512,54.20811776240268,21.13316600173384,21.13316600173384,170.2684941055085,906.0469982230838,3880.617461364891,0.0,0.0,0.0,0.0,0.0,21154.930566903346,0.0,0.0,660.9237629525047,23.970201539991468,0.0,0.0,0.0,4.547473508864641e-13,0.0
2025-06-27 02:00:00+00:00,4,104.0,2962.0674572742187,625.3054173478218,1053.5208710134807,1283.2411689129174,625.3054173478218,472.4922385171642,152.81317883065768,2846.874616250887,0.0,625.3054173478218,0.0,1053.5208710134807,0.0,1283.2411689129174,0.0,0.0,0.0,0.0,0.0,1908.5465862607393,636.1821954202464,3598.2496526944665,53.973744790416994,21.070417420269614,21.070417420269614,169.73795278698134,902.0347278381839,3864.102185112403,0.0,0.0,0.0,0.0,0.0,21112.62070576954,0.0,0.0,660.9237629525047,23.96857176287944,0.0,0.0,0.0,2.2737367544323206e-13,0.0
2025-06-27 03:00:00+00:00,4,104.0,2898.9437019631428,613.6354596444768,1031.6781512827229,1253.630091035944,613.6354596444769,463.47181839286765,150.1636412516092,2846.874616250887,0.0,613.6354596444768,0.0,1031.6781512827229,0.0,1253.630091035944,0.0,0.0,0.0,0.0,0.0,1867.2655506804208,622.4218502268069,3521.3655521899504,52.82048328284925,20.633563025654457,20.633563025654457,166.41665213401814,882.9261116949832,3781.8698136581256,0.0,0.0,0.0,0.0,0.0,21070.395464358,0.0,0.0,660.9237629525047,23.96673785758587,0.0,0.0,0.0,-3.410605131648481e-13,0.0
2025-06-27 04:00:00+00:00,4,104.0,2787.838365586684,587.258617244243,987.5297173886889,1213.050030953751,587.258617244243,444.82903409658866,142.42958314765437,2846.874616250887,0.0,587.258617244243,0.0,987.5297173886889,0.0,1213.050030953751,0.0,0.0,0.0,0.0,0.0,1800.308648197994,600.1028827326646,3387.9412483193473,50.81911872479021,19.75059434777378,19.75059434777378,159.62116211685552,850.044352269858,3637.8827178565407,0.0,0.0,0.0,0.0,0.0,21028.25467342929,0.0,0.0,660.9237629525047,23.96659577525807,0.0,0.0,0.0,-1.4779288903810084e-12,0.0
2025-06-27 05:00:00+00:00,4,104.0,2807.562379466614,595.6797987855028,995.1474298063712,1216.7351508747397,595.6797987855028,447.0723145265625,148.6074842589404,2846.874616250887,0.0,595.6797987855028,0.0,995.1474298063712,0.0,1216.7351508747397,0.0,0.0,0.0,0.0,0.0,1812.4149496602427,604.1383165534143,3411.7006960200283,51.17551044030042,19.902948596127423,19.902948596127423,161.53244005269772,856.6521642386672,3664.2145437052814,0.0,0.0,0.0,0.0,0.0,20986.198164082434,0.0,0.0,660.9237629525047,23.970124151791616,0.0,0.0,0.0,2.2737367544323206e-13,0.0
2025-06-27 06:00:00+00:00,4,104.0,3020.8826747440003,646.5733295330665,1077.4299299267398,1296.879415284194,646.5733295330665,485.7108218508537,160.86250768221285,2846.874616250887,0.0,646.5733295330665,0.0,1077.4299299267398,0.0,1296.879415284194,0.0,0.0,0.0,0.0,0.0,1943.4527448172605,647.8175816057535,3668.7002563497535,55.0305038452463,21.548598598534795,21.548598598534795,174.70611929977457,920.6514019478441,3941.534076691843,0.0,0.0,0.0,0.0,0.0,20944.22576775427,0.0,0.0,660.9237629525047,23.969778914310755,0.0,0.0,0.0,-1.3642420526593924e-12,0.0
2025-06-27 07:00:00+00:00,4,104.0,2973.344566588362,631.0154561367431,1055.2196385096347,1287.1094719419832,631.0154561367431,477.0473256711287,153.9681304656143,2846.874616250887,0.0,631.0154561367431,0.0,1055.2196385096347,0.0,1287.1094719419832,0.0,0.0,0.0,0.0,0.0,1918.1249280787263,639.374976026242,3612.7195426146027,54.19079313921904,21.104392770192696,21.104392770192696,171.07912196037034,906.8536766662169,3880.1982432545774,0.0,0.0,0.0,0.0,0.0,20902.337316218764,0.0,0.0,660.9237629525047,23.96522781081003,0.0,0.0,0.0,-1.3642420526593924e-12,0.0
2025-06-27 08:00:00+00:00,4,104.0,2962.233665295176,628.2450619414686,1050.9028993595782,1283.0857039941297,628.2450619414686,474.5281375577953,153.71692438367333,2846.874616250887,0.0,628.2450619414686,0.0,1050.9028993595782,0.0,1283.0857039941297,0.0,0.0,0.0,0.0,0.0,1911.3307659355983,637.1102553118661,3599.3439206070425,53.99015880910564,21.018057987191565,21.018057987191565,170.37021636697128,903.5067464623262,3865.7404117575015,0.0,0.0,0.0,0.0,0.0,20860.532641586327,0.0,0.0,660.9237629525047,23.965573110799742,0.0,0.0,0.0,-4.547473508864641e-13,0.0
2025-06-27 09:00:00+00:00,4,104.0,2914.1667402706785,618.8793291641063,1038.356453865439,1256.9309572411312,618.8793291641061,469.2686806708421,149.61064849326408,2846.874616250887,0.0,618.8793291641063,0.0,1038.356453865439,0.0,1256.9309572411312,0.0,0.0,0.0,0.0,0.0,1875.8102864052375,625.2700954684125,3539.436835739089,53.09155253608633,20.767129077308784,20.767129077308784,167.65067792757182,887.5465840866882,3801.7133243573667,0.0,0.0,0.0,0.0,0.0,20818.811576303153,0.0,0.0,660.9237629525047,23.96566257059007,0.0,0.0,0.0,0.0,0.0
2025-06-27 10:00:00+00:00,4,104.0,2854.2154739279263,606.9043072249192,1020.8476836687889,1226.46348303422,606.9043072249191,461.53572702219526,145.36858020272385,2846.874616250887,0.0,606.9043072249192,0.0,1020.8476836687889,0.0,1226.46348303422,0.0,0.0,0.0,0.0,0.0,1833.3677902591392,611.1225967530464,3465.338070680975,51.98007106021462,20.41695367337578,20.41695367337578,164.25064542952566,868.1872205895384,3722.4026945174637,0.0,0.0,0.0,0.0,0.0,20777.17395315055,0.0,0.0,660.9237629525047,23.967562807735142,0.0,0.0,0.0,-9.094947017729282e-13,0.0
2025-06-27 11:00:00+00:00,4,104.0,2864.5520750208466,607.7882475236838,1019.7818608614589,1236.981966635704,607.7882475236838,461.4927711476195,146.2954763760643,2846.874616250887,0.0,607.7882475236838,0.0,1019.7818608614589,0.0,1236.981966635704,0.0,0.0,0.0,0.0,0.0,1844.770214159388,614.9234047197959,3479.4754797406426,52.19213219610964,20.39563721722918,20.39563721722918,164.71967238052198,872.6264837308858,3737.1785587517325,0.0,0.0,0.0,0.0,0.0,20735.61960524425,0.0,0.0,660.9237629525047,23.966995403268786,0.0,0.0,0.0,1.1368683772161603e-13,0.0
2025-06-27 12:00:00+00:00,4,104.0,2854.5137389646643,606.6177182431038,1020.3789156366923,1227.5171050848683,606.6177182431038,461.28210020970505,145.3356180333987,2846.874616250887,0.0,606.6177182431038,0.0,1020.3789156366923,0.0,1227.5171050848683,0.0,0.0,0.0,0.0,0.0,1834.134823327972,611.3782744426574,3465.892013407322,51.98838020110983,20.407578312733847,20.407578312733847,164.2187246821037,868.4005359513386,7027.533089678526,0.0,0.0,0.0,0.0,0.0,20694.14836603376,3304.6188147625235,0.0,3795.960438941195,23.967049036845847,0.0,0.0,0.0,0.0,0.0
2025-06-27 13:00:00+00:00,4,104.0,2859.0678962428838,608.0219332011486,1018.5125668496424,1232.5333961920924,608.0219332011486,462.15266934821017,145.8692638529385,2846.874616250887,0.0,608.0219332011486,0.0,1018.5125668496424,0.0,1232.5333961920924,0.0,0.0,0.0,0.0,0.0,1840.555329393241,613.5184431310803,3472.5863393739637,52.08879509060945,20.370251336992848,20.370251336992848,164.65474038360384,871.0024812792792,5998.850097850645,0.0,0.0,0.0,0.0,0.0,20652.760069301694,2268.779720328483,0.0,5948.313866572543,23.965891627734567,0.0,0.0,0.0,-4.547473508864641e-13,0.0
2025-06-27 14:00:00+00:00,4,104.0,2897.917169548976,614.5460781822883,1030.1687395133536,1253.2023518533335,614.5460781822883,467.7878758282388,146.7582023540495,2846.874616250887,0.0,614.5460781822883,0.0,1030.1687395133536,0.0,1253.2023518533335,0.0,0.0,0.0,0.0,0.0,1867.7484300356218,622.5828100118739,3520.499979560849,52.80749969341274,20.603374790267072,20.603374790267072,166.6233804039006,883.2204396897213,3781.1376092386968,0.0,0.0,0.0,0.0,0.0,20611.454549163092,0.0,0.0,5948.313866572543,23.96680731408544,0.0,0.0,0.0,-3.410605131648481e-13,0.0
2025-06-27 15:00:00+00:00,4,104.0,2900.4790381482444,616.5999255439501,1034.0665335222027,1249.8125790820907,616.5999255439501,468.4435497672848,148.1563757766653,2846.874616250887,0.0,616.5999255439501,0.0,1034.0665335222027,0.0,1249.8125790820907,0.0,0.0,0.0,0.0,0.0,1866.4125046260408,622.1375015420136,3522.616539690257,52.83924809535385,20.681330670444055,20.681330670444055,166.97706067786999,883.3164716561255,3783.7955098043694,0.0,0.0,0.0,0.0,0.0,20570.23164006477,0.0,0.0,5948.313866572543,23.967027456588134,0.0,0.0,0.0,-4.547473508864641e-13,0.0
2025-06-27 16:00:00+00:00,4,104.0,2906.154744962548,616.4495427263182,1036.070681641389,1253.6345205948414,616.4495427263182,468.57853079335183,147.8710119329664,2846.874616250887,0.0,616.4495427263182,0.0,1036.070681641389,0.0,1253.6345205948414,0.0,0.0,0.0,0.0,0.0,1870.0840633211596,623.3613544403865,3529.516099402935,52.942741491044025,20.72141363282778,20.72141363282778,167.04685149585524,884.7937746929413,3790.94851965549,0.0,0.0,0.0,0.0,0.0,20529.09117678464,0.0,0.0,5948.313866572543,23.96795119536701,0.0,0.0,0.0,6.821210263296962e-13,0.0
2025-06-27 17:00:00+00:00,4,104.0,2911.70981245057,617.4512018584978,1040.0566314653925,1254.2019791266787,617.4512018584978,469.44006813135024,148.01113372714764,2846.874616250887,0.0,617.4512018584978,0.0,1040.0566314653925,0.0,1254.2019791266787,0.0,0.0,0.0,0.0,0.0,1871.6531809851765,623.8843936617255,3535.5942061122946,53.03391309168442,20.80113262930785,20.80113262930785,167.27755392204972,885.7981259340754,3797.507938384645,0.0,0.0,0.0,0.0,0.0,20488.032994431076,0.0,0.0,5948.313866572543,23.96793728201902,0.0,0.0,0.0,-4.547473508864641e-13,0.0
2025-06-27 18:00:00+00:00,4,104.0,2945.2197398778285,625.259106551996,1052.1441457668088,1267.8164875590242,625.259106551996,473.5809257700646,151.6781807819314,2846.874616250887,0.0,625.259106551996,0.0,1052.1441457668088,0.0,1267.8164875590242,0.0,0.0,0.0,0.0,0.0,1893.07559411102,631.0251980370067,3576.2449379148356,53.64367406872253,21.042882915336175,21.042882915336175,169.3234786811668,896.0781166175682,2129.8579896760148,0.0,0.0,0.0,0.0,0.0,20447.056928442216,0.0,1711.4398668193821,4144.297847384383,23.967201157579947,0.0,0.0,0.0,2.2737367544323206e-13,0.0
2025-06-27 19:00:00+00:00,4,104.0,2980.3909338777416,634.3822665503732,1064.8289563388682,1281.1797109884988,634.3822665503731,479.40160201640174,154.98066453397138,2846.874616250887,0.0,634.3822665503732,0.0,1064.8289563388682,759.15181656372,522.0278944247788,0.0,0.0,759.15181656372,1012.20242208496,253.05060552124,1156.410160975152,385.47005365838396,2606.709170972404,39.10063756458606,28.888097292414567,21.296579126777367,171.65269593208282,899.4586690954848,575.2307882107029,1.1368683772161603e-13,0.0,1.1368683772161603e-13,1012.2024220849598,0.0,21367.755115566048,0.0,3304.6188147625235,660.9237629525047,23.965896419672244,0.0,0.0,0.0,0.0,0.0
2025-06-27 20:00:00+00:00,4,104.0,2968.9866483174515,633.3936592076356,1062.1289260295523,1273.4640630802626,633.3936592076356,478.4282090329796,154.9654501746559,2846.874616250887,0.0,633.3936592076356,0.0,1062.1289260295523,33.73856070878537,1239.7255023714772,0.0,0.0,33.73856070878537,44.98474761171383,11.246186902928457,1873.1191615791126,624.3730538597042,3559.6211414683694,53.39431712202554,21.5799641276789,21.242578520591046,171.23337313553165,903.0694736684598,3872.0561219859114,0.0,0.0,0.0,44.98474761171383,0.0,21367.755115566048,0.0,0.0,660.9237629525047,23.964858632432133,0.0,0.0,0.0,2.2737367544323206e-13,0.0
2025-06-27 21:00:00+00:00,4,104.0,2953.4170974572535,629.9763279125161,1054.808515607046,1268.63225393769,629.9763279125162,475.3536440414125,154.6226838711037,2846.874616250887,0.0,629.9763279125161,0.0,1054.808515607046,0.0,1268.63225393769,0.0,0.0,0.0,0.0,0.0,1898.608581850206,632.869527283402,3586.286624740654,53.79429937110981,21.09617031214092,21.09617031214092,170.36025413649637,899.2164214152899,3852.6335188725443,0.0,0.0,0.0,0.0,0.0,21325.019605334917,0.0,0.0,660.9237629525047,23.964138333634175,0.0,0.0,0.0,9.094947017729282e-13,0.0
2025-06-27 22:00:00+00:00,4,104.0,2930.9927835730564,625.7792891444572,1047.545873474672,1257.6676209539273,625.7792891444572,472.6166145624307,153.16267458202648,2846.874616250887,0.0,625.7792891444572,0.0,1047.545873474672,0.0,1257.6676209539273,0.0,0.0,0.0,0.0,0.0,1883.4469100983845,627.8156366994615,3558.8084202725177,53.38212630408776,20.95091746949344,20.95091746949344,169.16202351250408,892.2616214550402,3823.2544050280967,0.0,0.0,0.0,0.0,0.0,21282.36956612425,0.0,0.0,660.9237629525047,23.96564444893806,0.0,0.0,0.0,1.1368683772161603e-13,0.0
2025-06-27 23:00:00+00:00,4,104.0,2925.2518606763706,623.3377621746629,1045.0498385511523,1256.8642599505547,623.3377621746629,471.0479868658318,152.28977530883114,2846.874616250887,0.0,623.3377621746629,0.0,1045.0498385511523,0.0,1256.8642599505547,0.0,0.0,0.0,0.0,0.0,1880.2020221252176,626.7340073750726,3551.9858680514426,53.27978802077164,20.900996771023046,20.900996771023046,168.612357557473,890.4281464953633,3815.680007171734,0.0,0.0,0.0,0.0,0.0,21239.804826992,0.0,0.0,660.9237629525047,23.966761885761617,0.0,0.0,0.0,0.0,0.0
2025-10-04 00:00:00+00:00,5,17.0,2772.335379650507,593.4485482223312,1026.734477627613,1152.1523538005622,593.4485482223312,458.25471447856836,135.1938337437628,2846.874616250887,0.0,593.4485482223312,0.0,1026.734477627613,0.0,1152.1523538005622,0.0,0.0,0.0,0.0,0.0,1745.6009020228935,581.8669673409645,3354.202346991471,50.313035204872065,20.53468955255226,20.53468955255226,159.35853456764954,832.6079162185906,3604.9432958690977,0.0,0.0,0.0,0.0,0.0,21154.93056690335,0.0,0.0,660.9237629525047,23.965948005484034,0.0,0.0,0.0,0.0,0.0
2025-10-04 01:00:00+00:00,5,17.0,2779.9243563056393,597.1135858936907,1033.2897963246169,1149.5209740873313,597.1135858936907,461.13100620185867,135.9825796918321,2846.874616250887,0.0,597.1135858936907,0.0,1033.2897963246169,0.0,1149.5209740873313,0.0,0.0,0.0,0.0,0.0,1746.634559981022,582.211519993674,3362.1358762993127,50.43203814448969,20.665795926492336,20.665795926492336,160.08419787345537,834.0593478646038,5882.763424498726,0.0,0.0,0.0,0.0,0.0,21112.620705769543,2268.779720328483,0.0,2813.277190583852,23.9660218755118,0.0,0.0,0.0,-4.547473508864641e-13,0.0
2025-10-04 02:00:00+00:00,5,17.0,2782.067544758503,599.7568123882588,1037.3461113924277,1144.9646209778184,599.7568123882588,463.07615377635176,136.68065861190706,2846.874616250887,0.0,599.7568123882588,0.0,1037.3461113924277,0.0,1144.9646209778184,0.0,0.0,0.0,0.0,0.0,1744.7214333660772,581.5738111220257,3363.6413558805307,50.45462033820796,20.746922227848554,20.746922227848554,160.53676702524606,834.0590429411769,6920.745402462204,0.0,0.0,0.0,0.0,0.0,21070.395464358007,3304.6188147625235,0.0,5948.313866572543,23.966614406954516,0.0,0.0,0.0,0.0,0.0
2025-10-04 03:00:00+00:00,5,17.0,2760.95356824539,594.2943399799889,1029.632220828826,1137.0270074365767,594.2943399799889,460.183171233082,134.11116874690686,2846.874616250887,0.0,594.2943399799889,0.0,1029.632220828826,0.0,1137.0270074365767,0.0,0.0,0.0,0.0,0.0,1731.3213474165655,577.1071158055219,3338.0606840509136,50.0709102607637,20.59264441657652,20.59264441657652,159.1447729238128,827.5080878232513,3588.4616560686422,0.0,0.0,0.0,0.0,0.0,21028.254673429292,0.0,0.0,5948.313866572543,23.96490466364261,0.0,0.0,0.0,6.821210263296962e-13,0.0
2025-10-04 04:00:00+00:00,5,17.0,2761.044650665493,594.2028358505906,1029.801503671245,1137.040311143659,594.2028358505906,460.6576899666062,133.54514588398447,2846.874616250887,0.0,594.2028358505906,0.0,1029.801503671245,0.0,1137.040311143659,0.0,0.0,0.0,0.0,0.0,1731.2431469942496,577.0810489980832,3338.125699663578,50.07188549495367,20.5960300734249,20.5960300734249,159.12657136535213,827.4715660052389,3588.516216670732,0.0,0.0,0.0,0.0,0.0,20986.198164082434,0.0,0.0,5948.313866572543,23.96338328815889,0.0,0.0,0.0,0.0,0.0
2025-10-04 05:00:00+00:00,5,17.0,2641.789902241664,567.6528660782564,989.3407686662421,1084.796267497167,567.6528660782564,439.6780968130293,127.97476926522708,2846.874616250887,0.0,567.6528660782564,0.0,989.3407686662421,0.0,1084.796267497167,0.0,0.0,0.0,0.0,0.0,1652.4491335754233,550.8163778584744,3192.60628010014,47.8890942015021,19.786815373324842,19.786815373324842,151.97730421033737,790.2564070169636,3432.0463092586274,0.0,0.0,0.0,0.0,0.0,20944.22576775427,0.0,0.0,5948.313866572543,23.96758442434581,0.0,0.0,0.0,-3.410605131648481e-13,0.0
2025-10-04 06:00:00+00:00,5,17.0,2549.551565904991,546.3860352168144,955.4364024761338,1047.7291282120418,546.3860352168144,422.92905635777163,123.45697885904275,2846.874616250887,0.0,546.3860352168144,0.0,955.4364024761338,0.0,1047.7291282120418,0.0,0.0,0.0,0.0,0.0,1594.1151634288562,531.3717211429521,3080.9232870479423,46.21384930571913,19.10872804952268,19.10872804952268,146.37951933027705,762.1825458779937,7.115297020460982,0.0,0.0,0.0,0.0,0.0,20902.337316218764,0.0,3304.6188147625235,2464.939782140664,23.971573134313804,0.0,0.0,0.0,-1.1368683772161603e-13,0.0
2025-10-04 07:00:00+00:00,5,17.0,2508.767897509253,536.8063042665602,937.2835911280733,1034.6780021146194,536.8063042665602,415.67662176172956,121.12968250483068,2846.874616250887,0.0,536.8063042665602,0.0,937.2835911280733,0.0,1034.6780021146194,0.0,0.0,0.0,0.0,0.0,1571.4843063811795,523.8281021270599,3032.5959996363126,45.48893999454469,18.745671822561466,18.745671822561466,143.95675655162603,750.7651423183536,1548.0931730082243,0.0,0.0,0.0,0.0,0.0,20860.532641586327,0.0,1711.4398668193821,660.9237629525047,23.972743230423212,0.0,0.0,0.0,-2.2737367544323206e-13,0.0
2025-10-04 08:00:00+00:00,5,17.0,2576.8371060932204,551.1156436617846,958.9593934909278,1066.7620689405069,551.1156436617846,425.62697467185,125.48866898993452,2846.874616250887,0.0,551.1156436617846,0.0,958.9593934909278,0.0,1066.7620689405069,0.0,0.0,0.0,0.0,0.0,1617.8777126022915,539.2925708674305,3116.1296769606497,46.74194515440974,19.179187869818556,19.179187869818556,147.909314548437,772.3022063099144,3349.139312403135,0.0,0.0,0.0,0.0,0.0,20818.811576303156,0.0,0.0,660.9237629525047,23.97356922967199,0.0,0.0,0.0,3.410605131648481e-13,0.0
2025-10-04 09:00:00+00:00,5,17.0,2647.138345203874,568.7442648178404,990.6720479568769,1087.7220324291573,568.7442648178404,439.380508213488,129.36375660435246,2846.874616250887,0.0,568.7442648178404,0.0,990.6720479568769,0.0,1087.7220324291573,0.0,0.0,0.0,0.0,0.0,1656.4662972469978,552.1554324156659,3199.2937776195404,47.98940666429311,19.813440959137537,19.813440959137537,152.2905548953737,792.0622758936079,3439.2006210974814,0.0,0.0,0.0,0.0,0.0,20777.173953150552,0.0,0.0,660.9237629525047,23.973559562553344,0.0,0.0,0.0,-4.547473508864641e-13,0.0
2025-10-04 10:00:00+00:00,5,17.0,2613.6421317498016,563.3892537267722,978.8657638880483,1071.3871141349814,563.3892537267722,436.1966770389522,127.19257668781991,2846.874616250887,0.0,563.3892537267722,0.0,978.8657638880483,0.0,1071.3871141349814,0.0,0.0,0.0,0.0,0.0,1634.7763678617534,544.9254559539178,3158.5675877037193,47.378513815555785,19.577315277760967,19.577315277760967,150.6955748900811,782.1541752150765,3395.796306964878,0.0,0.0,0.0,0.0,0.0,20735.619605244254,0.0,0.0,660.9237629525047,23.966995188056448,0.0,0.0,0.0,0.0,0.0
2025-10-04 11:00:00+00:00,5,17.0,2561.7366210066575,550.2126157385891,956.115658299156,1055.4083469689122,550.2126157385891,426.3397138783789,123.87290186021019,2846.874616250887,0.0,550.2126157385891,0.0,956.115658299156,0.0,1055.4083469689122,0.0,0.0,0.0,0.0,0.0,1605.6209627075013,535.2069875691672,3096.943608575825,46.45415412863737,19.122313165983122,19.122313165983122,147.41439945150876,767.3201674812794,5597.83650881642,0.0,0.0,0.0,0.0,0.0,20694.14836603377,2268.779720328483,0.0,2813.277190583852,23.97101710186931,0.0,0.0,0.0,0.0,0.0
2025-10-04 12:00:00+00:00,5,17.0,2590.1558036228676,557.539103632348,970.1765998102313,1062.4401001802885,557.539103632348,431.48133796471535,126.0577656676326,2846.874616250887,0.0,557.539103632348,0.0,970.1765998102313,0.0,1062.4401001802885,0.0,0.0,0.0,0.0,0.0,1619.9792038126366,539.9930679375456,3130.1488715604137,46.952233073406205,19.403531996204627,19.403531996204627,149.19073830553052,774.9431033088915,6669.717721694282,0.0,0.0,0.0,0.0,0.0,20652.760069301705,3304.6188147625235,0.0,5948.313866572543,23.972547031352757,0.0,0.0,0.0,-9.094947017729282e-13,0.0
2025-10-04 13:00:00+00:00,5,17.0,2578.671645327066,553.5941925752388,963.8850075011882,1061.192445250639,553.5941925752388,428.1435350114008,125.45065756383799,2846.874616250887,0.0,553.5941925752388,0.0,963.8850075011882,0.0,1061.192445250639,0.0,0.0,0.0,0.0,0.0,1614.7866378258777,538.2622126086259,3116.933857935692,46.75400786903538,19.277700150023765,19.277700150023765,148.30239958107737,771.8740203587861,3350.5456656858523,0.0,0.0,0.0,0.0,0.0,20611.454549163107,0.0,0.0,5948.313866572543,23.97421656520739,0.0,0.0,0.0,2.2737367544323206e-13,0.0
2025-10-04 14:00:00+00:00,5,17.0,2551.113812437001,546.1615309705917,951.383837178161,1053.5684442882484,546.1615309705917,422.9547582319903,123.2067727386014,2846.874616250887,0.0,546.1615309705917,0.0,951.383837178161,0.0,1053.5684442882484,0.0,0.0,0.0,0.0,0.0,1599.72997525884,533.24332508628,3084.3571375232814,46.26535706284922,19.02767674356322,19.02767674356322,146.49092802213903,764.0549636583949,3315.168776095395,0.0,0.0,0.0,0.0,0.0,20570.23164006478,0.0,0.0,5948.313866572543,23.97682986906605,0.0,0.0,0.0,-6.821210263296962e-13,0.0
2025-10-04 15:00:00+00:00,5,17.0,2491.247767477709,532.8276545871382,928.3946246400277,1030.0254882505453,532.8276545871382,413.4530736639974,119.37458092314088,2846.874616250887,0.0,532.8276545871382,0.0,928.3946246400277,0.0,1030.0254882505453,0.0,0.0,0.0,0.0,0.0,1562.8531428376837,520.9510476125612,3012.1988150902725,45.182982226354085,18.567892492800553,18.567892492800553,142.9743003886336,746.2441152131498,3237.4918826908593,0.0,0.0,0.0,0.0,0.0,20529.091176784656,0.0,0.0,5948.313866572543,23.97602635027299,0.0,0.0,0.0,2.2737367544323206e-13,0.0
2025-10-04 16:00:00+00:00,5,17.0,2473.627428948961,529.8940393889785,918.4841226412858,1025.2492669186956,529.8940393889785,409.9888066652004,119.9052327237781,2846.874616250887,0.0,529.8940393889785,0.0,918.4841226412858,0.0,1025.2492669186956,0.0,0.0,0.0,0.0,0.0,1555.1433063076743,518.3811021025581,2992.0085310515183,44.88012796577277,18.369682452825717,18.369682452825717,142.20494559505892,742.2055405690412,3215.832969518002,0.0,0.0,0.0,0.0,0.0,20488.032994431087,0.0,0.0,5948.313866572543,23.974855993997924,0.0,0.0,0.0,-4.547473508864641e-13,0.0
2025-10-04 17:00:00+00:00,5,17.0,2562.6593872141925,551.4660218278019,951.6869511081574,1059.5064142782314,551.466021827802,425.81578052078964,125.65024130701232,2846.874616250887,0.0,551.4660218278019,0.0,951.6869511081574,726.8669898345952,332.63942444363624,0.0,0.0,726.8669898345952,969.1559864461269,242.28899661153173,884.1054462714382,294.7018154238127,2130.494212803408,31.95741319205112,26.302408920509098,19.033739022163147,147.7874219750322,762.0717951451,1602.8025624442823,0.0,0.0,0.0,969.1559864461269,0.0,21367.755115566048,0.0,1721.9286199150097,4133.241730851942,23.970662002328684,0.0,0.0,0.0,-7.958078640513122e-13,0.0
2025-10-04 18:00:00+00:00,5,17.0,2533.027693289755,545.0751115319073,937.5972723806891,1050.3553093771577,545.0751115319073,420.01240539812545,125.06270613378182,2846.874616250887,0.0,545.0751115319073,0.0,937.5972723806891,33.73856070878537,1016.6167486683723,0.0,0.0,33.73856070878537,44.98474761171383,11.246186902928457,1561.6918602002797,520.5639534000933,3019.853085981062,45.29779628971593,19.089331054701635,18.75194544761378,146.15315528208782,761.102368377141,0.0,0.0,0.0,0.0,44.98474761171383,0.0,21367.755115566048,0.0,3294.1300616668955,660.9237629525047,23.9713326349204,0.0,0.0,0.0,-5.684341886080801e-13,0.0
2025-10-04 19:00:00+00:00,5,17.0,2513.7720482862746,540.5186655323497,928.8031194440605,1044.4502633098666,540.5186655323497,416.37394685788746,124.14471867446224,2846.874616250887,0.0,540.5186655323497,0.0,928.8031194440605,33.73856070878537,1010.7117026010812,0.0,0.0,33.73856070878537,44.98474761171383,11.246186902928457,1551.230368133431,517.0767893778103,2997.1102769553017,44.95665415432953,18.91344799596906,18.57606238888121,145.00682714034835,755.7759679602668,3269.548016246542,0.0,0.0,0.0,44.98474761171383,0.0,21367.755115566048,0.0,0.0,660.9237629525047,23.97068814581641,0.0,0.0,0.0,4.547473508864641e-13,0.0
2025-10-04 20:00:00+00:00,5,17.0,2470.1049623555627,532.305164865564,913.2465102630636,1024.5532872269346,532.305164865564,410.1937552174605,122.11140964810357,2846.874616250887,0.0,532.305164865564,0.0,913.2465102630636,0.0,1024.5532872269346,0.0,0.0,0.0,0.0,0.0,1556.8584520924987,518.9528173641662,2989.0577797197284,44.83586669579592,18.264930205261273,18.264930205261273,142.6961413289576,743.0146857994423,3213.1196481550046,0.0,0.0,0.0,0.0,0.0,21325.019605334917,0.0,0.0,660.9237629525047,23.968930695361365,0.0,0.0,0.0,-4.547473508864641e-13,0.0
2025-10-04 21:00:00+00:00,5,17.0,2378.6375790412726,511.55189628183075,879.9902819395105,987.0954008199321,511.55189628183075,394.7547742289707,116.79712205286009,2846.874616250887,0.0,511.55189628183075,0.0,879.9902819395105,0.0,987.0954008199321,0.0,0.0,0.0,0.0,0.0,1498.647297101763,499.549099033921,2878.1866780751943,43.17280017112791,17.59980563879021,17.59980563879021,137.20313355268078,715.1246440353102,3093.762223076583,0.0,0.0,0.0,0.0,0.0,21282.36956612425,0.0,0.0,660.9237629525047,23.970142228891927,0.0,0.0,0.0,0.0,0.0
2025-10-04 22:00:00+00:00,5,17.0,2404.149435673911,517.570313322372,893.7784268777216,992.8006954738131,517.570313322372,399.2552391046547,118.31507421771735,2846.874616250887,0.0,517.570313322372,0.0,893.7784268777216,0.0,992.8006954738131,0.0,0.0,0.0,0.0,0.0,1510.3710087961852,503.4570029320617,2907.6064386059684,43.61409657908953,17.875568537554432,17.875568537554432,138.66009892582142,721.4823355120815,3125.6317711859924,0.0,0.0,0.0,0.0,0.0,21239.804826992004,0.0,0.0,660.9237629525047,23.97091734758543,0.0,0.0,0.0,1.1368683772161603e-13,0.0
2025-10-04 23:00:00+00:00,5,17.0,2362.210892307045,510.2787960343728,877.9962146919819,973.9358815806916,510.2787960343728,392.31217973302995,117.96661630134287,2846.874616250887,0.0,510.2787960343728,0.0,877.9962146919819,0.0,973.9358815806916,0.0,0.0,0.0,0.0,0.0,1484.2146776150644,494.73822587168814,2856.9491181787344,42.85423677268101,17.55992429383964,17.55992429383964,136.5703536052862,709.2826648373347,3071.49355714438,0.0,0.0,0.0,0.0,0.0,21197.32521733802,0.0,0.0,660.9237629525047,23.970270546271852,0.0,0.0,0.0,1.1368683772161603e-13,0.0
2025-10-16 00:00:00+00:00,6,21.0,2339.9718353632124,513.818356178252,928.5731623377055,897.5803168472542,513.818356178252,406.484771542277,107.333584635975,2846.874616250887,0.0,513.818356178252,0.0,928.5731623377055,0.0,897.5803168472542,0.0,0.0,0.0,0.0,0.0,1411.398673025506,470.46622434183536,2810.4380597050467,42.1565708955757,18.57146324675411,18.57146324675411,135.3277030567493,685.0934247876686,3025.065260150881,0.0,0.0,0.0,0.0,0.0,0.0,0.0,0.0,660.9237629525047,23.958781319437115,0.0,0.0,0.0,-1.1368683772161603e-13,0.0
2025-10-16 01:00:00+00:00,6,21.0,2313.3033477538447,507.75182077289793,916.306760270052,889.2447667108945,507.75182077289793,401.4641601906773,106.28766058222061,2846.874616250887,0.0,507.75182077289793,0.0,916.306760270052,0.0,889.2447667108945,0.0,0.0,0.0,0.0,0.0,1396.9965874837924,465.66552916126415,2778.9688769151085,41.684533153726626,18.32613520540104,18.32613520540104,133.78697548960213,677.789308215395,2991.0926559692393,0.0,0.0,0.0,0.0,0.0,0.0,0.0,0.0,660.9237629525047,23.957503807803942,0.0,0.0,0.0,-3.410605131648481e-13,0.0
2025-10-16 02:00:00+00:00,6,21.0,2338.023090188865,513.8810169641326,924.5963994019054,899.5456738228261,513.8810169641325,405.87054173224766,108.01047523188491,2846.874616250887,0.0,513.8810169641326,0.0,924.5963994019054,0.0,899.5456738228261,0.0,0.0,0.0,0.0,0.0,1413.4266907869587,471.1422302623196,2809.1653204511836,42.13747980676775,18.491927988038107,18.491927988038107,135.38933441919397,685.6529004643576,3023.6759906532225,0.0,0.0,0.0,0.0,0.0,0.0,0.0,0.0,660.9237629525047,23.95840221347176,0.0,0.0,0.0,0.0,0.0
2025-10-16 03:00:00+00:00,6,21.0,2372.724729111875,522.0184317269585,939.2419366299987,911.464360754918,522.0184317269585,411.39523592311025,110.6231958038483,2846.874616250887,0.0,522.0184317269585,0.0,939.2419366299987,0.0,911.464360754918,0.0,0.0,0.0,0.0,0.0,1433.4827924818765,477.8275974939588,2850.552326605834,42.758284899087506,18.784838732599976,18.784838732599976,137.4685513798986,695.6241112381448,3068.3488403500196,0.0,0.0,0.0,0.0,0.0,0.0,0.0,0.0,660.9237629525047,23.959806155981994,0.0,0.0,0.0,-3.410605131648481e-13,0.0
2025-10-16 04:00:00+00:00,6,21.0,2361.552986645079,522.5146362833952,936.8828278866588,902.1555224750244,522.5146362833952,410.89459795087487,111.6200383325204,2846.874616250887,0.0,522.5146362833952,0.0,936.8828278866588,0.0,902.1555224750244,0.0,0.0,0.0,0.0,0.0,1424.6701587584198,474.89005291947325,2836.443039564552,42.54664559346828,18.737656557733175,18.737656557733175,137.32336692066636,692.2353785490743,3053.788365194154,0.0,0.0,0.0,0.0,0.0,0.0,0.0,0.0,660.9237629525047,23.959348058171972,0.0,0.0,0.0,6.821210263296962e-13,0.0
2025-10-16 05:00:00+00:00,6,21.0,2337.432519877436,518.2920706093262,927.1678912244214,891.9725580436867,518.2920706093262,407.1308000322057,111.16127057712053,2846.874616250887,0.0,518.2920706093262,0.0,927.1678912244214,0.0,891.9725580436867,0.0,0.0,0.0,0.0,0.0,1410.264628653013,470.08820955100435,2807.5207294284387,42.11281094142658,18.543357824488428,18.543357824488428,136.13492120413684,685.4226573455447,3022.8551772229803,0.0,0.0,0.0,0.0,0.0,0.0,0.0,0.0,660.9237629525047,23.959531573596326,0.0,0.0,0.0,-3.410605131648481e-13,0.0
2025-10-16 06:00:00+00:00,6,21.0,2245.723916846042,497.9075374804852,888.6957670384054,859.120612327151,497.9075374804852,391.0621949106281,106.84534256985708,2846.874616250887,0.0,497.9075374804852,0.0,888.6957670384054,0.0,859.120612327151,0.0,0.0,0.0,0.0,0.0,1357.028149807636,452.34271660254535,2698.066633448587,40.4709995017288,17.77391534076811,17.77391534076811,130.83882370198887,659.2003704877992,2904.924287333841,0.0,0.0,0.0,0.0,0.0,0.0,0.0,0.0,660.9237629525047,23.96083002774048,0.0,0.0,0.0,1.1368683772161603e-13,0.0
2025-10-16 07:00:00+00:00,6,21.0,2252.5122594783807,501.9676323605991,892.3374903374062,858.2071367803736,501.96763236059917,393.7253021186955,108.24233024190366,2846.874616250887,0.0,501.9676323605991,0.0,892.3374903374062,0.0,858.2071367803736,0.0,0.0,0.0,0.0,0.0,1360.1747691409728,453.3915897136576,2705.9038491920364,40.58855773788054,17.846749806748125,17.846749806748125,131.69233077510103,661.3659778401354,2913.878237318516,0.0,0.0,0.0,0.0,0.0,0.0,0.0,0.0,660.9237629525047,23.958157313946,0.0,0.0,0.0,-2.2737367544323206e-13,0.0
2025-10-16 08:00:00+00:00,6,21.0,2253.3378561860136,502.5295153844072,891.7015188952546,859.1068219063524,502.5295153844072,393.8014650384497,108.72805034595751,2846.874616250887,0.0,502.5295153844072,0.0,891.7015188952546,0.0,859.1068219063524,0.0,0.0,0.0,0.0,0.0,1361.6363372907595,453.8787790969198,2707.2166352829336,40.608249529244,17.83403037790509,17.83403037790509,131.83817092205882,661.9932603040327,2915.331116490046,0.0,0.0,0.0,0.0,0.0,0.0,0.0,0.0,660.9237629525047,23.95745474309623,0.0,0.0,0.0,-2.2737367544323206e-13,0.0
2025-10-16 09:00:00+00:00,6,21.0,2295.657581293279,512.7444548736969,907.8277662591205,875.0853601604618,512.7444548736969,400.3624318808389,112.38202299285801,2846.874616250887,0.0,512.7444548736969,0.0,907.8277662591205,0.0,875.0853601604618,0.0,0.0,0.0,0.0,0.0,1387.8298150341589,462.60993834471964,2758.267519637999,41.374012794569985,18.15655532518241,18.15655532518241,134.4750972917166,674.772159081371,2970.4297403746496,0.0,0.0,0.0,0.0,0.0,0.0,0.0,0.0,660.9237629525047,23.95605598806484,0.0,0.0,0.0,-2.2737367544323206e-13,0.0
2025-10-16 10:00:00+00:00,6,21.0,2296.796900667516,510.9249705827358,903.205289548931,882.6666405358507,510.9249705827358,398.60822710623034,112.31674347650545,2846.874616250887,0.0,510.9249705827358,0.0,903.205289548931,0.0,882.6666405358507,0.0,0.0,0.0,0.0,0.0,1393.5916111185866,464.53053703952884,2761.3274377070466,41.419911565605695,18.06410579097862,18.06410579097862,134.28111232794444,676.3597725150362,2973.156673182553,0.0,0.0,0.0,0.0,0.0,0.0,0.0,0.0,660.9237629525047,23.955808780840854,0.0,0.0,0.0,4.547473508864641e-13,0.0
2025-10-16 11:00:00+00:00,6,21.0,2383.129426240317,531.2086110921451,940.3910872938033,911.5297278543657,531.2086110921451,415.4640922830007,115.74451880914447,2846.874616250887,0.0,531.2086110921451,0.0,940.3910872938033,0.0,911.5297278543657,0.0,0.0,0.0,0.0,0.0,1442.7383389465108,480.91277964883693,2864.042205889151,42.96063308833726,18.807821745876065,18.807821745876065,139.45408301026606,700.9431392391923,3084.0725654795087,0.0,0.0,0.0,0.0,0.0,0.0,0.0,0.0,660.9237629525047,23.95648035113136,0.0,0.0,0.0,-6.821210263296962e-13,0.0
2025-10-16 12:00:00+00:00,6,21.0,2399.4868278373915,534.1160875107607,946.5322634374211,918.8384768892101,534.1160875107607,417.68942437038703,116.42666314037368,2846.874616250887,0.0,534.1160875107607,0.0,946.5322634374211,0.0,918.8384768892101,0.0,0.0,0.0,0.0,0.0,1452.9545643999709,484.31818813332364,2883.8050159707154,43.25707523956073,18.93064526874842,18.93064526874842,140.27826394160604,705.7148178519873,3105.2016456893784,0.0,0.0,0.0,0.0,0.0,0.0,0.0,0.0,660.9237629525047,23.958646368383988,0.0,0.0,0.0,-3.410605131648481e-13,0.0
2025-10-16 13:00:00+00:00,6,21.0,2416.502104441078,537.2770850876086,951.9143298226729,927.310689530796,537.2770850876086,420.0002248941732,117.27686019343544,2846.874616250887,0.0,537.2770850876086,0.0,951.9143298226729,0.0,927.310689530796,0.0,0.0,0.0,0.0,0.0,1464.5877746184046,488.1959248728015,2904.698029313879,43.57047043970818,19.03828659645346,19.03828659645346,141.1886864876855,711.031654993102,3127.53375943418,0.0,0.0,0.0,0.0,0.0,0.0,0.0,0.0,660.9237629525047,23.960141532148544,0.0,0.0,0.0,1.1368683772161603e-13,0.0
2025-10-16 14:00:00+00:00,6,21.0,2400.4562851764026,532.6424584894661,943.2311091837418,924.5827175031943,532.6424584894661,416.6374367717938,116.00502171767228,2846.874616250887,0.0,532.6424584894661,0.0,943.2311091837418,0.0,924.5827175031943,0.0,0.0,0.0,0.0,0.0,1457.2251759926603,485.74172533088677,2886.198010507289,43.29297015760933,18.864622183674836,18.864622183674836,140.1117546338548,706.8756944897004,3107.331979666103,0.0,0.0,0.0,0.0,0.0,0.0,0.0,0.0,660.9237629525047,23.96018654528622,0.0,0.0,0.0,0.0,0.0
2025-10-16 15:00:00+00:00,6,21.0,2370.1207225475923,525.5346919494848,931.9965227960967,912.5895078020122,525.5346919494848,410.7266962808321,114.8079956686527,2846.874616250887,0.0,525.5346919494848,0.0,931.9965227960967,0.0,912.5895078020122,0.0,0.0,0.0,0.0,0.0,1438.1241997514971,479.37473325049905,2849.4954557980927,42.74243183697139,18.639930455921935,18.639930455921935,138.25239920615005,697.6494252054642,3067.7701477530563,0.0,0.0,0.0,0.0,0.0,0.0,0.0,0.0,660.9237629525047,23.96386903959473,0.0,0.0,0.0,-2.2737367544323206e-13,0.0
2025-10-16 16:00:00+00:00,6,21.0,2446.458205940478,545.9856190268287,968.1748211038681,932.2977658097833,545.9856190268285,427.19977821072484,118.78584081610374,2846.874616250887,0.0,545.9856190268287,0.0,968.1748211038681,0.0,932.2977658097833,0.0,0.0,0.0,0.0,0.0,1478.283384836612,492.7611282788707,2939.219334219351,44.08829001329026,19.36349642207736,19.36349642207736,143.21055163889685,718.7869627752125,3165.2451687156895,0.0,0.0,0.0,0.0,0.0,0.0,0.0,0.0,660.9237629525047,23.957512212337807,0.0,0.0,0.0,-9.094947017729282e-13,0.0
2025-10-16 17:00:00+00:00,6,21.0,2460.279991037327,551.9939992865482,978.4299498073715,929.8560419434075,551.9939992865482,433.1597827672374,118.83421651931077,2846.874616250887,0.0,551.9939992865482,0.0,978.4299498073715,0.0,929.8560419434075,0.0,0.0,0.0,0.0,0.0,1481.8500412299557,493.95001374331855,2954.2300047806457,44.31345007170968,19.56859899614743,19.56859899614743,144.44962698427238,721.8502887915955,3182.130279828922,0.0,0.0,0.0,0.0,0.0,0.0,0.0,0.0,660.9237629525047,23.950205317820423,0.0,0.0,0.0,-3.410605131648481e-13,0.0
2025-10-16 18:00:00+00:00,6,21.0,2507.8566522645306,565.4346703965917,1001.6867036448804,940.7352782230571,565.4346703965917,443.92324460469825,121.51142579189352,2846.874616250887,0.0,565.4346703965917,0.0,1001.6867036448804,0.0,940.7352782230571,0.0,0.0,0.0,0.0,0.0,1506.169948619649,502.056649539883,3009.913301804412,45.14869952706618,20.03373407289761,20.03373407289761,147.6534036562868,734.9262208690311,3242.782873133561,0.0,0.0,0.0,0.0,0.0,0.0,0.0,0.0,660.9237629525047,23.94599147879993,0.0,0.0,0.0,-4.547473508864641e-13,0.0
2025-10-16 19:00:00+00:00,6,21.0,2492.6049982652075,561.8022797381424,995.2367289751907,935.5659895518761,561.8022797381424,441.18294802119004,120.61933171695232,2846.874616250887,0.0,561.8022797381424,0.0,995.2367289751907,0.0,935.5659895518761,0.0,0.0,0.0,0.0,0.0,1497.3682692900184,499.1227564300061,2991.727754695215,44.875916320428225,19.904734579503813,19.904734579503813,146.72849799947326,730.5366399089153,3223.141638174123,0.0,0.0,0.0,0.0,0.0,0.0,0.0,0.0,660.9237629525047,23.946022613354938,0.0,0.0,0.0,0.0,0.0
2025-10-16 20:00:00+00:00,6,21.0,2473.661980718646,557.7092507535306,987.9785762670854,927.9741536980291,557.7092507535306,438.06742043240547,119.64183032112504,2846.874616250887,0.0,557.7092507535306,0.0,987.9785762670854,0.0,927.9741536980291,0.0,0.0,0.0,0.0,0.0,1485.6834044515597,495.2278014838532,2968.8897822024983,44.533346733037476,19.75957152534171,19.75957152534171,145.6392366802842,724.9195279478582,3198.5815086665043,0.0,0.0,0.0,0.0,0.0,0.0,0.0,0.0,660.9237629525047,23.9458684748518,0.0,0.0,0.0,-1.1368683772161603e-13,0.0
2025-10-16 21:00:00+00:00,6,21.0,2451.80062053163,552.898535519053,980.0317577493752,918.8703272632017,552.898535519053,434.33254165530695,118.56599386374604,2846.874616250887,0.0,552.898535519053,0.0,980.0317577493752,0.0,918.8703272632017,0.0,0.0,0.0,0.0,0.0,1471.7688627822547,490.58962092741825,2942.3902414590484,44.13585362188572,19.600635154987504,19.600635154987504,144.3545540491194,718.2812989083983,3170.081919440029,0.0,0.0,0.0,0.0,0.0,0.0,0.0,0.0,660.9237629525047,23.94609021775142,0.0,0.0,0.0,7.958078640513122e-13,0.0
2025-10-16 22:00:00+00:00,6,21.0,2385.6430649887966,538.2474941411502,952.9980338507027,894.397536996943,538.2474941411502,422.67869099423376,115.56880314691647,2846.874616250887,0.0,538.2474941411502,0.0,952.9980338507027,0.0,894.397536996943,0.0,0.0,0.0,0.0,0.0,1432.6450311380931,477.5483437126977,2863.1914087014934,42.9478711305224,19.059960677014054,19.059960677014054,140.52656993229363,699.1427061295417,3084.7857711183387,0.0,0.0,0.0,0.0,0.0,0.0,0.0,0.0,660.9237629525047,23.948708791796452,0.0,0.0,0.0,4.547473508864641e-13,0.0
2025-10-16 23:00:00+00:00,6,21.0,2383.2515857583894,536.9168402925421,951.7746065439318,894.5601389219142,536.916840292542,421.8993916919407,115.01744860060134,2846.874616250887,0.0,536.9168402925421,0.0,951.7746065439318,0.0,894.5601389219142,0.0,0.0,0.0,0.0,0.0,1431.4769792144564,477.15899307148544,2860.4105788298734,42.9061586824481,19.035492130878637,19.035492130878637,140.24311817015217,698.3792541858429,3081.6308399442323,0.0,0.0,0.0,0.0,0.0,0.0,0.0,0.0,660.9237629525047,23.949381389883953,0.0,0.0,0.0,0.0,0.0
2025-11-13 00:00:00+00:00,7,22.0,3360.4038384668725,722.4298801739778,1216.9301235963294,1421.0438346965623,722.4298801739778,547.267075315757,175.16280485822085,2846.874616250887,0.0,722.4298801739778,0.0,1216.9301235963294,0.0,1421.0438346965623,0.0,0.0,0.0,0.0,0.0,2143.47371487054,714.4912382901799,4074.895076757049,61.12342615135574,24.33860247192659,24.33860247192659,194.48022032217511,1018.772089707564,4379.175928174436,0.0,0.0,0.0,0.0,0.0,21154.930566903342,0.0,0.0,660.9237629525047,23.974261939188324,0.0,0.0,0.0,-2.2737367544323206e-13,0.0
2025-11-13 01:00:00+00:00,7,22.0,3281.3981755089244,704.3051525967097,1185.5401150909836,1391.5529078212326,704.3051525967097,533.0150649538117,171.29008764289804,2846.874616250887,0.0,704.3051525967097,0.0,1185.5401150909836,0.0,1391.5529078212326,0.0,0.0,0.0,0.0,0.0,2095.8580604179424,698.6193534726475,3980.0175289815734,59.7002629347236,23.710802301819673,23.710802301819673,189.76251917548203,995.5037401864923,4276.901915695416,0.0,0.0,0.0,0.0,0.0,21112.620705769536,0.0,0.0,660.9237629525047,23.974450268121046,0.0,0.0,0.0,-3.410605131648481e-13,0.0
2025-11-13 02:00:00+00:00,7,22.0,3229.0354634178498,693.351285987713,1165.286846646188,1370.3973307839476,693.351285987713,524.9692425654276,168.3820434222854,2846.874616250887,0.0,693.351285987713,0.0,1165.286846646188,0.0,1370.3973307839476,0.0,0.0,0.0,0.0,0.0,2063.7486167716606,687.9162055905535,3916.951669008402,58.75427503512603,23.30573693292376,23.30573693292376,186.82452925155047,980.1064837430777,4209.141947160927,0.0,0.0,0.0,0.0,0.0,21070.395464357996,0.0,0.0,660.9237629525047,23.97360075856764,0.0,0.0,0.0,-4.547473508864641e-13,0.0
2025-11-13 03:00:00+00:00,7,22.0,3216.3525933302976,692.0965797154063,1162.4753967268139,1361.7806168880747,692.0965797154064,524.1246936949228,167.97188602048354,2846.874616250887,0.0,692.0965797154063,0.0,1162.4753967268139,0.0,1361.7806168880747,0.0,0.0,0.0,0.0,0.0,2053.877196603481,684.6257322011603,3900.978325531455,58.514674882971825,23.24950793453628,23.24950793453628,186.32120370806314,975.9606266612677,7496.932034754089,0.0,0.0,0.0,0.0,0.0,21028.254673429285,3304.6188147625235,0.0,3795.960438941195,23.97207269309909,0.0,0.0,0.0,4.547473508864641e-13,0.0
2025-11-13 04:00:00+00:00,7,22.0,3126.968956241263,674.0352532553744,1128.6823811007514,1324.251321885136,674.0352532553745,509.78153801284674,164.25371524252773,2846.874616250887,0.0,674.0352532553744,0.0,1128.6823811007514,0.0,1324.251321885136,0.0,0.0,0.0,0.0,0.0,1998.2865751405102,666.0955250468368,3793.0644812880982,56.89596721932147,22.573647622015027,22.573647622015027,181.4022184261935,949.5410059363819,6345.289682506129,0.0,0.0,0.0,0.0,0.0,20986.198164082427,2268.779720328483,0.0,5948.313866572543,23.96887931650135,0.0,0.0,0.0,4.547473508864641e-13,0.0
2025-11-13 05:00:00+00:00,7,22.0,3196.774369188285,690.3543771514519,1157.409035066726,1349.0109569701042,690.3543771514519,521.5739219063805,168.78045524507138,2846.874616250887,0.0,690.3543771514519,0.0,1157.409035066726,0.0,1349.0109569701042,0.0,0.0,0.0,0.0,0.0,2039.365334121556,679.7884447071854,3876.562813895467,58.148442208432,23.148180701334518,23.148180701334518,185.59962429371046,969.8328726119968,4166.607241800282,0.0,0.0,0.0,0.0,0.0,20944.225767754262,0.0,0.0,5948.313866572543,23.969247836237436,0.0,0.0,0.0,3.410605131648481e-13,0.0
2025-11-13 06:00:00+00:00,7,22.0,2924.6741731359034,628.9064358344494,1050.679540593498,1245.088196707957,628.9064358344494,474.60452774610064,154.3019080883488,2846.874616250887,0.0,628.9064358344494,0.0,1050.679540593498,0.0,1245.088196707957,0.0,0.0,0.0,0.0,0.0,1873.9946325424064,624.6648775141355,3549.33905065004,53.2400857597506,21.013590811869957,21.013590811869957,169.50309175596146,889.4352366535874,2102.669542970109,0.0,0.0,0.0,0.0,0.0,20902.337316218756,0.0,1711.4398668193821,4144.297847384383,23.96799885613486,0.0,0.0,0.0,3.410605131648481e-13,0.0
2025-11-13 07:00:00+00:00,7,22.0,2906.985988667035,623.5981740278219,1043.2283504623756,1240.1594641768372,623.5981740278219,470.2006556961857,153.39751833163612,2846.874616250887,0.0,623.5981740278219,0.0,1043.2283504623756,0.0,1240.1594641768372,0.0,0.0,0.0,0.0,0.0,1863.757638204659,621.2525460682197,3528.2385347352542,52.92357802102881,20.864567009247512,20.864567009247512,168.2189554255309,884.1242135332743,486.49138743778576,0.0,0.0,0.0,0.0,0.0,20860.532641586324,0.0,3304.6188147625235,660.9237629525047,23.969042566038034,0.0,0.0,0.0,-2.2737367544323206e-13,0.0
2025-11-13 08:00:00+00:00,7,22.0,2949.1212400973604,631.3348385019959,1060.8255428521798,1256.9608587431842,631.3348385019959,477.4991237939451,153.8357147080508,2846.874616250887,0.0,631.3348385019959,0.0,1060.8255428521798,0.0,1256.9608587431842,0.0,0.0,0.0,0.0,0.0,1888.2956972451802,629.4318990817268,3578.553139179087,53.6782970876863,21.216510857043595,21.216510857043595,170.35114399390687,895.8943618774069,3845.015601974767,0.0,0.0,0.0,0.0,0.0,20818.81157630315,0.0,0.0,660.9237629525047,23.97188749179867,0.0,0.0,0.0,-4.547473508864641e-13,0.0
2025-11-13 09:00:00+00:00,7,22.0,2934.9349326267106,628.8362777952107,1054.7243280496987,1251.374326781801,628.8362777952107,475.66294157594876,153.17333621926193,2846.874616250887,0.0,628.8362777952107,0.0,1054.7243280496987,0.0,1251.374326781801,0.0,0.0,0.0,0.0,0.0,1880.2106045770117,626.7368681923373,3561.671800819048,53.42507701228571,21.094486560993975,21.094486560993975,169.66031637876435,892.0112347053754,3826.946167332086,0.0,0.0,0.0,0.0,0.0,20777.173953150545,0.0,0.0,660.9237629525047,23.970816086894565,0.0,0.0,0.0,1.1368683772161603e-13,0.0
2025-11-13 10:00:00+00:00,7,22.0,2923.152840962353,626.5712043820685,1049.8779680285452,1246.7036685517387,626.5712043820685,473.8796454317122,152.69155895035627,2846.874616250887,0.0,626.5712043820685,0.0,1049.8779680285452,0.0,1246.7036685517387,0.0,0.0,0.0,0.0,0.0,1873.2748729338073,624.4249576446024,3547.5777986069547,53.21366697910432,20.997559360570904,20.997559360570904,169.0442170627506,888.6779604075991,3811.830801369952,0.0,0.0,0.0,0.0,0.0,20735.619605244246,0.0,0.0,660.9237629525047,23.969934551009633,0.0,0.0,0.0,0.0,0.0
2025-11-13 11:00:00+00:00,7,22.0,2916.5379463036284,625.5918503763529,1048.3513894127052,1242.59470651457,625.5918503763529,473.66824859433797,151.92360178201494,2846.874616250887,0.0,625.5918503763529,0.0,1048.3513894127052,0.0,1242.59470651457,0.0,0.0,0.0,0.0,0.0,1868.186556890923,622.7288522969743,3539.2667986006027,53.08900197900904,20.967027788254104,20.967027788254104,168.7244167586165,886.476326611108,3803.0142729147365,0.0,0.0,0.0,0.0,0.0,20694.148366033758,0.0,0.0,660.9237629525047,23.96942448440465,0.0,0.0,0.0,1.1368683772161603e-13,0.0
2025-11-13 12:00:00+00:00,7,22.0,2911.949476336297,625.2711922342722,1050.1334126026206,1236.544871499405,625.2711922342722,473.9062250104166,151.3649672238556,2846.874616250887,0.0,625.2711922342722,0.0,1050.1334126026206,0.0,1236.544871499405,0.0,0.0,0.0,0.0,0.0,1861.8160637336773,620.6053545778924,3532.5548309141905,52.988322463712855,21.002668252052413,21.002668252052413,168.49607107187137,884.0950846175815,7100.663375716402,0.0,0.0,0.0,0.0,0.0,20652.76006930169,3304.6188147625235,0.0,3795.960438941195,23.969777020323665,0.0,0.0,0.0,4.547473508864641e-13,0.0
2025-11-13 13:00:00+00:00,7,22.0,3043.061396795352,653.7525746280376,1094.7054902062027,1294.603331961108,653.7525746280376,495.14429309163665,158.60828153640088,2846.874616250887,0.0,653.7525746280376,0.0,1094.7054902062027,0.0,1294.603331961108,0.0,0.0,0.0,0.0,0.0,1948.3559065891457,649.4519688630486,3692.513365658397,55.38770048487596,21.894109804124056,21.894109804124056,176.2137003419009,924.8415892980735,6236.682706421908,0.0,0.0,0.0,0.0,0.0,20611.45454916309,2268.779720328483,0.0,5948.313866572543,23.966000655775773,0.0,0.0,0.0,-4.547473508864641e-13,0.0
2025-11-13 14:00:00+00:00,7,22.0,3199.9623254641006,687.413089614091,1149.8040706919078,1362.7451651580998,687.413089614091,520.2795078284444,167.13358178564653,2846.874616250887,0.0,687.413089614091,0.0,1149.8040706919078,0.0,1362.7451651580998,0.0,0.0,0.0,0.0,0.0,2050.158254772191,683.3860849240637,3883.3484103881624,58.25022615582243,22.996081413838155,22.996081413838155,185.32416293534823,972.9526368429107,4172.914962307011,0.0,0.0,0.0,0.0,0.0,20570.231640064765,0.0,0.0,5948.313866572543,23.965545854023507,0.0,0.0,0.0,-5.684341886080801e-13,0.0
2025-11-13 15:00:00+00:00,7,22.0,3230.7696475603207,695.910330370881,1171.8847845613218,1362.9745326281184,695.910330370881,529.09337535406,166.81695501682094,2846.874616250887,0.0,695.910330370881,0.0,1171.8847845613218,0.0,1362.9745326281184,0.0,0.0,0.0,0.0,0.0,2058.8848629989993,686.2949543329997,3917.0646018933207,58.75596902839981,23.437695691226438,23.437695691226438,187.1804975921255,979.1068123359778,2498.436593076916,0.0,0.0,0.0,0.0,0.0,20529.091176784637,0.0,1711.4398668193821,4144.297847384383,23.965486157914828,0.0,0.0,0.0,-4.547473508864641e-13,0.0
2025-11-13 16:00:00+00:00,7,22.0,3209.827763350554,691.7341209840208,1158.7466441333167,1359.346998233219,691.7341209840208,523.2783663549038,168.45575462911694,2846.874616250887,0.0,691.7341209840208,0.0,1158.7466441333167,694.517464053928,664.8295341792909,0.0,0.0,694.517464053928,926.0232854052374,231.50582135130935,1356.5636551633118,452.18788505443723,2967.498184351066,44.51247276526599,30.12010752320562,23.174932882666337,186.17197568185776,967.6731952587422,872.882143846773,0.0,0.0,0.0,926.0232854052374,0.0,21367.755115566048,0.0,3304.6188147625235,660.9237629525047,23.967054356646056,0.0,0.0,0.0,2.2737367544323206e-13,0.0
2025-11-13 17:00:00+00:00,7,22.0,3193.7881855005635,685.8187172398561,1143.311420058076,1364.6580482026318,685.8187172398561,517.3147945355013,168.50392270435486,2846.874616250887,0.0,685.8187172398561,0.0,1143.311420058076,33.73856070878537,1330.9194874938464,0.0,0.0,33.73856070878537,44.98474761171383,11.246186902928457,2016.7382047337026,672.2460682445675,3832.295693036346,57.48443539554519,23.203614008249374,22.86622840116152,185.0257390980243,972.0722720504764,4165.860457551038,0.0,0.0,0.0,44.98474761171383,0.0,21367.755115566048,0.0,0.0,660.9237629525047,23.96501626762243,0.0,0.0,0.0,-1.8189894035458565e-12,0.0
2025-11-13 18:00:00+00:00,7,22.0,3206.1912956608926,686.7837621287832,1148.1271386415847,1371.2803948905232,686.7837621287831,518.7673349046801,168.0164272241031,2846.874616250887,0.0,686.7837621287832,0.0,1148.1271386415847,0.0,1371.2803948905232,0.0,0.0,0.0,0.0,0.0,2058.0641570193065,686.0213856731021,3892.2126813339933,58.383190220009894,22.962542772831693,22.962542772831693,185.41483414491518,975.7444955836907,4181.935791244583,0.0,0.0,0.0,0.0,0.0,21325.019605334917,0.0,0.0,660.9237629525047,23.965932758249007,0.0,0.0,0.0,-2.2737367544323206e-13,0.0
2025-11-13 19:00:00+00:00,7,22.0,3235.0414816398597,691.8628627752406,1157.4056166791704,1385.7730021854507,691.8628627752405,520.7983517315265,171.06451104371405,2846.874616250887,0.0,691.8628627752406,0.0,1157.4056166791704,67.40964429615542,1318.3633578892952,0.0,0.0,67.40964429615542,89.87952572820723,22.469881432051807,2010.226220664536,670.0754068881787,3837.707244231885,57.56560866347827,23.822208776544965,23.14811233358341,186.89618491413984,983.977403007977,4219.018884647837,0.0,0.0,0.0,89.87952572820723,0.0,21367.755115566048,0.0,0.0,660.9237629525047,23.966508469325433,0.0,0.0,0.0,0.0,0.0
2025-11-13 20:00:00+00:00,7,22.0,3226.673697013226,692.352412340589,1158.308532376617,1376.0127522960204,692.352412340589,521.5295195345313,170.82289280605767,2846.874616250887,0.0,692.352412340589,0.0,1158.308532376617,0.0,1376.0127522960204,0.0,0.0,0.0,0.0,0.0,2068.3651646366093,689.4550548788698,3916.1287518920963,58.74193127838144,23.16617064753234,23.16617064753234,186.74207049984307,981.271397952159,4207.945094965386,0.0,0.0,0.0,0.0,0.0,21325.019605334917,0.0,0.0,660.9237629525047,23.96281304419042,0.0,0.0,0.0,5.684341886080801e-13,0.0
2025-11-13 21:00:00+00:00,7,22.0,3122.517284295217,671.8962273693971,1128.1802894680418,1322.4407674577792,671.8962273693971,506.7622855318757,165.13394183752138,2846.874616250887,0.0,671.8962273693971,0.0,1128.1802894680418,0.0,1322.4407674577792,0.0,0.0,0.0,0.0,0.0,1994.3369948271763,664.7789982757255,3787.2962825709437,56.809444238564154,22.563605789360835,22.563605789360835,180.88321736648703,947.5988714594985,4070.116155754715,0.0,0.0,0.0,0.0,0.0,21282.36956612425,0.0,0.0,660.9237629525047,23.966556379246295,0.0,0.0,0.0,-6.821210263296962e-13,0.0
2025-11-13 22:00:00+00:00,7,22.0,3132.447020939854,674.609955998812,1133.323271522449,1324.5137934185943,674.609955998812,508.44594926278336,166.1640067360286,2846.874616250887,0.0,674.609955998812,0.0,1133.323271522449,0.0,1324.5137934185943,0.0,0.0,0.0,0.0,0.0,1999.1237494174063,666.3745831391354,3798.8216040789907,56.98232406118486,22.66646543044898,22.66646543044898,181.52587114905057,950.2157092102688,4082.662730150123,0.0,0.0,0.0,0.0,0.0,21239.804826992,0.0,0.0,660.9237629525047,23.96784294777111,0.0,0.0,0.0,1.1368683772161603e-13,0.0
2025-11-13 23:00:00+00:00,7,22.0,3118.19106510485,673.6150088807865,1130.7271021063696,1313.8489541176943,673.6150088807865,507.3620367594842,166.2529721213023,2846.874616250887,0.0,673.6150088807865,0.0,1130.7271021063696,0.0,1313.8489541176943,0.0,0.0,0.0,0.0,0.0,1987.4639629984808,662.4879876661603,3780.679052771011,56.71018579156516,22.614542042127393,22.614542042127393,181.0250111766399,945.4522687186202,4063.6433338234706,0.0,0.0,0.0,0.0,0.0,21197.325217338013,0.0,0.0,660.9237629525047,23.967768784769078,0.0,0.0,0.0,2.2737367544323206e-13,0.0
2025-11-28 00:00:00+00:00,8,46.0,3424.175471449615,733.4158954338516,1253.1307779309893,1437.6287980847721,733.4158954338516,562.9063058774385,170.50958955641306,2846.874616250887,537.0560476847098,196.35984774914175,338.07373655332816,915.0570413776611,1437.6287980847721,0.0,781.1724329959416,244.11638531123174,1775.7025346381004,2367.603379517467,591.9008448793668,196.35984774914175,65.45328258304725,1176.8701717098502,17.653052575647752,42.81964090500079,18.301140827553223,197.32252698404503,1177.5668740658928,4601.742345515508,2638.8729684602304,2638.87296846023,4.547473508864641e-13,509.90284405317834,0.0,993.9249045526567,0.0,0.0,660.9237629525047,23.963654880790603,0.0,0.0,0.0,-2.2737367544323206e-13,0.0
2025-11-28 01:00:00+00:00,8,46.0,3247.9571611603405,695.451684810566,1188.0693717831205,1364.4361045666556,695.4516848105661,532.8706234177064,162.5810613928597,2846.874616250887,509.17258790705176,186.27909690351424,411.2664300714449,776.8029417116755,1364.4361045666553,2.2737367544323206e-13,740.6146733193481,231.44208541229625,1775.7025346381001,2367.6033795174667,591.9008448793667,186.27909690351447,62.09303230117149,1025.1750709163616,15.377626063745424,41.51841278204341,15.536058834233511,187.13428110030512,1145.002341373162,4392.959502533503,2629.8324046127,2629.8324046127,0.0,478.3856482241149,0.0,1446.4034205564606,0.0,0.0,660.9237629525047,23.96611402421158,0.0,0.0,0.0,4.547473508864641e-13,0.0
2025-11-28 02:00:00+00:00,8,46.0,3264.2567696386836,700.0274716740732,1196.7189083728229,1367.510389591787,700.0274716740732,535.477190773001,164.5502809010723,2846.874616250887,512.8795321597812,187.14793951429203,408.1921450463128,788.52676332651,1367.510389591787,0.0,746.006592232409,233.1270600726278,1775.7025346381,2367.6033795174662,591.9008448793666,187.14793951429203,62.38264650476401,1038.057349345566,15.57086024018349,41.69140351383746,15.770535266530201,188.20735434965187,1148.6507048269614,4412.907474465645,2630.8223976037198,2630.82239760372,0.0,482.78757414615575,0.0,1902.1588091541958,0.0,0.0,660.9237629525047,23.971610820372486,0.0,0.0,0.0,-4.547473508864641e-13,0.0
2025-11-28 03:00:00+00:00,8,46.0,3236.0382961942355,694.4891036202293,1186.5343282238703,1355.0148643501336,694.4891036202293,531.1810163420892,163.30808727814016,2846.874616250887,508.5147120959445,185.97439152428484,420.6876702879662,765.846657935904,1355.0148643501336,0.0,739.6577630486465,231.14305095270203,1775.7025346381,2367.6033795174662,591.9008448793666,185.97439152428484,61.99146384142828,1013.8125133016171,15.207187699524255,41.48771191085841,15.31693315871808,186.67116014833306,1143.7183525909306,7684.375463547688,2647.8744158316094,2647.87441583161,0.0,459.3867267345033,0.0,2334.7718819336656,3304.6188147625235,0.0,3795.960438941195,23.96995207412456,0.0,0.0,0.0,-9.094947017729282e-13,-2.2737367544323206e-13
2025-11-28 04:00:00+00:00,8,46.0,3247.777536080856,697.1272392657014,1189.923250592529,1360.7270462226245,697.1272392657015,533.0320785353923,164.09516073030915,2846.874616250887,509.96710739679827,187.16013186890314,414.9754884154754,774.9477621770536,1360.7270462226245,0.0,741.7703380317066,231.80323063490832,1775.7025346381,2367.6033795174662,591.9008448793666,187.16013186890314,62.38671062296771,1024.4946046689245,15.367419070033867,41.55549035823158,15.498955243541072,187.39417579003953,1145.9068265990886,6662.464083008428,3990.0851978082596,3990.08519780826,0.0,0.0,880.7114802590868,1403.0376221076017,2268.779720328483,0.0,5948.313866572543,23.969070617832386,0.0,0.0,0.0,4.547473508864641e-13,0.0
2025-11-28 05:00:00+00:00,8,46.0,3232.7205570682927,693.7305133961597,1184.8160008588413,1354.1740428132937,693.7305133961597,530.9496509115186,162.78086248464115,2846.874616250887,507.7782860823607,185.95222731379903,421.5284918248067,763.2875090340347,1354.1740428132937,0.0,738.5865979379793,230.8083118556185,1775.7025346381004,2367.603379517467,591.9008448793668,185.95222731379903,61.98407577126634,1011.2238121191,15.168357181786499,41.45334536355783,15.265750180680694,186.48476076421633,1143.0654459964928,4375.786003064785,4436.409946975664,5446.84991408006,0.0,0.0,1330.2199695202173,0.0,0.0,0.0,5948.313866572543,23.968241986050558,0.0,0.0,0.0,-2.2737367544323206e-13,0.0
2025-11-28 06:00:00+00:00,8,46.0,3251.0636055714913,697.2695120485724,1192.9820139412957,1360.8120795816246,697.2695120485724,535.2196883289673,162.0498237196051,2846.874616250887,511.27800597484116,185.99150607373127,0.0,1192.9820139412957,1360.8120795816246,0.0,743.677099599769,232.39909362492781,1360.8120795816246,1814.4161061088328,453.6040265272082,185.99150607373127,61.99716869124376,1440.9706887062707,21.61456033059406,37.46776107464216,23.859640278825914,187.43426821093263,1018.3765187383746,4269.440124309865,2558.093205708602,5019.21591944595,0.0,0.0,0.0,0.0,0.0,0.0,5948.313866572543,23.96915463432466,0.0,0.0,0.0,-1.2505552149377763e-12,0.0
2025-11-28 07:00:00+00:00,8,46.0,3227.6421726238386,692.8438078868302,1183.8432017920359,1350.9551629449716,692.8438078868302,530.9433200354362,161.900487851394,2846.874616250887,507.36137219658696,185.48243569024322,0.0,1183.8432017920359,1350.9551629449716,0.0,737.9801777404901,230.61880554390316,1350.9551629449716,1801.2735505932953,450.31838764832384,185.48243569024322,61.82747856341441,1431.1531160456934,21.467296740685402,37.18641566529043,23.67686403584072,186.2084782687723,1011.3037264662302,4238.945899090069,2539.2537283337856,3887.45313427802,0.0,0.0,0.0,0.0,0.0,0.0,5948.313866572543,23.96901285554172,0.0,0.0,0.0,5.684341886080801e-13,0.0
2025-11-28 08:00:00+00:00,8,46.0,3217.9434145485484,691.564853747502,1180.9319274823372,1345.446633318712,691.564853747502,530.2068881083001,161.35796563920195,2846.874616250887,506.113683206716,185.45117054078594,4.424568819435868e-12,1180.9319274823329,1345.4466333187117,2.2737367544323206e-13,736.165357391587,230.05167418487093,1345.446633318716,1793.9288444249546,448.48221110623865,185.45117054078617,61.81705684692872,1428.2001548700478,21.423002323050717,37.0731048828339,23.618638549646658,185.7851155853765,1008.2508034789462,921.5754032649713,2530.0942018165415,3416.20661731202,0.0,0.0,0.0,0.0,0.0,3304.6188147625235,2464.939782140664,23.96790894065159,0.0,0.0,0.0,0.0,0.0
2025-11-28 09:00:00+00:00,8,46.0,3203.6907834092526,690.168788171208,1173.290589320489,1340.2314059175576,690.168788171208,528.5092961874727,161.65949198373525,2846.874616250887,502.8388239944954,187.32996417671262,1.7053025658242404e-13,1173.2905893204888,1340.2314059175574,2.2737367544323206e-13,731.4019258101752,228.56310181567972,1340.2314059175576,1786.9752078900767,446.7438019725192,187.32996417671285,62.443321392237614,1423.0638748894394,21.34595812334159,36.868125845585354,23.465811786409777,185.34305402483878,1004.7731749606121,2497.024091550482,1450.3179378456798,1450.31793784568,0.0,1068.059195854572,0.0,1014.6562360618433,0.0,1711.4398668193821,660.9237629525047,23.968638422959557,0.0,0.0,0.0,-2.2737367544323206e-13,0.0
2025-11-28 10:00:00+00:00,8,46.0,3204.0751903207956,689.9839464725163,1174.635166036817,1339.4560778114633,689.9839464725163,528.9573873076155,161.02655916490085,2846.874616250887,503.415071158636,186.5688753138803,0.0,1174.635166036817,1339.4560778114633,0.0,732.2401035034706,228.82503234483454,1339.4560778114633,1785.9414370819509,446.4853592704877,186.5688753138803,62.18962510462677,1423.3936664553241,21.35090499682986,36.88726409885098,23.492703320736343,185.28588923387076,1004.516778370237,4208.591968691033,0.0,0.0,0.0,2518.1815405854213,0.0,3404.8993871458706,0.0,0.0,660.9237629525047,23.9687914417296,0.0,0.0,0.0,2.2737367544323206e-13,0.0
2025-11-28 11:00:00+00:00,8,46.0,3254.992720441803,700.731513206016,1193.6518839135579,1360.6093233222273,700.731513206016,537.7725980302184,162.9589151757975,2846.874616250887,511.56509310581055,189.1664201002054,0.0,1193.6518839135579,1360.6093233222268,4.547473508864641e-13,744.094680881179,232.5295877753684,1360.6093233222268,1814.1457644296356,453.5364411074089,189.16642010020587,63.05547336673529,1445.873777380499,21.688106660707483,37.47913091149343,23.873037678271157,188.18246041133176,1020.3442379113164,4275.336958353119,0.0,0.0,0.0,2558.2404453108147,0.0,5828.418011416853,0.0,0.0,660.9237629525047,23.96870561007487,0.0,0.0,0.0,-2.2737367544323206e-13,0.0
2025-11-28 12:00:00+00:00,8,46.0,3228.0821821670875,697.0132859593007,1186.37604589594,1344.6928503118493,697.0132859593007,533.9794586273856,163.03382733191506,2846.874616250887,508.44687681254584,188.56640914675484,0.0,1186.37604589594,1344.692850311849,2.2737367544323206e-13,739.5590935455213,231.11221673297538,1344.692850311849,1792.9238004157987,448.2309501039497,188.56640914675506,62.85546971558502,1437.79792475828,21.5669688713742,37.174449421037295,23.727520917918802,186.95001759442306,1011.6175933572633,7544.3185902868745,0.0,0.0,0.0,2532.48289396132,0.0,8222.619924657274,3304.6188147625235,0.0,3795.960438941195,23.970764689390577,0.0,0.0,0.0,0.0,0.0
2025-11-28 13:00:00+00:00,8,46.0,3215.14147905836,694.9980461092174,1182.2719602998604,1337.8714726492856,694.9980461092174,532.5027480808845,162.49529802833285,2846.874616250887,506.68798298565457,188.31006312356283,0.0,1182.2719602998604,1337.8714726492854,2.2737367544323206e-13,737.0007025245885,230.3127195389339,1337.8714726492854,1783.828630199047,445.95715754976175,188.31006312356305,62.77002104118768,1433.3520444646113,21.500280666969168,37.024153932490066,23.64543920599721,186.33090893602386,1007.5406808713637,6491.461880258206,4.547473508864641e-13,0.0,4.547473508864641e-13,2520.829332723635,0.0,10600.962550895414,2268.779720328483,0.0,5948.313866572543,23.96927608767609,0.0,0.0,0.0,-4.547473508864641e-13,0.0
2025-11-28 14:00:00+00:00,8,46.0,3309.96081970632,717.2747421385362,1221.279373846827,1371.406703720956,717.2747421385362,550.3781747996117,166.8965673389246,2846.874616250887,523.4054459343546,193.86929620418164,0.0,1221.279373846827,1371.406703720956,0.0,761.3170122681521,237.9115663337975,1371.406703720956,1828.5422716279413,457.13556790698533,193.86929620418164,64.62309873472721,1479.7717687857357,22.196576531786036,38.1396545141461,24.42558747693654,192.05656243859073,1036.4886139369694,4346.449433643289,2278.62983336397,2278.62983336397,0.0,311.22945053212334,0.0,10875.42860379914,0.0,0.0,5948.313866572543,23.968786206739523,0.0,0.0,0.0,-2.2737367544323206e-13,0.0
2025-11-28 15:00:00+00:00,8,46.0,3399.0756266603876,736.1538093854713,1242.8348991433882,1420.0869181315284,736.1538093854714,562.2832104310985,173.87059895437287,2846.874616250887,532.6435282043094,203.51028118116187,0.0,1242.8348991433882,1420.0869181315284,0.0,774.7542228426319,242.11069463832246,1420.0869181315284,1893.449224175371,473.36230604384275,203.51028118116187,67.83676039372062,1514.1819407182707,22.71272911077406,39.05756716418305,24.856697982867765,197.44190009121007,1067.378655424921,4466.454282085307,2180.7428474236704,2180.74284742367,4.547473508864641e-13,487.46059959433273,0.0,11316.765316206158,0.0,0.0,5948.313866572543,23.96563545697374,0.0,0.0,0.0,-1.8189894035458565e-12,-2.2737367544323206e-13
2025-11-28 16:00:00+00:00,8,46.0,3407.1959698933106,734.8662532366995,1227.4672200839395,1444.8624965726724,734.8662532366995,556.0822954618606,178.78395777483902,2846.874616250887,526.0573800359741,208.80887320072543,3.0230363666884263e-13,1227.4672200839393,1444.8624965726724,0.0,765.1743709614169,239.11699092544276,1444.8624965726726,1926.4833287635633,481.62083219089084,208.80887320072543,69.60295773357514,1505.8790510182398,22.588185765273597,38.99796936740552,24.549344401678788,197.80718450670264,1074.2834648909693,1176.8606200217564,3030.3205297877003,3030.3205297877,4.547473508864641e-13,0.0,338.66283006271965,10937.64459603404,0.0,3304.6188147625235,2464.939782140664,23.964082624976236,0.0,0.0,0.0,0.0,0.0
2025-11-28 17:00:00+00:00,8,46.0,3384.7131239363234,727.2425465154514,1218.470221911187,1439.0003555096853,727.2425465154514,549.6546186479904,177.58792786746096,2846.874616250887,522.2015236762231,205.04102283922828,0.0,1218.470221911187,1439.0003555096853,0.0,759.565852619961,237.3643289437378,1439.0003555096853,1918.6671406795804,479.6667851698951,205.04102283922828,68.34700761307609,1491.8582523634914,22.37787378545237,38.75940799332059,24.369404438223743,195.99431710034742,1066.8791250440531,4451.592248980376,4253.61577227667,4253.61577227667,0.0,0.0,1575.382778977129,9257.471644760784,0.0,0.0,2464.939782140664,23.964263703271765,0.0,0.0,0.0,-4.547473508864641e-13,0.0
2025-11-28 18:00:00+00:00,8,46.0,3331.901453149512,715.6557742451978,1201.0223286868206,1415.2233502174938,715.6557742451978,541.6734703464487,173.98230389874914,2846.874616250887,514.7238551514947,200.93191909370307,0.0,1201.0223286868206,1415.2233502174938,0.0,748.6892438567196,233.96538870522485,1415.2233502174938,1886.9644669566583,471.74111673916457,200.93191909370307,66.9773063645677,1468.9315541450915,22.03397331217637,38.17268007591135,24.020446573736415,192.8507622360973,1049.7616740068786,2670.2232603370076,3896.00403446804,3896.00403446804,0.0,0.0,1260.3503236546621,7912.272150255829,0.0,1711.4398668193821,660.9237629525047,23.963604828741392,0.0,0.0,0.0,-1.1368683772161603e-12,0.0
2025-11-28 19:00:00+00:00,8,46.0,3233.2060234436854,694.9893610637399,1169.3411109576562,1368.8755514222892,694.9893610637398,527.7139544335087,167.2754066302312,2846.874616250887,501.1461904104242,193.84317065331572,3.410605131648481e-13,1169.341110957656,1368.8755514222892,0.0,728.9399133242534,227.79372291382919,1368.8755514222894,1825.1674018963859,456.29185047409646,193.84317065331572,64.61439021777191,1427.7986718287436,21.416980077431155,37.07557773337602,23.386822219153117,187.1428531264884,1017.7221967621463,4250.928220205832,3475.14967492605,3475.14967492605,0.0,0.0,921.042359705411,6926.9293325812005,0.0,0.0,660.9237629525047,23.96462904908853,0.0,0.0,0.0,4.547473508864641e-13,0.0
2025-11-28 20:00:00+00:00,8,46.0,3257.3803638142945,700.7537577610212,1180.4362117121216,1376.1903943411514,700.7537577610212,531.7595304173673,168.99422734365396,2846.874616250887,505.9012335909094,194.85252417011185,6.356127745344897e-13,1180.436211712121,1376.1903943411514,0.0,735.8563397685955,229.95510617768608,1376.1903943411521,1834.9205257882027,458.73013144705067,194.85252417011185,64.95084139003728,1440.23957727227,21.603593659084048,37.370628177653956,23.60872423424242,188.58535711725517,1024.8043822030097,4282.184746017304,5812.04950907955,5812.04950907955,0.0,0.0,3241.272643522753,3501.2095333657726,0.0,0.0,660.9237629525047,23.96420627992222,0.0,0.0,0.0,-2.2737367544323206e-13,0.0
2025-11-28 21:00:00+00:00,8,46.0,3294.174237860473,710.0671781182314,1193.8873185991654,1390.2197411430766,710.0671781182314,538.7749248321576,171.29225328607382,2846.874616250887,511.6659936853567,198.4011844328747,385.4827934950232,808.4045251041422,1390.2197411430766,0.0,744.2414453605188,232.57545167516213,1775.7025346380997,2367.6033795174662,591.9008448793666,198.4011844328747,66.13372814429157,1072.9394376813084,16.094091565219625,41.634771718364306,16.168090502082844,190.97667700899325,1155.4836554934802,4449.657893353953,5630.003399668869,5630.00339966887,0.0,0.0,2518.1585747908844,843.5138776770577,0.0,0.0,660.9237629525047,23.960843611197653,0.0,0.0,0.0,-2.2737367544323206e-13,0.0
2025-11-28 22:00:00+00:00,8,46.0,3371.3306467142584,726.0209994816033,1213.5092547752374,1431.8003924574195,726.0209994816033,548.4341387326641,177.58686074893924,2846.874616250887,520.0753949036732,205.9456045779301,343.90214218068076,869.6071125945566,1431.8003924574193,2.2737367544323206e-13,756.4733016780701,236.39790677439692,1775.7025346381001,2367.6033795174667,591.9008448793667,205.94560457793034,68.64853485931012,1144.2012520317971,17.163018780476957,42.02721044188576,17.392142251891133,195.53450470442817,1169.0641626917559,4540.394809406013,3923.812188621155,4787.20798837594,0.0,0.0,799.7355074256185,0.0,0.0,0.0,660.9237629525047,23.961489708509614,0.0,0.0,0.0,-9.094947017729282e-13,0.0
2025-11-28 23:00:00+00:00,8,46.0,3337.2492740096263,717.4048382485133,1202.1939646545238,1417.6504711065895,717.4048382485134,541.9423090043592,175.46252924415415,2846.874616250887,515.2259848519388,202.17885339657448,358.0520635315107,844.1419011230131,1417.6504711065893,2.2737367544323206e-13,749.4196143300929,234.19362947815404,1775.7025346381001,2367.6033795174667,591.9008448793667,202.1788533965747,67.39295113219157,1113.7137056517795,16.70570558477669,41.80090463947148,16.882838022460263,193.29070697120946,1162.1675807076301,4499.416854717257,2579.61427883634,2579.61427883634,0.0,537.4087150112196,0.0,510.53827926065856,0.0,0.0,660.9237629525047,23.96495451488564,0.0,0.0,0.0,2.2737367544323206e-13,0.0
