timestamp_hour_utc,representative_day_id,day_weight,it_load_kw,q_air_kw,q_cp_kw,q_rdhx_kw,s_air_kw,s_air_old_kw,s_air_new_kw,old_ac_capacity_eff_kw,q_air_to_ashp_kw,q_air_to_reject_kw,q_cp_to_wshp_kw,q_cp_to_free_kw,q_rdhx_to_wshp_kw,q_rdhx_to_chiller_kw,q_ashp_out_kw,p_ashp_kw,q_wshp_in_kw,q_wshp_out_kw,p_wshp_kw,q_chiller_evap_kw,p_chiller_kw,q_tower_kw,p_tower_kw,p_pump_kw,p_cdu_free_kw,p_terminal_kw,p_cooling_kw,p_grid_kw,q_heat_kw,heating_demand_kw,heat_demand_upper_violation_kw,q_tes_ch_kw,q_tes_dis_kw,e_tes_kwh,p_bess_ch_kw,p_bess_dis_kw,e_bess_kwh,max_theta_c,hotspot_slack_c,hotspot_penalty_yuan,bess_degradation_cost_yuan,power_balance_residual_kw,heat_balance_residual_kw
2025-01-30 00:00:00+00:00,0,66.0,2837.291468201433,412.7932883766896,963.1843395456089,1461.3138402791344,412.7932883766896,327.06805945200205,85.72522892468754,2336.5595364479163,412.7932883766896,0.0,1.4666928878076623e-12,963.1843395456074,1461.3138402791344,0.0,600.4266012751849,187.63331289849526,1461.3138402791358,1948.4184537055144,487.1046134263786,0.0,0.0,963.1843395456074,14.44776509318411,33.87682519370354,19.263686790912146,128.4493733853887,870.7755767880624,3708.0670449894956,2548.8450549806994,3219.22382502416,0.0,0.0,0.0,0.0,0.0,0.0,660.9237629525047,23.958441966185628,0.0,0.0,0.0,2.2737367544323206e-13,0.0
2025-01-30 01:00:00+00:00,0,66.0,2811.291148338461,408.30158371386466,952.7036953323508,1450.285869292244,408.30158371386466,323.8844557018201,84.41712801204456,2336.5595364479163,408.3015837138647,-5.684341886080802e-14,1.4725238773345386e-12,952.7036953323493,1450.2858692922434,4.547473508864641e-13,593.8932126747123,185.5916289608476,1450.2858692922448,1933.7144923896597,483.4286230974149,3.979039320256561e-13,1.3263464400855204e-13,952.7036953323499,14.290555429985247,33.556932599569464,19.054073906646988,127.18145826724685,863.1032722617111,3674.3944206001715,2527.607705064372,3277.57292616957,0.0,0.0,0.0,0.0,0.0,0.0,660.9237629525047,23.958177586127473,0.0,0.0,0.0,-5.684341886080801e-13,0.0
2025-01-30 02:00:00+00:00,0,66.0,2819.105058034541,409.21142882532,954.8266672590797,1455.066961950142,409.21142882532,324.7481108962203,84.46331792909972,2336.5595364479163,409.21142882531996,5.684341886080802e-14,320.6355726879575,634.1910945711222,1455.066961950142,0.0,595.21662374592,186.00519492059996,1775.7025346380997,2367.6033795174662,591.9008448793666,5.684341886080802e-14,1.8947806286936004e-14,634.1910945711223,9.512866418566835,36.85355869156259,12.683821891422445,127.50417647773475,964.4604632792532,3783.5655213137934,2962.8200032633863,3350.47819276152,0.0,0.0,0.0,0.0,0.0,0.0,660.9237629525047,23.954694918615655,0.0,0.0,0.0,-6.821210263296962e-13,0.0
2025-01-30 03:00:00+00:00,0,66.0,2803.0722391605236,406.4983372035753,948.4961201416755,1448.0777818152733,406.4983372035753,322.8409588834857,83.6573783200896,2336.5595364479163,406.4983372035753,0.0,327.62475282282696,620.8713673188486,1448.077781815273,2.2737367544323206e-13,591.270308659746,184.7719714561706,1775.7025346381001,2367.6033795174667,591.9008448793667,2.2737367544323206e-13,7.579122514774402e-14,620.8713673188489,9.313070509782733,36.72694774921452,12.417427346376972,126.7294583502774,961.859720291189,6033.7116797801955,2958.873688177213,3424.45119305147,0.0,0.0,0.0,0.0,2268.779720328483,0.0,2813.277190583852,23.95367661438363,0.0,0.0,0.0,-4.547473508864641e-13,0.0
2025-01-30 04:00:00+00:00,0,66.0,2818.2087153841603,408.7662356191394,953.7878831113252,1455.6545966536967,408.7662356191394,324.6287450195621,84.13749059957735,2336.5595364479163,408.7662356191395,-5.684341886080802e-14,320.0479379844034,633.7399451269218,1455.6545966536967,0.0,594.5690699914757,185.80283437233612,1775.7025346381001,2367.6033795174667,591.9008448793667,-5.684341886080802e-14,-1.8947806286936004e-14,633.7399451269217,9.506099176903826,36.83278300860751,12.674798902538438,127.42268060072627,964.1400409404788,7086.9675710871625,2962.1724495089425,5074.25305785225,0.0,0.0,0.0,0.0,3304.6188147625235,0.0,5948.313866572543,23.954042644599255,0.0,0.0,0.0,0.0,0.0
2025-01-30 05:00:00+00:00,0,66.0,2796.4623028695482,405.25344484547287,945.5913713061032,1445.617486717971,405.25344484547287,322.2190012378399,83.03444360763297,2336.5595364479163,405.25344484547287,0.0,330.0850479201294,615.5063233859737,1445.617486717971,0.0,589.4595561388696,184.20611129339676,1775.7025346381004,2367.603379517467,591.9008448793668,0.0,0.0,615.5063233859737,9.232594850789605,36.668852772503065,12.310126467719474,126.39266253006858,960.7111927938444,3757.1734956633927,2957.062935656337,7175.01322351412,0.0,0.0,0.0,0.0,0.0,0.0,5948.313866572543,23.954756794852404,0.0,0.0,0.0,1.1368683772161603e-13,0.0
2025-01-30 06:00:00+00:00,0,66.0,2839.669267894365,411.71152989552127,960.6602364228827,1467.297501575962,411.71152989552127,327.0933925707982,84.61813732472307,2336.5595364479163,411.71152989552127,0.0,0.0,960.6602364228827,1467.2975015759619,2.2737367544323206e-13,598.8531343934854,187.14160449796418,1467.2975015759619,1956.396668767949,489.09916719198725,2.2737367544323206e-13,7.579122514774402e-14,960.660236422883,14.409903546343244,33.88617974421727,19.213204728457654,128.37137169207836,872.1214314010481,3711.7906992954136,2555.2498031614346,6830.12859379895,0.0,0.0,0.0,0.0,0.0,0.0,5948.313866572543,23.951251245940533,0.0,0.0,0.0,4.547473508864641e-13,0.0
2025-01-30 07:00:00+00:00,0,66.0,2968.4064399077884,430.2647074172882,1003.9509839736722,1534.1907485168258,430.2647074172882,341.6633282570653,88.6013791602229,2336.5595364479163,430.26470741728815,5.684341886080802e-14,0.0,1003.9509839736722,1534.190748516826,-2.2737367544323206e-13,625.8395744251465,195.57486700785824,1534.190748516826,2045.5876646891013,511.3969161722753,-1.7053025658242404e-13,-5.684341886080802e-14,1003.950983973672,15.05926475960508,35.420927164641704,20.079019679473443,134.17697108922022,911.7079658730738,2168.6745389614794,2671.4272391142476,5663.16442841657,0.0,0.0,0.0,0.0,0.0,1711.4398668193821,4144.297847384383,23.94697650926047,0.0,0.0,0.0,-6.821210263296962e-13,0.0
2025-01-30 08:00:00+00:00,0,66.0,3021.9030784233887,437.98485696171196,1021.9646662439942,1561.9535552176826,437.98485696171196,347.87977233623457,90.10508462547739,2336.5595364479163,437.98485696171196,0.0,0.0,1021.9646662439942,1561.9535552176826,0.0,637.0688828533993,199.08402589168725,1561.9535552176826,2082.604740290243,520.6511850725608,0.0,0.0,1021.9646662439942,15.329469993659913,36.05882887705671,20.439293324879884,136.59068670093995,928.1534898607846,645.4377535216495,2719.6736231436425,5011.85628625748,0.0,0.0,0.0,0.0,0.0,3304.6188147625235,660.9237629525047,23.947391688501895,0.0,0.0,0.0,-3.410605131648481e-13,0.0
2025-01-30 09:00:00+00:00,0,66.0,3002.5329056780597,434.709164665528,1014.3213842195652,1553.5023567929682,434.70916466552796,345.55335468501755,89.15580998051044,2336.5595364479163,434.709164665528,0.0,0.0,1014.3213842195652,1553.5023567929682,0.0,632.3042395134953,197.59507484796728,1553.5023567929682,2071.3364757239574,517.8341189309893,0.0,0.0,1014.3213842195652,15.214820763293478,35.82145125232098,20.286427684391303,135.6557931176545,922.407686596617,3924.9405922746755,2152.95611156432,2152.95611156432,0.0,550.6846036731326,0.0,523.150373489476,0.0,0.0,660.9237629525047,23.948422379883624,0.0,0.0,0.0,-1.2505552149377763e-12,0.0
2025-01-30 10:00:00+00:00,0,66.0,2975.7765020466836,430.66941368006985,1004.8952985868294,1540.2117897797852,430.66941368006985,342.4763622455035,88.1930514345664,2336.5595364479163,430.66941368006985,0.0,0.0,1004.8952985868294,1540.2117897797852,0.0,626.4282380801017,195.75882440003176,1540.2117897797852,2053.6157197063803,513.4039299265951,0.0,0.0,1004.8952985868294,15.07342947880244,35.500023869534445,20.09790597173659,134.42523830755374,914.259351954254,3890.035854000937,0.0,0.0,0.0,2680.0439577864818,0.0,3068.145832639655,0.0,0.0,660.9237629525047,23.947328841519134,0.0,0.0,0.0,-6.821210263296962e-13,0.0
2025-01-30 11:00:00+00:00,0,66.0,2984.4163694457434,432.5082126622333,1009.1858295452108,1542.7223272382964,432.5082126622333,343.5556198120469,88.95259285018636,2336.5595364479163,432.50821266223335,-5.684341886080802e-14,0.0,1009.1858295452108,1542.7223272382964,0.0,629.1028547814303,196.59464211919698,1542.7223272382964,2056.963102984395,514.2407757460987,-5.684341886080802e-14,-1.8947806286936004e-14,1009.1858295452107,15.13778744317816,35.610939863287186,20.18371659090422,134.89158206564923,916.6594438283144,3901.075813274058,-4.547473508864641e-13,0.0,0.0,2686.0659577658257,0.0,5613.77220085191,0.0,0.0,660.9237629525047,23.947615617340613,0.0,0.0,0.0,2.2737367544323206e-13,0.0
2025-01-30 12:00:00+00:00,0,66.0,2967.3302624982703,430.37210375709316,1004.2015754332172,1532.7565833079593,430.37210375709316,341.44254946404124,88.92955429305192,2336.5595364479163,430.37210375709316,0.0,0.0,1004.2015754332172,1532.7565833079593,0.0,625.9957872830446,195.62368352595144,1532.7565833079593,2043.6754444106123,510.91886110265307,0.0,0.0,1004.2015754332172,15.063023631498258,35.411597341743935,20.084031508664342,134.16316907648877,911.2643661869997,7183.213443447794,-4.547473508864641e-13,0.0,0.0,2669.6712316936573,0.0,8138.732326559181,3304.6188147625235,0.0,3795.960438941195,23.947346473413663,0.0,0.0,0.0,9.094947017729282e-13,0.0
2025-01-30 13:00:00+00:00,0,66.0,2932.027352838794,424.7809204279466,991.1554809985419,1516.0909514123043,424.7809204279466,337.33419155144117,87.44672887650543,2336.5595364479163,424.78092042794657,5.684341886080802e-14,0.0,991.1554809985419,1516.0909514123043,0.0,617.8631569861042,193.08223655815755,1516.0909514123043,2021.4546018830724,505.3636504707681,5.684341886080802e-14,1.8947806286936004e-14,991.155480998542,14.867332214978129,34.98401913409388,19.823109619970836,132.5054363852306,900.6257843831992,6101.432857550475,4.547473508864641e-13,0.0,4.547473508864641e-13,2639.317758869176,0.0,10629.806732831781,2268.779720328483,0.0,5948.313866572543,23.948402410841634,0.0,0.0,0.0,-9.094947017729282e-13,0.0
2025-01-30 14:00:00+00:00,0,66.0,2952.157471430476,429.0879142116675,1001.2051331605572,1521.8644240582514,429.08791421166757,339.93090347726263,89.1570107344049,2336.5595364479163,429.0879142116675,0.0,0.0,1001.2051331605572,1521.8644240582512,2.2737367544323206e-13,624.1278752169709,195.03996100530338,1521.8644240582512,2029.1525654110014,507.28814135275036,2.2737367544323206e-13,7.579122514774402e-14,1001.2051331605576,15.018076997408363,35.24274690379366,20.024102663211146,133.59468646590375,906.2077153883706,3858.365186818847,2319.0794354810996,2319.0794354811,0.0,334.20100514687283,0.0,10926.038074255646,0.0,0.0,5948.313866572543,23.95001189115494,0.0,0.0,0.0,4.547473508864641e-13,0.0
2025-01-30 15:00:00+00:00,0,66.0,2948.262745365813,430.6005397699877,1004.7345927966378,1512.9276127991873,430.6005397699877,339.70658556717694,90.89395420281075,2336.5595364479163,430.6005397699877,0.0,2.7129813547203824e-13,1004.7345927966376,1512.9276127991873,0.0,626.3280578472549,195.72751807726712,1512.9276127991875,2017.2368170655832,504.3092042663958,0.0,0.0,1004.7345927966376,15.071018891949564,35.22396798392463,20.09469185593275,133.684538362923,904.1109394383928,3852.373684804206,2306.0825197169806,2306.08251971698,4.547473508864641e-13,337.48235519585774,0.0,11224.7942355432,0.0,0.0,5948.313866572543,23.95033875591904,0.0,0.0,0.0,1.1368683772161603e-13,-2.2737367544323206e-13
2025-01-30 16:00:00+00:00,0,66.0,2997.6325152554227,437.3187859595322,1020.4105005722415,1539.903228723649,437.3187859595322,345.38509900740115,91.93368695213104,2336.5595364479163,437.31878595953214,5.684341886080802e-14,0.0,1020.4105005722415,1539.903228723649,0.0,636.1000523047741,198.78126634524187,1539.903228723649,2053.204304964865,513.3010762412163,5.684341886080802e-14,1.8947806286936004e-14,1020.4105005722416,15.306157508583624,35.80724229868132,20.40821001144483,135.86147833929496,919.4654307444629,3917.097945999885,3317.0203132597703,3317.02031325977,4.547473508864641e-13,0.0,627.7159559901311,10541.591009187765,0.0,0.0,5948.313866572543,23.947586496929794,0.0,0.0,0.0,-7.958078640513122e-13,0.0
2025-01-30 17:00:00+00:00,0,66.0,3075.8016826800604,449.82459128765987,1049.5907130045396,1576.3863783878594,449.8245912876599,354.5760049412871,95.24858634637278,2336.5595364479163,449.82459128765987,0.0,0.0,1049.5907130045396,1576.3863783878594,0.0,654.2903146002326,204.46572331257266,1576.3863783878594,2101.8485045171456,525.4621261292864,0.0,0.0,1049.5907130045396,15.743860695068093,36.75567804396938,20.99181426009079,139.5461400001293,942.9653424411166,714.1482103586536,4904.21584858014,4904.21584858014,0.0,0.0,2148.077029462762,8259.37411194543,0.0,3304.6188147625235,2464.939782140664,23.947237644693203,0.0,0.0,0.0,1.1368683772161603e-13,0.0
2025-01-30 18:00:00+00:00,0,66.0,3077.4564119695037,449.6203227123908,1049.1140863289118,1578.7220029282003,449.6203227123908,354.71657447923104,94.90374823315977,2336.5595364479163,449.6203227123908,0.0,0.0,1049.1140863289118,1578.7220029282003,0.0,653.9931966725685,204.37287396017766,1578.7220029282003,2104.9626705709334,526.2406676427333,0.0,0.0,1049.1140863289118,15.736711294933675,36.76950175586024,20.982281726578236,139.56322808593274,943.6652644662158,2309.6818096163374,4617.13329813829,4617.13329813829,0.0,0.0,1858.1774308947884,6286.879120674394,0.0,1711.4398668193821,660.9237629525047,23.94759529583646,0.0,0.0,0.0,0.0,0.0
2025-01-30 19:00:00+00:00,0,66.0,3045.685683823804,445.18293219780753,1038.7601751282175,1561.7425764977797,445.18293219780753,351.0473956408134,94.13553655699411,2336.5595364479163,445.1829321978076,-5.684341886080802e-14,0.0,1038.7601751282175,1561.74257649778,-2.2737367544323206e-13,647.5388104695384,202.35587827173072,1561.74257649778,2082.3234353303733,520.5808588325933,-2.8421709430404007e-13,-9.473903143468003e-14,1038.760175128217,15.581402626923255,36.39262926754215,20.77520350256435,138.14730271859804,933.8332752199517,3979.5189590437553,4163.334025091741,4163.33402509174,9.094947017729282e-13,0.0,1433.4717792918286,4765.387700020594,0.0,0.0,660.9237629525047,23.94646287567781,0.0,0.0,0.0,-4.547473508864641e-13,0.0
2025-01-30 20:00:00+00:00,0,66.0,3031.1384403045904,443.0517732407748,1033.787470895141,1554.299196168676,443.0517732407748,349.36958788745915,93.68218535331566,2336.5595364479163,443.0517732407749,-5.684341886080802e-14,0.0,1033.787470895141,1554.299196168676,0.0,644.4389428956725,201.38716965489766,1554.299196168676,2072.3989282249013,518.0997320562253,-5.684341886080802e-14,-1.8947806286936004e-14,1033.787470895141,15.506812063427114,36.21874137958958,20.67574941790282,137.48636834972694,929.3745729217694,3960.5130132263594,6901.52839467326,6901.52839467326,0.0,0.0,4184.6905235526865,350.9195314071985,0.0,0.0,660.9237629525047,23.94816629339866,0.0,0.0,0.0,-4.547473508864641e-13,0.0
2025-01-30 21:00:00+00:00,0,66.0,3015.393467425286,440.1124449238518,1026.9290381556539,1548.351984345782,440.1124449238518,347.5507675589639,92.56167736488788,2336.5595364479163,440.1124449238518,0.0,1.4748562731452893e-12,1026.9290381556525,1548.3519843457823,-2.2737367544323206e-13,640.1635562528753,200.0511113290235,1548.3519843457836,2064.469312461045,516.1173281152612,-2.2737367544323206e-13,-7.579122514774402e-14,1026.9290381556523,15.403935572334783,36.022100606570916,20.53858076311305,136.68975144388637,924.8228078301897,3940.216275255476,3037.3396764410854,6614.99797636466,0.0,0.0,332.70680772716497,0.0,0.0,0.0,660.9237629525047,23.950244158359517,0.0,0.0,0.0,2.2737367544323206e-13,0.0
2025-01-30 22:00:00+00:00,0,66.0,3021.374179872461,440.61692189882064,1028.106151097248,1552.6511068763914,440.61692189882064,348.1893213943767,92.42760050444394,2336.5595364479163,440.61692189882064,0.0,0.0,1028.106151097248,1552.6511068763912,2.2737367544323206e-13,640.8973409437391,200.28041904491846,1552.6511068763912,2070.201475835188,517.550368958797,2.2737367544323206e-13,7.579122514774402e-14,1028.1061510972481,15.421592266458722,36.08863409070887,20.56212302194496,136.91370736474772,926.8168447475757,3948.1910246200364,2711.098816778927,5528.11770962516,0.0,0.0,0.0,0.0,0.0,0.0,660.9237629525047,23.949701712169762,0.0,0.0,0.0,-2.2737367544323206e-13,0.0
2025-01-30 23:00:00+00:00,0,66.0,3013.492745343617,439.8649622879584,1026.3515786719026,1547.276204383754,439.8649622879584,347.39884505845356,92.46611722950486,2336.5595364479163,439.8649622879584,0.0,0.0,1026.3515786719026,1547.276204383754,0.0,639.8035815097577,199.93861922179926,1547.276204383754,2063.0349391783384,515.7587347945846,0.0,0.0,1026.3515786719026,15.395273680078539,35.99979361727559,20.52703157343805,136.60677751309714,924.2262304002732,3937.71897574389,2702.838520688096,2948.83793503903,0.0,0.0,0.0,0.0,0.0,0.0,660.9237629525047,23.94969217226594,0.0,0.0,0.0,-2.2737367544323206e-13,0.0
2025-03-23 00:00:00+00:00,1,1.0,3047.0827957348697,443.0578332469176,1033.8016109094742,1570.2233515784771,443.05783324691765,351.30436878095765,91.75346446595998,2336.5595364479163,0.0,443.0578332469176,0.0,1033.8016109094742,0.0,1570.2233515784771,0.0,0.0,0.0,0.0,0.0,2013.2811848253948,671.0937282751316,3718.176524010001,55.77264786015001,20.676032218189484,20.676032218189484,137.9174075998546,906.1358481715151,3953.218643906385,0.0,0.0,0.0,0.0,0.0,21595.305754944868,0.0,0.0,660.9237629525047,23.948687959367366,0.0,0.0,0.0,0.0,0.0
2025-03-23 01:00:00+00:00,1,1.0,3689.539622469024,536.6553120387006,1252.1957280903011,1900.6885823400214,536.6553120387006,425.2912258411637,111.36408619753689,2336.5595364479163,0.0,536.6553120387006,0.0,1252.1957280903011,0.0,1900.6885823400214,0.0,0.0,0.0,0.0,0.0,2437.343894378722,812.4479647929073,4501.9875872619305,67.52981380892895,25.043914561806023,25.043914561806023,167.02042916977382,1097.0860368952222,4786.625659364245,0.0,0.0,0.0,0.0,0.0,21552.11514343498,0.0,0.0,660.9237629525047,23.938898717058617,0.0,0.0,0.0,-1.3642420526593924e-12,0.0
2025-03-23 02:00:00+00:00,1,1.0,4766.883972927061,693.1365917258144,1617.3187140269,2456.4286671743507,693.1365917258144,549.419364361202,143.71722736461234,2336.5595364479163,0.0,693.1365917258144,0.0,1617.3187140269,0.0,2456.4286671743507,0.0,0.0,0.0,0.0,0.0,3149.565258900165,1049.855086300055,5816.73905922712,87.2510858884068,32.346374280538,32.346374280538,215.76042254199962,1417.5593432915373,6184.443316218599,0.0,0.0,0.0,0.0,0.0,21509.01091314811,0.0,0.0,660.9237629525047,23.920368774534957,0.0,0.0,0.0,2.2737367544323206e-13,0.0
2025-03-23 03:00:00+00:00,1,1.0,5065.620620082867,736.8756773617093,1719.3765805106548,2609.3683622105013,736.8756773617093,583.9397483291598,152.93592903254955,2336.5595364479163,0.0,736.8756773617093,0.0,1719.3765805106548,0.0,2609.3683622105013,0.0,0.0,0.0,0.0,0.0,3346.2440395722106,1115.4146798574036,6181.035299940269,92.71552949910404,34.387531610213095,34.387531610213095,229.3226898156289,1506.2279623925629,6571.84858247543,0.0,0.0,0.0,0.0,0.0,21465.992891321817,0.0,0.0,660.9237629525047,23.917124727637702,0.0,0.0,0.0,-4.547473508864641e-13,0.0
2025-03-23 04:00:00+00:00,1,1.0,4612.233252327111,670.895771469188,1565.4234667614385,2375.9140140964855,670.895771469188,531.7884398164238,139.10733165276432,2336.5595364479163,0.0,670.895771469188,0.0,1565.4234667614385,0.0,2375.9140140964855,0.0,0.0,0.0,0.0,0.0,3046.8097855656733,1015.6032618552244,5627.836514182336,84.41754771273504,31.30846933522877,31.30846933522877,208.79343727193287,1371.4311855103497,5983.664437837459,0.0,0.0,0.0,0.0,0.0,21423.060905539176,0.0,0.0,660.9237629525047,23.924618195421225,0.0,0.0,0.0,-9.094947017729282e-13,0.0
2025-03-23 05:00:00+00:00,1,1.0,4918.4003314097545,715.4645562008102,1669.4172978018898,2533.5184774070535,715.4645562008101,567.004201138111,148.46035506269914,2336.5595364479163,0.0,715.4645562008102,0.0,1669.4172978018898,0.0,2533.5184774070535,0.0,0.0,0.0,0.0,0.0,3248.983033607864,1082.9943445359547,6001.3946759457085,90.02092013918562,33.388345956037796,33.388345956037796,222.65834788202028,1462.450304469236,6380.850635878989,0.0,0.0,0.0,0.0,0.0,21380.214783728097,0.0,0.0,660.9237629525047,23.919987788681524,0.0,0.0,0.0,-1.3642420526593924e-12,0.0
2025-03-23 06:00:00+00:00,1,1.0,4640.041575661417,674.9810430395577,1574.955767092301,2390.1047655295565,674.9810430395577,534.9824759024522,139.9985671371055,2336.5595364479163,0.0,674.9810430395577,0.0,1574.955767092301,0.0,2390.1047655295565,0.0,0.0,0.0,0.0,0.0,3065.0858085691143,1021.6952695230381,5661.736845184453,84.92605267776679,31.499115341846018,31.499115341846018,210.0570248512623,1379.6765777357589,6019.718153397176,0.0,0.0,0.0,0.0,0.0,21337.45435416064,0.0,0.0,660.9237629525047,23.92392125779821,0.0,0.0,0.0,6.821210263296962e-13,0.0
2025-03-23 07:00:00+00:00,1,1.0,4423.780537253034,643.0582089601455,1500.4691542403393,2280.253174052552,643.0582089601455,509.93453936082915,133.12366959931643,2336.5595364479163,0.0,643.0582089601455,0.0,1500.4691542403393,0.0,2280.253174052552,0.0,0.0,0.0,0.0,0.0,2923.3113830126977,974.4371276708993,5398.217664923936,80.97326497385905,30.009383084806785,30.009383084806785,200.20745154221933,1315.6366103565913,5739.4171476096235,0.0,0.0,0.0,0.0,0.0,21294.779445452317,0.0,0.0,660.9237629525047,23.926331708267902,0.0,0.0,0.0,-1.5916157281026244e-12,0.0
2025-03-23 08:00:00+00:00,1,1.0,2525.460535255602,367.61774289415894,857.774733419704,1300.068058941739,367.61774289415894,291.15955996979636,76.45818292436257,2336.5595364479163,0.0,367.61774289415894,0.0,857.774733419704,0.0,1300.068058941739,0.0,0.0,0.0,0.0,0.0,1667.685801835898,555.8952672786327,3081.3558025342345,46.22033703801352,17.15549466839408,17.15549466839408,114.35967665528048,750.786270308715,3276.2468055643167,0.0,0.0,0.0,0.0,0.0,21252.18988656141,0.0,0.0,660.9237629525047,23.956570598620093,0.0,0.0,0.0,-1.1368683772161603e-13,0.0
2025-03-23 09:00:00+00:00,1,1.0,4083.5344389885936,593.9839688263487,1385.9625939281468,2103.5878762340967,593.9839688263487,470.5185822795254,123.4653865468233,2336.5595364479163,0.0,593.9839688263487,0.0,1385.9625939281468,0.0,2103.5878762340967,0.0,0.0,0.0,0.0,0.0,2697.5718450604454,899.1906150201485,4982.725054008741,74.7408758101311,27.719251878562936,27.719251878562936,184.8593192243619,1214.2293138117675,5297.7637528003615,0.0,0.0,0.0,0.0,0.0,21209.685506788283,0.0,0.0,660.9237629525047,23.931189268429456,0.0,0.0,0.0,4.547473508864641e-13,0.0
2025-03-23 10:00:00+00:00,1,1.0,2599.533019262855,377.80046821264625,881.5344258295078,1340.1981252207022,377.80046821264625,299.42925083657946,78.37121737606678,2336.5595364479163,0.0,377.80046821264625,0.0,881.5344258295078,0.0,1340.1981252207022,0.0,0.0,0.0,0.0,0.0,1717.9985934333486,572.6661978111161,3172.1992170739722,47.58298825610958,17.630688516590155,17.630688516590155,117.6364755440388,773.1470386444448,3372.6800579072988,0.0,0.0,0.0,0.0,0.0,21167.266135774706,0.0,0.0,660.9237629525047,23.95262412513468,0.0,0.0,0.0,-9.094947017729282e-13,0.0
2025-03-23 11:00:00+00:00,1,1.0,2678.3055703265177,388.8948768452229,907.4213793055198,1381.989314175775,388.8948768452229,308.5985765364431,80.2963003087798,2336.5595364479163,0.0,388.8948768452229,0.0,907.4213793055198,0.0,1381.989314175775,0.0,0.0,0.0,0.0,0.0,1770.8841910209978,590.2947303403326,3268.6003006668507,49.02900451000276,18.148427586110397,18.148427586110397,121.15685587741052,796.7774458999668,3475.0830162264842,0.0,0.0,0.0,0.0,0.0,21124.93160350316,0.0,0.0,660.9237629525047,23.95390357998789,0.0,0.0,0.0,-2.2737367544323206e-13,0.0
2025-03-23 12:00:00+00:00,1,1.0,3707.387082912041,539.0853980141422,1257.8659286996651,1910.4357561982324,539.0853980141422,427.2617734142316,111.8236245999107,2336.5595364479163,0.0,539.0853980141422,0.0,1257.8659286996651,0.0,1910.4357561982324,0.0,0.0,0.0,0.0,0.0,2449.5211542123748,816.5070514041249,4523.894134316165,67.85841201474247,25.157318573993305,25.157318573993305,167.80688072550026,1102.4869812923544,4809.874064204394,0.0,0.0,0.0,0.0,0.0,21082.681740296153,0.0,0.0,660.9237629525047,23.938576859651395,0.0,0.0,0.0,-1.3642420526593924e-12,0.0
2025-03-23 13:00:00+00:00,1,1.0,4774.338456629509,694.0777790083348,1619.5148176861144,2460.7458599350566,694.0777790083348,550.2345850237874,143.84319398454738,2336.5595364479163,0.0,694.0777790083348,0.0,1619.5148176861144,0.0,2460.7458599350566,0.0,0.0,0.0,0.0,0.0,3154.8236389433914,1051.607879647797,5825.946336277302,87.38919504415954,32.39029635372229,32.39029635372229,216.0801121523134,1419.8577795517147,9498.815050943747,0.0,0.0,0.0,0.0,0.0,21040.516376815554,3304.6188147625235,0.0,3795.960438941195,23.92140942202821,0.0,0.0,0.0,0.0,0.0
2025-03-23 14:00:00+00:00,1,1.0,2979.168721184503,433.0290593624199,1010.4011385123129,1535.738523309772,433.0290593624199,343.71624962318174,89.31280973923816,2336.5595364479163,0.0,433.0290593624199,0.0,1010.4011385123129,0.0,1535.738523309772,0.0,0.0,0.0,0.0,0.0,1968.767582672192,656.2558608907307,3635.424582075236,54.53136873112854,20.208022770246256,20.208022770246256,134.8221128788686,886.0253880412201,6133.9738295542065,0.0,0.0,0.0,0.0,0.0,20998.43534406192,2268.779720328483,0.0,5948.313866572543,23.950646442937618,0.0,0.0,0.0,4.547473508864641e-13,0.0
2025-03-23 15:00:00+00:00,1,1.0,2661.2908495157944,386.5521055285325,901.9549128999089,1372.7838310873506,386.5521055285324,307.2288360788697,79.32326944966276,2336.5595364479163,0.0,386.5521055285325,0.0,901.9549128999089,0.0,1372.7838310873506,0.0,0.0,0.0,0.0,0.0,1759.335936615883,586.4453122052943,3247.736161721086,48.71604242581628,18.039098257998177,18.039098257998177,120.4026251192295,791.6421762663363,3452.933025782131,0.0,0.0,0.0,0.0,0.0,20956.438473373797,0.0,0.0,5948.313866572543,23.959648654986832,0.0,0.0,0.0,4.547473508864641e-13,0.0
2025-03-23 16:00:00+00:00,1,1.0,2571.9426533617698,373.8087155731442,872.2203363373362,1325.9136014512874,373.8087155731441,296.83225946049754,76.9764561126466,2336.5595364479163,0.0,373.8087155731442,0.0,872.2203363373362,0.0,1325.9136014512874,0.0,0.0,0.0,0.0,0.0,1699.7223170244315,566.5741056748105,3138.516759036578,47.07775138554867,17.444406726746724,17.444406726746724,116.3904037491132,764.9310742629659,3336.8737276247352,0.0,0.0,0.0,0.0,0.0,20914.525596427055,0.0,0.0,5948.313866572543,23.96056037731814,0.0,0.0,0.0,-4.547473508864641e-13,0.0
2025-03-23 17:00:00+00:00,1,1.0,2694.2734470521896,391.54822009448475,913.6125135537975,1389.112713403908,391.54822009448475,310.89796355098787,80.6502565434969,2336.5595364479163,0.0,391.54822009448475,0.0,913.6125135537975,0.0,1389.112713403908,0.0,0.0,0.0,0.0,0.0,1780.6609334983928,593.5536444994642,3287.827091551654,49.31740637327481,18.27225027107595,18.27225027107595,121.9209026632009,801.3364540780917,3495.6099011302813,0.0,0.0,0.0,0.0,0.0,20872.6965452342,0.0,0.0,5948.313866572543,23.960042479995906,0.0,0.0,0.0,0.0,0.0
2025-03-23 18:00:00+00:00,1,1.0,4148.013061258572,602.7756839477934,1406.476595878184,2138.760781432595,602.7756839477934,478.13562164099443,124.64006230679891,2336.5595364479163,0.0,602.7756839477934,0.0,1406.476595878184,0.0,2138.760781432595,0.0,0.0,0.0,0.0,0.0,2741.5364653803886,913.8454884601296,5061.858549718702,75.92787824578053,28.129531917563682,28.129531917563682,187.70336689428927,1233.7357974353267,3670.308991874515,0.0,0.0,0.0,0.0,0.0,20830.951152143734,0.0,1711.4398668193821,4144.297847384383,23.936548683564762,0.0,0.0,0.0,-1.3642420526593924e-12,0.0
2025-03-23 19:00:00+00:00,1,1.0,4286.388019597032,623.5941712964349,1455.0530663583477,2207.7407819422488,623.5941712964349,494.19999526796846,129.39417602846638,2336.5595364479163,0.0,623.5941712964349,0.0,1455.0530663583477,773.4049190181104,1434.3358629241384,0.0,0.0,773.4049190181104,1031.2065586908138,257.80163967270346,2057.9300342205734,685.9766780735245,4198.9597786524455,62.98439667978668,36.835110517348056,29.101061327166953,194.05607418388595,1266.7549604544156,2248.5241652889254,0.0,0.0,0.0,1031.2065586908138,0.0,21768.935480595723,0.0,3304.6188147625235,660.9237629525047,23.934561446649,0.0,0.0,0.0,9.094947017729282e-13,0.0
2025-03-23 20:00:00+00:00,1,1.0,3276.2455494626297,476.3254184086797,1111.425976286919,1688.4941547670287,476.3254184086797,377.7334581927977,98.59196021588201,2336.5595364479163,0.0,476.3254184086797,0.0,1111.425976286919,34.37200339041283,1654.1221513766159,0.0,0.0,34.37200339041283,45.82933785388377,11.457334463470943,2130.4475697852954,710.1491899284318,3952.0227360006465,59.280341040009695,22.572239559642508,22.22851952573838,148.2845822953752,973.9722068126687,4250.217756275297,0.0,0.0,0.0,45.82933785388377,0.0,21768.935480595723,0.0,0.0,660.9237629525047,23.95099035843926,0.0,0.0,0.0,-1.5916157281026244e-12,0.0
2025-03-23 21:00:00+00:00,1,1.0,3539.052929292931,514.5329983714684,1200.5769962000927,1823.9429347213716,514.5329983714684,407.87623165960537,106.656766711863,2336.5595364479163,0.0,514.5329983714684,0.0,1200.5769962000927,0.0,1823.9429347213716,0.0,0.0,0.0,0.0,0.0,2338.47593309284,779.4919776976134,4318.544906990546,64.7781736048582,24.011539924001855,24.011539924001855,160.1780140230683,1052.4712451735438,4591.524174466475,0.0,0.0,0.0,0.0,0.0,21725.397609634532,0.0,0.0,660.9237629525047,23.94609997334754,0.0,0.0,0.0,6.821210263296962e-13,0.0
2025-03-23 22:00:00+00:00,1,1.0,4426.837872567179,643.8045351484697,1502.2105820130957,2280.8227554056134,643.8045351484697,510.11415114742977,133.6903840010399,2336.5595364479163,0.0,643.8045351484697,0.0,1502.2105820130957,0.0,2280.8227554056134,0.0,0.0,0.0,0.0,0.0,2924.627290554083,974.8757635180277,5401.713636085206,81.02570454127809,30.044211640261917,30.044211640261917,200.38131777639944,1316.3712091162292,5743.209081683409,0.0,0.0,0.0,0.0,0.0,21681.946814415267,0.0,0.0,660.9237629525047,23.93158584406067,0.0,0.0,0.0,4.547473508864641e-13,0.0
2025-03-23 23:00:00+00:00,1,1.0,4604.1904827817725,669.8169403308051,1562.9061941052116,2371.467348345757,669.8169403308051,530.5129323653998,139.30400796540528,2336.5595364479163,0.0,669.8169403308051,0.0,1562.9061941052116,0.0,2371.467348345757,0.0,0.0,0.0,0.0,0.0,3041.284288676562,1013.761429558854,5617.951912340628,84.26927868510941,31.258123882104233,31.258123882104233,208.43623246236092,1368.983188470533,5973.173671252304,0.0,0.0,0.0,0.0,0.0,21638.582920786437,0.0,0.0,660.9237629525047,23.927643295771997,0.0,0.0,0.0,-1.1368683772161603e-12,0.0
2025-04-16 00:00:00+00:00,2,52.0,3239.1537593227,470.60891661846046,1098.087472109741,1670.4573705944968,470.60891661846046,373.43173519339405,97.17718142506642,2336.5595364479163,0.0,470.60891661846046,0.0,1098.087472109741,0.0,1670.4573705944968,0.0,0.0,0.0,0.0,0.0,2141.0662872129574,713.6887624043192,3952.842521727018,59.29263782590527,21.96174944219482,21.96174944219482,146.55979720990118,963.4646963245151,4202.618455647215,0.0,0.0,0.0,0.0,0.0,21552.115143434978,0.0,0.0,3795.960438941195,23.943338958547827,0.0,0.0,0.0,3.410605131648481e-13,0.0
2025-04-16 01:00:00+00:00,2,52.0,3205.933997984104,465.38951479784953,1085.9088678616486,1654.6356153246043,465.38951479784953,369.54070801292005,95.84880678492951,2336.5595364479163,0.0,465.38951479784953,0.0,1085.9088678616486,0.0,1654.6356153246043,0.0,0.0,0.0,0.0,0.0,2120.025130122454,706.6750433741513,3912.6090413582538,58.689135620373804,21.71817735723297,21.71817735723297,145.007011229723,953.807544938714,6428.5212632513,0.0,0.0,0.0,0.0,0.0,21509.010913148108,2268.779720328483,0.0,5948.313866572543,23.941515679970802,0.0,0.0,0.0,-4.547473508864641e-13,0.0
2025-04-16 02:00:00+00:00,2,52.0,3103.7730949721554,450.8002638658303,1051.8672823536037,1601.1055487527215,450.8002638658303,357.81973526438316,92.98052860144713,2336.5595364479163,0.0,450.8002638658303,0.0,1051.8672823536037,0.0,1601.1055487527215,0.0,0.0,0.0,0.0,0.0,2051.905812618552,683.968604206184,3787.7416991783393,56.81612548767509,21.037345647072076,21.037345647072076,140.41675284267063,923.276173830674,4027.049268802829,0.0,0.0,0.0,0.0,0.0,21465.99289132181,0.0,0.0,5948.313866572543,23.945908973011107,0.0,0.0,0.0,-4.547473508864641e-13,0.0
2025-04-16 03:00:00+00:00,2,52.0,3024.2111732183216,439.03277622402175,1024.4098111893838,1560.7685858049183,439.03277622402175,348.7260260372502,90.30675018677152,2336.5595364479163,0.0,439.03277622402175,0.0,1024.4098111893838,0.0,1560.7685858049183,0.0,0.0,0.0,0.0,0.0,1999.80136202894,666.6004540096467,3690.8116272279703,55.362174408419556,20.48819622378768,20.48819622378768,136.79124426183026,899.7302651274719,3923.941438345794,0.0,0.0,0.0,0.0,0.0,21423.060905539172,0.0,0.0,5948.313866572543,23.94864032246346,0.0,0.0,0.0,3.410605131648481e-13,0.0
2025-04-16 04:00:00+00:00,2,52.0,2954.7414648134127,428.8729962727332,1000.7036579697104,1525.1648105709678,428.8729962727332,340.7140225381495,88.15897373458367,2336.5595364479163,0.0,428.8729962727332,0.0,1000.7036579697104,0.0,1525.1648105709678,0.0,0.0,0.0,0.0,0.0,1954.037806843701,651.345935614567,3606.0874004279785,54.09131100641967,20.014073159394208,20.014073159394208,133.6397774432381,879.1051703830133,3833.846635196426,0.0,0.0,0.0,0.0,0.0,21380.21478372809,0.0,0.0,5948.313866572543,23.950719556468314,0.0,0.0,0.0,2.2737367544323206e-13,0.0
2025-04-16 05:00:00+00:00,2,52.0,2962.1748147568196,429.93637385136645,1003.1848723198549,1529.0535685855984,429.93637385136645,341.378880118361,88.55749373300546,2336.5595364479163,0.0,429.93637385136645,0.0,1003.1848723198549,0.0,1529.0535685855984,0.0,0.0,0.0,0.0,0.0,1958.9899424369648,652.9966474789883,3615.171462235808,54.22757193353712,20.063697446397097,20.063697446397097,133.97416602155522,881.3257803268748,3843.5005950836935,0.0,0.0,0.0,0.0,0.0,21337.454354160636,0.0,0.0,5948.313866572543,23.948897240684932,0.0,0.0,0.0,-9.094947017729282e-13,0.0
2025-04-16 06:00:00+00:00,2,52.0,2982.5662695347764,432.67003845122986,1009.5634230528693,1540.3328080306783,432.67003845122986,343.6995904951493,88.97044795608053,2336.5595364479163,0.0,432.67003845122986,0.0,1009.5634230528693,0.0,1540.3328080306783,0.0,0.0,0.0,0.0,0.0,1973.0028464819081,657.6676154939694,3640.233885028747,54.6035082754312,20.191268461057387,20.191268461057387,134.8685453873713,887.5222060788866,565.469660851139,0.0,0.0,0.0,0.0,0.0,21294.779445452317,0.0,3304.6188147625235,2464.939782140664,23.949746434720822,0.0,0.0,0.0,-5.684341886080801e-13,0.0
2025-04-16 07:00:00+00:00,2,52.0,3122.616889788706,452.77398723586,1056.472636883673,1613.3702656691737,452.77398723586,360.00175417044545,92.77223306541455,2336.5595364479163,0.0,452.77398723586,0.0,1056.472636883673,0.0,1613.3702656691737,0.0,0.0,0.0,0.0,0.0,2066.1442529050337,688.7147509683446,3811.331640757051,57.16997461135576,21.12945273767346,21.12945273767346,141.17537423592105,929.3190052909682,2340.496028260292,0.0,0.0,0.0,0.0,0.0,21252.189886561417,0.0,1711.4398668193821,660.9237629525047,23.95132508492004,0.0,0.0,0.0,-1.1368683772161603e-13,0.0
2025-04-16 08:00:00+00:00,2,52.0,3162.8174339193406,458.3991154201037,1069.5979359802418,1634.8203825189958,458.3991154201037,364.7157363626195,93.68337905748423,2336.5595364479163,0.0,458.3991154201037,0.0,1069.5979359802418,0.0,1634.8203825189958,0.0,0.0,0.0,0.0,0.0,2093.2194979390997,697.7398326463666,3860.5572665657082,57.908358998485625,21.391958719604837,21.391958719604837,142.96688760502346,941.3989966890854,4104.216430608426,0.0,0.0,0.0,0.0,0.0,21209.685506788297,0.0,0.0,660.9237629525047,23.950504696634813,0.0,0.0,0.0,0.0,0.0
2025-04-16 09:00:00+00:00,2,52.0,3192.3010943847667,463.72086862064845,1082.0153601148463,1646.5648656492724,463.7208686206485,367.8447301155342,95.87613850511426,2336.5595364479163,0.0,463.72086862064845,0.0,1082.0153601148463,0.0,1646.5648656492724,0.0,0.0,0.0,0.0,0.0,2110.285734269921,703.4285780899736,3895.7296724747407,58.435945087121105,21.640307202296928,21.640307202296928,144.43323416936207,949.5783717510508,4141.879466135817,0.0,0.0,0.0,0.0,0.0,21167.266135774724,0.0,0.0,660.9237629525047,23.946252302057815,0.0,0.0,0.0,-4.547473508864641e-13,0.0
2025-04-16 10:00:00+00:00,2,52.0,3113.8284834599995,453.1977903429275,1057.4615108001638,1603.1691823169085,453.1977903429275,358.9667109043709,94.23107943855653,2336.5595364479163,0.0,453.1977903429275,0.0,1057.4615108001638,0.0,1603.1691823169085,0.0,0.0,0.0,0.0,0.0,2056.366972659836,685.4556575532787,3799.2841410132787,56.98926211519918,21.149230216003275,21.149230216003275,140.99478882278183,925.7381689232662,4039.566652383266,0.0,0.0,0.0,0.0,0.0,21124.93160350317,0.0,0.0,660.9237629525047,23.94885021877578,0.0,0.0,0.0,3.410605131648481e-13,0.0
2025-04-16 11:00:00+00:00,2,52.0,3059.565289610999,445.53651998099815,1039.5852132889954,1574.4435563410066,445.53651998099815,352.77676391914315,92.759756061855,2336.5595364479163,0.0,445.53651998099815,0.0,1039.5852132889954,0.0,1574.4435563410066,0.0,0.0,0.0,0.0,0.0,2019.9800763220046,673.3266921073349,3732.891981718335,55.99337972577502,20.79170426577991,20.79170426577991,138.56791264490874,909.4713930095786,6237.816402949061,0.0,0.0,0.0,0.0,0.0,21082.681740296164,2268.779720328483,0.0,2813.277190583852,23.951031387366108,0.0,0.0,0.0,0.0,0.0
2025-04-16 12:00:00+00:00,2,52.0,3268.7853368005876,475.6555104480207,1109.862857712048,1683.266968640518,475.6555104480208,376.83992729850155,98.8155831495192,2336.5595364479163,0.0,475.6555104480207,0.0,1109.862857712048,0.0,1683.266968640518,0.0,0.0,0.0,0.0,0.0,2158.9224790885387,719.6408263628463,3988.426163163433,59.8263924474515,22.197257154240962,22.197257154240962,147.99931787735798,971.8610509961377,7545.265202559248,0.0,0.0,0.0,0.0,0.0,21040.516376815573,3304.6188147625235,0.0,5948.313866572543,23.94285430478883,0.0,0.0,0.0,-1.3642420526593924e-12,0.0
2025-04-16 13:00:00+00:00,2,52.0,3229.829248924678,469.9500120403541,1096.5500280941594,1663.3292087901616,469.9500120403541,372.31763263465155,97.63237940570258,2336.5595364479163,0.0,469.9500120403541,0.0,1096.5500280941594,0.0,1663.3292087901616,0.0,0.0,0.0,0.0,0.0,2133.279220830516,711.0930736101719,3940.922322534847,59.113834838022704,21.931000561883188,21.931000561883188,146.23108660448318,960.2999961764441,4190.129245101121,0.0,0.0,0.0,0.0,0.0,20998.43534406194,0.0,0.0,5948.313866572543,23.94473874688862,0.0,0.0,0.0,-5.684341886080801e-13,0.0
2025-04-16 14:00:00+00:00,2,52.0,3166.463171222306,460.6891155156688,1074.9412695365602,1630.8327861700766,460.68911551566885,364.8329403559308,95.856175159738,2336.5595364479163,0.0,460.6891155156688,0.0,1074.9412695365602,0.0,1630.8327861700766,0.0,0.0,0.0,0.0,0.0,2091.5219016857454,697.1739672285818,3863.6371384508875,57.95455707676331,21.498825390731206,21.498825390731206,143.35634621119732,941.4825212980048,4107.94569252031,0.0,0.0,0.0,0.0,0.0,20956.43847337382,0.0,0.0,5948.313866572543,23.947147483978007,0.0,0.0,0.0,-3.410605131648481e-13,0.0
2025-04-16 15:00:00+00:00,2,52.0,3130.6983092546166,456.10105637862483,1064.235798216791,1610.3614546591984,456.1010563786248,360.74229200120425,95.35876437742054,2336.5595364479163,0.0,456.10105637862483,0.0,1064.235798216791,0.0,1610.3614546591984,0.0,0.0,0.0,0.0,0.0,2066.4625110378233,688.8208370126077,3819.519146267222,57.292787194008326,21.28471596433582,21.28471596433582,141.81527169301393,930.4983278283019,4061.1966370829173,0.0,0.0,0.0,0.0,0.0,20914.52559642707,0.0,0.0,5948.313866572543,23.94648741007077,0.0,0.0,0.0,-1.1368683772161603e-12,0.0
2025-04-16 16:00:00+00:00,2,52.0,3146.8534829328705,458.46062922159086,1069.7414681837117,1618.6513855275668,458.4606292215908,362.61174807140156,95.84888115018926,2336.5595364479163,0.0,458.46062922159086,0.0,1069.7414681837117,0.0,1618.6513855275668,0.0,0.0,0.0,0.0,0.0,2077.112014749158,692.3706715830526,3839.2241545159222,57.588362317738834,21.394829363674233,21.394829363674233,142.54860112600144,935.2972937541415,4082.150776687012,0.0,0.0,0.0,0.0,0.0,20872.69654523422,0.0,0.0,5948.313866572543,23.946403106633596,0.0,0.0,0.0,-2.2737367544323206e-13,0.0
2025-04-16 17:00:00+00:00,2,52.0,3115.8346999118326,454.2392179943446,1059.8915086534705,1601.7039732640183,454.2392179943446,359.1828283928578,95.05638960148676,2336.5595364479163,0.0,454.2392179943446,0.0,1059.8915086534705,0.0,1601.7039732640183,0.0,0.0,0.0,0.0,0.0,2055.9431912583627,685.314397086121,3801.149096997954,57.01723645496931,21.19783017306941,21.19783017306941,141.18119969356908,925.9084935807981,4041.7431934926312,0.0,0.0,0.0,0.0,0.0,20830.951152143756,0.0,0.0,5948.313866572543,23.948941553637265,0.0,0.0,0.0,5.684341886080801e-13,0.0
2025-04-16 18:00:00+00:00,2,52.0,3107.6242572658634,452.83777648142444,1056.6214784566569,1598.1650023277825,452.83777648142444,358.0755555579558,94.76222092346863,2336.5595364479163,0.0,452.83777648142444,0.0,1056.6214784566569,773.404919018094,824.7600833096885,0.0,0.0,773.404919018094,1031.206558690792,257.801639672698,1277.597859791113,425.86595326370434,2760.085291511474,41.401279372672114,28.866478759314077,21.132429569133137,140.78275934096735,915.850539978489,718.855982481829,0.0,0.0,0.0,1031.206558690792,0.0,21768.935480595723,0.0,3304.6188147625235,2464.939782140664,23.94883308258653,0.0,0.0,0.0,0.0,0.0
2025-04-16 19:00:00+00:00,2,52.0,3156.1381682879146,459.29927977272735,1071.698319469697,1625.1405690454908,459.2992797727274,363.66116026148615,95.63811951124124,2336.5595364479163,0.0,459.29927977272735,0.0,1071.698319469697,34.37200339041283,1590.768565655078,0.0,0.0,34.37200339041283,45.82933785388377,11.457334463470943,2050.0678454278054,683.3559484759352,3805.122113373438,57.076831700601566,21.777686423298068,21.43396638939394,142.90229550030375,938.0040629530035,2382.7023644215355,0.0,0.0,0.0,45.82933785388377,0.0,21768.935480595723,0.0,1711.4398668193821,660.9237629525047,23.947514735732835,0.0,0.0,0.0,-4.547473508864641e-13,0.0
2025-04-16 20:00:00+00:00,2,52.0,3134.47372620738,455.9944371722569,1063.9870200685991,1614.4922689665218,455.9944371722569,361.1405012250199,94.85393594723703,2336.5595364479163,0.0,455.9944371722569,0.0,1063.9870200685991,0.0,1614.4922689665218,0.0,0.0,0.0,0.0,0.0,2070.4867061387786,690.1622353795929,3824.6359615869706,57.369539423804554,21.27974040137198,21.27974040137198,141.90249555808435,931.9937511642258,4066.467477371605,0.0,0.0,0.0,0.0,0.0,21725.397609634532,0.0,0.0,660.9237629525047,23.948066745845665,0.0,0.0,0.0,-6.821210263296962e-13,0.0
2025-04-16 21:00:00+00:00,2,52.0,3219.440747141053,468.00101182235994,1092.0023609188397,1659.437374399853,468.00101182235994,371.0168112400244,96.9842005823355,2336.5595364479163,0.0,468.00101182235994,0.0,1092.0023609188397,0.0,1659.437374399853,0.0,0.0,0.0,0.0,0.0,2127.438386222213,709.1461287407377,3928.5868758817905,58.928803138226854,21.840047218376796,21.840047218376796,145.70563426896157,957.4606605846797,4176.9014077257325,0.0,0.0,0.0,0.0,0.0,21681.946814415263,0.0,0.0,660.9237629525047,23.948902582357693,0.0,0.0,0.0,-3.410605131648481e-13,0.0
2025-04-16 22:00:00+00:00,2,52.0,3205.571780563216,465.7134259109917,1086.6646604589805,1653.1936941932445,465.7134259109917,369.323639864171,96.38978604682069,2336.5595364479163,0.0,465.7134259109917,0.0,1086.6646604589805,0.0,1653.1936941932445,0.0,0.0,0.0,0.0,0.0,2118.907120104236,706.3023733680787,3911.8741539312955,58.67811230896943,21.73329320917961,21.73329320917961,145.0425558393725,953.4896279347798,4159.061408497995,0.0,0.0,0.0,0.0,0.0,21638.582920786434,0.0,0.0,660.9237629525047,23.94593234658388,0.0,0.0,0.0,-7.958078640513122e-13,0.0
2025-04-16 23:00:00+00:00,2,52.0,3116.379732225525,453.3644347539523,1057.850347759222,1605.1649497123517,453.3644347539523,358.99300597079,94.37142878316229,2336.5595364479163,0.0,453.3644347539523,0.0,1057.850347759222,0.0,1605.1649497123517,0.0,0.0,0.0,0.0,0.0,2058.529384466304,686.1764614887679,3802.556193714294,57.03834290571441,21.15700695518444,21.15700695518444,141.08291643034187,926.6117347351931,7347.610281723241,0.0,0.0,0.0,0.0,0.0,21595.305754944864,3304.6188147625235,0.0,3795.960438941195,23.945929261830674,0.0,0.0,0.0,0.0,0.0
2025-05-10 00:00:00+00:00,3,36.0,2845.180114523788,411.7149419105701,960.66819779133,1472.7969748218854,411.7149419105701,327.1937569021737,84.52118500839639,2336.5595364479163,0.0,411.7149419105701,0.0,960.66819779133,0.0,1472.7969748218854,0.0,0.0,0.0,0.0,0.0,1884.5119167324556,628.1706389108185,3473.350753434604,52.10026130151906,19.2133639558266,19.2133639558266,128.53644165328532,847.2340697772761,3692.4141843010634,0.0,0.0,0.0,0.0,0.0,21552.11514343498,0.0,0.0,660.9237629525047,23.961134056648397,0.0,0.0,0.0,-4.547473508864641e-13,0.0
2025-05-10 01:00:00+00:00,3,36.0,2851.6844749140664,412.60474242934913,962.7443990018144,1476.3353334829048,412.6047424293491,327.91826646667886,84.68647596267023,2336.5595364479163,0.0,412.60474242934913,0.0,962.7443990018144,0.0,1476.3353334829048,0.0,0.0,0.0,0.0,0.0,1888.940075912254,629.6466919707514,3481.33116688482,52.2199675032723,19.254887980036287,19.254887980036287,128.82258952034329,849.1990249544396,3700.8834998685056,0.0,0.0,0.0,0.0,0.0,21509.01091314811,0.0,0.0,660.9237629525047,23.96073600278134,0.0,0.0,0.0,-3.410605131648481e-13,0.0
2025-05-10 02:00:00+00:00,3,36.0,2805.0132069112033,405.5045197343689,946.1772127135273,1453.3314744633046,405.5045197343689,322.29596659592863,83.20855313844028,2336.5595364479163,0.0,405.5045197343689,0.0,946.1772127135273,0.0,1453.3314744633046,0.0,0.0,0.0,0.0,0.0,1858.8359941976735,619.6119980658912,3424.625204977092,51.369378074656375,18.923544254270546,18.923544254270546,126.66949388238802,835.4979585314766,5909.290885771163,0.0,0.0,0.0,0.0,0.0,21465.992891321817,2268.779720328483,0.0,2813.277190583852,23.96056950346958,0.0,0.0,0.0,-4.547473508864641e-13,0.0
2025-05-10 03:00:00+00:00,3,36.0,2798.3027511067385,404.807779547487,944.5514856108027,1448.943485948447,404.80777954748703,321.66908249936336,83.13869704812365,2336.5595364479163,0.0,404.807779547487,0.0,944.5514856108027,0.0,1448.943485948447,0.0,0.0,0.0,0.0,0.0,1853.751265495934,617.9170884986446,3416.219839605381,51.24329759408071,18.891029712216056,18.891029712216056,126.40164530537771,833.3440908225352,3631.6468419292733,0.0,0.0,0.0,0.0,0.0,21423.060905539176,0.0,0.0,2813.277190583852,23.959773306812078,0.0,0.0,0.0,-4.547473508864641e-13,0.0
2025-05-10 04:00:00+00:00,3,36.0,2749.9230817662174,398.00813374900724,928.68564541435,1423.2293026028592,398.00813374900724,316.17385981475513,81.8342739342521,2336.5595364479163,0.0,398.00813374900724,0.0,928.68564541435,0.0,1423.2293026028592,0.0,0.0,0.0,0.0,0.0,1821.2374363518666,607.0791454506221,3357.0022272168385,50.355033408252574,18.573712908287,18.573712908287,124.23977851333078,818.8213831887795,3568.744464954996,0.0,0.0,0.0,0.0,0.0,21380.2147837281,0.0,0.0,2813.277190583852,23.95922983112154,0.0,0.0,0.0,-6.821210263296962e-13,0.0
2025-05-10 05:00:00+00:00,3,36.0,2771.6920072423513,401.2302409503918,936.2038955509141,1434.257870741044,401.2302409503918,318.76547037860024,82.46477057179156,2336.5595364479163,0.0,401.2302409503918,0.0,936.2038955509141,0.0,1434.257870741044,0.0,0.0,0.0,0.0,0.0,1835.4881116914357,611.829370563812,3383.521377806162,50.75282066709243,18.724077911018284,18.724077911018284,125.23220280483127,825.2625498577722,6901.573371862647,0.0,0.0,0.0,0.0,0.0,21337.454354160647,3304.6188147625235,0.0,5948.313866572543,23.959704127183787,0.0,0.0,0.0,4.547473508864641e-13,0.0
2025-05-10 06:00:00+00:00,3,36.0,2768.427949534081,400.8630789702484,935.3471842639127,1432.217686299922,400.8630789702484,318.4111141703348,82.4519647999136,2336.5595364479163,0.0,400.8630789702484,0.0,935.3471842639127,0.0,1432.217686299922,0.0,0.0,0.0,0.0,0.0,1833.0807652701703,611.0269217567235,3379.4548712908068,50.6918230693621,18.706943685278254,18.706943685278254,125.09797092542388,824.230603122066,3592.658552656147,0.0,0.0,0.0,0.0,0.0,21294.779445452325,0.0,0.0,5948.313866572543,23.96042551747982,0.0,0.0,0.0,0.0,0.0
2025-05-10 07:00:00+00:00,3,36.0,2799.894535403492,406.09969887176936,947.5659640341283,1446.2288724975942,406.0996988717694,322.08467467097796,84.01502420079143,2336.5595364479163,0.0,406.09969887176936,0.0,947.5659640341283,0.0,1446.2288724975942,0.0,0.0,0.0,0.0,0.0,1852.3285713693635,617.4428571231211,3417.337392526613,51.26006088789919,18.95131928068257,18.95131928068257,126.60769662087304,833.2132531932585,328.4889738342263,0.0,0.0,0.0,0.0,0.0,21252.189886561424,0.0,3304.6188147625235,2464.939782140664,23.96128600533759,0.0,0.0,0.0,-5.684341886080801e-13,0.0
2025-05-10 08:00:00+00:00,3,36.0,2828.821979840501,410.3550690530004,957.4951611236673,1460.9717496638307,410.35506905300036,325.0705945607892,85.2844744922112,2336.5595364479163,0.0,410.3550690530004,0.0,957.4951611236673,0.0,1460.9717496638307,0.0,0.0,0.0,0.0,0.0,1871.326818716831,623.7756062389436,3452.597586079442,51.78896379119163,19.14990322247335,19.14990322247335,127.92625871934165,841.7906351944234,1959.1727482155425,0.0,0.0,0.0,0.0,0.0,21209.685506788304,0.0,1711.4398668193821,660.9237629525047,23.958845004400896,0.0,0.0,0.0,0.0,0.0
2025-05-10 09:00:00+00:00,3,36.0,2852.640445048621,414.38724396070415,966.9035692416428,1471.3496318462733,414.38724396070415,327.8865152370359,86.50072872366826,2336.5595364479163,0.0,414.38724396070415,0.0,966.9035692416428,0.0,1471.3496318462733,0.0,0.0,0.0,0.0,0.0,1885.7368758069774,628.5789586023258,3481.219403650946,52.21829105476419,19.338071384832855,19.338071384832855,129.0784727686096,848.5518651953652,3701.1923102439855,0.0,0.0,0.0,0.0,0.0,21167.266135774727,0.0,0.0,660.9237629525047,23.959264407097166,0.0,0.0,0.0,-7.958078640513122e-13,0.0
2025-05-10 10:00:00+00:00,3,36.0,2864.6547110195024,416.22938288475535,971.2018933977622,1477.2234347369845,416.22938288475535,329.3529490930954,86.87643379165996,2336.5595364479163,0.0,416.22938288475535,0.0,971.2018933977622,0.0,1477.2234347369845,0.0,0.0,0.0,0.0,0.0,1893.4528176217398,631.1509392072466,3495.805650226748,52.43708475340122,19.424037867955246,19.424037867955246,129.63210928541776,852.068208981976,3716.722920001478,0.0,0.0,0.0,0.0,0.0,21124.93160350318,0.0,0.0,660.9237629525047,23.95946648587211,0.0,0.0,0.0,-3.410605131648481e-13,0.0
2025-05-10 11:00:00+00:00,3,36.0,2854.0950518941063,414.3864992814653,966.9018316567522,1472.8067209558887,414.3864992814654,328.17901176064794,86.20748752081741,2336.5595364479163,0.0,414.3864992814653,0.0,966.9018316567522,0.0,1472.8067209558887,0.0,0.0,0.0,0.0,0.0,1887.1932202373541,629.0644067457847,3483.159458639891,52.24739187959836,19.338036633135044,19.338036633135044,129.11476488329873,849.1026367749519,3703.197688669058,0.0,0.0,0.0,0.0,0.0,21082.68174029617,0.0,0.0,660.9237629525047,23.95942654251056,0.0,0.0,0.0,0.0,0.0
2025-05-10 12:00:00+00:00,3,36.0,2844.43433555206,413.00985525454206,963.6896622605979,1467.7348180369193,413.00985525454206,327.04750622376935,85.9623490307727,2336.5595364479163,0.0,413.00985525454206,0.0,963.6896622605979,0.0,1467.7348180369193,0.0,0.0,0.0,0.0,0.0,1880.7446732914614,626.9148910971538,3471.349226649213,52.070238399738194,19.27379324521196,19.27379324521196,128.68130160364683,846.2140175909628,6995.267167905546,0.0,0.0,0.0,0.0,0.0,21040.516376815576,3304.6188147625235,0.0,3795.960438941195,23.95973982199493,0.0,0.0,0.0,0.0,0.0
2025-05-10 13:00:00+00:00,3,36.0,2964.053024794435,430.2496567169364,1003.9158656728513,1529.8875024046488,430.24965671693633,340.9721833557048,89.27747336123159,2336.5595364479163,0.0,430.2496567169364,0.0,1003.9158656728513,0.0,1529.8875024046488,0.0,0.0,0.0,0.0,0.0,1960.1371591215852,653.3790530405284,3617.432077834965,54.26148116752447,20.078317313457028,20.078317313457028,134.07863195120768,881.8758007861745,6114.708545909092,0.0,0.0,0.0,0.0,0.0,20998.43534406194,2268.779720328483,0.0,5948.313866572543,23.956338130837466,0.0,0.0,0.0,-4.547473508864641e-13,0.0
2025-05-10 14:00:00+00:00,3,36.0,2983.065283916223,433.0632721790644,1010.4809684178169,1539.5210433193422,433.0632721790644,343.17549708409393,89.8877750949705,2336.5595364479163,0.0,433.0632721790644,0.0,1010.4809684178169,0.0,1539.5210433193422,0.0,0.0,0.0,0.0,0.0,1972.5843154984066,657.5281051661356,3640.593389082359,54.608900836235385,20.20961936835634,20.20961936835634,134.94501473359054,887.5012594726743,3870.566543388897,0.0,0.0,0.0,0.0,0.0,20956.43847337382,0.0,0.0,5948.313866572543,23.952278224363063,0.0,0.0,0.0,-2.2737367544323206e-13,0.0
2025-05-10 15:00:00+00:00,3,36.0,2991.4683223091556,434.377883816089,1013.5483955708742,1543.542042922193,434.377883816089,344.25229514500194,90.12558867108709,2336.5595364479163,0.0,434.377883816089,0.0,1013.5483955708742,0.0,1543.542042922193,0.0,0.0,0.0,0.0,0.0,1977.9199267382821,659.306642246094,3650.7749645552503,54.761624468328755,20.270967911417483,20.270967911417483,135.33665494393054,889.9468574811883,3881.4151797903432,0.0,0.0,0.0,0.0,0.0,20914.525596427073,0.0,0.0,5948.313866572543,23.951425625516034,0.0,0.0,0.0,-6.821210263296962e-13,0.0
2025-05-10 16:00:00+00:00,3,36.0,3040.5406210890624,441.7010903425705,1030.6358774659977,1568.2036532804957,441.7010903425705,349.889090858577,91.81199948399353,2336.5595364479163,0.0,441.7010903425705,0.0,1030.6358774659977,0.0,1568.2036532804957,0.0,0.0,0.0,0.0,0.0,2009.9047436230662,669.9682478743554,3710.5088689634194,55.65763303445129,20.612717549319957,20.612717549319957,137.58204796173655,904.4333639691831,3944.9739850582455,0.0,0.0,0.0,0.0,0.0,20872.696545234223,0.0,0.0,5948.313866572543,23.951603483532217,0.0,0.0,0.0,0.0,0.0
2025-05-10 17:00:00+00:00,3,36.0,2990.811706214056,434.79415552191955,1014.5196962178121,1541.4978544743235,434.79415552191955,344.11906220240775,90.67509331951182,2336.5595364479163,0.0,434.79415552191955,0.0,1014.5196962178121,0.0,1541.4978544743235,0.0,0.0,0.0,0.0,0.0,1976.292009996243,658.764003332081,3649.575709546136,54.743635643192036,20.29039392435624,20.29039392435624,135.37099181904466,889.4594186430303,3880.271124857086,0.0,0.0,0.0,0.0,0.0,20830.95115214376,0.0,0.0,5948.313866572543,23.951609485243203,0.0,0.0,0.0,-3.410605131648481e-13,0.0
2025-05-10 18:00:00+00:00,3,36.0,3074.99117271697,446.3906997927729,1041.57829951647,1587.0221734077281,446.3906997927729,353.7814410408126,92.60925875196037,2336.5595364479163,0.0,446.3906997927729,0.0,1041.57829951647,0.0,1587.0221734077281,0.0,0.0,0.0,0.0,0.0,2033.412873200501,677.8042910668337,3752.7954637838047,56.29193195675707,20.831565990329402,20.831565990329402,139.09604807018687,914.8554030744364,3989.846575791406,0.0,0.0,0.0,0.0,0.0,20789.289249839472,0.0,0.0,5948.313866572543,23.949888354013893,0.0,0.0,0.0,-5.684341886080801e-13,0.0
2025-05-10 19:00:00+00:00,3,36.0,3048.0191882415293,442.387467056838,1032.2374231326219,1573.3942980520712,442.387467056838,350.6027653961981,91.78470166063987,2336.5595364479163,0.0,442.387467056838,0.0,1032.2374231326219,806.2301125704671,767.1641854816041,0.0,0.0,806.2301125704671,1074.9734834272895,268.74337085682237,1209.551652538442,403.1838841794807,2644.9729598505446,39.67459439775817,28.70704958835711,20.644748462652437,137.86576599420732,898.8194134792781,642.2197869582842,0.0,0.0,0.0,1074.9734834272895,0.0,21768.935480595723,0.0,3304.6188147625235,2464.939782140664,23.947558612463954,0.0,0.0,0.0,3.410605131648481e-13,0.0
2025-05-10 20:00:00+00:00,3,36.0,3093.4341376045822,448.86755077801797,1047.3576184820415,1597.2089683445217,448.86755077801797,356.10194072475235,92.76561005326562,2336.5595364479163,0.0,448.86755077801797,0.0,1047.3576184820415,0.0,1597.2089683445217,0.0,0.0,0.0,0.0,0.0,2046.0765191225396,682.0255063741798,3775.459643978761,56.631894659681414,20.94715236964083,20.94715236964083,139.90629388550343,920.4579996586463,2302.452270443846,0.0,0.0,0.0,0.0,0.0,21725.397609634532,0.0,1711.4398668193821,660.9237629525047,23.95196453277353,0.0,0.0,0.0,-4.547473508864641e-13,0.0
2025-05-10 21:00:00+00:00,3,36.0,3151.4140776579247,456.76251793990025,1065.7792085264336,1628.8723511915896,456.76251793990025,362.90720163121415,93.85531630868611,2336.5595364479163,0.0,456.76251793990025,0.0,1065.7792085264336,0.0,1628.8723511915896,0.0,0.0,0.0,0.0,0.0,2085.6348691314897,695.21162304383,3846.6257007017534,57.6993855105263,21.315584170528673,21.315584170528673,142.46184264831516,938.0040195437289,4089.418097201654,0.0,0.0,0.0,0.0,0.0,21681.946814415267,0.0,0.0,660.9237629525047,23.953797980507165,0.0,0.0,0.0,2.2737367544323206e-13,0.0
2025-05-10 22:00:00+00:00,3,36.0,3139.5246216862106,456.07348638722544,1064.171468236859,1619.2796670621244,456.07348638722544,361.75298630049684,94.32050008672861,2336.5595364479163,0.0,456.07348638722544,0.0,1064.171468236859,0.0,1619.2796670621244,0.0,0.0,0.0,0.0,0.0,2075.35315344935,691.7843844831167,3831.3090061693256,57.46963509253988,21.28342936473718,21.28342936473718,142.0581008884842,933.8789791936152,4073.4036008798257,0.0,0.0,0.0,0.0,0.0,21638.582920786437,0.0,0.0,660.9237629525047,23.954618895384495,0.0,0.0,0.0,-1.1368683772161603e-13,0.0
2025-05-10 23:00:00+00:00,3,36.0,3063.0606555468994,444.7601950090384,1037.7737883544225,1580.526672183439,444.7601950090384,353.01846048912387,91.74173451991453,2336.5595364479163,0.0,444.7601950090384,0.0,1037.7737883544225,0.0,1580.526672183439,0.0,0.0,0.0,0.0,0.0,2025.2868671924773,675.0956223974924,3738.156277944392,56.07234416916588,20.755475767088452,20.755475767088452,138.5710899550121,911.2500080558473,3974.310663602746,0.0,0.0,0.0,0.0,0.0,21595.305754944868,0.0,0.0,660.9237629525047,23.956661891088356,0.0,0.0,0.0,-6.821210263296962e-13,0.0
2025-06-27 00:00:00+00:00,4,104.0,2972.3891943255894,434.84890150039723,1014.64743683426,1522.8928559909298,434.8489015003972,342.9566379366401,91.89226356375708,2336.5595364479163,0.0,434.84890150039723,0.0,1014.64743683426,0.0,1522.8928559909298,0.0,0.0,0.0,0.0,0.0,1957.741757491327,652.5805858304424,3624.9697801560296,54.374546702340446,20.2929487366852,20.2929487366852,134.87981586481501,882.4208458709682,3854.8100401965576,0.0,0.0,0.0,0.0,0.0,21595.305754944864,0.0,0.0,660.9237629525047,23.954668503751062,0.0,0.0,0.0,0.0,0.0
2025-06-27 01:00:00+00:00,4,104.0,2974.5704631418066,435.2011919762209,1015.4694479445152,1523.8998232210708,435.20119197622097,343.147811936687,92.05338003953396,2336.5595364479163,0.0,435.2011919762209,0.0,1015.4694479445152,0.0,1523.8998232210708,0.0,0.0,0.0,0.0,0.0,1959.1010151972919,653.0336717324307,3627.604134874238,54.414062023113566,20.309388958890306,20.309388958890306,134.9827136993312,883.0492253726561,3857.619688514463,0.0,0.0,0.0,0.0,0.0,21552.115143434978,0.0,0.0,660.9237629525047,23.954034277901417,0.0,0.0,0.0,4.547473508864641e-13,0.0
2025-06-27 02:00:00+00:00,4,104.0,2962.0674572742187,433.2852875820336,1010.9990043580782,1517.783165334108,433.28528758203356,341.61859635784316,91.66669122419043,2336.5595364479163,0.0,433.2852875820336,0.0,1010.9990043580782,0.0,1517.783165334108,0.0,0.0,0.0,0.0,0.0,1951.0684529161415,650.3561509720472,3612.423608246267,54.186354123694,20.219980087161563,20.219980087161563,134.40388058442335,879.3863458544879,3841.4538031287066,0.0,0.0,0.0,0.0,0.0,21509.010913148108,0.0,0.0,660.9237629525047,23.952551495684073,0.0,0.0,0.0,0.0,0.0
2025-06-27 03:00:00+00:00,4,104.0,2898.9437019631428,423.64723005572307,988.5102034633535,1486.7862684440672,423.64723005572307,334.1181695601943,89.52906049552874,2336.5595364479163,0.0,423.64723005572307,0.0,988.5102034633535,0.0,1486.7862684440672,0.0,0.0,0.0,0.0,0.0,1910.4334984997904,636.8111661665968,3535.7548681297403,53.0363230219461,19.77020406926707,19.77020406926707,131.48676460351646,860.8746619305934,3759.8183638937358,0.0,0.0,0.0,0.0,0.0,21465.99289132181,0.0,0.0,660.9237629525047,23.95090143677509,0.0,0.0,0.0,-4.547473508864641e-13,0.0
2025-06-27 04:00:00+00:00,4,104.0,2787.838365586684,407.9384233327479,951.856321109745,1428.0436211441902,407.9384233327479,321.54208607016807,86.3963372625798,2336.5595364479163,0.0,407.9384233327479,0.0,951.856321109745,0.0,1428.0436211441902,0.0,0.0,0.0,0.0,0.0,1835.982044476938,611.994014825646,3399.832380412329,50.99748570618493,19.0371264221949,19.0371264221949,126.51486158605786,827.5806149622786,3615.4189805489623,0.0,0.0,0.0,0.0,0.0,21423.06090553917,0.0,0.0,660.9237629525047,23.95185558122427,0.0,0.0,0.0,-4.547473508864641e-13,0.0
2025-06-27 05:00:00+00:00,4,104.0,2807.562379466614,410.3182930908384,957.4093505452893,1439.8347358304861,410.3182930908383,323.1567955287443,87.16149756209407,2336.5595364479163,0.0,410.3182930908384,0.0,957.4093505452893,0.0,1439.8347358304861,0.0,0.0,0.0,0.0,0.0,1850.1530289213244,616.7176763071081,3424.280055773722,51.364200836605825,19.148187010905787,19.148187010905787,127.34741117757821,833.7256623431037,3641.288041809718,0.0,0.0,0.0,0.0,0.0,21380.214783728094,0.0,0.0,660.9237629525047,23.95209321229334,0.0,0.0,0.0,2.2737367544323206e-13,0.0
2025-06-27 06:00:00+00:00,4,104.0,3020.8826747440003,440.11330721816404,1026.9310501757159,1553.8383173501202,440.1133072181641,347.6932549186512,92.42005229951289,2336.5595364479163,0.0,440.11330721816404,0.0,1026.9310501757159,0.0,1553.8383173501202,0.0,0.0,0.0,0.0,0.0,1993.9516245682842,664.6505415227614,3685.5332162667614,55.28299824400142,20.53862100351432,20.53862100351432,136.8489793921654,897.8597611659568,3918.7424359099577,0.0,0.0,0.0,0.0,0.0,21337.45435416064,0.0,0.0,660.9237629525047,23.949442032839848,0.0,0.0,0.0,6.821210263296962e-13,0.0
2025-06-27 07:00:00+00:00,4,104.0,2973.344566588362,433.80156062958594,1012.2036414690338,1527.3393644897412,433.80156062958594,342.685176905862,91.11638372372391,2336.5595364479163,0.0,433.80156062958594,0.0,1012.2036414690338,0.0,1527.3393644897412,0.0,0.0,0.0,0.0,0.0,1961.1409251193272,653.7136417064424,3627.0582082948035,54.40587312442205,20.244072829380677,20.244072829380677,134.7713211817352,883.3789816713611,3856.7235482597225,0.0,0.0,0.0,0.0,0.0,21294.779445452317,0.0,0.0,660.9237629525047,23.948863309439936,0.0,0.0,0.0,-4.547473508864641e-13,0.0
2025-06-27 08:00:00+00:00,4,104.0,2962.233665295176,432.4153885973906,1008.9692400605777,1520.8490366372082,432.4153885973906,341.3892432414386,91.026145355952,2336.5595364479163,0.0,432.4153885973906,0.0,1008.9692400605777,0.0,1520.8490366372082,0.0,0.0,0.0,0.0,0.0,1953.2644252345988,651.0881417448662,3613.3218070400426,54.19982710560064,20.179384801211555,20.179384801211555,134.29804911418802,879.944787567078,3842.1784528622534,0.0,0.0,0.0,0.0,0.0,21252.189886561417,0.0,0.0,660.9237629525047,23.949262915439817,0.0,0.0,0.0,-4.547473508864641e-13,0.0
2025-06-27 09:00:00+00:00,4,104.0,2914.1667402706785,425.2444815017574,992.2371235041004,1496.6851352648187,425.2444815017574,336.0727159009945,89.17176560076288,2336.5595364479163,0.0,425.2444815017574,0.0,992.2371235041004,0.0,1496.6851352648187,0.0,0.0,0.0,0.0,0.0,1921.9296167665761,640.6432055888587,3554.809945859535,53.322149187893025,19.844742470082007,19.844742470082007,132.0984404084622,865.753280125378,3779.9200203960563,0.0,0.0,0.0,0.0,0.0,21209.685506788297,0.0,0.0,660.9237629525047,23.949717595995704,0.0,0.0,0.0,-1.1368683772161603e-13,0.0
2025-06-27 10:00:00+00:00,4,104.0,2854.2154739279263,416.3391294141179,971.4579686329415,1466.4183758808686,416.3391294141179,329.41015814896764,86.92897126515025,2336.5595364479163,0.0,416.3391294141179,0.0,971.4579686329415,0.0,1466.4183758808686,0.0,0.0,0.0,0.0,0.0,1882.7575052949865,627.5858350983289,3481.801309026257,52.22701963539385,19.42915937265883,19.42915937265883,129.36141517042645,848.0325886494668,3702.2480625773933,0.0,0.0,0.0,0.0,0.0,21167.26613577472,0.0,0.0,660.9237629525047,23.951891576394257,0.0,0.0,0.0,2.2737367544323206e-13,0.0
2025-06-27 11:00:00+00:00,4,104.0,2864.5520750208466,418.3285174515188,976.0998740535437,1470.1236835157843,418.3285174515188,330.5562818746058,87.772235576913,2336.5595364479163,0.0,418.3285174515188,0.0,976.0998740535437,0.0,1470.1236835157843,0.0,0.0,0.0,0.0,0.0,1888.452200967303,629.484066989101,3494.036142009948,52.41054213014922,19.521997481070873,19.521997481070873,129.89260769152224,850.8312117729143,3715.38328679376,0.0,0.0,0.0,0.0,0.0,21124.931603503173,0.0,0.0,660.9237629525047,23.951136762593634,0.0,0.0,0.0,-1.0231815394945443e-12,0.0
2025-06-27 12:00:00+00:00,4,104.0,2854.5137389646643,417.23710138246526,973.5532365590855,1463.7234010231134,417.23710138246526,329.53684865882155,87.7002527236437,2336.5595364479163,0.0,417.23710138246526,0.0,973.5532365590855,0.0,1463.7234010231134,0.0,0.0,0.0,0.0,0.0,1880.9605024055786,626.9868341351929,3481.5005730998573,52.22250859649786,19.47106473118171,19.47106473118171,129.4857847788858,847.63725697294,7006.769810700128,0.0,0.0,0.0,0.0,0.0,21082.68174029616,3304.6188147625235,0.0,3795.960438941195,23.951048898829935,0.0,0.0,0.0,0.0,0.0
2025-06-27 13:00:00+00:00,4,104.0,2859.0678962428838,417.37251188670916,973.8691944023211,1467.8261899538531,417.37251188670916,329.9442516008786,87.42826028583055,2336.5595364479163,0.0,417.37251188670916,0.0,973.8691944023211,0.0,1467.8261899538531,0.0,0.0,0.0,0.0,0.0,1885.1987018405623,628.3995672801874,3487.467463523071,52.31201195284606,19.477383888046422,19.477383888046422,129.62478394179297,849.2911309509194,5977.1387475222855,0.0,0.0,0.0,0.0,0.0,21040.516376815565,2268.779720328483,0.0,5948.313866572543,23.949649654529754,0.0,0.0,0.0,-9.094947017729282e-13,0.0
2025-06-27 14:00:00+00:00,4,104.0,2897.917169548976,423.3615006675558,987.84350155763,1486.7121673237896,423.36150066755584,334.64106246811434,88.72043819944149,2336.5595364479163,0.0,423.3615006675558,0.0,987.84350155763,0.0,1486.7121673237896,0.0,0.0,0.0,0.0,0.0,1910.0736679913452,636.6912226637818,3534.6083922127573,53.01912588319136,19.7568700311526,19.7568700311526,131.42770999697046,860.6517986062488,3758.568968155225,0.0,0.0,0.0,0.0,0.0,20998.435344061934,0.0,0.0,5948.313866572543,23.949902594293015,0.0,0.0,0.0,2.2737367544323206e-13,0.0
2025-06-27 15:00:00+00:00,4,104.0,2900.4790381482444,424.0898466627218,989.5429755463506,1486.8462159391713,424.08984666272175,334.83391410549046,89.2559325572313,2336.5595364479163,0.0,424.0898466627218,0.0,989.5429755463506,0.0,1486.8462159391713,0.0,0.0,0.0,0.0,0.0,1910.9360626018931,636.9786875339644,3537.457725682208,53.06186588523312,19.790859510927014,19.790859510927014,131.58985071750678,861.2121231585584,3761.6911613068023,0.0,0.0,0.0,0.0,0.0,20956.438473373808,0.0,0.0,5948.313866572543,23.949521384264052,0.0,0.0,0.0,-4.547473508864641e-13,0.0
2025-06-27 16:00:00+00:00,4,104.0,2906.154744962548,425.1036430597432,991.9085004727337,1489.1426014300716,425.10364305974315,335.55950806651106,89.5441349932321,2336.5595364479163,0.0,425.1036430597432,0.0,991.9085004727337,0.0,1489.1426014300716,0.0,0.0,0.0,0.0,0.0,1914.246244489815,638.0820814966049,3544.2368264591532,53.1635523968873,19.838170009454675,19.838170009454675,131.87038111918054,862.792355031582,3768.9470999941295,0.0,0.0,0.0,0.0,0.0,20914.525596427062,0.0,0.0,5948.313866572543,23.950792206623973,0.0,0.0,0.0,-6.821210263296962e-13,0.0
2025-06-27 17:00:00+00:00,4,104.0,2911.70981245057,425.92998280563774,993.8366265464879,1491.9432030984433,425.92998280563774,336.16954410802396,89.76043869761378,2336.5595364479163,0.0,425.92998280563774,0.0,993.8366265464879,0.0,1491.9432030984433,0.0,0.0,0.0,0.0,0.0,1917.873185904081,639.2910619680271,3551.000874418596,53.26501311627894,19.876732530929758,19.876732530929758,132.12245810915763,864.4319982553232,3776.141810705894,0.0,0.0,0.0,0.0,0.0,20872.696545234212,0.0,0.0,5948.313866572543,23.95085135566566,0.0,0.0,0.0,6.821210263296962e-13,0.0
2025-06-27 18:00:00+00:00,4,104.0,2945.2197398778285,430.33514776274984,1004.1153447797493,1510.7692473353295,430.33514776274984,339.67890074618657,90.65624701656326,2336.5595364479163,0.0,430.33514776274984,0.0,1004.1153447797493,0.0,1510.7692473353295,0.0,0.0,0.0,0.0,0.0,1941.1043950980793,647.0347983660264,3592.2545382438548,53.88381807365782,20.082306895594986,20.082306895594986,133.5777218464511,874.6609520773254,2108.440825135772,0.0,0.0,0.0,0.0,0.0,20830.951152143745,0.0,1711.4398668193821,4144.297847384383,23.950597445332342,0.0,0.0,0.0,0.0,0.0
2025-06-27 19:00:00+00:00,4,104.0,2980.3909338777416,434.9646059356046,1014.9174138497439,1530.5089140923917,434.96460593560454,343.4793782486863,91.48522768691824,2336.5595364479163,1.5631940186722204e-13,434.9646059356044,0.0,1014.9174138497439,773.4049190181021,757.1039950742896,2.2737367544323206e-13,7.105427357601002e-14,773.4049190181021,1031.2065586908027,257.8016396727007,1192.068601009894,397.3562003366314,2604.3422151962695,39.06513322794404,28.0323974671759,20.29834827699488,135.10758976568113,877.661308747128,553.433427862346,0.0,0.0,0.0,1031.206558690803,0.0,21768.935480595723,0.0,3304.6188147625235,660.9237629525047,23.949552790131303,0.0,0.0,0.0,-2.2737367544323206e-13,0.0
2025-06-27 20:00:00+00:00,4,104.0,2968.9866483174515,433.2693321273887,1010.9617749639068,1524.755541226155,433.2693321273887,342.1115861926105,91.15774593477816,2336.5595364479163,0.0,433.2693321273887,0.0,1010.9617749639068,34.37200339041283,1490.3835378357421,0.0,0.0,34.37200339041283,45.82933785388377,11.457334463470943,1923.6528699631308,641.2176233210436,3575.832268248081,53.637484023721214,20.562955533182265,20.21923549927814,134.58732988953528,881.6819627302314,3850.668611047682,0.0,0.0,0.0,45.82933785388377,0.0,21768.935480595723,0.0,0.0,660.9237629525047,23.948641049929932,0.0,0.0,0.0,-6.821210263296962e-13,0.0
2025-06-27 21:00:00+00:00,4,104.0,2953.4170974572535,430.79913373963893,1005.197978725824,1517.4199849917893,430.79913373963893,340.1891084720053,90.61002526763363,2336.5595364479163,0.0,430.79913373963893,0.0,1005.197978725824,0.0,1517.4199849917893,0.0,0.0,0.0,0.0,0.0,1948.2191187314284,649.4063729104761,3602.823470367728,54.04235205551592,20.10395957451648,20.10395957451648,133.8556523100732,877.5122964250982,3830.929393882351,0.0,0.0,0.0,0.0,0.0,21725.397609634532,0.0,0.0,660.9237629525047,23.948252019097097,0.0,0.0,0.0,-4.547473508864641e-13,0.0
2025-06-27 22:00:00+00:00,4,104.0,2930.9927835730564,427.33377901908017,997.1121510445201,1506.546853509456,427.33377901908017,337.7150992589098,89.61867976017038,2336.5595364479163,0.0,427.33377901908017,0.0,997.1121510445201,0.0,1506.546853509456,0.0,0.0,0.0,0.0,0.0,1933.8806325285361,644.626877509512,3575.619661082568,53.634294916238524,19.942243020890402,19.942243020890402,132.81561555038073,870.961274017912,3801.9540575909687,0.0,0.0,0.0,0.0,0.0,21681.946814415267,0.0,0.0,660.9237629525047,23.94968820360873,0.0,0.0,0.0,2.2737367544323206e-13,0.0
2025-06-27 23:00:00+00:00,4,104.0,2925.2518606763706,426.7377619572781,995.7214445669821,1502.7926541521097,426.7377619572781,337.15900271586173,89.57875924141639,2336.5595364479163,0.0,426.7377619572781,0.0,995.7214445669821,0.0,1502.7926541521097,0.0,0.0,0.0,0.0,0.0,1929.5304161093877,643.1768053697959,3568.4286660461657,53.526429990692485,19.914428891339643,19.914428891339643,132.58621420354436,869.1183073467121,3794.3701680230834,0.0,0.0,0.0,0.0,0.0,21638.582920786434,0.0,0.0,660.9237629525047,23.95099788593349,0.0,0.0,0.0,6.821210263296962e-13,0.0
2025-10-04 00:00:00+00:00,5,17.0,2772.335379650507,401.8480264635837,937.6453950816951,1432.8419581052274,401.8480264635838,319.7080418729904,82.13998459059334,2336.5595364479163,0.0,401.8480264635837,0.0,937.6453950816951,0.0,1432.8419581052274,0.0,0.0,0.0,0.0,0.0,1834.689984568811,611.5633281896037,3383.8987078401096,50.75848061760164,18.752907901633904,18.752907901633904,125.29981446867981,825.127439079153,3597.46281872966,0.0,0.0,0.0,0.0,0.0,21552.115143434978,0.0,0.0,660.9237629525047,23.950633404807977,0.0,0.0,0.0,-2.2737367544323206e-13,0.0
2025-10-04 01:00:00+00:00,5,17.0,2779.9243563056393,402.514906504659,939.2014485108709,1438.208001290109,402.514906504659,320.5435282064203,81.97137829823869,2336.5595364479163,0.0,402.514906504659,0.0,939.2014485108709,0.0,1438.208001290109,0.0,0.0,0.0,0.0,0.0,1840.722907794768,613.5743025982559,3393.4986589038945,50.902479883558414,18.78402897021742,18.78402897021742,125.58722884046651,827.6320692627156,5876.336145896839,0.0,0.0,0.0,0.0,0.0,21509.010913148108,2268.779720328483,0.0,2813.277190583852,23.95046867719938,0.0,0.0,0.0,1.3642420526593924e-12,0.0
2025-10-04 02:00:00+00:00,5,17.0,2782.067544758503,402.255766209592,938.5967878223811,1441.2149907265318,402.255766209592,320.73977283867765,81.51599337091436,2336.5595364479163,0.0,402.255766209592,0.0,938.5967878223811,0.0,1441.2149907265318,0.0,0.0,0.0,0.0,0.0,1843.470756936124,614.4902523120413,3396.5577970705463,50.948366956058194,18.771935756447622,18.771935756447622,125.61133456373938,828.5938253447341,6915.28018486576,0.0,0.0,0.0,0.0,0.0,21465.99289132181,3304.6188147625235,0.0,5948.313866572543,23.950796551704933,0.0,0.0,0.0,-9.094947017729282e-13,0.0
2025-10-04 03:00:00+00:00,5,17.0,2760.95356824539,399.5521214204978,932.2882833144947,1429.1131635103989,399.5521214204978,318.47966334236844,81.07245807812939,2336.5595364479163,0.0,399.5521214204978,0.0,932.2882833144947,0.0,1429.1131635103989,0.0,0.0,0.0,0.0,0.0,1828.6652849308966,609.5550949769655,3370.5086632223565,50.55762994833535,18.645765666289893,18.645765666289893,124.70187962126954,822.1061358791502,3583.0597041245405,0.0,0.0,0.0,0.0,0.0,21423.06090553917,0.0,0.0,5948.313866572543,23.949462043773213,0.0,0.0,0.0,1.1368683772161603e-13,0.0
2025-10-04 04:00:00+00:00,5,17.0,2761.044650665493,399.6614890626505,932.5434744795176,1428.8396871233265,399.6614890626505,318.5243341660988,81.13715489655169,2336.5595364479163,0.0,399.6614890626505,0.0,932.5434744795176,0.0,1428.8396871233265,0.0,0.0,0.0,0.0,0.0,1828.5011761859769,609.5003920619923,3370.545042727487,50.5581756409123,18.650869489590352,18.650869489590352,124.7177954276735,822.0781021097589,3583.1227527752517,0.0,0.0,0.0,0.0,0.0,21380.214783728094,0.0,0.0,5948.313866572543,23.94826829989597,0.0,0.0,0.0,-2.2737367544323206e-13,0.0
2025-10-04 05:00:00+00:00,5,17.0,2641.789902241664,382.84818275552726,893.3124264295633,1365.6292930565749,382.84818275552726,304.7916205287594,78.05656222676788,2336.5595364479163,0.0,382.84818275552726,0.0,893.3124264295633,0.0,1365.6292930565749,0.0,0.0,0.0,0.0,0.0,1748.477475812102,582.8258252707006,3224.615727512366,48.36923591268549,17.866248528591267,17.866248528591267,119.38736026430561,786.3149185048743,3428.1048207465383,0.0,0.0,0.0,0.0,0.0,21337.45435416064,0.0,0.0,5948.313866572543,23.95300891078244,0.0,0.0,0.0,-1.1368683772161603e-13,0.0
2025-10-04 06:00:00+00:00,5,17.0,2549.551565904991,370.0486201185047,863.4467802765108,1316.0561655099746,370.0486201185047,294.24161657972064,75.80700353878406,2336.5595364479163,0.0,370.0486201185047,0.0,863.4467802765108,0.0,1316.0561655099746,0.0,0.0,0.0,0.0,0.0,1686.1047856284792,562.0349285428264,3111.586494447816,46.67379741671724,17.268935605530217,17.268935605530217,115.29208901759458,758.5386861881987,3.4714373306662587,0.0,0.0,0.0,0.0,0.0,21294.77944545232,0.0,3304.6188147625235,2464.939782140664,23.956865373579063,0.0,0.0,0.0,-2.2737367544323206e-13,0.0
2025-10-04 07:00:00+00:00,5,17.0,2508.767897509253,364.2068607554155,849.8160084293027,1294.7450283245348,364.2068607554155,289.6610731835498,74.54578757186573,2336.5595364479163,0.0,364.2068607554155,0.0,849.8160084293027,0.0,1294.7450283245348,0.0,0.0,0.0,0.0,0.0,1658.9518890799504,552.9839630266501,3061.7518605359032,45.92627790803855,16.996320168586053,16.996320168586053,113.45934134566262,746.3622226175235,1543.6902533073944,0.0,0.0,0.0,0.0,0.0,21252.18988656142,0.0,1711.4398668193821,660.9237629525047,23.95785595864838,0.0,0.0,0.0,0.0,0.0
2025-10-04 08:00:00+00:00,5,17.0,2576.8371060932204,373.6167284693605,871.7723664285078,1331.4480111953508,373.6167284693605,297.34987695169195,76.26685151766856,2336.5595364479163,0.0,373.6167284693605,0.0,871.7723664285078,0.0,1331.4480111953508,0.0,0.0,0.0,0.0,0.0,1705.0647396647114,568.3549132215704,3145.1920193147894,47.17788028972184,17.435447328570156,17.435447328570156,116.47804332423331,766.881731492666,3343.7188375858864,0.0,0.0,0.0,0.0,0.0,21209.685506788297,0.0,0.0,660.9237629525047,23.95837928813004,0.0,0.0,0.0,0.0,0.0
2025-10-04 09:00:00+00:00,5,17.0,2647.138345203874,383.01077911770733,893.6918179413169,1370.4357481448505,383.01077911770733,305.4147531718881,77.59602594581922,2336.5595364479163,0.0,383.01077911770733,0.0,893.6918179413169,0.0,1370.4357481448505,0.0,0.0,0.0,0.0,0.0,1753.446527262558,584.482175754186,3231.6205209580608,48.47430781437091,17.87383635882634,17.87383635882634,119.55267729632551,788.2568335825351,3435.3951787864085,0.0,0.0,0.0,0.0,0.0,21167.266135774724,0.0,0.0,660.9237629525047,23.958101866897366,0.0,0.0,0.0,-6.821210263296962e-13,0.0
2025-10-04 10:00:00+00:00,5,17.0,2613.6421317498016,378.18142796869313,882.4233319269505,1353.0373718541582,378.18142796869313,301.47717312482433,76.70425484386881,2336.5595364479163,0.0,378.18142796869313,0.0,882.4233319269505,0.0,1353.0373718541582,0.0,0.0,0.0,0.0,0.0,1731.2187998228515,577.0729332742839,3190.715065024086,47.86072597536129,17.64846663853901,17.64846663853901,118.04096136627516,778.2715538929984,3391.9136856428,0.0,0.0,0.0,0.0,0.0,21124.931603503173,0.0,0.0,660.9237629525047,23.952848000527066,0.0,0.0,0.0,-1.1368683772161603e-13,0.0
2025-10-04 11:00:00+00:00,5,17.0,2561.7366210066575,370.59719843018235,864.726796337092,1326.412626239383,370.5971984301824,295.6092773069006,74.98792112328178,2336.5595364479163,0.0,370.59719843018235,0.0,864.726796337092,0.0,1326.412626239383,0.0,0.0,0.0,0.0,0.0,1697.0098246695652,565.6699415565217,3127.406562563179,46.91109843844768,17.29453592674184,17.29453592674184,115.68796472087848,762.8580765693314,5593.374417904472,0.0,0.0,0.0,0.0,0.0,21082.681740296168,2268.779720328483,0.0,2813.277190583852,23.955995622412615,0.0,0.0,0.0,-4.547473508864641e-13,0.0
2025-10-04 12:00:00+00:00,5,17.0,2590.1558036228676,374.50500166505714,873.845003885133,1341.8057980726776,374.5050016650571,298.8729430531342,75.63205861192291,2336.5595364479163,0.0,374.50500166505714,0.0,873.845003885133,0.0,1341.8057980726776,0.0,0.0,0.0,0.0,0.0,1716.3107997377347,572.1035999125783,3162.259403535446,47.43389105303169,17.47690007770266,17.47690007770266,116.9459469214682,771.4372380424836,6666.211856427875,0.0,0.0,0.0,0.0,0.0,21040.516376815576,3304.6188147625235,0.0,5948.313866572543,23.957691347277418,0.0,0.0,0.0,9.094947017729282e-13,0.0
2025-10-04 13:00:00+00:00,5,17.0,2578.671645327066,373.3562398261917,871.1645595944472,1334.150845906427,373.3562398261917,297.6382525869821,75.71798723920959,2336.5595364479163,0.0,373.3562398261917,0.0,871.1645595944472,0.0,1334.150845906427,0.0,0.0,0.0,0.0,0.0,1707.5070857326189,569.1690285775396,3147.840673904606,47.21761010856908,17.423291191888943,17.423291191888943,116.4939893128882,767.7272103827746,3346.3988557098405,0.0,0.0,0.0,0.0,0.0,20998.43534406195,0.0,0.0,5948.313866572543,23.95929492866155,0.0,0.0,0.0,-1.1368683772161603e-13,0.0
2025-10-04 14:00:00+00:00,5,17.0,2551.113812437001,369.4624477172553,862.0790446735956,1319.5723200461503,369.4624477172553,294.629939682855,74.83250803440029,2336.5595364479163,0.0,369.4624477172553,0.0,862.0790446735956,0.0,1319.5723200461503,0.0,0.0,0.0,0.0,0.0,1689.0347677634056,563.0115892544685,3114.1254016914695,46.711881025372044,17.241580893471912,17.241580893471912,115.26229644373815,759.4689285105225,3310.5827409475237,0.0,0.0,0.0,0.0,0.0,20956.438473373826,0.0,0.0,5948.313866572543,23.961429979693087,0.0,0.0,0.0,3.410605131648481e-13,0.0
2025-10-04 15:00:00+00:00,5,17.0,2491.247767477709,360.84831497654767,841.9794016119444,1288.4200508892193,360.84831497654767,287.74562742475,73.10268755179764,2336.5595364479163,0.0,360.84831497654767,0.0,841.9794016119444,0.0,1288.4200508892193,0.0,0.0,0.0,0.0,0.0,1649.268365865767,549.7561219552557,3041.0038894329673,45.61505834149451,16.839588032238886,16.839588032238886,112.56388407365215,741.6142404348802,3232.862007912589,0.0,0.0,0.0,0.0,0.0,20914.52559642708,0.0,0.0,5948.313866572543,23.960898965059204,0.0,0.0,0.0,-4.547473508864641e-13,0.0
2025-10-04 16:00:00+00:00,5,17.0,2473.627428948961,357.88261546917545,835.0594360947426,1280.6853773850419,357.88261546917545,285.45840032024086,72.42421514893459,2336.5595364479163,0.0,357.88261546917545,0.0,835.0594360947426,0.0,1280.6853773850419,0.0,0.0,0.0,0.0,0.0,1638.5679928542172,546.1893309514057,3019.8167599003655,45.29725139850548,16.70118872189485,16.70118872189485,111.71510588953657,736.6040656832374,3210.231494632199,0.0,0.0,0.0,0.0,0.0,20872.69654523423,0.0,0.0,5948.313866572543,23.95995553009346,0.0,0.0,0.0,4.547473508864641e-13,0.0
2025-10-04 17:00:00+00:00,5,17.0,2562.6593872141925,369.6984673106611,862.6297570582091,1330.3311628453205,369.69846731066104,295.33932848361076,74.3591388270503,2336.5595364479163,0.0,369.6984673106611,0.0,862.6297570582091,740.513943514703,589.8172193306175,0.0,0.0,740.513943514703,987.3519246862706,246.83798117156766,959.5156866412785,319.83856221375953,2141.984005913247,32.1297600886987,24.657734576311213,17.252595141164182,115.59757868383556,756.3142118753368,1590.6829749280364,0.0,0.0,0.0,987.3519246862706,0.0,21768.935480595723,0.0,1728.2906241614924,4126.535589551092,23.955792664390696,0.0,0.0,0.0,-5.684341886080801e-13,0.0
2025-10-04 18:00:00+00:00,5,17.0,2533.027693289755,365.07940374222824,851.851942065199,1316.0963474823268,365.07940374222824,291.74721461041213,73.33218913181611,2336.5595364479163,0.0,365.07940374222824,0.0,851.851942065199,34.37200339041283,1281.724344091914,0.0,0.0,34.37200339041283,45.82933785388377,11.457334463470943,1646.803747834142,548.9345826113807,3047.5902725107217,45.71385408766082,17.380758875208105,17.03703884130398,114.21679525163358,754.7403641306582,0.0,0.0,0.0,0.0,45.82933785388377,0.0,21768.935480595723,0.0,3287.7680574204132,660.9237629525047,23.956206050834638,0.0,0.0,0.0,0.0,0.0
2025-10-04 19:00:00+00:00,5,17.0,2513.7720482862746,362.45578171483476,845.7301573346142,1305.5861092368277,362.45578171483476,289.49951020691634,72.95627150791844,2336.5595364479163,0.0,362.45578171483476,0.0,845.7301573346142,34.37200339041283,1271.214105846415,0.0,0.0,34.37200339041283,45.82933785388377,11.457334463470943,1633.6698875612497,544.5566291870832,3023.956674082947,45.359350111244204,17.25832318059641,16.914603146692283,113.36792003786522,748.9141601269523,3262.6862084132267,0.0,0.0,0.0,45.82933785388377,0.0,21768.935480595723,0.0,0.0,660.9237629525047,23.95572433545449,0.0,0.0,0.0,-2.2737367544323206e-13,0.0
2025-10-04 20:00:00+00:00,5,17.0,2470.1049623555627,355.99436393343524,830.653515844682,1283.457082577445,355.99436393343524,284.3998674236745,71.59449650976072,2336.5595364479163,0.0,355.99436393343524,0.0,830.653515844682,0.0,1283.457082577445,0.0,0.0,0.0,0.0,0.0,1639.45144651088,546.4838155036267,3016.5887778591887,45.24883166788783,16.61307031689364,16.61307031689364,111.37717296271995,736.3359607680218,3206.4409231235845,0.0,0.0,0.0,0.0,0.0,21725.397609634532,0.0,0.0,660.9237629525047,23.95405885879278,0.0,0.0,0.0,0.0,0.0
2025-10-04 21:00:00+00:00,5,17.0,2378.6375790412726,343.71201750857324,801.994707520004,1232.9308540126963,343.71201750857324,274.0777933890766,69.63422411949664,2336.5595364479163,0.0,343.71201750857324,0.0,801.994707520004,0.0,1232.9308540126963,0.0,0.0,0.0,0.0,0.0,1576.6428715212696,525.5476238404232,2904.1852028816966,43.56277804322545,16.03989415040008,16.03989415040008,107.36902119274906,708.5592113771978,3087.19679041847,0.0,0.0,0.0,0.0,0.0,21681.946814415267,0.0,0.0,660.9237629525047,23.955394437454007,0.0,0.0,0.0,-5.684341886080801e-13,0.0
2025-10-04 22:00:00+00:00,5,17.0,2404.149435673911,347.570588114444,810.9980389337024,1245.5808086257603,347.570588114444,276.9879369494732,70.5826511649708,2336.5595364479163,0.0,347.570588114444,0.0,810.9980389337024,0.0,1245.5808086257603,0.0,0.0,0.0,0.0,0.0,1593.1513967402043,531.0504655800681,2935.199901253975,44.027998518809625,16.21996077867405,16.21996077867405,108.54180535046473,716.0601910066905,3120.2096266806016,0.0,0.0,0.0,0.0,0.0,21638.582920786434,0.0,0.0,660.9237629525047,23.956147877583533,0.0,0.0,0.0,2.2737367544323206e-13,0.0
2025-10-04 23:00:00+00:00,5,17.0,2362.210892307045,340.8312094587487,795.2728220704134,1226.106860777884,340.8312094587487,271.86856906255144,68.96264039619724,2336.5595364479163,0.0,340.8312094587487,0.0,795.2728220704134,0.0,1226.106860777884,0.0,0.0,0.0,0.0,0.0,1566.9380702366327,522.3126900788776,2884.523582385924,43.267853735788854,15.905456441408269,15.905456441408269,106.56139512592232,703.9528518234055,3066.1637441304497,0.0,0.0,0.0,0.0,0.0,21595.305754944864,0.0,0.0,660.9237629525047,23.95616150893796,0.0,0.0,0.0,-7.958078640513122e-13,0.0
2025-10-16 00:00:00+00:00,6,21.0,2339.9718353632124,335.7040979648781,783.3095619180488,1220.9581754802848,335.7040979648781,269.66233127469656,66.0417666901815,2336.5595364479163,0.0,335.7040979648781,0.0,783.3095619180488,0.0,1220.9581754802848,0.0,0.0,0.0,0.0,0.0,1556.662273445163,518.887424481721,2858.859259844933,42.88288889767399,15.666191238360975,15.666191238360975,105.28473251432845,698.3874283704454,3038.359263733658,0.0,0.0,0.0,0.0,0.0,0.0,0.0,0.0,660.9237629525047,23.951424559528768,0.0,0.0,0.0,0.0,0.0
2025-10-16 01:00:00+00:00,6,21.0,2313.3033477538447,331.89065032041293,774.4115174142967,1207.0011800191348,331.89065032041293,266.47244432962896,65.41820599078396,2336.5595364479163,0.0,331.89065032041293,0.0,774.4115174142967,0.0,1207.0011800191348,0.0,0.0,0.0,0.0,0.0,1538.8918303395478,512.9639434465159,2826.2672912003604,42.394009368005406,15.488230348285933,15.488230348285933,104.08540730145506,690.4198208125483,3003.723168566393,0.0,0.0,0.0,0.0,0.0,0.0,0.0,0.0,660.9237629525047,23.950588528414528,0.0,0.0,0.0,-2.2737367544323206e-13,0.0
2025-10-16 02:00:00+00:00,6,21.0,2338.023090188865,334.8371336015264,781.286645070228,1221.8993115171095,334.8371336015264,269.2428137441414,65.59431985738496,2336.5595364479163,0.0,334.8371336015264,0.0,781.286645070228,0.0,1221.8993115171095,0.0,0.0,0.0,0.0,0.0,1556.7364451186359,518.9121483728786,2856.9352385617426,42.85402857842614,15.625732901404561,15.625732901404561,105.12169830935522,698.1393410634691,3036.162431252334,0.0,0.0,0.0,0.0,0.0,0.0,0.0,0.0,660.9237629525047,23.9510024195205,0.0,0.0,0.0,0.0,0.0
2025-10-16 03:00:00+00:00,6,21.0,2372.724729111875,339.4671768441264,792.0900793029615,1241.1674729647873,339.4671768441264,273.14584175226213,66.32133509186427,2336.5595364479163,0.0,339.4671768441264,0.0,792.0900793029615,0.0,1241.1674729647873,0.0,0.0,0.0,0.0,0.0,1580.6346498089138,526.8782166029713,2899.6029457148466,43.4940441857227,15.84180158605923,15.84180158605923,106.63867142266241,708.6945353834749,3081.4192644953496,0.0,0.0,0.0,0.0,0.0,0.0,0.0,0.0,660.9237629525047,23.952192703140916,0.0,0.0,0.0,-4.547473508864641e-13,0.0
2025-10-16 04:00:00+00:00,6,21.0,2361.552986645079,336.7494490857362,785.7487145333843,1239.054823025958,336.7494490857362,271.57104095040785,65.17840813532837,2336.5595364479163,0.0,336.7494490857362,0.0,785.7487145333843,0.0,1239.054823025958,0.0,0.0,0.0,0.0,0.0,1575.8042721116942,525.2680907038981,2886.821077348977,43.30231616023465,15.714974290667685,15.714974290667685,105.9923592696153,705.9927147150835,3067.545701360162,0.0,0.0,0.0,0.0,0.0,0.0,0.0,0.0,660.9237629525047,23.952030794825966,0.0,0.0,0.0,-1.1368683772161603e-13,0.0
2025-10-16 05:00:00+00:00,6,21.0,2337.432519877436,332.7782686222404,776.4826267852274,1228.1716244699667,332.7782686222404,268.7092419587178,64.06902666352256,2336.5595364479163,0.0,332.7782686222404,0.0,776.4826267852274,0.0,1228.1716244699667,0.0,0.0,0.0,0.0,0.0,1560.949893092207,520.3166310307357,2857.74915090817,42.86623726362255,15.529652535704548,15.529652535704548,104.8419899948426,699.0841633606101,3036.5166832380455,0.0,0.0,0.0,0.0,0.0,0.0,0.0,0.0,660.9237629525047,23.95235833048895,0.0,0.0,0.0,-4.547473508864641e-13,0.0
2025-10-16 06:00:00+00:00,6,21.0,2245.723916846042,319.38968446757184,745.2425970910007,1181.091635287469,319.38968446757184,258.12065975395944,61.26902471361238,2336.5595364479163,0.0,319.38968446757184,0.0,745.2425970910007,0.0,1181.091635287469,0.0,0.0,0.0,0.0,0.0,1500.4813197550409,500.160439918347,2745.8843567643885,41.18826535146582,14.904851941820013,14.904851941820013,100.68604847753974,671.8444576309926,2917.568374477035,0.0,0.0,0.0,0.0,0.0,0.0,0.0,0.0,660.9237629525047,23.953927536226832,0.0,0.0,0.0,4.547473508864641e-13,0.0
2025-10-16 07:00:00+00:00,6,21.0,2252.5122594783807,319.8839789158629,746.3959508036799,1186.2323297588364,319.8839789158628,258.69696650194874,61.18701241391412,2336.5595364479163,0.0,319.8839789158629,0.0,746.3959508036799,0.0,1186.2323297588364,0.0,0.0,0.0,0.0,0.0,1506.1163086746992,502.03876955823307,2754.551029036612,41.31826543554918,14.927919016073597,14.927919016073597,100.92994811489207,674.1428211408215,2926.6550806192026,0.0,0.0,0.0,0.0,0.0,0.0,0.0,0.0,660.9237629525047,23.95143891242266,0.0,0.0,0.0,4.547473508864641e-13,0.0
2025-10-16 08:00:00+00:00,6,21.0,2253.3378561860136,320.1727433948794,747.0697345880516,1186.095378203083,320.1727433948794,258.78218143968667,61.39056195519271,2336.5595364479163,0.0,320.1727433948794,0.0,747.0697345880516,0.0,1186.095378203083,0.0,0.0,0.0,0.0,0.0,1506.2681215979624,502.08937386598745,2755.4272300520015,41.331408450780025,14.941394691761031,14.941394691761031,100.99013879758013,674.2937104978697,2927.6315666838836,0.0,0.0,0.0,0.0,0.0,0.0,0.0,0.0,660.9237629525047,23.95054774685638,0.0,0.0,0.0,3.410605131648481e-13,0.0
2025-10-16 09:00:00+00:00,6,21.0,2295.657581293279,326.592481893856,762.0491244189972,1207.015974980426,326.59248189385596,263.5178589986786,63.07462289517738,2336.5595364479163,0.0,326.592481893856,0.0,762.0491244189972,0.0,1207.015974980426,0.0,0.0,0.0,0.0,0.0,1533.6084568742822,511.20281895809404,2806.8604002513734,42.1029060037706,15.240982488379943,15.240982488379943,102.94038249660552,686.7280724352299,2982.3856537285083,0.0,0.0,0.0,0.0,0.0,0.0,0.0,0.0,660.9237629525047,23.949572444947773,0.0,0.0,0.0,-4.547473508864641e-13,0.0
2025-10-16 10:00:00+00:00,6,21.0,2296.796900667516,327.3280662284248,763.7654878663243,1205.7033465727682,327.3280662284248,263.6757687111745,63.652297517250325,2336.5595364479163,0.0,327.3280662284248,0.0,763.7654878663243,0.0,1205.7033465727682,0.0,0.0,0.0,0.0,0.0,1533.031412801193,511.010470933731,2807.8073716012486,42.11711057401873,15.275309757326486,15.275309757326486,103.06591669766087,686.7441177200635,2983.5410183875792,0.0,0.0,0.0,0.0,0.0,0.0,0.0,0.0,660.9237629525047,23.949210019913462,0.0,0.0,0.0,-4.547473508864641e-13,0.0
2025-10-16 11:00:00+00:00,6,21.0,2383.129426240317,339.08933794552746,791.2084552062306,1252.8316330885561,339.0893379455275,273.7820769378628,65.30726100766469,2336.5595364479163,0.0,339.08933794552746,0.0,791.2084552062306,0.0,1252.8316330885561,0.0,0.0,0.0,0.0,0.0,1591.9209710340835,530.6403236780278,2913.769749918342,43.706546248775126,15.824169104124612,15.824169104124612,106.87141745777471,712.8666255928268,3095.9960518331436,0.0,0.0,0.0,0.0,0.0,0.0,0.0,0.0,660.9237629525047,23.949044610589223,0.0,0.0,0.0,-3.410605131648481e-13,0.0
2025-10-16 12:00:00+00:00,6,21.0,2399.4868278373915,341.0987695371782,795.8971289200823,1262.4909293801313,341.0987695371782,275.6567331391148,65.44203639806344,2336.5595364479163,0.0,341.0987695371782,0.0,795.8971289200823,0.0,1262.4909293801313,0.0,0.0,0.0,0.0,0.0,1603.5896989173095,534.5298996391032,2934.016727476495,44.01025091214742,15.917942578401647,15.917942578401647,107.56375990010744,717.9397956081613,3117.426623445553,0.0,0.0,0.0,0.0,0.0,0.0,0.0,0.0,660.9237629525047,23.951029784610558,0.0,0.0,0.0,3.410605131648481e-13,0.0
2025-10-16 13:00:00+00:00,6,21.0,2416.502104441078,343.34769428616073,801.1446200010414,1272.0097901538754,343.34769428616073,277.6228012440694,65.7248930420913,2336.5595364479163,0.0,343.34769428616073,0.0,801.1446200010414,0.0,1272.0097901538754,0.0,0.0,0.0,0.0,0.0,1615.3574844400362,538.4524948133454,2954.954599254423,44.324318988816344,16.02289240002083,16.02289240002083,108.30502296995903,723.1276215721625,3139.6297260132396,0.0,0.0,0.0,0.0,0.0,0.0,0.0,0.0,660.9237629525047,23.952288048025594,0.0,0.0,0.0,-6.821210263296962e-13,0.0
2025-10-16 14:00:00+00:00,6,21.0,2400.4562851764026,341.30436289236667,796.3768467488554,1262.77507553518,341.30436289236667,275.8331327947539,65.47123009761276,2336.5595364479163,0.0,341.30436289236667,0.0,796.3768467488554,0.0,1262.77507553518,0.0,0.0,0.0,0.0,0.0,1604.0794384275466,534.6931461425155,2935.1494313189173,44.02724146978376,15.927536934977109,15.927536934977109,107.61640762210875,718.1918691043622,3118.6481542807646,0.0,0.0,0.0,0.0,0.0,0.0,0.0,0.0,660.9237629525047,23.95221592557025,0.0,0.0,0.0,-2.2737367544323206e-13,0.0
2025-10-16 15:00:00+00:00,6,21.0,2370.1207225475923,337.0325704763434,786.4093311114677,1246.6788209597823,337.0325704763434,272.4200892886806,64.61248118766282,2336.5595364479163,0.0,337.0325704763434,0.0,786.4093311114677,0.0,1246.6788209597823,0.0,0.0,0.0,0.0,0.0,1583.7113914361257,527.9037971453753,2898.024519692969,43.47036779539454,15.728186622229355,15.728186622229355,106.26293258167368,709.0934707669022,3079.2141933144944,0.0,0.0,0.0,0.0,0.0,0.0,0.0,0.0,660.9237629525047,23.955851902022488,0.0,0.0,0.0,-1.1368683772161603e-13,0.0
2025-10-16 16:00:00+00:00,6,21.0,2446.458205940478,347.44154588338364,810.6969403945616,1288.3197196625347,347.44154588338364,280.9930501648094,66.44849571857422,2336.5595364479163,0.0,347.44154588338364,0.0,810.6969403945616,0.0,1288.3197196625347,0.0,0.0,0.0,0.0,0.0,1635.7612655459184,545.2537551819728,2991.7119611224525,44.87567941683679,16.213938807891232,16.213938807891232,109.62553388169002,732.1828460962821,3178.64105203676,0.0,0.0,0.0,0.0,0.0,0.0,0.0,0.0,660.9237629525047,23.949571468425987,0.0,0.0,0.0,-1.1368683772161603e-13,0.0
2025-10-16 17:00:00+00:00,6,21.0,2460.279991037327,349.12680616950627,814.6292143955144,1296.5239704723065,349.12680616950627,282.47279732309426,66.65400884641201,2336.5595364479163,0.0,349.12680616950627,0.0,814.6292143955144,0.0,1296.5239704723065,0.0,0.0,0.0,0.0,0.0,1645.6507766418126,548.5502588806042,3008.8302499179313,45.13245374876897,16.292584287910287,16.292584287910287,110.20656116590374,736.4744423710974,3196.7544334084246,0.0,0.0,0.0,0.0,0.0,0.0,0.0,0.0,660.9237629525047,23.94296092996159,0.0,0.0,0.0,2.2737367544323206e-13,0.0
2025-10-16 18:00:00+00:00,6,21.0,2507.8566522645306,355.43510044691345,829.3485677094645,1323.0729841081513,355.43510044691345,287.80874478900654,67.62635565790693,2336.5595364479163,0.0,355.43510044691345,0.0,829.3485677094645,0.0,1323.0729841081513,0.0,0.0,0.0,0.0,0.0,1678.5080845550647,559.5026948516883,3067.3593471162176,46.01039020674326,16.58697135418929,16.58697135418929,112.27964090703529,750.9666686738453,3258.8233209383757,0.0,0.0,0.0,0.0,0.0,0.0,0.0,0.0,660.9237629525047,23.939156135224685,0.0,0.0,0.0,-2.2737367544323206e-13,0.0
2025-10-16 19:00:00+00:00,6,21.0,2492.6049982652075,353.35703040617784,824.4997376144148,1314.7482302446163,353.35703040617784,286.07236819874083,67.28466220743702,2336.5595364479163,0.0,353.35703040617784,0.0,824.4997376144148,0.0,1314.7482302446163,0.0,0.0,0.0,0.0,0.0,1668.1052606507942,556.0350868835981,3048.640085148807,45.729601277232106,16.489994752288297,16.489994752288297,111.60750111628823,746.3521787816951,3238.957177046902,0.0,0.0,0.0,0.0,0.0,0.0,0.0,0.0,660.9237629525047,23.939142073308755,0.0,0.0,0.0,-6.821210263296962e-13,0.0
2025-10-16 20:00:00+00:00,6,21.0,2473.661980718646,350.7739668119231,818.4725892278204,1304.4154246789014,350.77396681192306,283.8951660433604,66.87880076856267,2336.5595364479163,0.0,350.7739668119231,0.0,818.4725892278204,0.0,1304.4154246789014,0.0,0.0,0.0,0.0,0.0,1655.1893914908246,551.7297971636082,3025.3917778822533,45.380876668233796,16.36945178455641,16.36945178455641,110.7723540725454,740.6219314735001,3214.2839121921465,0.0,0.0,0.0,0.0,0.0,0.0,0.0,0.0,660.9237629525047,23.93900764067928,0.0,0.0,0.0,2.2737367544323206e-13,0.0
2025-10-16 21:00:00+00:00,6,21.0,2451.80062053163,347.95182681098805,811.8875958923053,1291.9611978283365,347.95182681098805,281.39803120765265,66.55379560333542,2336.5595364479163,0.0,347.95182681098805,0.0,811.8875958923053,0.0,1291.9611978283365,0.0,0.0,0.0,0.0,0.0,1639.9130246393245,546.6376748797749,2998.438295411405,44.97657443117107,16.237751917846104,16.237751917846104,109.82912265707891,733.9188758037171,3185.7194963353472,0.0,0.0,0.0,0.0,0.0,0.0,0.0,0.0,660.9237629525047,23.939003825398835,0.0,0.0,0.0,0.0,0.0
2025-10-16 22:00:00+00:00,6,21.0,2385.6430649887966,338.5295233768967,789.9022212127588,1257.2113203991405,338.5295233768967,273.8091010627981,64.72042231409858,2336.5595364479163,0.0,338.5295233768967,0.0,789.9022212127588,0.0,1257.2113203991405,0.0,0.0,0.0,0.0,0.0,1595.7408437760373,531.9136145920124,2917.5566795808086,43.76335019371213,15.798044424255178,15.798044424255178,106.86211285509586,714.1351664893307,3099.778231478127,0.0,0.0,0.0,0.0,0.0,0.0,0.0,0.0,660.9237629525047,23.94096955519925,0.0,0.0,0.0,-2.2737367544323206e-13,0.0
2025-10-16 23:00:00+00:00,6,21.0,2383.2515857583894,338.3136338885396,789.3984790732588,1255.5394727965895,338.3136338885396,273.5984962230042,64.71513766553537,2336.5595364479163,0.0,338.3136338885396,0.0,789.3984790732588,0.0,1255.5394727965895,0.0,0.0,0.0,0.0,0.0,1593.8531066851292,531.284368895043,2914.535954653431,43.71803931980146,15.787969581465177,15.787969581465177,106.77057973284805,713.348927110623,3096.600512869012,0.0,0.0,0.0,0.0,0.0,0.0,0.0,0.0,660.9237629525047,23.941593949628626,0.0,0.0,0.0,-2.2737367544323206e-13,0.0
2025-11-13 00:00:00+00:00,7,22.0,3360.4038384668725,488.22620799901404,1139.1944853310324,1732.9831451368232,488.22620799901404,387.6557623025189,100.57044569649511,2336.5595364479163,0.0,488.22620799901404,0.0,1139.1944853310324,0.0,1732.9831451368232,0.0,0.0,0.0,0.0,0.0,2221.2093531358373,740.4031177119458,4100.806956178816,61.51210434268224,22.78388970662065,22.78388970662065,152.0539471082925,999.536948576162,4359.940787043034,0.0,0.0,0.0,0.0,0.0,21552.115143434978,0.0,0.0,660.9237629525047,23.952363391378945,0.0,0.0,0.0,-3.410605131648481e-13,0.0
2025-11-13 01:00:00+00:00,7,22.0,3281.3981755089244,477.06236447288245,1113.1455171033922,1691.1902939326512,477.06236447288245,378.5207704471696,98.54159402571287,2336.5595364479163,0.0,477.06236447288245,0.0,1113.1455171033922,0.0,1691.1902939326512,0.0,0.0,0.0,0.0,0.0,2168.2526584055336,722.7508861351779,4004.1490616441038,60.06223592466156,22.262910342067844,22.262910342067844,148.51959578842386,975.8585385323989,4257.256714041324,0.0,0.0,0.0,0.0,0.0,21509.010913148108,0.0,0.0,660.9237629525047,23.953372830315622,0.0,0.0,0.0,5.684341886080801e-13,0.0
2025-11-13 02:00:00+00:00,7,22.0,3229.0354634178498,469.3268143280469,1095.095900098776,1664.612748991026,469.32681432804685,372.4662303295862,96.86058399846065,2336.5595364479163,0.0,469.3268143280469,0.0,1095.095900098776,0.0,1664.612748991026,0.0,0.0,0.0,0.0,0.0,2133.939563319073,711.3131877730243,3940.348651190873,59.105229767863094,21.90191800197552,21.90191800197552,146.1340327950568,960.3562863398953,4189.391749757745,0.0,0.0,0.0,0.0,0.0,21465.99289132181,0.0,0.0,660.9237629525047,23.952852831642577,0.0,0.0,0.0,-1.1368683772161603e-13,0.0
2025-11-13 03:00:00+00:00,7,22.0,3216.3525933302976,467.006263701152,1089.6812819693544,1659.6650476597886,467.006263701152,370.8802268936654,96.12603680748663,2336.5595364479163,0.0,467.006263701152,0.0,1089.6812819693544,0.0,1659.6650476597886,0.0,0.0,0.0,0.0,0.0,2126.6713113609408,708.8904371203135,3925.243030450609,58.87864545675913,21.793625639387088,21.793625639387088,145.49754150985945,956.8538753657062,7477.825283458527,0.0,0.0,0.0,0.0,0.0,21423.06090553917,3304.6188147625235,0.0,3795.960438941195,23.951234304666396,0.0,0.0,0.0,4.547473508864641e-13,0.0
2025-11-13 04:00:00+00:00,7,22.0,3126.968956241263,454.0293321616933,1059.4017750439507,1613.5378490356177,454.02933216169333,360.38048116729874,93.64885099439456,2336.5595364479163,0.0,454.0293321616933,0.0,1059.4017750439507,0.0,1613.5378490356177,0.0,0.0,0.0,0.0,0.0,2067.567181197311,689.1890603991037,3816.1580166403655,57.24237024960548,21.188035500879014,21.188035500879014,141.45434472170427,930.2618463721715,6326.010522941917,0.0,0.0,0.0,0.0,0.0,21380.21478372809,2268.779720328483,0.0,5948.313866572543,23.949371661970986,0.0,0.0,0.0,-9.094947017729282e-13,0.0
2025-11-13 05:00:00+00:00,7,22.0,3196.774369188285,464.1936670563833,1083.118556464894,1649.4621456670045,464.1936670563833,368.3713489176185,95.8223181387648,2336.5595364479163,0.0,464.1936670563833,0.0,1083.118556464894,0.0,1649.4621456670045,0.0,0.0,0.0,0.0,0.0,2113.655812723388,704.5519375744626,3901.3263067627445,58.519894601441166,21.66237112929788,21.66237112929788,144.61621356964008,951.0127880041396,4147.787157192424,0.0,0.0,0.0,0.0,0.0,21337.45435416064,0.0,0.0,5948.313866572543,23.949125244791695,0.0,0.0,0.0,-4.547473508864641e-13,0.0
2025-11-13 06:00:00+00:00,7,22.0,2924.6741731359034,425.29004347300037,992.343434770334,1507.04069489257,425.29004347300037,336.90020024853783,88.38984322446254,2336.5595364479163,0.0,425.29004347300037,0.0,992.343434770334,0.0,1507.04069489257,0.0,0.0,0.0,0.0,0.0,1932.3307383655704,644.1102461218568,3568.7844192577613,53.531766288866415,19.84686869540668,19.84686869540668,132.38383215628582,869.7195819578224,2082.953888274343,0.0,0.0,0.0,0.0,0.0,21294.779445452317,0.0,1711.4398668193821,4144.297847384383,23.950185563344093,0.0,0.0,0.0,-4.547473508864641e-13,0.0
2025-11-13 07:00:00+00:00,7,22.0,2906.985988667035,423.19683958620766,987.4592923678177,1496.3298567130091,423.19683958620766,334.8587542754741,88.33808531073358,2336.5595364479163,0.0,423.19683958620766,0.0,987.4592923678177,0.0,1496.3298567130091,0.0,0.0,0.0,0.0,0.0,1919.5266962992168,639.8422320997389,3546.8282207667735,53.2024233115016,19.749185847356355,19.749185847356355,131.64409099041436,864.1871180963675,466.5542920008793,0.0,0.0,0.0,0.0,0.0,21252.189886561417,0.0,3304.6188147625235,660.9237629525047,23.95138504668338,0.0,0.0,0.0,1.1368683772161603e-13,0.0
2025-11-13 08:00:00+00:00,7,22.0,2949.1212400973604,429.2937958299767,1001.6855236032787,1518.1419206641044,429.2937958299767,340.07539755936705,89.21839827060967,2336.5595364479163,0.0,429.2937958299767,0.0,1001.6855236032787,0.0,1518.1419206641044,0.0,0.0,0.0,0.0,0.0,1947.4357164940811,649.1452388313604,3598.2664789287205,53.973997183930805,20.033710472065575,20.033710472065575,133.54774139143544,876.7343983508578,3825.8556384482185,0.0,0.0,0.0,0.0,0.0,21209.685506788293,0.0,0.0,660.9237629525047,23.954181382039945,0.0,0.0,0.0,3.410605131648481e-13,0.0
2025-11-13 09:00:00+00:00,7,22.0,2934.9349326267106,427.03805633415885,996.4221314463705,1511.4747448461812,427.03805633415885,338.35328156918996,88.68477476496889,2336.5595364479163,0.0,427.03805633415885,0.0,996.4221314463705,0.0,1511.4747448461812,0.0,0.0,0.0,0.0,0.0,1938.5128011803401,646.17093372678,3581.1058663534905,53.716587995302355,19.92844262892741,19.92844262892741,132.8809193391672,872.6253263191045,3807.5602589458144,0.0,0.0,0.0,0.0,0.0,21167.266135774717,0.0,0.0,660.9237629525047,23.95314978624457,0.0,0.0,0.0,-6.821210263296962e-13,0.0
2025-11-13 10:00:00+00:00,7,22.0,2923.152840962353,425.25514206744487,992.2619981573713,1505.6357007375364,425.2551420674449,336.9420433987035,88.31309866874139,2336.5595364479163,0.0,425.25514206744487,0.0,992.2619981573713,0.0,1505.6357007375364,0.0,0.0,0.0,0.0,0.0,1930.8908428049813,643.6302809349937,3566.783121897346,53.50174682846019,19.845239963147428,19.845239963147428,132.33872908159714,869.1612367713458,3792.3140777336985,0.0,0.0,0.0,0.0,0.0,21124.93160350317,0.0,0.0,660.9237629525047,23.952458597131972,0.0,0.0,0.0,-2.2737367544323206e-13,0.0
2025-11-13 11:00:00+00:00,7,22.0,2916.5379463036284,424.10163538317875,989.5704825607501,1502.8658283596994,424.10163538317875,336.21970118581237,87.88193419736635,2336.5595364479163,0.0,424.10163538317875,0.0,989.5704825607501,0.0,1502.8658283596994,0.0,0.0,0.0,0.0,0.0,1926.9674637428782,642.3224879142928,3558.860434217921,53.382906513268814,19.791409651215,19.791409651215,132.01459121222365,867.3028049422152,3783.840751245843,0.0,0.0,0.0,0.0,0.0,21082.681740296164,0.0,0.0,660.9237629525047,23.95205989927826,0.0,0.0,0.0,-5.684341886080801e-13,0.0
2025-11-13 12:00:00+00:00,7,22.0,2911.949476336297,423.4100125830668,987.9566960271558,1500.5827677260752,423.4100125830668,335.78421854453796,87.62579403852887,2336.5595364479163,0.0,423.4100125830668,0.0,987.9566960271558,0.0,1500.5827677260752,0.0,0.0,0.0,0.0,0.0,1923.992780309142,641.330926769714,3553.280403106012,53.29920604659018,19.759133920543118,19.759133920543118,131.8032863664607,865.9516870238512,7082.519978122672,0.0,0.0,0.0,0.0,0.0,21040.516376815573,3304.6188147625235,0.0,3795.960438941195,23.95266886579457,0.0,0.0,0.0,0.0,0.0
2025-11-13 13:00:00+00:00,7,22.0,3043.061396795352,442.48839925962255,1032.4729316057858,1568.1000659299402,442.4883992596225,350.71416813063763,91.7742311289849,2336.5595364479163,0.0,442.48839925962255,0.0,1032.4729316057858,0.0,1568.1000659299402,0.0,0.0,0.0,0.0,0.0,2010.5884651895628,670.1961550631876,3713.2575518585363,55.69886327787804,20.649458632115717,20.649458632115717,137.73900251793492,904.9329381232319,6216.774055247066,0.0,0.0,0.0,0.0,0.0,20998.435344061938,2268.779720328483,0.0,5948.313866572543,23.94762307648581,0.0,0.0,0.0,-9.094947017729282e-13,0.0
2025-11-13 14:00:00+00:00,7,22.0,3199.9623254641006,464.87655826595886,1084.711969287237,1650.3737979109026,464.87655826595886,368.6936422698283,96.1829159961306,2336.5595364479163,0.0,464.87655826595886,0.0,1084.711969287237,0.0,1650.3737979109026,0.0,0.0,0.0,0.0,0.0,2115.2503561768613,705.0834520589538,3905.045777523052,58.575686662845776,21.69423938574474,21.69423938574474,144.78608296599344,951.8337004592825,4151.796025923382,0.0,0.0,0.0,0.0,0.0,20956.438473373815,0.0,0.0,5948.313866572543,23.945665482965047,0.0,0.0,0.0,-6.821210263296962e-13,0.0
2025-11-13 15:00:00+00:00,7,22.0,3230.7696475603207,468.58167453904053,1093.3572405910943,1668.8307324301861,468.58167453904053,372.4727372225542,96.10893731648632,2336.5595364479163,0.0,468.58167453904053,0.0,1093.3572405910943,0.0,1668.8307324301861,0.0,0.0,0.0,0.0,0.0,2137.4124069692266,712.4708023230755,3943.2404498833966,59.14860674825095,21.867144811821888,21.867144811821888,146.07810019025234,961.4317988852225,2480.7615796261616,0.0,0.0,0.0,0.0,0.0,20914.52559642707,0.0,1711.4398668193821,4144.297847384383,23.946229364892513,0.0,0.0,0.0,1.0231815394945443e-12,0.0
2025-11-13 16:00:00+00:00,7,22.0,3209.827763350554,465.7941609040989,1086.8530421095638,1657.180560336894,465.7941609040989,369.8572576141146,95.93690328998429,2336.5595364479163,0.0,465.7941609040989,0.0,1086.8530421095638,707.557054232766,949.623506104128,0.0,0.0,707.557054232766,943.4094056436879,235.85235141092198,1415.4176670082268,471.8058890027423,2974.076598120533,44.61114897180799,28.812631384518937,21.737060842191276,145.16694658252416,947.9860281947065,853.1949767827368,0.0,0.0,0.0,943.4094056436879,0.0,21768.935480595723,0.0,3304.6188147625235,660.9237629525047,23.947701053925105,0.0,0.0,0.0,2.2737367544323206e-13,0.0
2025-11-13 17:00:00+00:00,7,22.0,3193.7881855005635,464.6280407502447,1084.132095083904,1645.0280496664152,464.62804075024474,367.9086093207687,96.71943142947603,2336.5595364479163,0.0,464.6280407502447,0.0,1084.132095083904,34.37200339041283,1610.6560462760024,0.0,0.0,34.37200339041283,45.82933785388377,11.457334463470943,2075.284087026247,691.7613623420824,3851.1775444522336,57.7676631667835,22.02636193558221,21.682641901678082,144.59274266716199,949.2881064767591,4143.076291977322,0.0,0.0,0.0,45.82933785388377,0.0,21768.935480595723,0.0,0.0,660.9237629525047,23.94561643161766,0.0,0.0,0.0,-2.2737367544323206e-13,0.0
2025-11-13 18:00:00+00:00,7,22.0,3206.1912956608926,467.1433903024398,1090.0012440390258,1649.0466613194253,467.1433903024398,369.5583223455808,97.58506795685904,2336.5595364479163,0.0,467.1433903024398,0.0,1090.0012440390258,0.0,1649.0466613194253,0.0,0.0,0.0,0.0,0.0,2116.190051621865,705.3966838739551,3911.5879795348465,58.67381969302269,21.800024880780516,21.800024880780516,145.2453411219382,952.9158944504769,4159.107190111369,0.0,0.0,0.0,0.0,0.0,21725.397609634532,0.0,0.0,660.9237629525047,23.94619179280586,0.0,0.0,0.0,-3.410605131648481e-13,0.0
2025-11-13 19:00:00+00:00,7,22.0,3235.0414816398597,472.1076897482981,1101.5846094126955,1661.349182478868,472.1076897482982,372.78483399427904,99.32285575401912,2336.5595364479163,0.0,472.1076897482981,0.0,1101.5846094126955,68.67526277404431,1592.6739197048237,0.0,0.0,68.67526277404431,91.56701703205908,22.89175425801477,2064.7816094531217,688.2605364843739,3854.626755350191,57.819401330252866,22.718444815994353,22.03169218825391,146.6505307710769,960.3723598479667,4195.413841487827,0.0,0.0,0.0,91.56701703205908,0.0,21768.935480595723,0.0,0.0,660.9237629525047,23.947207077280005,0.0,0.0,0.0,6.821210263296962e-13,0.0
2025-11-13 20:00:00+00:00,7,22.0,3226.673697013226,470.7562683057261,1098.4312927133606,1657.4861359941397,470.75626830572605,371.66943417424125,99.08683413148484,2336.5595364479163,0.0,470.7562683057261,0.0,1098.4312927133606,0.0,1657.4861359941397,0.0,0.0,0.0,0.0,0.0,2128.242404299866,709.4141347666219,3936.0878317798483,59.04131747669772,21.968625854267213,21.968625854267213,146.25290437340152,958.6456083252556,4185.319305338482,0.0,0.0,0.0,0.0,0.0,21725.397609634532,0.0,0.0,660.9237629525047,23.94355874987959,0.0,0.0,0.0,4.547473508864641e-13,0.0
2025-11-13 21:00:00+00:00,7,22.0,3122.517284295217,454.8450981705731,1061.3052290646704,1606.3669570599745,454.8450981705731,359.6767222009785,95.16837596959465,2336.5595364479163,0.0,454.8450981705731,0.0,1061.3052290646704,0.0,1606.3669570599745,0.0,0.0,0.0,0.0,0.0,2061.212055230548,687.0706850768493,3809.587969372067,57.143819540581006,21.22610458129341,21.22610458129341,141.4386330332568,928.1053468132739,4050.6226311084906,0.0,0.0,0.0,0.0,0.0,21681.946814415263,0.0,0.0,660.9237629525047,23.947512907607088,0.0,0.0,0.0,-2.2737367544323206e-13,0.0
2025-11-13 22:00:00+00:00,7,22.0,3132.447020939854,456.01516703611316,1064.0353897509303,1612.3964641528116,456.0151670361131,360.77896891860485,95.23619811750828,2336.5595364479163,0.0,456.01516703611316,0.0,1064.0353897509303,0.0,1612.3964641528116,0.0,0.0,0.0,0.0,0.0,2068.4116311889247,689.4705437296416,3821.9175646694966,57.328763470042446,21.280707795018607,21.280707795018607,141.85302459373662,931.213747383458,4063.6607683233124,0.0,0.0,0.0,0.0,0.0,21638.582920786434,0.0,0.0,660.9237629525047,23.948895072618697,0.0,0.0,0.0,2.2737367544323206e-13,0.0
2025-11-13 23:00:00+00:00,7,22.0,3118.19106510485,453.4193551945981,1057.978495454062,1606.79321445619,453.4193551945981,359.0107352283054,94.4086199662927,2336.5595364479163,0.0,453.4193551945981,0.0,1057.978495454062,0.0,1606.79321445619,0.0,0.0,0.0,0.0,0.0,2060.2125696507883,686.7375232169294,3804.92858832178,57.073928824826694,21.15956990908124,21.15956990908124,141.1405657810303,927.2711576409489,4045.462222745799,0.0,0.0,0.0,0.0,0.0,21595.305754944864,0.0,0.0,660.9237629525047,23.948949544067247,0.0,0.0,0.0,-1.1368683772161603e-13,0.0
2025-11-28 00:00:00+00:00,8,46.0,3424.175471449615,498.36886691323565,1162.8606894642162,1762.9459150721614,498.36886691323565,396.11937623803743,102.24949067519823,2336.5595364479163,498.36886691323565,0.0,12.756619565938422,1150.1040698982779,1762.9459150721614,0.0,724.9001700556155,226.53130314237984,1775.7025346380997,2367.6033795174662,591.9008448793666,0.0,0.0,1150.1040698982779,17.25156104847417,41.01423913566532,23.002081397965558,155.042754051403,1054.7427836552545,4478.918255104868,2638.8729684602295,2638.87296846023,0.0,453.63058111285216,0.0,4201.438350658544,0.0,0.0,660.9237629525047,23.94438866991968,0.0,0.0,0.0,-1.5916157281026244e-12,1.1368683772161603e-13
2025-11-28 01:00:00+00:00,8,46.0,3247.9571611603405,472.3154265457101,1102.0693286066567,1673.5724060079751,472.31542654571007,375.4462489958803,96.86917754982979,2336.5595364479163,472.3154265457101,0.0,102.13012863012489,999.9391999765318,1673.5724060079751,0.0,687.0042567937602,214.68883024805004,1775.7025346381001,2367.6033795174667,591.9008448793667,0.0,0.0,999.9391999765318,14.999087999647976,39.798411918514134,19.998783999530637,147.0098226972891,1028.3957817423984,4276.3529429027385,2629.8324046127,2629.8324046127,0.0,424.7752316985268,0.0,4596.571944070827,0.0,0.0,660.9237629525047,23.947498376845093,0.0,0.0,0.0,-4.547473508864641e-13,2.2737367544323206e-13
2025-11-28 02:00:00+00:00,8,46.0,3264.2567696386836,473.9153183805608,1105.8024095546416,1684.5390417034807,473.9153183805608,377.23509299605183,96.68022538450896,2336.5595364479163,473.9153183805608,0.0,91.16349293461906,1014.6389166200225,1684.539041703481,-2.2737367544323206e-13,689.3313721899066,215.41605380934578,1775.7025346381001,2367.6033795174667,591.9008448793667,-2.2737367544323206e-13,-7.579122514774402e-14,1014.6389166200222,15.219583749300332,39.873073537473836,20.292778332400452,147.64964364194816,1030.3519779498351,4294.608747588519,2630.82239760372,2630.82239760372,0.0,426.11235410365316,0.0,4992.185536581155,0.0,0.0,660.9237629525047,23.952026806906847,0.0,0.0,0.0,0.0,0.0
2025-11-28 03:00:00+00:00,8,46.0,3236.0382961942355,469.7117681517981,1095.9941256875286,1670.3324023549064,469.7117681517981,373.835147983151,95.87662016864712,2336.5595364479163,469.71176815179814,-5.684341886080802e-14,105.37013228319381,990.6239934043348,1670.3324023549064,0.0,683.2171173117064,213.50534915990823,1775.7025346381001,2367.6033795174667,591.9008448793667,-5.684341886080802e-14,-1.8947806286936004e-14,990.6239934043347,14.85935990106502,39.67690786013158,19.812479868086697,146.3582784396868,1026.113220108245,7566.770331065002,2647.87441583161,2647.87441583161,0.0,402.94608099756306,0.0,5364.999942455678,3304.6188147625235,0.0,3795.960438941195,23.95047819170528,0.0,0.0,0.0,-1.3642420526593924e-12,0.0
2025-11-28 04:00:00+00:00,8,46.0,3247.777536080856,471.48874390425925,1100.1404024432713,1676.1483897333246,471.4887439042592,375.150452238376,96.33829166588325,2336.5595364479163,471.48874390425925,0.0,99.55414490477517,1000.5862575384962,1676.1483897333246,0.0,685.8018093152862,214.3130654110269,1775.7025346380997,2367.6033795174662,591.9008448793666,0.0,0.0,1000.5862575384962,15.008793863077441,39.759833395246424,20.011725150769923,146.89860113502397,1027.8928638345112,6544.4501202438505,3990.0851978082596,3990.08519780826,0.0,0.0,936.6800089755075,4368.290985754444,2268.779720328483,0.0,5948.313866572543,23.949522442667355,0.0,0.0,0.0,4.547473508864641e-13,0.0
2025-11-28 05:00:00+00:00,8,46.0,3232.7205570682927,469.3699131980247,1095.1964641287238,1668.154179741546,469.3699131980247,373.4745421680018,95.89537103002287,2336.5595364479163,469.3699131980247,0.0,107.54835489655443,987.6481092321694,1668.154179741546,0.0,682.7198737425814,213.34996054455667,1775.7025346381004,2367.603379517467,591.9008448793668,0.0,0.0,987.6481092321694,14.81472163848254,39.66095462895548,19.75296218464339,146.22579421618838,1025.7052380921932,4258.425795160486,5446.849914080061,5446.84991408006,9.094947017729282e-13,0.0,2396.5266608200122,1836.8947608145013,0.0,0.0,5948.313866572543,23.949114270763683,0.0,0.0,0.0,0.0,0.0
2025-11-28 06:00:00+00:00,8,46.0,3251.0636055714913,471.52278618185056,1100.2198344243177,1679.3209849653244,471.52278618185056,375.7888933231441,95.73389285870644,2336.5595364479163,471.52278618185056,0.0,2.942132259905639e-12,1100.2198344243147,1679.3209849653244,0.0,685.851325355419,214.32853917356843,1679.3209849653274,2239.0946466204364,559.7736616551091,0.0,0.0,1100.2198344243147,16.50329751636472,38.79760653813963,22.004396688486295,146.98935626584404,998.3968578375122,4249.460463409004,4666.505894704083,5019.21591944595,0.0,0.0,1741.5599227282287,0.0,0.0,0.0,5948.313866572543,23.949879765382843,0.0,0.0,0.0,2.2737367544323206e-13,0.0
2025-11-28 07:00:00+00:00,8,46.0,3227.6421726238386,468.063756144244,1092.1487643365692,1667.4296521430247,468.06375614424405,372.92430466430324,95.13945147994079,2336.5595364479163,468.06375614424405,-5.684341886080802e-14,0.0,1092.1487643365692,1667.4296521430247,0.0,680.8200089370823,212.7562527928382,1667.4296521430247,2223.2395361906993,555.8098840476748,-5.684341886080802e-14,-1.8947806286936004e-14,1092.1487643365692,16.382231465048537,38.51727180816163,21.842975286731384,145.9225213046725,991.231136705127,4218.873309328966,2904.0595451277813,3887.45313427802,0.0,0.0,0.0,0.0,0.0,0.0,5948.313866572543,23.949910173766384,0.0,0.0,0.0,0.0,0.0
2025-11-28 08:00:00+00:00,8,46.0,3217.9434145485484,466.5160420643158,1088.5374314834032,1662.889941000832,466.5160420643158,371.7841275692816,94.73191449503418,2336.5595364479163,466.51604206431574,5.684341886080802e-14,0.0,1088.5374314834032,1662.889941000832,0.0,678.5687884571865,212.05274639287077,1662.889941000832,2217.186588001109,554.2966470002773,5.684341886080802e-14,1.8947806286936004e-14,1088.5374314834032,16.328061472251047,38.39964803967639,21.770748629668066,145.46580155389694,988.3136530886406,901.6382528746653,2895.755376458296,3416.20661731202,0.0,0.0,0.0,0.0,0.0,3304.6188147625235,2464.939782140664,23.9490840405417,0.0,0.0,0.0,-2.2737367544323206e-13,0.0
2025-11-28 09:00:00+00:00,8,46.0,3203.6907834092526,463.806628540677,1082.2154665949129,1657.6686882736647,463.806628540677,370.0436458097442,93.76298273093282,2336.5595364479163,463.806628540677,0.0,0.0,1082.2154665949129,1657.6686882736647,0.0,674.6278233318939,210.8211947912168,1657.6686882736647,2210.2249176982195,552.5562294245549,0.0,0.0,1082.2154665949129,16.233231998923692,38.2209962146349,21.644309331898256,144.74134706522136,984.2173088264499,2476.46822541632,1450.3179378456807,1450.31793784568,6.821210263296962e-13,1434.5348031844328,0.0,1362.8080630252111,0.0,1711.4398668193821,660.9237629525047,23.949314596235816,0.0,0.0,0.0,0.0,0.0
2025-11-28 10:00:00+00:00,8,46.0,3204.0751903207956,464.20561604325786,1083.1464374342681,1656.7231368432706,464.2056160432579,370.2553828192097,93.95023322404823,2336.5595364479163,464.2056160432578,5.684341886080802e-14,0.0,1083.1464374342681,1656.7231368432706,0.0,675.2081687901932,211.00255274693538,1656.7231368432706,2208.964182457694,552.2410456144235,5.684341886080802e-14,1.8947806286936004e-14,1083.1464374342681,16.24719656151402,38.230160117118075,21.662928748685363,144.8031443712419,984.1870281599181,4188.262218480713,-4.547473508864641e-13,0.0,0.0,2884.1723512478875,0.0,4100.0461805846535,0.0,0.0,660.9237629525047,23.949567480847566,0.0,0.0,0.0,-4.547473508864641e-13,0.0
2025-11-28 11:00:00+00:00,8,46.0,3254.992720441803,471.59976452035676,1100.3994505474989,1682.9935053739455,471.59976452035676,376.24437737893516,95.35538714142157,2336.5595364479163,471.59976452035676,0.0,3.0230363666884263e-13,1100.3994505474986,1682.9935053739455,0.0,685.9632938477916,214.3635293274349,1682.9935053739457,2243.991340498594,560.9978351246485,0.0,0.0,1100.3994505474986,16.505991758212478,38.83792406468943,22.007989010949974,147.1066590361392,999.8199283220745,4254.812648763877,4.547473508864641e-13,0.0,4.547473508864641e-13,2929.9546343463853,0.0,6875.302990852551,0.0,0.0,660.9237629525047,23.948992773123376,0.0,0.0,0.0,-2.2737367544323206e-13,0.0
2025-11-28 12:00:00+00:00,8,46.0,3228.0821821670875,467.16901413189623,1090.0610329744245,1670.8521350607691,467.1690141318963,372.9707700708336,94.19824406106265,2336.5595364479163,467.1690141318963,-5.684341886080802e-14,3.410605131648481e-13,1090.061032974424,1670.8521350607691,0.0,679.518566010031,212.3495518781347,1670.8521350607693,2227.8028467476925,556.9507116869231,-5.684341886080802e-14,-1.8947806286936004e-14,1090.061032974424,16.35091549461636,38.50974201009618,21.801220659488482,145.822809095312,991.7849508245708,7524.485947754182,-4.547473508864641e-13,0.0,0.0,2907.321412757724,0.0,9623.507726990685,3304.6188147625235,0.0,3795.960438941195,23.950616868687003,0.0,0.0,0.0,0.0,0.0
2025-11-28 13:00:00+00:00,8,46.0,3215.14147905836,465.2523046425667,1085.5887108326554,1664.3004635831412,465.2523046425667,371.4188649001393,93.8334397424274,2336.5595364479163,465.2523046425667,0.0,0.0,1085.5887108326554,1664.3004635831412,0.0,676.7306249346425,211.47832029207578,1664.3004635831412,2219.0672847775213,554.7668211943803,0.0,0.0,1085.5887108326554,16.28383066248983,38.35477885248452,21.711774216653108,145.23220625851803,987.8277314766017,6471.748930863443,1.3642420526593924e-12,0.0,1.3642420526593924e-12,2895.7979097121624,0.0,12355.26872576326,2268.779720328483,0.0,5948.313866572543,23.949252824676403,0.0,0.0,0.0,-1.3642420526593924e-12,0.0
2025-11-28 14:00:00+00:00,8,46.0,3309.96081970632,478.049778116354,1115.4494822714926,1716.4615593184728,478.04977811635405,382.36914024078493,95.6806378755691,2336.5595364479163,478.04977811635393,5.684341886080802e-14,0.0,1115.4494822714926,1716.4615593184728,0.0,695.3451318056058,217.29535368925178,1716.4615593184728,2288.6154124246304,572.1538531061576,5.684341886080802e-14,1.8947806286936004e-14,1115.4494822714926,16.73174223407239,39.47360523861458,22.30898964542985,149.39569543044513,1017.3592393439714,4327.320059050291,2278.62983336397,2278.62983336397,0.0,705.3307108662661,0.0,13000.622363634686,0.0,0.0,5948.313866572543,23.948206250563207,0.0,0.0,0.0,-1.1368683772161603e-13,0.0
2025-11-28 15:00:00+00:00,8,46.0,3399.0756266603876,492.22822401099063,1148.5325226923112,1758.3148799570859,492.22822401099063,392.37454769170125,99.85367631928936,2336.5595364479163,492.2282240109906,5.684341886080802e-14,0.0,1148.5325226923112,1758.314879957086,-2.2737367544323206e-13,715.9683258341681,223.74010182317753,1758.314879957086,2344.4198399427814,586.1049599856954,-1.7053025658242404e-13,-5.684341886080802e-14,1148.532522692311,17.227987840384664,40.55379925341708,22.970650453846226,153.5915268450447,1044.1890262015654,4443.2646528619525,2180.74284742367,2180.74284742367,0.0,879.6453183532799,0.0,13810.284171343032,0.0,0.0,5948.313866572543,23.94410039359413,0.0,0.0,0.0,-4.547473508864641e-13,0.0
2025-11-28 16:00:00+00:00,8,46.0,3407.1959698933106,495.9145326061694,1157.133909414395,1754.147527872747,495.9145326061694,392.69166102172755,103.22287158444186,2336.5595364479163,495.9145326061694,0.0,0.0,1157.133909414395,1754.1475278727469,2.2737367544323206e-13,721.3302292453374,225.41569663916792,1754.1475278727469,2338.8633704969957,584.7158426242489,2.2737367544323206e-13,7.579122514774402e-14,1157.1339094143952,17.357008641215927,40.68415346701536,23.1426781882879,154.28667996826655,1045.6020595282025,1148.1792146589905,3030.3205297877003,3030.3205297877,4.547473508864641e-13,29.873069954632683,0.0,13811.043019457245,0.0,3304.6188147625235,2464.939782140664,23.94130619979099,0.0,0.0,0.0,9.094947017729282e-13,0.0
2025-11-28 17:00:00+00:00,8,46.0,3384.7131239363234,493.63643154169586,1151.8183402639568,1739.258352130671,493.6364315416958,390.06904752098217,103.56738402071365,2336.5595364479163,493.63643154169586,0.0,0.0,1151.8183402639568,1739.258352130671,0.0,718.0166276970122,224.3801961553163,1739.258352130671,2319.011136174228,579.752784043557,0.0,0.0,1151.8183402639568,17.27727510395935,40.42895032658585,23.036366805279137,153.39461301717472,1038.2701854518723,4422.983309388193,4253.615772276671,4253.61577227667,9.094947017729282e-13,0.0,1216.5880084054306,12502.801977202089,0.0,0.0,2464.939782140664,23.942664309009253,0.0,0.0,0.0,-2.2737367544323206e-12,0.0
2025-11-28 18:00:00+00:00,8,46.0,3331.901453149512,486.06138230753913,1134.1432253842577,1711.6968454577152,486.06138230753913,384.05483910024384,102.00654320729531,2336.5595364479163,486.06138230753913,0.0,0.0,1134.1432253842577,1711.6968454577152,0.0,706.9983742655115,220.93699195797234,1711.6968454577152,2282.262460610287,570.5656151525717,0.0,0.0,1134.1432253842577,17.012148380763865,39.7998329622623,22.682864507685153,151.01629922114654,1022.013752182402,2642.475338512532,3896.0040344680406,3896.00403446804,4.547473508864641e-13,0.0,906.743199592242,11523.329847361116,0.0,1711.4398668193821,660.9237629525047,23.942365408591527,0.0,0.0,0.0,2.2737367544323206e-13,0.0
2025-11-28 19:00:00+00:00,8,46.0,3233.2060234436854,471.4862818570008,1100.134657666335,1661.5850839203495,471.4862818570008,372.9226513089461,98.56363054805468,2336.5595364479163,471.48628185700073,5.684341886080802e-14,0.0,1100.134657666335,1661.5850839203495,0.0,685.7982281556375,214.3119462986367,1661.5850839203495,2215.4467785604656,553.8616946401164,5.684341886080802e-14,1.8947806286936004e-14,1100.134657666335,16.502019864995024,38.61854399253019,22.0026931533267,146.51969127460086,991.8165892242059,4225.02261266789,3475.14967492605,3475.14967492605,0.0,0.0,573.904668209947,10896.173010603292,0.0,0.0,660.9237629525047,23.94381447521094,0.0,0.0,0.0,-1.3642420526593924e-12,0.0
2025-11-28 20:00:00+00:00,8,46.0,3257.3803638142945,474.9465901746994,1108.2087104076318,1674.225063231963,474.9465901746994,375.62455156709,99.32203860760937,2336.5595364479163,474.9465901746994,0.0,0.0,1108.2087104076318,1674.225063231963,0.0,690.8314038904718,215.88481371577245,1674.225063231963,2232.300084309284,558.075021077321,0.0,0.0,1108.2087104076318,16.623130656114476,38.90642484047227,22.164174208152637,147.60586535245204,999.2594298502848,4256.639793664578,5812.04950907955,5812.04950907955,0.0,0.0,2888.9180208797943,7833.414326813881,0.0,0.0,660.9237629525047,23.943584485688135,0.0,0.0,0.0,-1.2505552149377763e-12,0.0
2025-11-28 21:00:00+00:00,8,46.0,3294.174237860473,480.2636709767945,1120.615232279187,1693.295334604492,480.2636709767945,379.70921155991107,100.55445941688345,2336.5595364479163,480.2636709767945,0.0,82.40720003360809,1038.208032245579,1693.295334604492,0.0,698.5653396026103,218.3016686258157,1775.7025346381001,2367.6033795174667,591.9008448793667,0.0,0.0,1038.208032245579,15.573120483683685,40.169329991964744,20.76416064491158,149.26645781398528,1035.9755824397278,4330.149820300199,5630.003399668871,5630.00339966887,9.094947017729282e-13,0.0,2563.834680548793,5118.974150214155,0.0,0.0,660.9237629525047,23.939458503652244,0.0,0.0,0.0,-1.5916157281026244e-12,0.0
2025-11-28 22:00:00+00:00,8,46.0,3371.3306467142584,491.2656877900526,1146.286604843456,1733.7783540807516,491.26568779005265,388.27570755161736,102.98998023843527,2336.5595364479163,491.2656877900526,0.0,41.92418055734822,1104.3624242861079,1733.7783540807516,0.0,714.5682731491675,223.30258535911483,1775.7025346380997,2367.6033795174662,591.9008448793666,0.0,0.0,1104.3624242861079,16.565436364291617,40.68275744325011,22.087248485722156,152.73341350572383,1047.272286037469,4418.602932751726,4787.20798837594,4787.20798837594,0.0,0.0,1705.0363357093056,3313.9611116934057,0.0,0.0,660.9237629525047,23.939836838054546,0.0,0.0,0.0,-1.1368683772161603e-12,0.0
2025-11-28 23:00:00+00:00,8,46.0,3337.2492740096263,486.4044800587537,1134.9437868037583,1715.9010071471148,486.4044800587536,384.4589245585284,101.94555550022524,2336.5595364479163,486.4044800587537,0.0,59.801527490984995,1075.1422593127731,1715.901007147115,-2.2737367544323206e-13,707.4974255400053,221.09294548125166,1775.7025346381001,2367.6033795174667,591.9008448793667,-2.2737367544323206e-13,-7.579122514774402e-14,1075.142259312773,16.127133889691592,40.455901082456165,21.502845186255463,151.20283845547561,1042.2825089744972,4379.531782984123,2579.61427883634,2579.61427883634,0.0,495.48652622113195,0.0,3778.045389380094,0.0,0.0,660.9237629525047,23.94344496432933,0.0,0.0,0.0,-2.2737367544323206e-13,0.0
