timestamp_hour_utc,representative_day_id,day_weight,it_load_kw,q_air_kw,q_cp_kw,q_rdhx_kw,s_air_kw,s_air_old_kw,s_air_new_kw,old_ac_capacity_eff_kw,q_air_to_ashp_kw,q_air_to_reject_kw,q_cp_to_wshp_kw,q_cp_to_free_kw,q_rdhx_to_wshp_kw,q_rdhx_to_chiller_kw,q_ashp_out_kw,p_ashp_kw,q_wshp_in_kw,q_wshp_out_kw,p_wshp_kw,q_chiller_evap_kw,p_chiller_kw,q_tower_kw,p_tower_kw,p_pump_kw,p_cdu_free_kw,p_terminal_kw,p_cooling_kw,p_grid_kw,q_heat_kw,heating_demand_kw,heat_demand_upper_violation_kw,q_tes_ch_kw,q_tes_dis_kw,e_tes_kwh,p_bess_ch_kw,p_bess_dis_kw,e_bess_kwh,max_theta_c,hotspot_slack_c,hotspot_penalty_yuan,bess_degradation_cost_yuan,power_balance_residual_kw,heat_balance_residual_kw
2025-01-30 00:00:00+00:00,0,66.0,2837.291468201433,458.0236326006578,895.619975920068,1483.6478596807071,458.0236326006577,277.8062658723517,180.21736672830608,1941.28693942502,446.56733960098813,11.456292999669643,0.0,895.619975920068,1483.6478596807071,0.0,649.5524939650737,202.98515436408553,1483.6478596807071,1978.1971462409429,494.5492865602357,11.456292999669643,3.818764333223214,910.8950332529608,13.663425498794412,32.748878115208434,17.91239951840136,138.22936015338223,903.9072685433308,3741.1987367447637,2627.7496402060165,3219.22382502416,0.0,0.0,0.0,0.0,0.0,0.0,660.9237629525047,23.93512381639015,0.0,0.0,0.0,-1.1368683772161603e-13,0.0
2025-01-30 01:00:00+00:00,0,66.0,2811.291148338461,453.07621322995084,885.4252513175419,1472.7896837909666,453.07621322995084,275.95689877965987,177.11931445029097,1941.28693942502,441.60479699020067,11.47141623975017,4.424568819435868e-12,885.4252513175375,1472.7896837909666,0.0,642.3342501675646,200.72945317736392,1472.789683790971,1963.719578387961,490.92989459699027,11.47141623975017,3.8238054132500565,900.7204729705377,13.510807094558064,32.436401864260546,17.70850502635075,136.87646971670256,896.0153368894762,3707.3064852279367,2606.053828555526,3277.57292616957,0.0,0.0,0.0,0.0,0.0,0.0,660.9237629525047,23.934980674577147,0.0,0.0,0.0,-4.547473508864641e-13,0.0
2025-01-30 02:00:00+00:00,0,66.0,2819.105058034541,454.1051108739862,888.3016166144336,1476.698330546122,454.1051108739862,278.22142286093106,175.88368801305512,1941.28693942502,442.06574820249483,12.039362671491347,553.9067705313872,334.39484608304633,1476.698330546122,0.0,643.0047246581743,200.93897645567944,2030.605101077509,2707.473468103345,676.8683670258363,12.039362671491347,4.013120890497116,350.4473296450348,5.256709944675522,38.07208334306376,6.6878969216609265,137.20668450751162,1069.0438390889246,3888.148897123466,3350.4781927615195,3350.47819276152,0.0,0.0,0.0,0.0,0.0,0.0,660.9237629525047,23.931528261108504,0.0,0.0,0.0,6.821210263296962e-13,0.0
2025-01-30 03:00:00+00:00,0,66.0,2803.0722391605236,451.415894633904,882.2380059524924,1469.418338574128,451.415894633904,277.2343605760116,174.18153405789235,1941.28693942502,439.25776523302784,12.158129400876135,619.7297668693534,262.50823908313896,1469.4183385741278,2.2737367544323206e-13,638.920385793495,199.6626205604672,2089.148105443481,2785.5308072579746,696.3827018144937,12.158129400876362,4.052709800292121,278.71907828430744,4.180786174264611,38.53624117348466,5.25016478166278,136.43451996041267,1084.4997442650777,6156.351703754084,3424.4511930514695,3424.45119305147,0.0,0.0,0.0,0.0,2268.779720328483,0.0,2813.277190583852,23.93078661078917,0.0,0.0,0.0,-4.547473508864641e-13,0.0
2025-01-30 04:00:00+00:00,0,66.0,2818.2087153841603,453.57718000894187,887.4382225537556,1477.193312821464,453.5771800089418,278.5869584478669,174.99022156107495,1941.28693942502,441.474907860029,12.102272148912846,887.4382225537556,0.0,1477.193312821464,0.0,642.1453205236786,200.67041266364956,2364.6315353752198,3152.8420471669597,788.2105117917399,12.102272148912846,4.034090716304282,16.136362865217126,0.2420454429782569,41.39507980482731,0.0,137.10751966268109,1171.6596600821804,7294.487190228865,3794.987367690638,5074.25305785225,0.0,0.0,0.0,0.0,3304.6188147625235,0.0,5948.313866572543,23.93110175642715,0.0,0.0,0.0,9.094947017729282e-13,0.0
2025-01-30 05:00:00+00:00,0,66.0,2796.4623028695482,449.83629325873875,879.8322033521922,1466.793806258616,449.8362932587387,276.4017082188043,173.43458503993443,1941.28693942502,437.8891054957259,11.947187763012835,879.8322033521922,0.0,1466.793806258616,0.0,636.9296079937832,199.04050249805724,2346.626009610808,3128.8346794810773,782.2086698702693,11.947187763012835,3.982395921004278,15.929583684017112,0.23894375526025668,41.06290416315193,0.0,136.02325229852673,1162.5566685062697,3959.018971375819,3765.7642874748603,7175.01322351412,0.0,0.0,0.0,0.0,0.0,0.0,5948.313866572543,23.93203180293769,0.0,0.0,0.0,1.1368683772161603e-12,0.0
2025-01-30 06:00:00+00:00,0,66.0,2839.669267894365,457.78749247105145,893.6578072414875,1488.223968181827,457.78749247105145,281.1342166508854,176.65327582016604,1941.28693942502,445.185543140513,12.601949330538446,1.4748562731452893e-12,893.657807241486,1488.2239681818273,-2.2737367544323206e-13,647.5426082043825,202.35706506386953,1488.2239681818287,1984.298624242438,496.0746560606095,12.601949330538218,4.200649776846073,910.4604063488703,13.656906095233053,32.75539582664804,17.87315614482972,138.30798241503754,905.2258113830735,3744.895079277439,2631.841232446821,6830.12859379895,0.0,0.0,0.0,0.0,0.0,0.0,5948.313866572543,23.928223818821877,0.0,0.0,0.0,4.547473508864641e-13,0.0
2025-01-30 07:00:00+00:00,0,66.0,2968.4064399077884,478.41305039564975,933.6916155660869,1556.3017739460497,478.41305039564975,294.1239233347557,184.289127060894,1941.28693942502,464.9244690532506,13.48858134239913,1.4561971066592843e-12,933.6916155660854,1556.3017739460497,0.0,676.2537731683645,211.3293041151139,1556.301773946051,2075.069031928068,518.767257982017,13.48858134239913,4.49619378079971,951.6763906892842,14.275145860339261,34.23685005078225,18.673832311321707,144.56790845027547,946.3464925506493,2203.3130656390554,2751.3228050964326,5663.16442841657,0.0,0.0,0.0,0.0,0.0,1711.4398668193821,4144.297847384383,23.923084666310658,0.0,0.0,0.0,-1.1368683772161603e-13,0.0
2025-01-30 08:00:00+00:00,0,66.0,3021.9030784233887,486.6267321975345,950.4831259727995,1584.7932202530549,486.6267321975345,299.19347620249385,187.43325599504067,1941.28693942502,473.15280831179166,13.473923885742863,0.0,950.4831259727995,1584.7932202530549,0.0,688.2222666353333,215.06945832354165,1584.7932202530549,2113.057627004073,528.2644067510182,13.473923885742863,4.491307961914288,968.4483578204566,14.526725367306849,34.85759472198654,19.00966251945599,147.09712485961492,963.3162805048385,680.6005441657034,2801.279893639406,5011.85628625748,0.0,0.0,0.0,0.0,0.0,3304.6188147625235,660.9237629525047,23.923114498987715,0.0,0.0,0.0,-2.2737367544323206e-13,0.0
2025-01-30 09:00:00+00:00,0,66.0,3002.5329056780597,483.1593055421981,942.6217241788934,1576.7518759569698,483.1593055421981,296.9983943549291,186.16091118726902,1941.28693942502,469.8881138108571,13.271191731341048,0.0,942.6217241788934,1576.7518759569696,2.2737367544323206e-13,683.4736200885194,213.5855062776623,1576.7518759569696,2102.3358346092928,525.5839586523232,13.271191731341275,4.4237305771137585,960.3166464873484,14.404749697310226,34.61995324314756,18.852434483577866,146.13459481312807,957.604927744263,3960.137833422322,2152.9561115643205,2152.95611156432,4.547473508864641e-13,632.8533431334918,0.0,601.2106759768171,0.0,0.0,660.9237629525047,23.924312041626333,0.0,0.0,0.0,-9.094947017729282e-13,0.0
2025-01-30 10:00:00+00:00,0,66.0,2975.7765020466836,479.1087166356113,933.9777002983715,1562.6900851127018,479.1087166356113,295.003025934296,184.10569070131532,1941.28693942502,465.6777576720586,13.430958963552712,0.0,933.9777002983715,1562.6900851127018,0.0,677.3494657048125,211.67170803275388,1562.6900851127018,2083.586780150269,520.8966950375673,13.430958963552712,4.476986321184238,951.8856455831084,14.278284683746625,34.30645485709445,18.67955400596743,144.8880905707398,949.1977735090537,3924.974275555737,0.0,0.0,0.0,2760.9362458550813,0.0,3222.897688187191,0.0,0.0,660.9237629525047,23.92336434507439,0.0,0.0,0.0,-1.1368683772161603e-13,0.0
2025-01-30 11:00:00+00:00,0,66.0,2984.4163694457434,481.1708793961343,938.0923868995278,1565.1531031500786,481.1708793961343,295.3457309233418,185.8251484727925,1941.28693942502,467.79243272534774,13.378446670786559,0.0,938.0923868995278,1565.1531031500786,0.0,680.4253566914149,212.63292396606715,1565.1531031500786,2086.8708042001044,521.7177010500261,13.378446670786559,4.459482223595519,955.9303157939099,14.338954736908649,34.413378769491345,18.761847737990557,145.39653234698608,951.7208208310655,3936.1371902768087,-4.547473508864641e-13,0.0,0.0,2767.29616089152,0.0,5845.383245657761,0.0,0.0,660.9237629525047,23.923721925933897,0.0,0.0,0.0,-1.1368683772161603e-13,0.0
2025-01-30 12:00:00+00:00,0,66.0,2967.3302624982703,478.30250293128455,933.6182266732919,1555.4095328936933,478.3025029312845,293.6206423211455,184.681860610139,1941.28693942502,464.9276587079029,13.374844223381672,0.0,933.6182266732919,1555.4095328936935,-2.2737367544323206e-13,676.2584126660406,211.33075395813768,1555.4095328936935,2073.879377191591,518.4698442978978,13.374844223381444,4.458281407793815,951.4513523044672,14.271770284567006,34.22645986240278,18.67236453346584,144.52005554664203,945.9495298909069,7217.898607151699,-9.094947017729282e-13,0.0,0.0,2750.137789857633,0.0,8446.323379531197,3304.6188147625235,0.0,3795.960438941195,23.923770950245302,0.0,0.0,0.0,-9.094947017729282e-13,0.0
2025-01-30 13:00:00+00:00,0,66.0,2932.027352838794,471.5875636749847,921.8329322712486,1538.6068568925593,471.5875636749847,290.7330411843927,180.85452249059202,1941.28693942502,458.376432368373,13.211131306611719,0.0,921.8329322712486,1538.6068568925593,0.0,666.7293561721789,208.35292380380588,1538.6068568925593,2051.475809190079,512.8689522975197,13.211131306611719,4.403710435537239,939.4477740133976,14.091716610200963,33.822727214350564,18.436658645424973,142.62802244857625,934.6047114554156,6135.411784622692,-4.547473508864641e-13,0.0,0.0,2718.2051653622584,0.0,11011.725639866281,2268.779720328483,0.0,5948.313866572543,23.92485580494233,0.0,0.0,0.0,-4.547473508864641e-13,0.0
2025-01-30 14:00:00+00:00,0,66.0,2952.157471430476,475.514878110251,932.0769274186378,1544.5656659015876,475.514878110251,292.50714590625176,183.00773220399924,1941.28693942502,462.67373038813975,12.841147722111259,0.0,932.0769274186378,1544.5656659015876,0.0,672.9799714736579,210.30624108551808,1544.5656659015876,2059.420887868783,514.8552219671958,12.841147722111259,4.280382574037087,949.1984577147861,14.23797686572179,34.08719520738863,18.641538548372754,143.63492949468957,940.0434857429237,3892.2009571734,2319.0794354811,2319.0794354811,0.0,413.3214238613409,0.0,11382.357541254823,0.0,0.0,5948.313866572543,23.92698899339032,0.0,0.0,0.0,3.410605131648481e-13,0.0
2025-01-30 15:00:00+00:00,0,66.0,2948.262745365813,475.6236431965586,937.5580397748123,1535.081062394442,475.62364319655853,292.37427590024015,183.2493672963184,1941.28693942502,462.8870435043527,12.736599692205914,0.0,937.5580397748123,1535.0810623944417,2.2737367544323206e-13,673.2902450972402,210.40320159288757,1535.0810623944417,2046.7747498592555,511.6936874648139,12.736599692206141,4.24553323073538,954.5401726977539,14.318102590466307,34.101971419440666,18.751160795496247,143.41003664794573,936.9236937417858,3885.1864391075983,2306.08251971698,2306.08251971698,0.0,413.9824752395157,0.0,11752.876177649852,0.0,0.0,5948.313866572543,23.927599160116547,0.0,0.0,0.0,-3.410605131648481e-13,0.0
2025-01-30 16:00:00+00:00,0,66.0,2997.6325152554227,484.8743223498217,950.8701045765716,1561.8880883290294,484.8743223498217,297.1038582777217,187.77046407209994,1941.28693942502,471.6413993524967,13.232922997324977,0.0,950.8701045765716,1561.8880883290294,0.0,686.0238536036316,214.38245425113485,1561.8880883290294,2082.5174511053724,520.6293627763431,13.232922997324977,4.410974332441659,968.5140019063383,14.527710028595074,34.636282974821725,19.017402091531434,146.11381857219277,953.7180050270606,3951.350520282484,3317.0203132597703,3317.02031325977,4.547473508864641e-13,0.0,548.4790085507661,11152.024100504272,0.0,0.0,5948.313866572543,23.924702519504958,0.0,0.0,0.0,6.821210263296962e-13,0.0
2025-01-30 17:00:00+00:00,0,66.0,3075.8016826800604,498.23105573300126,978.7968493330709,1598.7737776139866,498.2310557330012,304.516484009386,193.71457172361525,1941.28693942502,484.8629983082656,13.368057424735639,0.0,978.7968493330709,1598.7737776139863,2.2737367544323206e-13,705.2552702665682,220.39227195830256,1598.7737776139863,2131.6983701519816,532.9245925379954,13.368057424735866,4.456019141578622,996.6209258993854,14.94931388849078,35.563674762801284,19.575936986661418,149.9754217153529,977.837230991183,749.0200989087189,4904.21584858014,4904.21584858014,0.0,0.0,2067.26220816159,8953.654570027906,0.0,3304.6188147625235,2464.939782140664,23.923914790464536,0.0,0.0,0.0,-1.0231815394945443e-12,0.0
2025-01-30 18:00:00+00:00,0,66.0,3077.4564119695037,497.78625589317187,978.2391462936228,1601.4310097827083,497.78625589317187,304.4713469410366,193.31490895213528,1941.28693942502,484.4869698871397,13.299286006032162,0.0,978.2391462936228,1601.431009782708,2.2737367544323206e-13,704.7083198358396,220.22134994869987,1601.431009782708,2135.241346376944,533.810336594236,13.29928600603239,4.43309533534413,995.9715276349992,14.939572914524987,35.57909302369954,19.564782925872457,149.94973848620043,978.4979692285774,2344.514514378699,4617.13329813829,4617.13329813829,0.0,0.0,1777.1836319255067,7065.027648334686,0.0,1711.4398668193821,660.9237629525047,23.92434465585405,0.0,0.0,0.0,0.0,0.0
2025-01-30 19:00:00+00:00,0,66.0,3045.685683823804,492.6274429999567,969.3269417669384,1583.7312990569098,492.62744299995677,301.6986322127476,190.92881078720916,1941.28693942502,479.20740338166985,13.420039618286864,0.0,969.3269417669384,1583.7312990569098,0.0,697.028950373338,217.82154699166813,1583.7312990569098,2111.6417320758796,527.9104330189699,13.420039618286864,4.473346539428955,987.2203279246542,14.808304918869812,35.22385182590787,19.38653883533877,148.36758170373875,967.9916038339223,4013.6772876577265,4163.334025091741,4163.33402509174,9.094947017729282e-13,0.0,1354.6633426425228,5624.936179730098,0.0,0.0,660.9237629525047,23.923595761543936,0.0,0.0,0.0,1.1368683772161603e-13,0.0
2025-01-30 20:00:00+00:00,0,66.0,3031.1384403045904,489.57923913468164,964.930064054605,1576.6291371153052,489.57923913468164,300.0226224584631,189.55661667621854,1941.28693942502,476.45095095310523,13.128288181576409,0.0,964.930064054605,1576.629137115305,2.2737367544323206e-13,693.0195650226985,216.56861406959328,1576.629137115305,2102.1721828204063,525.5430457051016,13.128288181576636,4.376096060525545,982.4344482967073,14.736516724450608,35.06489265224515,19.2986012810921,147.5219610914487,963.109727584457,3994.2481678890467,6901.528394673261,6901.52839467326,9.094947017729282e-13,0.0,4106.336646830156,1291.2266791283691,0.0,0.0,660.9237629525047,23.925262310059523,0.0,0.0,0.0,-6.821210263296962e-13,0.0
2025-01-30 21:00:00+00:00,0,66.0,3015.393467425286,485.88523812597606,958.391795044352,1571.1164342549596,485.8852381259761,298.44626933705786,187.43896878891823,1941.28693942502,473.0973253800366,12.78791274593948,1.4725238773345386e-12,958.3917950443505,1571.1164342549598,-2.2737367544323206e-13,688.1415641891441,215.04423880910753,1571.1164342549612,2094.821912339948,523.705478084987,12.787912745939252,4.26263758197975,975.4423453722695,14.631635180584043,34.87900024343665,19.16783590088701,146.57957522494436,958.2704010259263,3973.6638684512122,4007.175491010699,6614.99797636466,0.0,0.0,1224.2120144816067,0.0,0.0,0.0,660.9237629525047,23.927195404262083,0.0,0.0,0.0,0.0,0.0
2025-01-30 22:00:00+00:00,0,66.0,3021.374179872461,486.7623359472182,959.198754298805,1575.4130896264364,486.7623359472182,299.39792980971384,187.36440613750437,1941.28693942502,473.83076323100346,12.93157271621476,0.0,959.198754298805,1575.4130896264367,-2.2737367544323206e-13,689.2083828814596,215.3776196504561,1575.4130896264367,2100.550786168582,525.1376965421455,12.931572716214532,4.310524238738178,976.4408512537577,14.646612768806365,34.93810598224047,19.1839750859761,146.88366789499563,960.4782021633582,3981.8523820358178,2789.7591690500412,5528.11770962516,0.0,0.0,0.0,0.0,0.0,0.0,660.9237629525047,23.926354370956844,0.0,0.0,0.0,-1.3642420526593924e-12,0.0
2025-01-30 23:00:00+00:00,0,66.0,3013.492745343617,485.5835790069938,958.3860741216873,1569.5230922149342,485.5835790069938,299.0639838442614,186.5195951627324,1941.28693942502,472.651161482807,12.932417524186747,0.0,958.3860741216873,1569.5230922149342,0.0,687.4925985204466,214.84143703763954,1569.5230922149342,2092.697456286579,523.1743640716447,12.932417524186747,4.310805841395582,975.6292974872697,14.634439462309045,34.86295240458309,19.16772148243375,146.47468983100057,957.4664101310063,3970.9591554746225,2780.1900548070253,2948.83793503903,0.0,0.0,0.0,0.0,0.0,0.0,660.9237629525047,23.92633169007159,0.0,0.0,0.0,-9.094947017729282e-13,0.0
2025-03-23 00:00:00+00:00,1,1.0,3047.0827957348697,494.0945817515988,959.5834460081454,1593.404767975125,494.0945817515988,302.06503997242015,192.02954177917866,1941.28693942502,0.0,494.0945817515988,0.0,959.5834460081454,0.0,1593.404767975125,0.0,0.0,0.0,0.0,0.0,2087.4993497267237,695.8331165755745,3742.9159123104437,56.143738684656654,19.191668920162908,19.191668920162908,148.93532887224217,939.2955219727992,3986.3783177076684,0.0,0.0,0.0,0.0,0.0,27985.329049608747,0.0,0.0,660.9237629525047,23.925301146541344,0.0,0.0,0.0,-4.547473508864641e-13,0.0
2025-03-23 01:00:00+00:00,1,1.0,3689.539622469024,598.1291864106753,1161.848007732728,1929.5624283256197,598.1291864106753,364.6461473768814,233.48303903379386,1941.28693942502,0.0,598.1291864106753,0.0,1161.848007732728,0.0,1929.5624283256197,0.0,0.0,0.0,0.0,0.0,2527.691614736295,842.563871578765,4532.1034940477875,67.98155241071682,23.23696015465456,23.23696015465456,180.3093493236166,1137.3286936224074,4826.868316091432,0.0,0.0,0.0,0.0,0.0,27929.35839150953,0.0,0.0,660.9237629525047,23.911127702991582,0.0,0.0,0.0,2.2737367544323206e-13,0.0
2025-03-23 02:00:00+00:00,1,1.0,4766.883972927061,772.1996416577391,1501.16664733406,2493.5176839352657,772.1996416577392,471.6626167555333,300.53702490220587,1941.28693942502,0.0,772.1996416577391,0.0,1501.16664733406,0.0,2493.5176839352657,0.0,0.0,0.0,0.0,0.0,3265.7173255930047,1088.572441864335,5855.4564147914,87.83184622187099,30.023332946681197,30.023332946681197,232.8499589396145,1469.3009129191828,6236.1848858462445,0.0,0.0,0.0,0.0,0.0,27873.49967472651,0.0,0.0,660.9237629525047,23.884199060103285,0.0,0.0,0.0,4.547473508864641e-13,0.0
2025-03-23 03:00:00+00:00,1,1.0,5065.620620082867,821.4269625364035,1595.0912050392876,2649.1024525071743,821.4269625364034,500.3773172399749,321.04964529642854,1941.28693942502,0.0,821.4269625364035,0.0,1595.0912050392876,0.0,2649.1024525071743,0.0,0.0,0.0,0.0,0.0,3470.529415043578,1156.8431383478594,6222.463758430726,93.33695637646088,31.901824100785753,31.901824100785753,247.600934364311,1561.5846772902028,6627.205297373071,0.0,0.0,0.0,0.0,0.0,27817.752675377058,0.0,0.0,660.9237629525047,23.87873520579274,0.0,0.0,0.0,4.547473508864641e-13,0.0
2025-03-23 04:00:00+00:00,1,1.0,4612.233252327111,747.8769260019293,1452.644083413175,2411.7122429120077,747.8769260019292,455.93361167240715,291.9433143295221,1941.28693942502,0.0,747.8769260019293,0.0,1452.644083413175,0.0,2411.7122429120077,0.0,0.0,0.0,0.0,0.0,3159.589168913937,1053.196389637979,5665.429641965091,84.98144462947636,29.0528816682635,29.0528816682635,225.4265848272958,1421.7101824312783,6033.943434758389,0.0,0.0,0.0,0.0,0.0,27762.117170026304,0.0,0.0,660.9237629525047,23.889488523773206,0.0,0.0,0.0,2.2737367544323206e-13,0.0
2025-03-23 05:00:00+00:00,1,1.0,4918.4003314097545,797.4205303831151,1548.813996569954,2572.165804456684,797.4205303831151,485.7109731765106,311.7095572066045,1941.28693942502,0.0,797.4205303831151,0.0,1548.813996569954,0.0,2572.165804456684,0.0,0.0,0.0,0.0,0.0,3369.586334839799,1123.1954449465995,6041.595776356352,90.62393664534528,30.97627993139908,30.97627993139908,240.37738099556717,1516.1493224503104,6434.5496538600655,0.0,0.0,0.0,0.0,0.0,27706.592935686254,0.0,0.0,660.9237629525047,23.882754787316056,0.0,0.0,0.0,6.821210263296962e-13,0.0
2025-03-23 06:00:00+00:00,1,1.0,4640.041575661417,752.2234787476568,1461.721807469996,2426.096289443762,752.2234787476568,458.73021142775167,293.49326731990516,1941.28693942502,0.0,752.2234787476568,0.0,1461.721807469996,0.0,2426.096289443762,0.0,0.0,0.0,0.0,0.0,3178.319768191419,1059.439922730473,5699.481498391888,85.49222247587831,29.234436149399922,29.234436149399922,226.7469768832218,1430.147994388373,6070.189570049789,0.0,0.0,0.0,0.0,0.0,27651.17974981488,0.0,0.0,660.9237629525047,23.88863632908281,0.0,0.0,0.0,-6.821210263296962e-13,0.0
2025-03-23 07:00:00+00:00,1,1.0,4423.780537253034,717.1758694991045,1392.083130109924,2314.521537644008,717.1758694991045,437.48619845643947,279.68967104266505,1941.28693942502,0.0,717.1758694991045,0.0,1392.083130109924,0.0,2314.521537644008,0.0,0.0,0.0,0.0,0.0,3031.6974071431123,1010.5658023810374,5434.346339634074,81.5151950945111,27.841662602198483,27.841662602198483,216.2206871697124,1363.985009849658,5787.765547102691,0.0,0.0,0.0,0.0,0.0,27595.87739031525,0.0,0.0,660.9237629525047,23.892680519173503,0.0,0.0,0.0,-6.821210263296962e-13,0.0
2025-03-23 08:00:00+00:00,1,1.0,2525.460535255602,410.04285901357315,796.3287680425526,1319.0889081994765,410.04285901357315,249.9227623769646,160.12009663660854,1941.28693942502,0.0,410.04285901357315,0.0,796.3287680425526,0.0,1319.0889081994765,0.0,0.0,0.0,0.0,0.0,1729.1317672130497,576.3772557376832,3101.837790993285,46.52756686489928,15.926575360851052,15.926575360851052,123.51102771037907,778.2690010346637,3303.7295362902655,0.0,0.0,0.0,0.0,0.0,27540.68563553461,0.0,0.0,660.9237629525047,23.93754435090078,0.0,0.0,0.0,0.0,0.0
2025-03-23 09:00:00+00:00,1,1.0,4083.5344389885936,662.4386594198004,1285.3004267882327,2135.7953527805594,662.4386594198004,402.7793190553345,259.6593403644659,1941.28693942502,0.0,662.4386594198004,0.0,1285.3004267882327,0.0,2135.7953527805594,0.0,0.0,0.0,0.0,0.0,2798.2340122003598,932.7446707334533,5016.279109722046,75.2441866458307,25.706008535764653,25.706008535764653,199.65960691857376,1259.060481369387,5342.594920357979,0.0,0.0,0.0,0.0,0.0,27485.60426426354,0.0,0.0,660.9237629525047,23.900664250712968,0.0,0.0,0.0,-1.1368683772161603e-12,0.0
2025-03-23 10:00:00+00:00,1,1.0,2599.533019262855,421.91773030652456,817.80061271567,1359.8146762406616,421.9177303065246,257.23491550011875,164.68281480640584,1941.28693942502,0.0,421.91773030652456,0.0,817.80061271567,0.0,1359.8146762406616,0.0,0.0,0.0,0.0,0.0,1781.7324065471862,593.9108021823954,3193.4438214452516,47.90165732167877,16.356012254313402,16.356012254313402,127.15373183812078,801.6782158508217,3401.2112351136766,0.0,0.0,0.0,0.0,0.0,27430.633055735016,0.0,0.0,660.9237629525047,23.933075448737284,0.0,0.0,0.0,0.0,0.0
2025-03-23 11:00:00+00:00,1,1.0,2678.3055703265177,434.3206523575704,841.201917714472,1402.7830002544754,434.3206523575704,264.83983522330703,169.48081713426336,1941.28693942502,0.0,434.3206523575704,0.0,841.201917714472,0.0,1402.7830002544754,0.0,0.0,0.0,0.0,0.0,1837.1036526120458,612.3678842040152,3290.673454530533,49.360101817958,16.82403835428944,16.82403835428944,130.9711557633975,826.3472184939496,3504.6527888204673,0.0,0.0,0.0,0.0,0.0,27375.771789623544,0.0,0.0,660.9237629525047,23.933555258335627,0.0,0.0,0.0,0.0,0.0
2025-03-23 12:00:00+00:00,1,1.0,3707.387082912041,601.1124063765977,1166.6176092441826,1939.6570672912594,601.1124063765978,365.35324224835415,235.75916412824364,1941.28693942502,0.0,601.1124063765977,0.0,1166.6176092441826,0.0,1939.6570672912594,0.0,0.0,0.0,0.0,0.0,2540.7694736678573,846.9231578892858,4554.310240801326,68.31465361201988,23.332352184883653,23.332352184883653,181.2167063015226,1143.1192221725958,4850.506305084637,0.0,0.0,0.0,0.0,0.0,27321.020246044292,0.0,0.0,660.9237629525047,23.910778047446122,0.0,0.0,0.0,-2.2737367544323206e-13,0.0
2025-03-23 13:00:00+00:00,1,1.0,4774.338456629509,773.5494102837364,1502.3485610967193,2498.4404852490497,773.5494102837365,470.7621512468712,302.78725903686524,1941.28693942502,0.0,773.5494102837364,0.0,1502.3485610967193,0.0,2498.4404852490497,0.0,0.0,0.0,0.0,0.0,3271.9898955327862,1090.6632985109288,5865.001755140434,87.97502632710652,30.04697122193439,30.04697122193439,233.26574300847335,1471.9980102903774,9550.95528168241,0.0,0.0,0.0,0.0,0.0,27266.378205552202,3304.6188147625235,0.0,3795.960438941195,23.88555040972732,0.0,0.0,0.0,9.094947017729282e-13,0.0
2025-03-23 14:00:00+00:00,1,1.0,2979.168721184503,483.00188136227865,938.3362866986182,1557.8305531236078,483.0018813622787,295.09714661927404,187.90473474300464,1941.28693942502,0.0,483.00188136227865,0.0,938.3362866986182,0.0,1557.8305531236078,0.0,0.0,0.0,0.0,0.0,2040.8324344858866,680.2774781619622,3659.446199346467,54.891692990197,18.766725733972365,18.766725733972365,145.5949062141829,918.297528834287,6166.245970347272,0.0,0.0,0.0,0.0,0.0,27211.845449141103,2268.779720328483,0.0,5948.313866572543,23.927785749296632,0.0,0.0,0.0,-4.547473508864641e-13,0.0
2025-03-23 15:00:00+00:00,1,1.0,2661.2908495157944,430.88475936265894,837.2253109214995,1393.1807792316333,430.88475936265894,263.3799838310747,167.50477553158424,1941.28693942502,0.0,430.88475936265894,0.0,837.2253109214995,0.0,1393.1807792316333,0.0,0.0,0.0,0.0,0.0,1824.0655385942923,608.0218461980975,3269.3126957138893,49.03969043570834,16.74450621842999,16.74450621842999,129.9768017719485,820.5273508426142,3481.8182003584093,0.0,0.0,0.0,0.0,0.0,27157.421758242825,0.0,0.0,5948.313866572543,23.939201754364557,0.0,0.0,0.0,6.821210263296962e-13,0.0
2025-03-23 16:00:00+00:00,1,1.0,2571.9426533617698,416.3827951988473,809.7408279232698,1345.8190302396508,416.3827951988473,254.3181628328726,162.06463236597472,1941.28693942502,0.0,416.3827951988473,0.0,809.7408279232698,0.0,1345.8190302396508,0.0,0.0,0.0,0.0,0.0,1762.2018254384982,587.4006084794994,3159.343261841267,47.390148927619,16.194816558465394,16.194816558465394,125.58967458008036,792.7700651041295,3364.7127184658993,0.0,0.0,0.0,0.0,0.0,27103.106914726344,0.0,0.0,5948.313866572543,23.94105280048288,0.0,0.0,0.0,1.1368683772161603e-13,0.0
2025-03-23 17:00:00+00:00,1,1.0,2694.2734470521896,435.46830128304566,848.3876000744907,1410.417545694654,435.46830128304566,266.4151954329883,169.05310585005736,1941.28693942502,0.0,435.46830128304566,0.0,848.3876000744907,0.0,1410.417545694654,0.0,0.0,0.0,0.0,0.0,1845.8858469776997,615.2952823258998,3309.56872937809,49.643530940671354,16.967752001489814,16.967752001489814,131.4253122768478,830.2996295463985,3524.573076598588,0.0,0.0,0.0,0.0,0.0,27048.900700896895,0.0,0.0,5948.313866572543,23.939203362613632,0.0,0.0,0.0,1.1368683772161603e-13,0.0
2025-03-23 18:00:00+00:00,1,1.0,4148.013061258572,671.2419207381938,1303.8923489166223,2172.8787916037563,671.2419207381938,408.2810305629897,262.9608901752041,1941.28693942502,0.0,671.2419207381938,0.0,1303.8923489166223,0.0,2172.8787916037563,0.0,0.0,0.0,0.0,0.0,2844.12071234195,948.0402374473166,5096.053298705889,76.44079948058832,26.077846978332445,26.077846978332445,202.5440998051468,1279.1808306897165,3715.754025128906,0.0,0.0,0.0,0.0,0.0,26994.802899495106,0.0,1711.4398668193821,4144.297847384383,23.90529613499072,0.0,0.0,0.0,0.0,0.0
2025-03-23 19:00:00+00:00,1,1.0,4286.388019597032,694.1571666131292,1349.409253219381,2242.821599764521,694.1571666131292,421.40522475491645,272.7519418582127,1941.28693942502,0.0,694.1571666131292,0.0,1349.409253219381,1002.2544432996337,1240.5671564648874,0.0,0.0,1002.2544432996337,1336.339257732845,334.08481443321125,1934.7243230780166,644.9081076926722,3929.04168399007,58.935625259851044,37.01072949738396,26.988185064387622,209.34459683965156,1311.2720587871574,2293.0412636216665,0.0,0.0,0.0,1336.339257732845,0.0,28210.335588542323,0.0,3304.6188147625235,660.9237629525047,23.90267696999362,0.0,0.0,0.0,-2.2737367544323206e-13,0.0
2025-03-23 20:00:00+00:00,1,1.0,3276.2455494626297,530.1135509733103,1030.4513891582942,1715.6806093310227,530.1135509733103,322.13151935837664,207.98203161493373,1941.28693942502,0.0,530.1135509733103,0.0,1030.4513891582942,44.54263513980095,1671.1379741912217,0.0,0.0,44.54263513980095,59.39018018640127,14.847545046600317,2201.251525164532,733.7505083881773,3965.4534227110034,59.48180134066505,21.054454134563894,20.609027783165885,159.94944016533358,1009.692776858506,4285.938326321137,0.0,0.0,0.0,59.39018018640127,0.0,28210.335588542323,0.0,0.0,660.9237629525047,23.92654362214845,0.0,0.0,0.0,9.094947017729282e-13,0.0
2025-03-23 21:00:00+00:00,1,1.0,3539.052929292931,571.9174793168933,1113.6933107280495,1853.4421392479896,571.9174793168933,348.2900161463682,223.62746317052506,1941.28693942502,0.0,571.9174793168933,0.0,1113.6933107280495,0.0,1853.4421392479896,0.0,0.0,0.0,0.0,0.0,2425.359618564883,808.4532061882943,4347.506135481227,65.2125920322184,22.27386621456099,22.27386621456099,172.63084900949013,1090.8443796591246,4629.897308952056,0.0,0.0,0.0,0.0,0.0,28153.91491736524,0.0,0.0,660.9237629525047,23.919640284221863,0.0,0.0,0.0,4.547473508864641e-13,0.0
2025-03-23 22:00:00+00:00,1,1.0,4426.837872567179,713.8634233994641,1395.5353506211486,2317.439098546566,713.8634233994642,436.71764535765146,277.14577804181266,1941.28693942502,0.0,713.8634233994641,0.0,1395.5353506211486,0.0,2317.439098546566,0.0,0.0,0.0,0.0,0.0,3031.30252194603,1010.4341739820101,5437.272046549189,81.55908069823784,27.91070701242297,27.91070701242297,215.58906033449784,1363.4037290395918,5790.241601606771,0.0,0.0,0.0,0.0,0.0,28097.607087530512,0.0,0.0,660.9237629525047,23.89828957455561,0.0,0.0,0.0,0.0,0.0
2025-03-23 23:00:00+00:00,1,1.0,4604.1904827817725,742.413248655798,1452.4945100806701,2409.2827240453053,742.413248655798,454.2285884388236,288.1846602169745,1941.28693942502,0.0,742.413248655798,0.0,1452.4945100806701,0.0,2409.2827240453053,0.0,0.0,0.0,0.0,0.0,3151.6959727011035,1050.5653242337012,5654.755807015475,84.82133710523212,29.049890201613405,29.049890201613405,224.1890596248235,1417.6755013669836,6021.865984148757,0.0,0.0,0.0,0.0,0.0,28041.411873355453,0.0,0.0,660.9237629525047,23.893066001928567,0.0,0.0,0.0,9.094947017729282e-13,0.0
2025-04-16 00:00:00+00:00,2,52.0,3239.1537593227,524.5660549751439,1019.6314914080192,1694.9562129395351,524.5660549751439,321.55278928160897,203.01326569353486,1941.28693942502,0.0,524.5660549751439,0.0,1019.6314914080192,0.0,1694.9562129395351,0.0,0.0,0.0,0.0,0.0,2219.522267914679,739.8407559715597,3978.9945152942582,59.68491772941387,20.392629828160384,20.392629828160384,158.20837631487615,998.5193096721705,4237.67306899487,0.0,0.0,0.0,0.0,0.0,27929.358391509533,0.0,0.0,3795.960438941195,23.919084333761173,0.0,0.0,0.0,-4.547473508864641e-13,0.0
2025-04-16 01:00:00+00:00,2,52.0,3205.933997984104,519.9912578205341,1007.5935313047286,1678.3492088588398,519.991257820534,318.63096306736395,201.36029475317008,1941.28693942502,0.0,519.9912578205341,0.0,1007.5935313047286,0.0,1678.3492088588398,0.0,0.0,0.0,0.0,0.0,2198.340466679374,732.7801555597913,3938.7141535438936,59.0807123031584,20.15187062609457,20.15187062609457,156.7787302446793,988.9433393598182,6463.6570576724025,0.0,0.0,0.0,0.0,0.0,27873.49967472652,2268.779720328483,0.0,5948.313866572543,23.917588833736307,0.0,0.0,0.0,-2.7284841053187847e-12,0.0
2025-04-16 02:00:00+00:00,2,52.0,3103.7730949721554,502.790706682668,976.3006793797732,1624.6817089097144,502.790706682668,307.7298358923451,195.0608707903229,1941.28693942502,0.0,502.790706682668,0.0,976.3006793797732,0.0,1624.6817089097144,0.0,0.0,0.0,0.0,0.0,2127.4724155923823,709.1574718641274,3812.9305668362827,57.19395850254424,19.526013587595465,19.526013587595465,151.64125947929597,957.0447170211585,4060.817811993314,0.0,0.0,0.0,0.0,0.0,27817.75267537707,0.0,0.0,5948.313866572543,23.922572743315133,0.0,0.0,0.0,2.2737367544323206e-13,0.0
2025-04-16 03:00:00+00:00,2,52.0,3024.2111732183216,490.08733125564856,950.1655011139961,1583.9583408486792,490.08733125564856,299.4353800618607,190.65195119378785,1941.28693942502,0.0,490.08733125564856,0.0,950.1655011139961,0.0,1583.9583408486792,0.0,0.0,0.0,0.0,0.0,2074.045672104328,691.3485573681093,3715.559730586433,55.73339595879649,19.003310022279923,19.003310022279923,147.81663510104633,932.905208472512,3957.1163816908334,0.0,0.0,0.0,0.0,0.0,27762.11717002632,0.0,0.0,5948.313866572543,23.925974121703735,0.0,0.0,0.0,-2.2737367544323206e-13,0.0
2025-04-16 04:00:00+00:00,2,52.0,2954.7414648134127,478.6864893738564,927.9190434103556,1548.1359320291995,478.6864893738564,292.1694446019779,186.5170447718785,1941.28693942502,0.0,478.6864893738564,0.0,927.9190434103556,0.0,1548.1359320291995,0.0,0.0,0.0,0.0,0.0,2026.8224214030558,675.6074738010186,3630.34893861443,54.45523407921645,18.558380868207113,18.558380868207113,144.4042326997224,911.5837023163717,3866.3251671297844,0.0,0.0,0.0,0.0,0.0,27706.59293568627,0.0,0.0,5948.313866572543,23.928690582178604,0.0,0.0,0.0,0.0,0.0
2025-04-16 05:00:00+00:00,2,52.0,2962.1748147568196,479.99382285635204,930.0742777649021,1552.1067141355657,479.99382285635204,293.0664505335994,186.92737232275266,1941.28693942502,0.0,479.99382285635204,0.0,930.0742777649021,0.0,1552.1067141355657,0.0,0.0,0.0,0.0,0.0,2032.1005369919176,677.3668456639725,3639.541660420792,54.59312490631188,18.601485555298044,18.601485555298044,144.79231554225208,913.9552572231325,3876.130071979952,0.0,0.0,0.0,0.0,0.0,27651.1797498149,0.0,0.0,5948.313866572543,23.927059168718472,0.0,0.0,0.0,-2.2737367544323206e-13,0.0
2025-04-16 06:00:00+00:00,2,52.0,2982.5662695347764,483.03588208629435,935.4070523572359,1564.1233350912473,483.03588208629435,295.07553178589416,187.9603503004002,1941.28693942502,0.0,483.03588208629435,0.0,935.4070523572359,0.0,1564.1233350912473,0.0,0.0,0.0,0.0,0.0,2047.1592171775417,682.3864057258472,3664.952675260625,54.97429012890937,18.708141047144718,18.708141047144718,145.7685683571106,920.5455463061567,598.4930010784083,0.0,0.0,0.0,0.0,0.0,27595.877390315272,0.0,3304.6188147625235,2464.939782140664,23.927558681256905,0.0,0.0,0.0,-1.3642420526593924e-12,0.0
2025-04-16 07:00:00+00:00,2,52.0,3122.616889788706,505.3272988686313,978.4828995650812,1638.8066913549942,505.32729886863126,308.8304737654854,196.49682510314588,1941.28693942502,0.0,505.3272988686313,0.0,978.4828995650812,0.0,1638.8066913549942,0.0,0.0,0.0,0.0,0.0,2144.1339902236255,714.7113300745418,3837.3282198632487,57.55992329794873,19.569657991301625,19.569657991301625,152.56267921381394,963.9732485689076,2375.150271538231,0.0,0.0,0.0,0.0,0.0,27540.685635534643,0.0,1711.4398668193821,660.9237629525047,23.927337181355067,0.0,0.0,0.0,-2.2737367544323206e-13,0.0
2025-04-16 08:00:00+00:00,2,52.0,3162.8174339193406,512.1491220742712,990.3978478975982,1660.270463947472,512.1491220742712,312.9021341655908,199.24698790868038,1941.28693942502,0.0,512.1491220742712,0.0,990.3978478975982,0.0,1660.270463947472,0.0,0.0,0.0,0.0,0.0,2172.4195860217433,724.1398620072478,3886.9572959265893,58.304359438898835,19.807956957951966,19.807956957951966,154.60378015808513,976.6639155201357,4139.481349439476,0.0,0.0,0.0,0.0,0.0,27485.604264263577,0.0,0.0,660.9237629525047,23.92631933998662,0.0,0.0,0.0,-5.684341886080801e-13,0.0
2025-04-16 09:00:00+00:00,2,52.0,3192.3010943847667,517.521069963047,1002.6435418902294,1672.1364825314909,517.521069963047,315.38795435303257,202.13311561001439,1941.28693942502,0.0,517.521069963047,0.0,1002.6435418902294,0.0,1672.1364825314909,0.0,0.0,0.0,0.0,0.0,2189.657552494538,729.8858508315126,3922.1869452162796,58.83280417824419,20.052870837804587,20.052870837804587,156.07713470533446,984.9015313907003,4177.202625775466,0.0,0.0,0.0,0.0,0.0,27430.633055735056,0.0,0.0,660.9237629525047,23.92248347121455,0.0,0.0,0.0,-9.094947017729282e-13,0.0
2025-04-16 10:00:00+00:00,2,52.0,3113.8284834599995,505.0379178412863,980.6925236010954,1628.0980420176181,505.0379178412863,307.07330123893485,197.96461660235144,1941.28693942502,0.0,505.0379178412863,0.0,980.6925236010954,0.0,1628.0980420176181,0.0,0.0,0.0,0.0,0.0,2133.1359598589042,711.045319952968,3824.8738034129674,57.37310705119451,19.61385047202191,19.61385047202191,152.2131622482436,959.85929019645,4073.6877736564497,0.0,0.0,0.0,0.0,0.0,27375.77178962358,0.0,0.0,660.9237629525047,23.925793750704205,0.0,0.0,0.0,2.2737367544323206e-13,0.0
2025-04-16 11:00:00+00:00,2,52.0,3059.565289610999,496.07931517250995,964.3026324163967,1599.1833420220937,496.07931517250995,301.2294073589323,194.84990781357766,1941.28693942502,0.0,496.07931517250995,0.0,964.3026324163967,0.0,1599.1833420220937,0.0,0.0,0.0,0.0,0.0,2095.262657194604,698.4208857315347,3757.9861753425353,56.36979263013803,19.286052648327935,19.286052648327935,149.51130368152343,942.8740873398519,6271.219097279334,0.0,0.0,0.0,0.0,0.0,27321.02024604433,2268.779720328483,0.0,2813.277190583852,23.928268642588684,0.0,0.0,0.0,0.0,0.0
2025-04-16 12:00:00+00:00,2,52.0,3268.7853368005876,531.5519383328026,1029.1313107156393,1708.1020877521448,531.5519383328026,323.3367206451138,208.21521768768872,1941.28693942502,0.0,531.5519383328026,0.0,1029.1313107156393,0.0,1708.1020877521448,0.0,0.0,0.0,0.0,0.0,2239.6540260849474,746.5513420283158,4015.3366788289027,60.23005018243354,20.582626214312786,20.582626214312786,160.05860661721363,1008.0052512565885,7581.4094028197,0.0,0.0,0.0,0.0,0.0,27266.37820555224,3304.6188147625235,0.0,5948.313866572543,23.918292948637095,0.0,0.0,0.0,4.547473508864641e-13,0.0
2025-04-16 13:00:00+00:00,2,52.0,3229.829248924678,524.9434871975496,1016.6043705495673,1688.2813911775581,524.9434871975496,319.20672827002744,205.73675892752217,1941.28693942502,0.0,524.9434871975496,0.0,1016.6043705495673,0.0,1688.2813911775581,0.0,0.0,0.0,0.0,0.0,2213.224878375108,737.741626125036,3967.570875049711,59.51356312574566,20.332087410991345,20.332087410991345,158.10610640863925,996.0254704814035,4225.854719406082,0.0,0.0,0.0,0.0,0.0,27211.845449141136,0.0,0.0,5948.313866572543,23.92019847544457,0.0,0.0,0.0,6.821210263296962e-13,0.0
2025-04-16 14:00:00+00:00,2,52.0,3166.463171222306,513.6678485409011,996.6414032388126,1656.1539194425918,513.6678485409011,312.23986842821375,201.4279801126874,1941.28693942502,0.0,513.6678485409011,0.0,996.6414032388126,0.0,1656.1539194425918,0.0,0.0,0.0,0.0,0.0,2169.821767983493,723.2739226611643,3889.7370938834697,58.346056408252046,19.932828064776253,19.932828064776253,154.81974011366762,976.3053753126364,4142.768546534942,0.0,0.0,0.0,0.0,0.0,27157.421758242857,0.0,0.0,5948.313866572543,23.922750991780127,0.0,0.0,0.0,0.0,0.0
2025-04-16 15:00:00+00:00,2,52.0,3130.6983092546166,508.22416226539127,987.6083884165348,1634.865758572688,508.22416226539127,308.9995249664309,199.22463729896037,1941.28693942502,0.0,508.22416226539127,0.0,987.6083884165348,0.0,1634.865758572688,0.0,0.0,0.0,0.0,0.0,2143.0899208380793,714.3633069460265,3845.061616200641,57.67592424300961,19.752167768330697,19.752167768330697,153.08085687372719,964.6244235994245,4095.3227328540415,0.0,0.0,0.0,0.0,0.0,27103.106914726373,0.0,0.0,5948.313866572543,23.922399998578815,0.0,0.0,0.0,4.547473508864641e-13,0.0
2025-04-16 16:00:00+00:00,2,52.0,3146.8534829328705,511.1432211548345,992.3957090004353,1643.3145527775996,511.14322115483446,310.5257950797205,200.61742607511397,1941.28693942502,0.0,511.1432211548345,0.0,992.3957090004353,0.0,1643.3145527775996,0.0,0.0,0.0,0.0,0.0,2154.457773932434,718.1525913108113,3865.006074243681,57.97509111365521,19.847914180008708,19.847914180008708,153.93448732146862,969.7579981059527,4116.611481038823,0.0,0.0,0.0,0.0,0.0,27048.900700896917,0.0,0.0,5948.313866572543,23.922204835535112,0.0,0.0,0.0,-5.684341886080801e-13,0.0
2025-04-16 17:00:00+00:00,2,52.0,3115.8346999118326,505.72965099074224,983.7891447865748,1626.3159041345161,505.72965099074224,307.22570044223914,198.5039505485031,1941.28693942502,0.0,505.72965099074224,0.0,983.7891447865748,0.0,1626.3159041345161,0.0,0.0,0.0,0.0,0.0,2132.0455551252585,710.6818517084195,3826.5165516202524,57.39774827430379,19.675782895731494,19.675782895731494,152.31546701295508,959.7466327871413,4075.5813326989737,0.0,0.0,0.0,0.0,0.0,26994.802899495127,0.0,0.0,5948.313866572543,23.924913495293726,0.0,0.0,0.0,-1.1368683772161603e-13,0.0
2025-04-16 18:00:00+00:00,2,52.0,3107.6242572658634,503.88127163699244,980.5469663106297,1623.1960193182415,503.88127163699244,306.2462948816245,197.6349767553679,1941.28693942502,0.0,503.88127163699244,0.0,980.5469663106297,1002.2544432996174,620.9415760186241,0.0,0.0,1002.2544432996174,1336.3392577328232,334.0848144332058,1124.8228476556164,374.94094921853883,2480.310763184785,37.20466144777178,29.63348375920877,19.610939326212595,151.83406020948615,947.308908394424,750.3143508977639,0.0,0.0,0.0,1336.3392577328232,0.0,28210.335588542323,0.0,3304.6188147625235,2464.939782140664,23.924856553947247,0.0,0.0,0.0,-2.2737367544323206e-13,0.0
2025-04-16 19:00:00+00:00,2,52.0,3156.1381682879146,511.4896558999155,994.2892623446385,1650.359250043361,511.4896558999154,311.44855960036284,200.0410962995526,1941.28693942502,0.0,511.4896558999155,0.0,994.2892623446385,44.54263513980095,1605.81661490356,0.0,0.0,44.54263513980095,59.39018018640127,14.847545046600317,2117.3062708034754,705.7687569344918,3817.3642900826053,57.26046435123908,20.33121159829078,19.88578524689277,154.19775031972225,972.2915134972369,2416.9898149657693,0.0,0.0,0.0,59.39018018640127,0.0,28210.335588542323,0.0,1711.4398668193821,660.9237629525047,23.923163609360014,0.0,0.0,0.0,3.410605131648481e-13,0.0
2025-04-16 20:00:00+00:00,2,52.0,3134.47372620738,508.3228806434125,986.4591691513757,1639.6916764125897,508.32288064341253,308.5320545353346,199.79082610807788,1941.28693942502,0.0,508.3228806434125,0.0,986.4591691513757,0.0,1639.6916764125897,0.0,0.0,0.0,0.0,0.0,2148.014557056002,716.0048523520007,3850.4785785593785,57.75717867839067,19.729183383027515,19.729183383027515,153.22740573861384,966.4478035350602,4100.921529742441,0.0,0.0,0.0,0.0,0.0,28153.91491736524,0.0,0.0,660.9237629525047,23.924056990123646,0.0,0.0,0.0,5.684341886080801e-13,0.0
2025-04-16 21:00:00+00:00,2,52.0,3219.440747141053,522.1272717731338,1011.3596792784527,1685.953796089466,522.1272717731338,316.45179773195605,205.6754740411777,1941.28693942502,0.0,522.1272717731338,0.0,1011.3596792784527,0.0,1685.953796089466,0.0,0.0,0.0,0.0,0.0,2208.0810678626,736.0270226208667,3955.4677697619195,59.33201654642879,20.227193585569054,20.227193585569054,157.43312754057501,993.2465538790085,4212.6873010200625,0.0,0.0,0.0,0.0,0.0,28097.60708753051,0.0,0.0,660.9237629525047,23.924632959349616,0.0,0.0,0.0,7.958078640513122e-13,0.0
2025-04-16 22:00:00+00:00,2,52.0,3205.571780563216,520.3082862169878,1006.4168140807684,1678.8466802654605,520.3082862169878,315.7925345323212,204.51575168466658,1941.28693942502,0.0,520.3082862169878,0.0,1006.4168140807684,0.0,1678.8466802654605,0.0,0.0,0.0,0.0,0.0,2199.1549664824483,733.0516554941495,3938.6234360573662,59.07935154086049,20.12833628161537,20.12833628161537,156.85233440718147,989.2400140054222,4194.811794568638,0.0,0.0,0.0,0.0,0.0,28041.411873355453,0.0,0.0,660.9237629525047,23.921922119940643,0.0,0.0,0.0,-2.2737367544323206e-13,0.0
2025-04-16 23:00:00+00:00,2,52.0,3116.379732225525,505.47631716845206,981.1972095310871,1629.7062055259867,505.47631716845206,307.5385837533064,197.93773341514566,1941.28693942502,0.0,505.47631716845206,0.0,981.1972095310871,0.0,1629.7062055259867,0.0,0.0,0.0,0.0,0.0,2135.182522694439,711.727507564813,3828.107239790339,57.42160859685508,19.623944190621742,19.623944190621742,152.350246368694,960.7472509116055,7381.745797899654,0.0,0.0,0.0,0.0,0.0,27985.32904960875,3304.6188147625235,0.0,3795.960438941195,23.922429117577796,0.0,0.0,0.0,-4.547473508864641e-13,0.0
2025-05-10 00:00:00+00:00,3,36.0,2845.180114523788,460.6145531290838,882.6287317159478,1501.936829678754,460.6145531290838,276.1627807810834,184.45177234800036,1941.28693942502,0.0,460.6145531290838,0.0,882.6287317159478,0.0,1501.936829678754,0.0,0.0,0.0,0.0,0.0,1962.5513828078379,654.1837942692792,3499.3639087930646,52.49045863189597,17.652574634318956,17.652574634318956,139.2646789066344,881.2440810764476,3726.4241956002347,0.0,0.0,0.0,0.0,0.0,27929.35839150953,0.0,0.0,660.9237629525047,23.9417849173952,0.0,0.0,0.0,-6.821210263296962e-13,0.0
2025-05-10 01:00:00+00:00,3,36.0,2851.6844749140664,461.2020432779888,885.0004193588276,1505.482012277252,461.2020432779889,277.0323267566092,184.16971652137963,1941.28693942502,0.0,461.2020432779888,0.0,885.0004193588276,0.0,1505.482012277252,0.0,0.0,0.0,0.0,0.0,1966.6840555552408,655.561351851747,3507.2458267658153,52.60868740148723,17.700008387176553,17.700008387176553,139.48696347558956,883.0570195031769,3734.7414944172438,0.0,0.0,0.0,0.0,0.0,27873.49967472651,0.0,0.0,660.9237629525047,23.941283245218642,0.0,0.0,0.0,4.547473508864641e-13,0.0
2025-05-10 02:00:00+00:00,3,36.0,2805.0132069112033,453.18264141976044,869.4072098842387,1482.4233556072015,453.18264141976044,272.2791609828775,180.90348043688294,1941.28693942502,0.0,453.18264141976044,0.0,869.4072098842387,0.0,1482.4233556072015,0.0,0.0,0.0,0.0,0.0,1935.605997026962,645.2019990089874,3450.215205920188,51.75322808880282,17.388144197684774,17.388144197684774,137.14411608963928,868.8756315827992,5942.668558822485,0.0,0.0,0.0,0.0,0.0,27817.752675377058,2268.779720328483,0.0,2813.277190583852,23.941286471083203,0.0,0.0,0.0,-9.094947017729282e-13,0.0
2025-05-10 03:00:00+00:00,3,36.0,2798.3027511067385,453.0842959140722,868.1516585849447,1477.0667966077199,453.0842959140722,271.993326508086,181.0909694059862,1941.28693942502,0.0,453.0842959140722,0.0,868.1516585849447,0.0,1477.0667966077199,0.0,0.0,0.0,0.0,0.0,1930.1510925217922,643.3836975072641,3441.686448614001,51.625296729210014,17.363033171698895,17.363033171698895,136.97998241151708,866.715042991389,3665.0177940981275,0.0,0.0,0.0,0.0,0.0,27762.117170026304,0.0,0.0,2813.277190583852,23.94041484052551,0.0,0.0,0.0,0.0,0.0
2025-05-10 04:00:00+00:00,3,36.0,2749.9230817662174,444.9675573740397,854.7539290182517,1450.2015953739249,444.9675573740397,267.9469475240786,177.0206098499611,1941.28693942502,0.0,444.9675573740397,0.0,854.7539290182517,0.0,1450.2015953739249,0.0,0.0,0.0,0.0,0.0,1895.1691527479645,631.7230509159882,3381.6461326822046,50.72469199023307,17.095078580365033,17.095078580365033,134.51775165577016,851.1556517227214,3601.0787334889396,0.0,0.0,0.0,0.0,0.0,27706.592935686254,0.0,0.0,2813.277190583852,23.940167099031623,0.0,0.0,0.0,9.094947017729282e-13,0.0
2025-05-10 05:00:00+00:00,3,36.0,2771.6920072423513,448.31427273280815,861.9754097904375,1461.402324719104,448.3142727328082,270.1592143232877,178.1550584095205,1941.28693942502,0.0,448.31427273280815,0.0,861.9754097904375,0.0,1461.402324719104,0.0,0.0,0.0,0.0,0.0,1909.716597451912,636.5721991506374,3408.264206392987,51.1239630958948,17.23950819580875,17.23950819580875,135.5380959768517,857.7132746150014,6934.024096619876,0.0,0.0,0.0,0.0,0.0,27651.17974981488,3304.6188147625235,0.0,5948.313866572543,23.940558076523367,0.0,0.0,0.0,4.547473508864641e-13,0.0
2025-05-10 06:00:00+00:00,3,36.0,2768.427949534081,447.4393723831885,861.4673580125113,1459.5212191383832,447.43937238318847,269.8713822311062,177.56799015208227,1941.28693942502,0.0,447.4393723831885,0.0,861.4673580125113,0.0,1459.5212191383832,0.0,0.0,0.0,0.0,0.0,1906.9605915215718,635.6535305071906,3404.0814800412736,51.0612222006191,17.229347160250228,17.229347160250228,135.30049632726755,856.4739433555776,3624.901892889658,0.0,0.0,0.0,0.0,0.0,27595.877390315254,0.0,0.0,5948.313866572543,23.941222130703498,0.0,0.0,0.0,-6.821210263296962e-13,0.0
2025-05-10 07:00:00+00:00,3,36.0,2799.894535403492,452.52735345126507,873.188678254296,1474.1785036979309,452.52735345126507,272.7727518786735,179.75460157259158,1941.28693942502,0.0,452.52735345126507,0.0,873.188678254296,0.0,1474.1785036979309,0.0,0.0,0.0,0.0,0.0,1926.705857149196,642.2352857163986,3442.1298211198905,51.63194731679835,17.46377356508592,17.46377356508592,136.7888438632588,865.5836240266276,360.8593446675959,0.0,0.0,0.0,0.0,0.0,27540.685635534628,0.0,3304.6188147625235,2464.939782140664,23.941876012048304,0.0,0.0,0.0,0.0,0.0
2025-05-10 08:00:00+00:00,3,36.0,2828.821979840501,458.2299514271983,880.8110822219139,1489.7809461913862,458.2299514271983,274.9894291301424,183.24052229705586,1941.28693942502,0.0,458.2299514271983,0.0,880.8110822219139,0.0,1489.7809461913862,0.0,0.0,0.0,0.0,0.0,1948.0108976185845,649.3369658728615,3478.1589457133596,52.172384185700395,17.61622164443828,17.61622164443828,138.43059063642337,875.1723839838618,1992.554497004981,0.0,0.0,0.0,0.0,0.0,27485.604264263562,0.0,1711.4398668193821,660.9237629525047,23.939362050315797,0.0,0.0,0.0,1.1368683772161603e-13,0.0
2025-05-10 09:00:00+00:00,3,36.0,2852.640445048621,462.7858831462014,889.4055896493514,1500.4489722530675,462.7858831462014,276.89475641508074,185.89112673112066,1941.28693942502,0.0,462.7858831462014,0.0,889.4055896493514,0.0,1500.4489722530675,0.0,0.0,0.0,0.0,0.0,1963.2348553992688,654.411618466423,3507.0520635150433,52.605780952725645,17.788111792987028,17.788111792987028,139.6954721794539,882.2890951845766,3734.9295402331973,0.0,0.0,0.0,0.0,0.0,27430.633055735037,0.0,0.0,660.9237629525047,23.939614059742482,0.0,0.0,0.0,-4.547473508864641e-13,0.0
2025-05-10 10:00:00+00:00,3,36.0,2864.6547110195024,463.753911837283,894.6550096891334,1506.2457894930856,463.753911837283,278.5579881602468,185.1959236770362,1941.28693942502,0.0,463.753911837283,0.0,894.6550096891334,0.0,1506.2457894930856,0.0,0.0,0.0,0.0,0.0,1969.9997013303687,656.6665671101229,3521.3212781296247,52.81981917194437,17.89310019378267,17.89310019378267,140.061516035249,885.3341027048815,3749.988813724383,0.0,0.0,0.0,0.0,0.0,27375.771789623563,0.0,0.0,660.9237629525047,23.93947949671026,0.0,0.0,0.0,-1.0231815394945443e-12,0.0
2025-05-10 11:00:00+00:00,3,36.0,2854.0950518941063,462.1834926105822,890.3958858951487,1501.5156733883753,462.1834926105822,277.5734935510649,184.60999905951732,1941.28693942502,0.0,462.1834926105822,0.0,890.3958858951487,0.0,1501.5156733883753,0.0,0.0,0.0,0.0,0.0,1963.6991659989576,654.5663886663192,3508.6614405604255,52.62992160840638,17.807917717902974,17.807917717902974,139.59612007631273,882.4082657868444,3736.50331768095,0.0,0.0,0.0,0.0,0.0,27321.02024604431,0.0,0.0,660.9237629525047,23.93963296593205,0.0,0.0,0.0,-4.547473508864641e-13,0.0
2025-05-10 12:00:00+00:00,3,36.0,2844.43433555206,460.4321258581962,887.4299434869513,1496.5722662069115,460.4321258581962,276.65357160551815,183.77855425267805,1941.28693942502,0.0,460.4321258581962,0.0,887.4299434869513,0.0,1496.5722662069115,0.0,0.0,0.0,0.0,0.0,1957.0043920651078,652.3347973550359,3496.769132907095,52.451536993606425,17.748598869739027,17.748598869739027,139.08770636014088,879.3712384482612,7028.4243887628445,0.0,0.0,0.0,0.0,0.0,27266.37820555222,3304.6188147625235,0.0,3795.960438941195,23.940174550852962,0.0,0.0,0.0,-9.094947017729282e-13,0.0
2025-05-10 13:00:00+00:00,3,36.0,2964.053024794435,482.1036434276926,923.2925604645736,1558.6568209021702,482.1036434276926,288.6319059777015,193.4717374499911,1941.28693942502,0.0,482.1036434276926,0.0,923.2925604645736,0.0,1558.6568209021702,0.0,0.0,0.0,0.0,0.0,2040.7604643298628,680.2534881099542,3644.3065129043907,54.66459769356586,18.465851209291472,18.465851209291472,145.40816274108133,917.2579509631844,6150.090696086102,0.0,0.0,0.0,0.0,0.0,27211.845449141114,2268.779720328483,0.0,5948.313866572543,23.935715126366286,0.0,0.0,0.0,-4.547473508864641e-13,0.0
2025-05-10 14:00:00+00:00,3,36.0,2983.065283916223,486.25335272447745,929.7451970359209,1567.066734155825,486.2533527244774,291.7536530404073,194.49969968407012,1941.28693942502,0.0,486.25335272447745,0.0,929.7451970359209,0.0,1567.066734155825,0.0,0.0,0.0,0.0,0.0,2053.3200868803024,684.4400289601008,3667.505312876324,55.01257969314486,18.594903940718417,18.594903940718417,146.5283252232277,923.1707417579102,3906.2360256741326,0.0,0.0,0.0,0.0,0.0,27157.421758242835,0.0,0.0,5948.313866572543,23.93137165483465,0.0,0.0,0.0,-5.684341886080801e-13,0.0
2025-05-10 15:00:00+00:00,3,36.0,2991.4683223091556,487.93312547337644,933.0418526968572,1570.4933441389226,487.9331254733765,293.03137911652755,194.90174635684895,1941.28693942502,0.0,487.93312547337644,0.0,933.0418526968572,0.0,1570.4933441389226,0.0,0.0,0.0,0.0,0.0,2058.426469612299,686.142156537433,3677.610478846589,55.16415718269884,18.660837053937144,18.660837053937144,146.98236064547274,925.610348473479,3917.0786707826337,0.0,0.0,0.0,0.0,0.0,27103.106914726348,0.0,0.0,5948.313866572543,23.93041889084528,0.0,0.0,0.0,-9.094947017729282e-13,0.0
2025-05-10 16:00:00+00:00,3,36.0,3040.5406210890624,495.7507836626499,948.8652414692348,1595.9245959571792,495.75078366264984,297.29907140013245,198.45171226251742,1941.28693942502,0.0,495.7507836626499,0.0,948.8652414692348,0.0,1595.9245959571792,0.0,0.0,0.0,0.0,0.0,2091.675379619829,697.2251265399431,3737.765747629007,56.0664862144351,18.977304829384696,18.977304829384696,149.34349966924208,940.5897220823897,3981.130343171452,0.0,0.0,0.0,0.0,0.0,27048.9007008969,0.0,0.0,5948.313866572543,23.930281202366476,0.0,0.0,0.0,-2.2737367544323206e-13,0.0
2025-05-10 17:00:00+00:00,3,36.0,2990.811706214056,486.94341864430106,935.113073203279,1568.7552143664752,486.94341864430106,292.9617019491857,193.98171669511538,1941.28693942502,0.0,486.94341864430106,0.0,935.113073203279,0.0,1568.7552143664752,0.0,0.0,0.0,0.0,0.0,2055.698633010776,685.2328776702587,3676.044583884314,55.1406687582647,18.70226146406558,18.70226146406558,146.72541799751698,924.5034873541716,3915.3151935682276,0.0,0.0,0.0,0.0,0.0,26994.80289949511,0.0,0.0,5948.313866572543,23.930855657641228,0.0,0.0,0.0,1.1368683772161603e-13,0.0
2025-05-10 18:00:00+00:00,3,36.0,3074.99117271697,499.3217337937105,960.8067274280914,1614.8627114951692,499.32173379371045,301.64312058000763,197.67861321370285,1941.28693942502,0.0,499.3217337937105,0.0,960.8067274280914,0.0,1614.8627114951692,0.0,0.0,0.0,0.0,0.0,2114.1844452888795,704.7281484296265,3779.7193211465974,56.69578981719896,19.21613454856183,19.21613454856183,150.62269273635997,950.4789000803091,4025.4700727972795,0.0,0.0,0.0,0.0,0.0,26940.813293696123,0.0,0.0,5948.313866572543,23.928195566361673,0.0,0.0,0.0,2.2737367544323206e-13,0.0
2025-05-10 19:00:00+00:00,3,36.0,3048.0191882415293,496.3490366625884,951.4710691535431,1600.1990824253996,496.34903666258833,299.1091161912574,197.23992047133098,1941.28693942502,0.0,496.3490366625884,0.0,951.4710691535431,1044.7925695528313,555.4065128725683,0.0,0.0,1044.7925695528313,1393.056759403775,348.26418985094375,1051.7555495351567,350.58518317838553,2353.8118018670853,35.30717702800628,29.477347078599173,19.02942138307086,149.58891333478027,932.2522318537859,675.6526053327909,2.2737367544323206e-13,0.0,2.2737367544323206e-13,1393.0567594037748,0.0,28210.335588542323,0.0,3304.6188147625235,2464.939782140664,23.926150646064198,0.0,0.0,0.0,-1.0231815394945443e-12,0.0
2025-05-10 20:00:00+00:00,3,36.0,3093.4341376045822,502.9138832391672,965.2946892103333,1625.2255651550806,502.91388323916715,303.08122588963465,199.83265734953252,1941.28693942502,0.0,502.9138832391672,0.0,965.2946892103333,0.0,1625.2255651550806,0.0,0.0,0.0,0.0,0.0,2128.1394483942477,709.3798161314159,3802.8139537359966,57.04220930603995,19.305893784206667,19.305893784206667,151.67032623096242,956.7041392368315,2338.6984100220316,0.0,0.0,0.0,0.0,0.0,28153.91491736524,0.0,1711.4398668193821,660.9237629525047,23.92980237913583,0.0,0.0,0.0,0.0,0.0
2025-05-10 21:00:00+00:00,3,36.0,3151.4140776579247,511.3784330026567,982.1217363476674,1657.9139083075995,511.3784330026567,308.8540697070275,202.5243632956292,1941.28693942502,0.0,511.3784330026567,0.0,982.1217363476674,0.0,1657.9139083075995,0.0,0.0,0.0,0.0,0.0,2169.2923413102562,723.0974471034187,3874.511524761342,58.117672871420126,19.642434726953347,19.642434726953347,154.3661595577649,974.8661489865103,4126.280226644435,0.0,0.0,0.0,0.0,0.0,28097.607087530512,0.0,0.0,660.9237629525047,23.93079826785712,0.0,0.0,0.0,0.0,0.0
2025-05-10 22:00:00+00:00,3,36.0,3139.5246216862106,510.5866660738816,980.890322248097,1648.0476333642303,510.5866660738816,307.0233513317294,203.56331474215222,1941.28693942502,0.0,510.5866660738816,0.0,980.890322248097,0.0,1648.0476333642303,0.0,0.0,0.0,0.0,0.0,2158.634299438112,719.5447664793707,3859.0693881655798,57.88604082248369,19.617806444961943,19.617806444961943,153.93078267358305,970.5972028653613,4110.121824551572,0.0,0.0,0.0,0.0,0.0,28041.411873355453,0.0,0.0,660.9237629525047,23.932268013987635,0.0,0.0,0.0,1.1368683772161603e-13,0.0
2025-05-10 23:00:00+00:00,3,36.0,3063.0606555468994,497.81885969577036,956.7576573554619,1608.4841384956676,497.81885969577036,299.45137890661357,198.3674807891568,1941.28693942502,0.0,497.81885969577036,0.0,956.7576573554619,0.0,1608.4841384956676,0.0,0.0,0.0,0.0,0.0,2106.302998191438,702.100999397146,3765.161654944046,56.477424824160686,19.13515314710924,19.13515314710924,150.1249464854998,946.973677001025,4010.034332547924,0.0,0.0,0.0,0.0,0.0,27985.329049608743,0.0,0.0,660.9237629525047,23.93472437245772,0.0,0.0,0.0,-4.547473508864641e-13,0.0
2025-06-27 00:00:00+00:00,4,104.0,2972.3891943255894,483.5346153010806,939.9997497652097,1548.8548292592966,483.5346153010805,290.68407881303995,192.8505364880406,1941.28693942502,0.0,483.5346153010806,0.0,939.9997497652097,0.0,1548.8548292592966,0.0,0.0,0.0,0.0,0.0,2032.3894445603771,677.4631481867924,3649.8523425123794,54.74778513768569,18.799994995304193,18.799994995304193,145.46215414125686,915.2730774563435,3887.6622717819323,0.0,0.0,0.0,0.0,0.0,27985.32904960875,0.0,0.0,660.9237629525047,23.93463700073319,0.0,0.0,0.0,-5.684341886080801e-13,0.0
2025-06-27 01:00:00+00:00,4,104.0,2974.5704631418066,483.7011651824554,940.8511101252126,1550.018187834139,483.7011651824554,290.70143761629436,192.99972756616103,1941.28693942502,0.0,483.7011651824554,0.0,940.8511101252126,0.0,1550.018187834139,0.0,0.0,0.0,0.0,0.0,2033.7193530165946,677.9064510055315,3652.4769141473384,54.78715371221008,18.81702220250425,18.81702220250425,145.5287162135738,915.856365336324,3890.42682847813,0.0,0.0,0.0,0.0,0.0,27929.358391509533,0.0,0.0,660.9237629525047,23.934422672873445,0.0,0.0,0.0,-4.547473508864641e-13,0.0
2025-06-27 02:00:00+00:00,4,104.0,2962.0674572742187,481.6654327959684,936.8308340951888,1543.5711903830625,481.66543279596846,289.9394318080729,191.72600098789553,1941.28693942502,0.0,481.6654327959684,0.0,936.8308340951888,0.0,1543.5711903830625,0.0,0.0,0.0,0.0,0.0,2025.2366231790309,675.0788743930103,3637.1463316672302,54.55719497500845,18.736616681903776,18.736616681903776,144.919569258579,912.0288719904054,3874.096329264624,0.0,0.0,0.0,0.0,0.0,27873.499674726518,0.0,0.0,660.9237629525047,23.93318813915165,0.0,0.0,0.0,-2.2737367544323206e-13,0.0
2025-06-27 03:00:00+00:00,4,104.0,2898.9437019631428,471.1444875646656,916.0545575979177,1511.7446568005603,471.1444875646656,284.33170479807274,186.8127827665929,1941.28693942502,0.0,471.1444875646656,0.0,916.0545575979177,0.0,1511.7446568005603,0.0,0.0,0.0,0.0,0.0,1982.889144365226,660.963048121742,3559.9067500848855,53.398601251273284,18.321091151958353,18.321091151958353,141.80570372994595,892.809535406878,3791.75323737002,0.0,0.0,0.0,0.0,0.0,27817.752675377065,0.0,0.0,660.9237629525047,23.93194005669529,0.0,0.0,0.0,-6.821210263296962e-13,0.0
2025-06-27 04:00:00+00:00,4,104.0,2787.838365586684,454.41449738465093,882.4122099071684,1451.0116582948638,454.41449738465093,273.3912670606827,181.02323032396822,1941.28693942502,0.0,454.41449738465093,0.0,882.4122099071684,0.0,1451.0116582948638,0.0,0.0,0.0,0.0,0.0,1905.4261556795147,635.1420518931716,3422.9804174798546,51.34470626219782,17.64824419814337,17.64824419814337,136.58025121402488,858.3634977656811,3646.201863352365,0.0,0.0,0.0,0.0,0.0,27762.11717002631,0.0,0.0,660.9237629525047,23.933533905577647,0.0,0.0,0.0,-4.547473508864641e-13,0.0
2025-06-27 05:00:00+00:00,4,104.0,2807.562379466614,456.35775325789405,886.0284724893532,1465.1761537193663,456.35775325789405,274.51775387970264,181.83999937819144,1941.28693942502,0.0,456.35775325789405,0.0,886.0284724893532,0.0,1465.1761537193663,0.0,0.0,0.0,0.0,0.0,1921.5339069772604,640.5113023257535,3448.073681792367,51.721105226885506,17.720569449787064,17.720569449787064,137.37695303294282,865.0504994851558,3672.6128789517697,0.0,0.0,0.0,0.0,0.0,27706.592935686258,0.0,0.0,660.9237629525047,23.934038213235826,0.0,0.0,0.0,0.0,0.0
2025-06-27 06:00:00+00:00,4,104.0,3020.8826747440003,491.5343407577392,948.2898931757995,1581.0584408104614,491.5343407577392,295.80593627892705,195.72840447881214,1941.28693942502,0.0,491.5343407577392,0.0,948.2898931757995,0.0,1581.0584408104614,0.0,0.0,0.0,0.0,0.0,2072.5927815682007,690.8642605227336,3711.746935266734,55.676204029001006,18.96579786351599,18.96579786351599,148.04273790466937,932.5147981834359,3953.3974729274355,0.0,0.0,0.0,0.0,0.0,27651.179749814888,0.0,0.0,660.9237629525047,23.929178087625168,0.0,0.0,0.0,-6.821210263296962e-13,0.0
2025-06-27 07:00:00+00:00,4,104.0,2973.344566588362,484.66221002635535,936.0999134677431,1552.5824430942623,484.6622100263554,291.48557690235987,193.17663312399552,1941.28693942502,0.0,484.66221002635535,0.0,936.0999134677431,0.0,1552.5824430942623,0.0,0.0,0.0,0.0,0.0,2037.2446531206176,679.0815510402059,3652.4261176285668,54.7863917644285,18.721998269354863,18.721998269354863,145.80194789857518,917.1138872419194,3890.4584538302815,0.0,0.0,0.0,0.0,0.0,27595.87739031526,0.0,0.0,660.9237629525047,23.92840880446874,0.0,0.0,0.0,2.2737367544323206e-13,0.0
2025-06-27 08:00:00+00:00,4,104.0,2962.233665295176,482.7759717710539,933.204415352024,1546.2532781720986,482.7759717710539,290.19238628946226,192.58358548159163,1941.28693942502,0.0,482.7759717710539,0.0,933.204415352024,0.0,1546.2532781720986,0.0,0.0,0.0,0.0,0.0,2029.0292499431525,676.3430833143842,3638.576748609561,54.57865122914341,18.66408830704048,18.66408830704048,145.22707494838474,913.4769861059933,3875.710651401169,0.0,0.0,0.0,0.0,0.0,27540.685635534635,0.0,0.0,660.9237629525047,23.929263519933937,0.0,0.0,0.0,-2.2737367544323206e-13,0.0
2025-06-27 09:00:00+00:00,4,104.0,2914.1667402706785,475.3542913344697,918.1855226506572,1520.6269262855494,475.3542913344697,286.37416873373456,188.98012260073511,1941.28693942502,0.0,475.3542913344697,0.0,918.1855226506572,0.0,1520.6269262855494,0.0,0.0,0.0,0.0,0.0,1995.9812176200192,665.3270725400064,3579.493812810683,53.69240719216024,18.363710453013145,18.363710453013145,142.9464176198818,898.6933182580747,3812.860058528753,0.0,0.0,0.0,0.0,0.0,27485.604264263566,0.0,0.0,660.9237629525047,23.929667106249973,0.0,0.0,0.0,0.0,0.0
2025-06-27 10:00:00+00:00,4,104.0,2854.2154739279263,466.11997648736127,898.8107919938877,1489.284705446679,466.11997648736127,280.82906100763176,185.2909154797295,1941.28693942502,0.0,466.11997648736127,0.0,898.8107919938877,0.0,1489.284705446679,0.0,0.0,0.0,0.0,0.0,1955.4046819340404,651.8015606446801,3506.0170345726083,52.590255518589125,17.976215839877757,17.976215839877757,140.12127923229363,880.4655270753185,3734.6810010032436,0.0,0.0,0.0,0.0,0.0,27430.63305573504,0.0,0.0,660.9237629525047,23.932066471181948,0.0,0.0,0.0,-1.1368683772161603e-12,0.0
2025-06-27 11:00:00+00:00,4,104.0,2864.5520750208466,468.5989946599746,902.8981578696346,1493.0549224912374,468.5989946599746,281.40178212192853,187.19721253804607,1941.28693942502,0.0,468.5989946599746,0.0,902.8981578696346,0.0,1493.0549224912374,0.0,0.0,0.0,0.0,0.0,1961.653917151212,653.884639050404,3518.43671407125,52.77655071106875,18.05796315739269,18.05796315739269,140.75426270692168,883.5313787831799,3748.0834538040267,0.0,0.0,0.0,0.0,0.0,27375.771789623574,0.0,0.0,660.9237629525047,23.931348199319473,0.0,0.0,0.0,2.2737367544323206e-13,0.0
2025-06-27 12:00:00+00:00,4,104.0,2854.5137389646643,467.55581194106514,900.9471735511174,1486.0107534724816,467.5558119410651,281.0832586505491,186.47255329051598,1941.28693942502,0.0,467.55581194106514,0.0,900.9471735511174,0.0,1486.0107534724816,0.0,0.0,0.0,0.0,0.0,1953.5665654135469,651.1888551378489,3505.702594102513,52.5855389115377,18.01894347102235,18.01894347102235,140.34389113689033,880.1561721283216,7039.288725855509,0.0,0.0,0.0,0.0,0.0,27321.02024604432,3304.6188147625235,0.0,3795.960438941195,23.931290505925134,0.0,0.0,0.0,0.0,0.0
2025-06-27 13:00:00+00:00,4,104.0,2859.0678962428838,468.6140591010003,900.3638072148325,1490.0900299270506,468.6140591010003,281.2923092407969,187.32174986020337,1941.28693942502,0.0,468.6140591010003,0.0,900.3638072148325,0.0,1490.0900299270506,0.0,0.0,0.0,0.0,0.0,1958.704089028051,652.9013630093503,3511.9692592522338,52.679538888783505,18.00727614429665,18.00727614429665,140.67788203904067,882.2733362257678,6010.120952797134,0.0,0.0,0.0,0.0,0.0,27266.37820555224,2268.779720328483,0.0,5948.313866572543,23.929850029543864,0.0,0.0,0.0,-4.547473508864641e-13,0.0
2025-06-27 14:00:00+00:00,4,104.0,2897.917169548976,475.8020084092563,913.1111082926489,1509.0040528470702,475.8020084092563,284.72768916111113,191.07431924814517,1941.28693942502,0.0,475.8020084092563,0.0,913.1111082926489,0.0,1509.0040528470702,0.0,0.0,0.0,0.0,0.0,1984.8060612563265,661.6020204187755,3559.519189967751,53.39278784951627,18.26222216585298,18.26222216585298,142.7285042496414,894.2477568496392,3792.1649263986146,0.0,0.0,0.0,0.0,0.0,27211.845449141132,0.0,0.0,5948.313866572543,23.930076637760585,0.0,0.0,0.0,-4.547473508864641e-13,0.0
2025-06-27 15:00:00+00:00,4,104.0,2900.4790381482444,476.14343923621084,914.8242742316493,1509.5113246803837,476.14343923621084,285.26093837965607,190.88250085655474,1941.28693942502,0.0,476.14343923621084,0.0,914.8242742316493,0.0,1509.5113246803837,0.0,0.0,0.0,0.0,0.0,1985.6547639165947,661.8849213055315,3562.3639594537754,53.43545939180663,18.296485484632985,18.296485484632985,142.81810785893754,894.7314595255416,3795.2104976737864,0.0,0.0,0.0,0.0,0.0,27157.421758242854,0.0,0.0,5948.313866572543,23.929762005380674,0.0,0.0,0.0,4.547473508864641e-13,0.0
2025-06-27 16:00:00+00:00,4,104.0,2906.154744962548,476.7737482122304,917.5468472869208,1511.8341494633976,476.77374821223043,285.62703755018526,191.14671066204514,1941.28693942502,0.0,476.7737482122304,0.0,917.5468472869208,0.0,1511.8341494633976,0.0,0.0,0.0,0.0,0.0,1988.607897675628,662.8692992252094,3569.024044187758,53.53536066281637,18.350936945738415,18.350936945738415,143.01608910085255,896.1226228803553,3802.2773678429035,0.0,0.0,0.0,0.0,0.0,27103.10691472637,0.0,0.0,5948.313866572543,23.930933597509984,0.0,0.0,0.0,0.0,0.0
2025-06-27 17:00:00+00:00,4,104.0,2911.70981245057,476.69637412875426,920.1756956432959,1514.837742678519,476.6963741287542,286.50118302852223,190.195191100232,1941.28693942502,0.0,476.69637412875426,0.0,920.1756956432959,0.0,1514.837742678519,0.0,0.0,0.0,0.0,0.0,1991.5341168072732,663.8447056024244,3575.5545180529934,53.633317770794896,18.403513912865918,18.403513912865918,143.0819955914703,897.3670467904215,3809.0768592409913,0.0,0.0,0.0,0.0,0.0,27048.90070089692,0.0,0.0,5948.313866572543,23.930486941017904,0.0,0.0,0.0,-2.2737367544323206e-13,0.0
2025-06-27 18:00:00+00:00,4,104.0,2945.2197398778285,479.9797786280215,929.7393470977871,1535.5006141520203,479.97977862802145,289.35381992824875,190.62595869977272,1941.28693942502,0.0,479.9797786280215,0.0,929.7393470977871,0.0,1535.5006141520203,0.0,0.0,0.0,0.0,0.0,2015.4803927800417,671.8267975933472,3617.046537471176,54.255698062067644,18.594786941955743,18.594786941955743,144.34167174605358,907.6137412853798,2141.393614343826,0.0,0.0,0.0,0.0,0.0,26994.802899495127,0.0,1711.4398668193821,4144.297847384383,23.930391611218404,0.0,0.0,0.0,-2.2737367544323206e-13,0.0
2025-06-27 19:00:00+00:00,4,104.0,2980.3909338777416,485.0305200460975,939.2152424093899,1556.1451714222528,485.0305200460975,292.6810707782672,192.34944926783027,1941.28693942502,0.0,485.0305200460975,0.0,939.2152424093899,1002.2544432996174,553.8907281226354,0.0,0.0,1002.2544432996174,1336.3392577328232,334.0848144332058,1038.921248168733,346.307082722911,2324.443573301034,34.86665359951551,28.806849281183972,18.784304848187798,145.98011486444088,908.829819749445,584.6019388646627,0.0,0.0,0.0,1336.3392577328232,0.0,28210.335588542323,0.0,3304.6188147625235,660.9237629525047,23.929209640836504,0.0,0.0,0.0,-4.547473508864641e-13,0.0
2025-06-27 20:00:00+00:00,4,104.0,2968.9866483174515,483.5367806379522,935.2521310590871,1550.1977366204112,483.5367806379522,291.8227796886069,191.7140009493453,1941.28693942502,0.0,483.5367806379522,0.0,935.2521310590871,44.54263513980095,1505.6551014806103,0.0,0.0,44.54263513980095,59.39018018640127,14.847545046600317,1989.1918821185625,663.0639607061875,3587.5079738838367,53.81261960825755,19.150468972579752,18.705042621181743,145.50019292048913,915.079829875296,3884.066478192747,0.0,0.0,0.0,59.39018018640127,0.0,28210.335588542323,0.0,0.0,660.9237629525047,23.928743832945898,0.0,0.0,0.0,-3.410605131648481e-13,0.0
2025-06-27 21:00:00+00:00,4,104.0,2953.4170974572535,480.5937431243892,929.8746925855178,1542.9486617473453,480.59374312438916,290.139273009669,190.45447011472015,1941.28693942502,0.0,480.5937431243892,0.0,929.8746925855178,0.0,1542.9486617473453,0.0,0.0,0.0,0.0,0.0,2023.5424048717346,674.5141349572449,3627.9312324144976,54.41896848621746,18.597493851710357,18.597493851710357,144.6725529363624,910.8006440832455,3864.2177415404985,0.0,0.0,0.0,0.0,0.0,28153.91491736524,0.0,0.0,660.9237629525047,23.928591284295923,0.0,0.0,0.0,-4.547473508864641e-13,0.0
2025-06-27 22:00:00+00:00,4,104.0,2930.9927835730564,477.49967234540566,921.8050131661082,1531.6880980615424,477.4996723454057,287.8463067101331,189.65336563527262,1941.28693942502,0.0,477.49967234540566,0.0,921.8050131661082,0.0,1531.6880980615424,0.0,0.0,0.0,0.0,0.0,2009.187770406948,669.729256802316,3600.7220403753718,54.010830605630574,18.436100263322164,18.436100263322164,143.70423416834188,904.3165221029326,3835.309305675989,0.0,0.0,0.0,0.0,0.0,28097.607087530512,0.0,0.0,660.9237629525047,23.929971590713276,0.0,0.0,0.0,0.0,0.0
2025-06-27 23:00:00+00:00,4,104.0,2925.2518606763706,476.5633984995973,920.8209252995875,1527.867536877185,476.5633984995973,287.10855208467086,189.45484641492646,1941.28693942502,0.0,476.5633984995973,0.0,920.8209252995875,0.0,1527.867536877185,0.0,0.0,0.0,0.0,0.0,2004.4309353767824,668.1436451255942,3593.395505801964,53.90093258702946,18.41641850599175,18.41641850599175,143.40054485847037,902.2779595830775,3827.5298202594477,0.0,0.0,0.0,0.0,0.0,28041.411873355453,0.0,0.0,660.9237629525047,23.931015948119242,0.0,0.0,0.0,-4.547473508864641e-13,0.0
2025-10-04 00:00:00+00:00,5,17.0,2772.335379650507,441.8961114382369,875.227876681511,1455.2113915307582,441.8961114382369,278.724371822467,163.17173961576992,1941.28693942502,0.0,441.8961114382369,0.0,875.227876681511,0.0,1455.2113915307582,0.0,0.0,0.0,0.0,0.0,1897.107502968995,632.3691676563317,3404.704547306838,51.07056820960256,17.50455753363022,17.50455753363022,134.02112787539494,852.4699788085895,3624.805358459097,0.0,0.0,0.0,0.0,0.0,27929.35839150953,0.0,0.0,660.9237629525047,23.930325750067038,0.0,0.0,0.0,4.547473508864641e-13,0.0
2025-10-04 01:00:00+00:00,5,17.0,2779.9243563056393,442.71926615769996,876.5168169089789,1460.68827323896,442.7192661576999,279.87553226877156,162.84373388892834,1941.28693942502,0.0,442.71926615769996,0.0,876.5168169089789,0.0,1460.68827323896,0.0,0.0,0.0,0.0,0.0,1903.40753939666,634.4691797988867,3414.3935361045255,51.215903041567884,17.530336338179577,17.530336338179577,134.34568173128025,855.091437248094,5903.795513882216,0.0,0.0,0.0,0.0,0.0,27873.49967472651,2268.779720328483,0.0,2813.277190583852,23.93005383267733,0.0,0.0,0.0,-4.547473508864641e-13,0.0
2025-10-04 02:00:00+00:00,5,17.0,2782.067544758503,442.6521107639513,875.4726413192667,1463.942792675287,442.6521107639513,280.296273757736,162.35583700621532,1941.28693942502,0.0,442.6521107639513,0.0,875.4726413192667,0.0,1463.942792675287,0.0,0.0,0.0,0.0,0.0,1906.5949034392384,635.5316344797461,3417.599179238251,51.26398768857376,17.509452826385335,17.509452826385335,134.41831913337273,856.2328469544632,6942.91920647549,0.0,0.0,0.0,0.0,0.0,27817.752675377058,3304.6188147625235,0.0,5948.313866572543,23.93027546537148,0.0,0.0,0.0,-4.547473508864641e-13,0.0
2025-10-04 03:00:00+00:00,5,17.0,2760.95356824539,440.0106060757975,870.3302231703268,1450.612738999267,440.01060607579757,278.82673277735375,161.18387329844379,1941.28693942502,0.0,440.0106060757975,0.0,870.3302231703268,0.0,1450.612738999267,0.0,0.0,0.0,0.0,0.0,1890.6233450750647,630.2077816916882,3391.1613499370796,50.867420249056195,17.406604463406538,17.406604463406538,133.4947172939292,849.3831281614866,3610.3366964068764,0.0,0.0,0.0,0.0,0.0,27762.117170026304,0.0,0.0,5948.313866572543,23.929119235677504,0.0,0.0,0.0,-4.547473508864641e-13,0.0
2025-10-04 04:00:00+00:00,5,17.0,2761.044650665493,440.35460375008404,870.8929740258692,1449.7970728895414,440.35460375008404,279.223985175113,161.130618574971,1941.28693942502,0.0,440.35460375008404,0.0,870.8929740258692,0.0,1449.7970728895414,0.0,0.0,0.0,0.0,0.0,1890.1516766396253,630.0505588798751,3391.0952095453695,50.86642814318054,17.417859480517386,17.417859480517386,133.547692353279,849.3003983373693,3610.3450490028627,0.0,0.0,0.0,0.0,0.0,27706.592935686254,0.0,0.0,5948.313866572543,23.927873606544093,0.0,0.0,0.0,3.410605131648481e-13,0.0
2025-10-04 05:00:00+00:00,5,17.0,2641.789902241664,419.7696749904658,835.1907075456967,1386.8295197055031,419.7696749904657,266.98081173870355,152.78886325176217,1941.28693942502,0.0,419.7696749904658,0.0,835.1907075456967,0.0,1386.8295197055031,0.0,0.0,0.0,0.0,0.0,1806.599194695969,602.199731565323,3243.9896338069884,48.65984450710482,16.703814150913935,16.703814150913935,127.43655420356927,811.7037585778248,3453.4936608194885,0.0,0.0,0.0,0.0,0.0,27651.179749814884,0.0,0.0,5948.313866572543,23.933692636635026,0.0,0.0,0.0,-4.547473508864641e-13,0.0
2025-10-04 06:00:00+00:00,5,17.0,2549.551565904991,404.7955876528548,807.535811513433,1337.2201667387021,404.7955876528548,257.1344626281238,147.66112502473104,1941.28693942502,0.0,404.7955876528548,0.0,807.535811513433,0.0,1337.2201667387021,0.0,0.0,0.0,0.0,0.0,1742.015754391557,580.671918130519,3130.223484035509,46.95335226053263,16.15071623026866,16.15071623026866,122.88751136240228,782.8142142139912,27.746965356458986,0.0,0.0,0.0,0.0,0.0,27595.877390315258,0.0,3304.6188147625235,2464.939782140664,23.93854007985501,0.0,0.0,0.0,1.1368683772161603e-13,0.0
2025-10-04 07:00:00+00:00,5,17.0,2508.767897509253,399.2095837878369,794.0529964051879,1315.5053173162282,399.2095837878369,252.49865098013262,146.71093280770424,1941.28693942502,0.0,399.2095837878369,0.0,794.0529964051879,0.0,1315.5053173162282,0.0,0.0,0.0,0.0,0.0,1714.7149011040651,571.571633701355,3080.339531210608,46.20509296815912,15.881059928103758,15.881059928103758,121.10166886051803,770.6405153862397,1567.9685460761107,0.0,0.0,0.0,0.0,0.0,27540.68563553463,0.0,1711.4398668193821,660.9237629525047,23.940410279540092,0.0,0.0,0.0,0.0,0.0
2025-10-04 08:00:00+00:00,5,17.0,2576.8371060932204,409.6255707613093,813.7124989880829,1353.499036343827,409.6255707613093,258.387033333449,151.2385374278603,1941.28693942502,0.0,409.6255707613093,0.0,813.7124989880829,0.0,1353.499036343827,0.0,0.0,0.0,0.0,0.0,1763.1246071051362,587.7082023683787,3164.5453084615974,47.46817962692396,16.274249979761656,16.274249979761656,124.35605943456224,792.0809413893882,3368.918047482609,0.0,0.0,0.0,0.0,0.0,27485.60426426357,0.0,0.0,660.9237629525047,23.940192839918993,0.0,0.0,0.0,3.410605131648481e-13,0.0
2025-10-04 09:00:00+00:00,5,17.0,2647.138345203874,419.71301811458886,834.1983176402358,1393.22700944905,419.71301811458886,265.9319292045804,153.7810889100085,1941.28693942502,0.0,419.71301811458886,0.0,834.1983176402358,0.0,1393.22700944905,0.0,0.0,0.0,0.0,0.0,1812.940027563639,604.313342521213,3251.451687725088,48.77177531587632,16.683966352804717,16.683966352804717,127.59081343603049,814.0438639787294,3461.1822091826034,0.0,0.0,0.0,0.0,0.0,27430.63305573504,0.0,0.0,660.9237629525047,23.93885879126331,0.0,0.0,0.0,0.0,0.0
2025-10-04 10:00:00+00:00,5,17.0,2613.6421317498016,415.55862226999176,824.2059931871777,1373.8775162926324,415.5586222699917,264.1466441273926,151.4119781425991,1941.28693942502,0.0,415.55862226999176,0.0,824.2059931871777,0.0,1373.8775162926324,0.0,0.0,0.0,0.0,0.0,1789.4361385626241,596.4787128542081,3210.12084460401,48.15181266906015,16.484119863743555,16.484119863743555,126.18206222929916,803.7808274800545,3417.422959229856,0.0,0.0,0.0,0.0,0.0,27375.771789623574,0.0,0.0,660.9237629525047,23.933938281523243,0.0,0.0,0.0,0.0,0.0
2025-10-04 11:00:00+00:00,5,17.0,2561.7366210066575,407.4083668266686,807.2166421786446,1347.111612001344,407.40836682666867,258.069877573669,149.3384892529997,1941.28693942502,0.0,407.4083668266686,0.0,807.2166421786446,0.0,1347.111612001344,0.0,0.0,0.0,0.0,0.0,1754.5199788280124,584.8399929426708,3146.576613949328,47.19864920923992,16.144332843572894,16.144332843572894,123.7089342399795,788.036242079036,5618.552583414177,0.0,0.0,0.0,0.0,0.0,27321.020246044332,2268.779720328483,0.0,2813.277190583852,23.93726871910653,0.0,0.0,0.0,4.547473508864641e-13,0.0
2025-10-04 12:00:00+00:00,5,17.0,2590.1558036228676,411.3079355208363,815.3806007183475,1363.4672673836837,411.30793552083634,260.6832913198205,150.62464420101583,1941.28693942502,0.0,411.3079355208363,0.0,815.3806007183475,0.0,1363.4672673836837,0.0,0.0,0.0,0.0,0.0,1774.77520290452,591.5917343015067,3181.7475379243742,47.72621306886561,16.30761201436695,16.30761201436695,124.9857501451269,796.918921544233,6691.6935399296235,0.0,0.0,0.0,0.0,0.0,27266.378205552246,3304.6188147625235,0.0,5948.313866572543,23.938677485767762,0.0,0.0,0.0,0.0,0.0
2025-10-04 13:00:00+00:00,5,17.0,2578.671645327066,409.88418704366205,812.7656561323056,1356.0218021510982,409.884187043662,258.986462534946,150.89772450871604,1941.28693942502,0.0,409.88418704366205,0.0,812.7656561323056,0.0,1356.0218021510982,0.0,0.0,0.0,0.0,0.0,1765.9059891947602,588.6353297315867,3167.3069750586524,47.50960462587978,16.25531312264611,16.25531312264611,124.47937514495115,793.13493574771,3371.806581074776,0.0,0.0,0.0,0.0,0.0,27211.84544914114,0.0,0.0,5948.313866572543,23.94042867949562,0.0,0.0,0.0,2.2737367544323206e-13,0.0
2025-10-04 14:00:00+00:00,5,17.0,2551.113812437001,406.1085606623998,803.907812771593,1341.0974390030085,406.1085606623998,255.676434830413,150.4321258319868,1941.28693942502,0.0,406.1085606623998,0.0,803.907812771593,0.0,1341.0974390030085,0.0,0.0,0.0,0.0,0.0,1747.2059996654084,582.4019998884695,3133.515812325471,47.002737184882065,16.07815625543186,16.07815625543186,123.26517953108238,784.8262291152977,3335.9400415522987,0.0,0.0,0.0,0.0,0.0,27157.421758242857,0.0,0.0,5948.313866572543,23.942624780625085,0.0,0.0,0.0,1.1368683772161603e-13,0.0
2025-10-04 15:00:00+00:00,5,17.0,2491.247767477709,397.0599200069483,785.6339097105546,1308.5539377602083,397.05992000694835,250.0779356544804,146.98198435246792,1941.28693942502,0.0,397.0599200069483,0.0,785.6339097105546,0.0,1308.5539377602083,0.0,0.0,0.0,0.0,0.0,1705.6138577671566,568.5379525890522,3059.7857200667636,45.89678580100145,15.712678194211092,15.712678194211092,120.44782442619723,766.3079192046731,3257.555686682382,0.0,0.0,0.0,0.0,0.0,27103.106914726373,0.0,0.0,5948.313866572543,23.94244929103792,0.0,0.0,0.0,-1.1368683772161603e-13,0.0
2025-10-04 16:00:00+00:00,5,17.0,2473.627428948961,394.1235775658696,778.5424391898546,1300.9614121932357,394.1235775658696,248.03368163729027,146.0898959285793,1941.28693942502,0.0,394.1235775658696,0.0,778.5424391898546,0.0,1300.9614121932357,0.0,0.0,0.0,0.0,0.0,1695.0849897591052,565.0283299197017,3038.6557588686615,45.57983638302992,15.570848783797091,15.570848783797091,119.61118413313235,761.3610480034583,3234.988476952418,0.0,0.0,0.0,0.0,0.0,27048.900700896924,0.0,0.0,5948.313866572543,23.94161737127317,0.0,0.0,0.0,-1.5916157281026244e-12,0.0
2025-10-04 17:00:00+00:00,5,17.0,2562.6593872141925,406.9550721847219,804.0374595783439,1351.6668554511248,406.95507218472187,257.3882472902755,149.5668248944464,1941.28693942502,0.0,406.9550721847219,0.0,804.0374595783439,110.53439797157353,1241.1324574795512,0.0,0.0,110.53439797157353,147.37919729543137,36.84479932385784,1648.0875296642732,549.362509888091,3001.487499130708,45.022312486960615,17.186093171282614,16.08074919156688,123.72904827044592,788.2255123322049,1639.4450327270156,0.0,0.0,0.0,147.37919729543137,0.0,27134.813136925794,0.0,1711.4398668193821,4144.297847384383,23.936832497215764,0.0,0.0,0.0,3.410605131648481e-13,0.0
2025-10-04 18:00:00+00:00,5,17.0,2533.027693289755,401.8501230430054,793.5604267470178,1337.617143499731,401.8501230430054,253.9710177721515,147.87910527085387,1941.28693942502,0.0,401.8501230430054,0.0,793.5604267470178,891.9411141239818,445.67602937574907,0.0,0.0,891.9411141239818,1189.2548188319756,297.3137047079939,847.5261524187545,282.50871747291814,1923.5952966386903,28.853929449580352,24.790619676180174,15.871208534940356,122.25294163115524,771.5911214727682,0.0,1.3642420526593924e-12,0.0,1.3642420526593924e-12,1189.2548188319743,0.0,28210.335588542323,0.0,3304.6188147625235,660.9237629525047,23.93737218522402,0.0,0.0,0.0,2.2737367544323206e-13,0.0
2025-10-04 19:00:00+00:00,5,17.0,2513.7720482862746,399.07275005131993,787.9259687853433,1326.7733294496136,399.0727500513199,252.04015799121888,147.03259206010102,1941.28693942502,0.0,399.07275005131993,0.0,787.9259687853433,44.54263513980095,1282.2306943098126,0.0,0.0,44.54263513980095,59.39018018640127,14.847545046600317,1681.3034443611325,560.4344814537109,3029.6638946001867,45.4449584190028,16.203945727104877,15.758519375706868,121.36511586894991,774.0545658910756,3287.82661417735,0.0,0.0,0.0,59.39018018640127,0.0,28210.335588542323,0.0,0.0,660.9237629525047,23.937053204866327,0.0,0.0,0.0,-1.1368683772161603e-13,0.0
2025-10-04 20:00:00+00:00,5,17.0,2470.1049623555627,392.3816025048157,773.7596868333068,1303.9636730174398,392.38160250481565,248.13814332525962,144.24345917955606,1941.28693942502,0.0,392.3816025048157,0.0,773.7596868333068,0.0,1303.9636730174398,0.0,0.0,0.0,0.0,0.0,1696.3452755222554,565.4484251740852,3035.5533875296474,45.53330081294471,15.475193736666135,15.475193736666135,119.31576344509884,761.247876905461,3231.352839261023,0.0,0.0,0.0,0.0,0.0,28153.91491736524,0.0,0.0,660.9237629525047,23.936118839322475,0.0,0.0,0.0,-9.094947017729282e-13,0.0
2025-10-04 21:00:00+00:00,5,17.0,2378.6375790412726,378.9522889161122,747.5865236658708,1252.0987664592906,378.9522889161122,239.1939713535296,139.7583175625826,1941.28693942502,0.0,378.9522889161122,0.0,747.5865236658708,0.0,1252.0987664592906,0.0,0.0,0.0,0.0,0.0,1631.0510553754027,543.6836851251343,2922.3212641664077,43.834818962496115,14.951730473317417,14.951730473317417,115.04019895895314,732.4621639932184,3111.0997430344914,0.0,0.0,0.0,0.0,0.0,28097.607087530512,0.0,0.0,660.9237629525047,23.938437915034093,0.0,0.0,0.0,4.547473508864641e-13,0.0
2025-10-04 22:00:00+00:00,5,17.0,2404.149435673911,382.07964011654826,756.6284774985609,1265.4413180587976,382.07964011654826,242.04180932355487,140.0378307929934,1941.28693942502,0.0,382.07964011654826,0.0,756.6284774985609,0.0,1265.4413180587976,0.0,0.0,0.0,0.0,0.0,1647.5209581753459,549.1736527251153,2953.323088399022,44.29984632598533,15.132569549971217,15.132569549971217,116.07307198911997,739.811710140163,3143.9611458140744,0.0,0.0,0.0,0.0,0.0,28041.411873355453,0.0,0.0,660.9237629525047,23.938551696886513,0.0,0.0,0.0,5.684341886080801e-13,0.0
2025-10-04 23:00:00+00:00,5,17.0,2362.210892307045,374.333108488791,741.3954907944876,1246.4822930237674,374.333108488791,237.64296388496788,136.69014460382317,1941.28693942502,0.0,374.333108488791,0.0,741.3954907944876,0.0,1246.4822930237674,0.0,0.0,0.0,0.0,0.0,1620.8154015125583,540.2718005041861,2902.482692811232,43.53724039216848,14.827909815889752,14.827909815889752,113.89832324671046,727.3631837748444,3089.5740760818894,0.0,0.0,0.0,0.0,0.0,27985.32904960875,0.0,0.0,660.9237629525047,23.939230086574643,0.0,0.0,0.0,0.0,0.0
2025-10-16 00:00:00+00:00,6,21.0,2339.9718353632124,360.71191271164014,743.1464306838644,1236.1134919677072,360.71191271164014,245.99881413537588,114.71309857626426,1941.28693942502,0.0,360.71191271164014,0.0,743.1464306838644,0.0,1236.1134919677072,0.0,0.0,0.0,0.0,0.0,1596.8254046793472,532.2751348931157,2872.246970256327,43.0837045538449,14.862928613677289,14.862928613677289,110.72948319009078,715.8141798644058,3055.786015227618,0.0,0.0,0.0,0.0,0.0,0.0,0.0,0.0,660.9237629525047,23.93073209260098,0.0,0.0,0.0,-2.2737367544323206e-13,0.0
2025-10-16 01:00:00+00:00,6,21.0,2313.3033477538447,356.4396825859428,734.9777129624172,1221.8859522054845,356.4396825859428,243.38749118719835,113.05219139874445,1941.28693942502,0.0,356.4396825859428,0.0,734.9777129624172,0.0,1221.8859522054845,0.0,0.0,0.0,0.0,0.0,1578.3256347914273,526.1085449304758,2839.4118926843203,42.5911783902648,14.699554259248345,14.699554259248345,109.42966630965026,707.5284981488874,3020.831845902732,0.0,0.0,0.0,0.0,0.0,0.0,0.0,0.0,660.9237629525047,23.929900238671863,0.0,0.0,0.0,-2.2737367544323206e-13,0.0
2025-10-16 02:00:00+00:00,6,21.0,2338.023090188865,360.108728567042,740.48792928198,1237.426432339842,360.108728567042,245.44597097071428,114.66275759632774,1941.28693942502,0.0,360.108728567042,0.0,740.48792928198,0.0,1237.426432339842,0.0,0.0,0.0,0.0,0.0,1597.535160906884,532.5117203022946,2870.5348104911586,43.058022157367375,14.8097585856396,14.8097585856396,110.63241596463635,715.8216755955776,3053.8447657844417,0.0,0.0,0.0,0.0,0.0,0.0,0.0,0.0,660.9237629525047,23.930051938690124,0.0,0.0,0.0,-7.958078640513122e-13,0.0
2025-10-16 03:00:00+00:00,6,21.0,2372.724729111875,364.4511983540943,750.4611805931779,1257.812350164603,364.4511983540943,248.58601073599513,115.86518761809914,1941.28693942502,0.0,364.4511983540943,0.0,750.4611805931779,0.0,1257.812350164603,0.0,0.0,0.0,0.0,0.0,1622.2635485186972,540.7545161728991,2913.479245284774,43.70218867927161,15.00922361186356,15.00922361186356,112.11214677468446,726.5872988505823,3099.3120279624577,0.0,0.0,0.0,0.0,0.0,0.0,0.0,0.0,660.9237629525047,23.931093139843394,0.0,0.0,0.0,2.2737367544323206e-13,0.0
2025-10-16 04:00:00+00:00,6,21.0,2361.552986645079,361.42623510034366,743.9373917735619,1256.189359771173,361.42623510034366,247.61887214993232,113.80736295041132,1941.28693942502,0.0,361.42623510034366,0.0,743.9373917735619,0.0,1256.189359771173,0.0,0.0,0.0,0.0,0.0,1617.6155948715168,539.2051982905056,2900.7581849355843,43.51137277403376,14.878747835471238,14.878747835471238,111.41739085001237,723.8914575854941,3085.444444230572,0.0,0.0,0.0,0.0,0.0,0.0,0.0,0.0,660.9237629525047,23.930555152790873,0.0,0.0,0.0,-7.958078640513122e-13,0.0
2025-10-16 05:00:00+00:00,6,21.0,2337.432519877436,357.3564272319167,734.4309657215815,1245.645126923936,357.35642723191665,244.87703002302328,112.4793972088934,1941.28693942502,0.0,357.3564272319167,0.0,734.4309657215815,0.0,1245.645126923936,0.0,0.0,0.0,0.0,0.0,1603.0015541558528,534.3338513852842,2871.766371262718,43.07649556894077,14.68861931443163,14.68861931443163,110.25768767148213,717.0452732545705,3054.4777931320054,0.0,0.0,0.0,0.0,0.0,0.0,0.0,0.0,660.9237629525047,23.931407109663517,0.0,0.0,0.0,-9.094947017729282e-13,0.0
2025-10-16 06:00:00+00:00,6,21.0,2245.723916846042,343.31053227608095,704.419400228219,1197.9939843417415,343.31053227608095,235.0492019839225,108.26133029215848,1941.28693942502,0.0,343.31053227608095,0.0,704.419400228219,0.0,1197.9939843417415,0.0,0.0,0.0,0.0,0.0,1541.3045166178224,513.7681722059408,2759.4920890519825,41.39238133577974,14.088388004564381,14.088388004564381,105.95729818211923,689.2946277329686,2935.01854457901,0.0,0.0,0.0,0.0,0.0,0.0,0.0,0.0,660.9237629525047,23.933788667823343,0.0,0.0,0.0,-6.821210263296962e-13,0.0
2025-10-16 07:00:00+00:00,6,21.0,2252.5122594783807,344.43002408392147,705.1853247979951,1202.8969105964625,344.43002408392147,236.33791338503585,108.09211069888562,1941.28693942502,0.0,344.43002408392147,0.0,705.1853247979951,0.0,1202.8969105964625,0.0,0.0,0.0,0.0,0.0,1547.326934680384,515.7756448934614,2768.287904371841,41.52431856557761,14.103706495959903,14.103706495959903,106.33010444269088,691.8374808936497,2944.3497403720307,0.0,0.0,0.0,0.0,0.0,0.0,0.0,0.0,660.9237629525047,23.931131279307955,0.0,0.0,0.0,3.410605131648481e-13,0.0
2025-10-16 08:00:00+00:00,6,21.0,2253.3378561860136,345.22113176454707,705.3825989911898,1202.7341254302773,345.22113176454707,236.34944884539138,108.8716829191557,1941.28693942502,0.0,345.22113176454707,0.0,705.3825989911898,0.0,1202.7341254302773,0.0,0.0,0.0,0.0,0.0,1547.9552571948243,515.9850857316081,2769.3229419176223,41.53984412876434,14.107651979823796,14.107651979823796,106.49548490390394,692.235718723924,2945.573574909938,0.0,0.0,0.0,0.0,0.0,0.0,0.0,0.0,660.9237629525047,23.93080028886963,0.0,0.0,0.0,4.547473508864641e-13,0.0
2025-10-16 09:00:00+00:00,6,21.0,2295.657581293279,351.94317212362995,719.0085500709984,1224.705859098651,351.94317212362995,240.53102331594135,111.4121488076886,1941.28693942502,0.0,351.94317212362995,0.0,719.0085500709984,0.0,1224.705859098651,0.0,0.0,0.0,0.0,0.0,1576.6490312222809,525.5496770740937,2821.207258367373,42.318108875510596,14.380171001419967,14.380171001419967,108.5308616674777,705.1589896199218,3000.8165709132004,0.0,0.0,0.0,0.0,0.0,0.0,0.0,0.0,660.9237629525047,23.92951491340336,0.0,0.0,0.0,-2.2737367544323206e-13,0.0
2025-10-16 10:00:00+00:00,6,21.0,2296.796900667516,352.97602792132807,720.4925050796406,1223.3283676665487,352.97602792132807,240.09475098697166,112.8812769343564,1941.28693942502,0.0,352.97602792132807,0.0,720.4925050796406,0.0,1223.3283676665487,0.0,0.0,0.0,0.0,0.0,1576.3043955878768,525.4347985292923,2822.2316991968096,42.33347548795214,14.409850101592813,14.409850101592813,108.71472313742606,705.3026973578561,3002.099598025372,0.0,0.0,0.0,0.0,0.0,0.0,0.0,0.0,660.9237629525047,23.929447292402347,0.0,0.0,0.0,-3.410605131648481e-13,0.0
2025-10-16 11:00:00+00:00,6,21.0,2383.129426240317,366.48167950445924,745.78262017874,1270.865126557115,366.48167950445924,249.09779892772173,117.3838805767375,1941.28693942502,0.0,366.48167950445924,0.0,745.78262017874,0.0,1270.865126557115,0.0,0.0,0.0,0.0,0.0,1637.3468060615742,545.7822686871914,2928.911694927506,43.93367542391258,14.9156524035748,14.9156524035748,112.8922004544462,732.4394493726998,3115.5688756130166,0.0,0.0,0.0,0.0,0.0,0.0,0.0,0.0,660.9237629525047,23.92862134920481,0.0,0.0,0.0,-2.2737367544323206e-13,0.0
2025-10-16 12:00:00+00:00,6,21.0,2399.4868278373915,368.13812249916674,750.1654003818917,1281.1833049563336,368.13812249916674,250.29834504388543,117.83977745528132,1941.28693942502,0.0,368.13812249916674,0.0,750.1654003818917,0.0,1281.1833049563336,0.0,0.0,0.0,0.0,0.0,1649.3214274555003,549.7738091518335,2949.2606369892255,44.23890955483838,15.003308007637834,15.003308007637834,113.52364118425584,737.5429759062035,3137.029803743595,0.0,0.0,0.0,0.0,0.0,0.0,0.0,0.0,660.9237629525047,23.930118602729188,0.0,0.0,0.0,0.0,0.0
2025-10-16 13:00:00+00:00,6,21.0,2416.502104441078,370.5003252219293,754.8253306595984,1291.17644855955,370.50032522192936,251.5562341868308,118.94409103509854,1941.28693942502,0.0,370.5003252219293,0.0,754.8253306595984,0.0,1291.17644855955,0.0,0.0,0.0,0.0,0.0,1661.6767737814794,553.8922579271598,2970.3943623682376,44.55591543552356,15.096506613191968,15.096506613191968,114.29779478196107,742.9389813710284,3159.441085812107,0.0,0.0,0.0,0.0,0.0,0.0,0.0,0.0,660.9237629525047,23.931104522847818,0.0,0.0,0.0,6.821210263296962e-13,0.0
2025-10-16 14:00:00+00:00,6,21.0,2400.4562851764026,368.6102556168818,750.3580911256071,1281.4879384339133,368.6102556168818,249.76431124440256,118.84594437247921,1941.28693942502,0.0,368.6102556168818,0.0,750.3580911256071,0.0,1281.4879384339133,0.0,0.0,0.0,0.0,0.0,1650.098194050795,550.032731350265,2950.489016526667,44.2573352479,15.007161822512142,15.007161822512142,113.6309051884717,737.9352954316608,3138.3915806080627,0.0,0.0,0.0,0.0,0.0,0.0,0.0,0.0,660.9237629525047,23.931194578879232,0.0,0.0,0.0,-7.958078640513122e-13,0.0
2025-10-16 15:00:00+00:00,6,21.0,2370.1207225475923,363.7596093281404,740.5573531171851,1265.8037601022681,363.7596093281404,245.96858919890235,117.79102012923806,1941.28693942502,0.0,363.7596093281404,0.0,740.5573531171851,0.0,1265.8037601022681,0.0,0.0,0.0,0.0,0.0,1629.5633694304086,543.1877898101362,2913.3085123577303,43.699627685365954,14.811147062343704,14.811147062343704,112.16597319002366,728.6756848102133,3098.796407357805,0.0,0.0,0.0,0.0,0.0,0.0,0.0,0.0,660.9237629525047,23.934840062554144,0.0,0.0,0.0,-5.684341886080801e-13,0.0
2025-10-16 16:00:00+00:00,6,21.0,2446.458205940478,374.8189052598422,764.3986803693697,1307.2406203112682,374.81890525984215,255.76024895443797,119.05865630540421,1941.28693942502,0.0,374.8189052598422,0.0,764.3986803693697,0.0,1307.2406203112682,0.0,0.0,0.0,0.0,0.0,1682.0595255711105,560.6865085237035,3007.144714464184,45.107170716962756,15.287973607387395,15.287973607387395,115.66060990822936,752.0302363636704,3198.4884423041485,0.0,0.0,0.0,0.0,0.0,0.0,0.0,0.0,660.9237629525047,23.927838540294488,0.0,0.0,0.0,2.2737367544323206e-13,0.0
2025-10-16 17:00:00+00:00,6,21.0,2460.279991037327,377.01811057377586,769.1028127686601,1314.159067694891,377.01811057377586,259.3147227740947,117.70338779968114,1941.28693942502,0.0,377.01811057377586,0.0,769.1028127686601,0.0,1314.159067694891,0.0,0.0,0.0,0.0,0.0,1691.177178268667,563.7257260895557,3024.0057171268827,45.36008575690324,15.382056255373202,15.382056255373202,116.32428567734813,756.1742100345534,3216.45420107188,0.0,0.0,0.0,0.0,0.0,0.0,0.0,0.0,660.9237629525047,23.92125188326429,0.0,0.0,0.0,-2.2737367544323206e-13,0.0
2025-10-16 18:00:00+00:00,6,21.0,2507.8566522645306,383.89467008049724,783.2211167100538,1340.7408654739781,383.89467008049724,265.41374272825647,118.4809273522408,1941.28693942502,0.0,383.89467008049724,0.0,783.2211167100538,0.0,1340.7408654739781,0.0,0.0,0.0,0.0,0.0,1724.6355355544754,574.8785118514918,3082.735164116021,46.241027461740316,15.664422334201078,15.664422334201078,118.5186494725255,770.9670334541596,3278.82368571869,0.0,0.0,0.0,0.0,0.0,0.0,0.0,0.0,660.9237629525047,23.91711669871132,0.0,0.0,0.0,-3.410605131648481e-13,0.0
2025-10-16 19:00:00+00:00,6,21.0,2492.6049982652075,381.7516575246401,778.704955479186,1332.148385261383,381.7516575246401,263.83307425463903,117.91858327000108,1941.28693942502,0.0,381.7516575246401,0.0,778.704955479186,0.0,1332.148385261383,0.0,0.0,0.0,0.0,0.0,1713.9000427860233,571.3000142620077,3063.905012527217,45.95857518790825,15.57409910958372,15.57409910958372,117.82737713573282,766.2341648048161,3258.839163070023,0.0,0.0,0.0,0.0,0.0,0.0,0.0,0.0,660.9237629525047,23.917341058484478,0.0,0.0,0.0,-6.821210263296962e-13,0.0
2025-10-16 20:00:00+00:00,6,21.0,2473.661980718646,379.0602949818142,773.1424486489269,1321.4592370879038,379.0602949818142,262.04001155045637,117.02028343135783,1941.28693942502,0.0,379.0602949818142,0.0,773.1424486489269,0.0,1321.4592370879038,0.0,0.0,0.0,0.0,0.0,1700.519532069718,566.8398440232394,3040.5018247418843,45.60752737112826,15.462848972978538,15.462848972978538,116.96259270329867,760.3356620436235,3233.997642762269,0.0,0.0,0.0,0.0,0.0,0.0,0.0,0.0,660.9237629525047,23.9173165533687,0.0,0.0,0.0,-5.684341886080801e-13,0.0
2025-10-16 21:00:00+00:00,6,21.0,2451.80062053163,375.98533648816596,767.0894030535067,1308.7258809899574,375.98533648816596,259.9352227635063,116.05011372465965,1941.28693942502,0.0,375.98533648816596,0.0,767.0894030535067,0.0,1308.7258809899574,0.0,0.0,0.0,0.0,0.0,1684.7112174781234,561.5704058260411,3013.3710263576713,45.20056539536507,15.341788061070133,15.341788061070133,115.96099429217347,753.4155416357199,3205.21616216735,0.0,0.0,0.0,0.0,0.0,0.0,0.0,0.0,660.9237629525047,23.917518060660996,0.0,0.0,0.0,-1.1368683772161603e-13,0.0
2025-10-16 22:00:00+00:00,6,21.0,2385.6430649887966,366.2128580524458,745.947253413693,1273.482953522657,366.2128580524458,252.7612811521671,113.45157690027872,1941.28693942502,0.0,366.2128580524458,0.0,745.947253413693,0.0,1273.482953522657,0.0,0.0,0.0,0.0,0.0,1639.6958115751029,546.5652705250343,2932.20833551383,43.98312503270745,14.91894506827386,14.91894506827386,112.9131388709377,733.2994245652271,3118.9424895540237,0.0,0.0,0.0,0.0,0.0,0.0,0.0,0.0,660.9237629525047,23.919948589852993,0.0,0.0,0.0,0.0,0.0
2025-10-16 23:00:00+00:00,6,21.0,2383.2515857583894,365.7653135200047,745.6332790595685,1271.8529931788148,365.7653135200047,252.41484968785872,113.35046383214602,1941.28693942502,0.0,365.7653135200047,0.0,745.6332790595685,0.0,1271.8529931788148,0.0,0.0,0.0,0.0,0.0,1637.6183066988197,545.8727688996065,2929.1243546579944,43.936865319869916,14.912665581191371,14.912665581191371,112.77318342285349,732.4081488047127,3115.659734563102,0.0,0.0,0.0,0.0,0.0,0.0,0.0,0.0,660.9237629525047,23.920511506454694,0.0,0.0,0.0,0.0,0.0
2025-11-13 00:00:00+00:00,7,22.0,3360.4038384668725,544.324703851539,1049.9581312178411,1766.1210033974896,544.324703851539,329.6795774653859,214.6451263861531,1941.28693942502,0.0,544.324703851539,0.0,1049.9581312178411,0.0,1766.1210033974896,0.0,0.0,0.0,0.0,0.0,2310.4457072490286,770.1485690830095,4130.55240754988,61.95828611324819,20.999162624356824,20.999162624356824,164.3499414956082,1038.4551219405796,4398.858960407452,0.0,0.0,0.0,0.0,0.0,27929.358391509533,0.0,0.0,660.9237629525047,23.930564387882157,0.0,0.0,0.0,2.2737367544323206e-13,0.0
2025-11-13 01:00:00+00:00,7,22.0,3281.3981755089244,531.6271520147905,1025.9898231479017,1723.7812003462336,531.6271520147905,321.60073614219436,210.0264158725961,1941.28693942502,0.0,531.6271520147905,0.0,1025.9898231479017,0.0,1723.7812003462336,0.0,0.0,0.0,0.0,0.0,2255.4083523610243,751.8027841203415,4033.2009596292673,60.49801439443901,20.519796462958034,20.519796462958034,160.48518942469985,1013.8255808653964,4295.22375637432,0.0,0.0,0.0,0.0,0.0,27873.49967472652,0.0,0.0,660.9237629525047,23.932271639643275,0.0,0.0,0.0,-6.821210263296962e-13,0.0
2025-11-13 02:00:00+00:00,7,22.0,3229.0354634178498,523.6918722269302,1009.1348854614841,1696.2087057294343,523.6918722269302,316.6638530810497,207.0280191458805,1941.28693942502,0.0,523.6918722269302,0.0,1009.1348854614841,0.0,1696.2087057294343,0.0,0.0,0.0,0.0,0.0,2219.9005779563645,739.9668593187881,3969.0023227366364,59.535034841049544,20.182697709229682,20.182697709229682,158.03979249490703,997.9070820732042,4226.942545491053,0.0,0.0,0.0,0.0,0.0,27817.75267537707,0.0,0.0,660.9237629525047,23.93193201251123,0.0,0.0,0.0,-5.684341886080801e-13,0.0
2025-11-13 03:00:00+00:00,7,22.0,3216.3525933302976,520.9895239000451,1004.3963077636786,1690.9667616665713,520.9895239000451,316.0155764336623,204.97394746638284,1941.28693942502,0.0,520.9895239000451,0.0,1004.3963077636786,0.0,1690.9667616665713,0.0,0.0,0.0,0.0,0.0,2211.9562855666163,737.3187618555388,3953.671355185834,59.305070327787504,20.08792615527357,20.08792615527357,157.31951446730145,994.1191989611748,7515.090607053997,0.0,0.0,0.0,0.0,0.0,27762.11717002632,3304.6188147625235,0.0,3795.960438941195,23.930378380498837,0.0,0.0,0.0,1.3642420526593924e-12,0.0
2025-11-13 04:00:00+00:00,7,22.0,3126.968956241263,506.83398681530565,976.1630175700989,1643.9719518558572,506.83398681530565,307.5788544647121,199.25513235059356,1941.28693942502,0.0,506.83398681530565,0.0,976.1630175700989,0.0,1643.9719518558572,0.0,0.0,0.0,0.0,0.0,2150.805938671163,716.9353128903876,3843.9042691316495,57.65856403697474,19.523260351401976,19.523260351401976,153.0175877647859,966.6579853949522,6362.406661964698,0.0,0.0,0.0,0.0,0.0,27706.592935686265,2268.779720328483,0.0,5948.313866572543,23.92951118585106,0.0,0.0,0.0,-4.547473508864641e-13,0.0
2025-11-13 05:00:00+00:00,7,22.0,3196.774369188285,517.6085655063396,997.950889679188,1681.2149140027543,517.6085655063396,314.461496252631,203.1470692537086,1941.28693942502,0.0,517.6085655063396,0.0,997.950889679188,0.0,1681.2149140027543,0.0,0.0,0.0,0.0,0.0,2198.823479509094,732.9411598363646,3929.7155290246465,58.9457329353697,19.95901779358376,19.95901779358376,156.33335802750716,988.1382863864089,4184.912655574693,0.0,0.0,0.0,0.0,0.0,27651.179749814884,0.0,0.0,5948.313866572543,23.92911498078872,0.0,0.0,0.0,-6.821210263296962e-13,0.0
2025-11-13 06:00:00+00:00,7,22.0,2924.6741731359034,474.4054070058603,915.0811213263705,1535.1876448036737,474.4054070058603,287.62355172490004,186.78185528096026,1941.28693942502,0.0,474.4054070058603,0.0,915.0811213263705,0.0,1535.1876448036737,0.0,0.0,0.0,0.0,0.0,2009.593051809534,669.864350603178,3594.5385237390824,53.918077856086235,18.301622426527413,18.301622426527413,143.13171095932563,903.5173842716447,2116.751690588166,0.0,0.0,0.0,0.0,0.0,27595.877390315258,0.0,1711.4398668193821,4144.297847384383,23.931956863203926,0.0,0.0,0.0,2.2737367544323206e-13,0.0
2025-11-13 07:00:00+00:00,7,22.0,2906.985988667035,471.3152553018234,911.254992924535,1524.4157404406762,471.3152553018234,285.64797446100533,185.66728084081808,1941.28693942502,0.0,471.3152553018234,0.0,911.254992924535,0.0,1524.4157404406762,0.0,0.0,0.0,0.0,0.0,1995.7309957424995,665.2436652474998,3572.2296539145345,53.58344480871801,18.2250998584907,18.2250998584907,142.17956860480825,897.4568783780076,499.82405228251946,0.0,0.0,0.0,0.0,0.0,27540.68563553463,0.0,3304.6188147625235,660.9237629525047,23.93296298446696,0.0,0.0,0.0,2.2737367544323206e-13,0.0
2025-11-13 08:00:00+00:00,7,22.0,2949.1212400973604,478.09507466583824,924.4114879771674,1546.6146774543543,478.09507466583824,289.511110340716,188.58396432512222,1941.28693942502,0.0,478.09507466583824,0.0,924.4114879771674,0.0,1546.6146774543543,0.0,0.0,0.0,0.0,0.0,2024.7097521201924,674.9032507067308,3624.0244908040904,54.36036736206135,18.488229759543348,18.488229759543348,144.23093502727608,910.4710126151549,3859.5922527125153,0.0,0.0,0.0,0.0,0.0,27485.60426426357,0.0,0.0,660.9237629525047,23.93521550761994,0.0,0.0,0.0,0.0,0.0
2025-11-13 09:00:00+00:00,7,22.0,2934.9349326267106,476.0803486069249,919.2645606753323,1539.5900233444534,476.0803486069249,288.27987936253123,187.80046924439364,1941.28693942502,0.0,476.0803486069249,0.0,919.2645606753323,0.0,1539.5900233444534,0.0,0.0,0.0,0.0,0.0,2015.6703719513782,671.8901239837927,3606.825056610503,54.102375849157546,18.385291213506648,18.385291213506648,143.60913287851926,906.3722151384828,3841.3071477651933,0.0,0.0,0.0,0.0,0.0,27430.633055735045,0.0,0.0,660.9237629525047,23.934236715526083,0.0,0.0,0.0,-1.1368683772161603e-13,0.0
2025-11-13 10:00:00+00:00,7,22.0,2923.152840962353,474.32908164855934,915.3708673305124,1533.4528919832808,474.32908164855934,287.2021749473953,187.12690670116405,1941.28693942502,0.0,474.32908164855934,0.0,915.3708673305124,0.0,1533.4528919832808,0.0,0.0,0.0,0.0,0.0,2007.7819736318402,669.2606578772801,3592.4134988396327,53.88620248259449,18.307417346610247,18.307417346610247,143.06805215022015,902.8297472033153,3825.9825881656684,0.0,0.0,0.0,0.0,0.0,27375.771789623566,0.0,0.0,660.9237629525047,23.933758019441044,0.0,0.0,0.0,2.2737367544323206e-13,0.0
2025-11-13 11:00:00+00:00,7,22.0,2916.5379463036284,473.44062739607006,912.8558905830494,1530.241428324509,473.4406273960701,286.79411535070307,186.64651204536705,1941.28693942502,0.0,473.44062739607006,0.0,912.8558905830494,0.0,1530.241428324509,0.0,0.0,0.0,0.0,0.0,2003.682055720579,667.8940185735263,3584.4319648771543,53.76647947315731,18.257117811660986,18.257117811660986,142.79090170293586,900.9656353729415,3817.50358167657,0.0,0.0,0.0,0.0,0.0,27321.020246044325,0.0,0.0,660.9237629525047,23.93346215907603,0.0,0.0,0.0,0.0,0.0
2025-11-13 12:00:00+00:00,7,22.0,2911.949476336297,472.3938336786809,911.6823283829572,1527.8733142746598,472.39383367868083,286.74099397209477,185.6528397065861,1941.28693942502,0.0,472.3938336786809,0.0,911.6823283829572,0.0,1527.8733142746598,0.0,0.0,0.0,0.0,0.0,2000.2671479533408,666.755715984447,3578.705192320745,53.68057788481117,18.233646567659143,18.233646567659143,142.50393313905624,899.4075201436326,7115.9758112424515,0.0,0.0,0.0,0.0,0.0,27266.37820555223,3304.6188147625235,0.0,3795.960438941195,23.933878858228525,0.0,0.0,0.0,-9.094947017729282e-13,0.0
2025-11-13 13:00:00+00:00,7,22.0,3043.061396795352,494.04102842518284,952.837592374504,1596.1827759956616,494.04102842518284,300.0060905017084,194.03493792347444,1941.28693942502,0.0,494.04102842518284,0.0,952.837592374504,0.0,1596.1827759956616,0.0,0.0,0.0,0.0,0.0,2090.2238044208443,696.7412681402815,3739.8026649356298,56.097039974034445,19.05675184749008,19.05675184749008,148.98891313796958,939.9407249472657,6251.7818420711,0.0,0.0,0.0,0.0,0.0,27211.845449141125,2268.779720328483,0.0,5948.313866572543,23.927873106620698,0.0,0.0,0.0,-4.547473508864641e-13,0.0
2025-11-13 14:00:00+00:00,7,22.0,3199.9623254641006,518.949165585589,1000.5727445269694,1680.44041535154,518.949165585589,314.98213653730426,203.96702904828473,1941.28693942502,0.0,518.949165585589,0.0,1000.5727445269694,0.0,1680.44041535154,0.0,0.0,0.0,0.0,0.0,2199.389580937129,733.1298603123763,3933.0921857764747,58.99638278664712,20.011454890539387,20.011454890539387,156.59980867660005,988.7489615567024,4188.711287020804,0.0,0.0,0.0,0.0,0.0,27157.421758242846,0.0,0.0,5948.313866572543,23.925018703221667,0.0,0.0,0.0,9.094947017729282e-13,0.0
2025-11-13 15:00:00+00:00,7,22.0,3230.7696475603207,522.1992856458965,1009.6394697784929,1698.9308921359316,522.1992856458965,319.33283442194636,202.86645122395004,1941.28693942502,0.0,522.1992856458965,0.0,1009.6394697784929,0.0,1698.9308921359316,0.0,0.0,0.0,0.0,0.0,2221.130177781828,740.376725927276,3971.146373487597,59.56719560231395,20.192789395569857,20.192789395569857,157.7977735752638,998.1272738959935,2517.4570546369328,0.0,0.0,0.0,0.0,0.0,27103.106914726362,0.0,1711.4398668193821,4144.297847384383,23.924964402716075,0.0,0.0,0.0,6.821210263296962e-13,0.0
2025-11-13 16:00:00+00:00,7,22.0,3209.827763350554,519.5251443124062,1001.9006476135418,1688.4019714246087,519.5251443124062,315.8923248821801,203.63281943022605,1941.28693942502,0.0,519.5251443124062,0.0,1001.9006476135418,916.9222797200582,771.4796917045505,0.0,0.0,916.9222797200582,1222.5630396267443,305.64075990668607,1291.0048360169567,430.33494533898556,2723.240428969484,40.84860643454226,29.20723574947142,20.038012952270837,156.9370568881621,983.0066172701183,888.215565858149,0.0,0.0,0.0,1222.5630396267443,0.0,28210.335588542323,0.0,3304.6188147625235,660.9237629525047,23.927118206298555,0.0,0.0,0.0,-2.2737367544323206e-13,0.0
2025-11-13 17:00:00+00:00,7,22.0,3193.7881855005635,518.9591020157945,999.0701836201129,1675.7588998646565,518.9591020157945,313.58282373549514,205.37627828029946,1941.28693942502,0.0,518.9591020157945,0.0,999.0701836201129,44.54263513980095,1631.2162647248556,0.0,0.0,44.54263513980095,59.39018018640127,14.847545046600317,2150.17536674065,716.7251222468834,3865.9706726076465,57.9895600891147,20.426830023800267,19.98140367240226,156.47514384931003,986.4456049281109,4180.233790428674,0.0,0.0,0.0,59.39018018640127,0.0,28210.335588542323,0.0,0.0,660.9237629525047,23.925866816694775,0.0,0.0,0.0,-2.2737367544323206e-13,0.0
2025-11-13 18:00:00+00:00,7,22.0,3206.1912956608926,521.5153102757243,1005.2586662553518,1679.4173191298148,521.5153102757243,314.92681181298997,206.58849846273435,1941.28693942502,0.0,521.5153102757243,0.0,1005.2586662553518,0.0,1679.4173191298148,0.0,0.0,0.0,0.0,0.0,2200.932629405539,733.6442098018464,3939.8355054627373,59.09753258194106,20.10517332510704,20.10517332510704,157.12428334293557,990.076372376937,4196.267668037829,0.0,0.0,0.0,0.0,0.0,28153.91491736524,0.0,0.0,660.9237629525047,23.926015351053238,0.0,0.0,0.0,-5.684341886080801e-13,0.0
2025-11-13 19:00:00+00:00,7,22.0,3235.0414816398597,525.5793240992818,1016.2199334364609,1693.2422241041188,525.5793240992818,317.0565612835558,208.52276281572603,1941.28693942502,0.0,525.5793240992818,0.0,1016.2199334364609,88.9961850093232,1604.2460390947956,0.0,0.0,88.9961850093232,118.66158001243093,29.665395003107733,2129.8253631940775,709.9417877313591,3855.9870843618974,57.83980626542846,21.214360518822453,20.32439866872922,158.3696116941823,997.3553598816293,4232.3968415214895,0.0,0.0,0.0,118.66158001243093,0.0,28210.335588542323,0.0,0.0,660.9237629525047,23.927088188774466,0.0,0.0,0.0,4.547473508864641e-13,0.0
2025-11-13 20:00:00+00:00,7,22.0,3226.673697013226,524.1646774813953,1014.209251182818,1688.2997683490132,524.1646774813953,317.5893634382133,206.57531404318195,1941.28693942502,0.0,524.1646774813953,0.0,1014.209251182818,0.0,1688.2997683490132,0.0,0.0,0.0,0.0,0.0,2212.4644458304083,737.4881486101361,3964.1618456233628,59.46242768435044,20.28418502365636,20.28418502365636,157.9370994922151,995.4560458340145,4222.12974284724,0.0,0.0,0.0,0.0,0.0,28153.91491736524,0.0,0.0,660.9237629525047,23.92380697902623,0.0,0.0,0.0,-6.821210263296962e-13,0.0
2025-11-13 21:00:00+00:00,7,22.0,3122.517284295217,505.64598975045647,980.315102128515,1636.5561924162466,505.64598975045647,307.8418136470363,197.8041761034202,1941.28693942502,0.0,505.64598975045647,0.0,980.315102128515,0.0,1636.5561924162466,0.0,0.0,0.0,0.0,0.0,2142.202182166703,714.0673940555677,3836.584678350786,57.54877017526179,19.606302042570302,19.606302042570302,152.57078085298602,963.399549168956,4085.916833464173,0.0,0.0,0.0,0.0,0.0,28097.607087530512,0.0,0.0,660.9237629525047,23.92772491825393,0.0,0.0,0.0,1.1368683772161603e-13,0.0
2025-11-13 22:00:00+00:00,7,22.0,3132.447020939854,506.5335616098114,982.6708107972399,1643.242648532804,506.5335616098114,308.5977840877331,197.93577752207827,1941.28693942502,0.0,506.5335616098114,0.0,982.6708107972399,0.0,1643.242648532804,0.0,0.0,0.0,0.0,0.0,2149.776210142615,716.5920700475384,3849.0390909873936,57.7355863648109,19.653416215944798,19.653416215944798,152.9404261227654,966.5749149670045,4099.021935906858,0.0,0.0,0.0,0.0,0.0,28041.411873355453,0.0,0.0,660.9237629525047,23.92880963705784,0.0,0.0,0.0,-7.958078640513122e-13,0.0
2025-11-13 23:00:00+00:00,7,22.0,3118.19106510485,503.6862888946594,976.760533514064,1637.744242696127,503.6862888946594,307.42337862475864,196.26291026990077,1941.28693942502,0.0,503.6862888946594,0.0,976.760533514064,0.0,1637.744242696127,0.0,0.0,0.0,0.0,0.0,2141.4305315907864,713.8101771969287,3832.001242301779,57.48001863452668,19.53521067028128,19.53521067028128,152.18109014208028,962.5417073140982,4080.7327724189477,0.0,0.0,0.0,0.0,0.0,27985.32904960875,0.0,0.0,660.9237629525047,23.92889992610124,0.0,0.0,0.0,-6.821210263296962e-13,0.0
2025-11-28 00:00:00+00:00,8,46.0,3424.175471449615,554.2143277250907,1076.697181494977,1793.2639622295453,554.2143277250907,339.9493975605201,214.2649301645706,1941.28693942502,540.0155844109595,14.198743314131207,0.0,1076.697181494977,1793.2639622295453,0.0,785.4772136886684,245.46162927770885,1793.2639622295453,2391.0186163060603,597.7546540765151,14.198743314131207,4.732914438043736,1095.628839247152,16.434432588707278,39.466583252194994,21.53394362989954,167.21544812743275,1092.5996053905023,4516.7750768401165,2638.8729684602295,2638.87296846023,0.0,537.6228615344992,0.0,5494.630384189449,0.0,0.0,660.9237629525047,23.923856080194874,0.0,0.0,0.0,-9.094947017729282e-13,-2.2737367544323206e-13
2025-11-28 01:00:00+00:00,8,46.0,3247.9571611603405,524.0960614257452,1020.9731617510035,1702.8879379835932,524.0960614257452,322.24832709651804,201.84773432922717,1941.28693942502,510.629471326519,13.46659009922621,2.170385083776306e-13,1020.9731617510033,1702.8879379835932,0.0,742.7337764749368,232.10430514841775,1702.8879379835935,2270.517250644791,567.6293126611978,13.46659009922621,4.4888633664087365,1038.9286152166383,15.583929228249573,37.448342614856,20.419463235020068,158.31812717463768,1035.9923434287875,4283.949504589128,2629.8324046127004,2629.8324046127,4.547473508864641e-13,383.4186225070275,0.0,5847.888814802746,0.0,0.0,660.9237629525047,23.927843842840367,0.0,0.0,0.0,0.0,0.0
2025-11-28 02:00:00+00:00,8,46.0,3264.2567696386836,525.2447482967091,1023.550960303829,1715.461061038145,525.2447482967091,322.92415596358614,202.32059233312296,1941.28693942502,512.4900087234327,12.754739573276424,0.0,1023.550960303829,1715.461061038145,0.0,745.4400126886293,232.95000396519663,1715.461061038145,2287.281414717527,571.8203536793817,12.754739573276424,4.251579857758808,1040.5572797348643,15.608359196022965,37.62562981645803,20.47101920607658,158.89946176104283,1041.6264074819376,4305.8831771206205,2630.8223976037198,2630.82239760372,0.0,401.8990298024364,0.0,6217.997115485455,0.0,0.0,660.9237629525047,23.931785120710725,0.0,0.0,0.0,-6.821210263296962e-13,0.0
2025-11-28 03:00:00+00:00,8,46.0,3236.0382961942355,520.39474368388,1014.9921060336956,1700.6514464766578,520.39474368388,320.63985087202866,199.75489281185133,1941.28693942502,507.38935986074443,13.005383823135617,0.0,1014.9921060336956,1700.6514464766578,0.0,738.0208870701738,230.6315272094293,1700.6514464766578,2267.535261968877,566.8838154922192,13.005383823135617,4.335127941045205,1032.3326177978763,15.484989266968144,37.30635658544049,20.29984212067391,157.46137488778925,1032.4030335035657,7573.060144460324,2647.8744158316103,2647.87441583161,4.547473508864641e-13,357.68173320744086,0.0,6545.358767801552,3304.6188147625235,0.0,3795.960438941195,23.930375499919695,0.0,0.0,0.0,0.0,-2.2737367544323206e-13
2025-11-28 04:00:00+00:00,8,46.0,3247.777536080856,522.4686456068499,1018.7969869050527,1706.5119035689524,522.46864560685,321.91191994720435,200.55672565964562,1941.28693942502,509.24252384745125,13.226121759398666,412.02405488698895,606.7729320180638,1706.5119035689524,0.0,740.7163983235655,231.47387447611422,2118.5359584559415,2824.7146112745886,706.1786528186472,13.226121759398666,4.408707253132889,624.4077610305953,9.36611641545893,41.56129932266047,12.135458640361277,158.06458805609273,1163.1886969824677,6679.745953391805,3990.08519780826,3990.08519780826,0.0,0.0,424.65418821010593,6085.263641623733,2268.779720328483,0.0,5948.313866572543,23.929177925051793,0.0,0.0,0.0,-1.3642420526593924e-12,0.0
2025-11-28 05:00:00+00:00,8,46.0,3232.7205570682927,520.2490225558611,1014.4064573276489,1698.0650771847845,520.2490225558611,320.6623479977928,199.58667455806835,1941.28693942502,506.9833225429581,13.265700012902983,0.0,1014.4064573276489,1698.0650771847845,0.0,737.4302873352118,230.44696479225368,1698.0650771847845,2264.0867695797124,566.0216923949281,13.265700012902983,4.421900004300994,1032.094057344853,15.481410860172794,37.268779918400824,20.28812914655298,157.3614957074272,1031.2903728240365,4264.010929892329,5446.849914080061,5446.84991408006,9.094947017729282e-13,0.0,2445.332857165137,3499.058527850868,0.0,0.0,5948.313866572543,23.928947630341863,0.0,0.0,0.0,-2.2737367544323206e-13,0.0
2025-11-28 06:00:00+00:00,8,46.0,3251.0636055714913,523.0936021237413,1019.0810275347355,1708.8889759130159,523.0936021237413,322.59944578932505,200.49415633441632,1941.28693942502,509.9131000005913,13.180502123150006,0.0,1019.0810275347355,1708.8889759130159,0.0,741.6917818190419,231.7786818184506,1708.8889759130159,2278.5186345506877,569.6296586376719,13.180502123150006,4.393500707716669,1036.6550303656022,15.549825455484033,37.470510309824874,20.381620550694713,158.2618129246515,1037.4656104044943,4288.529215975984,5019.215919445949,5019.21591944595,0.0,0.0,1999.00550307622,1387.8440917675662,0.0,0.0,5948.313866572543,23.929432328508707,0.0,0.0,0.0,-1.8189894035458565e-12,0.0
2025-11-28 07:00:00+00:00,8,46.0,3227.6421726238386,518.9668178774281,1011.4299557029722,1697.2453990434376,518.9668178774281,320.1556061274838,198.81121174994425,1941.28693942502,505.8296647732359,13.13715310419218,0.0,1011.4299557029722,1697.2453990434376,0.0,735.7522396701613,229.9225748969254,1697.2453990434376,2262.99386539125,565.7484663478125,13.13715310419218,4.379051034730726,1028.946159841895,15.434192397628424,37.20105310449382,20.228599114059445,157.06260689425773,1029.976543789908,4257.618716413746,3887.4531342780197,3887.45313427802,0.0,0.0,888.7070292166086,449.5873201981274,0.0,0.0,5948.313866572543,23.92969648815406,0.0,0.0,0.0,-2.2737367544323206e-13,0.0
2025-11-28 08:00:00+00:00,8,46.0,3217.9434145485484,517.6447229313643,1008.0211182003436,1692.277573416843,517.6447229313643,319.5398312922764,198.10489163908787,1941.28693942502,504.3381620358479,13.306560895516384,0.0,1008.0211182003436,1692.2775734168429,2.2737367544323206e-13,733.5827811430515,229.2446191072036,1692.2775734168429,2256.370097889124,564.092524472281,13.306560895516611,4.435520298505537,1025.7631993943658,15.386447990915485,37.0831980981753,20.160422364006873,156.64555465183255,1027.0482869829204,940.3728867689454,3416.20661731202,3416.20661731202,0.0,0.0,426.2537382798446,0.0,0.0,3304.6188147625235,2464.939782140664,23.928667174615082,0.0,0.0,0.0,-2.2737367544323206e-13,0.0
2025-11-28 09:00:00+00:00,8,46.0,3203.6907834092526,516.0892721069121,1000.4622738032596,1687.1392374990828,516.0892721069121,317.592761811947,198.49651029496508,1941.28693942502,502.85701357244363,13.232258534468428,0.0,1000.4622738032596,1687.1392374990828,0.0,731.4283833780999,228.5713698056562,1687.1392374990828,2249.51898333211,562.3797458330275,13.232258534468428,4.4107528448228095,1018.1052851825508,15.271579277738262,36.88063785105602,20.009245476065193,156.16936170368538,1023.6926927920513,2515.9436093819195,1450.3179378456803,1450.31793784568,2.2737367544323206e-13,1530.62942886453,0.0,1454.0979574213034,0.0,1711.4398668193821,660.9237629525047,23.929111674215967,0.0,0.0,0.0,-2.7284841053187847e-12,0.0
2025-11-28 10:00:00+00:00,8,46.0,3204.0751903207956,516.7294944840637,1001.5049916472741,1685.8407041894588,516.7294944840637,317.8467371809638,198.88275730309985,1941.28693942502,503.52665692578955,13.202837558274155,0.0,1001.5049916472741,1685.8407041894588,0.0,732.4024100738758,228.87575314808618,1685.8407041894588,2247.787605585945,561.9469013964863,13.202837558274155,4.400945852758052,1019.1087750583063,15.286631625874593,36.88850687484007,20.03009983294548,156.27312067750444,1023.7019594084952,4227.777149729291,-4.547473508864641e-13,0.0,0.0,2980.1900156598213,0.0,4282.370276383291,0.0,0.0,660.9237629525047,23.929281299744293,0.0,0.0,0.0,-2.2737367544323206e-13,0.0
2025-11-28 11:00:00+00:00,8,46.0,3254.992720441803,525.2619618437176,1017.3949694481333,1712.3357891499502,525.2619618437176,322.9525425567423,202.30941928697533,1941.28693942502,511.8988732365498,13.36308860716781,0.0,1017.3949694481333,1712.3357891499502,0.0,744.5801792531634,232.68130601661355,1712.3357891499502,2283.1143855332666,570.7785963833167,13.36308860716781,4.454362869055937,1035.212420924357,15.528186313865355,37.47125728046217,20.347899388962666,158.81733979720084,1040.0789480494773,4295.0716684912795,-4.547473508864641e-13,0.0,0.0,3027.6945647864304,0.0,7150.115372377633,0.0,0.0,660.9237629525047,23.928347604651243,0.0,0.0,0.0,-9.094947017729282e-13,0.0
2025-11-28 12:00:00+00:00,8,46.0,3228.0821821670875,520.0884142563897,1007.3389732978632,1700.6547946128371,520.0884142563897,320.1513493308112,199.93706492557848,1941.28693942502,507.0357606129941,13.052653643395558,0.0,1007.3389732978632,1700.654794612837,2.2737367544323206e-13,737.5065608916278,230.47080027863367,1700.654794612837,2267.539726150449,566.8849315376123,13.052653643395786,4.350884547798596,1024.7425114890575,15.371137672335863,37.15332741208563,20.146779465957263,157.39173340306337,1031.7695943174867,7564.470591247097,0.0,0.0,0.0,3005.046287042077,0.0,9990.609114322853,3304.6188147625235,0.0,3795.960438941195,23.93004346819051,0.0,0.0,0.0,-9.094947017729282e-13,0.0
2025-11-28 13:00:00+00:00,8,46.0,3215.14147905836,518.0880429224676,1003.3430331434822,1693.7104029924133,518.0880429224676,319.2942828413999,198.7937600810677,1941.28693942502,504.81125965196645,13.276783270501141,3.410605131648481e-13,1003.3430331434819,1693.7104029924133,0.0,734.270923130133,229.45966347816656,1693.7104029924135,2258.2805373232177,564.5701343308044,13.276783270501141,4.425594423500381,1021.0454108374834,15.31568116256225,37.00396469279378,20.066860662869637,156.77662338170464,1027.6185221324017,6511.539721519244,0.0,0.0,0.0,2992.551460453351,0.0,12813.551783524892,2268.779720328483,0.0,5948.313866572543,23.928781842708116,0.0,0.0,0.0,-4.547473508864641e-13,0.0
2025-11-28 14:00:00+00:00,8,46.0,3309.96081970632,532.3724823749583,1030.7782654390692,1746.810071892292,532.3724823749583,329.10738686156964,203.26509551338867,1941.28693942502,518.7359128810066,13.636569493951697,0.0,1030.7782654390692,1746.810071892292,0.0,754.524964190555,235.78905130954843,1746.810071892292,2329.080095856389,582.2700239640973,13.636569493951697,4.545523164650565,1048.9603580976714,15.73440537146507,38.083666027704304,20.615565308781385,161.27046375032324,1058.3086988965704,4368.2695186028905,2278.6298333639706,2278.62983336397,4.547473508864641e-13,804.9752266829735,0.0,13552.651145306667,0.0,0.0,5948.313866572543,23.92674553800203,0.0,0.0,0.0,2.2737367544323206e-13,2.2737367544323206e-13
2025-11-28 15:00:00+00:00,8,46.0,3399.0756266603876,550.4765443933843,1059.7385881156467,1788.8604941513568,550.4765443933843,337.0934538257479,213.38309056763643,1941.28693942502,535.9449085633945,14.531635829989796,0.0,1059.7385881156467,1788.860494151357,-2.2737367544323206e-13,779.5562306376647,243.61132207427022,1788.860494151357,2385.1473255351425,596.2868313837856,14.531635829989568,4.843878609996523,1079.1141025556328,16.186711538334492,39.0833767038265,21.194771762312936,166.28724014007798,1087.4941322126042,4486.56975887299,2180.74284742367,2180.74284742367,0.0,983.9607087491372,0.0,14460.308516327734,0.0,0.0,5948.313866572543,23.921978804050916,0.0,0.0,0.0,-1.8189894035458565e-12,0.0
2025-11-28 16:00:00+00:00,8,46.0,3407.1959698933106,555.5143036288149,1066.3203881037132,1785.3612781607833,555.5143036288149,336.0164480501763,219.49785557863862,1941.28693942502,540.455043135798,15.05926049301695,0.0,1066.3203881037132,1785.3612781607833,0.0,786.1164263793424,245.6613832435445,1785.3612781607833,2380.4817042143777,595.1204260535944,15.05926049301695,5.019753497672316,1086.3994020944024,16.295991031416037,39.1800205436821,21.326407762074265,167.27476113095426,1089.8787432629379,1192.4558983937245,3030.3205297877,3030.3205297877,0.0,136.27760080602047,0.0,14560.851620060797,0.0,3304.6188147625235,2464.939782140664,23.918994951901517,0.0,0.0,0.0,-9.094947017729282e-13,0.0
2025-11-28 17:00:00+00:00,8,46.0,3384.7131239363234,551.1205864181217,1062.9426383184302,1770.6498991997719,551.1205864181217,333.5913180185286,217.529268399593,1941.28693942502,536.3367540369292,14.783832381192497,0.0,1062.9426383184302,1770.6498991997719,0.0,780.1261876900788,243.78943365314962,1770.6498991997719,2360.8665322663624,590.2166330665906,14.783832381192497,4.9279441270641655,1082.654414826687,16.239816222400304,38.965351758366324,21.258852766368605,165.93894750138853,1081.3369790953282,4466.050103031649,4253.615772276671,4253.61577227667,9.094947017729282e-13,0.0,1112.6230523202294,13360.547756483593,0.0,0.0,2464.939782140664,23.92057260668943,0.0,0.0,0.0,-2.5011104298755527e-12,0.0
2025-11-28 18:00:00+00:00,8,46.0,3331.901453149512,542.4792549765726,1047.3655710238547,1742.0566271490848,542.4792549765726,328.9219528488804,213.55730212769225,1941.28693942502,527.7557828004797,14.723472176092969,0.0,1047.3655710238547,1742.0566271490848,0.0,767.6447749825159,239.8889921820362,1742.0566271490848,2322.7421695321127,580.6855423830282,14.723472176092969,4.907824058697656,1066.9968672586454,16.00495300887968,38.36787769196795,20.947311420477096,163.3166597964851,1064.1191605415718,2684.580746871701,3896.00403446804,3896.00403446804,0.0,0.0,805.6170899534118,12485.808671545983,0.0,1711.4398668193821,660.9237629525047,23.920865437871996,0.0,0.0,0.0,2.2737367544323206e-13,0.0
2025-11-28 19:00:00+00:00,8,46.0,3233.2060234436854,526.6581118985173,1016.1385741302921,1690.4093374148758,526.6581118985173,319.79354398565636,206.86456791286096,1941.28693942502,512.3814802917126,14.276631606804699,0.0,1016.1385741302921,1690.4093374148758,0.0,745.282153151582,232.90067285986936,1690.4093374148758,2253.8791165531675,563.4697791382919,14.276631606804699,4.758877202268233,1035.174082939365,15.527611244090474,37.2268648567546,20.32277148260584,158.53188991029185,1032.738466694172,4265.944490137857,3475.14967492605,3475.14967492605,0.0,0.0,475.9884052213006,11959.796627654154,0.0,0.0,660.9237629525047,23.923206464694925,0.0,0.0,0.0,0.0,0.0
2025-11-28 20:00:00+00:00,8,46.0,3257.3803638142945,529.693012733095,1024.1305129099574,1703.556838171242,529.693012733095,322.4284339393962,207.26457879369875,1941.28693942502,515.317628011503,14.375384721592013,0.0,1024.1305129099574,1703.556838171242,0.0,749.5529134712771,234.23528545977408,1703.556838171242,2271.409117561656,567.852279390414,14.375384721592013,4.791794907197338,1043.2976925387468,15.649465388081202,37.51817863991157,20.48261025819915,159.53853573886101,1040.0681497824385,4297.4485135967325,5812.04950907955,5812.04950907955,0.0,0.0,2791.0874780466174,8997.890215402407,0.0,0.0,660.9237629525047,23.922733528606145,0.0,0.0,0.0,-4.547473508864641e-13,0.0
2025-11-28 21:00:00+00:00,8,46.0,3294.174237860473,536.0767764925205,1035.8311183208643,1722.2663430470884,536.0767764925206,326.8280180016889,209.24875849083162,1941.28693942502,520.9579936225754,15.118782869945107,0.0,1035.8311183208643,1722.2663430470884,0.0,757.757081632837,236.79908801026153,1722.2663430470884,2296.3551240627844,574.0887810156961,15.118782869945107,5.039594289981703,1055.9894954807912,15.839842432211867,37.93928579688817,20.716622366417287,161.4141797036313,1051.8373936150879,4346.0116314755605,5630.003399668869,5630.00339966887,0.0,0.0,2575.891193973248,6268.43002026292,0.0,0.0,660.9237629525047,23.918647520173838,0.0,0.0,0.0,-4.547473508864641e-13,0.0
2025-11-28 22:00:00+00:00,8,46.0,3371.3306467142584,548.790259829452,1057.7189197744392,1764.8214671103688,548.790259829452,332.740620196491,216.04963963296095,1941.28693942502,533.5807470703867,15.20951275906532,0.0,1057.7189197744392,1764.8214671103688,0.0,776.1174502841989,242.53670321381213,1764.8214671103688,2353.0952894804914,588.2738223701228,15.20951275906532,5.069837586355106,1077.9982701198596,16.169974051797894,38.80259306659247,21.154378395488784,165.2821005395438,1077.2894092237132,4448.620055937971,4787.20798837594,4787.20798837594,0.0,0.0,1657.9952486112493,4510.635003789501,0.0,0.0,660.9237629525047,23.918069611043528,0.0,0.0,0.0,-2.2737367544323206e-13,0.0
2025-11-28 23:00:00+00:00,8,46.0,3337.2492740096263,542.5138878593053,1047.3850571495534,1747.350329000768,542.5138878593053,328.7997525240014,213.71413533530395,1941.28693942502,527.9897475275123,14.524140331792978,0.0,1047.3850571495534,1747.350329000768,0.0,767.9850873127452,239.9953397852329,1747.350329000768,2329.8004386676903,582.4501096669226,14.524140331792978,4.841380110597659,1066.750577591944,16.00125866387916,38.42120443299875,20.94770114299107,163.46394273901564,1066.1209365416375,4403.370210551263,2579.61427883634,2579.61427883634,0.0,518.1712471440956,0.0,4993.876418568812,0.0,0.0,660.9237629525047,23.921830632493467,0.0,0.0,0.0,-9.094947017729282e-13,0.0
