timestamp_hour_utc,representative_day_id,day_weight,it_load_kw,q_air_kw,q_cp_kw,q_rdhx_kw,s_air_kw,s_air_old_kw,s_air_new_kw,old_ac_capacity_eff_kw,q_air_to_ashp_kw,q_air_to_reject_kw,q_cp_to_wshp_kw,q_cp_to_free_kw,q_rdhx_to_wshp_kw,q_rdhx_to_chiller_kw,q_ashp_out_kw,p_ashp_kw,q_wshp_in_kw,q_wshp_out_kw,p_wshp_kw,q_chiller_evap_kw,p_chiller_kw,q_tower_kw,p_tower_kw,p_pump_kw,p_cdu_free_kw,p_terminal_kw,p_cooling_kw,p_grid_kw,q_heat_kw,heating_demand_kw,heat_demand_upper_violation_kw,q_tes_ch_kw,q_tes_dis_kw,e_tes_kwh,p_bess_ch_kw,p_bess_dis_kw,e_bess_kwh,max_theta_c,hotspot_slack_c,hotspot_penalty_yuan,bess_degradation_cost_yuan,power_balance_residual_kw,heat_balance_residual_kw
2025-01-30 00:00:00+00:00,0,66.0,2837.291468201433,755.9511251825123,392.93151503703547,1688.408827981885,755.9511251825122,421.1080986534168,334.8430265290955,1522.9690186788791,230.9866185169758,524.9645066655365,0.0,392.93151503703547,1688.408827981885,0.0,335.98053602469207,104.99391750771626,1688.408827981885,2251.2117706425133,562.8029426606283,524.9645066655365,174.98816888851218,1092.8841905910842,16.39326285886626,24.74271858055956,7.8586303007407095,208.29781712150708,1100.0774579185304,3937.3689261199625,2587.1923066672052,3219.22382502416,0.0,0.0,0.0,0.0,0.0,0.0,711.337153549267,23.791010440800747,0.0,0.0,0.0,-9.094947017729282e-13,0.0
2025-01-30 01:00:00+00:00,0,66.0,2811.291148338461,745.494028787748,391.65787091277275,1674.1392486379386,745.494028787748,415.7333100766866,329.7607187110614,1522.9690186788791,229.8459196627942,515.6481091249539,0.0,391.65787091277275,1674.1392486379386,0.0,334.321337691337,104.47541802854282,1674.1392486379386,2232.1856648505845,558.0464162126461,515.6481091249539,171.8827030416513,1079.1886830793778,16.187830246190668,24.574549904634843,7.833157418255455,205.65635970766854,1088.6564345595898,3899.94758289805,2566.507002541922,3277.57292616957,0.0,0.0,0.0,0.0,0.0,0.0,711.337153549267,23.790665834884862,0.0,0.0,0.0,-9.094947017729282e-13,0.0
2025-01-30 02:00:00+00:00,0,66.0,2819.105058034541,742.1603729498705,393.88329096982847,1683.0613941148429,742.1603729498705,414.6137323534439,327.54664059642664,1522.9690186788791,230.02639649919308,512.1339764506774,92.6411405232576,301.24215044657086,1683.0613941148429,0.0,334.5838494533718,104.55745295417867,1775.7025346381006,2367.603379517467,591.9008448793668,512.1339764506774,170.71132548355914,984.0874523808075,14.761311785712111,25.634691165777575,6.024843008931417,205.1728709761247,1118.7633402536503,3937.868398288191,2702.187228970839,3350.47819276152,0.0,0.0,0.0,0.0,0.0,0.0,711.337153549267,23.779410750096858,0.0,0.0,0.0,0.0,0.0
2025-01-30 03:00:00+00:00,0,66.0,2803.0722391605236,736.502258137095,392.7606574443612,1673.809323579068,736.502258137095,411.7941446688835,324.70811346821154,1522.9690186788791,229.33458991461683,507.16766822247826,101.8932110590323,290.8674463853289,1673.809323579068,0.0,333.5775853303518,104.24299541573492,1775.7025346381001,2367.6033795174667,591.9008448793667,507.16766822247826,169.05588940749274,967.0910040152999,14.506365060229497,25.612238495268226,5.817348927706578,203.70321274124112,1114.8388949270397,6359.746938385526,2701.1809648478184,3424.45119305147,0.0,0.0,0.0,0.0,2441.8358042979617,0.0,3027.865997668486,23.777121094687686,0.0,0.0,0.0,9.094947017729282e-13,0.0
2025-01-30 04:00:00+00:00,0,66.0,2818.2087153841603,739.4701605779671,394.46049499718924,1684.2780598090048,739.4701605779671,413.44139624923343,326.0287643287337,1522.9690186788791,230.04880934519446,509.4213512327727,91.42447482909529,303.03602016809396,1684.2780598090048,0.0,334.6164499566465,104.56764061145202,1775.7025346381001,2367.6033795174667,591.9008448793667,509.4213512327727,169.8071170775909,982.2644884784576,14.733967327176863,25.64623524632479,6.060720403361879,204.62337919159418,1117.3399047368673,7492.234387867362,2702.2198294741133,5074.25305785225,0.0,0.0,0.0,0.0,3556.685767746335,0.0,6402.034381943403,23.778295834935523,0.0,0.0,0.0,-9.094947017729282e-13,0.0
2025-01-30 05:00:00+00:00,0,66.0,2796.4623028695482,733.7040337930051,390.223808261807,1672.534460814735,733.704033793005,410.4530326557957,323.25100113720936,1522.9690186788791,227.90724024039557,505.79679355260953,103.16807382336549,287.0557344384415,1672.534460814735,0.0,331.50144034966627,103.5942001092707,1775.7025346381006,2367.603379517467,591.9008448793668,505.79679355260953,168.59893118420317,961.4514591752542,14.421771887628813,25.561501511617145,5.74111468876883,203.06503327102843,1112.883397531884,3909.3457004014326,2699.1048198671333,7175.01322351412,0.0,0.0,0.0,0.0,0.0,0.0,6402.034381943403,23.781265324401513,0.0,0.0,0.0,4.547473508864641e-13,0.0
2025-01-30 06:00:00+00:00,0,66.0,2839.669267894365,747.7496879132059,396.61454635429914,1695.305033626861,747.7496879132059,418.246320504322,329.50336740888395,1522.9690186788791,232.01640660062958,515.7332813125763,0.0,396.61454635429914,1695.305033626861,0.0,337.47840960091577,105.46200300028617,1695.305033626861,2260.406711502481,565.1016778756202,515.7332813125763,171.91109377085877,1084.2589214377342,16.26388382156601,24.885341263354594,7.932290927085983,206.70626601714744,1098.2625566759193,3937.931824570284,2597.8851211033966,6830.12859379895,0.0,0.0,0.0,0.0,0.0,0.0,6402.034381943403,23.767774373906715,0.0,0.0,0.0,-4.547473508864641e-13,0.0
2025-01-30 07:00:00+00:00,0,66.0,2968.4064399077884,781.673552575073,414.9971092376199,1771.7357780950933,781.673552575073,437.2253489315759,344.4482036434971,1522.9690186788791,242.47476537607469,539.1987871989984,0.0,414.9971092376199,1771.7357780950933,0.0,352.690567819745,110.21580244367031,1771.7357780950933,2362.314370793458,590.5785926983644,539.1987871989984,179.7329290663328,1133.928825502951,17.008932382544263,26.01729996570333,8.299942184752398,216.06998317584166,1147.923481917209,2274.346274731466,2715.0049386132027,5663.16442841657,0.0,0.0,0.0,0.0,0.0,1841.9836470935315,4460.4131360769525,23.75081648596137,0.0,0.0,0.0,2.2737367544323206e-13,0.0
2025-01-30 08:00:00+00:00,0,66.0,3021.9030784233887,794.5045561969778,422.67989378900336,1804.7186284374077,794.5045561969778,444.3836419409679,350.1209142560099,1522.9690186788791,246.7969636219352,547.7075925750426,0.0,422.67989378900336,1775.7025346381001,29.016093799307555,358.97740163190576,112.18043800997054,1775.7025346381001,2367.6033795174667,591.9008448793667,576.7236863743501,192.24122879145003,1191.6448089548035,17.87467213432205,26.210623222161068,8.453597875780067,219.72055524273102,1168.5819601557814,633.7992708328347,2726.5807811493723,5011.85628625748,0.0,0.0,0.0,0.0,0.0,3556.685767746335,711.337153549267,23.751105030862597,0.0,0.0,0.0,-4.547473508864641e-13,0.0
2025-01-30 09:00:00+00:00,0,66.0,3002.5329056780597,790.3913709605229,420.1705069311248,1791.9710277864137,790.3913709605229,442.0850551811104,348.3063157794124,1522.9690186788791,0.0,790.3913709605229,0.0,420.1705069311248,1775.7025346381001,16.26849314831361,0.0,0.0,1775.7025346381001,2367.6033795174667,591.9008448793667,806.6598641088365,268.88662136961216,1495.7169924095733,22.4357548861436,26.160435485003497,8.403410138622496,218.49154176370422,1136.2786085224527,4138.811514200512,2152.95611156432,2152.95611156432,0.0,214.64726795314664,0.0,203.9149045554893,0.0,0.0,711.337153549267,23.75494803619144,0.0,0.0,0.0,-6.821210263296962e-13,0.0
2025-01-30 10:00:00+00:00,0,66.0,2975.7765020466836,782.6344800848772,416.8910571585268,1776.2509648032808,782.6344800848772,438.05539177268616,344.579088312191,1522.9690186788791,0.0,782.6344800848772,0.0,416.8910571585268,896.9465129280596,879.3044518752212,0.0,0.0,896.9465129280596,1195.9286839040794,298.98217097601986,1661.9389319600982,553.9796439866994,2632.809633105325,39.49214449657987,17.307286272451133,8.337821143170537,216.3968653701792,1134.4959322451,4110.272434291784,0.0,0.0,0.0,1195.9286839040794,0.0,1339.6393244552537,0.0,0.0,711.337153549267,23.75165872799073,0.0,0.0,0.0,0.0,0.0
2025-01-30 11:00:00+00:00,0,66.0,2984.4163694457434,787.8062046886996,417.25178870835225,1779.3583760486888,787.8062046886996,440.51023934133667,347.2959653473629,1522.9690186788791,0.0,787.8062046886996,0.0,417.25178870835225,832.8136752645911,946.5447007840977,0.0,0.0,832.8136752645911,1110.4182336861213,277.6045584215303,1734.3509054727974,578.1169684909324,2729.719662672082,40.94579494008123,16.673172526812955,8.345035774167044,217.59832087045913,1139.283851023983,4123.700220469726,-4.547473508864641e-13,0.0,0.0,1110.4182336861218,0.0,2391.857367808159,0.0,0.0,711.337153549267,23.752896247741635,0.0,0.0,0.0,0.0,0.0
2025-01-30 12:00:00+00:00,0,66.0,2967.3302624982703,782.5122654145591,415.4816261716624,1769.336370912048,782.5122654145591,437.3240818839435,345.1881835306156,1522.9690186788791,0.0,782.5122654145591,0.0,415.4816261716624,0.0,1769.336370912048,0.0,0.0,0.0,0.0,0.0,2551.8486363266074,850.6162121088691,3817.946474607139,57.26919711910708,8.309632523433248,8.309632523433248,216.18702497498995,1140.6916992498327,7664.707729494437,0.0,0.0,0.0,0.0,0.0,2387.073653072543,3556.685767746335,0.0,4085.5055378241836,23.75207994741306,0.0,0.0,0.0,0.0,0.0
2025-01-30 13:00:00+00:00,0,66.0,2932.027352838794,767.8701884461601,411.6890384764472,1752.4681259161855,767.8701884461602,429.6481389777231,338.2220494684371,1522.9690186788791,0.0,767.8701884461601,0.0,411.6890384764472,7.5456805592849605,1744.9224453569004,0.0,0.0,7.5456805592849605,10.060907412379947,2.515226853094987,2512.7926338030607,837.5975446010202,3762.0792168805283,56.43118825320792,8.309237575121795,8.233780769528945,212.5729320109612,1125.659910062935,6499.523067199691,0.0,0.0,0.0,10.060907412379947,0.0,2391.857367808159,2441.8358042979617,0.0,6402.034381943403,23.75558789818091,0.0,0.0,0.0,0.0,0.0
2025-01-30 14:00:00+00:00,0,66.0,2952.157471430476,771.1512875937823,417.1821780139636,1763.8240058227302,771.1512875937824,430.88947142433994,340.2618161694424,1522.9690186788791,0.0,771.1512875937823,0.0,417.1821780139636,1714.7630339191294,49.06097190360083,0.0,0.0,1714.7630339191294,2286.3507118921725,571.5876779730431,820.2122594973831,273.4040864991277,1510.7985240104745,22.661977860157116,25.491273899470567,8.343643560279272,213.5861971875382,1115.074856979616,4067.2323284100917,2319.0794354811,2319.0794354811,0.0,0.0,32.728723588927345,2352.6223650841985,0.0,0.0,6402.034381943403,23.7631584972043,0.0,0.0,0.0,-4.547473508864641e-13,0.0
2025-01-30 15:00:00+00:00,0,66.0,2948.262745365813,765.5329636005001,418.47822293484427,1764.2515588304684,765.5329636005001,427.14369160586295,338.3892719946371,1522.9690186788791,0.0,765.5329636005001,0.0,418.47822293484427,1764.2515588304684,0.0,0.0,0.0,1764.2515588304684,2352.3354117739577,588.0838529434894,765.5329636005001,255.17765453350003,1439.1888410688443,21.587832616032664,26.01208004700157,8.369564458696885,212.38581849893666,1111.6168030976573,4059.87954846347,2306.0825197169797,2306.08251971698,0.0,46.252892056978,0.0,2391.857367808159,0.0,0.0,6402.034381943403,23.76476365194943,0.0,0.0,0.0,0.0,0.0
2025-01-30 16:00:00+00:00,0,66.0,2997.6325152554227,786.1899708931671,424.16073873299996,1787.2818056292556,786.1899708931671,438.64039118099885,347.5495797121682,1522.9690186788791,245.75844694251765,540.4315239506495,0.0,424.16073873299996,1775.7025346381,11.579270991155681,357.4668319163893,111.70838497387166,1775.7025346381,2367.6033795174662,591.9008448793666,552.0107949418052,184.00359831393507,1160.1751319887403,17.402626979831105,26.240240121040998,8.483214774659999,217.46306467016512,1157.2019747128704,4154.834489968293,3317.0203132597694,3317.02031325977,0.0,0.0,591.9501018259139,1763.9682827294755,0.0,0.0,6402.034381943403,23.75517279886531,0.0,0.0,0.0,2.2737367544323206e-13,0.0
2025-01-30 17:00:00+00:00,0,66.0,3075.8016826800604,807.0310053057851,435.6412601175598,1833.1294172567139,807.0310053057851,449.7424255552977,357.2885797504874,1522.9690186788791,251.92381183553832,555.1071934702468,0.0,435.6412601175598,1775.7025346381001,57.42688261861372,366.4346353971467,114.51082356160833,1775.7025346381001,2367.6033795174667,591.9008448793667,612.5340760888605,204.1780253629535,1252.3533615693736,18.785300423540605,26.469850548732197,8.712825202351196,223.18875040011307,1187.7464203786656,706.8623353123903,3929.9666988186927,4904.21584858014,0.0,0.0,1195.9286839040794,501.56804731761713,0.0,3556.685767746335,2652.9583994157174,23.753001460606175,0.0,0.0,0.0,-6.821210263296962e-13,0.0
2025-01-30 18:00:00+00:00,0,66.0,3077.4564119695037,806.8031552482538,434.69316142600957,1835.9600952952394,806.8031552482538,449.7769941668171,357.0261610814367,1522.9690186788791,251.37930758761735,555.4238476606365,0.0,434.69316142600957,1775.7025346381001,60.257560657139265,365.6426292183525,114.26332163073515,1775.7025346381001,2367.6033795174667,591.9008448793667,615.6814083177758,205.22713610592527,1255.6017058497107,18.83402558774566,26.450888574901192,8.693863228520192,223.2142296070022,1188.5843096141964,2424.057074490168,3208.782674397652,4617.13329813829,0.0,0.0,475.53666566183284,0.0,0.0,1841.9836470935315,711.337153549267,23.75437823113071,0.0,0.0,0.0,-6.821210263296962e-13,0.0
2025-01-30 19:00:00+00:00,0,66.0,3045.685683823804,796.9847670502868,429.2690771154324,1819.4318396580857,796.9847670502868,444.4436761292888,352.541090920998,1522.9690186788791,247.59760446208236,549.3871625882044,0.0,429.2690771154324,1775.7025346381001,43.72930501998553,360.1419701266653,112.5443656645829,1775.7025346381001,2367.6033795174667,591.9008448793667,593.11646760819,197.70548920272998,1220.0910339263523,18.301365508895284,26.342406888689652,8.58538154230865,220.65280155144006,1176.0326552380131,4221.7183390618175,2727.745349644132,4163.33402509174,0.0,0.0,0.0,0.0,0.0,0.0,711.337153549267,23.751587326337273,0.0,0.0,0.0,2.2737367544323206e-13,0.0
2025-01-30 20:00:00+00:00,0,66.0,3031.1384403045904,790.947220648291,427.1640764536898,1813.027143202611,790.947220648291,441.05811198039277,349.88910866789826,1522.9690186788791,245.82487490341398,545.1223457448771,0.0,427.1640764536898,1775.7025346381,37.32460856451098,357.5634544049658,111.73857950155181,1775.7025346381,2367.6033795174662,591.9008448793666,582.446954309388,194.14898476979602,1203.760015532874,18.05640023299311,26.300306875454794,8.543281529073797,219.1773506309135,1169.8657484191497,4201.004188723739,2725.166833922432,6901.52839467326,0.0,0.0,0.0,0.0,0.0,0.0,711.337153549267,23.757502347891926,0.0,0.0,0.0,-6.821210263296962e-13,0.0
2025-01-30 21:00:00+00:00,0,66.0,3015.393467425286,783.4667369509922,425.3192567241105,1806.607473750185,783.4667369509923,437.2223430870152,346.24439386397705,1522.9690186788791,244.48340917122655,538.9833277797657,0.0,425.3192567241105,1775.7025346381004,30.90493911208455,355.6122315217841,111.12882235055753,1775.7025346381004,2367.603379517467,591.9008448793668,569.8882668918502,189.96275563061673,1185.1702792465774,17.77755418869866,26.263410480863215,8.50638513448221,217.38903418398345,1162.9288068485687,4178.322274273854,2723.215611039251,6614.99797636466,0.0,0.0,0.0,0.0,0.0,0.0,711.337153549267,23.764036949859467,0.0,0.0,0.0,-2.2737367544323206e-13,0.0
2025-01-30 22:00:00+00:00,0,66.0,3021.374179872461,784.4849058585739,426.88942495372095,1809.999849060165,784.4849058585739,438.0345175349239,346.45038832365003,1522.9690186788791,245.54177484568493,538.943131012889,0.0,426.88942495372095,1775.7025346381001,34.2973144220648,357.15167250281445,111.60989765712951,1775.7025346381001,2367.6033795174667,591.9008448793667,573.2404454349538,191.08014847831794,1191.2100188669926,17.86815028300489,26.294813845455423,8.53778849907442,217.69874714505588,1164.9903907874047,4186.364570659865,2724.7550520202813,5528.11770962516,0.0,0.0,0.0,0.0,0.0,0.0,711.337153549267,23.76136820606382,0.0,0.0,0.0,-2.2737367544323206e-13,0.0
2025-01-30 23:00:00+00:00,0,66.0,3013.492745343617,779.6018885061977,426.48369425918264,1807.4071625782349,779.6018885061977,435.41150180284205,344.19038670335567,1522.9690186788791,244.53680826144983,535.0650802447478,0.0,426.48369425918264,1775.7025346381001,31.704627940134742,355.68990292574523,111.15309466429538,1775.7025346381001,2367.6033795174667,591.9008448793667,566.7697081848826,188.92323606162753,1182.1766385056928,17.73264957758539,26.286699231564654,8.529673885183653,216.57522812425688,1161.1014264238802,4174.594171767497,2723.293282443212,2948.83793503903,0.0,0.0,0.0,0.0,0.0,0.0,711.337153549267,23.761120380533743,0.0,0.0,0.0,-4.547473508864641e-13,0.0
2025-03-23 00:00:00+00:00,1,1.0,3047.0827957348697,807.7421249189329,434.0638884277857,1805.2767823881507,807.7421249189329,451.2700686293986,356.4720562895342,1522.9690186788791,0.0,807.7421249189329,0.0,434.0638884277857,0.0,1805.2767823881507,0.0,0.0,0.0,0.0,0.0,2613.0189073070833,871.0063024356945,3918.0890981705634,58.771336472558446,8.681277768555715,8.681277768555715,222.6002138838174,1169.7404083291817,4216.823204064051,0.0,0.0,0.0,0.0,0.0,2372.779836941356,0.0,0.0,711.337153549267,23.75604014426616,0.0,0.0,0.0,0.0,0.0
2025-03-23 01:00:00+00:00,1,1.0,3689.539622469024,981.3766293285095,523.9949141756118,2184.1680789649017,981.3766293285095,547.7375268679547,433.6391024605548,1522.9690186788791,0.0,981.3766293285095,0.0,523.9949141756118,0.0,2184.1680789649017,0.0,0.0,0.0,0.0,0.0,3165.544708293411,1055.181569431137,4744.721191900159,71.17081787850239,10.479898283512236,10.479898283512236,270.20670724821804,1417.518891124882,5107.0585135939045,0.0,0.0,0.0,0.0,0.0,2368.034277267473,0.0,0.0,711.337153549267,23.709896916311884,0.0,0.0,0.0,-1.3642420526593924e-12,0.0
2025-03-23 02:00:00+00:00,1,1.0,4766.883972927061,1264.448939622546,676.9201742458387,2825.5148590586805,1264.448939622546,706.0893371095841,558.3596025129619,1522.9690186788791,0.0,1264.448939622546,0.0,676.9201742458387,0.0,2825.5148590586805,0.0,0.0,0.0,0.0,0.0,4089.9637986812268,1363.3212662270755,6130.205239154141,91.9530785873121,13.538403484916774,13.538403484916774,348.4473104544495,1830.7984622386705,6597.682435165731,0.0,0.0,0.0,0.0,0.0,2363.298208712938,0.0,0.0,711.337153549267,23.621490617643744,0.0,0.0,0.0,-1.1368683772161603e-12,0.0
2025-03-23 03:00:00+00:00,1,1.0,5065.620620082867,1348.798867278037,719.4990194374835,2997.322733367345,1348.798867278037,752.634261608003,596.1646056700339,1522.9690186788791,0.0,1348.798867278037,0.0,719.4990194374835,0.0,2997.322733367345,0.0,0.0,0.0,0.0,0.0,4346.1216006453815,1448.7072002151272,6514.327820297992,97.71491730446988,14.38998038874967,14.38998038874967,371.24883311039275,1946.450911407489,7012.071531490357,0.0,0.0,0.0,0.0,0.0,2358.5716122955128,0.0,0.0,711.337153549267,23.604243275552324,0.0,0.0,0.0,9.094947017729282e-13,0.0
2025-03-23 04:00:00+00:00,1,1.0,4612.233252327111,1226.4203609707813,655.1983582617623,2730.6145330945683,1226.4203609707813,684.5793755352621,541.8409854355192,1522.9690186788791,0.0,1226.4203609707813,0.0,655.1983582617623,0.0,2730.6145330945683,0.0,0.0,0.0,0.0,0.0,3957.0348940653494,1319.0116313551164,5931.244883682228,88.96867325523341,13.103967165235247,13.103967165235247,337.704860138584,1771.8930990794042,6384.126351406514,0.0,0.0,0.0,0.0,0.0,2353.854469070922,0.0,0.0,711.337153549267,23.63930322288651,0.0,0.0,0.0,-9.094947017729282e-13,0.0
2025-03-23 05:00:00+00:00,1,1.0,4918.4003314097545,1309.3624142789286,698.2819368197972,2910.7559803110275,1309.3624142789286,730.6185500252283,578.7438642537003,1522.9690186788791,0.0,1309.3624142789286,0.0,698.2819368197972,0.0,2910.7559803110275,0.0,0.0,0.0,0.0,0.0,4220.118394589956,1406.7061315299852,6325.106462939738,94.87659694409606,13.965638736395945,13.965638736395945,360.4227950273914,1889.9368009742645,6808.337132384018,0.0,0.0,0.0,0.0,0.0,2349.1467601327804,0.0,0.0,711.337153549267,23.61766940332282,0.0,0.0,0.0,-6.821210263296962e-13,0.0
2025-03-23 06:00:00+00:00,1,1.0,4640.041575661417,1232.952416512,658.9293561917135,2748.1598029577017,1232.952416512,688.2560570900758,544.6963594219241,1522.9690186788791,0.0,1232.952416512,0.0,658.9293561917135,0.0,2748.1598029577017,0.0,0.0,0.0,0.0,0.0,3981.112219469702,1327.0374064899006,5967.078982151316,89.50618473226974,13.178587123834271,13.178587123834271,339.5833473561408,1782.4841128259795,6422.525688487396,0.0,0.0,0.0,0.0,0.0,2344.4484666125154,0.0,0.0,711.337153549267,23.636860894180682,0.0,0.0,0.0,0.0,0.0
2025-03-23 07:00:00+00:00,1,1.0,4423.780537253034,1176.9145845696178,627.8506012903548,2619.015351393064,1176.9145845696178,657.1528224880223,519.7617620815955,1522.9690186788791,0.0,1176.9145845696178,0.0,627.8506012903548,0.0,2619.015351393064,0.0,0.0,0.0,0.0,0.0,3795.929935962682,1265.3099786542273,5689.090515907264,85.33635773860895,12.557012025807097,12.557012025807097,324.03571119053174,1699.7960716349821,6123.576608888016,0.0,0.0,0.0,0.0,0.0,2339.7595696792905,0.0,0.0,711.337153549267,23.64993741479196,0.0,0.0,0.0,4.547473508864641e-13,0.0
2025-03-23 08:00:00+00:00,1,1.0,2525.460535255602,672.6415927667832,357.9648991130331,1494.854043375786,672.6415927667833,375.4554565761457,297.18613619063757,1522.9690186788791,0.0,672.6415927667832,0.0,357.9648991130331,0.0,1494.854043375786,0.0,0.0,0.0,0.0,0.0,2167.4956361425693,722.4985453808564,3247.9590806364586,48.719386209546876,7.159297982260662,7.159297982260662,185.14385052655945,970.6803780814842,3496.1409133370857,0.0,0.0,0.0,0.0,0.0,2335.080050539932,0.0,0.0,711.337153549267,23.796286536262137,0.0,0.0,0.0,-2.2737367544323206e-13,0.0
2025-03-23 09:00:00+00:00,1,1.0,4083.5344389885936,1092.2364584146042,577.2947857751833,2414.0031947988045,1092.2364584146042,609.1726058126294,483.06385260197476,1522.9690186788791,0.0,1092.2364584146042,0.0,577.2947857751833,0.0,2414.0031947988045,0.0,0.0,0.0,0.0,0.0,3506.239653213409,1168.7465510711363,5252.2809900597285,78.78421485089592,11.545895715503667,11.545895715503667,300.280320291778,1570.9028776448179,5654.437316633411,0.0,0.0,0.0,0.0,0.0,2330.4098904388525,0.0,0.0,711.337153549267,23.675826371612214,0.0,0.0,0.0,-6.821210263296962e-13,0.0
2025-03-23 10:00:00+00:00,1,1.0,2599.533019262855,695.3576798119371,366.08941067259263,1538.0859287783264,695.357679811937,388.28507843866913,307.07260137326796,1522.9690186788791,0.0,695.3576798119371,0.0,366.08941067259263,0.0,1538.0859287783264,0.0,0.0,0.0,0.0,0.0,2233.4436085902635,744.4812028634211,3344.014222126277,50.160213331894155,7.321788213451853,7.321788213451853,191.20212130312456,1000.4871139253437,3600.020133188198,0.0,0.0,0.0,0.0,0.0,2325.749070657975,0.0,0.0,711.337153549267,23.780713896658433,0.0,0.0,0.0,-4.547473508864641e-13,0.0
2025-03-23 11:00:00+00:00,1,1.0,2678.3055703265177,715.3068227198319,379.0653114707629,1583.933436135923,715.3068227198319,399.4801751399073,315.82664757992455,1522.9690186788791,0.0,715.3068227198319,0.0,379.0653114707629,0.0,1583.933436135923,0.0,0.0,0.0,0.0,0.0,2299.240258855755,766.4134196185851,3444.718989945103,51.67078484917655,7.581306229415258,7.581306229415258,196.7330771780851,1029.9798941046774,3708.2854644311938,0.0,0.0,0.0,0.0,0.0,2321.0975725166595,0.0,0.0,711.337153549267,23.782825700794024,0.0,0.0,0.0,-1.3642420526593924e-12,0.0
2025-03-23 12:00:00+00:00,1,1.0,3707.387082912041,991.8492070688899,522.5418172067276,2192.9960586364223,991.8492070688899,553.2271562574059,438.62205081148403,1522.9690186788791,0.0,991.8492070688899,0.0,522.5418172067276,0.0,2192.9960586364223,0.0,0.0,0.0,0.0,0.0,3184.845265705312,1061.6150885684374,4769.002171480477,71.53503257220716,10.450836344134553,10.450836344134553,272.7048360343793,1426.756629863293,5134.143712775335,0.0,0.0,0.0,0.0,0.0,2316.455377371626,0.0,0.0,711.337153549267,23.708340837767302,0.0,0.0,0.0,1.1368683772161603e-12,0.0
2025-03-23 13:00:00+00:00,1,1.0,4774.338456629509,1274.042043252189,673.7201755160115,2826.5762378613053,1274.0420432521892,710.8414828171037,563.2005604350853,1522.9690186788791,0.0,1274.042043252189,0.0,673.7201755160115,0.0,2826.5762378613053,0.0,0.0,0.0,0.0,0.0,4100.618281113494,1366.8727603711648,6141.21121700067,92.11816825501005,13.474403510320231,13.474403510320231,350.5489630234279,1836.488698670243,10167.512923046088,0.0,0.0,0.0,0.0,0.0,2311.822466616883,3556.685767746335,0.0,4085.5055378241836,23.626168737673204,0.0,0.0,0.0,9.094947017729282e-13,0.0
2025-03-23 14:00:00+00:00,1,1.0,2979.168721184503,790.1246085004362,421.72209528272197,1767.3220174013466,790.1246085004361,441.6132882896298,348.5113202108064,1522.9690186788791,0.0,790.1246085004362,0.0,421.72209528272197,0.0,1767.3220174013466,0.0,0.0,0.0,0.0,0.0,2557.4466259017827,852.4822086339276,3831.6509298184324,57.474763947276486,8.43444190565444,8.43444190565444,217.78411841331172,1144.6099748058248,6565.6145002882895,0.0,0.0,0.0,0.0,0.0,2307.19882168365,2441.8358042979617,0.0,6402.034381943403,23.764282257891367,0.0,0.0,0.0,0.0,0.0
2025-03-23 15:00:00+00:00,1,1.0,2661.2908495157944,703.2439872280137,379.09005593414076,1578.9568063536374,703.2439872280137,393.1244935372431,310.1194936907706,1522.9690186788791,0.0,703.2439872280137,0.0,379.09005593414076,0.0,1578.9568063536374,0.0,0.0,0.0,0.0,0.0,2282.200793581651,760.7335978605503,3422.024447376342,51.33036671064512,7.581801118682815,7.581801118682815,193.9958184539601,1021.2233852625211,3682.5142347783158,0.0,0.0,0.0,0.0,0.0,2302.5844240402826,0.0,0.0,6402.034381943403,23.801670898034466,0.0,0.0,0.0,2.2737367544323206e-13,0.0
2025-03-23 16:00:00+00:00,1,1.0,2571.9426533617698,680.0794362935083,365.9297296708902,1525.9334873973694,680.0794362935083,379.97173136373,300.1077049297782,1522.9690186788791,0.0,680.0794362935083,0.0,365.9297296708902,0.0,1525.9334873973694,0.0,0.0,0.0,0.0,0.0,2206.012923690878,735.3376412302927,3307.2802945920607,49.60920441888091,7.318594593417804,7.318594593417804,187.5785841982309,987.1626190342403,3559.10527239601,0.0,0.0,0.0,0.0,0.0,2297.9792551922023,0.0,0.0,6402.034381943403,23.808007247859155,0.0,0.0,0.0,1.1368683772161603e-13,0.0
2025-03-23 17:00:00+00:00,1,1.0,2694.2734470521896,709.3738465800963,384.11667701643273,1600.7829234556614,709.3738465800961,396.37480617263816,312.99904040745804,1522.9690186788791,0.0,709.3738465800963,0.0,384.11667701643273,0.0,1600.7829234556614,0.0,0.0,0.0,0.0,0.0,2310.1567700357577,770.0522566785859,3464.3257037307762,51.964885555961644,7.682333540328655,7.682333540328655,195.90057554262611,1033.2823848578307,3727.5558319100205,0.0,0.0,0.0,0.0,0.0,2293.383296681818,0.0,0.0,6402.034381943403,23.80233738447459,0.0,0.0,0.0,2.2737367544323206e-13,0.0
2025-03-23 18:00:00+00:00,1,1.0,4148.013061258572,1105.2166486094002,587.8489024042634,2454.947510244909,1105.2166486094002,616.439361405139,488.7772872042611,1522.9690186788791,0.0,1105.2166486094002,0.0,587.8489024042634,0.0,2454.947510244909,0.0,0.0,0.0,0.0,0.0,3560.1641588543093,1186.7213862847698,5334.734447543343,80.02101671315015,11.75697804808527,11.75697804808527,304.1744766349495,1594.4308357290402,3900.4602498940794,0.0,0.0,0.0,0.0,0.0,2288.796530088455,0.0,1841.9836470935315,4460.4131360769525,23.691756542825196,0.0,0.0,0.0,-9.094947017729282e-13,0.0
2025-03-23 19:00:00+00:00,1,1.0,4286.388019597032,1143.9784937950508,606.1727714111853,2536.2367543907953,1143.9784937950508,637.6393441952521,506.3391495997987,1522.9690186788791,0.0,1143.9784937950508,0.0,606.1727714111853,84.97770851043231,2451.259045880363,0.0,0.0,84.97770851043231,113.30361134724308,28.32590283681077,3595.2375396754137,1198.412513225138,5399.822824311737,80.99734236467606,12.97323251332803,12.123455428223707,314.71573819063804,1647.5481845588142,2377.250436409512,0.0,0.0,0.0,113.30361134724308,0.0,2391.857367808159,0.0,3556.685767746335,711.337153549267,23.683335140002846,0.0,0.0,0.0,4.547473508864641e-13,0.0
2025-03-23 20:00:00+00:00,1,1.0,3276.2455494626297,872.8932130181662,464.21640983216395,1939.1359266122972,872.8932130181663,486.64951158560245,386.2437014325638,1522.9690186788791,0.0,872.8932130181662,0.0,464.21640983216395,3.7766168965389397,1935.3593097157582,0.0,0.0,3.7766168965389397,5.035489195385253,1.2588722988463132,2808.2525227339243,936.0841742446414,4208.553106810729,63.12829660216094,9.322094365608669,9.28432819664328,240.24169756678415,1259.3194632746847,4535.565012737316,0.0,0.0,0.0,5.035489195385253,0.0,2391.857367808159,0.0,0.0,711.337153549267,23.760778414301367,0.0,0.0,0.0,1.1368683772161603e-12,0.0
2025-03-23 21:00:00+00:00,1,1.0,3539.052929292931,939.4249383028764,501.48752488386856,2098.1404661061874,939.4249383028764,523.9130179031438,415.5119203997326,1522.9690186788791,0.0,939.4249383028764,0.0,501.48752488386856,0.0,2098.1404661061874,0.0,0.0,0.0,0.0,0.0,3037.565404409064,1012.521801469688,4551.574730762621,68.2736209614393,10.029750497677371,10.029750497677371,258.85019470686973,1359.7051181333518,4898.758047426281,0.0,0.0,0.0,0.0,0.0,2387.073653072543,0.0,0.0,711.337153549267,23.7384463764457,0.0,0.0,0.0,-1.3642420526593924e-12,0.0
2025-03-23 22:00:00+00:00,1,1.0,4426.837872567179,1164.7267297052654,627.6692274968402,2634.441915365073,1164.7267297052654,650.1678341944495,514.558895510816,1522.9690186788791,0.0,1164.7267297052654,0.0,627.6692274968402,0.0,2634.441915365073,0.0,0.0,0.0,0.0,0.0,3799.1686450703382,1266.3895483567794,5693.227420923958,85.39841131385936,12.553384549936805,12.553384549936805,321.8105319217624,1698.7052606922748,6125.5431332594535,0.0,0.0,0.0,0.0,0.0,2382.299505766398,0.0,0.0,711.337153549267,23.668933012669218,0.0,0.0,0.0,-4.547473508864641e-13,0.0
2025-03-23 23:00:00+00:00,1,1.0,4604.1904827817725,1211.1884774976718,651.2365371531605,2741.7654681309414,1211.1884774976716,676.0958637324727,535.092613765199,1522.9690186788791,0.0,1211.1884774976718,0.0,651.2365371531605,0.0,2741.7654681309414,0.0,0.0,0.0,0.0,0.0,3952.953945628613,1317.6513152095376,5921.841797991311,88.82762696986967,13.02473074306321,13.02473074306321,334.7074620528832,1767.2358657184168,6371.426348500191,0.0,0.0,0.0,0.0,0.0,2377.5349067548655,0.0,0.0,711.337153549267,23.65190779121977,0.0,0.0,0.0,1.8189894035458565e-12,0.0
2025-04-16 00:00:00+00:00,2,52.0,3239.1537593227,856.7771964425548,458.80371251568397,1923.5728503644596,856.7771964425547,479.3088777358517,377.46831870670303,1522.9690186788791,0.0,856.7771964425548,0.0,458.80371251568397,0.0,1923.5728503644596,0.0,0.0,0.0,0.0,0.0,2780.350046807014,926.7833489356714,4165.937108258369,62.48905662387554,9.176074250313679,9.176074250313679,236.34526435356082,1243.969818413735,4483.123577736435,0.0,0.0,0.0,0.0,0.0,2368.034277267473,0.0,0.0,4085.5055378241836,23.734734417629845,0.0,0.0,0.0,4.547473508864641e-13,0.0
2025-04-16 01:00:00+00:00,2,52.0,3205.933997984104,851.7414975637755,453.83694749655365,1900.355552923773,851.7414975637755,476.6610577974451,375.08043976633047,1522.9690186788791,0.0,851.7414975637755,0.0,453.83694749655365,0.0,1900.355552923773,0.0,0.0,0.0,0.0,0.0,2752.0970504875486,917.3656834958496,4123.299681479952,61.84949522219927,9.076738949931073,9.076738949931073,234.6389019593697,1232.0075585772806,6879.777360859345,0.0,0.0,0.0,0.0,0.0,2363.298208712938,2441.8358042979617,0.0,6402.034381943403,23.728996979953287,0.0,0.0,0.0,-9.094947017729282e-13,0.0
2025-04-16 02:00:00+00:00,2,52.0,3103.7730949721554,823.6578651799235,438.45574582542497,1841.659483966807,823.6578651799236,460.6591745470586,362.99869063286496,1522.9690186788791,0.0,823.6578651799235,0.0,438.45574582542497,0.0,1841.659483966807,0.0,0.0,0.0,0.0,0.0,2665.3173491467305,888.4391163822435,3992.2122113543987,59.88318317031598,8.7691149165085,8.7691149165085,227.0081298024918,1192.8686591880682,4296.641754160222,0.0,0.0,0.0,0.0,0.0,2358.5716122955128,0.0,0.0,6402.034381943403,23.745932693240956,0.0,0.0,0.0,-1.3642420526593924e-12,0.0
2025-04-16 03:00:00+00:00,2,52.0,3024.2111732183216,804.7890168967568,427.3787656071047,1792.0433907144625,804.7890168967567,449.98635052293406,354.8026663738227,1522.9690186788791,0.0,804.7890168967568,0.0,427.3787656071047,0.0,1792.0433907144625,0.0,0.0,0.0,0.0,0.0,2596.8324076112194,865.6108025370731,3889.821975755397,58.347329636330954,8.547575312142094,8.547575312142094,221.61026882317827,1162.6635516208664,4186.874724839188,0.0,0.0,0.0,0.0,0.0,2353.854469070922,0.0,0.0,6402.034381943403,23.75711760589109,0.0,0.0,0.0,2.2737367544323206e-13,0.0
2025-04-16 04:00:00+00:00,2,52.0,2954.7414648134127,787.2307363393865,417.24591155667906,1750.264816917346,787.2307363393863,440.05863501251116,347.17210132687524,1522.9690186788791,0.0,787.2307363393865,0.0,417.24591155667906,0.0,1750.264816917346,0.0,0.0,0.0,0.0,0.0,2537.4955532567324,845.8318510855775,3800.5733158989888,57.00859973848483,8.344918231133581,8.344918231133581,216.70398400814025,1136.2342712944696,4090.9757361078828,0.0,0.0,0.0,0.0,0.0,2349.1467601327804,0.0,0.0,6402.034381943403,23.765584020559505,0.0,0.0,0.0,4.547473508864641e-13,0.0
2025-04-16 05:00:00+00:00,2,52.0,2962.1748147568196,789.9184543453596,418.3836822596098,1753.8726781518506,789.9184543453596,441.5243828732926,348.39407147206697,1522.9690186788791,0.0,789.9184543453596,0.0,418.3836822596098,0.0,1753.8726781518506,0.0,0.0,0.0,0.0,0.0,2543.79113249721,847.93037749907,3810.10519225589,57.15157788383835,8.367673645192196,8.367673645192196,217.38007866572235,1139.1973813390152,4101.372196095834,0.0,0.0,0.0,0.0,0.0,2344.4484666125154,0.0,0.0,6402.034381943403,23.760122441853248,0.0,0.0,0.0,-1.1368683772161603e-12,0.0
2025-04-16 06:00:00+00:00,2,52.0,2982.5662695347764,794.5214634187569,423.15113406975115,1764.8936720462696,794.5214634187569,444.103229702488,350.41823371626884,1522.9690186788791,0.0,794.5214634187569,0.0,423.15113406975115,0.0,1764.8936720462696,0.0,0.0,0.0,0.0,0.0,2559.4151354650267,853.1383784883423,3835.70464802312,57.5355697203468,8.463022681395023,8.463022681395023,218.66742103595195,1146.267414607431,572.147916395872,0.0,0.0,0.0,0.0,0.0,2339.759569679291,0.0,3556.685767746335,2652.9583994157174,23.762587340800696,0.0,0.0,0.0,-4.547473508864641e-13,0.0
2025-04-16 07:00:00+00:00,2,52.0,3122.616889788706,829.5290814181441,445.593105697907,1847.4947026726556,829.5290814181441,463.7447978010676,365.7842836170765,1522.9690186788791,0.0,829.5290814181441,0.0,445.593105697907,0.0,1847.4947026726556,0.0,0.0,0.0,0.0,0.0,2677.0237840908,892.3412613636,4014.958151152307,60.2243722672846,8.91186211395814,8.91186211395814,228.4310299904644,1198.8203878492652,2479.453630544441,0.0,0.0,0.0,0.0,0.0,2335.080050539932,0.0,1841.9836470935315,711.337153549267,23.761527214248858,0.0,0.0,0.0,1.1368683772161603e-12,0.0
2025-04-16 08:00:00+00:00,2,52.0,3162.8174339193406,841.4570497569227,451.25793086781994,1870.1024532945987,841.4570497569227,470.5468298871934,370.9102198697293,1522.9690186788791,0.0,841.4570497569227,0.0,451.25793086781994,0.0,1870.1024532945987,0.0,0.0,0.0,0.0,0.0,2711.5595030515215,903.8531676838405,4066.670601603182,61.00005902404773,9.025158617356398,9.025158617356398,231.61075445287287,1214.5142983954738,4377.331732314815,0.0,0.0,0.0,0.0,0.0,2330.4098904388525,0.0,0.0,711.337153549267,23.758613783807107,0.0,0.0,0.0,4.547473508864641e-13,0.0
2025-04-16 09:00:00+00:00,2,52.0,3192.3010943847667,852.9232840359243,452.09214107652906,1887.2856692723137,852.9232840359243,476.29941477811406,376.6238692578103,1522.9690186788791,0.0,852.9232840359243,0.0,452.09214107652906,0.0,1887.2856692723137,0.0,0.0,0.0,0.0,0.0,2740.208953308238,913.4029844360794,4105.704078820847,61.5855611823127,9.041842821530581,9.041842821530581,234.54609594043438,1227.6183272018877,4419.919421586655,0.0,0.0,0.0,0.0,0.0,2325.749070657975,0.0,0.0,711.337153549267,23.745792137068193,0.0,0.0,0.0,2.2737367544323206e-13,0.0
2025-04-16 10:00:00+00:00,2,52.0,3113.8284834599995,832.0863420165176,439.9723435151999,1841.7697979282823,832.0863420165176,464.1879049241749,367.8984370923427,1522.9690186788791,0.0,832.0863420165176,0.0,439.9723435151999,0.0,1841.7697979282823,0.0,0.0,0.0,0.0,0.0,2673.8561399448,891.2853799815999,4005.1138634415997,60.076707951623995,8.799446870303997,8.799446870303997,228.83325586624653,1197.7942375400785,4311.622721000078,0.0,0.0,0.0,0.0,0.0,2321.0975725166595,0.0,0.0,711.337153549267,23.756451363477666,0.0,0.0,0.0,0.0,0.0
2025-04-16 11:00:00+00:00,2,52.0,3059.565289610999,817.8908701633397,431.42710081025155,1810.247318637409,817.8908701633397,456.0320991776649,361.8587709856748,1522.9690186788791,0.0,817.8908701633397,0.0,431.42710081025155,0.0,1810.247318637409,0.0,0.0,0.0,0.0,0.0,2628.138188800749,876.046062933583,3935.6113525445835,59.03417028816875,8.628542016205031,8.628542016205031,224.92707595180565,1177.2643932059675,6678.665487114928,0.0,0.0,0.0,0.0,0.0,2316.455377371626,2441.8358042979617,0.0,3027.865997668486,23.764882702847252,0.0,0.0,0.0,-9.094947017729282e-13,0.0
2025-04-16 12:00:00+00:00,2,52.0,3268.7853368005876,876.5193608820584,462.05509673499193,1930.2108791835365,876.5193608820584,489.2887384949174,387.230622387141,1522.9690186788791,0.0,876.5193608820584,0.0,462.05509673499193,0.0,1930.2108791835365,0.0,0.0,0.0,0.0,0.0,2806.730240065595,935.5767466885317,4204.362083489119,63.06543125233678,9.24110193469984,9.24110193469984,240.78965127294697,1257.9140330832151,8083.385137630136,0.0,0.0,0.0,0.0,0.0,2311.822466616883,3556.685767746335,0.0,6402.034381943403,23.731435471407732,0.0,0.0,0.0,-1.8189894035458565e-12,0.0
2025-04-16 13:00:00+00:00,2,52.0,3229.829248924678,866.0178678725139,456.61782748306985,1907.1935535690916,866.0178678725138,483.31763488099114,382.7002329915227,1522.9690186788791,0.0,866.0178678725139,0.0,456.61782748306985,0.0,1907.1935535690916,0.0,0.0,0.0,0.0,0.0,2773.2114214416056,924.4038071472019,4154.233056071877,62.31349584107816,9.132356549661397,9.132356549661397,237.9073668503582,1242.889382937961,4472.718631862639,0.0,0.0,0.0,0.0,0.0,2307.19882168365,0.0,0.0,6402.034381943403,23.737355044270274,0.0,0.0,0.0,2.2737367544323206e-13,0.0
2025-04-16 14:00:00+00:00,2,52.0,3166.463171222306,848.3614633630672,446.20331689244324,1871.8983909667952,848.3614633630672,473.1955551545631,375.16590820850405,1522.9690186788791,0.0,848.3614633630672,0.0,446.20331689244324,0.0,1871.8983909667952,0.0,0.0,0.0,0.0,0.0,2720.2598543298623,906.7532847766207,4073.216455998926,61.09824683998389,8.924066337848865,8.924066337848865,233.15128275802795,1218.8509470503304,4385.314118272636,0.0,0.0,0.0,0.0,0.0,2302.5844240402826,0.0,0.0,6402.034381943403,23.745329399408377,0.0,0.0,0.0,-4.547473508864641e-13,0.0
2025-04-16 15:00:00+00:00,2,52.0,3130.6983092546166,837.7788488784148,440.8095868740619,1852.1098735021374,837.7788488784149,467.2216536744195,370.5571952039954,1522.9690186788791,0.0,837.7788488784148,0.0,440.8095868740619,0.0,1852.1098735021374,0.0,0.0,0.0,0.0,0.0,2689.8887223805523,896.6295741268508,4027.327883381465,60.40991825072197,8.816191737481239,8.816191737481239,230.33848892990693,1205.0103647824421,4335.708674037059,0.0,0.0,0.0,0.0,0.0,2297.979255192203,0.0,0.0,6402.034381943403,23.7441707696883,0.0,0.0,0.0,0.0,0.0
2025-04-16 16:00:00+00:00,2,52.0,3146.8534829328705,843.3835071498609,443.61645180450284,1859.8535239785056,843.3835071498609,470.2863093782285,373.0971977716323,1522.9690186788791,0.0,843.3835071498609,0.0,443.61645180450284,0.0,1859.8535239785056,0.0,0.0,0.0,0.0,0.0,2703.2370311283667,901.0790103761223,4047.932493308992,60.71898739963488,8.872329036090058,8.872329036090058,231.75595572006415,1211.2986115680014,4358.1520945008715,0.0,0.0,0.0,0.0,0.0,2293.3832966818186,0.0,0.0,6402.034381943403,23.74413388251331,0.0,0.0,0.0,-4.547473508864641e-13,0.0
2025-04-16 17:00:00+00:00,2,52.0,3115.8346999118326,832.7301716020403,439.41698990918053,1843.6875384006123,832.7301716020403,464.22827473173953,368.50189687030075,1522.9690186788791,0.0,832.7301716020403,0.0,439.41698990918053,0.0,1843.6875384006123,0.0,0.0,0.0,0.0,0.0,2676.4177100026527,892.1392366675509,4007.973936579384,60.119609048690755,8.78833979818361,8.78833979818361,229.0240312037851,1198.8595565163942,4314.694256428226,0.0,0.0,0.0,0.0,0.0,2288.7965300884553,0.0,0.0,6402.034381943403,23.752343478427722,0.0,0.0,0.0,-4.547473508864641e-13,0.0
2025-04-16 18:00:00+00:00,2,52.0,3107.6242572658634,830.267281900313,437.79354828981593,1839.5634270757348,830.267281900313,462.8281949128591,367.43908698745395,1522.9690186788791,0.0,830.267281900313,0.0,437.79354828981593,84.97770851043197,1754.5857185653028,0.0,0.0,84.97770851043197,113.30361134724262,28.325902836810656,2584.853000465616,861.6176668218719,3884.2642155773037,58.26396323365955,9.605648050900639,8.75587096579632,228.38101785161692,1194.950069760656,745.8885592801844,0.0,0.0,0.0,113.30361134724262,0.0,2391.857367808159,0.0,3556.685767746335,2652.9583994157174,23.752198765682913,0.0,0.0,0.0,-2.2737367544323206e-13,0.0
2025-04-16 19:00:00+00:00,2,52.0,3156.1381682879146,842.1613200407057,445.0895881568171,1868.8872600903924,842.1613200407057,469.8810595751611,372.28026046554464,1522.9690186788791,0.0,842.1613200407057,0.0,445.0895881568171,3.7766168965389397,1865.1106431938533,0.0,0.0,3.7766168965389397,5.035489195385253,1.2588722988463132,2707.271963234559,902.423987744853,4054.785539136229,60.821783087043436,8.939557932101732,8.901791763136343,231.73125171860536,1214.0772445445862,2528.2317657389685,0.0,0.0,0.0,5.035489195385253,0.0,2391.857367808159,0.0,1841.9836470935315,711.337153549267,23.747176840309802,0.0,0.0,0.0,-6.821210263296962e-13,0.0
2025-04-16 20:00:00+00:00,2,52.0,3134.47372620738,841.5358532103153,439.851375272114,1853.0864977249487,841.5358532103153,469.24201943018926,372.29383378012596,1522.9690186788791,0.0,841.5358532103153,0.0,439.851375272114,0.0,1853.0864977249487,0.0,0.0,0.0,0.0,0.0,2694.622350935264,898.2074503117547,4032.681176519133,60.49021764778699,8.79702750544228,8.79702750544228,231.1757713517067,1207.467494322133,4341.941220529513,0.0,0.0,0.0,0.0,0.0,2387.073653072543,0.0,0.0,711.337153549267,23.749840378829617,0.0,0.0,0.0,0.0,0.0
2025-04-16 21:00:00+00:00,2,52.0,3219.440747141053,865.7600701950939,453.63511149322835,1900.0455654527304,865.7600701950939,482.62856749159795,383.131502703496,1522.9690186788791,0.0,865.7600701950939,0.0,453.63511149322835,0.0,1900.0455654527304,0.0,0.0,0.0,0.0,0.0,2765.8056356478246,921.9352118826082,4141.375959023661,62.12063938535492,9.072702229864568,9.072702229864568,237.66033814652184,1239.8615938742141,4459.3023410152655,0.0,0.0,0.0,0.0,0.0,2382.299505766398,0.0,0.0,711.337153549267,23.752643976383506,0.0,0.0,0.0,-1.8189894035458565e-12,0.0
2025-04-16 22:00:00+00:00,2,52.0,3205.571780563216,862.981572053165,451.10507127954185,1891.4851372305097,862.981572053165,481.43354382367346,381.54802822949154,1522.9690186788791,0.0,862.981572053165,0.0,451.10507127954185,0.0,1891.4851372305097,0.0,0.0,0.0,0.0,0.0,2754.466709283675,918.1555697612249,4123.727350324441,61.85591025486662,9.022101425590836,9.022101425590836,236.8318028480859,1234.8874857153592,4440.459266278576,0.0,0.0,0.0,0.0,0.0,2377.5349067548655,0.0,0.0,711.337153549267,23.743348494579504,0.0,0.0,0.0,9.094947017729282e-13,0.0
2025-04-16 23:00:00+00:00,2,52.0,3116.379732225525,834.5320149380866,437.9948252884325,1843.8528919990067,834.5320149380866,465.62619756780714,368.90581737027946,1522.9690186788791,0.0,834.5320149380866,0.0,437.9948252884325,0.0,1843.8528919990067,0.0,0.0,0.0,0.0,0.0,2678.3849069370935,892.7949689790312,4009.174701204557,60.13762051806835,8.75989650576865,8.75989650576865,229.41614652840002,1199.868529037037,7872.934029008896,0.0,0.0,0.0,0.0,0.0,2372.779836941356,3556.685767746335,0.0,4085.5055378241836,23.74419111881467,0.0,0.0,0.0,-9.094947017729282e-13,0.0
2025-05-10 00:00:00+00:00,3,36.0,2845.180114523788,780.1048791819806,405.40180265854747,1659.6734326832575,780.1048791819806,433.6525176771427,346.4523615048379,1522.9690186788791,0.0,780.1048791819806,0.0,405.40180265854747,0.0,1659.6734326832575,0.0,0.0,0.0,0.0,0.0,2439.778311865238,813.2594372884126,3658.4395518121983,54.87659327718297,8.108036053170949,8.108036053170949,212.74863769520258,1097.1007403671401,3942.280854890928,0.0,0.0,0.0,0.0,0.0,2368.034277267473,0.0,0.0,711.337153549267,23.813026390390263,0.0,0.0,0.0,0.0,0.0
2025-05-10 01:00:00+00:00,3,36.0,2851.6844749140664,779.4562996923913,405.9577066375426,1666.2704685841343,779.4562996923913,433.47813442394397,345.97816526844736,1522.9690186788791,0.0,779.4562996923913,0.0,405.9577066375426,0.0,1666.2704685841343,0.0,0.0,0.0,0.0,0.0,2445.7267682765255,815.2422560921751,3666.9267310062432,55.00390096509365,8.119154132750852,8.119154132750852,212.78377728195295,1099.2682426047234,3950.9527175187895,0.0,0.0,0.0,0.0,0.0,2363.2982087129385,0.0,0.0,711.337153549267,23.811101246380268,0.0,0.0,0.0,-2.2737367544323206e-13,0.0
2025-05-10 02:00:00+00:00,3,36.0,2805.0132069112033,767.6936657819049,398.16469105023157,1639.1548500790643,767.6936657819049,426.92023277895015,340.7734330029547,1522.9690186788791,0.0,767.6936657819049,0.0,398.16469105023157,0.0,1639.1548500790643,0.0,0.0,0.0,0.0,0.0,2406.848515860969,802.2828386203231,3607.296045531524,54.10944068297286,7.963293821004632,7.963293821004632,209.51899783167542,1081.8378647769807,6328.686875986145,0.0,0.0,0.0,0.0,0.0,2358.571612295513,2441.8358042979617,0.0,3027.865997668486,23.811074788047904,0.0,0.0,0.0,0.0,0.0
2025-05-10 03:00:00+00:00,3,36.0,2798.3027511067385,767.4160137212732,397.3432913987032,1633.5434459867604,767.4160137212732,426.8178245209448,340.5981892003285,1522.9690186788791,0.0,767.4160137212732,0.0,397.3432913987032,0.0,1633.5434459867604,0.0,0.0,0.0,0.0,0.0,2400.9594597080336,800.3198199026779,3598.6225710094145,53.97933856514121,7.946865827974063,7.946865827974063,209.31093526232797,1079.5038253860953,3877.806576492833,0.0,0.0,0.0,0.0,0.0,2353.8544690709223,0.0,0.0,3027.865997668486,23.80804969430548,0.0,0.0,0.0,-9.094947017729282e-13,0.0
2025-05-10 04:00:00+00:00,3,36.0,2749.9230817662174,750.1526576667634,389.92476940510505,1609.845654694348,750.1526576667634,417.5460026555923,332.6066550111711,1522.9690186788791,0.0,750.1526576667634,0.0,389.92476940510505,0.0,1609.845654694348,0.0,0.0,0.0,0.0,0.0,2359.9983123611114,786.6661041203705,3536.589185886587,53.048837788298805,7.7984953881021015,7.7984953881021015,204.95005520800004,1060.2619878928735,3810.1850696590914,0.0,0.0,0.0,0.0,0.0,2349.146760132781,0.0,0.0,3027.865997668486,23.807180300019084,0.0,0.0,0.0,4.547473508864641e-13,0.0
2025-05-10 05:00:00+00:00,3,36.0,2771.6920072423513,754.1740973675243,393.6800987862715,1623.837811088554,754.1740973675243,419.827850177148,334.3462471903763,1522.9690186788791,0.0,754.1740973675243,0.0,393.6800987862715,0.0,1623.837811088554,0.0,0.0,0.0,0.0,0.0,2378.0119084560783,792.6706361520261,3564.362643394376,53.465439650915634,7.87360197572543,7.87360197572543,206.1916547021561,1068.0749344565488,7396.452709445233,0.0,0.0,0.0,0.0,0.0,2344.4484666125154,3556.685767746335,0.0,6402.034381943403,23.808677162122592,0.0,0.0,0.0,-1.3642420526593924e-12,0.0
2025-05-10 06:00:00+00:00,3,36.0,2768.427949534081,751.1770417514565,393.724963456835,1623.5259443257917,751.1770417514565,418.1603648005703,333.0166769508862,1522.9690186788791,0.0,751.1770417514565,0.0,393.724963456835,0.0,1623.5259443257917,0.0,0.0,0.0,0.0,0.0,2374.702986077248,791.5676620257494,3559.9956115598325,53.39993417339748,7.8744992691367,7.8744992691367,205.5355892810553,1066.2521840184754,3834.680133552557,0.0,0.0,0.0,0.0,0.0,2339.7595696792905,0.0,0.0,6402.034381943403,23.810833673329054,0.0,0.0,0.0,4.547473508864641e-13,0.0
2025-05-10 07:00:00+00:00,3,36.0,2799.894535403492,757.7579295589597,399.8110300307652,1642.3255758137668,757.7579295589597,421.4825574544259,336.27537210453386,1522.9690186788791,0.0,757.7579295589597,0.0,399.8110300307652,0.0,1642.3255758137668,0.0,0.0,0.0,0.0,0.0,2400.0835053727264,800.0278351242422,3599.922370527734,53.99883555791601,7.996220600615304,7.996220600615304,207.45848859613986,1077.4776004795285,320.68636813668536,0.0,0.0,0.0,0.0,0.0,2335.0800505399325,0.0,3556.685767746335,2652.9583994157174,23.813246638330874,0.0,0.0,0.0,0.0,0.0
2025-05-10 08:00:00+00:00,3,36.0,2828.821979840501,773.4602887981488,403.9473942787039,1651.4142967636458,773.4602887981488,429.6160088851764,343.84427991297235,1522.9690186788791,0.0,773.4602887981488,0.0,403.9473942787039,0.0,1651.4142967636458,0.0,0.0,0.0,0.0,0.0,2424.8745855617944,808.2915285205981,3637.1135083610966,54.55670262541645,8.078947885574078,8.078947885574078,211.09265151517337,1090.098778432336,2076.9371111793057,0.0,0.0,0.0,0.0,0.0,2330.409890438853,0.0,1841.9836470935315,711.337153549267,23.80486288874016,0.0,0.0,0.0,0.0,0.0
2025-05-10 09:00:00+00:00,3,36.0,2852.640445048621,782.4152751422021,407.65546197091606,1662.5697079355023,782.4152751422021,434.13758214483465,348.27769299736735,1522.9690186788791,0.0,782.4152751422021,0.0,407.65546197091606,0.0,1662.5697079355023,0.0,0.0,0.0,0.0,0.0,2444.9849830777043,814.9949943592347,3667.635439407855,55.01453159111782,8.153109239418322,8.153109239418322,213.32554184830985,1099.6412862774991,3952.28173132612,0.0,0.0,0.0,0.0,0.0,2325.7490706579756,0.0,0.0,711.337153549267,23.80564410560628,0.0,0.0,0.0,-4.547473508864641e-13,0.0
2025-05-10 10:00:00+00:00,3,36.0,2864.6547110195024,779.362714424445,409.07352468509816,1676.218471909959,779.362714424445,432.7700387223582,346.5926757020868,1522.9690186788791,0.0,779.362714424445,0.0,409.07352468509816,0.0,1676.218471909959,0.0,0.0,0.0,0.0,0.0,2455.581186334404,818.5270621114679,3683.1817731309698,55.24772659696455,8.181470493701964,8.181470493701964,213.02900285559141,1103.1667325514277,3967.82144357093,0.0,0.0,0.0,0.0,0.0,2321.09757251666,0.0,0.0,711.337153549267,23.80452316231942,0.0,0.0,0.0,0.0,0.0
2025-05-10 11:00:00+00:00,3,36.0,2854.0950518941063,777.6348734283195,407.2515346965326,1669.2086437692542,777.6348734283195,431.96942192600034,345.6654515023192,1522.9690186788791,0.0,777.6348734283195,0.0,407.2515346965326,0.0,1669.2086437692542,0.0,0.0,0.0,0.0,0.0,2446.8435171975734,815.6145057325244,3669.70955762663,55.04564336439945,8.145030693930652,8.145030693930652,212.4692208352192,1099.4194313200044,3953.5144832141104,0.0,0.0,0.0,0.0,0.0,2316.4553773716266,0.0,0.0,711.337153549267,23.805150384466636,0.0,0.0,0.0,-2.2737367544323206e-13,0.0
2025-05-10 12:00:00+00:00,3,36.0,2844.43433555206,774.0097751073541,406.59946789665526,1663.8250925480497,774.0097751073541,429.93457577152213,344.075199335832,1522.9690186788791,0.0,774.0097751073541,0.0,406.59946789665526,0.0,1663.8250925480497,0.0,0.0,0.0,0.0,0.0,2437.8348676554037,812.6116225518012,3657.0459581038604,54.8556893715579,8.131989357933104,8.131989357933104,211.54230304618247,1095.2735936854078,7496.393696983801,0.0,0.0,0.0,0.0,0.0,2311.822466616884,3556.685767746335,0.0,4085.5055378241836,23.806801707432395,0.0,0.0,0.0,-9.094947017729282e-13,0.0
2025-05-10 13:00:00+00:00,3,36.0,2964.053024794435,815.0330619859244,424.0266394461346,1724.9933233623772,815.0330619859244,452.72527049293143,362.307791492993,1522.9690186788791,0.0,815.0330619859244,0.0,424.0266394461346,0.0,1724.9933233623772,0.0,0.0,0.0,0.0,0.0,2540.0263853483016,846.6754617827672,3810.7284865772035,57.16092729865805,8.480532788922693,8.480532788922693,222.03672274999315,1142.8341774092637,6548.723006501661,0.0,0.0,0.0,0.0,0.0,2307.1988216836507,2441.8358042979617,0.0,6402.034381943403,23.79050292934628,0.0,0.0,0.0,9.094947017729282e-13,0.0
2025-05-10 14:00:00+00:00,3,36.0,2983.065283916223,820.3766379634761,427.3282011536414,1735.360444799106,820.3766379634761,456.1305393150617,364.24609864841443,1522.9690186788791,0.0,820.3766379634761,0.0,427.3282011536414,0.0,1735.360444799106,0.0,0.0,0.0,0.0,0.0,2555.7370827625823,851.9123609208608,3834.9776448370844,57.52466467255626,8.546564023072827,8.546564023072827,223.4678520470608,1149.9980056866236,4133.063289602846,0.0,0.0,0.0,0.0,0.0,2302.5844240402835,0.0,0.0,6402.034381943403,23.775610093522218,0.0,0.0,0.0,-2.2737367544323206e-13,0.0
2025-05-10 15:00:00+00:00,3,36.0,2991.4683223091556,821.7690905498331,428.5455708753921,1741.153660883931,821.7690905498331,457.10468038418026,364.66441016565284,1522.9690186788791,0.0,821.7690905498331,0.0,428.5455708753921,0.0,1741.153660883931,0.0,0.0,0.0,0.0,0.0,2562.922751433764,854.3075838112546,3845.7759061204106,57.68663859180616,8.570911417507842,8.570911417507842,223.9236065616857,1153.0596517997624,4144.527974108917,0.0,0.0,0.0,0.0,0.0,2297.9792551922033,0.0,0.0,6402.034381943403,23.772619400102133,0.0,0.0,0.0,-9.094947017729282e-13,0.0
2025-05-10 16:00:00+00:00,3,36.0,3040.5406210890624,835.9522087669844,434.6076574577906,1769.9807548642889,835.9522087669845,464.71776044470863,371.23444832227585,1522.9690186788791,0.0,835.9522087669844,0.0,434.6076574577906,0.0,1769.9807548642889,0.0,0.0,0.0,0.0,0.0,2605.932963631273,868.6443212104244,3909.1849422994883,58.637774134492325,8.692153149155812,8.692153149155812,227.75585922112734,1172.4222608643558,4212.962881953417,0.0,0.0,0.0,0.0,0.0,2293.3832966818186,0.0,0.0,6402.034381943403,23.772068970437054,0.0,0.0,0.0,-9.094947017729282e-13,0.0
2025-05-10 17:00:00+00:00,3,36.0,2990.811706214056,816.8078654737582,428.1228541562189,1745.8809865840783,816.807865473758,454.24870412389697,362.55916134986114,1522.9690186788791,0.0,816.8078654737582,0.0,428.1228541562189,0.0,1745.8809865840783,0.0,0.0,0.0,0.0,0.0,2562.6888520578364,854.2296173526121,3845.0413235666674,57.67561985350001,8.562457083124379,8.562457083124379,222.97702236064447,1152.0071737330054,4142.818879947061,0.0,0.0,0.0,0.0,0.0,2288.7965300884553,0.0,0.0,6402.034381943403,23.77333407665202,0.0,0.0,0.0,-4.547473508864641e-13,0.0
2025-05-10 18:00:00+00:00,3,36.0,3074.99117271697,835.0002475680097,438.3945084084715,1801.5964167404895,835.0002475680099,464.97132705078644,370.02892051722336,1522.9690186788791,0.0,835.0002475680097,0.0,438.3945084084715,0.0,1801.5964167404895,0.0,0.0,0.0,0.0,0.0,2636.5966643084994,878.8655547694998,3953.856727486471,59.30785091229706,8.76789016816943,8.76789016816943,228.39018828611796,1184.0993743042536,4259.090547021223,0.0,0.0,0.0,0.0,0.0,2284.218937028279,0.0,0.0,6402.034381943403,23.76431838363547,0.0,0.0,0.0,-9.094947017729282e-13,0.0
2025-05-10 19:00:00+00:00,3,36.0,3048.0191882415293,834.230967132104,433.5141683920934,1780.2740527173337,834.2309671321041,464.44554142294106,369.78542570916295,1522.9690186788791,0.0,834.230967132104,0.0,433.5141683920934,88.58436998994978,1691.689682727384,0.0,0.0,88.58436998994978,118.11249331993304,29.52812332998326,2525.920649859488,841.9735499531627,3801.408368204744,57.021125523071156,9.556127067741366,8.670283367841868,227.6567664298882,1174.4059756716886,665.7393961668827,0.0,0.0,0.0,118.11249331993304,0.0,2391.857367808159,0.0,3556.685767746335,2652.9583994157174,23.755950899162876,0.0,0.0,0.0,2.2737367544323206e-13,0.0
2025-05-10 20:00:00+00:00,3,36.0,3093.4341376045822,843.1963840300411,441.8862537253477,1808.3514998491924,843.1963840300411,469.3542418394454,373.84214219059567,1522.9690186788791,0.0,843.1963840300411,0.0,441.8862537253477,0.0,1808.3514998491924,0.0,0.0,0.0,0.0,0.0,2651.5478838792333,883.849294626411,3977.283432230992,59.65925148346488,8.837725074506954,8.837725074506954,230.3416327760872,1191.525629034977,2442.976119546028,0.0,0.0,0.0,0.0,0.0,2387.073653072543,0.0,1841.9836470935315,711.337153549267,23.768602523956783,0.0,0.0,0.0,0.0,0.0
2025-05-10 21:00:00+00:00,3,36.0,3151.4140776579247,854.9826650779357,451.6288458297171,1844.8025667502707,854.9826650779357,476.2197331420344,378.76293193590135,1522.9690186788791,0.0,854.9826650779357,0.0,451.6288458297171,0.0,1844.8025667502707,0.0,0.0,0.0,0.0,0.0,2699.7852318282066,899.9284106094022,4051.342488267326,60.77013732400989,9.032576916594342,9.032576916594342,233.85814068961338,1212.6218424562144,4364.03592011414,0.0,0.0,0.0,0.0,0.0,2382.299505766398,0.0,0.0,711.337153549267,23.772182818680143,0.0,0.0,0.0,9.094947017729282e-13,0.0
2025-05-10 22:00:00+00:00,3,36.0,3139.5246216862106,855.3315521918477,449.5840120359443,1834.6090574584168,855.3315521918478,475.7308545791718,379.6006976126759,1522.9690186788791,0.0,855.3315521918477,0.0,449.5840120359443,0.0,1834.6090574584168,0.0,0.0,0.0,0.0,0.0,2689.9406096502644,896.6468698834215,4036.1714915696302,60.54257237354445,8.991680240718885,8.991680240718885,233.664241454053,1208.8370441924567,4348.361665878666,0.0,0.0,0.0,0.0,0.0,2377.5349067548655,0.0,0.0,711.337153549267,23.777080478012152,0.0,0.0,0.0,-1.3642420526593924e-12,0.0
2025-05-10 23:00:00+00:00,3,36.0,3063.0606555468994,833.6713801504131,437.7631227444758,1791.626152652011,833.6713801504131,463.8379707137607,369.83340943665246,1522.9690186788791,0.0,833.6713801504131,0.0,437.7631227444758,0.0,1791.626152652011,0.0,0.0,0.0,0.0,0.0,2625.297532802424,875.099177600808,3938.159833147708,59.07239749721562,8.755262454889516,8.755262454889516,227.8397736327702,1179.521873640573,4242.582529187472,0.0,0.0,0.0,0.0,0.0,2372.779836941356,0.0,0.0,711.337153549267,23.785114595672034,0.0,0.0,0.0,-6.821210263296962e-13,0.0
2025-06-27 00:00:00+00:00,4,104.0,2972.3891943255894,804.1110518294039,418.1887553786503,1750.0893871175326,804.111051829404,446.9483069022798,357.16274492712415,1522.9690186788791,0.0,804.1110518294039,0.0,418.1887553786503,0.0,1750.0893871175326,0.0,0.0,0.0,0.0,0.0,2554.2004389469366,851.4001463156455,3823.7893406412322,57.35684010961848,8.363775107573005,8.363775107573005,220.35162440058133,1145.8361610409913,4118.225355366581,0.0,0.0,0.0,0.0,0.0,2372.779836941356,0.0,0.0,711.337153549267,23.78143054751571,0.0,0.0,0.0,6.821210263296962e-13,0.0
2025-06-27 01:00:00+00:00,4,104.0,2974.5704631418066,805.0200284463895,417.5475008185857,1752.0029338768318,805.0200284463895,447.4082843791604,357.61174406722904,1522.9690186788791,0.0,805.0200284463895,0.0,417.5475008185857,0.0,1752.0029338768318,0.0,0.0,0.0,0.0,0.0,2557.0229623232212,852.3409874410737,3826.9114505828807,57.40367175874321,8.350950016371714,8.350950016371714,220.59894107220794,1147.0455003047682,4121.615963446575,0.0,0.0,0.0,0.0,0.0,2368.034277267473,0.0,0.0,711.337153549267,23.780663285351245,0.0,0.0,0.0,0.0,0.0
2025-06-27 02:00:00+00:00,4,104.0,2962.0674572742187,800.653269235134,416.1535136647211,1745.2606743743647,800.653269235134,445.15389949457244,355.4993697405615,1522.9690186788791,0.0,800.653269235134,0.0,416.1535136647211,0.0,1745.2606743743647,0.0,0.0,0.0,0.0,0.0,2545.913943609499,848.6379812031663,3810.7054384773865,57.1605815771608,8.323070273294423,8.323070273294423,219.47531414337303,1141.920017470289,4103.987474744507,0.0,0.0,0.0,0.0,0.0,2363.298208712938,0.0,0.0,711.337153549267,23.77633888594601,0.0,0.0,0.0,-2.2737367544323206e-13,0.0
2025-06-27 03:00:00+00:00,4,104.0,2898.9437019631428,782.6951815055704,406.73812798360393,1709.5103924739694,782.6951815055704,435.47383152050855,347.22134998506186,1522.9690186788791,0.0,782.6951815055704,0.0,406.73812798360393,0.0,1709.5103924739694,0.0,0.0,0.0,0.0,0.0,2492.2055739795396,830.7351913265132,3729.678893289657,55.945183399344856,8.13476255967208,8.13476255967208,214.64168335194842,1117.5915831971506,4016.535285160294,0.0,0.0,0.0,0.0,0.0,2358.5716122955128,0.0,0.0,711.337153549267,23.772295611489685,0.0,0.0,0.0,4.547473508864641e-13,0.0
2025-06-27 04:00:00+00:00,4,104.0,2787.838365586684,756.7746119060467,389.3243300243885,1641.7394236562477,756.7746119060469,420.8726998442347,335.9019120618121,1522.9690186788791,0.0,756.7746119060467,0.0,389.3243300243885,0.0,1641.7394236562477,0.0,0.0,0.0,0.0,0.0,2398.5140355622943,799.5046785207647,3587.3430441074474,53.810145661611706,7.78648660048777,7.78648660048777,207.2383720086342,1076.1261693919864,3863.9645349786706,0.0,0.0,0.0,0.0,0.0,2353.854469070922,0.0,0.0,711.337153549267,23.776977844427236,0.0,0.0,0.0,0.0,0.0
2025-06-27 05:00:00+00:00,4,104.0,2807.562379466614,762.5494431868834,394.3362294627562,1650.676706816974,762.5494431868834,423.63369103691065,338.9157521499728,1522.9690186788791,0.0,762.5494431868834,0.0,394.3362294627562,0.0,1650.676706816974,0.0,0.0,0.0,0.0,0.0,2413.2261500038576,804.4087166679525,3611.9710961345663,54.17956644201849,7.886724589255124,7.886724589255124,208.72061267743874,1083.08234496592,3890.644724432534,0.0,0.0,0.0,0.0,0.0,2349.1467601327804,0.0,0.0,711.337153549267,23.782106603677448,0.0,0.0,0.0,2.2737367544323206e-13,0.0
2025-06-27 06:00:00+00:00,4,104.0,3020.8826747440003,823.6320997929852,427.31378040590624,1769.9367945451088,823.6320997929852,458.0747355605419,365.55736423244326,1522.9690186788791,0.0,823.6320997929852,0.0,427.31378040590624,0.0,1769.9367945451088,0.0,0.0,0.0,0.0,0.0,2593.5688943380937,864.5229647793645,3885.4056395233642,58.28108459285046,8.546275608118124,8.546275608118124,225.0937885149276,1164.9903891033787,4185.873063847379,0.0,0.0,0.0,0.0,0.0,2344.4484666125154,0.0,0.0,711.337153549267,23.76734381280399,0.0,0.0,0.0,0.0,0.0
2025-06-27 07:00:00+00:00,4,104.0,2973.344566588362,811.471655467868,416.4438201593209,1745.4290909611718,811.471655467868,451.50029490073234,359.9713605671357,1522.9690186788791,0.0,811.471655467868,0.0,416.4438201593209,0.0,1745.4290909611718,0.0,0.0,0.0,0.0,0.0,2556.90074642904,852.3002488096799,3825.644815398041,57.384672230970615,8.328876403186419,8.328876403186419,221.81642474685276,1148.1590985938763,4121.5036651822375,0.0,0.0,0.0,0.0,0.0,2339.7595696792905,0.0,0.0,711.337153549267,23.760983441723273,0.0,0.0,0.0,-6.821210263296962e-13,0.0
2025-06-27 08:00:00+00:00,4,104.0,2962.233665295176,808.1482059670473,415.2013720480587,1738.8840872800706,808.1482059670473,449.463638295542,358.68456767150525,1522.9690186788791,0.0,808.1482059670473,0.0,415.2013720480587,0.0,1738.8840872800706,0.0,0.0,0.0,0.0,0.0,2547.032293247118,849.010764415706,3811.2444297108827,57.16866644566324,8.304027440961175,8.304027440961175,220.9240260649382,1143.7115118082297,4105.9451771034055,0.0,0.0,0.0,0.0,0.0,2335.080050539932,0.0,0.0,711.337153549267,23.763970817846072,0.0,0.0,0.0,0.0,0.0
2025-06-27 09:00:00+00:00,4,104.0,2914.1667402706785,793.0189099815531,409.4599458833014,1711.687884405822,793.0189099815532,441.55646165038144,351.4624483311717,1522.9690186788791,0.0,793.0189099815531,0.0,409.4599458833014,0.0,1711.687884405822,0.0,0.0,0.0,0.0,0.0,2504.706794387375,834.9022647957917,3749.069005066468,56.236035075997016,8.189198917666028,8.189198917666028,216.93166320557572,1124.4483609126964,4038.6151011833745,0.0,0.0,0.0,0.0,0.0,2330.4098904388525,0.0,0.0,711.337153549267,23.765072287763612,0.0,0.0,0.0,-4.547473508864641e-13,0.0
2025-06-27 10:00:00+00:00,4,104.0,2854.2154739279263,776.6812778639353,402.58227307920106,1674.9519229847917,776.6812778639353,432.69791314565504,343.9833647182802,1522.9690186788791,0.0,776.6812778639353,0.0,402.58227307920106,0.0,1674.9519229847917,0.0,0.0,0.0,0.0,0.0,2451.633200848727,817.2110669495756,3671.4265408775036,55.07139811316255,8.051645461584021,8.051645461584021,212.42436913294804,1100.8101251188543,3955.0255990467804,0.0,0.0,0.0,0.0,0.0,2325.749070657975,0.0,0.0,711.337153549267,23.773362112244275,0.0,0.0,0.0,-2.2737367544323206e-13,0.0
2025-06-27 11:00:00+00:00,4,104.0,2864.5520750208466,783.5586282606104,403.2411095253691,1677.7523372348674,783.5586282606104,436.0607569192449,347.49787134136545,1522.9690186788791,0.0,783.5586282606104,0.0,403.2411095253691,0.0,1677.7523372348674,0.0,0.0,0.0,0.0,0.0,2461.310965495478,820.4369884984926,3684.9890635193397,55.27483595279009,8.064822190507382,8.064822190507382,213.9856037986248,1105.8270726309222,3970.379147651769,0.0,0.0,0.0,0.0,0.0,2321.0975725166595,0.0,0.0,711.337153549267,23.77079458601297,0.0,0.0,0.0,2.2737367544323206e-13,0.0
2025-06-27 12:00:00+00:00,4,104.0,2854.5137389646643,778.9378588198219,404.0961131299419,1671.4797670149003,778.9378588198219,433.59624358392256,345.3416152358994,1522.9690186788791,0.0,778.9378588198219,0.0,404.0961131299419,0.0,1671.4797670149003,0.0,0.0,0.0,0.0,0.0,2450.4176258347225,816.8058752782408,3671.319614242905,55.069794213643576,8.081922262598837,8.081922262598837,212.8208998358881,1100.8604138529702,7512.059920563969,0.0,0.0,0.0,0.0,0.0,2316.455377371626,3556.685767746335,0.0,4085.5055378241836,23.770597603697258,0.0,0.0,0.0,0.0,0.0
2025-06-27 13:00:00+00:00,4,104.0,2859.0678962428838,784.6676204266453,403.08464509162854,1671.3156307246095,784.6676204266453,436.8168893322032,347.85073109444204,1522.9690186788791,0.0,784.6676204266453,0.0,403.08464509162854,0.0,1671.3156307246095,0.0,0.0,0.0,0.0,0.0,2455.983251151255,818.661083717085,3677.7289799599685,55.16593469939952,8.06169290183257,8.06169290183257,214.05423326435547,1104.004637484505,6404.9083380253505,0.0,0.0,0.0,0.0,0.0,2311.822466616883,2441.8358042979617,0.0,6402.034381943403,23.76606490789651,0.0,0.0,0.0,0.0,0.0
2025-06-27 14:00:00+00:00,4,104.0,2897.917169548976,798.4283329497629,408.2250299618248,1691.2638066373877,798.4283329497629,444.2352150263702,354.19311792339266,1522.9690186788791,0.0,798.4283329497629,0.0,408.2250299618248,0.0,1691.2638066373877,0.0,0.0,0.0,0.0,0.0,2489.6921395871505,829.8973798623834,3727.8145494113587,55.91721824117038,8.164500599236497,8.164500599236497,217.56047133404897,1119.7040706360758,4017.6212401850507,0.0,0.0,0.0,0.0,0.0,2307.19882168365,0.0,0.0,6402.034381943403,23.76726978183946,0.0,0.0,0.0,-9.094947017729282e-13,0.0
2025-06-27 15:00:00+00:00,4,104.0,2900.4790381482444,796.7799038876042,410.82799578048576,1692.8711384801536,796.7799038876042,443.22992630967553,353.5499775779286,1522.9690186788791,0.0,796.7799038876042,0.0,410.82799578048576,0.0,1692.8711384801536,0.0,0.0,0.0,0.0,0.0,2489.651042367758,829.8836807892526,3730.362718937496,55.95544078406244,8.216559915609716,8.216559915609716,217.2466201012108,1119.5188615057455,4019.997899653989,0.0,0.0,0.0,0.0,0.0,2302.5844240402826,0.0,0.0,6402.034381943403,23.767076620181115,0.0,0.0,0.0,-9.094947017729282e-13,0.0
2025-06-27 16:00:00+00:00,4,104.0,2906.154744962548,796.7182671228672,411.3761695153274,1698.060308324354,796.7182671228672,443.0938756530134,353.62439146985383,1522.9690186788791,0.0,796.7182671228672,0.0,411.3761695153274,0.0,1698.060308324354,0.0,0.0,0.0,0.0,0.0,2494.7785754472216,831.5928584824072,3737.7476034449564,56.06621405167434,8.227523390306548,8.227523390306548,217.37169694768446,1121.4858162623793,4027.6405612249273,0.0,0.0,0.0,0.0,0.0,2297.9792551922023,0.0,0.0,6402.034381943403,23.770693697645687,0.0,0.0,0.0,-2.2737367544323206e-13,0.0
2025-06-27 17:00:00+00:00,4,104.0,2911.70981245057,793.2301442864494,411.88743617624675,1706.5922319878728,793.2301442864494,441.40670123066843,351.823443055781,1522.9690186788791,0.0,793.2301442864494,0.0,411.88743617624675,0.0,1706.5922319878728,0.0,0.0,0.0,0.0,0.0,2499.8223762743223,833.2741254247741,3744.983937875343,56.17475906813014,8.237748723524936,8.237748723524936,216.8444547325056,1122.7688366724597,4034.4786491230298,0.0,0.0,0.0,0.0,0.0,2293.383296681818,0.0,0.0,6402.034381943403,23.76922905601333,0.0,0.0,0.0,0.0,0.0
2025-06-27 18:00:00+00:00,4,104.0,2945.2197398778285,797.5747251164272,415.6159444378074,1732.0290703235942,797.5747251164272,443.9095794794666,353.66514563696063,1522.9690186788791,0.0,797.5747251164272,0.0,415.6159444378074,0.0,1732.0290703235942,0.0,0.0,0.0,0.0,0.0,2529.6037954400213,843.2012651466738,3788.4210050245024,56.82631507536753,8.312318888756149,8.312318888756149,218.45777236562594,1135.1099903651798,2238.3460831494763,0.0,0.0,0.0,0.0,0.0,2288.796530088455,0.0,1841.9836470935315,4460.4131360769525,23.76846799224777,0.0,0.0,0.0,-4.547473508864641e-13,0.0
2025-06-27 19:00:00+00:00,4,104.0,2980.3909338777416,806.9310835966276,420.4807637155776,1752.9790865655348,806.9310835966276,449.1523058337773,357.7787777628503,1522.9690186788791,0.0,806.9310835966276,0.0,420.4807637155776,84.97770851043231,1668.0013780551026,0.0,0.0,84.97770851043231,113.30361134724308,28.32590283681077,2474.93246165173,824.9774872172434,3720.3907125845512,55.80586068876827,9.259392359415875,8.409615274311552,221.03556888572888,1147.8138272622787,571.5189933936854,0.0,0.0,0.0,113.30361134724308,0.0,2391.857367808159,0.0,3556.685767746335,711.337153549267,23.764022522807746,0.0,0.0,0.0,0.0,0.0
2025-06-27 20:00:00+00:00,4,104.0,2968.9866483174515,804.5006404801711,420.01973844552356,1744.4662693917558,804.5006404801711,447.78775729977997,356.71288318039115,1522.9690186788791,0.0,804.5006404801711,0.0,420.01973844552356,3.7766168965389397,1740.6896524952167,0.0,0.0,3.7766168965389397,5.035489195385253,1.2588722988463132,2545.190292975388,848.3967643251293,3813.606795746041,57.20410193619061,8.43816093787586,8.400394768910472,220.28334540972253,1143.981639676675,4112.9682879941265,0.0,0.0,0.0,5.035489195385253,0.0,2391.857367808159,0.0,0.0,711.337153549267,23.762248793225833,0.0,0.0,0.0,0.0,0.0
2025-06-27 21:00:00+00:00,4,104.0,2953.4170974572535,800.4608254056202,416.67186371722056,1736.2844083344114,800.4608254056202,445.5787476852021,354.88207772041807,1522.9690186788791,0.0,800.4608254056202,0.0,416.67186371722056,0.0,1736.2844083344114,0.0,0.0,0.0,0.0,0.0,2536.745233740032,845.5817445800106,3798.9988420372633,56.984982630558946,8.333437274344412,8.333437274344412,219.19201205309517,1138.4256138123537,4091.8427112696068,0.0,0.0,0.0,0.0,0.0,2387.073653072543,0.0,0.0,711.337153549267,23.76149081731689,0.0,0.0,0.0,-4.547473508864641e-13,0.0
2025-06-27 22:00:00+00:00,4,104.0,2930.9927835730564,796.750628803906,414.24541655808997,1719.9967382110601,796.750628803906,443.5124389173032,353.23818988660287,1522.9690186788791,0.0,796.750628803906,0.0,414.24541655808997,0.0,1719.9967382110601,0.0,0.0,0.0,0.0,0.0,2516.747367014966,838.9157890049887,3769.9085725780446,56.54862858867067,8.2849083311618,8.2849083311618,217.95728220332228,1129.9915164593053,4060.984300032361,0.0,0.0,0.0,0.0,0.0,2382.299505766398,0.0,0.0,711.337153549267,23.766232940487253,0.0,0.0,0.0,-9.094947017729282e-13,0.0
2025-06-27 23:00:00+00:00,4,104.0,2925.2518606763706,794.7454196984106,413.2679868773338,1717.2384541006256,794.7454196984106,442.2986560380586,352.4467636603521,1522.9690186788791,0.0,794.7454196984106,0.0,413.2679868773338,0.0,1717.2384541006256,0.0,0.0,0.0,0.0,0.0,2511.9838737990362,837.327957933012,3762.579818609382,56.438697279140726,8.265359737546676,8.265359737546676,217.45115953644626,1127.7485342236923,4053.0003949000625,0.0,0.0,0.0,0.0,0.0,2377.5349067548655,0.0,0.0,711.337153549267,23.769676936771837,0.0,0.0,0.0,-4.547473508864641e-13,0.0
2025-10-04 00:00:00+00:00,5,17.0,2772.335379650507,698.3016625552816,388.2796343985816,1685.7540826966429,698.3016625552816,394.1082652663656,304.19339728891595,1522.9690186788791,0.0,698.3016625552816,0.0,388.2796343985816,0.0,1685.7540826966429,0.0,0.0,0.0,0.0,0.0,2384.0557452519242,794.6852484173081,3567.020628067814,53.50530942101721,7.765592687971632,7.765592687971632,195.76730508159608,1059.4890482958647,3831.8244279463715,0.0,0.0,0.0,0.0,0.0,2368.034277267473,0.0,0.0,711.337153549267,23.761617325463657,0.0,0.0,0.0,-2.2737367544323206e-13,0.0
2025-10-04 01:00:00+00:00,5,17.0,2779.9243563056393,698.1679227975416,390.4455839405526,1691.3108495675447,698.1679227975417,394.37990775293986,303.78801504460176,1522.9690186788791,0.0,698.1679227975416,0.0,390.4455839405526,0.0,1691.3108495675447,0.0,0.0,0.0,0.0,0.0,2389.478772365086,796.4929241216954,3576.4172804273344,53.646259206410015,7.808911678811052,7.808911678811052,195.88562873306364,1061.642635418791,6283.402796022392,0.0,0.0,0.0,0.0,0.0,2363.298208712938,2441.8358042979617,0.0,3027.865997668486,23.760910728582648,0.0,0.0,0.0,0.0,0.0
2025-10-04 02:00:00+00:00,5,17.0,2782.067544758503,697.6502964430965,391.7407603315197,1692.6764879838888,697.6502964430965,394.3903197873286,303.25997665576784,1522.9690186788791,0.0,697.6502964430965,0.0,391.7407603315197,0.0,1692.6764879838888,0.0,0.0,0.0,0.0,0.0,2390.3267844269853,796.7755948089952,3578.8431395675,53.6826470935125,7.834815206630394,7.834815206630394,195.80932390629886,1061.9371962220673,7400.690508726906,0.0,0.0,0.0,0.0,0.0,2358.5716122955128,3556.685767746335,0.0,6402.034381943403,23.761966099802056,0.0,0.0,0.0,0.0,0.0
2025-10-04 03:00:00+00:00,5,17.0,2760.95356824539,691.922601830452,388.3275269491961,1680.7034394657433,691.922601830452,391.41527247640084,300.50732935405114,1522.9690186788791,0.0,691.922601830452,0.0,388.3275269491961,0.0,1680.7034394657433,0.0,0.0,0.0,0.0,0.0,2372.626041296195,790.8753470987317,3551.828915344123,53.27743373016184,7.766550538983922,7.766550538983922,194.25441110717787,1053.9402930140393,3814.8938612594297,0.0,0.0,0.0,0.0,0.0,2353.854469070922,0.0,0.0,6402.034381943403,23.757523070784274,0.0,0.0,0.0,2.2737367544323206e-13,0.0
2025-10-04 04:00:00+00:00,5,17.0,2761.044650665493,691.7976661981346,388.1361475529929,1681.1108369143672,691.7976661981346,391.47739765731825,300.32026854081636,1522.9690186788791,0.0,691.7976661981346,0.0,388.1361475529929,0.0,1681.1108369143672,0.0,0.0,0.0,0.0,0.0,2372.908503112502,790.9695010375007,3552.0141517029956,53.28021227554493,7.762722951059858,7.762722951059858,194.23857950375898,1054.0137387189245,3815.0583893844173,0.0,0.0,0.0,0.0,0.0,2349.1467601327804,0.0,0.0,6402.034381943403,23.75278341796,0.0,0.0,0.0,-2.2737367544323206e-13,0.0
2025-10-04 05:00:00+00:00,5,17.0,2641.789902241664,654.0898551223248,372.7680886571716,1614.9319584621692,654.0898551223248,370.15766542536085,283.932189696964,1522.9690186788791,0.0,654.0898551223248,0.0,372.7680886571716,0.0,1614.9319584621692,0.0,0.0,0.0,0.0,0.0,2269.021813584494,756.3406045281646,3398.13050676983,50.971957601547444,7.455361773143432,7.455361773143432,184.32845905370985,1006.5517447297086,3648.341646971373,0.0,0.0,0.0,0.0,0.0,2344.4484666125154,0.0,0.0,6402.034381943403,23.773311895334032,0.0,0.0,0.0,2.2737367544323206e-13,0.0
2025-10-04 06:00:00+00:00,5,17.0,2549.551565904991,629.1900983806685,360.75759522859977,1559.6038722957217,629.1900983806686,355.7520365679691,273.4380618126994,1522.9690186788791,0.0,629.1900983806685,0.0,360.75759522859977,0.0,1559.6038722957217,0.0,0.0,0.0,0.0,0.0,2188.79397067639,729.5979902254634,3279.149556130453,49.187243341956794,7.215151904571996,7.215151904571996,177.47599475927666,970.6915321358407,0.0,0.0,0.0,0.0,0.0,0.0,2339.759569679291,0.0,3520.2430980408326,2691.372346177919,23.790913720502797,0.0,0.0,0.0,7.958078640513122e-13,0.0
2025-10-04 07:00:00+00:00,5,17.0,2508.767897509253,624.003145114287,354.62596427637794,1530.138788118588,624.003145114287,352.52157321128686,271.4815719030001,1522.9690186788791,0.0,624.003145114287,0.0,354.62596427637794,0.0,1530.138788118588,0.0,0.0,0.0,0.0,0.0,2154.141933232875,718.0473110776251,3226.8152085868783,48.40222812880317,7.092519285527559,7.092519285527559,175.57208292444628,956.2066607019296,1586.5482414121489,0.0,0.0,0.0,0.0,0.0,2335.080050539932,0.0,1878.4263167990339,711.337153549267,23.797818894382008,0.0,0.0,0.0,0.0,0.0
2025-10-04 08:00:00+00:00,5,17.0,2576.8371060932204,644.2964291026947,362.9654077739326,1569.5752692165918,644.2964291026947,363.6387716274321,280.65765747526257,1522.9690186788791,0.0,644.2964291026947,0.0,362.9654077739326,0.0,1569.5752692165918,0.0,0.0,0.0,0.0,0.0,2213.871698319286,737.9572327730954,3314.7943388663143,49.72191508299471,7.259308155478652,7.259308155478652,181.00587856399045,983.2036427310378,3560.040748824258,0.0,0.0,0.0,0.0,0.0,2330.4098904388525,0.0,0.0,711.337153549267,23.796994774315287,0.0,0.0,0.0,-1.1368683772161603e-13,0.0
2025-10-04 09:00:00+00:00,5,17.0,2647.138345203874,657.4903154177032,373.91925663287293,1615.7287731532986,657.4903154177032,371.6816748049203,285.8086406127829,1522.9690186788791,0.0,657.4903154177032,0.0,373.91925663287293,0.0,1615.7287731532986,0.0,0.0,0.0,0.0,0.0,2273.2190885710015,757.7396961903338,3404.878041394208,51.07317062091312,7.478385132657459,7.478385132657459,185.0840767698786,1008.8537138464404,3655.9920590503143,0.0,0.0,0.0,0.0,0.0,2325.749070657975,0.0,0.0,711.337153549267,23.79223582572739,0.0,0.0,0.0,-1.1368683772161603e-13,0.0
2025-10-04 10:00:00+00:00,5,17.0,2613.6421317498016,649.7105432979066,368.80879367332153,1595.1227947785737,649.7105432979067,367.84124735195394,281.86929594595273,1522.9690186788791,0.0,649.7105432979066,0.0,368.80879367332153,0.0,1595.1227947785737,0.0,0.0,0.0,0.0,0.0,2244.8333380764802,748.2777793588267,3361.919911108628,50.42879866662942,7.376175873466431,7.376175873466431,182.85456342057242,996.3134931929613,3609.9556249427624,0.0,0.0,0.0,0.0,0.0,2321.0975725166595,0.0,0.0,711.337153549267,23.772972492279077,0.0,0.0,0.0,-5.684341886080801e-13,0.0
2025-10-04 11:00:00+00:00,5,17.0,2561.7366210066575,640.0105062274503,360.2412159191858,1561.4848988600213,640.0105062274503,362.11278498469255,277.8977212427577,1522.9690186788791,0.0,640.0105062274503,0.0,360.2412159191858,0.0,1561.4848988600213,0.0,0.0,0.0,0.0,0.0,2201.4954050874717,733.8318016958239,3295.5684227024813,49.43352634053722,7.204824318383715,7.204824318383715,179.86426713439113,977.5392438075198,5981.111669112139,0.0,0.0,0.0,0.0,0.0,2316.455377371626,2441.8358042979617,0.0,3027.865997668486,23.786009806155956,0.0,0.0,0.0,0.0,0.0
2025-10-04 12:00:00+00:00,5,17.0,2590.1558036228676,645.0916750532339,366.0028617813967,1579.0612667882372,645.091675053234,364.8733396655247,280.2183353877092,1522.9690186788791,0.0,645.0916750532339,0.0,366.0028617813967,0.0,1579.0612667882372,0.0,0.0,0.0,0.0,0.0,2224.152941841471,741.384313947157,3331.540117570025,49.973101763550375,7.320057235627934,7.320057235627934,181.42897414019427,987.4265043221576,7134.26807569136,0.0,0.0,0.0,0.0,0.0,2311.822466616883,3556.685767746335,0.0,6402.034381943403,23.79108969188267,0.0,0.0,0.0,0.0,0.0
2025-10-04 13:00:00+00:00,5,17.0,2578.671645327066,643.949532139312,364.64729451628347,1570.0748186714704,643.9495321393119,363.8379009712762,280.1116311680358,1522.9690186788791,0.0,643.949532139312,0.0,364.64729451628347,0.0,1570.0748186714704,0.0,0.0,0.0,0.0,0.0,2214.0243508107824,738.0081169369274,3316.6797622639933,49.7501964339599,7.29294589032567,7.29294589032567,180.9440564043604,983.288261555899,3561.9599068829652,0.0,0.0,0.0,0.0,0.0,2307.19882168365,0.0,0.0,6402.034381943403,23.797347840237315,0.0,0.0,0.0,2.2737367544323206e-13,0.0
2025-10-04 14:00:00+00:00,5,17.0,2551.113812437001,640.4585260255608,360.2661906038835,1550.389095807557,640.4585260255608,361.59294058396665,278.86558544159413,1522.9690186788791,0.0,640.4585260255608,0.0,360.2661906038835,0.0,1550.389095807557,0.0,0.0,0.0,0.0,0.0,2190.847621833118,730.2825406110393,3281.3963530480405,49.220945295720604,7.20532381207767,7.20532381207767,179.666882581579,973.5810161124944,3524.6948285494946,0.0,0.0,0.0,0.0,0.0,2302.5844240402826,0.0,0.0,6402.034381943403,23.805872762042707,0.0,0.0,0.0,-6.821210263296962e-13,0.0
2025-10-04 15:00:00+00:00,5,17.0,2491.247767477709,625.9484403061732,351.1002226243213,1514.1991045472168,625.9484403061733,353.5377533215318,272.4106869846415,1522.9690186788791,0.0,625.9484403061732,0.0,351.1002226243213,0.0,1514.1991045472168,0.0,0.0,0.0,0.0,0.0,2140.14754485339,713.38251495113,3204.6302824288414,48.06945423643262,7.022004452486426,7.022004452486426,175.56854885723402,951.0645269497695,3442.3122944274783,0.0,0.0,0.0,0.0,0.0,2297.9792551922023,0.0,0.0,6402.034381943403,23.804899361229754,0.0,0.0,0.0,-4.547473508864641e-13,0.0
2025-10-04 16:00:00+00:00,5,17.0,2473.627428948961,624.4247119209084,347.32928179583837,1501.873435232213,624.4247119209085,352.6133542294402,271.8113576914683,1522.9690186788791,0.0,624.4247119209084,0.0,347.32928179583837,0.0,1501.873435232213,0.0,0.0,0.0,0.0,0.0,2126.2981471531216,708.7660490510406,3182.393478000001,47.73590217000001,6.946585635916768,6.946585635916768,174.9100810313015,945.3052035241757,3418.932632473136,0.0,0.0,0.0,0.0,0.0,2293.383296681818,0.0,0.0,6402.034381943403,23.8015201761138,0.0,0.0,0.0,-7.958078640513122e-13,0.0
2025-10-04 17:00:00+00:00,5,17.0,2562.6593872141925,644.8493056652311,358.01914043465354,1559.790941114306,644.8493056652311,364.7537860378713,280.0955196273598,1522.9690186788791,0.0,644.8493056652311,0.0,358.01914043465354,81.363819252398,1478.4271218619078,0.0,0.0,81.363819252398,108.48509233653067,27.121273084132667,2123.276427527139,707.7588091757129,3189.054377137505,47.835815657062575,7.974021001217051,7.160382808693071,180.86262012151957,978.7129218483378,1644.7198909748074,0.0,0.0,0.0,108.48509233653067,0.0,2391.857367808159,0.0,1896.6524180877227,4402.787191669022,23.784029955562534,0.0,0.0,0.0,-4.547473508864641e-13,0.0
2025-10-04 18:00:00+00:00,5,17.0,2533.027693289755,639.2285542640043,352.4033409465648,1541.395798079185,639.2285542640043,361.4970189574701,277.7315353065341,1522.9690186788791,0.0,639.2285542640043,0.0,352.4033409465648,3.7766168965389397,1537.6191811826461,0.0,0.0,3.7766168965389397,5.035489195385253,1.2588722988463132,2176.8477354466504,725.6159118155501,3254.866988208765,48.82300482313148,7.085832987896686,7.0480668189312965,179.15761471803222,968.9893034623881,0.0,0.0,0.0,0.0,5.035489195385253,0.0,2391.857367808159,0.0,3502.0169967521433,711.337153549267,23.786250735472787,0.0,0.0,0.0,2.2737367544323206e-13,0.0
2025-10-04 19:00:00+00:00,5,17.0,2513.7720482862746,635.5029133142957,349.18754562512964,1529.0815893468514,635.5029133142957,359.31147497041275,276.19143834388296,1522.9690186788791,0.0,635.5029133142957,0.0,349.18754562512964,3.7766168965389397,1525.3049724503126,0.0,0.0,3.7766168965389397,5.035489195385253,1.2588722988463132,2160.8078857646083,720.2692952548695,3230.2647266446074,48.45397089966911,7.021517081467983,6.983750912502593,178.02498166083407,962.0123881081896,3475.7844363944646,0.0,0.0,0.0,5.035489195385253,0.0,2391.857367808159,0.0,0.0,711.337153549267,23.78507156770742,0.0,0.0,0.0,3.410605131648481e-13,0.0
2025-10-04 20:00:00+00:00,5,17.0,2470.1049623555627,624.802453190078,343.13655288872604,1502.165956276758,624.802453190078,353.4716401480225,271.3308130420555,1522.9690186788791,0.0,624.802453190078,0.0,343.13655288872604,0.0,1502.165956276758,0.0,0.0,0.0,0.0,0.0,2126.968409466836,708.9894698222787,3179.0944321778406,47.68641648266761,6.862731057774521,6.862731057774521,174.99600150228503,945.3973499227804,3415.5023122783427,0.0,0.0,0.0,0.0,0.0,2387.073653072543,0.0,0.0,711.337153549267,23.78200696202662,0.0,0.0,0.0,-4.547473508864641e-13,0.0
2025-10-04 21:00:00+00:00,5,17.0,2378.6375790412726,601.97264160709,331.89621292397,1444.7687245102134,601.97264160709,340.34245798805347,261.63018361903664,1522.9690186788791,0.0,601.97264160709,0.0,331.89621292397,0.0,1444.7687245102134,0.0,0.0,0.0,0.0,0.0,2046.7413661173034,682.2471220391011,3060.8847010803743,45.913270516205614,6.6379242584794,6.6379242584794,168.53693711174554,909.9731781840112,3288.6107572252827,0.0,0.0,0.0,0.0,0.0,2382.299505766398,0.0,0.0,711.337153549267,23.79027310649652,0.0,0.0,0.0,-1.1368683772161603e-12,0.0
2025-10-04 22:00:00+00:00,5,17.0,2404.149435673911,602.5627061342948,336.9295483929916,1464.6571811466204,602.5627061342948,340.79861821768185,261.76408791661294,1522.9690186788791,0.0,602.5627061342948,0.0,336.9295483929916,0.0,1464.6571811466204,0.0,0.0,0.0,0.0,0.0,2067.219887280915,689.073295760305,3093.2227314342117,46.39834097151317,6.738590967859832,6.738590967859832,169.19304400488136,918.1418626724193,3322.291298346329,0.0,0.0,0.0,0.0,0.0,2377.5349067548655,0.0,0.0,711.337153549267,23.790831866851306,0.0,0.0,0.0,-1.2505552149377763e-12,0.0
2025-10-04 23:00:00+00:00,5,17.0,2362.210892307045,591.3094639688011,330.4048974539332,1440.4965308843118,591.3094639688011,334.5454559098586,256.7640080589425,1522.9690186788791,0.0,591.3094639688011,0.0,330.4048974539332,0.0,1440.4965308843118,0.0,0.0,0.0,0.0,0.0,2031.805994853113,677.2686649510376,3039.479557258084,45.592193358871256,6.6080979490786635,6.6080979490786635,166.1159754239931,902.1930296320593,3264.4039219391034,0.0,0.0,0.0,0.0,0.0,2372.779836941356,0.0,0.0,711.337153549267,23.792573631604313,0.0,0.0,0.0,-9.094947017729282e-13,0.0
2025-10-16 00:00:00+00:00,6,21.0,2339.9718353632124,509.35037176136564,332.1023058237197,1498.5191577781263,509.35037176136564,295.2158810586764,214.1344907026892,1522.9690186788791,0.0,509.35037176136564,0.0,332.1023058237197,0.0,1498.5191577781263,0.0,0.0,0.0,0.0,0.0,2007.8695295394919,669.2898431798307,3009.2616785430423,45.138925178145634,6.642046116474394,6.642046116474394,149.94194392486702,877.6548045157921,3217.6266398790044,0.0,0.0,0.0,0.0,0.0,0.0,0.0,0.0,711.337153549267,23.85430644239362,0.0,0.0,0.0,-1.1368683772161603e-13,0.0
2025-10-16 01:00:00+00:00,6,21.0,2313.3033477538447,503.1868437200897,327.0406088518249,1483.0758951819298,503.18684372008977,291.71925462324225,211.46758909684752,1522.9690186788791,0.0,503.1868437200897,0.0,327.0406088518249,0.0,1483.0758951819298,0.0,0.0,0.0,0.0,0.0,1986.2627389020195,662.0875796340065,2975.3909273878508,44.63086391081776,6.540812177036498,6.540812177036498,148.19857961148108,867.9986475103783,3181.301995264223,0.0,0.0,0.0,0.0,0.0,0.0,0.0,0.0,711.337153549267,23.859635539999807,0.0,0.0,0.0,0.0,0.0
2025-10-16 02:00:00+00:00,6,21.0,2338.023090188865,511.6872187808353,329.95419842282087,1496.3816729852078,511.6872187808353,296.5571597377318,215.13005904310347,1522.9690186788791,0.0,511.6872187808353,0.0,329.95419842282087,0.0,1496.3816729852078,0.0,0.0,0.0,0.0,0.0,2008.0688917660432,669.3562972553477,3007.3793874442117,45.110690811663176,6.5990839684564175,6.5990839684564175,150.38903585463018,878.0541918585538,3216.0772820474185,0.0,0.0,0.0,0.0,0.0,0.0,0.0,0.0,711.337153549267,23.852313310478387,0.0,0.0,0.0,-2.2737367544323206e-13,0.0
2025-10-16 03:00:00+00:00,6,21.0,2372.724729111875,517.7475390816252,335.1668268784766,1519.8103631517733,517.7475390816252,300.0775645377701,217.66997454385503,1522.9690186788791,0.0,517.7475390816252,0.0,335.1668268784766,0.0,1519.8103631517733,0.0,0.0,0.0,0.0,0.0,2037.5579022333986,679.1859674111329,3051.910696523008,45.77866044784512,6.703336537569533,6.703336537569533,152.32116194620542,890.6924628803224,3263.417191992198,0.0,0.0,0.0,0.0,0.0,0.0,0.0,0.0,711.337153549267,23.850981266550654,0.0,0.0,0.0,2.2737367544323206e-13,0.0
2025-10-16 04:00:00+00:00,6,21.0,2361.552986645079,513.4115897608044,333.14645090022384,1514.9949459840502,513.4115897608044,298.17751770116155,215.23407205964284,1522.9690186788791,0.0,513.4115897608044,0.0,333.14645090022384,0.0,1514.9949459840502,0.0,0.0,0.0,0.0,0.0,2028.4065357448546,676.1355119149515,3037.68849856003,45.56532747840045,6.662929018004477,6.662929018004477,151.25396011868304,886.2806575480439,3247.8336441931224,0.0,0.0,0.0,0.0,0.0,0.0,0.0,0.0,711.337153549267,23.852279655747918,0.0,0.0,0.0,-3.410605131648481e-13,0.0
2025-10-16 05:00:00+00:00,6,21.0,2337.432519877436,509.27603745411363,329.4756636085817,1498.6808188147388,509.27603745411363,295.85150536192594,213.4245320921877,1522.9690186788791,0.0,509.27603745411363,0.0,329.4756636085817,0.0,1498.6808188147388,0.0,0.0,0.0,0.0,0.0,2007.9568562688523,669.3189520896175,3006.7514719670517,45.101272079505776,6.589513272171635,6.589513272171635,149.9253691403595,877.524619853826,3214.957139731262,0.0,0.0,0.0,0.0,0.0,0.0,0.0,0.0,711.337153549267,23.851084194866942,0.0,0.0,0.0,1.1368683772161603e-13,0.0
2025-10-16 06:00:00+00:00,6,21.0,2245.723916846042,491.35157415742964,315.3159006165798,1439.056442072032,491.3515741574296,285.40371505857996,205.94785909884965,1522.9690186788791,0.0,491.35157415742964,0.0,315.3159006165798,0.0,1439.056442072032,0.0,0.0,0.0,0.0,0.0,1930.4080162294617,643.4693387431539,2889.1932555891954,43.337898833837926,6.306318012331596,6.306318012331596,144.46529909309925,843.8851726947544,3089.6090895407956,0.0,0.0,0.0,0.0,0.0,0.0,0.0,0.0,711.337153549267,23.855210352132783,0.0,0.0,0.0,-6.821210263296962e-13,0.0
2025-10-16 07:00:00+00:00,6,21.0,2252.5122594783807,493.46355814631363,316.4138227819364,1442.6348785501289,493.4635581463137,286.9932819085525,206.4702762377612,1522.9690186788791,0.0,493.46355814631363,0.0,316.4138227819364,0.0,1442.6348785501289,0.0,0.0,0.0,0.0,0.0,1936.0984366964426,645.3661455654809,2897.87840504386,43.468176075657894,6.328276455638728,6.328276455638728,145.01602985519685,846.5069044076131,3099.0191638859937,0.0,0.0,0.0,0.0,0.0,0.0,0.0,0.0,711.337153549267,23.852777024794587,0.0,0.0,0.0,0.0,0.0
2025-10-16 08:00:00+00:00,6,21.0,2253.3378561860136,496.243530639959,317.09683864363694,1439.9974869024184,496.2435306399589,288.3007648645031,207.94276577545583,1522.9690186788791,0.0,496.243530639959,0.0,317.09683864363694,0.0,1439.9974869024184,0.0,0.0,0.0,0.0,0.0,1936.2410175423774,645.4136725141258,2898.75152870014,43.4812729305021,6.341936772872739,6.341936772872739,145.54664248296518,847.1254614733384,3100.4633176593525,0.0,0.0,0.0,0.0,0.0,0.0,0.0,0.0,711.337153549267,23.849144024262362,0.0,0.0,0.0,4.547473508864641e-13,0.0
2025-10-16 09:00:00+00:00,6,21.0,2295.657581293279,506.7457903821856,324.4372857193098,1464.474505191784,506.74579038218553,293.9729626416506,212.77282774053495,1522.9690186788791,0.0,506.7457903821856,0.0,324.4372857193098,0.0,1464.474505191784,0.0,0.0,0.0,0.0,0.0,1971.2202955739695,657.0734318579898,2952.731013151269,44.29096519726903,6.488745714386196,6.488745714386196,148.46689449016606,862.8087829741972,3158.4663642674764,0.0,0.0,0.0,0.0,0.0,0.0,0.0,0.0,711.337153549267,23.84599616115797,0.0,0.0,0.0,3.410605131648481e-13,0.0
2025-10-16 10:00:00+00:00,6,21.0,2296.796900667516,511.1327770978812,323.64994588557937,1462.0141776840567,511.1327770978812,295.90584173133556,215.2269353665457,1522.9690186788791,0.0,511.1327770978812,0.0,323.64994588557937,0.0,1462.0141776840567,0.0,0.0,0.0,0.0,0.0,1973.146954781938,657.7156515939793,2954.5125522614962,44.31768828392244,6.472998917711587,6.472998917711587,149.35035289222105,864.3296906055459,3161.1265912730623,0.0,0.0,0.0,0.0,0.0,0.0,0.0,0.0,711.337153549267,23.84438891237277,0.0,0.0,0.0,2.2737367544323206e-13,0.0
2025-10-16 11:00:00+00:00,6,21.0,2383.129426240317,531.3532225298766,336.9201702816113,1514.856033428826,531.3532225298766,307.8181388003073,223.5350837295693,1522.9690186788791,0.0,531.3532225298766,0.0,336.9201702816113,0.0,1514.856033428826,0.0,0.0,0.0,0.0,0.0,2046.2092559587027,682.0697519862342,3065.199178226548,45.97798767339822,6.738403405632226,6.738403405632226,155.1263351673785,896.6508816382755,3279.780307878592,0.0,0.0,0.0,0.0,0.0,0.0,0.0,0.0,711.337153549267,23.831026808637976,0.0,0.0,0.0,-6.821210263296962e-13,0.0
2025-10-16 12:00:00+00:00,6,21.0,2399.4868278373915,533.8416528640253,338.3876936149168,1527.25748135845,533.8416528640253,309.3282665009137,224.51338636311155,1522.9690186788791,0.0,533.8416528640253,0.0,338.3876936149168,0.0,1527.25748135845,0.0,0.0,0.0,0.0,0.0,2061.099134222475,687.0330447408251,3086.519872578217,46.297798088673254,6.767753872298337,6.767753872298337,155.99384950545175,902.8602000795469,3302.347027916938,0.0,0.0,0.0,0.0,0.0,0.0,0.0,0.0,711.337153549267,23.830806520447844,0.0,0.0,0.0,-5.684341886080801e-13,0.0
2025-10-16 13:00:00+00:00,6,21.0,2416.502104441078,538.6451932233318,340.197853977011,1537.6590572407347,538.645193223332,311.97173953060417,226.67345369272772,1522.9690186788791,0.0,538.6451932233318,0.0,340.197853977011,0.0,1537.6590572407347,0.0,0.0,0.0,0.0,0.0,2076.3042504640666,692.1014168213555,3108.6035212624333,46.6290528189365,6.80395707954022,6.80395707954022,157.30859867102393,909.6469824703963,3326.1490869114746,0.0,0.0,0.0,0.0,0.0,0.0,0.0,0.0,711.337153549267,23.827794020296,0.0,0.0,0.0,4.547473508864641e-13,0.0
2025-10-16 14:00:00+00:00,6,21.0,2400.4562851764026,537.2499092252033,337.280962385554,1525.9254135656447,537.2499092252033,311.0147708539774,226.23513837122593,1522.9690186788791,0.0,537.2499092252033,0.0,337.280962385554,0.0,1525.9254135656447,0.0,0.0,0.0,0.0,0.0,2063.175322790848,687.7251075969493,3088.1813927733515,46.32272089160027,6.745619247711081,6.745619247711081,156.69584760164201,904.2349145856138,3304.691199762016,0.0,0.0,0.0,0.0,0.0,0.0,0.0,0.0,711.337153549267,23.827416003996188,0.0,0.0,0.0,-4.547473508864641e-13,0.0
2025-10-16 15:00:00+00:00,6,21.0,2370.1207225475923,530.7588937254549,334.03947772925903,1505.3223510928797,530.7588937254549,306.91204290399605,223.84685082145882,1522.9690186788791,0.0,530.7588937254549,0.0,334.03947772925903,0.0,1505.3223510928797,0.0,0.0,0.0,0.0,0.0,2036.0812448183347,678.6937482727782,3048.8144708203718,45.73221706230557,6.680789554585181,6.680789554585181,154.74491513923996,892.5324595834942,3262.653182131087,0.0,0.0,0.0,0.0,0.0,0.0,0.0,0.0,711.337153549267,23.827429724146196,0.0,0.0,0.0,3.410605131648481e-13,0.0
2025-10-16 16:00:00+00:00,6,21.0,2446.458205940478,541.1345393751861,345.3593233420502,1559.9643432232438,541.1345393751863,314.02307530653866,227.11146406864754,1522.9690186788791,0.0,541.1345393751861,0.0,345.3593233420502,0.0,1559.9643432232438,0.0,0.0,0.0,0.0,0.0,2101.09888259843,700.3662941994767,3146.824500139957,47.20236750209935,6.9071864668410035,6.9071864668410035,158.4392722976956,919.8223069329538,3366.280512873431,0.0,0.0,0.0,0.0,0.0,0.0,0.0,0.0,711.337153549267,23.830039393204206,0.0,0.0,0.0,-9.094947017729282e-13,0.0
2025-10-16 17:00:00+00:00,6,21.0,2460.279991037327,539.5507835488836,347.4188352556548,1573.3103722327887,539.5507835488836,314.27014102002795,225.2806425288557,1522.9690186788791,0.0,539.5507835488836,0.0,347.4188352556548,0.0,1573.3103722327887,0.0,0.0,0.0,0.0,0.0,2112.861155781672,704.2870519272241,3164.567042964551,47.468505644468266,6.9483767051130965,6.9483767051130965,158.45162193282516,924.1039329147436,3384.38392395207,0.0,0.0,0.0,0.0,0.0,0.0,0.0,0.0,711.337153549267,23.835056958426343,0.0,0.0,0.0,-6.821210263296962e-13,0.0
2025-10-16 18:00:00+00:00,6,21.0,2507.8566522645306,546.447184116249,354.85686736222766,1606.5526007860526,546.447184116249,318.9542578632311,227.4929262530179,1522.9690186788791,0.0,546.447184116249,0.0,354.85686736222766,0.0,1606.5526007860526,0.0,0.0,0.0,0.0,0.0,2152.9997849023016,717.6665949674339,3225.523247231963,48.38284870847944,7.097137347244553,7.097137347244553,160.82490435973563,941.068622730138,3448.925274994668,0.0,0.0,0.0,0.0,0.0,0.0,0.0,0.0,711.337153549267,23.835141458167243,0.0,0.0,0.0,-4.547473508864641e-13,0.0
2025-10-16 19:00:00+00:00,6,21.0,2492.6049982652075,543.5402333583439,352.64460654862955,1596.4201583582355,543.5402333583439,317.23569069527224,226.30454266307166,1522.9690186788791,0.0,543.5402333583439,0.0,352.64460654862955,0.0,1596.4201583582355,0.0,0.0,0.0,0.0,0.0,2139.9603917165796,713.3201305721932,3205.9251288374026,48.088876932561035,7.052892130972591,7.052892130972591,159.92743463490757,935.4422264016071,3428.047224666814,0.0,0.0,0.0,0.0,0.0,0.0,0.0,0.0,711.337153549267,23.836119956890485,0.0,0.0,0.0,-4.547473508864641e-13,0.0
2025-10-16 20:00:00+00:00,6,21.0,2473.661980718646,539.2931539735338,350.14811302764014,1584.2207137174712,539.2931539735338,314.7932837553391,224.49987021819467,1522.9690186788791,0.0,539.2931539735338,0.0,350.14811302764014,0.0,1584.2207137174712,0.0,0.0,0.0,0.0,0.0,2123.513867691005,707.8379558970017,3181.499936615647,47.722499049234706,7.002962260552803,7.002962260552803,158.68522509054844,928.2516045578903,3401.913585276537,0.0,0.0,0.0,0.0,0.0,0.0,0.0,0.0,711.337153549267,23.837528302926668,0.0,0.0,0.0,5.684341886080801e-13,0.0
2025-10-16 21:00:00+00:00,6,21.0,2451.80062053163,534.0414922138696,347.8046501971628,1569.9544781205975,534.0414922138697,311.69870028439215,222.3427919294775,1522.9690186788791,0.0,534.0414922138696,0.0,347.8046501971628,0.0,1569.9544781205975,0.0,0.0,0.0,0.0,0.0,2103.995970334467,701.3319901114891,3153.132610643119,47.29698915964678,6.9560930039432565,6.9560930039432565,157.17109656097816,919.7122618400005,3371.512882371631,0.0,0.0,0.0,0.0,0.0,0.0,0.0,0.0,711.337153549267,23.839745434673272,0.0,0.0,0.0,3.410605131648481e-13,0.0
2025-10-16 22:00:00+00:00,6,21.0,2385.6430649887966,521.6592443245688,338.6935088439235,1525.2903118203035,521.6592443245688,304.3550143257091,217.3042299988597,1522.9690186788791,0.0,521.6592443245688,0.0,338.6935088439235,0.0,1525.2903118203035,0.0,0.0,0.0,0.0,0.0,2046.9495561448723,682.3165187149574,3067.959583703753,46.019393755556294,6.77387017687847,6.77387017687847,153.30746099492444,895.1911138191952,3280.834178807992,0.0,0.0,0.0,0.0,0.0,0.0,0.0,0.0,711.337153549267,23.839750489018446,0.0,0.0,0.0,2.2737367544323206e-13,0.0
2025-10-16 23:00:00+00:00,6,21.0,2383.2515857583894,520.6610402071778,338.1360290531827,1524.4545164980275,520.6610402071778,303.75976249303517,216.9012777141427,1522.9690186788791,0.0,520.6610402071778,0.0,338.1360290531827,0.0,1524.4545164980275,0.0,0.0,0.0,0.0,0.0,2045.1155567052053,681.7051855684018,3064.9567713267897,45.97435156990184,6.762720581063654,6.762720581063654,153.0699022812737,894.2748805817046,3277.526466340094,0.0,0.0,0.0,0.0,0.0,0.0,0.0,0.0,711.337153549267,23.841008369979427,0.0,0.0,0.0,0.0,0.0
2025-11-13 00:00:00+00:00,7,22.0,3360.4038384668725,906.1758665882679,478.6271356265899,1975.6008362520117,906.1758665882679,506.06664108517026,400.10922550309766,1522.9690186788791,0.0,906.1758665882679,0.0,478.6271356265899,0.0,1975.6008362520117,0.0,0.0,0.0,0.0,0.0,2881.7767028402795,960.5922342800932,4320.996072746962,64.81494109120443,9.572542712531797,9.572542712531797,248.4088245753137,1292.9610853716747,4653.364923838547,0.0,0.0,0.0,0.0,0.0,2368.034277267473,0.0,0.0,711.337153549267,23.766167366253505,0.0,0.0,0.0,-2.2737367544323206e-13,0.0
2025-11-13 01:00:00+00:00,7,22.0,3281.3981755089244,886.1077442309543,466.67449293746796,1928.6159383405036,886.1077442309543,494.56671860554127,391.541025625413,1522.9690186788791,0.0,886.1077442309543,0.0,466.67449293746796,0.0,1928.6159383405036,0.0,0.0,0.0,0.0,0.0,2814.723682571458,938.2412275238194,4219.639403032746,63.29459104549118,9.33348985874936,9.33348985874936,242.82159884632898,1263.024397133138,4544.422572642062,0.0,0.0,0.0,0.0,0.0,2363.298208712938,0.0,0.0,711.337153549267,23.77161577718744,0.0,0.0,0.0,-6.821210263296962e-13,0.0
2025-11-13 02:00:00+00:00,7,22.0,3229.0354634178498,874.3411023675026,458.66364638455315,1896.0307146657929,874.3411023675026,488.04901314271893,386.2920892247837,1522.9690186788791,0.0,874.3411023675026,0.0,458.66364638455315,0.0,1896.0307146657929,0.0,0.0,0.0,0.0,0.0,2770.3718170332954,923.4572723444318,4152.49273576228,62.2873910364342,9.173272927691063,9.173272927691063,239.41154033819106,1243.5027495744391,4472.538212992288,0.0,0.0,0.0,0.0,0.0,2358.5716122955128,0.0,0.0,711.337153549267,23.77025002274191,0.0,0.0,0.0,-6.821210263296962e-13,0.0
2025-11-13 03:00:00+00:00,7,22.0,3216.3525933302976,868.3863040981752,456.35980386616046,1891.6064853659593,868.3863040981752,485.32091504998414,383.06538904819104,1522.9690186788791,0.0,868.3863040981752,0.0,456.35980386616046,0.0,1891.6064853659593,0.0,0.0,0.0,0.0,0.0,2759.9927894641346,919.9975964880449,4136.35018981834,62.0452528472751,9.127196077323209,9.127196077323209,238.00636335286737,1238.303604842834,8011.341965919465,0.0,0.0,0.0,0.0,0.0,2353.854469070922,3556.685767746335,0.0,4085.5055378241836,23.764767639091136,0.0,0.0,0.0,-1.8189894035458565e-12,0.0
2025-11-13 04:00:00+00:00,7,22.0,3126.968956241263,845.7966022726645,443.35520334214954,1837.8171506264478,845.7966022726646,472.72040099121983,373.0762012814447,1522.9690186788791,0.0,845.7966022726645,0.0,443.35520334214954,0.0,1837.8171506264478,0.0,0.0,0.0,0.0,0.0,2683.613752899112,894.5379176330374,4021.5068738742993,60.322603108114485,8.867104066842991,8.867104066842991,231.6923123508849,1204.2870412257228,6773.091801764947,0.0,0.0,0.0,0.0,0.0,2349.1467601327804,2441.8358042979617,0.0,6402.034381943403,23.76068908202244,0.0,0.0,0.0,0.0,0.0
2025-11-13 05:00:00+00:00,7,22.0,3196.774369188285,861.6815105869748,455.10275848219476,1879.9901001191124,861.6815105869748,481.61241812405177,380.0690924629231,1522.9690186788791,0.0,861.6815105869748,0.0,455.10275848219476,0.0,1879.9901001191124,0.0,0.0,0.0,0.0,0.0,2741.6716107060874,913.8905369020291,4110.664906090311,61.659973591354664,9.102055169643895,9.102055169643895,236.24712870274885,1230.0017495354205,4426.776118723705,0.0,0.0,0.0,0.0,0.0,2344.4484666125154,0.0,0.0,6402.034381943403,23.759585669766416,0.0,0.0,0.0,-9.094947017729282e-13,0.0
2025-11-13 06:00:00+00:00,7,22.0,2924.6741731359034,792.314211107458,413.27128887250893,1719.0886731559374,792.314211107458,442.47077040965064,349.84344069780747,1522.9690186788791,0.0,792.314211107458,0.0,413.27128887250893,0.0,1719.0886731559374,0.0,0.0,0.0,0.0,0.0,2511.402884263395,837.134294754465,3761.8084678903692,56.427127018355534,8.26542577745018,8.26542577745018,216.9744786168527,1127.0667519445738,2209.757277986945,0.0,0.0,0.0,0.0,0.0,2339.759569679291,0.0,1841.9836470935315,4460.4131360769525,23.7677984738758,0.0,0.0,0.0,-4.547473508864641e-13,0.0
2025-11-13 07:00:00+00:00,7,22.0,2906.985988667035,786.038236012853,410.6061146005819,1710.3416380535998,786.0382360128528,438.6583724917473,347.3798635211056,1522.9690186788791,0.0,786.038236012853,0.0,410.6061146005819,0.0,1710.3416380535998,0.0,0.0,0.0,0.0,0.0,2496.379874066453,832.1266246888176,3739.1126133558523,56.08668920033778,8.212122292011639,8.212122292011639,215.385381326042,1120.0229397992207,470.3231607199209,0.0,0.0,0.0,0.0,0.0,2335.080050539932,0.0,3556.685767746335,711.337153549267,23.77157397462039,0.0,0.0,0.0,0.0,0.0
2025-11-13 08:00:00+00:00,7,22.0,2949.1212400973604,796.3953605067848,417.21837918884455,1735.5075004017306,796.3953605067848,444.4588680670461,351.93649243973863,1522.9690186788791,0.0,796.3953605067848,0.0,417.21837918884455,0.0,1735.5075004017306,0.0,0.0,0.0,0.0,0.0,2531.9028609085153,843.9676203028384,3793.0888604001984,56.896332906002975,8.344367583776892,8.344367583776892,218.29464292156413,1135.8473312979595,4084.96857139532,0.0,0.0,0.0,0.0,0.0,2330.4098904388525,0.0,0.0,711.337153549267,23.779583273192834,0.0,0.0,0.0,0.0,0.0
2025-11-13 09:00:00+00:00,7,22.0,2934.9349326267106,794.2808813331553,414.7248743064369,1725.9291769871184,794.2808813331553,443.34876330473685,350.9321180284184,1522.9690186788791,0.0,794.2808813331553,0.0,414.7248743064369,0.0,1725.9291769871184,0.0,0.0,0.0,0.0,0.0,2520.2100583202737,840.0700194400912,3775.0049520668017,56.62507428100202,8.294497486128739,8.294497486128739,217.58253748034574,1130.8666261736964,4065.8015588004073,0.0,0.0,0.0,0.0,0.0,2325.749070657975,0.0,0.0,711.337153549267,23.775996047797737,0.0,0.0,0.0,2.2737367544323206e-13,0.0
2025-11-13 10:00:00+00:00,7,22.0,2923.152840962353,791.9141357980595,412.839053706625,1718.399651457668,791.9141357980595,442.05981943078797,349.85431636727157,1522.9690186788791,0.0,791.9141357980595,0.0,412.839053706625,0.0,1718.399651457668,0.0,0.0,0.0,0.0,0.0,2510.313787255727,836.7712624185757,3759.9241033809276,56.39886155071391,8.256781074132501,8.256781074132501,216.8706025699383,1126.554288687493,4049.7071296498452,0.0,0.0,0.0,0.0,0.0,2321.097572516659,0.0,0.0,711.337153549267,23.77405813917592,0.0,0.0,0.0,-6.821210263296962e-13,0.0
2025-11-13 11:00:00+00:00,7,22.0,2916.5379463036284,790.3692503875354,411.8912996294453,1714.2773962866474,790.3692503875354,441.3972322041094,348.9720181834261,1522.9690186788791,0.0,790.3692503875354,0.0,411.8912996294453,0.0,1714.2773962866474,0.0,0.0,0.0,0.0,0.0,2504.646646674183,834.882215558061,3751.4201618616894,56.27130242792534,8.237825992588906,8.237825992588906,216.42723919349817,1124.0564091646625,4040.5943554682913,0.0,0.0,0.0,0.0,0.0,2316.4553773716257,0.0,0.0,711.337153549267,23.772942437214525,0.0,0.0,0.0,4.547473508864641e-13,0.0
2025-11-13 12:00:00+00:00,7,22.0,2911.949476336297,786.1010469065058,412.21548163687345,1713.6329477929187,786.1010469065059,439.2310249748843,346.8700219316215,1522.9690186788791,0.0,786.1010469065058,0.0,412.21548163687345,0.0,1713.6329477929187,0.0,0.0,0.0,0.0,0.0,2499.7339946994243,833.2446648998081,3745.1941412361057,56.177912118541585,8.244309632737469,8.244309632737469,215.4875550324918,1121.3987513163163,7590.033995398948,0.0,0.0,0.0,0.0,0.0,2311.8224666168826,3556.685767746335,0.0,4085.5055378241836,23.774088576822976,0.0,0.0,0.0,0.0,0.0
2025-11-13 13:00:00+00:00,7,22.0,3043.061396795352,823.2369583697714,429.50946234605516,1790.3149760795218,823.2369583697714,460.0639835532342,363.17297481653725,1522.9690186788791,0.0,823.2369583697714,0.0,429.50946234605516,0.0,1790.3149760795218,0.0,0.0,0.0,0.0,0.0,2613.551934449293,871.1839781497644,3914.2453749451124,58.71368062417668,8.590189246921103,8.590189246921103,225.55325977003426,1172.6312970378176,6657.528498131131,0.0,0.0,0.0,0.0,0.0,2307.1988216836494,2441.8358042979617,0.0,6402.034381943403,23.753737992568652,0.0,0.0,0.0,-4.547473508864641e-13,0.0
2025-11-13 14:00:00+00:00,7,22.0,3199.9623254641006,866.5111032093969,450.7238473592648,1882.7273748954367,866.5111032093969,484.2713132442123,382.2397899651845,1522.9690186788791,0.0,866.5111032093969,0.0,450.7238473592648,0.0,1882.7273748954367,0.0,0.0,0.0,0.0,0.0,2749.2384781048336,916.4128260349445,4116.375151499043,61.745627272485635,9.014476947185297,9.014476947185297,237.36403317723114,1233.5514403790316,4433.513765843132,0.0,0.0,0.0,0.0,0.0,2302.584424040282,0.0,0.0,6402.034381943403,23.744654391914693,0.0,0.0,0.0,0.0,0.0
2025-11-13 15:00:00+00:00,7,22.0,3230.7696475603207,863.9092368044633,456.48741651568366,1910.372994240174,863.9092368044633,483.97852418552367,379.93071261893965,1522.9690186788791,0.0,863.9092368044633,0.0,456.48741651568366,0.0,1910.372994240174,0.0,0.0,0.0,0.0,0.0,2774.2822310446372,924.7607436815457,4155.530391241867,62.332955868628,9.129748330313673,9.129748330313673,237.53709640599294,1242.8902926167939,2631.676293083582,0.0,0.0,0.0,0.0,0.0,2297.979255192202,0.0,1841.9836470935315,4460.4131360769525,23.74375807309602,0.0,0.0,0.0,-9.094947017729282e-13,0.0
2025-11-13 16:00:00+00:00,7,22.0,3209.827763350554,865.9013173732178,454.15675017390294,1889.7696958034358,865.9013173732178,484.11131907733045,381.7899982958874,1522.9690186788791,0.0,865.9013173732178,0.0,454.15675017390294,77.74268773132201,1812.0270080721139,0.0,0.0,77.74268773132201,103.65691697509601,25.914229243774002,2677.9283254453317,892.6427751484439,4024.7278507676783,60.37091776151517,9.860561880791279,9.08313500347806,237.4185730544238,1235.2901920924262,888.4321876966451,0.0,0.0,0.0,103.65691697509601,0.0,2391.857367808159,0.0,3556.685767746335,711.337153549267,23.751465591786843,0.0,0.0,0.0,-2.2737367544323206e-13,0.0
2025-11-13 17:00:00+00:00,7,22.0,3193.7881855005635,870.4200260746642,450.69122511451525,1872.6769343113845,870.4200260746642,485.6803980032098,384.7396280714544,1522.9690186788791,0.0,870.4200260746642,0.0,450.69122511451525,3.7766168965389397,1868.9003174148456,0.0,0.0,3.7766168965389397,5.035489195385253,1.2588722988463132,2739.32034348951,913.10678116317,4103.1183497671955,61.54677524650793,9.051590671255694,9.013824502290305,237.941704585046,1231.919548467116,4425.707733967679,0.0,0.0,0.0,5.035489195385253,0.0,2391.857367808159,0.0,0.0,711.337153549267,23.74683396713545,0.0,0.0,0.0,-6.821210263296962e-13,0.0
2025-11-13 18:00:00+00:00,7,22.0,3206.1912956608926,872.8436302014724,453.05105853897993,1880.2966069204388,872.8436302014723,486.88657396998207,385.95705623149024,1522.9690186788791,0.0,872.8436302014724,0.0,453.05105853897993,0.0,1880.2966069204388,0.0,0.0,0.0,0.0,0.0,2753.140237121911,917.7134123739703,4123.904708034861,61.85857062052291,9.061021170779599,9.061021170779599,238.6697799700368,1236.363805306089,4442.5551009669825,0.0,0.0,0.0,0.0,0.0,2387.073653072543,0.0,0.0,711.337153549267,23.747984518574878,0.0,0.0,0.0,9.094947017729282e-13,0.0
2025-11-13 19:00:00+00:00,7,22.0,3235.0414816398597,878.5003049597441,458.15197685159103,1898.3891998285264,878.5003049597441,489.4343462798985,389.0659586798456,1522.9690186788791,0.0,878.5003049597441,0.0,458.15197685159103,7.5456805592849605,1890.8435192692414,0.0,0.0,7.5456805592849605,10.060907412379947,2.515226853094987,2769.3438242289853,923.1146080763284,4150.610409156905,62.25915613735357,9.238496342624671,9.163039537031821,240.3733336707604,1246.663860617194,4481.705342257054,0.0,0.0,0.0,10.060907412379947,0.0,2391.857367808159,0.0,0.0,711.337153549267,23.751156523063703,0.0,0.0,0.0,6.821210263296962e-13,0.0
2025-11-13 20:00:00+00:00,7,22.0,3226.673697013226,872.2720481622351,457.6335213095967,1896.7681275413947,872.272048162235,486.53502189272376,385.7370262695113,1522.9690186788791,0.0,872.2720481622351,0.0,457.6335213095967,0.0,1896.7681275413947,0.0,0.0,0.0,0.0,0.0,2769.0401757036298,923.01339190121,4149.687088914437,62.24530633371655,9.152670426191934,9.152670426191934,238.98346504570063,1242.547504133011,4469.221201146237,0.0,0.0,0.0,0.0,0.0,2387.073653072543,0.0,0.0,711.337153549267,23.73928564706619,0.0,0.0,0.0,0.0,0.0
2025-11-13 21:00:00+00:00,7,22.0,3122.517284295217,837.094330693327,444.21957521468795,1841.2033783872032,837.094330693327,467.5249615522935,369.56936914103346,1522.9690186788791,0.0,837.094330693327,0.0,444.21957521468795,0.0,1841.2033783872032,0.0,0.0,0.0,0.0,0.0,2678.2977090805302,892.7659030268434,4015.2831873220616,60.22924780983092,8.88439150429376,8.88439150429376,229.90132754285625,1200.6652613881179,4323.182545683336,0.0,0.0,0.0,0.0,0.0,2382.299505766398,0.0,0.0,711.337153549267,23.753546702789794,0.0,0.0,0.0,9.094947017729282e-13,0.0
2025-11-13 22:00:00+00:00,7,22.0,3132.447020939854,838.0529991298145,446.0562804904954,1848.3377413195453,838.0529991298145,468.11588631254034,369.93711281727417,1522.9690186788791,0.0,838.0529991298145,0.0,446.0562804904954,0.0,1848.3377413195453,0.0,0.0,0.0,0.0,0.0,2686.39074044936,895.4635801497866,4027.9106010896417,60.41865901634462,8.921125609809907,8.921125609809907,230.29780561041474,1204.0222959961657,4336.46931693602,0.0,0.0,0.0,0.0,0.0,2377.5349067548655,0.0,0.0,711.337153549267,23.757339137678233,0.0,0.0,0.0,0.0,0.0
2025-11-13 23:00:00+00:00,7,22.0,3118.19106510485,832.6951644978701,444.5628132484214,1840.9330873585586,832.6951644978701,465.37780393520035,367.3173605626698,1522.9690186788791,0.0,832.6951644978701,0.0,444.5628132484214,0.0,1840.9330873585586,0.0,0.0,0.0,0.0,0.0,2673.6282518564285,891.2094172854762,4009.400482390326,60.141007235854886,8.891256264968428,8.891256264968428,228.94163810054965,1198.0745751518175,4316.265640256667,0.0,0.0,0.0,0.0,0.0,2372.779836941356,0.0,0.0,711.337153549267,23.757406688379493,0.0,0.0,0.0,-4.547473508864641e-13,0.0
2025-11-28 00:00:00+00:00,8,46.0,3424.175471449615,904.711681668183,486.8283827349386,2032.6354070464915,904.711681668183,507.56165745359516,397.1500242145878,1522.9690186788791,285.2185370132613,619.4931446549217,0.0,486.8283827349386,1775.7025346381004,256.9328724083912,414.8633265647437,129.6447895514824,1775.7025346381004,2367.603379517467,591.9008448793668,876.4260170633129,292.14200568777096,1655.3964054860226,24.83094608229034,27.493593001079773,9.736567654698773,249.61466419060895,1325.3634110472979,4749.538882496912,2638.8729684602304,2638.87296846023,4.547473508864641e-13,143.59373762198038,0.0,322.1068813351292,0.0,0.0,711.337153549267,23.738891192276366,0.0,0.0,0.0,-6.821210263296962e-13,0.0
2025-11-28 01:00:00+00:00,8,46.0,3247.9571611603405,854.317520283228,460.2662691255608,1933.3733717515531,854.3175202832281,479.29946373609664,375.0180565471314,1522.9690186788791,268.52263050180966,585.7948897814183,0.0,460.2662691255608,1775.7025346381,157.67083711345322,390.57837163899586,122.0557411371862,1775.7025346381,2367.6033795174662,591.9008448793666,743.4657268948715,247.82190896495717,1451.5539049853896,21.773308574780845,26.96235072889222,9.205325382511218,236.0798233069806,1255.799302974675,4503.756464135015,2629.8324046126995,2629.8324046127,0.0,128.34934654376275,0.0,443.39454678903354,0.0,0.0,711.337153549267,23.75275707847266,0.0,0.0,0.0,0.0,0.0
2025-11-28 02:00:00+00:00,8,46.0,3264.2567696386836,856.7696587831159,463.5208329221422,1943.966277933425,856.7696587831158,480.5671258273293,376.2025329557866,1522.9690186788791,270.592403814359,586.1772549687569,0.0,463.5208329221422,1775.7025346381004,168.26374329532473,393.588951002704,122.99654718834499,1775.7025346381004,2367.603379517467,591.9008448793668,754.4409982640816,251.48033275469388,1469.4421639409177,22.041632459113764,27.027442004823847,9.270416658442844,236.89014989265948,1261.6073658374455,4525.864135476129,2630.8223976037207,2630.82239760372,4.547473508864641e-13,130.36993291645058,0.0,566.3591939660836,0.0,0.0,711.337153549267,23.767904706931198,0.0,0.0,0.0,2.2737367544323206e-13,0.0
2025-11-28 03:00:00+00:00,8,46.0,3236.0382961942355,847.5094647870058,458.79951784192707,1929.7293135653003,847.5094647870058,475.66321649163547,371.84624829537034,1522.9690186788791,267.1758830034329,580.3335817835729,0.0,458.79951784192707,1775.7025346381001,154.0267789272002,388.6194661868115,121.44358318337859,1775.7025346381001,2367.6033795174667,591.9008448793667,734.3603607107731,244.78678690359104,1437.9466654562912,21.569199981844367,26.933015703219546,9.175990356838541,234.50945856526812,1250.3188795735068,8043.042943514077,2647.87441583161,2647.87441583161,0.0,108.34842987266848,0.0,668.1574839571864,3556.685767746335,0.0,4085.5055378241836,23.762780870906493,0.0,0.0,0.0,0.0,0.0
2025-11-28 04:00:00+00:00,8,46.0,3247.777536080856,851.2783485515176,460.18591475625215,1936.3132727730854,851.2783485515176,477.8063574996184,373.4719910518993,1522.9690186788791,267.9781417859493,583.3002067655684,0.0,460.18591475625215,1775.7025346381001,160.61073813498524,389.78638805228985,121.80824626634057,1775.7025346381001,2367.6033795174667,591.9008448793667,743.9109449005537,247.97031496685122,1452.0671746236571,21.781007619354856,26.960743641506046,9.203718295125043,235.49927285394637,1255.124148522491,6944.73748890131,3390.869878109565,3990.08519780826,0.0,0.0,633.4801105398084,0.0,2441.8358042979617,0.0,6402.034381943403,23.7584819671274,0.0,0.0,0.0,1.3642420526593924e-12,0.0
2025-11-28 05:00:00+00:00,8,46.0,3232.7205570682927,847.0497170897104,457.9840283077266,1927.6868116708577,847.0497170897104,475.5261886974596,371.5235283922508,1522.9690186788791,266.66323703574653,580.3864800539639,0.0,457.9840283077266,1775.7025346381004,151.9842770327573,387.87379932472226,121.2105622889757,1775.7025346381004,2367.603379517467,591.9008448793668,732.3707570867211,244.12358569557372,1434.4783710900215,21.51717556635032,26.916705912535534,9.159680566154533,234.3561515009774,1249.184706409934,4481.905263478227,2755.4771788421895,5446.84991408006,0.0,0.0,0.0,0.0,0.0,0.0,6402.034381943403,23.75726092800402,0.0,0.0,0.0,6.821210263296962e-13,0.0
2025-11-28 06:00:00+00:00,8,46.0,3251.0636055714913,851.5783488316599,459.8408925946462,1939.6443641451867,851.5783488316599,478.4470180328529,373.13133079880697,1522.9690186788791,268.3715581947118,583.2067906369482,0.0,459.8408925946462,1775.7025346381,163.94182950708682,390.35863010139894,121.98707190668716,1775.7025346381,2367.6033795174662,591.9008448793666,747.148620144035,249.04954004801166,1456.039052786693,21.840585791800393,26.953843198273923,9.196817851892925,235.65365093932067,1256.5823546153533,4507.645960186844,2757.962009618865,5019.21591944595,0.0,0.0,0.0,0.0,0.0,0.0,6402.034381943403,23.759117120297738,0.0,0.0,0.0,-9.094947017729282e-13,0.0
2025-11-28 07:00:00+00:00,8,46.0,3227.6421726238386,845.1797143429465,456.48204585549263,1925.9804124253988,845.1797143429465,474.79699703964553,370.38271730330086,1522.9690186788791,266.1281265389368,579.0515878040096,3.410605131648481e-13,456.4820458554923,1775.7025346381001,150.27787778729862,387.09545678390805,120.96733024497127,1775.7025346381006,2367.603379517467,591.9008448793668,729.3294655913082,243.1098218637694,1428.92133331057,21.43381999965855,26.88666626349086,9.129640917109846,233.90646133559375,1247.3345855039606,4474.976758127799,2754.698836301375,3887.45313427802,0.0,0.0,0.0,0.0,0.0,0.0,6402.034381943403,23.759830374521535,0.0,0.0,0.0,0.0,0.0
2025-11-28 08:00:00+00:00,8,46.0,3217.9434145485484,842.9845519319417,455.21632483836663,1919.7425377782426,842.9845519319417,473.69721945661183,369.2873324753299,1522.9690186788791,265.58322952366683,577.4013224082748,0.0,455.21632483836663,1775.7025346381001,144.04000314014252,386.3028793071518,120.71964978348493,1775.7025346381001,2367.6033795174667,591.9008448793667,721.4413255484174,240.48044184947244,1417.1380922362564,21.257071383543845,26.861351843148334,9.104326496767333,233.26579994520543,1243.589486180989,904.8471329832028,2753.9062588246184,3416.20661731202,0.0,0.0,0.0,0.0,0.0,3556.685767746335,2652.9583994157174,23.756089901954383,0.0,0.0,0.0,2.2737367544323206e-13,0.0
2025-11-28 09:00:00+00:00,8,46.0,3203.6907834092526,846.0117565194997,453.0398696367933,1904.6391572529615,846.0117565194997,475.18669248453875,370.825064034961,1522.9690186788791,0.0,846.0117565194997,0.0,453.0398696367933,1775.7025346381001,128.93662261486134,0.0,0.0,1775.7025346381001,2367.6033795174667,591.9008448793667,974.9483791343611,324.982793044787,1752.9710418159414,26.29456562723912,26.81782273911687,9.060797392735866,233.51746159810256,1212.574285281348,2574.28142159707,1450.31793784568,1450.31793784568,0.0,917.2854416717867,0.0,871.4211695881972,0.0,1841.9836470935315,711.337153549267,23.758101004566356,0.0,0.0,0.0,1.1368683772161603e-12,0.0
2025-11-28 10:00:00+00:00,8,46.0,3204.0751903207956,846.0787471566937,454.00472903201603,1903.9917141320868,846.0787471566937,475.17146277624505,370.90728438044863,1522.9690186788791,0.0,846.0787471566937,0.0,454.00472903201603,896.9465129280596,1007.0452012040272,0.0,0.0,896.9465129280596,1195.9286839040794,298.98217097601986,1853.123948360721,617.707982786907,2924.8366601796442,43.872549902694665,18.049559709920917,9.08009458064032,233.51557200103997,1221.2079299572226,4425.283120278018,0.0,0.0,0.0,1195.9286839040794,0.0,2005.8105769578965,0.0,0.0,711.337153549267,23.758592703094514,0.0,0.0,0.0,-2.2737367544323206e-13,0.0
2025-11-28 11:00:00+00:00,8,46.0,3254.992720441803,860.1647306417842,461.2969976090563,1933.5309921909607,860.1647306417842,483.1606121295048,377.0041185122794,1522.9690186788791,0.0,860.1647306417842,0.0,461.2969976090563,307.9408515822457,1625.590140608715,0.0,0.0,307.9408515822457,410.58780210966097,102.64695052741524,2485.7548712504995,828.5849570834998,3775.6368259430556,56.63455238914583,12.305348468003583,9.225939952181125,237.34659846375845,1246.744346884004,4501.7370673258065,0.0,0.0,0.0,410.58780210966097,0.0,2391.857367808159,0.0,0.0,711.337153549267,23.75584611921302,0.0,0.0,0.0,-6.821210263296962e-13,0.0
2025-11-28 12:00:00+00:00,8,46.0,3228.0821821670875,851.4937628188251,458.4562813425491,1918.1321380057157,851.493762818825,478.42212706308453,373.0716357557405,1522.9690186788791,0.0,851.4937628188251,0.0,458.4562813425491,0.0,1918.1321380057157,0.0,0.0,0.0,0.0,0.0,2769.6259008245406,923.2086336081802,4151.29081577527,62.26936223662905,9.169125626850983,9.169125626850983,235.06170556195326,1238.8779526604644,8023.645902573888,0.0,0.0,0.0,0.0,0.0,2387.073653072543,3556.685767746335,0.0,4085.5055378241836,23.762442541284692,0.0,0.0,0.0,1.3642420526593924e-12,0.0
2025-11-28 13:00:00+00:00,8,46.0,3215.14147905836,847.4847471469225,456.6402009741446,1911.0165309372962,847.4847471469225,476.35471204915433,371.13003509776814,1522.9690186788791,0.0,847.4847471469225,0.0,456.6402009741446,7.5456805592849605,1903.4708503780112,0.0,0.0,7.5456805592849605,10.060907412379947,2.515226853094987,2750.9555975249336,916.9851991749779,4124.580997674057,61.86871496511085,9.208260825075742,9.132804019482892,234.0057586700576,1233.7159645078,6890.693247864122,0.0,0.0,0.0,10.060907412379947,0.0,2391.857367808159,2441.8358042979617,0.0,6402.034381943403,23.757833347479515,0.0,0.0,0.0,4.547473508864641e-13,0.0
2025-11-28 14:00:00+00:00,8,46.0,3309.96081970632,869.3700822952029,470.1210367578586,1970.4697006532579,869.370082295203,489.36007603651774,380.0100062586852,1522.9690186788791,0.0,869.3700822952029,0.0,470.1210367578586,1589.061306930559,381.40839372269875,0.0,0.0,1589.061306930559,2118.7484092407453,529.6871023101863,1250.7784760179015,416.92615867263385,2137.825671448394,32.06738507172591,25.293033804462763,9.402420735157172,240.31685712687792,1253.692957721044,4563.653777427364,2278.62983336397,2278.62983336397,0.0,0.0,159.88142412322506,2218.777417153359,0.0,0.0,6402.034381943403,23.751182670906914,0.0,0.0,0.0,0.0,0.0
2025-11-28 15:00:00+00:00,8,46.0,3399.0756266603876,908.8662283120583,483.7554197342539,2006.4539786140756,908.8662283120582,510.1495092033071,398.71671910875114,1522.9690186788791,0.0,908.8662283120583,0.0,483.7554197342539,1775.7025346381001,230.75144397597546,0.0,0.0,1775.7025346381001,2367.6033795174667,591.9008448793667,1139.6176722880336,379.87255742934457,2003.2456494516323,30.048684741774483,27.43213374106608,9.675108394685079,249.81182088408747,1288.7411500703242,4687.81677673071,2180.74284742367,2180.74284742367,0.0,186.8605320937968,0.0,2391.857367808159,0.0,0.0,6402.034381943403,23.734493330146222,0.0,0.0,0.0,-1.3642420526593924e-12,0.0
2025-11-28 16:00:00+00:00,8,46.0,3407.1959698933106,928.7381936246794,485.1599944057337,1993.2977818628985,928.7381936246793,518.8212280066499,409.91696561802945,1522.9690186788791,289.22953328935176,639.5086603353277,0.0,485.1599944057337,1775.7025346381004,217.5952472247982,420.69750296632986,131.46796967697807,1775.7025346381004,2367.603379517467,591.9008448793668,857.1039075601259,285.70130252004196,1627.9652044859015,24.419478067288523,27.460225234495677,9.703199888114675,253.75748450503556,1324.4105047713213,1174.9207069182976,3030.3205297877007,3030.3205297877,9.094947017729282e-13,0.0,242.01964730390364,2132.3161295947493,0.0,3556.685767746335,2652.9583994157174,23.725168635100534,0.0,0.0,0.0,6.821210263296962e-13,0.0
2025-11-28 17:00:00+00:00,8,46.0,3384.7131239363234,917.720686544881,481.8860520279176,1985.106385363525,917.720686544881,512.2283641844723,405.4923223604087,1522.9690186788791,285.25020887885455,632.4704776660265,0.0,481.8860520279176,1775.7025346381004,209.40385072542472,414.9093947328794,129.6591858540248,1775.7025346381004,2367.603379517467,591.9008448793668,841.8743283914512,280.6247761304837,1604.3851565498526,24.06577734824779,27.394746386939353,9.637721040558352,251.1585122431884,1314.4415638828093,4699.154687819132,3978.441458154426,4253.61577227667,0.0,0.0,1195.9286839040794,869.1791984891604,0.0,0.0,2652.9583994157174,23.729524088452894,0.0,0.0,0.0,-6.821210263296962e-13,0.0
2025-11-28 18:00:00+00:00,8,46.0,3331.901453149512,900.8715537132351,474.2757242520972,1956.7541751841798,900.8715537132352,503.0949174361357,397.7766362770995,1522.9690186788791,280.1232745264406,620.7482791867945,3.410605131648481e-13,474.27572425209684,1775.7025346381001,181.05164054607962,407.4520356748227,127.32876114838209,1775.7025346381006,2367.603379517467,591.9008448793668,801.7999197328742,267.2666399109581,1543.342283895929,23.150134258438936,27.242539831422953,9.485514485041938,246.763139298687,1293.1375738122977,2783.0553798682768,3599.1242132798625,3896.00403446804,0.0,0.0,824.068798087573,0.0,0.0,1841.9836470935315,711.337153549267,23.73032518845045,0.0,0.0,0.0,-1.1368683772161603e-12,0.0
2025-11-28 19:00:00+00:00,8,46.0,3233.2060234436854,872.4641527115984,460.9413715956041,1899.8004991364826,872.4641527115984,487.7230669557357,384.74108575586274,1522.9690186788791,272.4192877179781,600.0448649936204,0.0,460.9413715956041,1775.7025346381004,124.09796449838223,396.2462366806954,123.82694896271731,1775.7025346381004,2367.603379517467,591.9008448793668,724.1428294920026,241.38094316400088,1426.4651442516076,21.396977163774114,26.975852778293085,9.218827431912082,239.10944691363045,1253.8098412936947,4487.01586473738,2763.8496161981625,3475.14967492605,0.0,0.0,0.0,0.0,0.0,0.0,711.337153549267,23.738671195158577,0.0,0.0,0.0,0.0,0.0
2025-11-28 20:00:00+00:00,8,46.0,3257.3803638142945,874.8184175849605,464.77099819002956,1917.7909480393043,874.8184175849605,489.20072345983226,385.6176941251282,1522.9690186788791,273.5919052533382,601.2265123316222,0.0,464.77099819002956,1775.7025346381,142.08841340120443,397.9518621866738,124.35995693333555,1775.7025346381,2367.6033795174662,591.9008448793666,743.3149257328266,247.7716419109422,1455.8575658337984,21.837863487506976,27.05244531018159,9.295419963800592,240.09610064556756,1262.314273130701,4519.694636944996,2765.55524170414,5812.04950907955,0.0,0.0,0.0,0.0,0.0,0.0,711.337153549267,23.736581026058424,0.0,0.0,0.0,6.821210263296962e-13,0.0
2025-11-28 21:00:00+00:00,8,46.0,3294.174237860473,884.7736978228519,469.82936870140804,1939.5711713362134,884.7736978228519,494.99178985990676,389.7819079629451,1522.9690186788791,276.28668174476843,608.4870160780835,0.0,469.82936870140804,1775.7025346381001,163.86863669811328,401.87153708329953,125.5848553385311,1775.7025346381001,2367.6033795174667,591.9008448793667,772.3556527761967,257.45188425873226,1499.6369057363372,22.494553586045058,27.153612720409164,9.396587374028162,242.82657238422783,1276.80891054134,4570.983148401813,2769.4749166007664,5630.00339966887,0.0,0.0,0.0,0.0,0.0,0.0,711.337153549267,23.722567858881376,0.0,0.0,0.0,0.0,0.0
2025-11-28 22:00:00+00:00,8,46.0,3371.3306467142584,913.9998276418423,479.25099386654466,1978.079825205873,913.9998276418423,510.39034297057265,403.6094846712697,1522.9690186788791,283.4877230817889,630.5121045600534,0.0,479.25099386654466,1775.7025346381001,202.3772905677729,412.3457790280566,128.85805594626768,1775.7025346381001,2367.6033795174667,591.9008448793667,832.8893951278263,277.62979837594213,1589.7701873703131,23.846552810554694,27.342045223711896,9.585019877330893,250.165849776172,1309.328166889346,4680.658813603603,2779.9491585455235,4787.20798837594,0.0,0.0,0.0,0.0,0.0,0.0,711.337153549267,23.720956258752,0.0,0.0,0.0,-9.094947017729282e-13,0.0
2025-11-28 23:00:00+00:00,8,46.0,3337.2492740096263,902.5348256664228,474.75087078095453,1959.9635775622494,902.5348256664228,503.8182947633087,398.71653090311406,1522.9690186788791,280.40976733883474,622.125058327588,0.0,474.75087078095453,1775.7025346381,184.26104292414948,407.86875249285055,127.45898515401579,1775.7025346381,2367.6033795174662,591.9008448793666,806.3861012517375,268.7953670839125,1549.9323391166045,23.248985086749066,27.252042762000087,9.49501741561909,247.20627622203372,1295.357518603697,4632.606792613323,2579.6142788363395,2579.61427883634,0.0,195.85785317397722,0.0,186.06496051527836,0.0,0.0,711.337153549267,23.73443044921235,0.0,0.0,0.0,-4.547473508864641e-13,0.0
