timestamp_hour_utc,representative_day_id,day_weight,it_load_kw,q_air_kw,q_cp_kw,q_rdhx_kw,s_air_kw,s_air_old_kw,s_air_new_kw,old_ac_capacity_eff_kw,q_air_to_ashp_kw,q_air_to_reject_kw,q_cp_to_wshp_kw,q_cp_to_free_kw,q_rdhx_to_wshp_kw,q_rdhx_to_chiller_kw,q_ashp_out_kw,p_ashp_kw,q_wshp_in_kw,q_wshp_out_kw,p_wshp_kw,q_chiller_evap_kw,p_chiller_kw,q_tower_kw,p_tower_kw,p_pump_kw,p_cdu_free_kw,p_terminal_kw,p_cooling_kw,p_grid_kw,q_heat_kw,heating_demand_kw,heat_demand_upper_violation_kw,q_tes_ch_kw,q_tes_dis_kw,e_tes_kwh,p_bess_ch_kw,p_bess_dis_kw,e_bess_kwh,max_theta_c,hotspot_slack_c,hotspot_penalty_yuan,bess_degradation_cost_yuan,power_balance_residual_kw,heat_balance_residual_kw
2025-01-15 00:00:00+00:00,0,71.0,2808.3800211662774,1012.5557161390172,1784.1409156779798,11.683389349279441,1012.5557161390172,339.86473799904365,672.6909781399736,1804.0135693312595,855.0632059127544,157.49251022626288,1629.4004659021589,154.74044977582093,11.683389349279441,0.0,1243.7282995094608,388.66509359670647,1641.0838552514383,2188.1118070019174,547.0279517504794,157.49251022626288,52.49750340875429,364.73046341083807,5.470956951162571,52.093656866073985,3.0948089955164186,232.78814091236842,1281.6381124810614,4090.0181336473383,3093.4074654143697,3093.40746541437,0.0,338.43264109700885,0.0,860.9120413947226,0.0,0.0,669.5977673689963,23.830531594718344,0.0,0.0,0.0,-4.547473508864641e-13,0.0
2025-01-15 01:00:00+00:00,0,71.0,2850.3519168317885,1027.6982893677725,1810.7809154391143,11.872712024898915,1027.6982893677728,344.89901861031467,682.799270757458,1804.0135693312595,867.8293369702748,159.86895239749776,1629.2111432265397,181.56977221257466,11.872712024898915,0.0,1262.2972174113088,394.46788044103397,1641.0838552514385,2188.111807001918,547.0279517504795,159.86895239749776,53.28965079916592,394.7283754092383,5.920925631138575,52.626456861296674,3.6313954442514933,236.2652272874007,1293.2294882147667,7491.570241891536,3109.24803358969,3109.24803358969,0.0,341.16099082353685,0.0,1183.2931585942931,3347.9888368449815,0.0,3845.7788589433967,23.82805813150014,0.0,0.0,0.0,0.0,0.0
2025-01-15 02:00:00+00:00,0,71.0,2878.6567769324,1036.0653638909491,1830.6200939740568,11.971319067393829,1036.0653638909491,347.1524268568058,688.9129370341434,1804.0135693312595,876.5314114422308,159.5339524487183,1629.112536184045,201.5075577900118,11.971319067393829,0.0,1274.9547802796085,398.4233688373776,1641.0838552514388,2188.1118070019184,547.0279517504796,159.5339524487183,53.17798414957277,414.2194943883029,6.213292415824544,53.02324043199552,4.030151155800236,238.1643132355616,1300.0603019766118,4178.717078909012,3126.3087354318404,3126.30873543184,4.547473508864641e-13,336.75785184968663,0.0,1500.8465315343067,0.0,0.0,3845.7788589433967,23.829997149574698,0.0,0.0,0.0,4.547473508864641e-13,0.0
2025-01-15 03:00:00+00:00,0,71.0,2848.0398182076824,1025.643917934299,1810.4229777064074,11.972922566976084,1025.6439179342992,342.86309343619473,682.7808244981044,1804.0135693312595,867.3454862224432,158.29843171185576,1629.1109326844626,181.31204502194487,11.972922566976084,0.0,1261.593434505372,394.24794828292875,1641.0838552514388,2188.1118070019184,547.0279517504796,158.29843171185576,52.76614390395192,392.3766206377526,5.885649309566288,52.61929810664253,3.6262409004388974,235.71502380884365,1291.8882560628515,6438.483400224487,3153.1453945375406,3153.14539453754,4.547473508864641e-13,296.55984696974974,0.0,1779.5766930925004,2298.555325953953,0.0,6026.379906320966,23.832376796431575,0.0,0.0,0.0,0.0,0.0
2025-01-15 04:00:00+00:00,0,71.0,2876.2462463172383,1036.1947306618836,1827.926473044413,12.125042610942447,1036.1947306618836,347.04424413853553,689.150486523348,1804.0135693312595,875.7212342394716,160.47349642241193,1628.9588126404958,198.96766040391708,12.125042610942447,0.0,1273.7763407119587,398.05510647248707,1641.0838552514383,2188.1118070019174,547.0279517504794,160.47349642241193,53.49116547413731,412.93232230046635,6.193984834506995,52.969368013402644,3.979353208078342,238.17131070703115,1299.8882404601227,4176.134486777361,4724.986163338479,4724.98616333848,0.0,0.0,1263.0980156246028,446.44068115410187,0.0,0.0,6026.379906320966,23.828758183212585,0.0,0.0,0.0,4.547473508864641e-13,0.0
2025-01-15 05:00:00+00:00,0,71.0,2860.627209702743,1030.2178053408811,1818.5564240549597,11.852980306901223,1030.2178053408811,344.9065769621557,685.3112283787254,1804.0135693312595,870.9311274100991,159.28667793078205,1629.2308749445374,189.32554911042234,11.852980306901223,0.0,1266.8089125965078,395.87778518640863,1641.0838552514385,2188.111807001918,547.0279517504795,159.28667793078205,53.09555931026068,401.7077863514651,6.025616795271976,52.78196703361358,3.786510982208447,236.7874809843711,1295.382872042614,4156.010081745357,3878.1911294006295,6506.07545272263,0.0,0.0,423.270409802204,0.0,0.0,0.0,6026.379906320966,23.829660661701354,0.0,0.0,0.0,-4.547473508864641e-13,0.0
2025-01-15 06:00:00+00:00,0,71.0,2891.20752532406,1041.5289812343933,1837.7253606948468,11.953183394820083,1041.5289812343933,347.9016960488314,693.6272851855618,1804.0135693312595,880.3065777618967,161.22240347249658,1629.1306718566186,208.5946888382282,11.953183394820083,0.0,1280.4459312900317,400.1393535281349,1641.0838552514388,2188.1118070019184,547.0279517504796,161.22240347249658,53.74080115749886,423.5578934682236,6.353368402023354,53.16534576641132,4.171893776764564,239.33123623001572,1303.9299506113284,4195.1374759353885,3468.55773829195,6069.99645352609,0.0,0.0,0.0,0.0,0.0,0.0,6026.379906320966,23.827855266482796,0.0,0.0,0.0,0.0,0.0
2025-01-15 07:00:00+00:00,0,71.0,2991.1255254053904,1071.9897783663253,1907.0997167280489,12.03603031101616,1071.9897783663253,361.1653091989854,710.8244691673398,1804.0135693312595,910.2566376395417,161.73314072678352,1629.047824940422,278.0518917876268,12.03603031101616,0.0,1324.0096547484243,413.75301710888255,1641.0838552514383,2188.1118070019174,547.0279517504794,161.73314072678352,53.91104690892784,493.6960794233381,7.4054411913500715,54.55283288707536,5.561037835752536,246.5598204425296,1328.7711481249974,4319.896673530387,3512.121461750342,4844.12799534811,0.0,0.0,0.0,0.0,0.0,0.0,6026.379906320966,23.827026238240332,0.0,0.0,0.0,-1.1368683772161603e-12,0.0
2025-01-15 08:00:00+00:00,0,71.0,2944.9752679612047,1053.8505069463351,1879.387449503326,11.73731151154486,1053.850506946335,356.0283518981911,697.8221550481439,1804.0135693312595,896.0534527264684,157.7970542198667,1629.3465437398936,250.04090576343242,11.73731151154486,0.0,1303.350476693045,407.29702396657655,1641.0838552514385,2188.111807001918,547.0279517504795,157.7970542198667,52.5990180732889,460.43697805658803,6.90655467084882,53.99858754258091,5.000818115268649,242.45841895686667,1315.28837307591,4260.263641037113,3491.462283694963,4309.37483658353,0.0,0.0,0.0,0.0,0.0,0.0,6026.379906320966,23.8308816556423,0.0,0.0,0.0,-1.3642420526593924e-12,0.0
2025-01-15 09:00:00+00:00,0,71.0,2856.3171736067093,1024.6400489032005,1820.1322217234158,11.544902980092363,1024.6400489032007,347.41817410187525,677.2218748013254,1804.0135693312595,868.9397343036856,155.70031459951497,1629.5389522713458,190.59326945207,11.544902980092363,0.0,1263.9123408053608,394.9726065016752,1641.083855251438,2188.1118070019174,547.0279517504794,155.70031459951497,51.90010486650499,398.19368891808995,5.972905333771349,52.81348298698269,3.8118653890414,235.8065171272384,1292.3054339556934,4148.622607562402,1836.2471287295198,1836.24712872952,0.0,1615.7770190777587,0.0,1534.9881681238708,0.0,0.0,6026.379906320967,23.831099412358405,0.0,0.0,0.0,-9.094947017729282e-13,0.0
2025-01-15 10:00:00+00:00,0,71.0,2920.5415446704137,1045.3594352786863,1863.5182570114523,11.663852380273001,1045.3594352786863,354.0995925336315,691.2598427450548,1804.0135693312595,887.957662338246,157.4017729404403,3.0230363666884263e-13,1863.518257011452,11.663852380273001,0.0,1291.5747815829034,403.61711924465726,11.663852380273303,15.551803173697737,3.887950793424434,157.4017729404403,52.46725764681344,2073.387287598706,31.100809313980587,37.38700366403178,37.27036514022904,240.5278378830516,806.258343686188,1992.8989786825414,0.0,0.0,0.0,1307.126584756601,0.0,2773.688447306394,0.0,1733.90090967406,4198.68786911833,23.82795860446571,0.0,0.0,0.0,-2.2737367544323206e-13,0.0
2025-01-15 11:00:00+00:00,0,71.0,2884.3580135951543,1031.7469849894376,1841.011554359982,11.599474245734365,1031.7469849894376,348.7742771799189,682.9727078095186,1804.0135693312595,877.0014021588264,154.74558283061117,0.0,1841.011554359982,11.599474245734365,0.0,1275.6384031401112,398.63700098128476,11.599474245734365,15.465965660979153,3.8664914152447882,154.74558283061117,51.58186094353706,2047.3389981341302,30.710084972011952,36.93622582965699,36.820231087199645,237.34933843705056,795.9012336659857,332.2704104161587,-4.547473508864641e-13,0.0,0.0,1291.104368801091,0.0,3994.690220772818,0.0,3347.9888368449815,669.5977673689963,23.831546094263654,0.0,0.0,0.0,4.547473508864641e-13,0.0
2025-01-15 12:00:00+00:00,0,71.0,2853.4237402053895,1019.7249260335036,1822.3561140484126,11.342700123475195,1019.7249260335036,344.9042081752792,674.8207178582244,1804.0135693312595,867.4152688919355,152.3096571415681,0.0,1822.3561140484126,11.342700123475195,0.0,1261.694936570088,394.27966767815246,11.342700123475195,15.123600164633594,3.7809000411583984,152.3096571415681,50.769885713856034,2025.4356569038366,30.381534853557547,36.560549282203006,36.44712228096825,234.59159742554058,786.8112572754364,3640.234997480826,2.2737367544323206e-13,0.0,2.2737367544323206e-13,1276.8185367347214,0.0,5199.6784502292585,0.0,0.0,669.5977673689963,23.83358932712356,0.0,0.0,0.0,2.2737367544323206e-13,0.0
2025-01-15 13:00:00+00:00,0,71.0,2959.8028347531276,1057.664925547991,1889.9630862060285,12.17482299910868,1057.664925547991,357.5025247160646,700.1624008319264,1804.0135693312595,899.9739654548874,157.69096009310363,1628.9090322523298,261.0540539536987,12.17482299910868,0.0,1309.0530406616544,409.079075206767,1641.0838552514385,2188.111807001918,547.0279517504795,157.69096009310363,52.56365336436787,471.3086674111702,7.069630011167552,54.210100276634954,5.221081079073975,243.3170821590369,1318.4885738475277,6576.84673455461,-4.547473508864641e-13,0.0,0.0,3497.164847663573,0.0,8511.585698609195,2298.555325953954,0.0,2850.1988147465668,23.82971390533385,0.0,0.0,0.0,4.547473508864641e-13,0.0
2025-01-15 14:00:00+00:00,0,71.0,2688.7827231125098,964.0437070629511,1713.8486458308648,10.890370218693764,964.0437070629511,325.5511344494156,638.4925726135355,1804.0135693312595,816.6151796840179,147.42852737893315,1630.1934850327443,83.6551607981205,10.890370218693764,0.0,1187.803897722208,371.18871803818996,1641.083855251438,2188.1118070019174,547.0279517504794,147.42852737893315,49.142842459644385,280.22653063669804,4.203397959550471,50.687811469131674,1.6731032159624102,221.67369999736525,1245.5975248903237,3934.3802480028326,1787.2888565515395,1787.28885655154,0.0,1588.6268481725856,0.0,10003.758032975933,0.0,0.0,2850.1988147465668,23.834461481066786,0.0,0.0,0.0,-9.094947017729282e-13,0.0
2025-01-15 15:00:00+00:00,0,71.0,2904.154167839462,1038.0398946377138,1854.1914877478196,11.92278545392921,1038.039894637714,349.0487909997403,688.9911036379737,1804.0135693312595,883.1413507377688,154.89854389994503,1629.1610697975093,225.03041795031027,11.92278545392921,0.0,1284.5692374367547,401.42788669898584,1641.0838552514385,2188.111807001918,547.0279517504795,154.89854389994503,51.63284796664834,431.56180981690363,6.473427147253554,53.494668307470775,4.500608359006206,238.67195585432154,1303.2293460841659,7555.372350768608,1876.3107199022002,1876.3107199022,2.2737367544323206e-13,1596.3703245364727,0.0,11500.302325219629,3347.9888368449806,0.0,6026.379906320966,23.83322798055075,0.0,0.0,0.0,-4.547473508864641e-13,0.0
2025-01-15 16:00:00+00:00,0,71.0,2899.9406730654787,1036.2607699631137,1851.5410368300663,12.138866272298651,1036.2607699631137,348.13671111887487,688.1240588442389,1804.0135693312595,881.9619240668434,154.29884589627034,1628.94498897914,222.59604785092642,12.138866272298651,0.0,1282.8537077335905,400.891783666747,1641.0838552514385,2188.111807001918,547.0279517504795,154.29884589627034,51.43294863209011,428.32784237928684,6.424917635689302,53.44165928911571,4.451920957018529,238.24768663511512,1301.9188685662552,4201.859541631734,2862.6287171007702,2862.62871710077,4.547473508864641e-13,608.3367976347381,0.0,12055.221678322192,0.0,0.0,6026.379906320966,23.8350237068107,0.0,0.0,0.0,0.0,0.0
2025-01-15 17:00:00+00:00,0,71.0,2892.0617509044387,1034.0954376482532,1845.7512229058082,12.215090350375407,1034.0954376482532,347.3030412519221,686.792396396331,1804.0135693312595,879.6632944360017,154.4321432122515,1628.868764901063,216.8824580047451,12.215090350375407,0.0,1279.5102464523661,399.8469520163644,1641.0838552514385,2188.111807001918,547.0279517504795,154.4321432122515,51.4773810707505,422.79198228774715,6.3418797343162066,53.32586301063055,4.3376491600949025,237.74478220231777,1300.102458944954,4192.164209849391,4231.51293068912,4231.51293068912,0.0,0.0,763.8908772348364,11227.01557471835,0.0,0.0,6026.379906320967,23.835337640711508,0.0,0.0,0.0,-1.3642420526593924e-12,0.0
2025-01-15 18:00:00+00:00,0,71.0,2844.1633228233004,1017.0743822573959,1815.146753171819,11.942187394086183,1017.0743822573959,341.71709806816335,675.3572841892325,1804.0135693312595,865.3533263124872,151.7210559449087,9.301650359041311e-14,1815.146753171819,11.942187394086183,0.0,1258.6957473636178,393.34242105113054,11.942187394086275,15.922916525448366,3.9807291313620916,151.7210559449087,50.573685314969566,2017.4414944316973,30.261622416475458,36.422356937377245,36.30293506343638,233.85863042891467,784.742380343666,280.91686632198554,4022.6230988489606,4022.62309884896,4.547473508864641e-13,0.0,2748.0044349598943,8311.925296242709,0.0,3347.9888368449815,2497.289804571633,23.839248384865794,0.0,0.0,0.0,7.958078640513122e-13,0.0
2025-01-15 19:00:00+00:00,0,71.0,2852.84069226675,1020.2670106860813,1819.9536483239121,12.620033256756415,1020.2670106860814,342.11500686774133,678.1520038183401,1804.0135693312595,868.6907603901365,151.57625029594487,0.0,1819.9536483239121,12.620033256756415,0.0,1263.5501969311076,394.8594365409711,12.620033256756415,16.82671100900855,4.206677752252138,151.57625029594487,50.52541676531496,2022.055315385172,30.33082973077758,36.52527329904581,36.39907296647824,234.58859857883837,787.4353056336782,1906.375088226369,3676.17580245473,3676.17580245473,0.0,0.0,2395.7988945146135,5773.407872476947,0.0,1733.9009096740594,669.5977673689963,23.84385103824942,0.0,0.0,0.0,3.410605131648481e-13,0.0
2025-01-15 20:00:00+00:00,0,71.0,2910.839210415089,1043.3898467856013,1854.2448401612037,13.204523468284739,1043.3898467856013,350.147854801119,693.2419919844823,1804.0135693312595,886.5721679577815,156.8176788278198,0.0,1854.2448401612037,13.204523468284739,0.0,1289.5595170295005,402.9873490717189,13.204523468284739,17.606031291046317,4.401507822761579,156.8176788278198,52.272559609273266,2063.3350785982966,30.950026178974447,37.216942037906925,37.084896803224076,239.92651692266736,804.8397984465265,3715.679008861616,6220.61240335217,6220.61240335217,0.0,0.0,4913.446855031623,589.8117356460743,0.0,0.0,669.5977673689963,23.83879587830949,0.0,0.0,0.0,3.410605131648481e-13,0.0
2025-01-15 21:00:00+00:00,0,71.0,2858.059779910936,1027.848299855947,1817.1671861879056,13.044293867082358,1027.848299855947,345.30842491142715,682.5398749445199,1804.0135693312595,870.5151658003415,157.33313405560557,1628.0395613843564,189.12762480354922,13.044293867082358,0.0,1266.2038775277695,395.6887117274279,1641.0838552514388,2188.1118070019184,547.0279517504796,157.33313405560557,52.44437801853519,398.90513687769,5.98357705316535,52.7541822762725,3.7825524960709846,236.3627206080946,1294.0440739300461,4152.103853840982,4013.5161910957313,6197.3650342826,0.0,0.0,559.200506566043,0.0,0.0,0.0,669.5977673689963,23.836532710175778,0.0,0.0,0.0,0.0,0.0
2025-01-15 22:00:00+00:00,0,71.0,2908.4096275591255,1046.309013276876,1848.9952897407854,13.105324541463547,1046.309013276876,351.4763933859783,694.8326198908976,1804.0135693312595,885.9461595580107,160.36285371886527,1627.978530709975,221.01675903081036,13.105324541463547,0.0,1288.6489593571064,402.7027997990957,1641.0838552514385,2188.111807001918,547.0279517504795,160.36285371886527,53.45428457295509,434.8338973226307,6.522508459839461,53.39074434733009,4.420335180616207,240.61024723730574,1308.1288713476217,4216.538498906748,3476.7607663590243,5290.28648466948,0.0,0.0,0.0,0.0,0.0,0.0,669.5977673689963,23.833404617967556,0.0,0.0,0.0,6.821210263296962e-13,0.0
2025-01-15 23:00:00+00:00,0,71.0,2895.535406614037,1042.1502790396355,1840.4292916918298,12.955835882573266,1042.1502790396355,349.07678361481356,693.073495424822,1804.0135693312595,882.2634228211948,159.8868562184407,1628.1280193688651,212.30127232296468,12.955835882573266,0.0,1283.2922513762835,401.0288285550886,1641.0838552514383,2188.1118070019174,547.0279517504794,159.8868562184407,53.29561873948023,425.4837472808856,6.382256209213284,53.21942438635098,4.246025446459294,239.5932850085797,1304.7933900956514,4200.3287967096885,2902.4756411726694,2902.47564117267,0.0,568.9284172055313,0.0,540.4819963452547,0.0,0.0,669.5977673689963,23.83490548503911,0.0,0.0,0.0,0.0,0.0
2025-03-21 00:00:00+00:00,1,14.0,4576.190816440603,1642.1928098370947,2915.4033567713464,18.594649832160385,1642.1928098370947,552.1451832231915,1090.0476266139033,1804.0135693312595,0.0,1642.1928098370947,0.0,2915.4033567713464,18.594649832160385,0.0,0.0,0.0,18.594649832160385,24.792866442880513,6.198216610720128,1642.1928098370947,547.3976032790316,5104.993769887473,76.57490654831209,58.49401363374854,58.30806713542693,377.5440716099766,1124.516878817216,5700.707695257819,4.725109192804666e-13,0.0,4.725109192804666e-13,24.79286644288004,0.0,8524.204273492554,0.0,0.0,3845.7788589433967,23.72488450489862,0.0,0.0,0.0,0.0,0.0
2025-03-21 01:00:00+00:00,1,14.0,3752.032514841168,1347.1254044102645,2389.558841037872,15.34826939303126,1347.1254044102645,452.3318786886592,894.7935257216054,1804.0135693312595,0.0,1347.1254044102645,0.0,2389.558841037872,15.34826939303126,0.0,0.0,0.0,15.34826939303126,20.464359190708343,5.116089797677086,1347.1254044102645,449.04180147008816,4185.726046918225,62.78589070377337,47.94465951468775,47.791176820757435,309.6735591726724,922.3531774796561,4674.385692320824,4.334310688136611e-13,0.0,4.334310688136611e-13,20.46435919070791,0.0,8526.597006176744,0.0,0.0,3845.7788589433967,23.774891827832306,0.0,0.0,0.0,0.0,0.0
2025-03-21 02:00:00+00:00,1,14.0,4490.833738574025,1610.7323478574906,2862.027528777132,18.073861939399357,1610.7323478574906,541.5999498686901,1069.1323979888004,1804.0135693312595,0.0,1610.7323478574906,0.0,2862.027528777132,18.073861939399357,0.0,0.0,0.0,18.073861939399357,24.09848258586581,6.0246206464664525,1610.7323478574906,536.9107826191636,5009.670659253787,75.1450598888068,57.421289194936634,57.24055057554264,370.3225469849534,1103.0648499098697,7892.453914437847,8.242295734817162e-13,0.0,8.242295734817162e-13,24.098482585864986,0.0,8532.437370620963,2298.555325953953,0.0,6026.379906320966,23.731430517110848,0.0,0.0,0.0,-9.094947017729282e-13,0.0
2025-03-21 03:00:00+00:00,1,14.0,3516.3896015150417,1260.739495822,2241.4218995470524,14.228206145988347,1260.7394958219998,424.3463098086356,836.3931860133642,1804.0135693312595,3.0531133177191805e-13,1260.7394958219998,0.0,2241.4218995470524,14.228206145988347,0.0,4.440892098500626e-13,1.3877787807814457e-13,14.228206145988347,18.97094152798446,4.742735381996115,1260.7394958219998,420.24649860733325,3922.4078939763854,58.83611840964578,44.97072005240093,44.82843799094105,289.89158678892517,863.5160972312424,4379.9056987462845,0.0,0.0,0.0,18.970941527984905,0.0,8533.394890331307,0.0,0.0,6026.379906320966,23.79069341783456,0.0,0.0,0.0,4.547473508864641e-13,0.0
2025-03-21 04:00:00+00:00,1,14.0,3028.9048086142343,1084.6598785789574,1931.9802666119203,12.26466342335858,1084.6598785789574,365.80361863372923,718.8562599452283,1804.0135693312595,0.0,1084.6598785789574,0.0,1931.9802666119203,12.26466342335858,0.0,0.0,0.0,12.26466342335858,16.352884564478106,4.088221141119527,1084.6598785789574,361.55329285965246,3378.19343805053,50.67290157075795,38.76225196647199,38.63960533223841,249.45308754745653,743.1693604176969,3772.074169031931,3.161915174132446e-13,0.0,3.161915174132446e-13,16.35288456447779,0.0,8531.8633408869,0.0,0.0,6026.379906320966,23.82082980789393,0.0,0.0,0.0,-2.2737367544323206e-13,0.0
2025-03-21 05:00:00+00:00,1,14.0,4635.98210501564,1659.3182492267026,2958.1064414425136,18.55741434642525,1659.3182492267028,559.6104182162775,1099.7078310104253,1804.0135693312595,0.0,1659.3182492267026,0.0,2958.1064414425136,18.55741434642525,0.0,0.0,0.0,18.55741434642525,24.743219128567,6.18580478214175,1659.3182492267026,553.1060830755675,5170.530773744784,77.55796160617176,59.34770297231452,59.16212882885027,381.6177574508857,1136.9774387159316,5772.959543731571,8.739675649849232e-13,0.0,8.739675649849232e-13,24.743219128566125,0.0,8538.305672377264,0.0,0.0,6026.379906320966,23.726431742580136,0.0,0.0,0.0,-2.2737367544323206e-13,0.0
2025-03-21 06:00:00+00:00,1,14.0,3635.065831251845,1301.5842372243103,2318.8401698214257,14.641424206110973,1301.58423722431,438.90707803277553,862.6771591915347,1804.0135693312595,0.0,1301.5842372243103,0.0,2318.8401698214257,14.641424206110973,0.0,0.0,0.0,14.641424206110973,19.521898941481297,4.880474735370324,1301.5842372243103,433.86141240810343,4054.2858194538394,60.81428729180759,46.523217638489626,46.376803396428514,299.3397663675071,891.7959618377066,4526.8617930895525,6.110667527536862e-13,0.0,6.110667527536862e-13,19.521898941480686,0.0,8539.774865026917,0.0,0.0,6026.379906320966,23.78505357226345,0.0,0.0,0.0,1.0231815394945443e-12,0.0
2025-03-21 07:00:00+00:00,1,14.0,2470.475698291082,885.1021172957786,1575.1737655564584,10.1998154388454,885.1021172957787,298.22279444892894,586.8793228468497,1804.0135693312595,2.6623148130511254e-13,885.1021172957784,0.0,1575.1737655564584,10.1998154388454,0.0,3.872457909892546e-13,1.2101430968414206e-13,10.1998154388454,13.599753918460532,3.399938479615133,885.1021172957784,295.0340390985928,2755.3099219508294,41.32964882926244,31.605473465517623,31.50347531112917,203.54377041302476,606.416345597142,3076.892043888224,0.0,0.0,0.0,13.59975391846092,0.0,8535.615081519401,0.0,0.0,6026.379906320966,23.854310944216063,0.0,0.0,0.0,0.0,0.0
2025-03-21 08:00:00+00:00,1,14.0,2446.126005063638,877.2839096463422,1558.839144094175,10.002951323120639,877.2839096463422,295.7840687041317,581.4998409422105,1804.0135693312595,0.0,877.2839096463422,0.0,1558.839144094175,10.002951323120639,0.0,0.0,0.0,10.002951323120639,13.337268430827518,3.3343171077068794,877.2839096463422,292.42796988211404,2728.551023622631,40.928265354339466,31.276812395114707,31.1767828818835,201.75050750677644,600.894655127935,3047.020660191573,5.648814749292796e-13,0.0,5.648814749292796e-13,13.337268430826953,0.0,8531.214256365649,0.0,0.0,6026.379906320966,23.85379164358565,0.0,0.0,0.0,0.0,0.0
2025-03-21 09:00:00+00:00,1,14.0,2455.700848684079,881.5687398109344,1564.049097249174,10.083011623970027,881.5687398109344,297.5170670296796,584.0516727812548,1804.0135693312595,0.0,881.5687398109344,0.0,1564.049097249174,10.083011623970027,0.0,0.0,0.0,10.083011623970027,13.444015498626701,3.3610038746566753,881.5687398109344,293.8562466036448,2739.4740836637534,41.0921112549563,31.381812061223183,31.280981944983484,202.75310851140117,603.7252642508656,3059.4261129349434,7.425171588693047e-13,0.0,7.425171588693047e-13,13.444015498625959,0.0,8526.923642576612,0.0,0.0,6026.379906320966,23.851787268314915,0.0,0.0,0.0,-1.3642420526593924e-12,0.0
2025-03-21 10:00:00+00:00,1,14.0,2562.0348076078476,918.4148974987345,1633.088354764991,10.531555344120891,918.4148974987345,310.96566688916124,607.4492306095732,1804.0135693312595,0.0,918.4148974987345,0.0,1633.088354764991,10.531555344120891,0.0,0.0,0.0,10.531555344120891,14.042073792161187,3.5105184480402967,918.4148974987345,306.13829916624485,2857.6415514299706,42.86462327144956,32.76708264874103,32.66176709529982,211.3533813744996,629.2956720042752,3191.330479612122,-1.3145040611561853e-13,0.0,0.0,14.042073792161318,0.0,8523.209765394013,0.0,0.0,6026.379906320967,23.850847678562108,0.0,0.0,0.0,-7.958078640513122e-13,0.0
2025-03-21 11:00:00+00:00,1,14.0,2488.264137829577,891.9057616778063,1586.0664800866311,10.291896065139353,891.9057616778064,301.0103847986954,590.8953768791109,1804.0135693312595,0.0,891.9057616778063,0.0,1586.0664800866311,10.291896065139353,0.0,0.0,0.0,10.291896065139353,13.72252808685247,3.4306320217131177,891.9057616778063,297.30192055926875,2775.274162323706,41.62911243485559,31.824248562384017,31.721329601732624,205.1710438376582,611.0782870176123,0.0,-8.739675649849232e-13,0.0,0.0,13.722528086853345,0.0,8519.199747545736,0.0,3099.3424248471892,2759.3861358855133,23.85463128202255,0.0,0.0,0.0,-1.1368683772161603e-13,0.0
2025-03-21 12:00:00+00:00,1,14.0,2638.836141428213,944.4259235598128,1683.3575400698394,11.052677798559076,944.4259235598128,319.8099790771038,624.615944482709,1804.0135693312595,4.2975623060215185e-12,944.4259235598084,0.0,1683.3575400698394,11.052677798559076,0.0,6.250999717849481e-12,1.953437411827963e-12,11.052677798559076,14.7369037314121,3.684225932853025,944.4259235598084,314.8086411866028,2942.592104816251,44.13888157224376,33.77767757938238,33.66715080139679,217.22409411197242,647.3006711844532,1303.5894909408148,0.0,0.0,0.0,14.736903731418352,0.0,8516.161406595493,0.0,1982.5473216718517,669.5977673689963,23.8391684770021,0.0,0.0,0.0,0.0,0.0
2025-03-21 13:00:00+00:00,1,14.0,2567.667681468264,921.4268766598094,1635.3370491161654,10.903755692289735,921.4268766598095,311.52370435370045,609.903172306109,1804.0135693312595,0.0,921.4268766598094,0.0,1635.3370491161654,10.903755692289735,0.0,0.0,0.0,10.903755692289735,14.53834092305298,3.634585230763245,921.4268766598094,307.14229221993645,2863.906217995911,42.95859326993866,32.81577853924621,32.70674098232331,211.97572502702587,631.2337152692337,3198.901396737498,-1.4406253967536031e-12,0.0,0.0,14.53834092305442,0.0,8512.940507659203,0.0,0.0,669.5977673689963,23.847235117160462,0.0,0.0,0.0,2.2737367544323206e-13,0.0
2025-03-21 14:00:00+00:00,1,14.0,2514.518970629087,903.575425997073,1600.3009966797435,10.642547952270641,903.5754259970731,304.4948994694077,599.0805265276654,1804.0135693312595,0.0,903.575425997073,0.0,1600.3009966797435,10.642547952270641,0.0,0.0,0.0,10.642547952270641,14.190063936360854,3.5475159840902135,903.575425997073,301.191808665691,2805.0682313425077,42.07602347013761,32.11244541311758,32.00601993359487,207.80942029248044,618.7432337591117,6481.25104123318,-3.304023721284466e-13,0.0,0.0,14.190063936361184,0.0,8509.395187383428,3347.9888368449815,0.0,3845.7788589433967,23.85010408413561,0.0,0.0,0.0,0.0,0.0
2025-03-21 15:00:00+00:00,1,14.0,2476.830108709238,890.170057450826,1576.2627400617916,10.397311196622779,890.1700574508261,300.0176632888396,590.1523941619864,1804.0135693312595,0.0,890.170057450826,0.0,1576.2627400617916,10.397311196622779,0.0,0.0,0.0,10.397311196622779,13.863081595497038,3.4657703988742594,890.170057450826,296.72335248360866,2763.1561499962263,41.4473422499434,31.62922791320206,31.525254801235835,204.74391965734048,609.5348675042047,3086.364976213443,4.1389114358025836e-13,0.0,4.1389114358025836e-13,13.863081595496624,0.0,8505.546324524385,0.0,0.0,3845.7788589433967,23.85353110008998,0.0,0.0,0.0,-1.1368683772161603e-13,0.0
2025-03-21 16:00:00+00:00,1,14.0,2427.784647119749,870.3222267309988,1547.3413408965732,10.12107949217772,870.3222267309989,293.2795629609373,577.0426637700615,1804.0135693312595,0.0,870.3222267309988,0.0,1547.3413408965732,10.12107949217772,0.0,0.0,0.0,10.12107949217772,13.494772656236961,3.3736931640592402,870.3222267309988,290.10740891033294,2707.770976537905,40.616564648068575,31.048037612853243,30.946826817931466,200.1719211751197,596.2644523283652,5322.604425402069,1.4210854715202004e-13,0.0,1.4210854715202004e-13,13.494772656236819,0.0,8501.355265898761,2298.555325953954,0.0,6026.379906320967,23.85842051272609,0.0,0.0,0.0,9.094947017729282e-13,0.0
2025-03-21 17:00:00+00:00,1,14.0,2607.7242161239196,932.444836168766,1664.2918185568483,10.987561398306005,932.444836168766,314.675770559079,617.769065609687,1804.0135693312595,0.0,932.444836168766,0.0,1664.2918185568483,10.987561398306005,0.0,0.0,0.0,10.987561398306005,14.650081864408005,3.662520466102001,932.444836168766,310.8149453895887,2907.5516001152027,43.61327400172804,33.39571198512002,33.285836371136966,214.50552757269253,639.2778157863683,0.0,8.206768598029157e-13,0.0,8.206768598029157e-13,14.650081864407184,0.0,8498.270133138152,0.0,3247.002031910288,2603.739243643887,23.851922436909927,0.0,0.0,0.0,3.410605131648481e-13,0.0
2025-03-21 18:00:00+00:00,1,14.0,3405.2650082195255,1220.1486838074763,2170.462476833175,14.653847578873297,1220.1486838074763,410.9477900929082,809.2008937145682,1804.0135693312595,0.0,1220.1486838074763,0.0,2170.462476833175,14.653847578873297,0.0,0.0,0.0,14.653847578873297,19.53846343849773,4.884615859624432,1220.1486838074763,406.71622793582543,3797.3273885764766,56.959910828647146,43.55578801245223,43.4092495366635,280.66408761260817,836.189879785821,4241.454888005346,-1.3642420526593924e-12,0.0,0.0,19.538463438499093,0.0,8499.835133138451,0.0,0.0,2603.739243643887,23.807251470540166,0.0,0.0,0.0,-2.2737367544323206e-13,0.0
2025-03-21 19:00:00+00:00,1,14.0,3403.97539606335,1222.5461534204787,2166.389672898587,15.039569744285169,1222.5461534204787,412.2190348635089,810.3271185569698,1804.0135693312595,0.0,1222.5461534204787,0.0,2166.389672898587,15.039569744285169,0.0,0.0,0.0,15.039569744285169,20.05275965904689,5.013189914761723,1222.5461534204787,407.51538447349293,3796.4512107925584,56.94676816188837,43.47818915541459,43.32779345797174,281.22820839004197,837.5095335535714,4241.484929616921,-4.050093593832571e-13,0.0,0.0,20.052759659047297,0.0,8501.88558454827,0.0,0.0,2603.739243643887,23.802919069371264,0.0,0.0,0.0,-2.2737367544323206e-13,0.0
2025-03-21 20:00:00+00:00,1,14.0,2965.7143758801526,1067.7730155914878,1884.3737927249574,13.567567563707328,1067.7730155914878,357.5874723496069,710.1855432418809,1804.0135693312595,0.0,1067.7730155914878,0.0,1884.3737927249574,13.567567563707328,0.0,0.0,0.0,13.567567563707328,18.090090084943103,4.522522521235776,1067.7730155914878,355.92433853049596,3308.0711468469412,49.62106720270412,37.82315153013622,37.68747585449915,245.47858988227742,731.0571455213486,3696.7715214015006,2.4513724383723456e-13,0.0,2.4513724383723456e-13,18.090090084942858,0.0,8502.06739895987,0.0,0.0,2603.739243643887,23.829600093745047,0.0,0.0,0.0,-5.684341886080801e-13,0.0
2025-03-21 21:00:00+00:00,1,14.0,4367.399333036642,1573.0559319887172,2774.5120279371563,19.83137311076956,1573.0559319887175,527.8267316768082,1045.2292003119092,1804.0135693312595,5.3734794391857577e-14,1573.0559319887172,0.0,2774.5120279371563,19.83137311076956,0.0,7.815970093361102e-14,2.4424906541753444e-14,19.83137311076956,26.441830814359413,6.610457703589853,1573.0559319887172,524.3519773295724,4871.919937255446,73.07879905883168,55.68855428985082,55.490240558743125,361.6532136381379,1076.8732425787257,3609.3848610066134,0.0,0.0,0.0,26.44183081435949,0.0,8510.183003435593,0.0,1834.887714608753,669.5977673689963,23.742604836989667,0.0,0.0,0.0,-9.094947017729282e-13,0.0
2025-03-21 22:00:00+00:00,1,14.0,4044.7511990677795,1456.524269573121,2570.071266131056,18.155663363603793,1456.524269573121,490.2307684192179,966.2935011539032,1804.0135693312595,3.3950620093037287e-13,1456.5242695731208,0.0,2570.071266131056,18.155663363603793,0.0,4.938272013532696e-13,1.5432100042289676e-13,18.155663363603793,24.207551151471723,6.051887787867931,1456.5242695731208,485.5080898577069,4512.103625561884,67.68155438342825,51.58298195625715,51.401425322621115,334.9417808329201,997.1677201408015,5041.9189192085805,0.0,0.0,0.0,24.207551151472217,0.0,8516.15981102262,0.0,0.0,669.5977673689963,23.75883580037098,0.0,0.0,0.0,-4.547473508864641e-13,0.0
2025-03-21 23:00:00+00:00,1,14.0,3180.2473885094764,1142.571363695749,2023.0242365366114,14.651788277113896,1142.571363695749,384.23884960961914,758.3325140861299,1804.0135693312595,0.0,1142.571363695749,0.0,2023.0242365366114,14.651788277113896,0.0,0.0,0.0,14.651788277113896,19.535717702818527,4.883929425704632,1142.571363695749,380.8571212319163,3546.4527214642767,53.19679082196415,40.60700261350336,40.460484730732226,262.77111909733685,782.7764479211576,7311.012673275614,3.801403636316536e-13,0.0,3.801403636316536e-13,19.535717702818147,0.0,8517.686423218254,3347.9888368449815,0.0,3845.7788589433967,23.818270933206268,0.0,0.0,0.0,-1.3642420526593924e-12,0.0
2025-03-23 00:00:00+00:00,2,1.0,3047.0827957348697,1092.9846055884395,1940.8678099212113,13.230380225218022,1092.9846055884395,367.7179783840017,725.2666272044379,1804.0135693312595,0.0,1092.9846055884395,0.0,1940.8678099212113,13.230380225218022,0.0,0.0,0.0,13.230380225218022,17.64050696695736,4.41012674173934,1092.9846055884395,364.32820186281316,3398.180617372464,50.97270926058696,38.94966000067641,38.81735619842423,251.35365241386006,748.8317064781002,3795.9145022129696,-7.673861546209082e-13,0.0,0.0,17.640506966958128,0.0,10070.468448035504,0.0,0.0,669.5977673689963,23.824084871768857,0.0,0.0,0.0,-2.2737367544323206e-13,0.0
2025-03-23 01:00:00+00:00,2,1.0,3689.539622469024,1323.7070330363133,2350.0756634862364,15.756925946473464,1323.7070330363135,445.8416710902638,877.8653619460497,1804.0135693312595,0.0,1323.7070330363133,0.0,2350.0756634862364,15.756925946473464,0.0,0.0,0.0,15.756925946473464,21.00923459529795,5.252308648824488,1323.7070330363133,441.2356776787711,4115.0183742013205,61.725275613019804,47.15908252918947,47.00151326972473,304.42229053277504,906.7961482723045,4596.335770741328,-8.881784197001252e-14,0.0,0.0,21.00923459529804,0.0,10070.286284004967,0.0,0.0,669.5977673689963,23.78363776768605,0.0,0.0,0.0,-5.684341886080801e-13,0.0
2025-03-23 02:00:00+00:00,2,1.0,4766.883972927061,1709.5378653437504,3036.81744872498,20.528658858334868,1709.5378653437506,575.9005148065422,1133.6373505372082,1804.0135693312595,0.0,1709.5378653437504,0.0,3036.81744872498,20.528658858334868,0.0,0.0,0.0,20.528658858334868,27.37154514444649,6.842886286111622,1709.5378653437504,569.8459551145835,5316.201269183313,79.7430190377497,60.94163556308295,60.7363489744996,393.15133844007005,1171.2611834160975,8236.700482297112,5.719869022868806e-13,0.0,5.719869022868806e-13,27.371545144445918,0.0,10076.148679324182,2298.555325953954,0.0,2850.1988147465668,23.720664499667407,0.0,0.0,0.0,-4.547473508864641e-13,0.0
2025-03-23 03:00:00+00:00,2,1.0,5065.620620082867,1817.614964847273,3226.497680401707,21.50797483388552,1817.614964847273,612.0898278479601,1205.525136999313,1804.0135693312595,0.0,1817.614964847273,0.0,3226.497680401707,21.50797483388552,0.0,0.0,0.0,21.50797483388552,28.677299778514026,7.169324944628507,1817.614964847273,605.8716549490911,5649.984300198072,84.74976450297108,64.74503335637299,64.52995360803413,418.00719420299856,1245.0729255640963,6310.693545646964,2.5579538487363607e-13,0.0,2.5579538487363607e-13,28.67729977851377,0.0,10083.239816755124,0.0,0.0,2850.1988147465668,23.703069795626057,0.0,0.0,0.0,0.0,0.0
2025-03-23 04:00:00+00:00,2,1.0,4612.233252327111,1654.1910214486902,2938.4404583079845,19.60177257043727,1654.1910214486902,556.3481209079333,1097.8429005407568,1804.0135693312595,0.0,1654.1910214486902,0.0,2938.4404583079845,19.60177257043727,0.0,0.0,0.0,19.60177257043727,26.135696760583023,6.533924190145756,1654.1910214486902,551.3970071495634,5144.028486906238,77.16042730359356,58.964826891864064,58.76880916615969,380.3866210402393,1133.2116157415658,5745.4448680686755,5.186961971048731e-13,0.0,5.186961971048731e-13,26.135696760582505,0.0,10087.902249044168,0.0,0.0,2850.1988147465668,23.73189786320196,0.0,0.0,0.0,-9.094947017729282e-13,0.0
2025-03-23 05:00:00+00:00,2,1.0,4918.4003314097545,1764.413854508405,3133.1892528533895,20.7972240479588,1764.413854508405,594.0038522525781,1170.4100022558268,1804.0135693312595,0.0,1764.413854508405,0.0,3133.1892528533895,20.7972240479588,0.0,0.0,0.0,20.7972240479588,27.729632063945065,6.932408015986266,1764.413854508405,588.1379515028017,5485.741058864596,82.28611588296894,62.871757297547376,62.66378505706779,405.7580101254707,1208.6500278818428,9475.039196136577,-1.8118839761882555e-13,0.0,0.0,27.729632063945246,0.0,10094.069595006828,3347.9888368449806,0.0,6026.379906320966,23.71185810961189,0.0,0.0,0.0,-1.3642420526593924e-12,0.0
2025-03-23 06:00:00+00:00,2,1.0,4640.041575661417,1663.7654863023083,2956.536162063461,19.739927295645774,1663.7654863023085,559.6727282722904,1104.092758030018,1804.0135693312595,0.0,1663.7654863023083,0.0,2956.536162063461,19.739927295645774,0.0,0.0,0.0,19.739927295645774,26.31990306086103,6.5799757652152575,1663.7654863023083,554.5884954341028,5174.890143799872,77.62335215699808,59.328122514225676,59.130723241269216,382.5902025772381,1139.8408716890492,5779.882447350466,-1.4921397450962104e-13,0.0,0.0,26.31990306086118,0.0,10098.885363724634,0.0,0.0,6026.379906320966,23.7303158349969,0.0,0.0,0.0,-2.2737367544323206e-13,0.0
2025-03-23 07:00:00+00:00,2,1.0,4423.780537253034,1587.6127202857517,2817.1476446041443,19.020172363140393,1587.6127202857515,533.6361211343955,1053.9765991513561,1804.0135693312595,3.4927616354707425e-13,1587.6127202857513,0.0,2817.1476446041443,19.020172363140393,0.0,5.080380560684716e-13,1.5876189252139739e-13,19.020172363140393,25.360229817520523,6.340057454380131,1587.6127202857513,529.2042400952504,4933.964604985145,74.00946907477717,56.53315461571429,56.342952892082884,365.05112727452877,1087.4810014067336,5511.261538659768,0.0,0.0,0.0,25.36022981752103,0.0,10102.779811323831,0.0,0.0,6026.379906320966,23.74212185989095,0.0,0.0,0.0,6.821210263296962e-13,0.0
2025-03-23 08:00:00+00:00,2,1.0,2525.460535255602,905.929097863188,1608.4762613981472,11.055175994266943,905.929097863188,304.1740046154407,601.7550932477473,1804.0135693312595,0.0,905.929097863188,0.0,1608.4762613981472,11.055175994266943,0.0,0.0,0.0,11.055175994266943,14.74023465902259,3.6850586647556476,905.929097863188,301.976365954396,2816.3817252157314,42.24572587823597,32.28007698790561,32.16952522796294,208.29860264646666,620.6553553597229,3146.1158906153237,1.2789769243681803e-13,0.0,1.2789769243681803e-13,14.740234659022462,0.0,10096.577474627256,0.0,0.0,6026.379906320966,23.855094512510718,0.0,0.0,0.0,-1.0231815394945443e-12,0.0
2025-03-23 09:00:00+00:00,2,1.0,4083.5344389885936,1466.789443829348,2599.136128841523,17.608866317721283,1466.789443829348,493.56649237900746,973.2229514503407,1804.0135693312595,0.0,1466.789443829348,0.0,2599.136128841523,17.608866317721283,0.0,0.0,0.0,17.608866317721283,23.478488423628377,5.869622105907094,1466.789443829348,488.9298146097827,4554.855387280653,68.32283080920979,52.158811240007665,51.982722576830454,337.28622385190414,1004.5500251936419,5088.084464182236,-3.552713678800501e-13,0.0,0.0,23.478488423628733,0.0,10098.68888368045,0.0,0.0,6026.379906320966,23.758384618499274,0.0,0.0,0.0,4.547473508864641e-13,0.0
2025-03-23 10:00:00+00:00,2,1.0,2599.533019262855,934.5904252864498,1653.1063775157368,11.836216460669718,934.5904252864498,313.17570408200555,621.4147212044443,1804.0135693312595,0.0,934.5904252864498,0.0,1653.1063775157368,11.836216460669718,0.0,0.0,0.0,11.836216460669718,15.781621947559623,3.9454054868899058,934.5904252864498,311.5301417621499,2899.2269445643365,43.488404168465046,33.18048971492143,33.062127550314734,214.83092825619633,640.0374969389374,3239.5705162017916,6.625811010962934e-13,0.0,6.625811010962934e-13,15.78162194755896,0.0,10093.484046763271,0.0,0.0,6026.379906320967,23.848198084361417,0.0,0.0,0.0,-5.684341886080801e-13,0.0
2025-03-23 11:00:00+00:00,2,1.0,2678.3055703265177,962.9349211688615,1703.6078944253245,11.762754732331572,962.9349211688615,323.05769924029653,639.877221928565,1804.0135693312595,0.0,962.9349211688615,0.0,1703.6078944253245,11.762754732331572,0.0,0.0,0.0,11.762754732331572,15.683672976442097,3.920918244110524,962.9349211688615,320.9783070562872,2987.5211226504734,44.8128168397571,34.189785435829805,34.07215788850649,221.37270171481703,659.3466871793081,0.0,2.8421709430404007e-13,0.0,2.8421709430404007e-13,15.683672976441812,0.0,10088.196567997365,0.0,3337.6522575058248,2508.1855158805574,23.842604480852433,0.0,0.0,0.0,-1.0231815394945443e-12,0.0
2025-03-23 12:00:00+00:00,2,1.0,3707.387082912041,1331.053333770504,2360.4991594042267,15.83458973730901,1331.053333770504,446.7166878424488,884.3366459280552,1804.0135693312595,0.0,1331.053333770504,0.0,2360.4991594042267,15.83458973730901,0.0,0.0,0.0,15.83458973730901,21.112786316412013,5.278196579103003,1331.053333770504,443.68444459016797,4135.236937764898,62.028554066473475,47.368329085457624,47.209983188084536,305.9904837338713,911.5599912431579,2874.7095851419817,-2.7000623958883807e-12,0.0,0.0,21.112786316414713,0.0,10088.077321861965,0.0,1744.2374890132164,669.5977673689963,23.781472176709205,0.0,0.0,0.0,-1.2505552149377763e-12,0.0
2025-03-23 13:00:00+00:00,2,1.0,4774.338456629509,1713.28709839105,3040.747978448687,20.303379789769195,1713.2870983910502,575.4647390837218,1137.8223593073283,1804.0135693312595,2.6867397195928788e-14,1713.28709839105,0.0,3040.747978448687,20.303379789769195,0.0,3.907985046680551e-14,1.2212453270876722e-14,20.303379789769195,27.071173053025593,6.767793263256398,1713.28709839105,571.0956994636833,5325.13077630342,79.8769616445513,61.01799336687142,60.814959568973734,393.8833149496965,1173.4567222570329,9295.784015731522,0.0,0.0,0.0,27.071173053025632,0.0,10093.618781618616,3347.9888368449815,0.0,3845.7788589433967,23.718197098895658,0.0,0.0,0.0,-1.3642420526593924e-12,0.0
2025-03-23 14:00:00+00:00,2,1.0,2979.168721184503,1067.2279879907192,1899.1480500411856,12.792683152600194,1067.2279879907192,356.18844702267154,711.0395409680475,1804.0135693312595,0.0,1067.2279879907192,0.0,1899.1480500411856,12.792683152600194,0.0,0.0,0.0,12.792683152600194,17.056910870133592,4.264227717533398,1067.2279879907192,355.74266266357307,3322.118700695478,49.83178051043217,38.11088783234972,37.982961000823714,245.25122389655462,731.1837436212667,3710.352464805769,6.679101716144942e-13,0.0,6.679101716144942e-13,17.056910870132924,0.0,10089.635609382005,0.0,0.0,3845.7788589433967,23.832117464629206,0.0,0.0,0.0,-3.410605131648481e-13,0.0
2025-03-23 15:00:00+00:00,2,1.0,2661.2908495157944,952.5487601575359,1697.930560397909,10.811528960347003,952.548760157536,318.42373432697156,634.1250258305644,1804.0135693312595,0.0,952.5487601575359,0.0,1697.930560397909,10.811528960347003,0.0,0.0,0.0,10.811528960347003,14.415371947129337,3.6038429867823343,952.5487601575359,317.5162533858453,2967.99557394129,44.51993360911935,34.066726497561646,33.95861120795818,218.93173344403812,652.597101131305,5612.443276601051,6.039613253960852e-13,0.0,6.039613253960852e-13,14.415371947128733,0.0,10083.150941513015,2298.555325953953,0.0,6026.379906320966,23.849205199607123,0.0,0.0,0.0,-9.094947017729282e-13,0.0
2025-03-23 16:00:00+00:00,2,1.0,2571.9426533617698,920.5070376932713,1640.9562355482685,10.479380120228157,920.5070376932713,308.42442159805046,612.0826160952208,1804.0135693312595,0.0,920.5070376932713,0.0,1640.9562355482685,10.479380120228157,0.0,0.0,0.0,10.479380120228157,13.972506826970875,3.4931267067427187,920.5070376932713,306.8356792310904,2868.29895247263,43.02448428708945,32.92391851216765,32.81912471096537,211.60257420330694,630.6989076513626,3202.6415610131307,1.7763568394002505e-14,0.0,1.7763568394002505e-14,13.972506826970857,0.0,10076.258521115613,0.0,0.0,6026.379906320966,23.85291163667747,0.0,0.0,0.0,-1.5916157281026244e-12,0.0
2025-03-23 17:00:00+00:00,2,1.0,2694.2734470521896,963.500833590879,1719.9567811467336,10.81583231457752,963.5008335908791,324.1159168806241,639.384916710255,1804.0135693312595,0.0,963.500833590879,0.0,1719.9567811467336,10.81583231457752,0.0,0.0,0.0,10.81583231457752,14.421109752770025,3.6052774381925063,963.500833590879,321.166944530293,3004.6245592679056,45.069368389018585,34.507293946080445,34.39913562293467,221.54990028037838,660.2979202068975,3354.571367259087,4.725109192804666e-13,0.0,4.725109192804666e-13,14.421109752769553,0.0,10069.806058338514,0.0,0.0,6026.379906320966,23.84397208651548,0.0,0.0,0.0,-2.2737367544323206e-13,0.0
2025-03-23 18:00:00+00:00,2,1.0,4148.013061258572,1488.1286698869399,2643.0373049405407,16.847086431092134,1488.1286698869399,501.50086928628656,986.6278006006534,1804.0135693312595,3.566036355096003e-13,1488.1286698869394,0.0,2643.0373049405407,16.847086431092134,0.0,5.186961971048731e-13,1.6209256159527285e-13,16.847086431092134,22.462781908122842,5.615695477030711,1488.1286698869394,496.04288996231315,4627.208864789794,69.4081329718469,53.02921696312173,52.860746098810814,342.2114740869564,1019.1681555600799,5167.181216818652,0.0,0.0,0.0,22.46278190812336,0.0,10071.006089034556,0.0,0.0,6026.379906320967,23.75132022530127,0.0,0.0,0.0,0.0,0.0
2025-03-23 19:00:00+00:00,2,1.0,4286.388019597032,1536.7512875247835,2732.3216174776103,17.31511459463743,1536.7512875247835,517.4908214088161,1019.2604661159673,1804.0135693312595,0.0,1536.7512875247835,0.0,2732.3216174776103,17.31511459463743,0.0,0.0,0.0,17.31511459463743,23.08681945951657,5.771704864879142,1536.7512875247835,512.2504291749278,4781.323334177321,71.71985001265982,54.819583495498584,54.64643234955221,353.3716686395983,1052.5796685371158,3605.0667784600882,-2.7711166694643907e-13,0.0,0.0,23.086819459516846,0.0,10072.796555343028,0.0,1733.90090967406,4198.68786911833,23.744789447323594,0.0,0.0,0.0,2.2737367544323206e-13,0.0
2025-03-23 20:00:00+00:00,2,1.0,3276.2455494626297,1174.6369668867792,2088.52956953291,13.079013042937968,1174.6369668867792,395.9305650968511,778.706401789928,1804.0135693312595,1.8685053504441385e-12,1174.6369668867774,0.0,2088.52956953291,13.079013042937968,0.0,2.7178259642823832e-12,8.493206138382448e-13,13.079013042937968,17.438684057250622,4.359671014312656,1174.6369668867774,391.5456556289258,3654.7121920486134,54.8206828807292,41.901381521087586,41.770591390658204,270.12314016767226,804.5211226033864,4080.7666720660163,0.0,0.0,0.0,17.43868405725334,0.0,10069.217712086733,0.0,0.0,4198.68786911833,23.803852247618302,0.0,0.0,0.0,2.2737367544323206e-13,0.0
2025-03-23 21:00:00+00:00,2,1.0,3539.052929292931,1268.1324061746388,2256.63204521822,14.288477900073781,1268.1324061746388,428.7269227341241,839.4054834405147,1804.0135693312595,0.0,1268.1324061746388,0.0,2256.63204521822,14.288477900073781,0.0,0.0,0.0,14.288477900073781,19.05130386676504,4.76282596669126,1268.1324061746388,422.71080205821295,3947.4752534510717,59.21212880176607,45.27552568336514,45.1326409043644,291.68346416210767,868.7773875765074,1059.8414800244564,2.842170943040401e-14,0.0,2.842170943040401e-14,19.05130386676501,0.0,10067.178015335989,0.0,3347.9888368449815,669.5977673689963,23.785911363842956,0.0,0.0,0.0,0.0,0.0
2025-03-23 22:00:00+00:00,2,1.0,4426.837872567179,1582.8635285405614,2825.8953111231413,18.079032903476175,1582.8635285405614,536.9030931333718,1045.9604354071896,1804.0135693312595,0.0,1582.8635285405614,0.0,2825.8953111231413,18.079032903476175,0.0,0.0,0.0,18.079032903476175,24.105377204634898,6.0263443011587245,1582.8635285405614,527.6211761801871,4936.38001584389,74.04570023765835,56.69869655149759,56.51790622246283,364.15516304926416,1085.0649865422288,5511.902859109406,5.471179065352771e-13,0.0,5.471179065352771e-13,24.10537720463435,0.0,10069.94376764972,0.0,0.0,669.5977673689963,23.731456771949436,0.0,0.0,0.0,-2.2737367544323206e-12,0.0
2025-03-23 23:00:00+00:00,2,1.0,4604.1904827817725,1645.6472868267524,2939.553352534468,18.98984342055264,1645.6472868267524,557.9112322859306,1087.736054540822,1804.0135693312595,0.0,1645.6472868267524,0.0,2939.553352534468,18.98984342055264,0.0,0.0,0.0,18.98984342055264,25.319791227403517,6.329947806850879,1645.6472868267524,548.5490956089175,5133.749734970138,77.00624602455207,58.98096548489489,58.791067050689364,378.57212908259135,1128.2294510584961,5732.419933840267,8.419931418757187e-13,0.0,8.419931418757187e-13,25.319791227402675,0.0,10073.857681780453,0.0,0.0,669.5977673689963,23.721255386138747,0.0,0.0,0.0,-1.8189894035458565e-12,0.0
2025-04-12 00:00:00+00:00,3,40.0,3091.7851799709215,1111.7386803046911,1968.1648798987885,11.881619767442704,1111.7386803046911,370.7840148745594,740.9546654301317,1804.0135693312595,0.0,1111.7386803046911,0.0,1968.1648798987885,11.881619767442704,0.0,0.0,0.0,11.881619767442704,15.842159689923605,3.9605399224809013,1111.7386803046911,370.5795601015637,3450.4831203050435,51.75724680457565,39.4821137956502,39.36329759797577,255.47059136494042,760.6133495871866,3852.398529558108,2.1316282072803006e-13,0.0,2.1316282072803006e-13,15.842159689923392,0.0,7694.211032468149,0.0,0.0,2850.1988147465668,23.823915618032448,0.0,0.0,0.0,-2.2737367544323206e-13,0.0
2025-04-12 01:00:00+00:00,3,40.0,3069.36490939459,1102.6549731477226,1954.595647159604,12.11428908726322,1102.6549731477226,368.4060325217756,734.2489406259468,1804.0135693312595,1.538769112130467e-13,1102.6549731477223,0.0,1954.595647159604,12.11428908726322,0.0,2.2382096176443156e-13,6.994405055138486e-14,12.11428908726322,16.152385449684292,4.038096362421073,1102.6549731477223,367.5516577159074,3424.8022780232336,51.3720341703485,39.21305583406471,39.09191294319208,253.43995873316376,754.7067157590976,3824.071625153688,0.0,0.0,0.0,16.152385449684516,0.0,7694.1673765804135,0.0,0.0,2850.1988147465668,23.82289596991596,0.0,0.0,0.0,1.1368683772161603e-13,0.0
2025-04-12 02:00:00+00:00,3,40.0,3040.409167427768,1092.8596876061479,1935.491670164116,12.057809657502993,1092.8596876061479,365.83419192218065,727.0254956839672,1804.0135693312595,0.0,1092.8596876061479,0.0,1935.491670164116,12.057809657502993,0.0,0.0,0.0,12.057809657502993,16.077079543337323,4.019269885834331,1092.8596876061479,364.28656253538264,3392.6379203056467,50.8895688045847,38.83041149985735,38.70983340328232,251.2083961347279,747.9440422636692,7136.342046536418,4.618527782440651e-14,0.0,4.618527782440651e-14,16.077079543337277,0.0,7694.052267393424,3347.9888368449806,0.0,6026.379906320966,23.821108460880364,0.0,0.0,0.0,4.547473508864641e-13,0.0
2025-04-12 03:00:00+00:00,3,40.0,3062.6154219436226,1100.6768574413725,1949.9483628974865,11.990201604763088,1100.6768574413725,369.23591749977794,731.4409399415945,1804.0135693312595,0.0,1100.6768574413725,0.0,1949.9483628974865,11.990201604763088,0.0,0.0,0.0,11.990201604763088,15.98693547301745,3.9967338682543625,1100.6768574413725,366.8922858137908,3417.5175061526497,51.26276259228975,39.11886927399736,38.99896725794973,253.04281229487637,753.3124311011584,3815.92785304478,2.6645352591003757e-13,0.0,2.6645352591003757e-13,15.986935473017184,0.0,7693.851751558003,0.0,0.0,6026.379906320966,23.820909276986242,0.0,0.0,0.0,-9.094947017729282e-13,0.0
2025-04-12 04:00:00+00:00,3,40.0,3109.60323598824,1118.461443949665,1978.9467215430861,12.195070495489439,1118.461443949665,375.26789858084055,743.1935453688243,1804.0135693312595,0.0,1118.461443949665,0.0,1978.9467215430861,12.195070495489439,0.0,0.0,0.0,12.195070495489439,16.26009399398592,4.06502349849648,1118.461443949665,372.820481316555,3470.228646809306,52.05342970213959,39.70088513581661,39.57893443086172,257.12801738977623,765.3467714736456,3874.9500074618863,1.9895196601282805e-13,0.0,1.9895196601282805e-13,16.26009399398572,0.0,7693.911137349175,0.0,0.0,6026.379906320966,23.81755620665802,0.0,0.0,0.0,5.684341886080801e-13,0.0
2025-04-12 05:00:00+00:00,3,40.0,3108.01247362187,1117.7394964900186,1978.1682364458838,12.104740685969064,1117.7394964900186,374.7340469129052,743.0054495771134,1804.0135693312595,2.4424906541753444e-14,1117.7394964900186,0.0,1978.1682364458838,12.104740685969064,0.0,3.552713678800501e-14,1.1102230246251565e-14,12.104740685969064,16.139654247958752,4.034913561989688,1117.7394964900186,372.5798321633395,3468.4875650992417,52.02731347648862,39.684412135777364,39.563364728917676,256.94788873104665,764.8377247975595,3872.8501984194295,0.0,0.0,0.0,16.139654247958788,0.0,7693.855986610039,0.0,0.0,6026.379906320966,23.819294791531398,0.0,0.0,0.0,0.0,0.0
2025-04-12 06:00:00+00:00,3,40.0,3057.446493160741,1098.0870355138923,1947.378021429995,11.981436216853355,1098.0870355138923,367.2495079475227,730.8375275663695,1804.0135693312595,0.0,1098.0870355138923,0.0,1947.378021429995,11.981436216853355,0.0,0.0,0.0,11.981436216853355,15.975248289137806,3.9938120722844515,1098.0870355138923,366.0290118379641,3411.4940687818516,51.17241103172777,39.06737479076843,38.9475604285999,252.39598590202195,751.6061560633666,3809.052649224107,-3.019806626980426e-13,0.0,0.0,15.975248289138108,0.0,7693.644760511501,0.0,0.0,6026.379906320966,23.821772256349092,0.0,0.0,0.0,-4.547473508864641e-13,0.0
2025-04-12 07:00:00+00:00,3,40.0,3070.6544380104815,1102.3575673600365,1955.9331625018597,12.363708148585895,1102.3575673600367,368.64693819370643,733.7106291663301,1804.0135693312595,0.0,1102.3575673600365,0.0,1955.9331625018597,12.363708148585895,0.0,0.0,0.0,12.363708148585895,16.484944198114526,4.1212360495286315,1102.3575673600365,367.45252245334547,3425.7432523152415,51.38614878472862,39.242300331523055,39.118663250037194,253.3691315982756,754.6900024674385,3825.3444404779198,3.907985046680551e-13,0.0,3.907985046680551e-13,16.484944198114135,0.0,7693.918167978687,0.0,0.0,6026.379906320966,23.821907498833113,0.0,0.0,0.0,-2.2737367544323206e-13,0.0
2025-04-12 08:00:00+00:00,3,40.0,3024.258249840333,1084.3970648789336,1927.665173389985,12.19601157141112,1084.3970648789336,363.0975068471733,721.2995580317603,1804.0135693312595,0.0,1084.3970648789336,0.0,1927.665173389985,12.19601157141112,0.0,0.0,0.0,12.19601157141112,16.261348761881493,4.065337190470373,1084.3970648789336,361.46568829297786,3373.5279265618965,50.60291889842845,38.67526358351381,38.5533034677997,249.26931539885172,742.631826832042,3766.8900766723746,-1.3073986337985843e-12,0.0,0.0,16.2613487618828,0.0,7693.978612966519,0.0,0.0,6026.379906320966,23.825550804074183,0.0,0.0,0.0,-4.547473508864641e-13,0.0
2025-04-12 09:00:00+00:00,3,40.0,2952.048198650281,1058.1057152864166,1882.1452786470927,11.797204716769889,1058.1057152864166,354.2347394867791,703.8709757996376,1804.0135693312595,0.0,1058.1057152864166,0.0,1882.1452786470927,11.797204716769889,0.0,0.0,0.0,11.797204716769889,15.729606289026517,3.9324015722566292,1058.1057152864166,352.7019050954722,3292.952899028982,49.39429348543472,37.760877620109554,37.64290557294186,243.2100883788515,724.6424717250666,3676.6906703753466,1.3855583347321954e-13,0.0,1.3855583347321954e-13,15.729606289026378,0.0,7693.533781715162,0.0,0.0,6026.379906320967,23.82902901643861,0.0,0.0,0.0,-9.094947017729282e-13,0.0
2025-04-12 10:00:00+00:00,3,40.0,2929.163055665478,1048.1928035283079,1869.2316520123609,11.738600124808384,1048.1928035283079,351.8110914606406,696.3817120676672,1804.0135693312595,0.0,1048.1928035283079,0.0,1869.2316520123609,11.738600124808384,0.0,0.0,0.0,11.738600124808384,15.651466833077844,3.912866708269461,1048.1928035283079,349.3976011761026,3266.8220567167714,49.00233085075157,37.5020190414953,37.384633040247216,240.97447822027831,718.1739290371445,1913.4360750285625,4.511946372076636e-13,0.0,4.511946372076636e-13,15.651466833077393,0.0,7693.015607643157,0.0,1733.90090967406,4198.68786911833,23.830382976419422,0.0,0.0,0.0,-2.2737367544323206e-13,0.0
2025-04-12 11:00:00+00:00,3,40.0,3018.0422265829366,1081.149686778312,1924.8612503399463,12.031289464678595,1081.149686778312,362.43367234282044,718.7160144354914,1804.0135693312595,0.0,1081.149686778312,0.0,1924.8612503399463,12.031289464678595,0.0,0.0,0.0,12.031289464678595,16.041719286238127,4.010429821559532,1081.149686778312,360.383228926104,3366.3941660443625,50.49591249066543,38.617537901445715,38.49722500679893,248.51691725002354,740.5212513965971,410.57464113455217,3.055333763768431e-13,0.0,3.055333763768431e-13,16.04171928623782,0.0,7692.869209749798,0.0,3347.9888368449815,669.5977673689963,23.82320668694888,0.0,0.0,0.0,0.0,0.0
2025-04-12 12:00:00+00:00,3,40.0,2937.9634504198903,1052.7270650127762,1873.443157123882,11.793228283232299,1052.7270650127762,352.37420532928473,700.3528596834915,1804.0135693312595,0.0,1052.7270650127762,0.0,1873.443157123882,11.793228283232299,0.0,0.0,0.0,11.793228283232299,15.724304377643065,3.9310760944107663,1052.7270650127762,350.90902167092537,3277.079243807583,49.156188657113745,37.58679542530996,37.46886314247764,241.9630736173879,721.0150186076254,3658.9784690275155,-1.2647660696529783e-12,0.0,0.0,15.72430437764433,0.0,7692.421560489061,0.0,0.0,669.5977673689963,23.8293592101533,0.0,0.0,0.0,-1.1368683772161603e-13,0.0
2025-04-12 13:00:00+00:00,3,40.0,2936.394018063023,1054.1832805598126,1870.2568261175634,11.953911385645748,1054.1832805598126,353.80989043514927,700.3733901246634,1804.0135693312595,0.0,1054.1832805598126,0.0,1870.2568261175634,11.953911385645748,0.0,0.0,0.0,11.953911385645748,15.93854851419433,3.9846371285485827,1054.1832805598126,351.3944268532709,3275.8345335306467,49.1375180029597,37.524675636207725,37.40513652235127,242.333166941552,721.7795610848902,3658.1735791479127,-4.050093593832571e-13,0.0,0.0,15.938548514194736,0.0,7692.178338456569,0.0,0.0,669.5977673689963,23.82461755769573,0.0,0.0,0.0,-4.547473508864641e-13,0.0
2025-04-12 14:00:00+00:00,3,40.0,3007.658007168605,1082.1305529486758,1913.298167325707,12.229286894223566,1082.1305529486758,363.05338905337703,719.0771638952989,1804.0135693312595,0.0,1082.1305529486758,0.0,1913.298167325707,12.229286894223566,0.0,0.0,0.0,12.229286894223566,16.305715858964753,4.076428964741188,1082.1305529486758,360.71018431622525,3356.138904590608,50.34208356885912,38.38825621545638,38.26596334651414,248.76547896850457,740.5483953803006,6046.761728502859,2.4868995751603507e-13,0.0,2.4868995751603507e-13,16.305715858964504,0.0,7692.284411845673,2298.555325953954,0.0,2850.1988147465668,23.819310986928958,0.0,0.0,0.0,0.0,0.0
2025-04-12 15:00:00+00:00,3,40.0,3059.3822059163886,1101.7125524609091,1945.3565747256655,12.313078729815397,1101.7125524609091,368.9549986034406,732.7575538574687,1804.0135693312595,0.0,1101.7125524609091,0.0,1945.3565747256655,12.313078729815397,0.0,0.0,0.0,12.313078729815397,16.41743830642053,4.104359576605132,1101.7125524609091,367.2375174869697,3414.3066446735443,51.21459967010316,39.03026228181146,38.90713149451331,253.24416702867467,753.7380375386774,7161.109080300046,4.476419235288631e-13,0.0,4.476419235288631e-13,16.41743830642008,0.0,7692.496409413082,3347.9888368449806,0.0,6026.379906320966,23.81705148871915,0.0,0.0,0.0,-4.547473508864641e-13,0.0
2025-04-12 16:00:00+00:00,3,40.0,3006.305278603771,1086.1844174402693,1907.3219261838192,12.79893497968214,1086.1844174402693,362.8666412802431,723.3177761600263,1804.0135693312595,0.0,1086.1844174402693,0.0,1907.3219261838192,12.79893497968214,0.0,0.0,0.0,12.79893497968214,17.065246639576188,4.266311659894047,1086.1844174402693,362.0614724800898,3355.5678161041783,50.333517241562674,38.27442787347321,38.14643852367639,249.63877494234842,742.7209427210445,3749.026221324814,2.984279490192421e-13,0.0,2.984279490192421e-13,17.06524663957589,0.0,7693.323400901853,0.0,0.0,6026.379906320966,23.820035024921058,0.0,0.0,0.0,-1.7053025658242404e-12,0.0
2025-04-12 17:00:00+00:00,3,40.0,3007.45062791119,1086.4920085158199,1908.5287905594394,12.429828835931358,1086.4920085158199,363.12500061468796,723.367007901132,1804.0135693312595,0.0,1086.4920085158199,0.0,1908.5287905594394,12.429828835931358,0.0,0.0,0.0,12.429828835931358,16.573105114575142,4.143276278643786,1086.4920085158199,362.1640028386066,3357.184801913866,50.35777202870799,38.2948740995481,38.17057581118879,249.7087756159678,742.8392766726631,3750.2899045838535,2.4158453015843406e-13,0.0,2.4158453015843406e-13,16.5731051145749,0.0,7693.681203958897,0.0,0.0,6026.379906320966,23.81813075894927,0.0,0.0,0.0,2.2737367544323206e-13,0.0
2025-04-12 18:00:00+00:00,3,40.0,3066.3174869809536,1107.445782113862,1946.1232944648962,12.748410402195463,1107.4457821138617,370.0188297036035,737.4269524102583,1804.0135693312595,6.350475700855895e-14,1107.445782113862,0.0,1946.1232944648962,12.748410402195463,0.0,9.237055564881302e-14,2.886579864025407e-14,12.748410402195463,16.997880536260617,4.249470134065154,1107.445782113862,369.14859403795396,3422.717670616712,51.34076505925068,39.04994999331988,38.922465889297925,254.53856186077945,757.2498069746671,3823.5672939556207,0.0,0.0,0.0,16.99788053626071,0.0,7694.441828060428,0.0,0.0,6026.379906320967,23.81694798293445,0.0,0.0,0.0,0.0,0.0
2025-04-12 19:00:00+00:00,3,40.0,3014.1137776552564,1087.751876900964,1914.0894033192876,12.272497435006919,1087.751876900964,361.7430976937142,726.0087792072496,1804.0135693312595,0.0,1087.751876900964,0.0,1914.0894033192876,12.272497435006919,0.0,0.0,0.0,12.272497435006919,16.363329913342557,4.090832478335639,1087.751876900964,362.58395896698795,3364.4252391872396,50.46637858780859,38.40451304073582,38.28178806638575,249.91769822432468,743.7451693645785,2023.9580373457736,-1.0658141036401503e-14,0.0,0.0,16.363329913342568,0.0,7694.598107821983,0.0,1733.90090967406,4198.68786911833,23.823212607787433,0.0,0.0,0.0,-1.3642420526593924e-12,0.0
2025-04-12 20:00:00+00:00,3,40.0,2967.55226047756,1070.3662902011013,1885.197790065693,11.988180210766002,1070.3662902011013,355.0428395793887,715.3234506217126,1804.0135693312595,0.0,1070.3662902011013,0.0,1885.197790065693,11.988180210766002,0.0,0.0,0.0,11.988180210766002,15.984240281021336,3.996060070255334,1070.3662902011013,356.7887634003671,3312.3528436671613,49.685292655007416,37.823837603421524,37.70395580131386,245.87990237929077,731.877811909656,351.44123554223495,4.334310688136611e-13,0.0,4.334310688136611e-13,15.984240281020902,0.0,7694.39393987331,0.0,3347.9888368449815,669.5977673689963,23.82858639949083,0.0,0.0,0.0,4.547473508864641e-13,0.0
2025-04-12 21:00:00+00:00,3,40.0,2956.3872331650873,1066.858880528697,1877.806341681576,11.722010954813433,1066.858880528697,354.17617805236574,712.6827024763313,1804.0135693312595,0.0,1066.858880528697,0.0,1877.806341681576,11.722010954813433,0.0,0.0,0.0,11.722010954813433,15.629347939751243,3.907336984937811,1066.858880528697,355.619626842899,3300.284849053172,49.50427273579758,37.67334694317966,37.556126833631524,245.0784471495384,729.3391574899839,3685.7263906550706,-5.808686864838819e-13,0.0,0.0,15.629347939751824,0.0,7693.853032536328,0.0,0.0,669.5977673689963,23.826710040799586,0.0,0.0,0.0,-5.684341886080801e-13,0.0
2025-04-12 22:00:00+00:00,3,40.0,2970.19408654103,1072.7694604968958,1885.3556085434777,12.069017500657681,1072.7694604968958,355.4549786272926,717.3144818696032,1804.0135693312595,7.815970093361102e-14,1072.7694604968958,0.0,1885.3556085434777,12.069017500657681,0.0,1.1368683772161603e-13,3.552713678800501e-14,12.069017500657681,16.09202333421024,4.02300583355256,1072.7694604968958,357.5898201656319,3315.7148892060054,49.73572333809008,37.82780234587614,37.70711217086956,246.38763494927446,733.2710988032948,3703.465185344325,0.0,0.0,0.0,16.092023334210353,0.0,7693.752748638756,0.0,0.0,669.5977673689963,23.825728108936524,0.0,0.0,0.0,2.2737367544323206e-13,0.0
2025-04-12 23:00:00+00:00,3,40.0,3033.7416111196762,1097.0252029078383,1923.9389046988726,12.777503512966687,1097.0252029078383,363.4040730918275,733.6211298160108,1804.0135693312595,0.0,1097.0252029078383,0.0,1923.9389046988726,12.777503512966687,0.0,0.0,0.0,12.777503512966687,17.03667135062225,4.259167837655562,1097.0252029078383,365.6750676359461,3386.639175242657,50.799587628639856,38.60655312910712,38.47877809397745,251.95212735315258,749.7712816784787,6082.068218752109,3.765876499528531e-13,0.0,3.765876499528531e-13,17.036671350621873,0.0,7694.5500809245705,2298.555325953954,0.0,2850.1988147465668,23.821577165312927,0.0,0.0,0.0,0.0,0.0
2025-06-08 00:00:00+00:00,4,59.0,2668.226443465902,964.2374107948488,1692.8517827901946,11.137249880857208,964.2374107948488,328.0141275222345,636.2232832726143,1804.0135693312595,0.0,964.2374107948488,0.0,1692.8517827901946,11.137249880857208,0.0,0.0,0.0,11.137249880857208,14.84966650780961,3.7124166269524026,964.2374107948488,321.4124702649496,2978.501663849993,44.67752495774989,33.96840815461246,33.85703565580389,221.98748310260555,659.6153387626738,3327.841782228575,4.4941828036826337e-13,0.0,4.4941828036826337e-13,14.849666507809161,0.0,7616.934185660217,0.0,0.0,3845.7788589433967,23.835040942681218,0.0,0.0,0.0,-5.684341886080801e-13,0.0
2025-06-08 01:00:00+00:00,4,59.0,2697.086106739959,973.4860905488403,1712.4471956120692,11.152820579048292,973.4860905488403,340.25911158123836,633.2269789676019,1804.0135693312595,0.0,973.4860905488403,0.0,1712.4471956120692,11.152820579048292,0.0,0.0,0.0,11.152820579048292,14.870427438731056,3.717606859682764,973.4860905488403,324.49536351628007,3010.4286496771892,45.15642974515784,34.36047211803187,34.24894391224139,224.50225800394793,666.4810741553417,3363.567180895301,7.105427357601002e-14,0.0,7.105427357601002e-14,14.870427438730985,0.0,7615.827223355692,0.0,0.0,3845.7788589433967,23.83047831407336,0.0,0.0,0.0,2.2737367544323206e-13,0.0
2025-06-08 02:00:00+00:00,4,59.0,2748.2279820414296,993.6478336617896,1743.2330799843694,11.347068395270217,993.6478336617896,347.917223295305,645.7306103664846,1804.0135693312595,2.8332891588433995e-13,993.6478336617894,0.0,1743.2330799843694,11.347068395270217,0.0,4.121147867408581e-13,1.2878587085651816e-13,11.347068395270217,15.129424527026956,3.782356131756739,993.6478336617894,331.2159445539298,3068.0968582000887,46.02145287300133,34.97813228364009,34.86466159968739,229.1764300110785,680.0389774530939,3428.2669594945232,0.0,0.0,0.0,15.129424527027368,0.0,7614.968522209657,0.0,0.0,3845.7788589433967,23.82843870284868,0.0,0.0,0.0,-3.410605131648481e-13,0.0
2025-06-08 03:00:00+00:00,4,59.0,2787.1014940741543,1009.0219383837187,1766.6990295623152,11.380526128118776,1009.0219383837187,350.57085111544905,658.4510872682697,1804.0135693312595,0.0,1009.0219383837187,0.0,1766.6990295623152,11.380526128118776,0.0,0.0,0.0,11.380526128118776,15.1740348374917,3.793508709372925,1009.0219383837187,336.34064612790627,3112.0616140739403,46.6809242111091,35.44778585252749,35.3339805912463,232.58810443355495,690.1849499257171,5775.841769953825,2.0961010704922955e-13,0.0,2.0961010704922955e-13,15.17403483749149,0.0,7614.153918260856,2298.555325953953,0.0,6026.379906320966,23.830580570640393,0.0,0.0,0.0,9.094947017729282e-13,0.0
2025-06-08 04:00:00+00:00,4,59.0,2835.911021442252,1031.7953080959057,1792.711121885296,11.404591461054194,1031.795308095906,356.5421926529808,675.253115442925,1804.0135693312595,0.0,1031.7953080959057,0.0,1792.711121885296,11.404591461054194,0.0,0.0,0.0,11.404591461054194,15.206121948072258,3.8015304870180646,1031.7953080959057,343.93176936530193,3168.438199346504,47.52657299019756,35.968268352316464,35.85422243770592,237.7054136941775,704.7877773267174,3540.6987987689704,2.6290081223123707e-13,0.0,2.6290081223123707e-13,15.206121948071996,0.0,7613.371426275004,0.0,0.0,6026.379906320966,23.835302211837814,0.0,0.0,0.0,7.958078640513122e-13,0.0
2025-06-08 05:00:00+00:00,4,59.0,2864.877477365525,1042.3064248197072,1811.178094454461,11.392958091358835,1042.3064248197074,360.8366585113099,681.4697663083974,1804.0135693312595,2.4791280139879746e-13,1042.306424819707,0.0,1811.178094454461,11.392958091358835,0.0,3.6060043839825084e-13,1.1268763699945339e-13,11.392958091358835,15.190610788478446,3.7976526971196116,1042.306424819707,347.43547493990235,3200.9199942140704,48.01379991321105,36.33749147000281,36.22356188908922,240.16426313901746,711.9722440483426,3576.849721413867,0.0,0.0,0.0,15.190610788478807,0.0,7612.575763671509,0.0,0.0,6026.379906320966,23.836320909754257,0.0,0.0,0.0,-6.821210263296962e-13,0.0
2025-06-08 06:00:00+00:00,4,59.0,2869.0960452254612,1043.963497007079,1813.8321783334,11.300369884982254,1043.963497007079,363.4673417611471,680.496155245932,1804.0135693312595,8.524292383071952e-13,1043.963497007078,0.0,1813.8321783334,11.300369884982254,0.0,1.2398970739013748e-12,3.8746783559417963e-13,11.300369884982254,15.067159846643005,3.766789961660751,1043.963497007078,347.9878323356927,3205.7835076761708,48.08675261514256,36.38964726551782,36.276643566668,240.6641629908109,713.1718287354931,3582.2678739609546,0.0,0.0,0.0,15.067159846644245,0.0,7611.664413998478,0.0,0.0,6026.379906320966,23.838068850362095,0.0,0.0,0.0,2.2737367544323206e-13,0.0
2025-06-08 07:00:00+00:00,4,59.0,2935.153587802032,1065.0710787679964,1858.7684015160028,11.314107518032708,1065.0710787679964,367.6214204029697,697.4496583650266,1804.0135693312595,0.0,1065.0710787679964,0.0,1858.7684015160028,11.314107518032708,0.0,0.0,0.0,11.314107518032708,15.085476690710276,3.771369172677569,1065.0710787679964,355.0236929226655,3278.8631732066647,49.18294759809997,37.28850910550039,37.17536803032006,245.34458542463491,727.7864722538984,3662.9400600559297,-2.1671553440683056e-13,0.0,0.0,15.085476690710493,0.0,7610.7722880266565,0.0,0.0,6026.379906320966,23.838961946766894,0.0,0.0,0.0,-4.547473508864641e-13,0.0
2025-06-08 08:00:00+00:00,4,59.0,2902.079830330927,1052.2765796874723,1838.612757888971,11.190492754485264,1052.2765796874723,362.1572194392854,690.1193602481868,1804.0135693312595,1.0258460747536446e-13,1052.2765796874723,0.0,1838.612757888971,11.190492754485264,0.0,1.4921397450962104e-13,4.6629367034256575e-14,11.190492754485264,14.920657005980352,3.730164251495088,1052.2765796874723,350.7588598958241,3241.6481974722674,48.62472296208401,36.884160085324275,36.77225515777942,242.31491283521638,719.0850751877233,3621.16490551865,0.0,0.0,0.0,14.920657005980502,0.0,7609.7253676062855,0.0,0.0,6026.379906320966,23.84087247371636,0.0,0.0,0.0,-4.547473508864641e-13,0.0
2025-06-08 09:00:00+00:00,4,59.0,2865.8243195745335,1040.5597617247925,1814.024363512036,11.240194337705065,1040.5597617247925,355.38903168828415,685.1707300365083,1804.0135693312595,2.723377079405509e-13,1040.5597617247922,0.0,1814.024363512036,11.240194337705065,0.0,3.9612757518625585e-13,1.2378986724570495e-13,11.240194337705065,14.986925783606752,3.746731445901688,1040.5597617247922,346.8532539082641,3201.4373791450926,48.02156068717639,36.39288921361777,36.28048727024072,239.42293636776827,710.717858892969,3576.5421784675027,0.0,0.0,0.0,14.986925783607148,0.0,7608.7434963655005,0.0,0.0,6026.379906320967,23.839338024791928,0.0,0.0,0.0,1.1368683772161603e-13,0.0
2025-06-08 10:00:00+00:00,4,59.0,3004.936785739249,1092.9122290135524,1900.0447502991005,11.979806426593097,1092.9122290135524,370.9415544212046,721.9706745923478,1804.0135693312595,0.0,1092.9122290135524,0.0,1900.0447502991005,11.979806426593097,0.0,0.0,0.0,11.979806426593097,15.973075235457461,3.9932688088643653,1092.9122290135524,364.3040763378508,3357.2610556505037,50.35891583475755,38.12069307024794,38.00089500598201,251.35876499367646,746.1366140513791,403.0845629456458,3.161915174132446e-13,0.0,3.161915174132446e-13,15.973075235457145,0.0,7608.700430846454,0.0,3347.9888368449815,2497.289804571633,23.82843361321875,0.0,0.0,0.0,-7.958078640513122e-13,0.0
2025-06-08 11:00:00+00:00,4,59.0,2992.4877938225673,1087.7875428145044,1892.6778599142115,12.02239109385198,1087.7875428145044,368.4459503474152,719.3415924670892,1804.0135693312595,0.0,1087.7875428145044,0.0,1892.6778599142115,12.02239109385198,0.0,0.0,0.0,12.02239109385198,16.029854791802638,4.0074636979506595,1087.7875428145044,362.5958476048348,3343.0612503335506,50.14591875500326,37.97378110922275,37.85355719828423,250.12893714975917,742.7055055150548,2001.2923896635623,-1.5276668818842154e-13,0.0,0.0,16.02985479180279,0.0,7608.711392036975,0.0,1733.9009096740594,669.5977673689963,23.827082974958195,0.0,0.0,0.0,-3.410605131648481e-13,0.0
2025-06-08 12:00:00+00:00,4,59.0,2864.58811242164,1042.0520692385505,1810.8979578932008,11.638085289886872,1042.0520692385505,355.1263038665124,686.9257653720381,1804.0135693312595,0.0,1042.0520692385505,0.0,1810.8979578932008,11.638085289886872,0.0,0.0,0.0,11.638085289886872,15.517447053182496,3.879361763295624,1042.0520692385505,347.3506897461835,3200.300716877935,48.00451075316902,36.33434001076289,36.217959157864016,239.74433849881166,711.5311999300867,3576.119312351727,-3.8191672047105385e-13,0.0,0.0,15.517447053182877,0.0,7608.235543953425,0.0,0.0,669.5977673689963,23.831962912789336,0.0,0.0,0.0,3.410605131648481e-13,0.0
2025-06-08 13:00:00+00:00,4,59.0,2798.9460515361766,1016.7411828395308,1771.0873427369318,11.117525959715568,1016.7411828395308,347.54495855237565,669.1962242871551,1804.0135693312595,0.0,1016.7411828395308,0.0,1771.0873427369318,11.117525959715568,0.0,0.0,0.0,11.117525959715568,14.823367946287423,3.7058419865718557,1016.7411828395308,338.91372761317695,3126.7422531896395,46.901133797844594,35.53292211433579,35.421746854738636,233.9708370916439,694.4462094583116,6841.3810978394695,6.039613253960852e-14,0.0,6.039613253960852e-14,14.823367946287362,0.0,7607.101272414492,3347.9888368449815,0.0,3845.7788589433967,23.840978327333342,0.0,0.0,0.0,-4.547473508864641e-13,0.0
2025-06-08 14:00:00+00:00,4,59.0,2815.0490135332443,1021.5058261456454,1782.4250046696163,11.11818271798023,1021.5058261456454,346.4738216873037,675.0320044583417,1804.0135693312595,0.0,1021.5058261456454,0.0,1782.4250046696163,11.11818271798023,0.0,0.0,0.0,11.11818271798023,14.82424362397364,3.70606090599341,1021.5058261456454,340.50194204854847,3144.43277286381,47.16649159295715,35.759681920572135,35.64850009339233,234.9106183917321,697.6932949531956,3512.742308486439,2.2382096176443156e-13,0.0,2.2382096176443156e-13,14.824243623973416,0.0,7605.970101312439,0.0,0.0,3845.7788589433967,23.840322909709847,0.0,0.0,0.0,-9.094947017729282e-13,0.0
2025-06-08 15:00:00+00:00,4,59.0,3010.6690789388085,1080.8802976863194,1916.776835441417,13.011945811073168,1080.8802976863194,362.3870628146088,718.4932348717106,1804.0135693312595,0.0,1080.8802976863194,0.0,1916.776835441417,13.011945811073168,0.0,0.0,0.0,13.011945811073168,17.34926108143089,4.337315270357722,1080.8802976863194,360.2934325621065,3357.9505656898427,50.369258485347636,38.46565616693908,38.33553670882834,248.4381057659268,740.2393049595061,6049.463709852267,-1.0658141036401503e-13,0.0,0.0,17.349261081430996,0.0,7607.239959137174,2298.555325953953,0.0,6026.379906320966,23.82078530655419,0.0,0.0,0.0,-4.547473508864641e-13,0.0
2025-06-08 16:00:00+00:00,4,59.0,3078.2069923204554,1107.1903468995035,1957.696926902704,13.3197185182479,1107.1903468995033,371.36874063363734,735.8216062658661,1804.0135693312595,0.0,1107.1903468995035,0.0,1957.696926902704,13.3197185182479,0.0,0.0,0.0,13.3197185182479,17.7596246909972,4.4399061727493,1107.1903468995035,369.0634489665012,3433.950722768709,51.50926084153063,39.28713572323657,39.153938538054085,254.50257871086288,757.9562689529347,3836.16326127339,1.5631940186722204e-13,0.0,1.5631940186722204e-13,17.759624690997043,0.0,7608.897122675347,0.0,0.0,6026.379906320966,23.81502400878183,0.0,0.0,0.0,1.1368683772161603e-13,0.0
2025-06-08 17:00:00+00:00,4,59.0,3074.9395644076244,1105.3360027168374,1956.4998159398474,13.103745750939503,1105.3360027168374,372.206088251136,733.1299144657014,1804.0135693312595,0.0,1105.3360027168374,0.0,1956.4998159398474,13.103745750939503,0.0,0.0,0.0,13.103745750939503,17.47166100125267,4.3679152503131675,1105.3360027168374,368.4453342389458,3430.281152895631,51.45421729343446,39.26103377630634,39.12999631879695,254.14495990336565,756.8034567811624,3831.743021188786,-1.9895196601282805e-13,0.0,0.0,17.47166100125287,0.0,7610.277406381188,0.0,0.0,6026.379906320966,23.81215020771026,0.0,0.0,0.0,-9.094947017729282e-13,0.0
2025-06-08 18:00:00+00:00,4,59.0,3058.9732310608524,1100.0564647619667,1945.7704364204126,13.146329878475806,1100.0564647619667,369.75925634454535,730.2972084174214,1804.0135693312595,0.0,1100.0564647619667,0.0,1945.7704364204126,13.146329878475806,0.0,0.0,0.0,13.146329878475806,17.52843983796774,4.382109959491935,1100.0564647619667,366.6854882539889,3412.5123894363683,51.18768584154552,39.04687202719301,38.91540872840825,252.91809518547996,753.1356599961075,3812.1088910569597,-3.694822225952521e-13,0.0,0.0,17.528439837968108,0.0,7611.708869414496,0.0,0.0,6026.379906320967,23.816057499592496,0.0,0.0,0.0,-2.2737367544323206e-13,0.0
2025-06-08 19:00:00+00:00,4,59.0,3062.354483484829,1102.6208430305453,1946.899966767535,12.833673686749165,1102.6208430305455,369.8275553182444,732.7932877123011,1804.0135693312595,0.0,1102.6208430305453,0.0,1946.899966767535,12.833673686749165,0.0,0.0,0.0,12.833673686749165,17.111564915665554,4.277891228916388,1102.6208430305453,367.5402810101818,3417.061090808262,51.25591636212393,39.06633607221819,38.9379993353507,253.50408474200242,754.5825087507934,2083.036082561562,1.1368683772161603e-13,0.0,1.1368683772161603e-13,17.11156491566544,0.0,7612.74143834555,0.0,1733.90090967406,4198.68786911833,23.81864450426282,0.0,0.0,0.0,-5.684341886080801e-13,0.0
2025-06-08 20:00:00+00:00,4,59.0,3034.895582970205,1092.4418014184905,1929.6543466974895,12.799434854223131,1092.4418014184905,365.5819071044772,726.8598943140133,1804.0135693312595,0.0,1092.4418014184905,0.0,1929.6543466974895,12.799434854223131,0.0,0.0,0.0,12.799434854223131,17.065913138964174,4.266478284741043,1092.4418014184905,364.1472671394968,3386.243415255477,50.793651228832154,38.72108128249202,38.59308693394979,251.12374350784572,747.6453083773575,434.5520545025808,2.948752353404416e-13,0.0,2.948752353404416e-13,17.06591313896388,0.0,7613.728572950876,0.0,3347.9888368449815,669.5977673689963,23.82247900555399,0.0,0.0,0.0,-3.410605131648481e-13,0.0
2025-06-08 21:00:00+00:00,4,59.0,3007.7975109015924,1082.1563646441352,1912.4658998827094,13.17524637474619,1082.1563646441352,360.7075778412449,721.4487868028904,1804.0135693312595,0.0,1082.1563646441352,0.0,1912.4658998827094,13.17524637474619,0.0,0.0,0.0,13.17524637474619,17.56699516632825,4.391748791582063,1082.1563646441352,360.71878821471176,3355.3410527415563,50.33011579112334,38.38107046140165,38.24931799765419,248.66705082171114,740.7380920781841,3748.5356029797763,-2.7355895326763857e-13,0.0,0.0,17.566995166328525,0.0,7615.189761212987,0.0,0.0,669.5977673689963,23.826771772991478,0.0,0.0,0.0,-2.2737367544323206e-13,0.0
2025-06-08 22:00:00+00:00,4,59.0,2975.856033715487,1069.4616866578942,1892.9785114387414,13.4158356188522,1069.4616866578942,358.1754859070792,711.286200750815,1804.0135693312595,6.59472476627343e-14,1069.4616866578942,0.0,1892.9785114387414,13.4158356188522,0.0,9.592326932761353e-14,2.9976021664879227e-14,13.4158356188522,17.887780825136264,4.471945206284066,1069.4616866578942,356.4872288859647,3318.9274269826,49.783911404739,37.99372858496335,37.85957022877483,245.81479951144755,732.4111838221736,3708.2672175376606,0.0,0.0,0.0,17.88778082513636,0.0,7616.9527734744415,0.0,0.0,669.5977673689963,23.825615648638454,0.0,0.0,0.0,2.2737367544323206e-13,0.0
2025-06-08 23:00:00+00:00,4,59.0,2972.2519996359006,1066.988963598649,1892.3596722416407,12.903363795610758,1066.988963598649,357.83782723570823,709.1511363629407,1804.0135693312595,9.281464485866309e-14,1066.988963598649,0.0,1892.3596722416407,12.903363795610758,0.0,1.3500311979441904e-13,4.218847493575595e-14,12.903363795610758,17.204485060814342,4.3011212652035855,1066.988963598649,355.6629878662163,3315.011623706506,49.72517435559759,37.976227082788924,37.84719344483282,245.28256588495552,730.7952698995948,7051.036106380478,0.0,0.0,0.0,17.204485060814477,0.0,7618.063128735267,3347.9888368449815,0.0,3845.7788589433967,23.826067519545155,0.0,0.0,0.0,4.547473508864641e-13,0.0
2025-07-04 00:00:00+00:00,5,66.0,2818.240359639253,1024.2686612908742,1783.6646064402182,10.30709190815989,1024.2686612908742,341.81537047719394,682.4532908136803,1804.0135693312595,0.0,1024.2686612908742,0.0,1783.6646064402182,10.30709190815989,0.0,0.0,0.0,10.30709190815989,13.742789210879852,3.435697302719963,1024.2686612908742,341.42288709695805,3149.3561548280504,47.24034232242075,35.77636304788596,35.67329212880436,235.5718374197755,699.1204193185646,3517.3607789578173,-3.907985046680551e-14,0.0,0.0,13.742789210879891,0.0,6410.004196904173,0.0,0.0,669.5977673689963,23.848520007079223,0.0,0.0,0.0,-1.1368683772161603e-13,0.0
2025-07-04 01:00:00+00:00,5,66.0,2774.3114535455616,1010.0699953307201,1753.8543320504425,10.38712616439709,1010.0699953307201,337.84310264565175,672.2268926850684,1804.0135693312595,6.350475700855895e-14,1010.06999533072,0.0,1753.8543320504425,10.38712616439709,0.0,9.237055564881302e-14,2.886579864025407e-14,10.38712616439709,13.849501552529453,3.4623753881323633,1010.06999533072,336.6899984435733,3100.6143258247357,46.50921488737104,35.18095790265283,35.077086641008854,232.3917336577272,689.3113669204657,5762.17814641998,0.0,0.0,0.0,13.849501552529546,0.0,6410.341214985268,2298.555325953954,0.0,2850.1988147465668,23.845681268035914,0.0,0.0,0.0,-9.094947017729282e-13,0.0
2025-07-04 02:00:00+00:00,5,66.0,2760.9594491582247,1004.5496049570057,1746.2144011798368,10.195443021382133,1004.5496049570057,336.54519236473755,668.0044125922682,1804.0135693312595,1.4410694859634532e-13,1004.5496049570056,0.0,1746.2144011798368,10.195443021382133,0.0,2.0961010704922955e-13,6.550315845288424e-14,10.195443021382133,13.593924028509509,3.398481007127377,1004.5496049570056,334.84986831900187,3085.6138744558443,46.28420811683766,35.02624245381056,34.92428802359674,231.13838979102627,685.6214777114005,3446.580926869625,0.0,0.0,0.0,13.593924028509718,0.0,6410.4347603823835,0.0,0.0,2850.1988147465668,23.84926744186336,0.0,0.0,0.0,-4.547473508864641e-13,0.0
2025-07-04 03:00:00+00:00,5,66.0,2753.5121730464352,1003.0567976044084,1740.166363777686,10.289011664339116,1003.0567976044084,335.442070334424,667.6147272699844,1804.0135693312595,0.0,1003.0567976044084,0.0,1740.166363777686,10.289011664339116,0.0,0.0,0.0,10.289011664339116,13.71868221911882,3.429670554779705,1003.0567976044084,334.35226586813616,3077.575427250231,46.16363140875346,34.906217392197114,34.80332727555372,230.75898203838824,684.4140945378084,3437.9262675842438,1.7763568394002505e-15,0.0,1.7763568394002505e-15,13.718682219118818,0.0,6410.6466389697825,0.0,0.0,2850.1988147465668,23.847498327041134,0.0,0.0,0.0,1.1368683772161603e-13,0.0
2025-07-04 04:00:00+00:00,5,66.0,2746.0345353449115,1000.8218180162162,1734.7731856940118,10.439531634683291,1000.8218180162162,334.1033627337504,666.7184552824658,1804.0135693312595,0.0,1000.8218180162162,0.0,1734.7731856940118,10.439531634683291,0.0,0.0,0.0,10.439531634683291,13.919375512911055,3.4798438782277636,1000.8218180162162,333.60727267207204,3069.2022763822997,46.03803414573449,34.79985903022707,34.69546371388024,230.21455363501983,682.8350270751615,3428.8695624200727,2.078337502098293e-13,0.0,2.078337502098293e-13,13.919375512910847,0.0,6411.048752429109,0.0,0.0,2850.1988147465668,23.844654762290816,0.0,0.0,0.0,-3.410605131648481e-13,0.0
2025-07-04 05:00:00+00:00,5,66.0,2742.154172633252,999.7664787117772,1732.288607752747,10.099086168729096,999.7664787117772,333.84707155329716,665.91940715848,1804.0135693312595,2.7844393457598926e-13,999.7664787117769,0.0,1732.288607752747,10.099086168729096,0.0,4.050093593832571e-13,1.2656542480726785e-13,10.099086168729096,13.465448224972128,3.366362056243032,999.7664787117769,333.25549290392564,3065.31057936845,45.97965869052675,34.746763016742236,34.64577215505494,229.98188396225666,681.9759327847494,6772.118942262982,0.0,0.0,0.0,13.465448224972533,0.0,6411.018830737976,3347.9888368449806,0.0,6026.379906320966,23.85159546164636,0.0,0.0,0.0,4.547473508864641e-13,0.0
2025-07-04 06:00:00+00:00,5,66.0,2725.883905048667,994.720830383062,1720.8053146088168,10.357760056788937,994.720830383062,331.0719789923878,663.6488513906742,1804.0135693312595,0.0,994.720830383062,0.0,1720.8053146088168,10.357760056788937,0.0,0.0,0.0,10.357760056788937,13.81034674238525,3.4525866855963123,994.720830383062,331.57361012768735,3047.099755119566,45.70649632679349,34.519683892744226,34.41610629217634,228.77401319963445,678.4424965246321,3404.326401573299,-1.4210854715202004e-14,0.0,0.0,13.810346742385263,0.0,6411.316622481767,0.0,0.0,6026.379906320966,23.846182331790803,0.0,0.0,0.0,-4.547473508864641e-13,0.0
2025-07-04 07:00:00+00:00,5,66.0,2750.898024777563,1003.5703674011379,1736.8402385900952,10.487418786329096,1003.5703674011379,333.2345572356211,670.3358101655168,1804.0135693312595,0.0,1003.5703674011379,0.0,1736.8402385900952,10.487418786329096,0.0,0.0,0.0,10.487418786329096,13.983225048438793,3.4958062621096984,1003.5703674011379,334.5234558003793,3074.9340617916123,46.124010926874185,34.841678959665195,34.73680477180191,230.74697654748493,684.4687332683152,3435.3667580458773,6.750155989720952e-14,0.0,6.750155989720952e-14,13.983225048438726,0.0,6411.778053032821,0.0,0.0,6026.379906320966,23.844264116019218,0.0,0.0,0.0,-9.094947017729282e-13,0.0
2025-07-04 08:00:00+00:00,5,66.0,2781.6229960812484,1014.9465395949994,1756.1508556467884,10.525600839459981,1014.9465395949994,336.5872834734002,678.3592561215993,1804.0135693312595,0.0,1014.9465395949994,0.0,1756.1508556467884,10.525600839459981,0.0,0.0,0.0,10.525600839459981,14.034134452613308,3.508533613153327,1014.9465395949994,338.3155131983331,3109.412908440121,46.64119362660181,35.22827312133037,35.12301711293577,233.3369806722972,692.1535113446515,3473.7765074259,9.237055564881302e-14,0.0,9.237055564881302e-14,14.034134452613216,0.0,6412.286924656739,0.0,0.0,6026.379906320966,23.843787098892566,0.0,0.0,0.0,1.1368683772161603e-13,0.0
2025-07-04 09:00:00+00:00,5,66.0,2776.4756009080784,1014.1444967139045,1751.8910925011494,10.44001169302448,1014.1444967139043,336.99090744249105,677.1535892714134,1804.0135693312595,0.0,1014.1444967139045,0.0,1751.8910925011494,10.44001169302448,0.0,0.0,0.0,10.44001169302448,13.920015590699307,3.480003897674827,1014.1444967139045,338.04816557130147,3104.0837547863553,46.56125632179533,35.14222196695323,35.037821850022986,233.2084576706689,691.4779272784167,3467.9535281864955,8.526512829121202e-14,0.0,8.526512829121202e-14,13.920015590699222,0.0,6412.686365618591,0.0,0.0,6026.379906320966,23.84546538115707,0.0,0.0,0.0,4.547473508864641e-13,0.0
2025-07-04 10:00:00+00:00,5,66.0,2749.9392623389845,1005.7253392063352,1733.4402330218713,10.773690110777855,1005.7253392063353,332.00697231337955,673.7183668929557,1804.0135693312595,0.0,1005.7253392063352,0.0,1733.4402330218713,10.773690110777855,0.0,0.0,0.0,10.773690110777855,14.364920147703806,3.5912300369259516,1005.7253392063352,335.24177973544505,3074.4073519636513,46.116110279454766,34.77654156154521,34.66880466043743,231.13499900603207,685.5294652798405,3435.468727618824,6.394884621840902e-14,0.0,6.394884621840902e-14,14.364920147703742,0.0,6413.507667027673,0.0,0.0,6026.379906320967,23.8437464501646,0.0,0.0,0.0,-1.1368683772161603e-12,0.0
2025-07-04 11:00:00+00:00,5,66.0,2729.8440828788735,996.5179705136375,1722.7594640641707,10.566648301065257,996.5179705136375,329.24268263778714,667.2752878758503,1804.0135693312595,0.0,996.5179705136375,0.0,1722.7594640641707,10.566648301065257,0.0,0.0,0.0,10.566648301065257,14.088864401420341,3.5222161003550854,996.5179705136375,332.1726568378792,3051.4500914156874,45.77175137123531,34.56085576429407,34.45518928128342,229.00195936049275,679.4846287155398,1624.6429969408227,1.7763568394002505e-14,0.0,1.7763568394002505e-14,14.088864401420324,0.0,6414.065072874968,0.0,1784.68571465359,4145.155984364072,23.843700410467807,0.0,0.0,0.0,-5.684341886080801e-13,0.0
2025-07-04 12:00:00+00:00,5,66.0,2640.408421575164,963.1151816545963,1667.240159166808,10.053080753758907,963.1151816545963,317.9334701464775,645.1817115081188,1804.0135693312595,0.0,963.1151816545963,0.0,1667.240159166808,10.053080753758907,0.0,0.0,0.0,10.053080753758907,13.404107671678542,3.3510269179196355,963.1151816545963,321.03839388486546,2951.39373470627,44.27090602059405,33.44533399087375,33.34480318333616,221.34514629269785,656.795610290287,0.0,1.858069254012662e-12,0.0,1.858069254012662e-12,13.404107671676684,0.0,6413.970845017312,0.0,3297.204031865451,669.5977673689963,23.852463742946576,0.0,0.0,0.0,-2.2737367544323206e-13,0.0
2025-07-04 13:00:00+00:00,5,66.0,2663.4376508569358,968.4656748175171,1685.1927461478062,9.779229891613841,968.465674817517,323.83192239223024,644.6337524252867,1804.0135693312595,0.0,968.4656748175171,0.0,1685.1927461478062,9.779229891613841,0.0,0.0,0.0,9.779229891613841,13.038973188818455,3.2597432972046136,968.4656748175171,322.821891605839,2976.4803125711624,44.647204688567435,33.801647221872265,33.703854922956126,222.76260303426267,660.9969447707022,6672.423432472619,3.6415315207705135e-13,0.0,3.6415315207705135e-13,13.03897318881809,0.0,6413.529927856655,3347.9888368449815,0.0,3845.7788589433967,23.856991947517496,0.0,0.0,0.0,0.0,0.0
2025-07-04 14:00:00+00:00,5,66.0,2712.354349978731,984.1362617617149,1718.5729110792117,9.645177137804477,984.1362617617149,331.8150082393314,652.3212535223835,1804.0135693312595,0.0,984.1362617617149,0.0,1718.5729110792117,9.645177137804477,0.0,0.0,0.0,9.645177137804477,12.860236183739303,3.215059045934826,984.1362617617149,328.0454205872383,3030.754593428165,45.46131890142247,34.46790999296228,34.371458221584234,226.4716321110428,672.0327988601849,3384.387148838916,1.4210854715202004e-14,0.0,1.4210854715202004e-14,12.86023618373929,0.0,6412.920092375495,0.0,0.0,3845.7788589433967,23.86085645689942,0.0,0.0,0.0,-1.1368683772161603e-13,0.0
2025-07-04 15:00:00+00:00,5,66.0,2751.8690673449673,997.5728046925739,1744.5450277529633,9.751234899428706,997.5728046925739,336.5961532341039,660.97665145847,1804.0135693312595,0.0,997.5728046925739,0.0,1744.5450277529633,9.751234899428706,0.0,0.0,0.0,9.751234899428706,13.001646532571607,3.250411633142902,997.5728046925739,332.52426823085796,3074.642100676395,46.11963151014592,34.988412904053554,34.89090055505927,229.58053848693453,681.3541633201942,5731.778556619116,-5.329070518200751e-15,0.0,0.0,13.001646532571613,0.0,6412.445816396688,2298.555325953954,0.0,6026.379906320967,23.85912746882003,0.0,0.0,0.0,9.094947017729282e-13,0.0
2025-07-04 16:00:00+00:00,5,66.0,2760.8345873863886,1001.1284317901352,1750.1347289700602,9.571426626192428,1001.1284317901352,338.6539768337752,662.47445495636,1804.0135693312595,0.0,1001.1284317901352,0.0,1750.1347289700602,9.571426626192428,0.0,0.0,0.0,9.571426626192428,12.76190216825657,3.1904755420641426,1001.1284317901352,333.7094772633784,3084.972638023574,46.274589570353605,35.09840884566313,35.00269457940121,230.44170609490288,683.7173518957634,96.5631024371705,-1.4033219031261979e-13,0.0,0.0,12.76190216825671,0.0,6411.744731823739,0.0,3347.9888368449815,2497.289804571633,23.86237385227969,0.0,0.0,0.0,0.0,0.0
2025-07-04 17:00:00+00:00,5,66.0,2761.2847957782765,1000.9996485273494,1750.6748782359377,9.610269014989393,1000.9996485273493,339.1705735396891,661.8290749876603,1804.0135693312595,4.884981308350689e-15,1000.9996485273494,0.0,1750.6748782359377,9.610269014989393,0.0,7.105427357601002e-15,2.220446049250313e-15,9.610269014989393,12.813692019985858,3.2034230049964645,1000.9996485273494,333.66654950911646,3085.3410762724034,46.28011614408605,35.109600254868646,35.013497564718755,230.4494995264734,683.7226860042598,3445.007481782536,0.0,0.0,0.0,12.813692019985865,0.0,6411.094249779079,0.0,0.0,2497.289804571633,23.860850049176445,0.0,0.0,0.0,-1.1368683772161603e-13,0.0
2025-07-04 18:00:00+00:00,5,66.0,3000.193083244442,1091.0765190340614,1899.0677205046286,10.048843705749983,1091.0765190340612,370.72609273456317,720.3504262994982,1804.0135693312595,0.0,1091.0765190340614,0.0,1899.0677205046286,10.048843705749983,0.0,0.0,0.0,10.048843705749983,13.39845827433331,3.3496145685833274,1091.0765190340614,363.6921730113538,3353.836412550044,50.307546188250654,38.08184284715007,37.98135441009257,251.30667163916604,744.7192026645964,3744.912285909038,3.019806626980426e-14,0.0,3.019806626980426e-14,13.39845827433328,0.0,6411.000596640139,0.0,0.0,2497.289804571633,23.856380392379386,0.0,0.0,0.0,-2.2737367544323206e-13,0.0
2025-07-04 19:00:00+00:00,5,66.0,2979.2868905398427,1083.4378448150173,1885.9371178945335,9.911927830293092,1083.4378448150173,368.42144119237935,715.0164036226381,1804.0135693312595,0.0,1083.4378448150173,0.0,1885.9371178945335,9.911927830293092,0.0,0.0,0.0,9.911927830293092,13.215903773724122,3.3039759434310305,1083.4378448150173,361.14594827167247,3330.520910981223,49.957813664718344,37.8178616361936,37.71874235789067,249.56271978928052,739.5070616631866,3718.793952203028,1.2647660696529783e-12,0.0,1.2647660696529783e-12,13.215903773722857,0.0,6410.733704031896,0.0,0.0,2497.289804571633,23.85828496083517,0.0,0.0,0.0,-1.4779288903810084e-12,0.0
2025-07-04 20:00:00+00:00,5,66.0,2756.4462746615827,993.810537680823,1752.6866491531973,9.949087827565194,993.8105376808229,342.2479352812986,651.5626023995243,1804.0135693312595,0.0,993.810537680823,0.0,1752.6866491531973,9.949087827565194,0.0,0.0,0.0,9.949087827565194,13.265450436753591,3.3163626091883978,993.810537680823,331.270179226941,3077.7673660609616,46.166510490914426,35.1532238613396,35.053732983063945,228.88827963869304,679.8482888101404,3436.294563471723,-1.900701818158268e-13,0.0,0.0,13.265450436753781,0.0,6410.514414538749,0.0,0.0,2497.289804571633,23.857454831825812,0.0,0.0,0.0,-1.1368683772161603e-13,0.0
2025-07-04 21:00:00+00:00,5,66.0,2678.48131628407,960.9957083115318,1707.595331940309,9.890276032231972,960.9957083115316,329.47182601540993,631.5238822961218,1804.0135693312595,0.0,960.9957083115318,0.0,1707.595331940309,9.890276032231972,0.0,0.0,0.0,9.890276032231972,13.187034709642628,3.296758677410657,960.9957083115318,320.33190277051057,2988.9229430223513,44.83384414533527,34.2508093991285,34.15190663880618,221.21830899869678,658.083530629888,1602.663937239899,7.069900220812997e-13,0.0,7.069900220812997e-13,13.187034709641921,0.0,6410.2210686838325,0.0,1733.9009096740594,669.5977673689963,23.85797119202681,0.0,0.0,0.0,6.821210263296962e-13,0.0
2025-07-04 22:00:00+00:00,5,66.0,2653.3286196868225,951.3024941513803,1692.1043508888085,9.921774646633258,951.3024941513802,324.27096639489736,627.0315277564829,1804.0135693312595,0.0,951.3024941513803,0.0,1692.1043508888085,9.921774646633258,0.0,0.0,0.0,9.921774646633258,13.229032862177677,3.3072582155444192,951.3024941513803,317.10083138379343,2960.507676423982,44.40761514635973,33.9413047642425,33.84208701777617,218.88180930095683,651.480905828673,3304.8095255154954,1.580957587066223e-13,0.0,1.580957587066223e-13,13.229032862177519,0.0,6409.968207765534,0.0,0.0,669.5977673689963,23.856644979978814,0.0,0.0,0.0,-2.2737367544323206e-13,0.0
2025-07-04 23:00:00+00:00,5,66.0,2639.941990440102,944.454095306738,1685.5248856829892,9.963009450373915,944.4540953067382,321.105311719323,623.3487835874151,1804.0135693312595,0.0,944.454095306738,0.0,1685.5248856829892,9.963009450373915,0.0,0.0,0.0,9.963009450373915,13.284012600498553,3.321003150124638,944.454095306738,314.8180317689127,2944.79701275864,44.171955191379595,33.81012780816352,33.710497713659784,217.29171837220903,647.1233340044492,3287.0653244445507,5.3290705182007514e-14,0.0,5.3290705182007514e-14,13.2840126004985,0.0,6409.768083320478,0.0,0.0,669.5977673689963,23.855309156272927,0.0,0.0,0.0,-5.684341886080801e-13,0.0
2025-09-25 00:00:00+00:00,6,31.0,2901.6103379852475,1033.5085488052212,1854.2434569311129,13.85833224891578,1033.508548805221,349.9795390908033,683.5290097144177,1804.0135693312595,0.0,1033.5085488052212,0.0,1854.2434569311129,13.85833224891578,0.0,0.0,0.0,13.85833224891578,18.477776331887704,4.619444082971926,1033.5085488052212,344.50284960174037,3232.2548553380743,48.48382283007111,37.22345246111142,37.08486913862226,237.6099000361909,709.524338150708,3611.1346761359555,6.323830348264892e-13,0.0,6.323830348264892e-13,18.47777633188707,0.0,8611.524457174883,0.0,0.0,2850.1988147465668,23.821438583485403,0.0,0.0,0.0,0.0,0.0
2025-09-25 01:00:00+00:00,6,31.0,2813.053221362433,1001.1779809559473,1798.5321017088738,13.343138697612707,1001.1779809559473,340.22421572511064,660.9537652308367,1804.0135693312595,0.0,1001.1779809559473,0.0,1798.5321017088738,13.343138697612707,0.0,0.0,0.0,13.343138697612707,17.790851596816943,4.447712899204236,1001.1779809559473,333.72599365198244,3133.4360763168033,47.001541144752046,36.10407342115361,35.97064203417748,230.23239752011273,687.4823606713826,3500.535582033816,-4.085620730620576e-13,0.0,0.0,17.79085159681735,0.0,8611.20271727751,0.0,0.0,2850.1988147465668,23.824499741550625,0.0,0.0,0.0,4.547473508864641e-13,0.0
2025-09-25 02:00:00+00:00,6,31.0,2778.8391508903856,988.3571133874824,1777.0360191423592,13.446018360541705,988.3571133874823,336.32285773642803,652.0342556510543,1804.0135693312595,0.0,988.3571133874824,0.0,1777.0360191423592,13.446018360541705,0.0,0.0,0.0,13.446018360541705,17.92802448072227,4.482006120180568,988.3571133874824,329.4523711291608,3094.845503659002,46.42268255488503,35.6751805664526,35.540720382847184,227.2834818334861,678.8564425870123,6805.684430322378,8.384404281969182e-13,0.0,8.384404281969182e-13,17.928024480721433,0.0,8611.011935099643,3347.9888368449806,0.0,6026.379906320966,23.825116815276058,0.0,0.0,0.0,-4.547473508864641e-13,0.0
2025-09-25 03:00:00+00:00,6,31.0,2801.830507389542,995.7769144655849,1792.356183782111,13.697409141845547,995.7769144655849,338.86899970811027,656.9079147574747,1804.0135693312595,0.0,995.7769144655849,0.0,1792.356183782111,13.697409141845547,0.0,0.0,0.0,13.697409141845547,18.263212189127394,4.5658030472818485,995.7769144655849,331.925638155195,3120.0587364028906,46.80088104604336,35.98409776706068,35.84712367564222,228.98427361612454,684.1078173073477,3485.9383246968896,-4.973799150320701e-14,0.0,0.0,18.263212189127444,0.0,8611.139962809115,0.0,0.0,6026.379906320966,23.82435083507781,0.0,0.0,0.0,-2.2737367544323206e-13,0.0
2025-09-25 04:00:00+00:00,6,31.0,2797.6655864432987,991.2532285054788,1793.350856476368,13.061501461451362,991.2532285054788,337.51183485176216,653.7413936537166,1804.0135693312595,4.249933738265099e-13,991.2532285054783,0.0,1793.350856476368,13.061501461451362,0.0,6.181721801112872e-13,1.9317880628477724e-13,13.061501461451362,17.41533528193515,4.353833820483787,991.2532285054783,330.41774283515946,3115.021827817006,46.72532741725509,35.997632144141875,35.86701712952736,227.97236235869096,681.3339157052587,3478.999502148558,0.0,0.0,0.0,17.415335281935768,0.0,8610.462251401335,0.0,0.0,6026.379906320966,23.828382559566368,0.0,0.0,0.0,4.547473508864641e-13,0.0
2025-09-25 05:00:00+00:00,6,31.0,2851.1160942723395,1009.3087894078709,1828.5099879598447,13.297316904624193,1009.308789407871,344.7266413044487,664.5821481034222,1804.0135693312595,6.936673457857978e-13,1009.3087894078702,0.0,1828.5099879598447,13.297316904624193,0.0,1.0089706847793423e-12,3.1530333899354446e-13,13.297316904624193,17.729755872832257,4.432438968208064,1009.3087894078702,336.4362631359567,3174.255040503672,47.61382560755508,36.70317292824314,36.570199759196896,232.19076716551038,693.9466675646706,3545.0627618370095,0.0,0.0,0.0,17.729755872833266,0.0,8610.084594977725,0.0,0.0,6026.379906320966,23.82497077480617,0.0,0.0,0.0,-6.821210263296962e-13,0.0
2025-09-25 06:00:00+00:00,6,31.0,2897.596325228168,1025.6412936333707,1858.8230992755489,13.131932319247557,1025.6412936333707,350.07401765782373,675.5672759755469,1804.0135693312595,2.97983859809392e-13,1025.6412936333704,0.0,1858.8230992755489,13.131932319247557,0.0,4.334310688136611e-13,1.354472090042691e-13,13.131932319247557,17.509243092330074,4.3773107730825185,1025.6412936333704,341.8804312111235,3226.344824120043,48.39517236180065,37.307781308703454,37.176461985510976,235.94750427454053,705.0846619147617,3602.68098714293,0.0,0.0,0.0,17.509243092330507,0.0,8609.498206725484,0.0,0.0,6026.379906320966,23.822792113694046,0.0,0.0,0.0,2.2737367544323206e-13,0.0
2025-09-25 07:00:00+00:00,6,31.0,2939.804260036653,1039.7100450325268,1887.0180718612046,13.076143142921032,1039.710045032527,354.8946549125053,684.8153901200216,1804.0135693312595,0.0,1039.7100450325268,0.0,1887.0180718612046,13.076143142921032,0.0,0.0,0.0,13.076143142921032,17.434857523894706,4.358714380973677,1039.7100450325268,346.57001501084227,3273.298131904574,49.09947197856861,37.87112286865331,37.740361437224095,239.23028248586468,714.8699681621266,3654.67422819878,9.947598300641403e-14,0.0,9.947598300641403e-14,17.434857523894607,0.0,8608.842324959734,0.0,0.0,6026.379906320966,23.824860441770024,0.0,0.0,0.0,3.410605131648481e-13,0.0
2025-09-25 08:00:00+00:00,6,31.0,2945.080060947703,1042.8988358261247,1889.3878737978598,12.793351323720369,1042.898835826125,352.55219597796633,690.3466398481585,1804.0135693312595,1.2285727990501982e-12,1042.8988358261236,0.0,1889.3878737978598,12.793351323720369,0.0,1.787014980436652e-12,5.584421813864537e-13,12.793351323720369,17.05780176496049,4.264450441240123,1042.8988358261236,347.63294527537454,3279.9196548993577,49.19879482349037,37.9156909891944,37.7877574759572,239.81080386756057,716.6104428728178,3661.6905038205205,0.0,0.0,0.0,17.057801764962278,0.0,8607.82955198653,0.0,0.0,6026.379906320966,23.831330644469965,0.0,0.0,0.0,-1.1368683772161603e-13,0.0
2025-09-25 09:00:00+00:00,6,31.0,2930.317398884138,1038.9763983472021,1878.1544629233576,13.186537613578698,1038.9763983472021,350.948904769489,688.0274935777132,1804.0135693312595,0.0,1038.9763983472021,0.0,1878.1544629233576,13.186537613578698,0.0,0.0,0.0,13.186537613578698,17.582050151438263,4.395512537859566,1038.9763983472021,346.32546611573406,3263.456327386294,48.95184491079441,37.69495463460294,37.56308925846715,238.9092700993193,713.8401375567774,3644.1575364409155,-7.709388682997087e-13,0.0,0.0,17.582050151439034,0.0,8607.316840526424,0.0,0.0,6026.379906320967,23.833462877726554,0.0,0.0,0.0,-1.1368683772161603e-13,0.0
2025-09-25 10:00:00+00:00,6,31.0,2948.936314313021,1046.4513387889797,1889.5261042607146,12.95887126332742,1046.4513387889797,354.7469673750818,691.7043714138978,1804.0135693312595,2.0028423364237824e-13,1046.4513387889795,0.0,1889.5261042607146,12.95887126332742,0.0,2.913225216616411e-13,9.103828801926284e-14,12.95887126332742,17.27849501776989,4.319623754442473,1046.4513387889795,348.8171129296598,3284.794555979354,49.27191833969031,37.92011079784756,37.79052208521429,240.71319502077276,718.8324829276273,1933.8678875665883,0.0,0.0,0.0,17.278495017770183,0.0,8606.516777112254,0.0,1733.90090967406,4198.68786911833,23.829779215871636,0.0,0.0,0.0,2.2737367544323206e-13,0.0
2025-09-25 11:00:00+00:00,6,31.0,2984.0348840763613,1058.9369070602993,1911.6508891855412,13.447087830519886,1058.9369070602993,358.62724082514217,700.3096662351571,1804.0135693312595,2.0028423364237824e-13,1058.936907060299,0.0,1911.6508891855412,13.447087830519886,0.0,2.913225216616411e-13,9.103828801926284e-14,13.447087830519886,17.92945044069318,4.482362610173295,1058.936907060299,352.97896902009967,3323.56676526594,49.853501478989095,38.36748866201603,38.23301778371083,243.55491662064176,727.4702561756308,363.51630340700984,0.0,0.0,0.0,17.929450440693472,0.0,8606.33672147669,0.0,3347.9888368449815,669.5977673689963,23.827846505671804,0.0,0.0,0.0,-9.094947017729282e-13,0.0
2025-09-25 12:00:00+00:00,6,31.0,2952.3289487971765,1050.0320372393805,1888.6654957142086,13.631415843585541,1050.0320372393805,353.9329968816166,696.099040357764,1804.0135693312595,0.0,1050.0320372393805,0.0,1888.6654957142086,13.631415843585541,0.0,0.0,0.0,13.631415843585541,18.17522112478072,4.54380528119518,1050.0320372393805,350.01067907979353,3288.7082120333826,49.33062318050074,37.909624072720035,37.77330991428418,241.3890007987025,720.9570423271962,3673.2859911243727,3.552713678800501e-13,0.0,3.552713678800501e-13,18.175221124780364,0.0,8606.390508102279,0.0,0.0,669.5977673689963,23.82810773269606,0.0,0.0,0.0,0.0,0.0
2025-09-25 13:00:00+00:00,6,31.0,2912.9973999582544,1034.776752828125,1864.606177390443,13.614469739688037,1034.776752828125,349.7118884532001,685.0648643749248,1804.0135693312595,0.0,1034.776752828125,0.0,1864.606177390443,13.614469739688037,0.0,0.0,0.0,13.614469739688037,18.152626319584048,4.538156579896012,1034.776752828125,344.92558427604166,3244.30851449461,48.664627717419144,37.42826824520574,37.29212354780886,237.93047478048646,710.7792351468579,3623.7766351051123,0.0,0.0,0.0,18.152626319584048,0.0,8606.42272208968,0.0,0.0,669.5977673689963,23.830522764091924,0.0,0.0,0.0,0.0,0.0
2025-09-25 14:00:00+00:00,6,31.0,2897.536658208427,1030.0383441495349,1853.5035263306836,13.994787728209065,1030.038344149535,347.66652975667716,682.3718143928578,1804.0135693312595,2.19824158875781e-13,1030.0383441495346,0.0,1853.5035263306836,13.994787728209065,0.0,3.197442310920451e-13,9.992007221626409e-14,13.994787728209065,18.659716970945418,4.6649292427363545,1030.0383441495346,343.3461147165115,3226.8879851967295,48.40331977795094,37.21001840389576,37.07007052661367,236.84337398624288,707.5378266539512,5903.629810816332,0.0,0.0,0.0,18.659716970945738,0.0,8606.936607767899,2298.555325953954,0.0,2850.1988147465668,23.834368955560695,0.0,0.0,0.0,0.0,0.0
2025-09-25 15:00:00+00:00,6,31.0,2901.2151153021136,1028.8543232899426,1858.7788117564178,13.58198025575359,1028.8543232899426,349.13534724192584,679.7189760480168,1804.0135693312595,0.0,1028.8543232899426,0.0,1858.7788117564178,13.58198025575359,0.0,0.0,0.0,13.58198025575359,18.109307007671454,4.5273267519178635,1028.8543232899426,342.95144109664756,3230.5845761430082,48.458768642145124,37.31139603768589,37.175576235128354,236.65777663653452,707.0822854000593,6956.286237547154,1.4921397450962104e-13,0.0,1.4921397450962104e-13,18.109307007671305,0.0,8606.926576209651,3347.9888368449806,0.0,6026.379906320966,23.831583975111194,0.0,0.0,0.0,4.547473508864641e-13,0.0
2025-09-25 16:00:00+00:00,6,31.0,2901.737994427714,1029.6642685574034,1858.4060452783733,13.667680591937678,1029.6642685574034,348.4981415227925,681.1661270346109,1804.0135693312595,0.0,1029.6642685574034,0.0,1858.4060452783733,13.667680591937678,0.0,0.0,0.0,13.667680591937678,18.22357412258357,4.555893530645893,1029.6642685574034,343.2214228524678,3231.291736688245,48.46937605032367,37.30479771148685,37.16812090556747,236.7893918878634,707.5090029383551,3609.246997366069,4.121147867408581e-13,0.0,4.121147867408581e-13,18.22357412258316,0.0,8607.025118473686,0.0,0.0,6026.379906320966,23.832167503316583,0.0,0.0,0.0,-1.1368683772161603e-13,0.0
2025-09-25 17:00:00+00:00,6,31.0,2922.2616041557385,1038.8452701916526,1869.5500376344369,13.866296329649904,1038.8452701916526,350.50652302160216,688.3387471700505,1804.0135693312595,0.0,1038.8452701916526,0.0,1869.5500376344369,13.866296329649904,0.0,0.0,0.0,13.866296329649904,18.48839510619987,4.622098776549968,1038.8452701916526,346.28175673055085,3254.6770645566403,48.8201559683496,37.52966371598524,37.39100075268874,238.84273106884683,713.4874070129713,3635.7490111687093,-3.161915174132446e-13,0.0,0.0,18.488395106200187,0.0,8607.37504358763,0.0,0.0,6026.379906320966,23.830923800157578,0.0,0.0,0.0,-4.547473508864641e-13,0.0
2025-09-25 18:00:00+00:00,6,31.0,2984.318557264252,1062.2978832522774,1907.995353791946,14.025320220029554,1062.2978832522774,359.56546143679213,702.7324218154853,1804.0135693312595,0.0,1062.2978832522774,0.0,1907.995353791946,14.025320220029554,0.0,0.0,0.0,14.025320220029554,18.700426960039405,4.675106740009851,1062.2978832522774,354.0992944174258,3324.392531461649,49.865887971924735,38.30016027803922,38.15990707583892,244.30648412545352,729.406840608692,3713.7253978729436,-7.993605777301127e-13,0.0,0.0,18.700426960040204,0.0,8607.925699112495,0.0,0.0,6026.379906320967,23.8241740933448,0.0,0.0,0.0,-3.410605131648481e-13,0.0
2025-09-25 19:00:00+00:00,6,31.0,3005.1735252236713,1070.560004585331,1920.6902495713139,13.923271067025697,1070.560004585331,362.6057011830625,707.9543034022685,1804.0135693312595,0.0,1070.560004585331,0.0,1920.6902495713139,13.923271067025697,0.0,0.0,0.0,13.923271067025697,18.564361422700927,4.641090355675232,1070.560004585331,356.853334861777,3348.103589018422,50.22155383527633,38.55303770209653,38.413804991426275,246.21834736679412,734.9011691130455,2006.173784662656,-1.1368683772161603e-13,0.0,0.0,18.56436142270104,0.0,8608.345991065837,0.0,1733.90090967406,4198.68786911833,23.821114731601202,0.0,0.0,0.0,-1.0231815394945443e-12,0.0
2025-09-25 20:00:00+00:00,6,31.0,3020.229052487607,1076.3700807750924,1929.584165904299,14.274805808215278,1076.3700807750924,365.05835745287567,711.3117233222168,1804.0135693312595,0.0,1076.3700807750924,0.0,1929.584165904299,14.274805808215278,0.0,0.0,0.0,14.274805808215278,19.033074410953702,4.758268602738426,1076.3700807750924,358.7900269250308,3364.7442736044222,50.47116410406633,38.73443137616813,38.59168331808598,247.58787689458714,738.9334512206768,411.1736668633023,-5.115907697472721e-13,0.0,0.0,19.033074410954214,0.0,8609.210719774112,0.0,3347.9888368449815,669.5977673689963,23.82013700937368,0.0,0.0,0.0,1.1368683772161603e-13,0.0
2025-09-25 21:00:00+00:00,6,31.0,2950.7057417030483,1052.464397354346,1884.1631176301105,14.07822671859204,1052.464397354346,356.5872313379956,695.8771660163503,1804.0135693312595,0.0,1052.464397354346,0.0,1884.1631176301105,14.07822671859204,0.0,0.0,0.0,14.07822671859204,18.77096895812272,4.69274223953068,1052.464397354346,350.821465784782,3287.4489807692385,49.31173471153858,37.82404461978813,37.68326235260221,242.0611517432173,722.3944014514589,3673.100143154507,2.5224267119483557e-13,0.0,2.5224267119483557e-13,18.770968958122467,0.0,8609.82471884478,0.0,0.0,669.5977673689963,23.82340102094386,0.0,0.0,0.0,-2.2737367544323206e-13,0.0
2025-09-25 22:00:00+00:00,6,31.0,3008.2873212151394,1072.3394523683694,1921.8213870291754,14.126481817592117,1072.3394523683692,364.2195793560081,708.1198730123612,1804.0135693312595,6.057376822354854e-13,1072.3394523683687,0.0,1921.8213870291754,14.126481817592117,0.0,8.810729923425242e-13,2.753353101070388e-13,14.126481817592117,18.83530909012282,4.708827272530705,1072.3394523683687,357.44648412278957,3351.607323520334,50.274109852805005,38.57769255875943,38.43642774058351,246.69002842320415,736.1335699706726,3744.420891185812,0.0,0.0,0.0,18.8353090901237,0.0,8610.498613042708,0.0,0.0,669.5977673689963,23.819505486935263,0.0,0.0,0.0,-2.2737367544323206e-13,0.0
2025-09-25 23:00:00+00:00,6,31.0,3018.9215469377955,1075.621437505812,1929.1564201524254,14.143689279557485,1075.621437505812,364.0959591930691,711.5254783127431,1804.0135693312595,2.418065747633591e-13,1075.6214375058119,0.0,1929.1564201524254,14.143689279557485,0.0,3.517186542012496e-13,1.099120794378905e-13,14.143689279557485,18.858252372743312,4.714563093185828,1075.6214375058119,358.54047916860395,3363.318336826841,50.449775052402615,38.72456529584409,38.58312840304851,247.3785857921447,738.3910968052298,6055.86796969698,0.0,0.0,0.0,18.858252372743664,0.0,8611.19295557073,2298.555325953954,0.0,2850.1988147465668,23.821566632691066,0.0,0.0,0.0,9.094947017729282e-13,0.0
2025-10-25 00:00:00+00:00,7,36.0,2528.7797424181535,901.4130113993351,1614.2366012757661,13.130129743050377,901.4130113993351,303.6200314108884,597.7929799884467,1804.0135693312595,0.0,901.4130113993351,0.0,1614.2366012757661,0.0,13.130129743050377,0.0,0.0,0.0,0.0,0.0,914.5431411423855,304.8477137141285,2833.62745613228,42.504411841984194,32.284732025515325,32.284732025515325,207.10375139197652,619.0253409991199,3147.805083417274,0.0,0.0,0.0,0.0,0.0,0.0,0.0,0.0,669.5977673689963,23.8440592981096,0.0,0.0,0.0,6.821210263296962e-13,0.0
2025-10-25 01:00:00+00:00,7,36.0,2517.520352218336,897.071074302043,1607.1359583590097,13.313319557284672,897.0710743020429,302.1713541962817,594.8997201057613,1804.0135693312595,0.0,897.071074302043,0.0,1607.1359583590097,0.0,13.313319557284672,0.0,0.0,0.0,0.0,0.0,910.3843938593277,303.4614646197759,2820.9818168381134,42.3147272525717,32.142719167180196,32.142719167180196,206.1101726133935,616.1718028201014,3133.6921550384372,0.0,0.0,0.0,0.0,0.0,0.0,0.0,0.0,669.5977673689963,23.845972705672768,0.0,0.0,0.0,-2.2737367544323206e-13,0.0
2025-10-25 02:00:00+00:00,7,36.0,2536.9740567440685,903.1631899325142,1620.4973233018577,13.313543509696935,903.1631899325142,304.28863281286556,598.8745571196487,1804.0135693312595,0.0,903.1631899325142,0.0,1620.4973233018577,0.0,13.313543509696935,0.0,0.0,0.0,0.0,0.0,916.4767334422112,305.49224448073704,2842.4663012248056,42.636994518372084,32.409946466037155,32.409946466037155,207.51824016436842,620.4673720955518,3157.44142883962,0.0,0.0,0.0,0.0,0.0,0.0,0.0,0.0,669.5977673689963,23.845589935275715,0.0,0.0,0.0,-2.2737367544323206e-13,0.0
2025-10-25 03:00:00+00:00,7,36.0,2490.5298133950173,886.7209505766057,1591.0308833471238,12.777979471286477,886.7209505766056,298.45879449476183,588.2621560818437,1804.0135693312595,0.0,886.7209505766057,0.0,1591.0308833471238,0.0,12.777979471286477,0.0,0.0,0.0,0.0,0.0,899.4989300478921,299.8329766826307,2790.3627900776464,41.85544185116469,31.820617666942475,31.820617666942475,203.70599503050943,609.0356488981898,3099.5654622932075,0.0,0.0,0.0,0.0,0.0,0.0,0.0,0.0,669.5977673689963,23.846792610316967,0.0,0.0,0.0,3.410605131648481e-13,0.0
2025-10-25 04:00:00+00:00,7,36.0,2491.2758855604698,887.2038774270864,1591.1751167420407,12.896891391343974,887.2038774270864,298.49161932253685,588.7122581045495,1804.0135693312595,0.0,887.2038774270864,0.0,1591.1751167420407,0.0,12.896891391343974,0.0,0.0,0.0,0.0,0.0,900.1007688184303,300.03358960614344,2791.3094751666144,41.86964212749921,31.823502334840814,31.823502334840814,203.81142956758592,609.3616659709103,3100.6375515313794,0.0,0.0,0.0,0.0,0.0,0.0,0.0,0.0,669.5977673689963,23.847118171864466,0.0,0.0,0.0,-6.821210263296962e-13,0.0
2025-10-25 05:00:00+00:00,7,36.0,2514.2272191741786,895.4904917221527,1605.6729723655383,13.063755086487433,895.4904917221527,300.91343958659724,594.5770521355555,1804.0135693312595,0.0,895.4904917221527,0.0,1605.6729723655383,0.0,13.063755086487433,0.0,0.0,0.0,0.0,0.0,908.5542468086401,302.85141560288,2817.078634777058,42.25617952165587,32.11345944731077,32.11345944731077,205.69798833973542,615.0325023588929,3129.259721533071,0.0,0.0,0.0,0.0,0.0,0.0,0.0,0.0,669.5977673689963,23.846713204376307,0.0,0.0,0.0,-3.410605131648481e-13,0.0
2025-10-25 06:00:00+00:00,7,36.0,2544.3729493899773,907.66930078465,1623.5364924421926,13.16715616313544,907.66930078465,304.93615015373837,602.7331506309116,1804.0135693312595,0.0,907.66930078465,0.0,1623.5364924421926,0.0,13.16715616313544,0.0,0.0,0.0,0.0,0.0,920.8364569477855,306.9454856492618,2851.31843503924,42.7697765255886,32.47072984884385,32.47072984884385,208.5021669200055,623.1588887925436,3167.5318381825205,0.0,0.0,0.0,0.0,0.0,0.0,0.0,0.0,669.5977673689963,23.844270096341333,0.0,0.0,0.0,-4.547473508864641e-13,0.0
2025-10-25 07:00:00+00:00,7,36.0,2526.457168777455,901.2063629613762,1612.2300018556166,13.020803960462967,901.2063629613763,302.3786057756256,598.8277571857507,1804.0135693312595,0.0,901.2063629613762,0.0,1612.2300018556166,0.0,13.020803960462967,0.0,0.0,0.0,0.0,0.0,914.2271669218392,304.7423889739464,2831.199557751402,42.46799336627103,32.244600037112335,32.244600037112335,207.00866559692847,618.7082480113705,3145.1654167888255,0.0,0.0,0.0,0.0,0.0,0.0,0.0,0.0,669.5977673689963,23.847024374601883,0.0,0.0,0.0,-1.1368683772161603e-13,0.0
2025-10-25 08:00:00+00:00,7,36.0,2488.024131698533,887.1342830902109,1588.1323811207167,12.757467487606098,887.1342830902109,297.296210000845,589.8380730893659,1804.0135693312595,0.0,887.1342830902109,0.0,1588.1323811207167,0.0,12.757467487606098,0.0,0.0,0.0,0.0,0.0,899.891750577817,299.96391685927233,2787.988048557806,41.81982072836709,31.762647622414335,31.762647622414335,203.75686207323292,609.0658949057009,3097.090026604234,0.0,0.0,0.0,0.0,0.0,0.0,0.0,0.0,669.5977673689963,23.850421154983376,0.0,0.0,0.0,1.1368683772161603e-13,0.0
2025-10-25 09:00:00+00:00,7,36.0,2511.5316420559743,895.3248361364134,1603.3705420984547,12.836263821105058,895.3248361364133,299.6208000325949,595.7040361038185,1804.0135693312595,0.0,895.3248361364134,0.0,1603.3705420984547,0.0,12.836263821105058,0.0,0.0,0.0,0.0,0.0,908.1610999575184,302.72036665250613,2814.2520087084795,42.21378013062719,32.06741084196909,32.06741084196909,205.6245666658392,614.6935351329107,3126.2251771888837,0.0,0.0,0.0,0.0,0.0,0.0,0.0,0.0,669.5977673689963,23.85077981223513,0.0,0.0,0.0,-1.3642420526593924e-12,0.0
2025-10-25 10:00:00+00:00,7,36.0,2528.253386990863,900.544489625112,1614.7511326488084,12.957764716941528,900.544489625112,302.0915056019511,598.4529840231609,1804.0135693312595,0.0,900.544489625112,0.0,1614.7511326488084,0.0,12.957764716941528,0.0,0.0,0.0,0.0,0.0,913.5022543420534,304.50075144735115,2832.754138438213,42.491312076573195,32.295022652976165,32.295022652976165,206.85658025478168,618.4386890846583,3146.692076075521,0.0,0.0,0.0,0.0,0.0,0.0,0.0,0.0,669.5977673689963,23.848945438430697,0.0,0.0,0.0,-2.2737367544323206e-13,0.0
2025-10-25 11:00:00+00:00,7,36.0,2512.5000461809145,894.1355471474707,1605.822211773593,12.542287259851578,894.1355471474706,299.9278812065872,594.2076659408834,1804.0135693312595,0.0,894.1355471474707,0.0,1605.822211773593,0.0,12.542287259851578,0.0,0.0,0.0,0.0,0.0,906.6778344073223,302.2259448024408,2814.725990983356,42.22088986475034,32.11644423547186,32.11644423547186,205.37427295206024,614.0539960901951,3126.55404227111,0.0,0.0,0.0,0.0,0.0,0.0,0.0,0.0,669.5977673689963,23.849251902688444,0.0,0.0,0.0,4.547473508864641e-13,0.0
2025-10-25 12:00:00+00:00,7,36.0,2404.621778597998,855.9415927040837,1536.3134993047715,12.366686589142024,855.9415927040837,287.7437672394576,568.1978254646261,1804.0135693312595,0.0,855.9415927040837,0.0,1536.3134993047715,0.0,12.366686589142024,0.0,0.0,0.0,0.0,0.0,868.3082792932257,289.4360930977419,2694.057871695739,40.410868075436085,30.72626998609543,30.72626998609543,196.61566206104482,587.9151632064136,2992.536941804411,0.0,0.0,0.0,0.0,0.0,0.0,0.0,0.0,669.5977673689963,23.85324036797195,0.0,0.0,0.0,-4.547473508864641e-13,0.0
2025-10-25 13:00:00+00:00,7,36.0,2420.1149006663345,862.7412848806327,1544.6605819123815,12.713033873319961,862.7412848806327,289.50183652478785,573.2394483558448,1804.0135693312595,0.0,862.7412848806327,0.0,1544.6605819123815,0.0,12.713033873319961,0.0,0.0,0.0,0.0,0.0,875.4543187539527,291.8181062513176,2711.933006917652,40.678995103764784,30.89321163824763,30.89321163824763,198.16064424324088,592.4441688748186,3012.5590695411524,0.0,0.0,0.0,0.0,0.0,0.0,0.0,0.0,669.5977673689963,23.8534891574231,0.0,0.0,0.0,-6.821210263296962e-13,0.0
2025-10-25 14:00:00+00:00,7,36.0,2432.1762087706884,867.5616407901398,1551.8847825805872,12.729785399961312,867.5616407901398,290.9985120271568,576.5631287629831,1804.0135693312595,0.0,867.5616407901398,0.0,1551.8847825805872,0.0,12.729785399961312,0.0,0.0,0.0,0.0,0.0,880.2914261901011,293.4304753967004,2725.6066841673887,40.88410026251083,31.037695651611745,31.037695651611745,199.2646399920267,595.6546069544613,3027.8308157251495,0.0,0.0,0.0,0.0,0.0,0.0,0.0,0.0,669.5977673689963,23.852576794274903,0.0,0.0,0.0,-2.2737367544323206e-13,0.0
2025-10-25 15:00:00+00:00,7,36.0,2433.220030783311,867.9000033214555,1552.532559017865,12.787468443991152,867.9000033214554,291.2083260561055,576.69167726535,1804.0135693312595,0.0,867.9000033214555,0.0,1552.532559017865,0.0,12.787468443991152,0.0,0.0,0.0,0.0,0.0,880.6874717654467,293.56249058848226,2726.7825213717942,40.90173782057691,31.0506511803573,31.0506511803573,199.34250732184793,595.9080380916217,3029.128068874932,0.0,0.0,0.0,0.0,0.0,0.0,0.0,0.0,669.5977673689963,23.851952579623052,0.0,0.0,0.0,-5.684341886080801e-13,0.0
2025-10-25 16:00:00+00:00,7,36.0,2473.2096265882515,881.6491553856483,1578.6452037958757,12.915267406728756,881.6491553856484,296.4531578016497,585.1959975839987,1804.0135693312595,0.0,881.6491553856483,0.0,1578.6452037958757,0.0,12.915267406728756,0.0,0.0,0.0,0.0,0.0,894.5644227923771,298.1881409307924,2771.3977675190454,41.57096651278568,31.572904075917513,31.572904075917513,202.52781705242552,605.4327326478385,3078.6423592360893,0.0,0.0,0.0,0.0,0.0,0.0,0.0,0.0,669.5977673689963,23.848213611436353,0.0,0.0,0.0,-6.821210263296962e-13,0.0
2025-10-25 17:00:00+00:00,7,36.0,2468.5778610092766,880.3367490020804,1575.081517019157,13.159594988040231,880.3367490020804,296.1294706326711,584.2072783694093,1804.0135693312595,0.0,880.3367490020804,0.0,1575.081517019157,0.0,13.159594988040231,0.0,0.0,0.0,0.0,0.0,893.4963439901206,297.83211466337355,2766.409975672651,41.496149635089765,31.50163034038314,31.50163034038314,202.2418598383649,604.5733848175945,3073.1512458268708,0.0,0.0,0.0,0.0,0.0,0.0,0.0,0.0,669.5977673689963,23.849212702620438,0.0,0.0,0.0,-3.410605131648481e-13,0.0
2025-10-25 18:00:00+00:00,7,36.0,2443.485067689006,870.37504998613,1560.407670839704,12.702346863172552,870.3750499861301,293.57235472604117,576.8026952600889,1804.0135693312595,0.0,870.37504998613,0.0,1560.407670839704,0.0,12.702346863172552,0.0,0.0,0.0,0.0,0.0,883.0773968493025,294.35913228310085,2737.844199972107,41.06766299958161,31.20815341679408,31.20815341679408,199.9906448065194,597.8337469227899,3041.3188146117955,0.0,0.0,0.0,0.0,0.0,0.0,0.0,0.0,669.5977673689963,23.84931047325969,0.0,0.0,0.0,-4.547473508864641e-13,0.0
2025-10-25 19:00:00+00:00,7,36.0,2479.0774094315857,881.6380760219122,1584.561101996484,12.878231413191187,881.6380760219122,296.9288777628123,584.7091982590998,1804.0135693312595,0.0,881.6380760219122,0.0,1584.561101996484,0.0,12.878231413191187,0.0,0.0,0.0,0.0,0.0,894.5163074351034,298.1721024783678,2777.249511909955,41.658742678649325,31.69122203992968,31.69122203992968,202.54953175134196,605.7628209882184,3084.8402304198034,0.0,0.0,0.0,0.0,0.0,0.0,0.0,0.0,669.5977673689963,23.84924278214633,0.0,0.0,0.0,-6.821210263296962e-13,0.0
2025-10-25 20:00:00+00:00,7,36.0,2499.227206624947,890.1285536833226,1595.679316097917,13.419336843707919,890.1285536833226,300.1505837469058,589.9779699364168,1804.0135693312595,0.0,890.1285536833226,0.0,1595.679316097917,0.0,13.419336843707919,0.0,0.0,0.0,0.0,0.0,903.5478905270305,301.1826301756768,2800.4098368006244,42.00614755200937,31.91358632195834,31.91358632195834,204.53843379697847,611.5543841685814,3110.7815907935283,0.0,0.0,0.0,0.0,0.0,0.0,0.0,0.0,669.5977673689963,23.848731357688806,0.0,0.0,0.0,-1.1368683772161603e-13,0.0
2025-10-25 21:00:00+00:00,7,36.0,2539.409197134827,904.1404569317481,1621.9260938171817,13.342646385898266,904.1404569317481,305.65061259209716,598.4898443396509,1804.0135693312595,0.0,904.1404569317481,0.0,1621.9260938171817,0.0,13.342646385898266,0.0,0.0,0.0,0.0,0.0,917.4831033176464,305.8277011058821,2845.23689824071,42.67855347361065,32.438521876343636,32.438521876343636,207.78636042444407,621.1696587566241,3160.578855891451,0.0,0.0,0.0,0.0,0.0,0.0,0.0,0.0,669.5977673689963,23.843459390092466,0.0,0.0,0.0,-2.2737367544323206e-13,0.0
2025-10-25 22:00:00+00:00,7,36.0,2719.374850323636,969.218440897081,1735.5255471889989,14.630862237554735,969.218440897081,327.34678879667354,641.8716521004075,1804.0135693312595,0.0,969.218440897081,0.0,1735.5255471889989,0.0,14.630862237554735,0.0,0.0,0.0,0.0,0.0,983.8493031346358,327.94976771154523,3047.32461803518,45.7098692705277,34.71051094377998,34.71051094377998,222.75544764528615,665.836106514919,3385.2109568385545,0.0,0.0,0.0,0.0,0.0,0.0,0.0,0.0,669.5977673689963,23.834838422885305,0.0,0.0,0.0,-6.821210263296962e-13,0.0
2025-10-25 23:00:00+00:00,7,36.0,2665.5769577284495,951.442973562626,1699.8193433986364,14.314640767185079,951.442973562626,320.5659655241019,630.8770080385241,1804.0135693312595,0.0,951.442973562626,0.0,1699.8193433986364,0.0,14.314640767185079,0.0,0.0,0.0,0.0,0.0,965.7576143298111,321.9192047766037,2987.496162505051,44.81244243757576,33.99638686797273,33.99638686797273,218.6368253636471,653.361246313772,3318.9382040422215,0.0,0.0,0.0,0.0,0.0,0.0,0.0,0.0,669.5977673689963,23.838684856731213,0.0,0.0,0.0,0.0,0.0
2025-12-05 00:00:00+00:00,8,47.0,3313.760256430499,1195.238222716515,2103.881209551099,14.640824162884138,1195.238222716515,402.26019087860055,792.9780318379145,1804.0135693312595,945.1516522031578,250.0865705133573,1626.4430310885548,477.4381784625441,14.640824162884138,0.0,1374.7660395682296,429.61438736507176,1641.083855251439,2188.1118070019184,547.0279517504796,250.0865705133573,83.3621901711191,810.8869391470205,12.163304087205306,58.48846274353637,9.548763569250882,274.83156416792946,1415.0366238545923,4728.796880285092,2762.578189227051,2762.57818922705,9.094947017729282e-13,800.2996573430969,0.0,1043.8414066677472,0.0,0.0,669.5977673689963,23.79674792481535,0.0,0.0,0.0,6.821210263296962e-13,0.0
2025-12-05 01:00:00+00:00,8,47.0,3255.273607904799,1175.8813187902576,2065.1235818777577,14.268707236786511,1175.8813187902579,394.81476608983394,781.0665527004238,1804.0135693312595,945.1516522031577,230.72966658709993,1626.815148014652,438.3084338631056,14.268707236786511,0.0,1374.7660395682294,429.61438736507165,1641.0838552514385,2188.111807001918,547.0279517504795,230.72966658709993,76.90988886236664,745.9479893125722,11.189219839688583,57.71331019006954,8.766168677262113,270.3259398742409,1401.546866559179,8004.809311308958,2838.66074077095,2838.66074077095,0.0,724.2171057991973,0.0,1729.759974363649,3347.9888368449815,0.0,3845.7788589433967,23.799428526410814,0.0,0.0,0.0,-1.3642420526593924e-12,0.0
2025-12-05 02:00:00+00:00,8,47.0,3269.75182916589,1181.435483642298,2073.9492826829555,14.367062840633805,1181.435483642298,397.6075528139145,783.8279308283837,1804.0135693312595,945.1516522031575,236.2838314391406,1626.7167924108044,447.23249027215115,14.367062840633805,0.0,1374.7660395682292,429.6143873650716,1641.083855251438,2188.1118070019174,547.0279517504794,236.2838314391406,78.76127714638021,762.277598857672,11.43416398286508,57.889824206173486,8.944649805443023,271.6624946959189,1405.3347489523317,4675.086578118221,2901.5430866598094,2901.54308665981,0.0,661.3347599103372,0.0,2354.568476329742,0.0,0.0,3845.7788589433967,23.797403088899323,0.0,0.0,0.0,-4.547473508864641e-13,0.0
2025-12-05 03:00:00+00:00,8,47.0,3240.5741984163383,1170.6578936062276,2055.7066024241067,14.209702386004126,1170.6578936062276,393.8316848173284,776.8262087888992,1804.0135693312595,945.1516522031576,225.50624140307002,1626.874152865434,428.8324495586726,14.209702386004126,0.0,1374.7660395682292,429.6143873650716,1641.0838552514383,2188.1118070019174,547.0279517504794,225.50624140307002,75.16874713435668,729.5074380960993,10.942611571441489,57.52497060099652,8.576648991173451,269.1766755960991,1398.0319930096182,6937.161517379909,2942.0776846507797,2942.07768465078,0.0,620.8001619193669,0.0,2939.6194932004814,2298.555325953953,0.0,6026.379906320966,23.799789305413412,0.0,0.0,0.0,0.0,0.0
2025-12-05 04:00:00+00:00,8,47.0,3244.6578009155373,1170.9292077372534,2059.487047439902,14.241545738381667,1170.9292077372534,393.21696807923234,777.712239658021,1804.0135693312595,945.1516522031575,225.77755553409588,1626.8423095130572,432.644737926845,14.241545738381667,0.0,1374.7660395682292,429.6143873650716,1641.083855251439,2188.1118070019184,547.0279517504796,225.77755553409588,75.25918517803196,733.6814786389727,11.00522217958459,57.60057950131244,8.6528947585369,269.1896724731352,1398.3498932061523,4643.007694121688,4426.422264428191,4426.42226442819,9.094947017729282e-13,0.0,863.5444178580428,2024.7461301529827,0.0,0.0,6026.379906320966,23.801082647548995,0.0,0.0,0.0,-2.0463630789890885e-12,0.0
2025-12-05 05:00:00+00:00,8,47.0,3213.546996667924,1161.2250484790482,2038.1858311659846,14.136117022891673,1161.2250484790482,390.3432490704342,770.881799408614,1804.0135693312595,945.1516522031575,216.07339627589067,1626.9477382285468,411.23809293743784,14.136117022891673,0.0,1374.7660395682292,429.6143873650716,1641.0838552514385,2188.111807001918,547.0279517504795,216.07339627589067,72.0244654252969,699.3359546386255,10.490039319579381,57.17455517583408,8.224761858748757,266.99455826728416,1391.5507191622942,4605.097715830218,5482.53965256819,6145.5900633261,0.0,0.0,1919.661805998043,0.0,0.0,0.0,6026.379906320966,23.802034519196216,0.0,0.0,0.0,-4.547473508864641e-13,0.0
2025-12-05 06:00:00+00:00,8,47.0,3231.6086361001035,1167.0066343785097,2050.6021919389427,13.999809782651738,1167.0066343785097,393.7484493356116,773.258185042898,1804.0135693312595,945.1516522031578,221.8549821753519,1627.084045468787,423.51814647015567,13.999809782651738,0.0,1374.7660395682296,429.61438736507176,1641.0838552514388,2188.1118070019184,547.0279517504796,221.8549821753519,73.95166072511729,719.3247893706248,10.789871840559371,57.42288239129324,8.470362929403114,268.3684238902261,1395.6455408921504,4627.2541769922545,3562.877846570148,5783.5908478806,0.0,0.0,0.0,0.0,0.0,0.0,6026.379906320966,23.798544355938724,0.0,0.0,0.0,6.821210263296962e-13,0.0
2025-12-05 07:00:00+00:00,8,47.0,3273.6988613332783,1179.965289703469,2079.7361083361493,13.997463293659415,1179.965289703469,400.2791991876096,779.6860905158593,1804.0135693312595,945.1516522031577,234.8136375003112,1627.0863919577791,452.64971637837016,13.997463293659415,0.0,1374.7660395682294,429.61438736507165,1641.0838552514385,2188.111807001918,547.0279517504795,234.8136375003112,78.27121250010373,765.7345663787851,11.486018495681776,58.00556071923737,9.052994327567403,271.4929560552288,1404.9510812133703,4678.649942546648,3562.877846570147,4705.32990859721,0.0,0.0,0.0,0.0,0.0,0.0,6026.379906320966,23.7989597916024,0.0,0.0,0.0,-4.547473508864641e-13,0.0
2025-12-05 08:00:00+00:00,8,47.0,3289.965582270757,1186.1058492104632,2089.8291031624085,14.030629897884019,1186.105849210463,401.4739723897052,784.631876820758,1804.0135693312595,945.1516522031577,240.95419700730554,1627.0532253535546,462.7758778088539,14.030629897884019,0.0,1374.7660395682294,429.61438736507165,1641.0838552514385,2188.111807001918,547.0279517504795,240.95419700730554,80.31806566910184,784.0481404852612,11.760722107278918,58.20742061576256,9.255517556177079,272.8526157528183,1409.0366808166898,4699.002263087446,3562.877846570147,4249.98488331008,0.0,0.0,0.0,0.0,0.0,0.0,6026.379906320966,23.798699611972232,0.0,0.0,0.0,-2.2737367544323206e-13,0.0
2025-12-05 09:00:00+00:00,8,47.0,3246.17856726729,1171.042448553223,2061.069935512827,14.06618320123731,1171.042448553223,395.288031489335,775.7544170638879,1804.0135693312595,945.1516522031576,225.89079635006544,1627.017672050201,434.0522634626261,14.06618320123731,0.0,1374.7660395682292,429.6143873650716,1641.0838552514383,2188.1118070019174,547.0279517504794,225.89079635006544,75.29693211668848,735.23999192938,11.0285998789407,57.63223726277093,8.681045269252522,269.33557362171047,1398.616727264914,4644.795294532204,1830.5180978246594,1830.51809782466,0.0,1732.3597487454872,0.0,1645.7417613082127,0.0,0.0,6026.379906320967,23.798428905617254,0.0,0.0,0.0,0.0,0.0
2025-12-05 10:00:00+00:00,8,47.0,3249.987944525909,1171.9037183590005,2063.9724167815825,14.11180938532822,1171.9037183590005,396.52229899538617,775.3814193636144,1804.0135693312595,945.1516522031576,226.75206615584295,0.0,2063.9724167815825,14.11180938532822,0.0,1374.7660395682292,429.6143873650716,14.11180938532822,18.815745847104292,4.703936461776073,226.75206615584295,75.58402205194766,2366.308504989373,35.49462757484059,41.42056642948493,41.27944833563165,269.57994425997276,897.6769324787251,2413.7639673305725,2.2737367544323206e-13,0.0,2.2737367544323206e-13,1393.5817854153333,0.0,2966.3529739301634,0.0,1733.90090967406,4198.68786911833,23.79675925753962,0.0,0.0,0.0,-1.8189894035458565e-12,0.0
2025-12-05 11:00:00+00:00,8,47.0,3187.5281264695495,1146.5899898358552,2027.4798776191083,13.45825901458408,1146.5899898358552,389.16892133186633,757.421068503989,1804.0135693312595,945.1516522031578,201.43833763269743,0.0,2027.4798776191083,13.45825901458408,0.0,1374.7660395682296,429.61438736507176,13.45825901458408,17.94434535277877,4.486086338194693,201.43833763269743,67.14611254423248,2296.064327796038,34.44096491694057,40.68418014252801,40.54959755238217,263.8648269085571,880.7861557679067,720.325445392475,4.547473508864641e-13,0.0,4.547473508864641e-13,1392.710384921008,0.0,4283.495133657261,0.0,3347.9888368449815,669.5977673689963,23.806524739779192,0.0,0.0,0.0,3.410605131648481e-13,0.0
2025-12-05 12:00:00+00:00,8,47.0,3315.267657587318,1194.0454322926437,2107.1311399333013,14.091085361373594,1194.0454322926437,403.97117722880046,790.0742550638432,1804.0135693312595,945.1516522031577,248.89378008948597,0.0,2107.1311399333013,14.091085361373594,0.0,1374.7660395682294,429.61438736507165,14.091085361373594,18.78811381516479,4.697028453791198,248.89378008948597,82.964593363162,2438.989513385949,36.58484270078923,42.28353365227976,42.142622798666025,274.6957005030208,912.9827088367806,4228.250366424099,2.2737367544323206e-13,0.0,2.2737367544323206e-13,1393.554153383394,0.0,5598.804589104172,0.0,0.0,669.5977673689963,23.797775523387806,0.0,0.0,0.0,9.094947017729282e-13,0.0
2025-12-05 13:00:00+00:00,8,47.0,3332.0630603017357,1200.6061312951158,2117.0156684891267,14.441260517494976,1200.6061312951158,404.4105060527551,796.1956252423606,1804.0135693312595,945.1516522031577,255.4544790919581,1626.6425947339435,490.3730737551832,14.441260517494976,0.0,1374.7660395682294,429.61438736507165,1641.0838552514385,2188.111807001918,547.0279517504795,255.4544790919581,85.1514930306527,830.9790458777941,12.464685688166911,58.75115192229692,9.807461475103665,276.06815722176964,1418.8852884535409,7049.503674709231,0.0,0.0,0.0,3562.877846570147,0.0,8972.340934167605,2298.555325953954,0.0,2850.1988147465668,23.79458933114535,0.0,0.0,0.0,4.547473508864641e-13,0.0
2025-12-05 14:00:00+00:00,8,47.0,3276.583242998947,1178.1291386772982,2084.464587617638,13.989516704010812,1178.1291386772982,396.7957127243858,781.3334259529124,1804.0135693312595,945.1516522031575,232.97748647414073,1627.094338547428,457.37024907020987,13.989516704010812,0.0,1374.7660395682292,429.6143873650716,1641.0838552514388,2188.1118070019184,547.0279517504796,232.97748647414073,77.65916215804691,768.0068977023975,11.520103465535962,58.10013030486715,9.147404981404197,270.88951970142676,1403.9586597268321,4680.541902725779,2609.1549486553604,2609.15494865536,4.547473508864641e-13,953.7228979147872,0.0,9860.433005318317,0.0,0.0,2850.1988147465668,23.79976826501188,0.0,0.0,0.0,4.547473508864641e-13,0.0
2025-12-05 15:00:00+00:00,8,47.0,3241.7336253367407,1167.0344116532667,2060.2858210167583,14.413392666714731,1167.0344116532667,390.48740809288023,776.5470035603864,1804.0135693312595,945.1516522031576,221.88275945010912,1626.6704625847237,433.61535843203455,14.413392666714731,0.0,1374.7660395682292,429.6143873650716,1641.0838552514385,2188.111807001918,547.0279517504795,221.88275945010912,73.96091981670304,729.4590376988467,10.9418855654827,57.61655497284955,8.67230716864069,268.24427723184544,1396.0782838710725,7985.800746052793,2557.7187423331,2557.7187423331,0.0,1005.1591042370469,0.0,10795.613288332874,3347.9888368449806,0.0,6026.379906320966,23.80994712313105,0.0,0.0,0.0,-9.094947017729282e-13,0.0
2025-12-05 16:00:00+00:00,8,47.0,3285.9808779116343,1181.4893462588266,2089.3982679416467,15.093263711159002,1181.4893462588266,396.63090154870434,784.8584447101223,1804.0135693312595,945.1516522031577,236.33769405566886,1625.9905915402792,463.40767640136755,15.093263711159002,0.0,1374.7660395682294,429.61438736507165,1641.083855251438,2188.1118070019174,547.0279517504794,236.33769405566886,78.77923135188962,778.524601808926,11.677869027133891,58.19880391134731,9.268153528027351,271.69461794319903,1406.2610148771485,4692.241892788782,3850.12632853542,3850.12632853542,0.0,0.0,287.24848196527273,10471.655238634869,0.0,0.0,6026.379906320966,23.812146668096087,0.0,0.0,0.0,-6.821210263296962e-13,0.0
2025-12-05 17:00:00+00:00,8,47.0,3258.13848750876,1172.4020084349113,2070.561230106841,15.17524896700709,1172.4020084349113,392.05139004459704,780.3506183903143,1804.0135693312595,945.1516522031576,227.2503562317537,1625.9086062844317,444.65262382240917,15.17524896700709,0.0,1374.7660395682292,429.6143873650716,1641.0838552514388,2188.1118070019184,547.0279517504796,227.2503562317537,75.7501187439179,747.6530987980807,11.21479648197121,57.822063154651204,8.893052476448183,269.51044545054606,1399.8328154230858,4657.971302931846,5656.343454597171,5656.34345459717,9.094947017729282e-13,0.0,2093.465608027024,8247.0639197081,0.0,0.0,6026.379906320967,23.814609331534403,0.0,0.0,0.0,4.547473508864641e-13,0.0
2025-12-05 18:00:00+00:00,8,47.0,3197.7869855633876,1151.4230140157542,2031.302179575985,15.06179197164983,1151.4230140157542,383.8210746293957,767.6019393863586,1804.0135693312595,945.1516522031575,206.27136181259675,0.0,2031.302179575985,15.06179197164983,0.0,1374.7660395682292,429.6143873650716,15.06179197164983,20.082389295533105,5.020597323883276,206.27136181259675,68.75712060419892,2306.3306619927807,34.59495992989171,40.7766615112362,40.626043591519704,264.6131380778159,884.0029084036173,733.8010571220232,5292.86699193041,5292.86699193041,0.0,0.0,3898.018563066648,4127.392357061686,0.0,3347.9888368449815,2497.289804571633,23.81921925629269,0.0,0.0,0.0,0.0,0.0
2025-12-05 19:00:00+00:00,8,47.0,3215.358481917195,1156.341745692169,2044.589368678386,14.427367546637642,1156.341745692169,386.09023926951477,770.2515064226543,1804.0135693312595,945.1516522031574,211.1900934890117,0.0,2044.589368678386,14.427367546637642,0.0,1374.766039568229,429.61438736507154,14.427367546637642,19.23649006218352,4.80912251554588,211.1900934890117,70.39669782967057,2326.176159997068,34.892642399956024,41.0360610490341,40.89178737356772,265.74330603396584,887.3840045668117,2368.841576809946,4779.00251824529,4779.00251824529,0.0,0.0,3384.999988614877,555.9796895950608,0.0,1733.9009096740594,669.5977673689963,23.81472469877118,0.0,0.0,0.0,-9.094947017729282e-13,0.0
2025-12-05 20:00:00+00:00,8,47.0,3350.7519629627786,1203.3509732424448,2133.055686821833,14.345302898498048,1203.3509732424448,403.8921451858221,799.4588280566227,1804.0135693312595,945.1516522031576,258.19932103928716,0.0,2133.055686821833,14.345302898498048,0.0,1374.7660395682292,429.6143873650716,14.345302898498048,19.12707053133073,4.781767632832683,258.19932103928716,86.06644034642905,2477.3214482075496,37.15982172311324,42.80456676542165,42.66111373643667,276.66656383660944,919.7546614059142,4270.506624368692,1921.0174538046372,7987.78941259822,0.0,0.0,527.1243437050772,0.0,0.0,0.0,669.5977673689963,23.80435443921074,0.0,0.0,0.0,-4.547473508864641e-13,0.0
2025-12-05 21:00:00+00:00,8,47.0,3339.1010558841294,1199.4952696887383,2125.1897884208533,14.415997774539786,1199.495269688738,402.3601207714033,797.1351489173348,1804.0135693312595,945.1516522031576,254.3436174855807,1626.6678574768991,498.5219309439542,14.415997774539786,0.0,1374.7660395682292,429.6143873650716,1641.083855251439,2188.1118070019184,547.0279517504796,254.3436174855807,84.7812058285269,837.6467542580617,12.564701313870925,58.91463432093146,9.970438618879085,275.74862340033786,1418.6219425980976,4757.722998482226,3562.8778465701475,7300.99573515421,0.0,0.0,0.0,0.0,0.0,0.0,669.5977673689963,23.803638781772754,0.0,0.0,0.0,-9.094947017729282e-13,0.0
2025-12-05 22:00:00+00:00,8,47.0,3279.836809560675,1178.4681193987012,2087.120853507137,14.247836654840238,1178.4681193987012,395.3109157148745,783.1572036838267,1804.0135693312595,945.1516522031577,233.3164671955435,1626.836018596598,460.28483491053885,14.247836654840238,0.0,1374.7660395682294,429.61438736507165,1641.0838552514383,2188.1118070019174,547.0279517504794,233.3164671955435,77.77215573184783,771.3734578379301,11.570601867568952,58.15325562265712,9.205696698210778,270.92252067098093,1404.2665697068167,4684.103379267492,3562.877846570147,6045.7364459129,0.0,0.0,0.0,0.0,0.0,0.0,669.5977673689963,23.807415828203712,0.0,0.0,0.0,-2.2737367544323206e-13,0.0
2025-12-05 23:00:00+00:00,8,47.0,3122.4725653333685,1119.8016820013568,1989.2280759370215,13.442807394992714,1119.8016820013568,376.8146655188531,742.9870164825037,1804.0135693312595,945.1516522031578,174.65002979819894,1627.6410478564453,361.58702808057615,13.442807394992714,0.0,1374.7660395682296,429.61438736507176,1641.083855251438,2188.1118070019174,547.0279517504794,174.65002979819894,58.21667659939965,594.4537344781747,8.91680601717262,56.19540007125481,7.231740561611523,257.4783475927728,1364.6813099577626,4487.153875291131,3263.79891798476,3263.79891798476,0.0,299.07892858538685,0.0,284.1249821561175,0.0,0.0,669.5977673689963,23.814969722334624,0.0,0.0,0.0,0.0,2.2737367544323206e-13
