timestamp_hour_utc,representative_day_id,day_weight,it_load_kw,q_air_kw,q_cp_kw,q_rdhx_kw,s_air_kw,s_air_old_kw,s_air_new_kw,old_ac_capacity_eff_kw,q_air_to_ashp_kw,q_air_to_reject_kw,q_cp_to_wshp_kw,q_cp_to_free_kw,q_rdhx_to_wshp_kw,q_rdhx_to_chiller_kw,q_ashp_out_kw,p_ashp_kw,q_wshp_in_kw,q_wshp_out_kw,p_wshp_kw,q_chiller_evap_kw,p_chiller_kw,q_tower_kw,p_tower_kw,p_pump_kw,p_cdu_free_kw,p_terminal_kw,p_cooling_kw,p_grid_kw,q_heat_kw,heating_demand_kw,heat_demand_upper_violation_kw,q_tes_ch_kw,q_tes_dis_kw,e_tes_kwh,p_bess_ch_kw,p_bess_dis_kw,e_bess_kwh,max_theta_c,hotspot_slack_c,hotspot_penalty_yuan,bess_degradation_cost_yuan,power_balance_residual_kw,heat_balance_residual_kw
2025-01-15 00:00:00+00:00,0,71.0,2808.3800211662774,939.7698711325876,1614.6069342625376,254.00321577115133,939.7698711325878,255.9313636723259,683.8385074602619,1269.589789842149,782.4057853061363,157.3640858264513,1602.837935090381,11.768999172156555,254.00321577115133,0.0,1138.0447786271075,355.63899332097105,1856.8411508615325,2475.78820114871,618.9470502871775,157.3640858264513,52.454695275483765,221.5877802740916,3.323816704111374,50.860550193866075,0.2353799834431311,217.73821335672167,1299.1986991217748,4107.578720288051,3093.4074654143706,3093.40746541437,4.547473508864641e-13,520.4255143614471,0.0,1206.7575767899582,0.0,0.0,22802.77431937785,23.821011121736607,0.0,0.0,0.0,-1.1368683772161603e-12,-2.2737367544323206e-13
2025-01-15 01:00:00+00:00,0,71.0,2850.3519168317885,954.4695589627165,1640.3567822419889,255.52557562708054,954.4695589627167,259.05816757851125,695.4113913842054,1269.589789842149,794.7904227429351,159.6791362197814,1601.3155752344524,39.041207007536514,255.5255756270805,2.842170943040401e-14,1156.0587967169965,361.2683739740614,1856.841150861533,2475.7882011487104,618.9470502871776,159.67913621978144,53.22637873992715,251.9467219672451,3.7792008295086763,51.3755471534551,0.7808241401507303,221.03278279827973,1310.4101579225603,4160.762074754349,3109.2480335896903,3109.24803358969,4.547473508864641e-13,522.5989642760164,0.0,1700.8130776985938,0.0,0.0,22802.77431937785,23.818236841559067,0.0,0.0,0.0,0.0,0.0
2025-01-15 02:00:00+00:00,0,71.0,2878.6567769324,963.1773088118015,1659.740301749064,255.7391663715342,963.1773088118016,261.02032137169414,702.1569874401075,1269.589789842149,803.2972147743768,159.88009403742467,1601.1019844899981,58.63831725906584,255.7391663715342,0.0,1168.4323123990937,365.13509762471676,1856.8411508615322,2475.7882011487095,618.9470502871774,159.88009403742467,53.293364679141554,271.81177597563203,4.07717663963448,51.76321754359661,1.1727663451813168,222.98898598090716,1317.3776591003552,4196.034436032755,3126.30873543184,3126.30873543184,0.0,517.9117781159634,0.0,2189.4276407533616,0.0,0.0,22802.77431937785,23.819895922415125,0.0,0.0,0.0,0.0,0.0
2025-01-15 03:00:00+00:00,0,71.0,2848.0398182076824,953.3896569408188,1640.6182394502703,254.03192181659355,953.3896569408188,258.66971782870826,694.7199391121105,1269.589789842149,794.572026969813,158.81762997100577,1602.8092290449388,37.80901040533149,254.03192181659355,0.0,1155.74113013791,361.16910316809685,1856.8411508615322,2475.7882011487095,618.9470502871774,158.81762997100577,52.93920999033526,249.56585036667252,3.743487755500088,51.38077629762073,0.7561802081066299,220.74547076393466,1309.6812784707715,4157.721096678453,3153.1453945375397,3153.14539453754,0.0,478.38393674908,0.0,2639.513525383481,0.0,0.0,22802.77431937785,23.822036250715847,0.0,0.0,0.0,-6.821210263296962e-13,0.0
2025-01-15 04:00:00+00:00,0,71.0,2876.2462463172383,962.6027124208791,1656.704670170318,256.938863726042,962.6027124208792,261.12996082696856,701.4727515939107,1269.589789842149,802.3404615791455,160.2622508417336,1599.9022871354905,56.80238303482747,256.938863726042,0.0,1167.040671387848,364.7002098087025,1856.8411508615325,2475.78820114871,618.9470502871775,160.2622508417336,53.42075028057786,270.4853841571389,4.057280762357084,51.70250491202168,1.1360476606965495,222.8913760885928,1316.8552198001257,4193.101466117364,4724.98616333848,4724.98616333848,0.0,0.0,1082.1572908019216,1495.1215606464807,0.0,0.0,22802.77431937785,23.818440570202544,0.0,0.0,0.0,0.0,0.0
2025-01-15 05:00:00+00:00,0,71.0,2860.627209702743,957.1505455263214,1648.1373806308184,255.3392835456023,957.1505455263215,259.6351953329978,697.5153501933237,1269.589789842149,797.8943945140387,159.25615101228266,1601.5018673159298,46.63551331488861,255.33928354560283,-5.115907697472721e-13,1160.5736647476926,362.67927023365394,1856.8411508615327,2475.78820114871,618.9470502871775,159.25615101228215,53.08538367076071,258.97704799793144,3.8846557199689715,51.531159121231696,0.9327102662977723,221.62201042194698,1312.6822397210376,4173.30944942378,5049.610202830603,6506.07545272263,0.0,0.0,1413.2483369342008,4.501489173397658,0.0,0.0,22802.77431937785,23.81935839007689,0.0,0.0,0.0,-4.547473508864641e-13,0.0
2025-01-15 06:00:00+00:00,0,71.0,2891.20752532406,967.5365471628538,1664.7205109350048,258.9504672262016,967.536547162854,262.74152593862124,704.7950212242329,1269.589789842149,806.161642150536,161.37490501231787,1597.890683635331,66.82982729967375,258.9504672262019,-2.8421709430404007e-13,1172.5987522189614,366.4371100684254,1856.841150861533,2475.7882011487104,618.9470502871776,161.37490501231758,53.79163500410586,281.99636731609723,4.229945509741459,51.86282172731542,1.336596545993475,224.04714190504916,1320.6523010478081,17840.682564435458,3652.65481525297,6069.99645352609,0.0,0.0,4.26786188529832,0.0,13628.822738063589,0.0,35732.21082306985,23.81742663450325,0.0,0.0,0.0,0.0,0.0
2025-01-15 07:00:00+00:00,0,71.0,2991.1255254053904,995.6683109771111,1729.2223704768103,266.23484395146886,995.6683109771113,270.8896901854423,724.778620791669,1269.589789842149,834.0234892461538,161.64482173095735,1590.6063069100637,138.61606356674656,266.23484395146886,0.0,1213.1250752671328,379.10158602097897,1856.8411508615327,2475.78820114871,618.9470502871775,161.64482173095735,53.88160724365245,354.1424925413563,5.312137388120345,53.15285891815153,2.7723212713349312,230.6944860330818,1343.8620471624974,4334.9875725678885,3688.913276415843,4844.12799534811,0.0,0.0,0.0,0.0,0.0,0.0,35732.21082306985,23.81655402990563,0.0,0.0,0.0,6.821210263296962e-13,0.0
2025-01-15 08:00:00+00:00,0,71.0,2944.9752679612047,978.5156324272612,1704.085578896553,262.3740566373918,978.5156324272612,266.6389303203778,711.8767021068834,1269.589789842149,820.9240796092798,157.59155281798132,1594.4670942241407,109.61848467241225,262.3740566373918,0.0,1194.071388522589,373.147308913309,1856.8411508615325,2475.78820114871,618.9470502871775,157.59155281798132,52.53051760599377,319.7405550963873,4.796108326445809,52.65012308654639,2.1923696934482453,226.7944969543406,1331.0579748672612,4276.0332428284655,3669.8595896712986,4309.37483658353,0.0,0.0,0.0,0.0,0.0,0.0,35732.21082306985,23.82077072841186,0.0,0.0,0.0,-4.547473508864641e-13,0.0
2025-01-15 09:00:00+00:00,0,71.0,2856.3171736067093,950.1683054232956,1649.081212091469,257.06765609194406,950.1683054232957,259.23234320259905,690.9359622206966,1269.589789842149,795.6321587471368,154.53614667615875,252.15533545831937,1396.9258766331498,257.06765609194406,0.0,1157.2831399958354,361.65098124869854,509.22299155026343,678.9639887336846,169.74099718342114,154.53614667615875,51.51204889205292,1602.9740722013614,24.04461108302042,38.073854157332015,27.938517532662996,220.28954198370684,893.2505520808949,3749.567725687604,1836.24712872952,1836.24712872952,0.0,0.0,0.0,0.0,0.0,0.0,35732.21082306985,23.821984287058715,0.0,0.0,0.0,-3.410605131648481e-13,0.0
2025-01-15 10:00:00+00:00,0,71.0,2920.5415446704137,968.9569000619075,1690.494638221385,261.09000638711916,968.9569000619076,264.03173489537227,704.9251651665354,1269.589789842149,0.0,968.9569000619075,0.0,1690.494638221385,261.09000638711916,0.0,0.0,0.0,261.09000638711916,348.12000851615886,87.03000212903972,968.9569000619075,322.98563335396915,2982.4371716372616,44.73655757455892,36.42079282829889,33.8098927644277,224.61478632636138,749.5976649766557,0.0,0.0,0.0,0.0,348.12000851615886,0.0,330.71400809035094,0.0,3670.1392096470695,31863.544412278196,23.8213576185558,0.0,0.0,0.0,1.1368683772161603e-13,0.0
2025-01-15 11:00:00+00:00,0,71.0,2884.3580135951543,956.1298588688461,1669.434495338491,258.79365938781683,956.1298588688464,261.0796077206649,695.0502511481815,1269.589789842149,0.0,956.1298588688461,0.0,1669.434495338491,258.79365938781683,0.0,0.0,0.0,258.79365938781683,345.0582125170891,86.26455312927227,956.1298588688461,318.70995295628205,2944.274307163619,44.16411460745429,35.97662650064799,33.38868990676982,221.69953872865466,740.2034758290811,0.0,-5.684341886080802e-14,0.0,0.0,345.05821251708915,0.0,657.857881965405,0.0,3624.5614894242353,28042.9211369739,23.821966894056736,0.0,0.0,0.0,0.0,0.0
2025-01-15 12:00:00+00:00,0,71.0,2853.4237402053895,944.8540646108802,1653.0537658406718,255.51590975383934,944.8540646108804,257.96308740744547,686.8909772034349,1269.589789842149,366.6827355464354,578.1713290644448,0.0,1653.0537658406718,255.51590975383934,0.0,533.3567062493606,166.67397070292517,255.51590975383934,340.68787967178577,85.17196991794644,578.1713290644448,192.72377635481493,2423.9488712599314,36.359233068898966,35.61623441435183,33.06107531681344,219.08775571992152,768.6940154956724,0.0,-2.2737367544323206e-13,0.0,0.0,874.0445859211466,0.0,1486.8845228265636,0.0,3622.117755701062,24224.873783189665,23.826473189819986,0.0,0.0,0.0,0.0,0.0
2025-01-15 13:00:00+00:00,0,71.0,2959.8028347531276,980.3754808325152,1714.7405793990247,264.68677452158846,980.3754808325152,267.65077535873286,712.7247054737824,1269.589789842149,728.9786883308068,251.39679250170843,0.0,1714.7405793990247,264.6867745215885,-5.684341886080802e-14,1060.3326375720826,331.3539492412758,264.6867745215885,352.915699362118,88.2289248405295,251.39679250170838,83.79893083390279,2049.936302734636,30.749044541019536,36.94167933319638,34.2948115879805,227.32118386562655,832.688524243531,3792.491358996658,-2.2737367544323206e-13,0.0,0.0,1413.2483369342008,0.0,2826.4966738684016,0.0,0.0,24224.873783189665,23.819989780849106,0.0,0.0,0.0,-4.547473508864641e-13,0.0
2025-01-15 14:00:00+00:00,0,71.0,2688.7827231125098,890.5442416983367,1554.2824322785268,243.95604913564617,890.5442416983367,243.25094557667006,647.2932961216667,1269.589789842149,748.2296595901589,142.31458210817777,280.2600555432904,1274.0223767352363,243.95604913564614,2.842170943040401e-14,1088.3340503129584,340.1043907227995,524.2161046789365,698.954806238582,174.7387015596455,142.3145821081778,47.438194036059265,1463.7751528794734,21.9566272931921,36.3278096923599,25.480447534704727,206.52351877591664,852.5696896146776,3541.352412727187,1787.2888565515404,1787.28885655154,4.547473508864641e-13,0.0,0.0,2820.8436805206647,0.0,0.0,24224.873783189665,23.83431604263355,0.0,0.0,0.0,-2.2737367544323206e-13,0.0
2025-01-15 15:00:00+00:00,0,71.0,2904.154167839462,962.0030434673798,1681.2057707702343,260.9453536018484,962.0030434673799,263.07495699925363,698.9280864681264,1269.589789842149,809.0046148902321,152.9984285771477,263.7371973536393,1417.468573416595,260.9453536018484,0.0,1176.733985294883,367.7293704046509,524.6825509554877,699.5767346073169,174.89418365182922,152.9984285771477,50.999476192382566,1621.4664781861254,24.321997172791882,38.87094092495957,28.349371468331903,223.08289114239858,908.2482309573447,5710.437987734181,1876.3107199022,1876.3107199022,0.0,0.0,0.0,2815.2019931596233,1898.0355889373748,0.0,26025.508445520023,23.823590576257903,0.0,0.0,0.0,-6.821210263296962e-13,0.0
2025-01-15 16:00:00+00:00,0,71.0,2899.9406730654787,960.5504428736645,1679.1307800430131,260.2594501488012,960.5504428736646,262.67980865935203,697.8706342143125,1269.589789842149,808.0718140152488,152.47862885841562,1018.5411086299551,660.589671413058,260.2594501488012,0.0,1175.3771840221802,367.3053700069313,1278.8005587787563,1705.0674117050085,426.2668529262521,152.47862885841562,50.826209619471875,863.8945098909455,12.958417648364183,46.37062118864783,13.21179342826116,222.74318483178206,1139.6824496497106,4039.6231227151884,2862.6287171007702,2862.62871710077,4.547473508864641e-13,17.8158786264186,0.0,2826.4966738684016,0.0,0.0,26025.508445520023,23.825404838247806,0.0,0.0,0.0,-9.094947017729282e-13,-1.4566126083082054e-13
2025-01-15 17:00:00+00:00,0,71.0,2892.0617509044387,958.9092139886773,1674.3770155893474,258.775521326412,958.9092139886775,261.8165077770752,697.0927062116023,1269.589789842149,806.2172055860901,152.69200840258713,1598.0656295351205,76.31138605422689,258.775521326412,0.0,1172.6795717615857,366.4623661754955,1856.8411508615325,2475.78820114871,618.9470502871775,152.69200840258713,50.89733613419571,279.90073059100973,4.198510958865146,52.05595182040227,1.5262277210845379,222.30664361102535,1316.3940867082458,0.0,4231.51293068912,4231.51293068912,0.0,0.0,583.0451577788244,2207.111935490323,0.0,4208.455837612685,21589.40648582409,23.825643070922442,0.0,0.0,0.0,6.821210263296962e-13,0.0
2025-01-15 18:00:00+00:00,0,71.0,2844.1633228233004,944.0575176547812,1646.7948870630305,253.31091810548918,944.0575176547813,257.39190706274354,686.6656105920379,1269.589789842149,793.2025265515778,150.85499110320347,1603.530232756043,43.264654306987495,253.31091810548918,0.0,1153.7491295295677,360.5466029779899,1856.8411508615322,2475.7882011487095,618.9470502871774,150.85499110320347,50.28499703440116,244.40464244459213,3.666069636668882,51.50430924987593,0.8652930861397499,218.80943183513108,1304.623754107384,0.0,4022.623098848959,4022.62309884896,0.0,0.0,393.08576817068206,1788.9232188080982,0.0,4148.787076930685,17216.20092243303,23.8297118216713,0.0,0.0,0.0,2.2737367544323206e-13,0.0
2025-01-15 19:00:00+00:00,0,71.0,2852.84069226675,948.7399328924031,1651.9401619282903,252.1605974460565,948.7399328924033,258.23219217362305,690.5077407187803,1269.589789842149,796.6849805062985,152.05495238610456,1604.6805534154764,47.259608512813884,252.1605974460565,0.0,1158.8145171000706,362.12953659377206,1856.841150861533,2475.7882011487104,618.9470502871776,152.05495238610456,50.68498412870152,249.99954502761997,3.7499931754142994,51.60721474718113,0.9451921702562777,219.82002785777863,1307.8839989602814,0.0,3676.1758024547303,3676.17580245473,4.547473508864641e-13,0.0,41.57308420594927,1741.5842311010617,0.0,4160.724691227032,12830.412008706955,23.834128140974276,0.0,0.0,0.0,6.821210263296962e-13,0.0
2025-01-15 20:00:00+00:00,0,71.0,2910.839210415089,970.541971608023,1683.2537300525285,257.0435087545382,970.5419716080231,263.5948336630838,706.9471379449393,1269.589789842149,813.2902636254921,157.2517079825309,1599.7976421069943,83.45608794553414,257.0435087545382,0.0,1182.967656182534,369.67739255704186,1856.8411508615325,2475.78820114871,618.9470502871775,157.2517079825309,52.41723599417696,293.125031922242,4.396875478833629,52.23348610966589,1.6691217589106828,224.79998924674254,1324.1411514325491,0.0,5072.004194265444,6220.61240335217,0.0,0.0,1413.2483369342008,250.47123428706936,0.0,4234.980361847638,8366.35074553276,23.828811873109583,0.0,0.0,0.0,0.0,0.0
2025-01-15 21:00:00+00:00,0,71.0,2858.059779910936,956.7469218189383,1651.4862485417111,249.8266095502856,956.7469218189385,258.0562283135523,698.6906935053862,1269.589789842149,799.5090496662582,157.2378721526801,1607.0145413112468,44.47170723046429,249.82660955028575,-1.4210854715202004e-13,1162.922254060012,363.4132043937537,1856.8411508615327,2475.78820114871,618.9470502871775,157.23787215267996,52.41262405089332,254.12220343403757,3.8118330515105634,51.59813647944955,0.8894341446092858,221.3794211270438,1312.4517035344377,0.0,3876.1822324362925,6197.3650342826,0.0,0.0,237.47177722757047,0.0,0.0,4170.511483445373,3970.2456470077614,23.826428306181683,0.0,0.0,0.0,-2.2737367544323206e-13,0.0
2025-01-15 22:00:00+00:00,0,71.0,2908.4096275591255,974.3293758852822,1680.275936186813,253.80431548703004,974.3293758852822,262.58536891692114,711.7440069683611,1269.589789842149,813.6378651777367,160.6915107075455,1603.0368353745023,77.23910081231065,253.8043154870304,-3.694822225952521e-13,1183.4732584403444,369.83539326260757,1856.8411508615327,2475.78820114871,618.9470502871775,160.69151070754512,53.56383690251504,291.49444842237085,4.372416726335563,52.17393023235159,1.5447820162462131,225.41327484095055,1325.850684268184,4234.26031182731,3659.2614595890545,5290.28648466948,0.0,0.0,0.0,0.0,0.0,0.0,3970.2456470077614,23.823026589373484,0.0,0.0,0.0,4.547473508864641e-13,0.0
2025-01-15 23:00:00+00:00,0,71.0,2895.535406614037,970.865498268336,1671.5803299693794,253.08957837632335,970.8654982683361,261.79282094186095,709.0726773264751,1269.589789842149,809.8995820830017,160.9659161853342,1603.7515724852092,67.82875748417018,253.08957837632335,0.0,1178.0357557570935,368.1361736740917,1856.8411508615325,2475.78820114871,618.9470502871775,160.9659161853342,53.655305395111405,282.44997906461583,4.2367496859692375,52.000018108002905,1.3565751496834038,224.60285104015765,1322.9347233401938,24069.698364993037,2902.4756411726703,2902.47564117267,4.547473508864641e-13,751.3483157331332,0.0,713.7808999464764,19851.228235038805,0.0,22802.77431937785,23.824342344606222,0.0,0.0,0.0,0.0,-2.2737367544323206e-13
2025-03-21 00:00:00+00:00,1,14.0,4576.190816440603,1523.4518617403467,2644.492855306659,408.24609939359607,1523.451861740347,413.1987140437136,1110.2531476966335,1269.589789842149,0.0,1523.4518617403467,0.0,2644.492855306659,0.0,408.24609939359607,0.0,0.0,0.0,0.0,0.0,1931.6979611339427,643.8993203779809,5220.090136818582,78.30135205227873,52.88985710613318,52.88985710613318,352.8817040369266,1180.8620906794524,25608.281142158856,0.0,0.0,0.0,0.0,0.0,2809.5715891733053,19851.2282350388,0.0,22802.77431937785,23.717435872025522,0.0,0.0,0.0,-3.637978807091713e-12,0.0
2025-03-21 01:00:00+00:00,1,14.0,3752.032514841168,1250.0115357526524,2166.942983248093,335.0779958404227,1250.0115357526527,339.1077154324026,910.90382032025,1269.589789842149,0.0,1250.0115357526524,0.0,2166.942983248093,0.0,335.0779958404227,0.0,0.0,0.0,0.0,0.0,1585.0895315930752,528.3631771976917,4280.395692038859,64.20593538058289,43.33885966496186,43.33885966496186,289.53669725606954,968.783529164268,18349.63878206902,0.0,0.0,0.0,0.0,0.0,2803.952445994959,13628.822738063589,0.0,35732.21082306985,23.766224562913298,0.0,0.0,0.0,-3.637978807091713e-12,0.0
2025-03-21 02:00:00+00:00,1,14.0,4490.833738574025,1494.560245348511,2595.830907920767,400.44258530474417,1494.5602453485112,405.52436526684045,1089.0358800816707,1269.589789842149,0.0,1494.560245348511,0.0,2595.830907920767,0.0,400.44258530474417,0.0,0.0,0.0,0.0,0.0,1895.0028306532552,631.6676102177518,5122.501348791774,76.83752023187661,51.91661815841534,51.91661815841534,346.20551201586096,1158.54387878232,5649.377617356345,0.0,0.0,0.0,0.0,0.0,2798.3445411029693,0.0,0.0,35732.21082306985,23.726055611686576,0.0,0.0,0.0,-4.547473508864641e-13,0.0
2025-03-21 03:00:00+00:00,1,14.0,3516.3896015150417,1169.5854084472564,2032.431979422556,314.3722136452285,1169.5854084472567,317.802138388815,851.7832700584415,1269.589789842149,0.0,1169.5854084472564,0.0,2032.431979422556,0.0,314.3722136452285,0.0,0.0,0.0,0.0,0.0,1483.957622092485,494.652540697495,4011.042142212536,60.16563213318804,40.64863958845112,40.64863958845112,270.9929399568136,907.1083919643988,4423.497993479441,0.0,0.0,0.0,0.0,0.0,2792.7478520207637,0.0,0.0,35732.21082306985,23.783404468717446,0.0,0.0,0.0,4.547473508864641e-13,0.0
2025-03-21 04:00:00+00:00,1,14.0,3028.9048086142343,1006.1236762462879,1752.7527985396846,270.0283338282641,1006.1236762462879,273.35138014912326,732.7722960971647,1269.589789842149,0.0,1006.1236762462879,0.0,1752.7527985396846,0.0,270.0283338282641,0.0,0.0,0.0,0.0,0.0,1276.152010074552,425.384003358184,3454.2888119724203,51.8143321795863,35.055055970793696,35.055055970793696,233.1332921589469,780.4417396383045,3809.346548252539,0.0,0.0,0.0,0.0,0.0,2787.1623563167223,0.0,0.0,35732.21082306985,23.81284663029695,0.0,0.0,0.0,1.1368683772161603e-13,0.0
2025-03-21 05:00:00+00:00,1,14.0,4635.98210501564,1539.408183336999,2683.8207773962645,412.75314428237795,1539.4081833369992,418.20413242802914,1121.20405090897,1269.589789842149,0.0,1539.408183336999,0.0,2683.8207773962645,0.0,412.75314428237795,0.0,0.0,0.0,0.0,0.0,1952.1613276193768,650.7204425397923,5286.702547555434,79.3005382133315,53.67641554792529,53.67641554792529,356.6971954761338,1194.0710073251082,5830.053112340747,0.0,0.0,0.0,0.0,0.0,2781.588031604089,0.0,0.0,35732.21082306985,23.71814065732858,0.0,0.0,0.0,-6.821210263296962e-13,0.0
2025-03-21 06:00:00+00:00,1,14.0,3635.065831251845,1207.3773640611716,2103.48920209066,324.19926510001545,1207.3773640611719,328.11555550825494,879.2618085529169,1269.589789842149,0.0,1207.3773640611716,0.0,2103.48920209066,0.0,324.19926510001545,0.0,0.0,0.0,0.0,0.0,1531.5766291611872,510.52554305372905,4145.591374305576,62.18387061458364,42.0697840418132,42.0697840418132,279.7749685966565,936.6239503485956,4571.68978160044,0.0,0.0,0.0,0.0,0.0,2776.024855540881,0.0,0.0,35732.21082306985,23.777028368070468,0.0,0.0,0.0,-2.2737367544323206e-13,0.0
2025-03-21 07:00:00+00:00,1,14.0,2470.475698291082,821.1641787610893,1429.0194730622463,220.2920464677469,821.1641787610895,223.08618179687363,598.0779969642159,1269.589789842149,0.0,821.1641787610893,0.0,1429.0194730622463,0.0,220.2920464677469,0.0,0.0,0.0,0.0,0.0,1041.456225228836,347.15207507627866,2817.627773367361,42.264416600510415,28.580389461244927,28.580389461244927,190.2678592370918,636.8451298363707,3107.3208281274533,0.0,0.0,0.0,0.0,0.0,2770.4728058297997,0.0,0.0,35732.21082306985,23.846552682876208,0.0,0.0,0.0,4.547473508864641e-13,0.0
2025-03-21 08:00:00+00:00,1,14.0,2446.126005063638,813.4646894231862,1413.4654265085876,219.19588913186408,813.4646894231862,221.14982018822008,592.3148692349662,1269.589789842149,0.0,813.4646894231862,0.0,1413.4654265085876,0.0,219.19588913186408,0.0,0.0,0.0,0.0,0.0,1032.6605785550503,344.2201928516834,2790.346197915321,41.85519296872982,28.269308530171752,28.269308530171752,188.50541024619014,631.1194131269469,3077.2454181905846,0.0,0.0,0.0,0.0,0.0,2764.93186021814,0.0,0.0,35732.21082306985,23.8467682646841,0.0,0.0,0.0,-2.2737367544323206e-13,0.0
2025-03-21 09:00:00+00:00,1,14.0,2455.700848684079,817.6696942708883,1418.873588197223,219.15756621596722,817.6696942708884,221.73170268352933,595.9379915873591,1269.589789842149,0.0,817.6696942708883,0.0,1418.873588197223,0.0,219.15756621596722,0.0,0.0,0.0,0.0,0.0,1036.8272604868555,345.60908682895183,2801.3099355130303,42.019649032695455,28.37747176394446,28.37747176394446,189.41395579568223,633.7976351852185,3089.498483869297,0.0,0.0,0.0,0.0,0.0,2759.401996497704,0.0,0.0,35732.21082306985,23.845367832208563,0.0,0.0,0.0,-4.547473508864641e-13,0.0
2025-03-21 10:00:00+00:00,1,14.0,2562.0348076078476,853.7237855189102,1481.4221768784244,226.88884521051182,853.7237855189103,231.43349495953674,622.2902905593735,1269.589789842149,0.0,853.7237855189102,0.0,1481.4221768784244,57.326432655546455,169.56241255496536,0.0,0.0,57.326432655546455,76.4352435407286,19.10881088518215,1023.2861980738755,341.0953993579585,2845.8037743102586,42.687056614653876,30.20170786412395,29.628443537568486,197.75699912929036,660.4784173887774,0.0,0.0,0.0,0.0,76.4352435407286,0.0,2826.4966738684016,0.0,3222.513224996624,32335.383629401855,23.842941740588707,0.0,0.0,0.0,-9.094947017729282e-13,0.0
2025-03-21 11:00:00+00:00,1,14.0,2488.264137829577,828.5513156728643,1438.648467092012,221.06435506470055,828.5513156728646,224.84818233834818,603.7031333345163,1269.589789842149,0.0,828.5513156728643,0.0,1438.648467092012,4.462889485055143,216.6014655796454,0.0,0.0,4.462889485055143,5.950519313406858,1.4876298283517144,1045.1527812525098,348.3842604175033,2832.185508762025,42.482782631430375,28.81759823669079,28.77296934184024,191.94445779176644,641.8896982475828,0.0,0.0,0.0,0.0,5.950519313406858,0.0,2826.4966738684016,0.0,3130.153836077159,29035.91177982947,23.847101638063794,0.0,0.0,0.0,-6.821210263296962e-13,0.0
2025-03-21 12:00:00+00:00,1,14.0,2638.836141428213,874.3495317009067,1532.0906499857288,232.39595974157578,874.3495317009067,236.11698876734886,638.2325429335579,1269.589789842149,0.0,874.3495317009067,0.0,1532.0906499857288,4.462889485055143,227.93307025652064,0.0,0.0,4.462889485055143,5.950519313406858,1.4876298283517144,1102.2826019574272,367.4275339858091,3001.800785928965,45.02701178893447,30.686441894565124,30.641812999714574,202.48263588665125,677.7530663840262,0.0,0.0,0.0,0.0,5.950519313406858,0.0,2826.4966738684016,0.0,3316.5892078122392,25539.91979322274,23.83090653232437,0.0,0.0,0.0,0.0,0.0
2025-03-21 13:00:00+00:00,1,14.0,2567.667681468264,855.3121150641929,1484.683397540449,227.67216886362263,855.312115064193,231.5490924550448,623.7630226091482,1269.589789842149,0.0,855.3121150641929,0.0,1484.683397540449,0.0,227.67216886362263,0.0,0.0,0.0,0.0,0.0,1082.9842839278156,360.99476130927184,2928.6624427775364,43.92993664166305,29.693667950808983,29.693667950808983,198.0963456648604,662.4083795174132,3230.076060985677,0.0,0.0,0.0,0.0,0.0,2820.843680520665,0.0,0.0,25539.91979322274,23.83931177158864,0.0,0.0,0.0,-3.410605131648481e-13,0.0
2025-03-21 14:00:00+00:00,1,14.0,2514.518970629087,839.0711392381903,1451.4552994919077,223.99253189898909,839.0711392381904,227.38046758574157,611.6906716524488,1269.589789842149,0.0,839.0711392381903,0.0,1451.4552994919077,0.0,223.99253189898909,0.0,0.0,0.0,0.0,0.0,1063.0636711371794,354.3545570457265,2868.873527674814,43.03310291512221,29.029105989838154,29.029105989838154,194.3346863874521,649.7805583279771,3848.8036999896867,0.0,0.0,0.0,0.0,0.0,2815.201993159624,684.5041710326228,0.0,26189.2974677273,23.842337132869545,0.0,0.0,0.0,-3.410605131648481e-13,0.0
2025-03-21 15:00:00+00:00,1,14.0,2476.830108709238,827.0200826785782,1428.839427391032,220.9705986396304,827.0200826785785,224.30126974865752,602.718812929921,1269.589789842149,0.0,827.0200826785782,0.0,1428.839427391032,0.0,220.9705986396304,0.0,0.0,0.0,0.0,0.0,1047.9906813182085,349.3302271060695,2826.1603358153097,42.39240503722964,28.576788547820637,28.576788547820637,191.55925375192876,640.4354629908692,3117.265571700108,0.0,0.0,0.0,0.0,0.0,2809.5715891733053,0.0,0.0,26189.2974677273,23.845619273743313,0.0,0.0,0.0,6.821210263296962e-13,0.0
2025-03-21 16:00:00+00:00,1,14.0,2427.784647119749,808.5100690583511,1403.7148161841615,215.5597618772373,808.5100690583512,219.33608134290048,589.1739877154507,1269.589789842149,0.0,808.5100690583511,0.0,1403.7148161841615,0.0,215.5597618772373,0.0,0.0,0.0,0.0,0.0,1024.0698309355885,341.3566103118628,2769.1412574316128,41.53711886147419,28.074296323683228,28.074296323683228,187.2861442708828,626.3284660915863,3054.1131132113346,0.0,0.0,0.0,0.0,0.0,2803.952445994959,0.0,0.0,26189.2974677273,23.850754362361727,0.0,0.0,0.0,-6.821210263296962e-13,0.0
2025-03-21 17:00:00+00:00,1,14.0,2607.7242161239196,866.5584065595798,1510.8986389117133,230.26717065262721,866.5584065595798,235.17487462683982,631.38353193274,1269.589789842149,0.0,866.5584065595798,0.0,1510.8986389117133,22.225367972709705,208.0418026799175,0.0,0.0,22.225367972709705,29.63382396361294,7.408455990903235,1074.6002092394974,358.20006974649914,2943.69891789771,44.15548376846565,30.440226457961362,30.217972778234266,200.75899279142737,671.181201533491,0.0,0.0,0.0,0.0,29.63382396361294,0.0,2826.4966738684016,0.0,3278.9054176574105,22733.027683706263,23.843505736548874,0.0,0.0,0.0,-2.2737367544323206e-13,0.0
2025-03-21 18:00:00+00:00,1,14.0,3405.2650082195255,1135.1713639601437,1969.2556945250644,300.8379497343167,1135.1713639601437,307.81450609891084,827.3568578612328,1269.589789842149,0.0,1135.1713639601437,0.0,1969.2556945250644,4.462889485055143,296.37506024926154,0.0,0.0,4.462889485055143,5.950519313406858,1.4876298283517144,1431.5464242094054,477.1821414031351,3877.984260137605,58.16976390206407,39.42974278535184,39.38511389050129,262.92474279512055,878.5791346045247,0.0,0.0,0.0,0.0,5.950519313406858,0.0,2826.4966738684016,0.0,4283.844142824049,18217.459472874383,23.79625118115104,0.0,0.0,0.0,-7.958078640513122e-13,0.0
2025-03-21 19:00:00+00:00,1,14.0,3403.97539606335,1136.5925825364905,1965.3700806115266,302.0127329153338,1136.5925825364907,307.9618138674091,828.6307686690817,1269.589789842149,0.0,1136.5925825364905,0.0,1965.3700806115266,4.462889485055143,297.54984343027866,0.0,0.0,4.462889485055143,5.950519313406858,1.4876298283517144,1434.1424259667692,478.0474753222564,3877.559981900552,58.163399728508274,39.35203050708109,39.307401612230535,263.23851965037824,879.5964566488062,0.0,0.0,0.0,0.0,5.950519313406858,0.0,2826.4966738684016,0.0,4283.571852712156,13702.178281021808,23.792083606265,0.0,0.0,0.0,-2.2737367544323206e-13,0.0
2025-03-21 20:00:00+00:00,1,14.0,2965.7143758801526,993.8872098376052,1708.5405243403977,263.28664170214955,993.8872098376053,269.0076159102875,724.8795939273178,1269.589789842149,0.0,993.8872098376052,0.0,1708.5405243403977,4.462889485055143,258.8237522170944,0.0,0.0,4.462889485055143,5.950519313406858,1.4876298283517144,1252.7109620546996,417.57032068489985,3378.821807079997,50.682327106199956,34.21543938165851,34.17081048680796,230.09592270696808,768.222450194886,0.0,0.0,0.0,0.0,5.950519313406858,0.0,2826.4966738684016,0.0,3733.9368260750384,9766.263277829436,23.81970037907468,0.0,0.0,0.0,-2.2737367544323206e-13,0.0
2025-03-21 21:00:00+00:00,1,14.0,4367.399333036642,1461.5253184101468,2515.2676394006553,390.606375225841,1461.525318410147,396.15439723550946,1065.3709211746377,1269.589789842149,0.0,1461.5253184101468,0.0,2515.2676394006553,4.462889485055143,386.1434857407859,0.0,0.0,4.462889485055143,5.950519313406858,1.4876298283517144,1847.6688041509328,615.8896013836443,4978.826044935233,74.6823906740285,50.349981682863664,50.30535278801311,338.4708321732882,1131.1857885301895,0.0,0.0,0.0,0.0,5.950519313406858,0.0,2826.4966738684016,0.0,5498.585121566832,3970.2456470077614,23.728090938008002,0.0,0.0,0.0,2.2737367544323206e-13,0.0
2025-03-21 22:00:00+00:00,1,14.0,4044.7511990677795,1352.4943440435866,2331.0930687735254,361.16378625066847,1352.4943440435868,366.238543425838,986.2558006177488,1269.589789842149,0.0,1352.4943440435866,0.0,2331.0930687735254,0.0,361.16378625066847,0.0,0.0,0.0,0.0,0.0,1713.658130294255,571.2193767647517,4615.970575832533,69.23955863748799,46.62186137547051,46.62186137547051,313.21118177855885,1046.9138399317396,5091.665038999519,0.0,0.0,0.0,0.0,0.0,2820.843680520665,0.0,0.0,3970.2456470077614,23.745361580875826,0.0,0.0,0.0,2.2737367544323206e-13,0.0
2025-03-21 23:00:00+00:00,1,14.0,3180.2473885094764,1062.6988054309388,1836.0949272064684,281.45365587206715,1062.698805430939,287.7041090194478,774.9946964114912,1269.589789842149,0.0,1062.6988054309388,0.0,1836.0949272064684,0.0,281.45365587206715,0.0,0.0,0.0,0.0,0.0,1344.152461303006,448.0508204343353,3628.2982089438096,54.42447313415714,36.72189854412937,36.72189854412937,246.08216768908002,822.0012583458312,4002.2486468553084,0.0,0.0,0.0,0.0,0.0,2815.201993159624,0.0,0.0,3970.2456470077614,23.807740665761486,0.0,0.0,0.0,7.958078640513122e-13,0.0
2025-03-23 00:00:00+00:00,2,1.0,3047.0827957348697,1015.9515546547443,1761.5359869026302,269.5952541774946,1015.9515546547444,275.18520421827225,740.7663504364722,1269.589789842149,0.0,1015.9515546547443,0.0,1761.5359869026302,0.0,269.5952541774946,0.0,0.0,0.0,0.0,0.0,1285.5468088322389,428.5156029440796,3475.598398678949,52.13397598018423,35.230719738052606,35.230719738052606,235.27930360285058,786.3903220032196,23684.70135277689,0.0,0.0,0.0,0.0,0.0,2809.5715891733053,19851.2282350388,0.0,22802.77431937785,23.81397276046184,0.0,0.0,0.0,0.0,0.0
2025-03-23 01:00:00+00:00,2,1.0,3689.539622469024,1228.977009802055,2131.6202726940496,328.94233997291883,1228.977009802055,333.60026684492277,895.3767429571323,1269.589789842149,0.0,1228.977009802055,0.0,2131.6202726940496,0.0,328.94233997291883,0.0,0.0,0.0,0.0,0.0,1557.9193497749739,519.3064499249913,4208.846072394015,63.132691085910224,42.63240545388099,42.63240545388099,284.7174582727459,952.4214101914094,18270.78377072402,0.0,0.0,0.0,0.0,0.0,2803.952445994959,13628.822738063589,0.0,35732.21082306985,23.771724306356916,0.0,0.0,0.0,0.0,0.0
2025-03-23 02:00:00+00:00,2,1.0,4766.883972927061,1586.996531353392,2755.954090407784,423.9333511658894,1586.9965313533921,430.4690251319406,1156.5275062214514,1269.589789842149,0.0,1586.996531353392,0.0,2755.954090407784,0.0,423.9333511658894,0.0,0.0,0.0,0.0,0.0,2010.9298825192814,670.3099608397605,5437.193933766826,81.5579090065024,55.11908180815568,55.11908180815568,367.6324237407202,1229.7384572032945,5996.6224301303555,0.0,0.0,0.0,0.0,0.0,2798.3445411029693,0.0,0.0,35732.21082306985,23.705219125512475,0.0,0.0,0.0,-2.2737367544323206e-13,0.0
2025-03-23 03:00:00+00:00,2,1.0,5065.620620082867,1687.6909991016237,2925.951206966952,451.9784140142898,1687.6909991016237,458.2390833189676,1229.4519157826562,1269.589789842149,0.0,1687.6909991016237,0.0,2925.951206966952,0.0,451.9784140142898,0.0,0.0,0.0,0.0,0.0,2139.6694131159134,713.2231377053045,5778.8437577881705,86.68265636682256,58.519024139339045,58.519024139339045,390.9956269872848,1307.93946933809,6373.560089420958,0.0,0.0,0.0,0.0,0.0,2792.7478520207637,0.0,0.0,35732.21082306985,23.686493746840064,0.0,0.0,0.0,9.094947017729282e-13,0.0
2025-03-23 04:00:00+00:00,2,1.0,4612.233252327111,1536.618830032348,2665.143110271343,410.47131202342075,1536.6188300323481,417.07335177425193,1119.5454782580962,1269.589789842149,0.0,1536.618830032348,0.0,2665.143110271343,0.0,410.47131202342075,0.0,0.0,0.0,0.0,0.0,1947.0901420557686,649.0300473519229,5261.263299679034,78.91894949518552,53.30286220542686,53.30286220542686,355.9617945546695,1190.5165158126317,5802.749768139743,0.0,0.0,0.0,0.0,0.0,2787.1623563167223,0.0,0.0,35732.21082306985,23.71672814589946,0.0,0.0,0.0,2.2737367544323206e-13,0.0
2025-03-23 05:00:00+00:00,2,1.0,4918.4003314097545,1638.2207615152563,2841.3016743620333,438.8778955324637,1638.2207615152565,444.88591684960176,1193.3348446656548,1269.589789842149,0.0,1638.2207615152563,0.0,2841.3016743620333,0.0,438.8778955324637,0.0,0.0,0.0,0.0,0.0,2077.09865704772,692.3662190159066,5610.76655042566,84.1614982563849,56.826033487240664,56.826033487240664,379.5421957182472,1269.7219799650202,6188.122311374774,0.0,0.0,0.0,0.0,0.0,2781.588031604089,0.0,0.0,35732.21082306985,23.695698336858925,0.0,0.0,0.0,-9.094947017729282e-13,0.0
2025-03-23 06:00:00+00:00,2,1.0,4640.041575661417,1545.2958146829924,2681.8860864818907,412.85967449653185,1545.2958146829928,419.4420751187637,1125.853739564229,1269.589789842149,0.0,1545.2958146829924,0.0,2681.8860864818907,0.0,412.85967449653185,0.0,0.0,0.0,0.0,0.0,1958.1554891795242,652.7184963931747,5292.76007205459,79.39140108081884,53.63772172963782,53.63772172963782,357.9800126328019,1197.3653535660712,5837.406929227487,0.0,0.0,0.0,0.0,0.0,2776.024855540881,0.0,0.0,35732.21082306985,23.715036393798847,0.0,0.0,0.0,-6.821210263296962e-13,0.0
2025-03-23 07:00:00+00:00,2,1.0,4423.780537253034,1474.6663344139902,2555.0707988696086,394.043403969438,1474.6663344139902,400.1669028502672,1074.499431563723,1269.589789842149,0.0,1474.6663344139902,0.0,2555.0707988696086,0.0,394.043403969438,0.0,0.0,0.0,0.0,0.0,1868.7097383834282,622.9032461278094,5046.683783380846,75.70025675071268,51.10141597739217,51.10141597739217,341.5950372017863,1142.401372035093,5566.181909288126,0.0,0.0,0.0,0.0,0.0,2770.4728058297997,0.0,0.0,35732.21082306985,23.727493077483004,0.0,0.0,0.0,-6.821210263296962e-13,0.0
2025-03-23 08:00:00+00:00,2,1.0,2525.460535255602,841.7733876447419,1458.4811573538775,225.20599025698266,841.7733876447419,228.72861017418435,613.0447774705575,1269.589789842149,0.0,841.7733876447419,0.0,1458.4811573538775,0.0,225.20599025698266,0.0,0.0,0.0,0.0,0.0,1066.9793779017245,355.6597926339082,2881.12032788951,43.216804918342646,29.16962314707755,29.16962314707755,195.0207629313473,652.2366067777532,3177.697142033355,0.0,0.0,0.0,0.0,0.0,2764.93186021814,0.0,0.0,35732.21082306985,23.846765442436904,0.0,0.0,0.0,-2.2737367544323206e-13,0.0
2025-03-23 09:00:00+00:00,2,1.0,4083.5344389885936,1360.794694133667,2355.2928438873237,367.44690096760155,1360.794694133667,370.2757374494314,990.5189566842356,1269.589789842149,0.0,1360.794694133667,0.0,2355.2928438873237,0.0,367.44690096760155,0.0,0.0,0.0,0.0,0.0,1728.2415951012686,576.0805317004229,4659.6149706890155,69.89422456033523,47.105856877746476,47.105856877746476,315.3601928900551,1055.546662906306,5139.081101894899,0.0,0.0,0.0,0.0,0.0,2759.401996497704,0.0,0.0,35732.21082306985,23.744979550070767,0.0,0.0,0.0,-6.821210263296962e-13,0.0
2025-03-23 10:00:00+00:00,2,1.0,2599.533019262855,867.5218164720321,1498.1214472097386,233.88975558108558,867.5218164720322,236.01995833689756,631.5018581351347,1269.589789842149,0.0,867.5218164720321,0.0,1498.1214472097386,57.326432655546455,176.56332292553913,0.0,0.0,57.326432655546455,76.4352435407286,19.10881088518215,1044.0851393975713,348.0283797991904,2890.2349664065005,43.353524496097506,30.535693270750237,29.962428944194773,201.0193921557013,672.0082295511164,0.0,0.0,0.0,0.0,76.4352435407286,0.0,2826.4966738684016,0.0,3271.5412488139714,32283.70355458859,23.839651648801613,0.0,0.0,0.0,1.1368683772161603e-13,0.0
2025-03-23 11:00:00+00:00,2,1.0,2678.3055703265177,894.3122165568938,1544.2461444447295,239.74720932489438,894.3122165568938,242.79664819245158,651.5155683644422,1269.589789842149,0.0,894.3122165568938,0.0,1544.2461444447295,4.462889485055143,235.28431983983924,0.0,0.0,4.462889485055143,5.950519313406858,1.4876298283517144,1129.596536396733,376.532178798911,3050.3748596403734,45.7556228946056,30.92955178374514,30.88492288889459,207.161326892568,692.7512330870761,0.0,0.0,0.0,0.0,5.950519313406858,0.0,2826.4966738684016,0.0,3371.056803413593,28730.29768105744,23.833708026343757,0.0,0.0,0.0,-6.821210263296962e-13,0.0
2025-03-23 12:00:00+00:00,2,1.0,3707.387082912041,1234.828828573297,2138.5600015761884,333.9982527625546,1234.828828573297,336.30646733314245,898.5223612401545,1269.589789842149,0.0,1234.828828573297,0.0,2138.5600015761884,4.462889485055143,329.53536327749947,0.0,0.0,4.462889485055143,5.950519313406858,1.4876298283517144,1564.3641918507965,521.4547306169321,4224.378924043916,63.36568386065874,42.81582892637432,42.77120003152377,286.18426372985135,958.0793369936921,0.0,0.0,0.0,0.0,5.950519313406858,0.0,2826.4966738684016,0.0,4665.466419905733,23812.464269746226,23.769499960575107,0.0,0.0,0.0,2.2737367544323206e-13,0.0
2025-03-23 13:00:00+00:00,2,1.0,4774.338456629509,1589.3606993474107,2756.11845519722,428.85930208487525,1589.360699347411,432.4772365042694,1156.8834628431414,1269.589789842149,0.0,1589.3606993474107,0.0,2756.11845519722,0.0,428.85930208487525,0.0,0.0,0.0,0.0,0.0,2018.220001432286,672.7400004774287,5447.078457106934,81.70617685660402,55.1223691039444,55.1223691039444,368.31656458453597,1233.0074801264573,6007.345936755966,0.0,0.0,0.0,0.0,0.0,2820.843680520665,0.0,0.0,23812.464269746226,23.702778667734943,0.0,0.0,0.0,0.0,0.0
2025-03-23 14:00:00+00:00,2,1.0,2979.168721184503,992.8652290212848,1722.638507183842,263.66498497937795,992.8652290212849,269.4635833015784,723.4016457197065,1269.589789842149,0.0,992.8652290212848,0.0,1722.638507183842,0.0,263.66498497937795,0.0,0.0,0.0,0.0,0.0,1256.5302140006627,418.8434046668876,3398.0121258513923,50.970181887770885,34.45277014367684,34.45277014367684,229.93921151052288,768.658338352535,7910.588813610664,0.0,0.0,0.0,0.0,0.0,2815.201993159624,4162.761754073626,0.0,27761.606819599336,23.82232854173784,0.0,0.0,0.0,0.0,0.0
2025-03-23 15:00:00+00:00,2,1.0,2661.2908495157944,886.763418932587,1540.8873028746248,233.6401277085799,886.763418932587,240.06862388027338,646.6947950523137,1269.589789842149,0.0,886.763418932587,0.0,1540.8873028746248,0.0,233.6401277085799,0.0,0.0,0.0,0.0,0.0,1120.403546641167,373.467848880389,3034.758698396181,45.52138047594271,30.817746057492496,30.817746057492496,205.29206994462388,685.9167914159406,3347.207640931735,0.0,0.0,0.0,0.0,0.0,2809.5715891733053,0.0,0.0,27761.606819599336,23.840515200887317,0.0,0.0,0.0,1.1368683772161603e-13,0.0
2025-03-23 16:00:00+00:00,2,1.0,2571.9426533617698,856.1269454651707,1489.1573863500525,226.65832154654453,856.1269454651708,232.00587641350796,624.1210690516629,1269.589789842149,0.0,856.1269454651707,0.0,1489.1573863500525,0.0,226.65832154654453,0.0,0.0,0.0,0.0,0.0,1082.7852670117152,360.9284223372384,2932.871075699006,43.99306613548509,29.78314772700105,29.78314772700105,198.249400602801,662.7371845295265,3234.6798378912963,0.0,0.0,0.0,0.0,0.0,2803.952445994959,0.0,0.0,27761.606819599336,23.84450494116186,0.0,0.0,0.0,0.0,0.0
2025-03-23 17:00:00+00:00,2,1.0,2694.2734470521896,895.305262480311,1562.1900716102166,236.77811296166288,895.305262480311,242.3235540343867,652.9817084459243,1269.589789842149,0.0,895.305262480311,0.0,1562.1900716102166,22.225367972709705,214.55274498895318,0.0,0.0,22.225367972709705,29.63382396361294,7.408455990903235,1109.858007469264,369.95266915642134,3042.000748235902,45.630011223538524,31.46605511193143,31.243801432204332,207.32034879938692,693.0213417143858,0.0,0.0,0.0,0.0,29.63382396361294,0.0,2826.4966738684016,0.0,3387.294788766575,24191.08460662557,23.83702193276246,0.0,0.0,0.0,-3.410605131648481e-13,0.0
2025-03-23 18:00:00+00:00,2,1.0,4148.013061258572,1380.0969506744607,2396.2719378384754,371.64417274563664,1380.096950674461,375.00523197252625,1005.0917187019347,1269.589789842149,0.0,1380.0969506744607,0.0,2396.2719378384754,4.462889485055143,367.1812832605815,0.0,0.0,4.462889485055143,5.950519313406858,1.4876298283517144,1747.2782339350422,582.4260779783474,4725.976249751865,70.88964374627797,47.97006765162006,47.92543875676951,319.7846437081557,1070.4835016695224,0.0,0.0,0.0,0.0,5.950519313406858,0.0,2826.4966738684016,0.0,5218.496562928095,18690.306239754573,23.744688748335413,0.0,0.0,0.0,9.094947017729282e-13,0.0
2025-03-23 19:00:00+00:00,2,1.0,4286.388019597032,1424.9841440241921,2476.1580236074024,385.2458519654369,1424.9841440241923,387.9327416662525,1037.0514023579399,1269.589789842149,0.0,1424.9841440241921,0.0,2476.1580236074024,4.462889485055143,380.78296248038174,0.0,0.0,4.462889485055143,5.950519313406858,1.4876298283517144,1805.7671065045738,601.9223688348579,4883.847498946834,73.25771248420251,49.5677893669986,49.52316047214805,330.26909537209195,1106.0277563586508,0.0,0.0,0.0,0.0,5.950519313406858,0.0,2826.4966738684016,0.0,5392.415775955684,13006.20092553984,23.73742203122794,0.0,0.0,0.0,6.821210263296962e-13,0.0
2025-03-23 20:00:00+00:00,2,1.0,3276.2455494626297,1089.1970634994475,1893.3760473546283,293.6724386085517,1089.1970634994475,296.166986824669,793.0300766747786,1269.589789842149,0.0,1089.1970634994475,0.0,1893.3760473546283,4.462889485055143,289.2095491234966,0.0,0.0,4.462889485055143,5.950519313406858,1.4876298283517144,1378.406612622944,459.4688708743147,3731.251530851887,55.9687729627783,37.91214984194312,37.867520947092565,252.40442115819036,845.1093656126707,0.0,0.0,0.0,0.0,5.950519313406858,0.0,2826.4966738684016,0.0,4121.3549150753,8661.911399683919,23.802235442386472,0.0,0.0,0.0,-6.821210263296962e-13,0.0
2025-03-23 21:00:00+00:00,2,1.0,3539.052929292931,1174.7664836375577,2047.439077631115,316.84736802425977,1174.766483637558,319.21627271118433,855.5502109263736,1269.589789842149,0.0,1174.7664836375577,0.0,2047.439077631115,4.462889485055143,312.3844785392046,0.0,0.0,4.462889485055143,5.950519313406858,1.4876298283517144,1487.1509621767623,495.7169873922541,4030.3070272001314,60.45460540800197,40.993410447472854,40.9487815526223,272.25059567782785,911.8520103065309,0.0,0.0,0.0,0.0,5.950519313406858,0.0,2826.4966738684016,0.0,4450.9049395994625,3970.2456470077614,23.783382468278038,0.0,0.0,0.0,6.821210263296962e-13,0.0
2025-03-23 22:00:00+00:00,2,1.0,4426.837872567179,1464.9747796447682,2568.104641609113,393.75845131329737,1464.9747796447684,397.43891989145635,1067.535859753312,1269.589789842149,0.0,1464.9747796447682,0.0,2568.104641609113,0.0,393.75845131329737,0.0,0.0,0.0,0.0,0.0,1858.7332309580656,619.5777436526886,5046.415616219867,75.69623424329801,51.36209283218226,51.36209283218226,339.5007427606911,1137.4989063210423,5564.3367788882215,0.0,0.0,0.0,0.0,0.0,2820.843680520665,0.0,0.0,3970.2456470077614,23.725443104667477,0.0,0.0,0.0,0.0,0.0
2025-03-23 23:00:00+00:00,2,1.0,4604.1904827817725,1522.5260273892773,2671.3998616862623,410.26459370623377,1522.5260273892777,413.4285624473581,1109.0974649419195,1269.589789842149,0.0,1522.5260273892773,0.0,2671.3998616862623,0.0,410.26459370623377,0.0,0.0,0.0,0.0,0.0,1932.7906210955111,644.2635403651703,5248.454023146944,78.72681034720415,53.42799723372525,53.42799723372525,352.8901507623708,1182.7364959421957,5786.926978723968,0.0,0.0,0.0,0.0,0.0,2815.201993159624,0.0,0.0,3970.2456470077614,23.71063130344676,0.0,0.0,0.0,0.0,0.0
2025-04-12 00:00:00+00:00,3,40.0,3091.7851799709215,1034.2750403063546,1778.1235399869952,279.3865996775727,1034.275040306355,281.91176328717785,752.3632770191772,1269.589789842149,0.0,1034.2750403063546,0.0,1778.1235399869952,0.0,279.3865996775727,0.0,0.0,0.0,0.0,0.0,1313.6616399839272,437.88721332797576,3529.672393298898,52.945085899483466,35.562470799739906,35.562470799739906,239.63695625662788,801.5941970835669,3893.379377054488,0.0,0.0,0.0,0.0,0.0,2815.201993159624,0.0,0.0,3970.2456470077614,23.823915618032448,0.0,0.0,0.0,-3.410605131648481e-13,0.0
2025-04-12 01:00:00+00:00,3,40.0,3069.36490939459,1026.1144260318983,1766.9712366366125,276.2792467260788,1026.1144260318983,279.5544884586151,746.5599375732834,1269.589789842149,0.0,1026.1144260318983,0.0,1766.9712366366125,0.0,276.2792467260788,0.0,0.0,0.0,0.0,0.0,1302.3936727579771,434.131224252659,3503.496133647249,52.55244200470873,35.33942473273225,35.33942473273225,237.7476075862071,795.1101233090393,3864.4750327036295,0.0,0.0,0.0,0.0,0.0,2809.5715891733053,0.0,0.0,3970.2456470077614,23.817912954054947,0.0,0.0,0.0,1.1368683772161603e-13,0.0
2025-04-12 02:00:00+00:00,3,40.0,3040.409167427768,1015.7370583669466,1749.8385394006941,274.8335696601261,1015.7370583669467,276.8395497313932,738.8975086355534,1269.589789842149,0.0,1015.7370583669466,0.0,1749.8385394006941,0.0,274.8335696601261,0.0,0.0,0.0,0.0,0.0,1290.5706280270726,430.19020934235755,3470.5993767701243,52.05899065155186,34.99677078801388,34.99677078801388,235.38265689731472,787.625398467252,3828.0345658950196,0.0,0.0,0.0,0.0,0.0,2803.952445994959,0.0,0.0,3970.2456470077614,23.818940768864017,0.0,0.0,0.0,-3.410605131648481e-13,0.0
2025-04-12 03:00:00+00:00,3,40.0,3062.6154219436226,1022.4117235129372,1763.3403531102485,276.86334532043617,1022.4117235129372,278.57005051793993,743.8416729949973,1269.589789842149,0.0,1022.4117235129372,0.0,1763.3403531102485,0.0,276.86334532043617,0.0,0.0,0.0,0.0,0.0,1299.2750688333733,433.0916896111244,3495.707111554746,52.43560667332119,35.26680706220497,35.26680706220497,236.93767961116234,792.9985900200179,17484.436750027227,0.0,0.0,0.0,0.0,0.0,2798.3445411029693,13628.822738063587,0.0,16899.68215069976,23.820909276986242,0.0,0.0,0.0,0.0,0.0
2025-04-12 04:00:00+00:00,3,40.0,3109.60323598824,1038.5167276207908,1788.999618546447,282.0868898210027,1038.5167276207908,283.0959099300974,755.4208176906934,1269.589789842149,0.0,1038.5167276207908,0.0,1788.999618546447,0.0,282.0868898210027,0.0,0.0,0.0,0.0,0.0,1320.6036174417936,440.2012058139312,3549.804441802172,53.247066627032574,35.77999237092894,35.77999237092894,240.68827031157255,805.6965274943941,23766.52799852144,0.0,0.0,0.0,0.0,0.0,2792.7478520207637,19851.228235038805,0.0,35732.21082306985,23.81755620665802,0.0,0.0,0.0,0.0,0.0
2025-04-12 05:00:00+00:00,3,40.0,3108.01247362187,1038.0718198795669,1787.9372648283145,282.0033889139903,1038.0718198795669,283.0643529733299,755.0074669062369,1269.589789842149,0.0,1038.0718198795669,0.0,1787.9372648283145,0.0,282.0033889139903,0.0,0.0,0.0,0.0,0.0,1320.075208793557,440.02506959785234,3548.037543219724,53.22056314829585,35.75874529656629,35.75874529656629,240.58796829223215,805.351091631513,3913.363565253383,0.0,0.0,0.0,0.0,0.0,2787.1623563167223,0.0,0.0,35732.21082306985,23.819294791531398,0.0,0.0,0.0,1.1368683772161603e-13,0.0
2025-04-12 06:00:00+00:00,3,40.0,3057.446493160741,1020.6757591320863,1759.7390371613672,277.0316968672871,1020.6757591320863,278.69543055414096,741.9803285779454,1269.589789842149,0.0,1020.6757591320863,0.0,1759.7390371613672,0.0,277.0316968672871,0.0,0.0,0.0,0.0,0.0,1297.7074559993735,432.56915199979113,3490.0156451605317,52.350234677407975,35.19478074322734,35.19478074322734,236.58117881483406,791.8901269784877,3849.336620139229,0.0,0.0,0.0,0.0,0.0,2781.588031604089,0.0,0.0,35732.21082306985,23.820420068723408,0.0,0.0,0.0,5.684341886080801e-13,0.0
2025-04-12 07:00:00+00:00,3,40.0,3070.6544380104815,1024.231689287186,1768.2000031024354,278.22274562086074,1024.2316892871863,279.74505221661974,744.4866370705665,1269.589789842149,0.0,1024.231689287186,0.0,1768.2000031024354,39.84617236383178,238.37657325702895,0.0,0.0,39.84617236383178,53.12822981844238,13.282057454610595,1262.608262544215,420.8694208480717,3451.6776864947224,51.775165297420834,35.76246178568703,35.36400006204871,237.42563083844578,794.4787362862846,3865.133174296766,0.0,0.0,0.0,53.12822981844238,0.0,2826.4966738684016,0.0,0.0,35732.21082306985,23.813200891032782,0.0,0.0,0.0,-2.2737367544323206e-13,0.0
2025-04-12 08:00:00+00:00,3,40.0,3024.258249840333,1007.3370698995255,1743.4825518596306,273.43862808117365,1007.3370698995257,275.14184946910814,732.1952204304175,1269.589789842149,0.0,1007.3370698995255,0.0,1743.4825518596306,4.462889485055143,268.9757385961185,0.0,0.0,4.462889485055143,5.950519313406858,1.4876298283517144,1276.312808495644,425.43760283188135,3445.232963187156,51.67849444780734,34.914279932043165,34.86965103719261,233.5274018953888,781.9150599726651,3806.1733098129976,0.0,0.0,0.0,5.950519313406858,0.0,2826.4966738684016,0.0,0.0,35732.21082306985,23.815716000225226,0.0,0.0,0.0,-5.684341886080801e-13,0.0
2025-04-12 09:00:00+00:00,3,40.0,2952.048198650281,982.2720138810249,1701.9078923724626,267.86829239679173,982.272013881025,268.6639767077524,713.6080371732727,1269.589789842149,0.0,982.2720138810249,0.0,1701.9078923724626,4.462889485055143,263.4054029117366,0.0,0.0,4.462889485055143,5.950519313406858,1.4876298283517144,1245.6774167927615,415.22580559758717,3362.8111147628115,50.44216672144217,34.08278674229981,34.038157847449256,227.76730218372398,763.0438489208541,3715.092047571135,0.0,0.0,0.0,5.950519313406858,0.0,2826.4966738684016,0.0,0.0,35732.21082306985,23.822435234825726,0.0,0.0,0.0,0.0,0.0
2025-04-12 10:00:00+00:00,3,40.0,2929.163055665478,972.0938643852116,1691.2985233192271,265.77066796103827,972.0938643852119,266.08837728287835,706.0054871023335,1269.589789842149,0.0,972.0938643852116,0.0,1691.2985233192271,4.462889485055143,261.3077784759831,0.0,0.0,4.462889485055143,5.950519313406858,1.4876298283517144,1233.401642861195,411.13388095373165,3335.8340471341535,50.0375107070123,33.870599361235094,33.82597046638454,225.46684398871386,755.8224353054292,0.0,0.0,0.0,0.0,5.950519313406858,0.0,2826.4966738684016,0.0,3684.985490970908,31847.89505768921,23.823174264180285,0.0,0.0,0.0,5.684341886080801e-13,0.0
2025-04-12 11:00:00+00:00,3,40.0,3018.0422265829366,1002.916134963399,1741.690361562484,273.43573005705366,1002.9161349633991,274.12386772313783,728.7922672402614,1269.589789842149,0.0,1002.916134963399,0.0,1741.690361562484,4.462889485055143,268.9728405719985,0.0,0.0,4.462889485055143,5.950519313406858,1.4876298283517144,1271.8889755353975,423.96299184513254,3437.542328943014,51.56313493414521,34.87843612610023,34.83380723124968,232.55135744099698,779.2773574059763,0.0,0.0,0.0,0.0,5.950519313406858,0.0,2826.4966738684016,0.0,3797.3195839889127,27845.168761366534,23.818714821838647,0.0,0.0,0.0,-2.2737367544323206e-13,0.0
2025-04-12 12:00:00+00:00,3,40.0,2937.9634504198903,977.0629292522392,1694.4547671776231,266.4457539900282,977.0629292522392,267.21207423250496,709.8508550197342,1269.589789842149,0.0,977.0629292522392,0.0,1694.4547671776231,4.462889485055143,261.98286450497307,0.0,0.0,4.462889485055143,5.950519313406858,1.4876298283517144,1239.0457937572123,413.01526458573744,3346.515825520573,50.19773738280859,33.933724238403016,33.88909534355246,226.56024884470094,759.0837002235542,0.0,0.0,0.0,0.0,5.950519313406858,0.0,2826.4966738684016,0.0,3697.0471506434446,23948.138890343558,23.822191119918223,0.0,0.0,0.0,2.2737367544323206e-13,0.0
2025-04-12 13:00:00+00:00,3,40.0,2936.394018063023,977.3780489735258,1692.1187215703014,266.8972475191947,977.3780489735259,266.8869143041369,710.491134669389,1269.589789842149,0.0,977.3780489735258,0.0,1692.1187215703014,4.462889485055143,262.43435803413956,0.0,0.0,4.462889485055143,5.950519313406858,1.4876298283517144,1239.8124070076653,413.27080233588845,3345.201930913855,50.178028963707824,33.88700332625658,33.84237443140603,226.60821939605768,759.2740582816682,3695.6680763446907,0.0,0.0,0.0,5.950519313406858,0.0,2826.4966738684016,0.0,0.0,23948.138890343558,23.81958025880891,0.0,0.0,0.0,-4.547473508864641e-13,0.0
2025-04-12 14:00:00+00:00,3,40.0,3007.658007168605,1004.2236320543329,1730.1662006195008,273.2681744947728,1004.2236320543329,273.79588013033225,730.4277519240007,1269.589789842149,0.0,1004.2236320543329,0.0,1730.1662006195008,4.462889485055143,268.80528500971764,0.0,0.0,4.462889485055143,5.950519313406858,1.4876298283517144,1273.0289170640506,424.3429723546835,3427.538090038235,51.413071350573524,34.64795290724057,34.60332401239002,232.75831870627323,779.2532691595126,3751.0084566307946,0.0,0.0,0.0,5.950519313406858,0.0,2826.4966738684016,0.0,35.90281969732296,23910.29399545493,23.815640434580445,0.0,0.0,0.0,3.410605131648481e-13,0.0
2025-04-12 15:00:00+00:00,3,40.0,3059.3822059163886,1023.0550509270939,1757.126103931743,279.2010510575533,1023.0550509270939,279.3536148167441,743.7014361103498,1269.589789842149,0.0,1023.0550509270939,0.0,1757.126103931743,4.462889485055143,274.73816157249814,0.0,0.0,4.462889485055143,5.950519313406858,1.4876298283517144,1297.793212499592,432.597737499864,3487.5170539311994,52.312755808967985,35.187150973485416,35.14252207863486,237.14731508355524,793.8751112728593,3853.2573171892477,0.0,0.0,0.0,5.950519313406858,0.0,2826.4966738684016,0.0,0.0,23910.29399545493,23.81492182889333,0.0,0.0,0.0,-1.1368683772161603e-13,0.0
2025-04-12 16:00:00+00:00,3,40.0,3006.305278603771,1009.6379188195326,1721.8375390017616,274.8298207824763,1009.6379188195326,275.3177606055197,734.320158214013,1269.589789842149,0.0,1009.6379188195326,0.0,1721.8375390017616,4.462889485055143,270.36693129742116,0.0,0.0,4.462889485055143,5.950519313406858,1.4876298283517144,1280.0048501169538,426.66828337231794,3428.5106724910333,51.427660087365496,34.48137967488579,34.43675078003523,233.9619995106574,782.4637032536136,3788.7689818573845,0.0,0.0,0.0,5.950519313406858,0.0,2826.4966738684016,0.0,0.0,23910.29399545493,23.809903722617644,0.0,0.0,0.0,-2.2737367544323206e-13,0.0
2025-04-12 17:00:00+00:00,3,40.0,3007.45062791119,1009.9826784335806,1723.4557410575985,274.0122084200116,1009.9826784335809,274.98880105990895,734.9938773736719,1269.589789842149,0.0,1009.9826784335806,0.0,1723.4557410575985,4.462889485055143,269.54931893495643,0.0,0.0,4.462889485055143,5.950519313406858,1.4876298283517144,1279.531997368537,426.51066578951236,3429.498404215648,51.442476063234714,34.51374371600252,34.46911482115197,233.98909851485234,782.4127287331056,0.0,0.0,0.0,0.0,5.950519313406858,0.0,2826.4966738684016,0.0,3789.8633566442954,19915.427252852594,23.811503099331972,0.0,0.0,0.0,-3.410605131648481e-13,0.0
2025-04-12 18:00:00+00:00,3,40.0,3066.3174869809536,1030.4899739562284,1757.9383970272152,277.8891159975098,1030.4899739562286,280.2229632055488,750.2670107506798,1269.589789842149,0.0,1030.4899739562284,0.0,1757.9383970272152,4.462889485055143,273.42622651245466,0.0,0.0,4.462889485055143,5.950519313406858,1.4876298283517144,1303.916200468683,434.638733489561,3496.493330985459,52.44739996478189,35.203396835394855,35.1587679405443,238.68638443064376,797.6223124892775,0.0,0.0,0.0,0.0,5.950519313406858,0.0,2826.4966738684016,0.0,3863.9397994702313,15842.477083485861,23.80672309113793,0.0,0.0,0.0,1.1368683772161603e-13,0.0
2025-04-12 19:00:00+00:00,3,40.0,3014.1137776552564,1013.4817282955662,1728.7187511336294,271.9132982260626,1013.4817282955663,275.4652341668732,738.0164941286931,1269.589789842149,0.0,1013.4817282955662,0.0,1728.7187511336294,4.462889485055143,267.45040874100744,0.0,0.0,4.462889485055143,5.950519313406858,1.4876298283517144,1280.9321370365737,426.97737901219125,3436.6282671823947,51.549424007735915,34.619003917523145,34.57437502267259,234.68739236816089,783.8952041566355,0.0,0.0,0.0,0.0,5.950519313406858,0.0,2826.4966738684016,0.0,3798.0089818118913,11839.024098051661,23.814549619537694,0.0,0.0,0.0,-5.684341886080801e-13,0.0
2025-04-12 20:00:00+00:00,3,40.0,2967.55226047756,997.8729096241977,1701.501358281291,268.17799257207145,997.8729096241977,271.6753402350505,726.1975693891472,1269.589789842149,0.0,997.8729096241977,0.0,1701.501358281291,4.462889485055143,263.7151030870163,0.0,0.0,4.462889485055143,5.950519313406858,1.4876298283517144,1261.588012711214,420.5293375704047,3383.61870856291,50.754280628443645,34.07465606047637,34.03002716562582,231.10404849668566,771.9799797499879,0.0,0.0,0.0,0.0,5.950519313406858,0.0,2826.4966738684016,0.0,3739.5322402275474,7897.211010468,23.81898105841753,0.0,0.0,0.0,-6.821210263296962e-13,0.0
2025-04-12 21:00:00+00:00,3,40.0,2956.3872331650873,994.2971984917198,1695.1740014143859,266.91603325898086,994.2971984917199,270.3697810484736,723.9274174432463,1269.589789842149,0.0,994.2971984917198,0.0,1695.1740014143859,4.462889485055143,262.4531437739257,0.0,0.0,4.462889485055143,5.950519313406858,1.4876298283517144,1256.7503422656455,418.91678075521514,3370.8411244352465,50.56261686652869,33.94810892313827,33.90348002828772,230.24060277098428,769.0592191725058,0.0,0.0,0.0,0.0,5.950519313406858,0.0,2826.4966738684016,0.0,3725.4464523375927,3970.2456470077614,23.824454190083262,0.0,0.0,0.0,-3.410605131648481e-13,0.0
2025-04-12 22:00:00+00:00,3,40.0,2970.19408654103,1000.039438944621,1702.564892264596,267.58975533181416,1000.039438944621,271.53042063601913,728.5090183086019,1269.589789842149,0.0,1000.039438944621,0.0,1702.564892264596,4.462889485055143,263.126865846759,0.0,0.0,4.462889485055143,5.950519313406858,1.4876298283517144,1263.16630479138,421.05543493046,3386.786631986436,50.801799479796536,34.095926740142474,34.05129784529192,231.51035543736774,773.0024442614105,3743.196530802441,0.0,0.0,0.0,5.950519313406858,0.0,2826.4966738684016,0.0,0.0,3970.2456470077614,23.818492011259615,0.0,0.0,0.0,3.410605131648481e-13,0.0
2025-04-12 23:00:00+00:00,3,40.0,3033.7416111196762,1022.664681626646,1737.8527941131142,273.2241353799175,1022.6646816266461,277.3847188833917,745.2799627432544,1269.589789842149,0.0,1022.664681626646,0.0,1737.8527941131142,0.0,273.2241353799175,0.0,0.0,0.0,0.0,0.0,1295.8888170065636,431.96293900218785,3465.7045501218654,51.98556825182798,34.757055882262286,34.757055882262286,236.71394774662204,790.1765667651624,3823.9181778848383,0.0,0.0,0.0,0.0,0.0,2820.8436805206647,0.0,0.0,3970.2456470077614,23.81107775942987,0.0,0.0,0.0,-3.410605131648481e-13,0.0
2025-06-08 00:00:00+00:00,4,59.0,2668.226443465902,894.7843063059563,1529.0156276602877,244.42650949965653,894.7843063059563,243.29947213004576,651.4848341759106,1269.589789842149,0.0,894.7843063059563,0.0,1529.0156276602877,0.0,244.42650949965653,0.0,0.0,0.0,0.0,0.0,1139.2108158056128,379.7369386018709,3047.9633820677714,45.71945073101657,30.580312553205754,30.580312553205754,207.41476997357805,694.0317844128771,16991.080965942365,0.0,0.0,0.0,0.0,0.0,2809.5715891733053,13628.822738063587,0.0,16899.68215069976,23.83465225484411,0.0,0.0,0.0,0.0,0.0
2025-06-08 01:00:00+00:00,4,59.0,2697.086106739959,893.2901624521367,1553.4132616471416,250.38268264067955,893.2901624521369,242.72714457140057,650.5630178807363,1269.589789842149,0.0,893.2901624521367,0.0,1553.4132616471416,0.0,250.38268264067955,0.0,0.0,0.0,0.0,0.0,1143.6728450928163,381.2242816976054,3078.3103884375632,46.174655826563445,31.06826523294283,31.06826523294283,207.32255296079447,696.858020950849,23245.172362729612,0.0,0.0,0.0,0.0,0.0,2803.952445994959,19851.228235038805,0.0,35732.21082306985,23.83047831407336,0.0,0.0,0.0,0.0,0.0
2025-06-08 02:00:00+00:00,4,59.0,2748.2279820414296,911.1401774161271,1580.9893601863546,256.0984444389474,911.1401774161272,247.42516681102228,663.715010605105,1269.589789842149,0.0,911.1401774161271,0.0,1580.9893601863546,0.0,256.0984444389474,0.0,0.0,0.0,0.0,0.0,1167.2386218550746,389.0795406183582,3137.3075226597875,47.059612839896815,31.619787203727093,31.619787203727093,211.4613108951138,710.840038760823,3459.0680208022522,0.0,0.0,0.0,0.0,0.0,2798.3445411029693,0.0,0.0,35732.21082306985,23.82843870284868,0.0,0.0,0.0,-3.410605131648481e-13,0.0
2025-06-08 03:00:00+00:00,4,59.0,2787.1014940741543,927.0795374607413,1598.296888090316,261.7250685230953,927.0795374607414,252.62786921639594,674.4516682443456,1269.589789842149,0.0,927.0795374607413,0.0,1598.296888090316,0.0,261.7250685230953,0.0,0.0,0.0,0.0,0.0,1188.8046059838366,396.2682019946122,3183.369696068765,47.75054544103147,31.965937761806323,31.965937761806323,215.188429306962,723.1390522662184,3510.240546340373,0.0,0.0,0.0,0.0,0.0,2792.7478520207637,0.0,0.0,35732.21082306985,23.830580570640393,0.0,0.0,0.0,2.2737367544323206e-13,0.0
2025-06-08 04:00:00+00:00,4,59.0,2835.911021442252,947.9953959909212,1617.2223790189132,270.69324643242174,947.9953959909213,258.921486441027,689.0739095498943,1269.589789842149,0.0,947.9953959909212,0.0,1617.2223790189132,0.0,270.69324643242174,0.0,0.0,0.0,0.0,0.0,1218.688642423343,406.22954747444766,3242.140568916704,48.63210853375056,32.344447580378265,32.344447580378265,220.06128719343573,739.6118383623905,3575.5228598046424,0.0,0.0,0.0,0.0,0.0,2787.1623563167223,0.0,0.0,35732.21082306985,23.835302211837814,0.0,0.0,0.0,-2.2737367544323206e-13,0.0
2025-06-08 05:00:00+00:00,4,59.0,2864.877477365525,957.2016273546138,1633.7361693220894,273.93968068882384,957.201627354614,261.5593281839007,695.6422991707133,1269.589789842149,0.0,957.2016273546138,0.0,1633.7361693220894,0.0,273.93968068882384,0.0,0.0,0.0,0.0,0.0,1231.1413080434377,410.38043601447924,3275.2579133800064,49.128868700700096,32.67472338644179,32.67472338644179,222.22688659653417,747.0856380845971,3611.963115450121,0.0,0.0,0.0,0.0,0.0,2781.588031604089,0.0,0.0,35732.21082306985,23.836320909754253,0.0,0.0,0.0,-9.094947017729282e-13,0.0
2025-06-08 06:00:00+00:00,4,59.0,2869.0960452254612,957.9609482912114,1637.5952787403191,273.5398181939308,957.9609482912113,261.22656082102816,696.7343874701832,1269.589789842149,0.0,957.9609482912114,0.0,1637.5952787403191,0.0,273.5398181939308,0.0,0.0,0.0,0.0,0.0,1231.500766485142,410.5002554950474,3279.5963007205087,49.193944510807626,32.751905574806386,32.751905574806386,222.3813376253015,747.5793487807694,3616.6753940062304,0.0,0.0,0.0,0.0,0.0,2776.024855540881,0.0,0.0,35732.21082306985,23.838068850362095,0.0,0.0,0.0,-2.2737367544323206e-13,0.0
2025-06-08 07:00:00+00:00,4,59.0,2935.153587802032,979.5046135539691,1678.9623572351875,276.6866170128754,979.5046135539691,266.8404519632536,712.6641615907155,1269.589789842149,0.0,979.5046135539691,0.0,1678.9623572351875,0.0,276.6866170128754,0.0,0.0,0.0,0.0,0.0,1256.1912305668445,418.73041018894816,3353.88399799098,50.30825996986469,33.57924714470375,33.57924714470375,227.27831339456736,763.4754778427878,3698.6290656448195,0.0,0.0,0.0,0.0,0.0,2770.4728058297997,0.0,0.0,35732.21082306985,23.838961946766894,0.0,0.0,0.0,0.0,0.0
2025-06-08 08:00:00+00:00,4,59.0,2902.079830330927,967.7398751573144,1661.698003935617,272.64195123799715,967.7398751573144,263.4025334800443,704.33734167727,1269.589789842149,0.0,967.7398751573144,0.0,1661.698003935617,0.0,272.64195123799715,0.0,0.0,0.0,0.0,0.0,1240.3818263953115,413.46060879843714,3315.5404391293655,49.73310658694048,33.23396007871234,33.23396007871234,224.50813294468566,754.169768487488,3656.2495988184146,0.0,0.0,0.0,0.0,0.0,2764.93186021814,0.0,0.0,35732.21082306985,23.84087247371636,0.0,0.0,0.0,-4.547473508864641e-13,0.0
2025-06-08 09:00:00+00:00,4,59.0,2865.8243195745335,956.1494837275516,1636.349674830726,273.3251610162558,956.1494837275516,261.5574224376227,694.5920612899289,1269.589789842149,0.0,956.1494837275516,0.0,1636.349674830726,0.0,273.3251610162558,0.0,0.0,0.0,0.0,0.0,1229.4746447438074,409.82488158126915,3275.6492011558025,49.134738017337035,32.72699349661452,32.72699349661452,221.93422975580904,746.3478363476443,3612.172155922177,0.0,0.0,0.0,0.0,0.0,2759.401996497704,0.0,0.0,35732.21082306985,23.839338024791928,0.0,0.0,0.0,-9.094947017729282e-13,0.0
2025-06-08 10:00:00+00:00,4,59.0,3004.936785739249,1006.277973467216,1711.8815791354714,286.7772331365587,1006.2779734672163,275.33079672635614,730.9471767408601,1269.589789842149,0.0,1006.277973467216,0.0,1711.8815791354714,57.326432655546796,229.45080048101192,0.0,0.0,57.326432655546796,76.43524354072906,19.108810885182265,1235.728773948228,411.90959131607605,3359.5199443997753,50.39279916599663,34.81089590926489,34.237631582709426,233.5078889305112,783.9676177897404,0.0,4.547473508864641e-13,0.0,4.547473508864641e-13,76.4352435407286,0.0,2826.4966738684016,0.0,3788.9044035289894,31738.354905805405,23.82843361321875,0.0,0.0,0.0,0.0,0.0
2025-06-08 11:00:00+00:00,4,59.0,2992.4877938225673,1001.8325885785474,1705.9403412021418,284.7148640418786,1001.8325885785475,273.958266530366,727.8743220481815,1269.589789842149,0.0,1001.8325885785474,0.0,1705.9403412021418,4.462889485055143,280.2519745568235,0.0,0.0,4.462889485055143,5.950519313406858,1.4876298283517144,1282.084563135371,427.36152104512365,3415.3864253826364,51.23079638073954,34.16343571889339,34.118806824042835,232.44449184557885,780.8066816427299,0.0,0.0,0.0,0.0,5.950519313406858,0.0,2826.4966738684016,0.0,3773.2944754652967,27760.953297471853,23.827082974958195,0.0,0.0,0.0,-4.547473508864641e-13,0.0
2025-06-08 12:00:00+00:00,4,59.0,2864.58811242164,958.381305703774,1631.9740793503431,274.2327273675211,958.3813057037742,262.3774147115173,696.0038909922569,1269.589789842149,0.0,958.381305703774,0.0,1631.9740793503431,4.462889485055143,269.76983788246594,0.0,0.0,4.462889485055143,5.950519313406858,1.4876298283517144,1228.1511435862399,409.3837145287466,3269.50893746533,49.042634061979946,32.68411048185742,32.63948158700686,222.45060746779995,747.6881779557425,0.0,0.0,0.0,0.0,5.950519313406858,0.0,2826.4966738684016,0.0,3612.276290377382,23953.27975899975,23.831962912789336,0.0,0.0,0.0,-4.547473508864641e-13,0.0
2025-06-08 13:00:00+00:00,4,59.0,2798.9460515361766,934.2959365679994,1597.2283461573852,267.42176881079337,934.2959365679995,255.7127879656923,678.5831486023072,1269.589789842149,0.0,934.2959365679994,0.0,1597.2283461573852,0.0,267.42176881079337,0.0,0.0,0.0,0.0,0.0,1201.7177053787927,400.57256845959756,3199.518619995775,47.99277929993663,31.944566923147704,31.944566923147704,216.88132883099107,729.3358104368207,3528.281861972997,0.0,0.0,0.0,0.0,0.0,2820.8436805206647,0.0,0.0,23953.27975899975,23.840978327333342,0.0,0.0,0.0,-3.410605131648481e-13,0.0
2025-06-08 14:00:00+00:00,4,59.0,2815.0490135332443,940.2193507337691,1607.0667308413024,267.7629319581703,940.2193507337693,257.38596064217273,682.8333900915965,1269.589789842149,0.0,940.2193507337691,0.0,1607.0667308413024,0.0,267.7629319581703,0.0,0.0,0.0,0.0,0.0,1207.9822826919394,402.66076089731314,3217.7097744305547,48.26564661645832,32.14133461682605,32.14133461682605,218.20067055245153,733.4097472998751,3808.4390419432216,0.0,0.0,0.0,0.0,0.0,2815.201993159624,259.980281110102,0.0,24199.91870951138,23.840322909709847,0.0,0.0,0.0,1.7053025658242404e-13,0.0
2025-06-08 15:00:00+00:00,4,59.0,3010.6690789388085,1001.1530914483392,1732.8066130129544,276.709374477516,1001.1530914483392,274.1830526568062,726.970038791533,1269.589789842149,0.0,1001.1530914483392,0.0,1732.8066130129544,0.0,276.709374477516,0.0,0.0,0.0,0.0,0.0,1277.8624659258553,425.95415530861845,3436.623234247428,51.54934851371142,34.656132260259085,34.656132260259085,232.26032422138877,779.0760925642369,3789.7451715030456,0.0,0.0,0.0,0.0,0.0,2809.5715891733053,0.0,0.0,24199.91870951138,23.81121540391635,0.0,0.0,0.0,2.2737367544323206e-13,0.0
2025-06-08 16:00:00+00:00,4,59.0,3078.2069923204554,1026.3250357647196,1770.0633654188143,281.8185911369217,1026.3250357647194,280.23947114836426,746.0855646163552,1269.589789842149,0.0,1026.3250357647196,0.0,1770.0633654188143,0.0,281.8185911369217,0.0,0.0,0.0,0.0,0.0,1308.1436269016413,436.04787563388044,3514.254867954336,52.713823019315036,35.40126730837629,35.40126730837629,237.9870963081848,797.5513295781329,3875.758321898588,0.0,0.0,0.0,0.0,0.0,2803.952445994959,0.0,0.0,24199.91870951138,23.804907092428742,0.0,0.0,0.0,-4.547473508864641e-13,0.0
2025-06-08 17:00:00+00:00,4,59.0,3074.9395644076244,1023.305681011135,1769.822857340587,281.8110260559022,1023.3056810111351,279.42641590083997,743.8792651102951,1269.589789842149,0.0,1023.305681011135,0.0,1769.822857340587,22.225367972709705,259.58565808319247,0.0,0.0,22.225367972709705,29.63382396361294,7.408455990903235,1282.8913390943276,427.6304463647759,3480.3446427996905,52.205169641995354,35.61871082653884,35.39645714681174,237.3283251284064,795.5875650994315,0.0,0.0,0.0,0.0,29.63382396361294,0.0,2826.4966738684016,0.0,3870.5271295070556,20120.024884606115,23.802159867864123,0.0,0.0,0.0,-2.2737367544323206e-13,0.0
2025-06-08 18:00:00+00:00,4,59.0,3058.9732310608524,1019.6392988165878,1759.2173200696552,280.11661217461193,1019.6392988165879,278.4691967769262,741.1701020396617,1269.589789842149,0.0,1019.6392988165878,0.0,1759.2173200696552,4.462889485055143,275.6537226895568,0.0,0.0,4.462889485055143,5.950519313406858,1.4876298283517144,1295.2930215061447,431.76434050204824,3486.2746820778484,52.294120231167724,35.22897529624366,35.18434640139311,236.45640988348924,792.4158221426937,0.0,0.0,0.0,0.0,5.950519313406858,0.0,2826.4966738684016,0.0,3851.389053203546,16060.304363418576,23.806129003038944,0.0,0.0,0.0,0.0,0.0
2025-06-08 19:00:00+00:00,4,59.0,3062.354483484829,1023.6255047155687,1756.7441231574142,281.9848556118468,1023.6255047155687,280.15599324542734,743.4695114701414,1269.589789842149,0.0,1023.6255047155687,0.0,1756.7441231574142,4.462889485055143,277.52196612679165,0.0,0.0,4.462889485055143,5.950519313406858,1.4876298283517144,1301.1474708423602,433.7158236141201,3491.6074176138945,52.374111264208416,35.17951135799884,35.13488246314829,237.41046460863802,795.3024231364653,0.0,0.0,0.0,0.0,5.950519313406858,0.0,2826.4966738684016,0.0,3857.656906621294,11993.97694461765,23.808306628600743,0.0,0.0,0.0,-1.1368683772161603e-13,0.0
2025-06-08 20:00:00+00:00,4,59.0,3034.895582970205,1014.7525510617214,1740.6399483434666,279.50308356501506,1014.7525510617215,277.9617607706109,736.7907902911106,1269.589789842149,0.0,1014.7525510617214,0.0,1740.6399483434666,4.462889485055143,275.0401940799599,0.0,0.0,4.462889485055143,5.950519313406858,1.4876298283517144,1289.7927451416813,429.9309150472271,3460.363608532375,51.90545412798563,34.857427861719884,34.81279896686933,235.35984901304218,788.3540748451958,0.0,0.0,0.0,0.0,5.950519313406858,0.0,2826.4966738684016,0.0,3823.2496578154005,7963.9179505656375,23.812174719237365,0.0,0.0,0.0,-2.2737367544323206e-13,0.0
2025-06-08 21:00:00+00:00,4,59.0,3007.7975109015924,1005.5866687321511,1726.17279491681,276.0380472526299,1005.5866687321511,275.315735313394,730.2709334187572,1269.589789842149,0.0,1005.5866687321511,0.0,1726.17279491681,4.462889485055143,271.57515776757475,0.0,0.0,4.462889485055143,5.950519313406858,1.4876298283517144,1277.161826499726,425.720608833242,3429.055230249778,51.43582845374667,34.568084793186756,34.5234558983362,233.19709356382327,780.9327013706867,0.0,0.0,0.0,0.0,5.950519313406858,0.0,2826.4966738684016,0.0,3788.730212272279,3970.2456470077614,23.81667878458324,0.0,0.0,0.0,-1.1368683772161603e-13,0.0
2025-06-08 22:00:00+00:00,4,59.0,2975.856033715487,992.3295320160728,1713.0714371515187,270.45506454789637,992.329532016073,270.5471323597569,721.7823996563161,1269.589789842149,0.0,992.3295320160728,0.0,1713.0714371515187,0.0,270.45506454789637,0.0,0.0,0.0,0.0,0.0,1262.7845965639692,420.9281988546564,3396.784232570144,50.95176348855216,34.26142874303037,34.26142874303037,230.04815812303818,770.4509779523075,3746.307011667795,0.0,0.0,0.0,0.0,0.0,2820.8436805206647,0.0,0.0,3970.2456470077614,23.8157227165228,0.0,0.0,0.0,6.821210263296962e-13,0.0
2025-06-08 23:00:00+00:00,4,59.0,2972.2519996359006,990.2963421529055,1712.5722609228023,269.38339656019264,990.2963421529056,269.9270239290888,720.3693182238168,1269.589789842149,0.0,990.2963421529055,0.0,1712.5722609228023,0.0,269.38339656019264,0.0,0.0,0.0,0.0,0.0,1259.6797387130982,419.89324623769943,3392.1452458736003,50.882178688104005,34.25144521845605,34.25144521845605,229.57253092675316,768.8508462894688,3741.1028459253685,0.0,0.0,0.0,0.0,0.0,2815.201993159624,0.0,0.0,3970.2456470077614,23.8162665890523,0.0,0.0,0.0,-9.094947017729282e-13,0.0
2025-07-04 00:00:00+00:00,5,66.0,2818.240359639253,959.0901416463881,1598.192487046063,260.9577309468012,959.0901416463884,262.1141439748425,696.9759976715459,1269.589789842149,0.0,959.0901416463881,0.0,1598.192487046063,0.0,260.9577309468012,0.0,0.0,0.0,0.0,0.0,1220.0478725931894,406.6826241977298,3224.922983836982,48.37384475755473,31.963849740921262,31.963849740921262,222.21607056610472,741.2002390032317,3559.440598642485,0.0,0.0,0.0,0.0,0.0,2809.5715891733053,0.0,0.0,3970.2456470077614,23.848520007079223,0.0,0.0,0.0,4.547473508864641e-13,0.0
2025-07-04 01:00:00+00:00,5,66.0,2774.3114535455616,946.4980107671602,1569.8079841589733,258.0054586194261,946.4980107671602,258.89236950045006,687.6056412667101,1269.589789842149,0.0,946.4980107671602,0.0,1569.8079841589733,0.0,258.0054586194261,0.0,0.0,0.0,0.0,0.0,1204.5034693865864,401.50115646219547,3175.812610007755,47.63718915011633,31.396159683179466,31.396159683179466,219.3265112828521,731.2571762615228,3505.5686298070846,0.0,0.0,0.0,0.0,0.0,2803.952445994959,0.0,0.0,3970.2456470077614,23.845681268035914,0.0,0.0,0.0,2.2737367544323206e-13,0.0
2025-07-04 02:00:00+00:00,5,66.0,2760.9594491582247,940.5805500996032,1563.7057284279265,256.6731706306949,940.5805500996033,257.23340659499604,683.3471435046073,1269.589789842149,0.0,940.5805500996032,0.0,1563.7057284279265,0.0,256.6731706306949,0.0,0.0,0.0,0.0,0.0,1197.253720730298,399.084573576766,3160.0440227349904,47.40066034102485,31.27411456855853,31.27411456855853,217.96875071242712,727.002213767335,17116.78440098915,0.0,0.0,0.0,0.0,0.0,2798.3445411029693,13628.822738063587,0.0,16899.68215069976,23.84926744186336,0.0,0.0,0.0,1.8189894035458565e-12,0.0
2025-07-04 03:00:00+00:00,5,66.0,2753.5121730464352,939.3060634173329,1557.288026305524,256.9180833235766,939.3060634173329,257.0392340709011,682.2668293464318,1269.589789842149,0.0,939.3060634173329,0.0,1557.288026305524,0.0,256.9180833235766,0.0,0.0,0.0,0.0,0.0,1196.2241467409094,398.7413822469698,3152.253555293403,47.283803329401046,31.145760526110482,31.145760526110482,217.67712506482718,725.993831693419,23330.73423977866,0.0,0.0,0.0,0.0,0.0,2792.7478520207637,19851.228235038805,0.0,35732.21082306985,23.847498327041134,0.0,0.0,0.0,0.0,0.0
2025-07-04 04:00:00+00:00,5,66.0,2746.0345353449115,937.6744794613955,1552.3576726781732,256.00238320534254,937.6744794613958,256.4934827093486,681.1809967520471,1269.589789842149,0.0,937.6744794613955,0.0,1552.3576726781732,0.0,256.00238320534254,0.0,0.0,0.0,0.0,0.0,1193.676862666738,397.89228755557934,3143.9268229004906,47.15890234350736,31.047153453563464,31.047153453563464,217.27259221573763,724.4180890219512,3470.4526243668633,0.0,0.0,0.0,0.0,0.0,2787.1623563167223,0.0,0.0,35732.21082306985,23.844654762290816,0.0,0.0,0.0,5.684341886080801e-13,0.0
2025-07-04 05:00:00+00:00,5,66.0,2742.154172633252,936.8072872824592,1549.1003625399487,256.24652281084536,936.8072872824595,256.41764401777004,680.3896432646894,1269.589789842149,0.0,936.8072872824592,0.0,1549.1003625399487,0.0,256.24652281084536,0.0,0.0,0.0,0.0,0.0,1193.0538100933045,397.68460336443485,3139.838775997688,47.09758163996532,30.982007250798976,30.982007250798976,217.08407143478377,723.8302709407819,3465.9844435740342,0.0,0.0,0.0,0.0,0.0,2781.588031604089,0.0,0.0,35732.21082306985,23.85159546164636,0.0,0.0,0.0,2.2737367544323206e-13,0.0
2025-07-04 06:00:00+00:00,5,66.0,2725.883905048667,933.1694559573447,1538.230150999711,254.48429809161195,933.1694559573448,255.34924580891226,677.8202101484326,1269.589789842149,0.0,933.1694559573447,0.0,1538.230150999711,0.0,254.48429809161195,0.0,0.0,0.0,0.0,0.0,1187.6537540489567,395.8845846829856,3121.768489731653,46.826527345974796,30.76460301999422,30.76460301999422,216.2030209158251,720.443338984774,3446.327244033441,0.0,0.0,0.0,0.0,0.0,2776.024855540881,0.0,0.0,35732.21082306985,23.846182331790803,0.0,0.0,0.0,-3.410605131648481e-13,0.0
2025-07-04 07:00:00+00:00,5,66.0,2750.898024777563,941.1119904171532,1552.366955509541,257.41907885086823,941.1119904171533,257.7952837646933,683.31670665246,1269.589789842149,0.0,941.1119904171532,0.0,1552.366955509541,0.0,257.41907885086823,0.0,0.0,0.0,0.0,0.0,1198.5310692680214,399.5103564226738,3150.4083812002364,47.256125718003545,31.04733911019082,31.04733911019082,218.06700303731122,726.9281633983702,3477.8261881759336,0.0,0.0,0.0,0.0,0.0,2770.4728058297997,0.0,0.0,35732.21082306985,23.844264116019218,0.0,0.0,0.0,3.410605131648481e-13,0.0
2025-07-04 08:00:00+00:00,5,66.0,2781.6229960812484,952.2966556782133,1570.0223998953998,259.30394050763476,952.2966556782134,260.47124339327706,691.8254122849363,1269.589789842149,0.0,952.2966556782133,0.0,1570.0223998953998,0.0,259.30394050763476,0.0,0.0,0.0,0.0,0.0,1211.600596185848,403.8668653952827,3185.4898614765307,47.782347922147956,31.400447997907996,31.400447997907996,220.5986431646139,735.0487524778605,3516.671748559109,0.0,0.0,0.0,0.0,0.0,2764.93186021814,0.0,0.0,35732.21082306985,23.843787098892562,0.0,0.0,0.0,0.0,0.0
2025-07-04 09:00:00+00:00,5,66.0,2776.4756009080784,951.591027835721,1564.9696890643309,259.91488400802655,951.5910278357212,260.46912518198263,691.1219026537385,1269.589789842149,0.0,951.591027835721,0.0,1564.9696890643309,0.0,259.91488400802655,0.0,0.0,0.0,0.0,0.0,1211.5059118437475,403.83530394791586,3180.3109048559945,47.70466357283992,31.299393781286618,31.299393781286618,220.46546943877212,734.604224522101,3511.079825430179,0.0,0.0,0.0,0.0,0.0,2759.401996497704,0.0,0.0,35732.21082306985,23.84546538115707,0.0,0.0,0.0,-4.547473508864641e-13,0.0
2025-07-04 10:00:00+00:00,5,66.0,2749.9392623389845,944.555198198051,1548.256853191747,257.1272109491863,944.5551981980511,258.3008271375434,686.2543710605078,1269.589789842149,0.0,944.555198198051,0.0,1548.256853191747,57.326432655546455,199.80077829363984,0.0,0.0,57.326432655546455,76.4352435407286,19.10881088518215,1144.3559764916909,381.45199216389693,3074.0648218473348,46.11097232771002,31.538401390390405,30.96513706383494,218.76307413780282,727.9383879688173,0.0,0.0,0.0,0.0,76.4352435407286,0.0,2826.4966738684016,0.0,3477.8776503078016,32066.205890280762,23.83946499478238,0.0,0.0,0.0,-2.2737367544323206e-13,0.0
2025-07-04 11:00:00+00:00,5,66.0,2729.8440828788735,934.3391468928816,1539.468184867516,256.036751118476,934.3391468928817,256.0098505390065,678.3292963538752,1269.589789842149,0.0,934.3391468928816,0.0,1539.468184867516,4.462889485055143,251.57386163342085,0.0,0.0,4.462889485055143,5.950519313406858,1.4876298283517144,1185.9130085263023,395.3043361754341,3120.685529569252,46.81028294353878,30.833992592200868,30.789363697350318,216.48180930298008,721.7074145398558,0.0,0.0,0.0,0.0,5.950519313406858,0.0,2826.4966738684016,0.0,3451.5514974187295,28427.951159211443,23.84313394946262,0.0,0.0,0.0,2.2737367544323206e-13,0.0
2025-07-04 12:00:00+00:00,5,66.0,2640.408421575164,904.3229796039568,1488.9118421199703,247.17359985123602,904.322979603957,248.0133157497625,656.3096638541945,1269.589789842149,0.0,904.3229796039568,0.0,1488.9118421199703,4.462889485055143,242.71071036618088,0.0,0.0,4.462889485055143,5.950519313406858,1.4876298283517144,1147.0336899701376,382.3445633233792,3018.290095413487,45.274351431202305,29.822865737249955,29.778236842399405,209.53277430322922,698.2404214658118,0.0,0.0,0.0,0.0,5.950519313406858,0.0,2826.4966738684016,0.0,3338.648843040976,24908.706275379613,23.850910604738605,0.0,0.0,0.0,0.0,0.0
2025-07-04 13:00:00+00:00,5,66.0,2663.4376508569358,905.6705859397783,1509.1949921358926,248.57207278126612,905.6705859397786,247.94420428577132,657.7263816540072,1269.589789842149,0.0,905.6705859397783,0.0,1509.1949921358926,0.0,248.57207278126612,0.0,0.0,0.0,0.0,0.0,1154.2426587210443,384.7475529070148,3048.185203763952,45.722778056459276,30.183899842717853,30.183899842717853,209.91944701260863,700.7575776615183,3364.1952285184543,0.0,0.0,0.0,0.0,0.0,2820.843680520665,0.0,0.0,24908.706275379613,23.856991947517496,0.0,0.0,0.0,2.2737367544323206e-13,0.0
2025-07-04 14:00:00+00:00,5,66.0,2712.354349978731,917.1824830129418,1542.2147776549498,252.95708931083945,917.182483012942,250.86091237476023,666.3215706381818,1269.589789842149,0.0,917.1824830129418,0.0,1542.2147776549498,0.0,252.95708931083945,0.0,0.0,0.0,0.0,0.0,1170.1395723237813,390.0465241079271,3102.4008740866584,46.53601311129987,30.844295553098995,30.844295553098995,212.648727225414,710.919855550839,3423.2742055295703,0.0,0.0,0.0,0.0,0.0,2815.201993159624,0.0,0.0,24908.706275379613,23.86085645689942,0.0,0.0,0.0,2.2737367544323206e-13,0.0
2025-07-04 15:00:00+00:00,5,66.0,2751.8690673449673,929.215582738947,1564.8601887267412,257.79329587927765,929.215582738947,254.7655959163812,674.4499868225658,1269.589789842149,0.0,929.215582738947,0.0,1564.8601887267412,0.0,257.79329587927765,0.0,0.0,0.0,0.0,0.0,1187.0088786182246,395.66962620607484,3147.5386935510405,47.21308040326561,31.297203774534825,31.297203774534825,215.5249127865014,721.0020269449114,5132.784327125701,0.0,0.0,0.0,0.0,0.0,2809.5715891733053,1659.913232835823,0.0,26483.43823558399,23.85912746882003,0.0,0.0,0.0,-1.1368683772161603e-12,0.0
2025-07-04 16:00:00+00:00,5,66.0,2760.8345873863886,931.7156646921769,1569.4392699293905,259.67965276482033,931.715664692177,255.65495328155188,676.0607114106251,1269.589789842149,0.0,931.7156646921769,0.0,1569.4392699293905,17.79807463692839,241.88157812789194,0.0,0.0,17.79807463692839,23.730766182571188,5.932691545642797,1173.597242820069,391.19908094002295,3134.2355936894824,47.013533905342236,31.566766144957093,31.38878539858781,216.14866451787196,723.2495224524248,0.0,0.0,0.0,0.0,23.730766182571188,0.0,2826.4966738684016,0.0,3484.0841098388137,22810.89112002036,23.86237385227969,0.0,0.0,0.0,2.2737367544323206e-13,0.0
2025-07-04 17:00:00+00:00,5,66.0,2761.2847957782765,931.2305947038616,1569.689718316265,260.36448275815,931.2305947038617,255.8221257275362,675.4084689763255,1269.589789842149,0.0,931.2305947038616,0.0,1569.689718316265,4.462889485055143,255.90159327309487,0.0,0.0,4.462889485055143,5.950519313406858,1.4876298283517144,1187.1321879769564,395.71072932565215,3152.5326356188734,47.2879895342831,31.438423261175853,31.393794366325302,216.0857178557913,723.4042841715794,0.0,0.0,0.0,0.0,5.950519313406858,0.0,2826.4966738684016,0.0,3484.689079949856,19137.70630996765,23.860850049176445,0.0,0.0,0.0,1.1368683772161603e-13,0.0
2025-07-04 18:00:00+00:00,5,66.0,3000.193083244442,1017.1277508846163,1700.8745005253845,282.19083183443917,1017.1277508846164,278.6365404459656,738.4912104386508,1269.589789842149,0.0,1017.1277508846163,0.0,1700.8745005253845,4.462889485055143,277.727942349384,0.0,0.0,4.462889485055143,5.950519313406858,1.4876298283517144,1294.8556932340002,431.6185644113334,3427.348758170718,51.41023137256077,34.06211890535825,34.01749001050769,235.8992120660417,788.4952465941535,0.0,0.0,0.0,0.0,5.950519313406858,0.0,2826.4966738684016,0.0,3788.688329838595,15144.078154371236,23.856380392379386,0.0,0.0,0.0,-2.2737367544323206e-13,0.0
2025-07-04 19:00:00+00:00,5,66.0,2979.2868905398427,1010.0385213921793,1689.701617967718,279.54675117994674,1010.0385213921793,276.40024330623515,733.6382780859442,1269.589789842149,0.0,1010.0385213921793,0.0,1689.701617967718,4.462889485055143,275.0838616948916,0.0,0.0,4.462889485055143,5.950519313406858,1.4876298283517144,1285.1223830870708,428.3741276956903,3403.198128750479,51.04797193125719,33.838661254204915,33.79403235935436,234.22449852672474,782.7669215955832,0.0,0.0,0.0,0.0,5.950519313406858,0.0,2826.4966738684016,0.0,3762.0538121354257,11178.525245548853,23.85828496083517,0.0,0.0,0.0,-2.2737367544323206e-13,0.0
2025-07-04 20:00:00+00:00,5,66.0,2756.4462746615827,914.5576798052878,1584.4721725517668,257.41642230453084,914.5576798052879,249.57431076322408,664.9833690420638,1269.589789842149,0.0,914.5576798052878,0.0,1584.4721725517668,4.462889485055143,252.9535328194757,0.0,0.0,4.462889485055143,5.950519313406858,1.4876298283517144,1167.5112126247634,389.17040420825447,3141.1537893847844,47.11730684077177,31.734072345885888,31.689443451035338,212.26113499334068,713.4599916676399,0.0,0.0,0.0,0.0,5.950519313406858,0.0,2826.4966738684016,0.0,3469.9062663292225,7520.922889251797,23.857454831825812,0.0,0.0,0.0,-1.1368683772161603e-13,0.0
2025-07-04 21:00:00+00:00,5,66.0,2678.48131628407,884.5513901014505,1547.318115916049,246.61181026657326,884.5513901014506,241.05108719781055,643.50030290364,1269.589789842149,0.0,884.5513901014505,0.0,1547.318115916049,4.462889485055143,242.14892078151811,0.0,0.0,4.462889485055143,5.950519313406858,1.4876298283517144,1126.7003108829686,375.56677029432285,3049.5851970933404,45.7437779564001,30.990991213171533,30.946362318320983,205.25134859033696,689.9868802009041,0.0,0.0,0.0,0.0,5.950519313406858,0.0,2826.4966738684016,0.0,3368.468196484974,3970.2456470077614,23.85797119202681,0.0,0.0,0.0,0.0,0.0
2025-07-04 22:00:00+00:00,5,66.0,2653.3286196868225,876.7505780460999,1533.0721819558528,243.5058596848694,876.7505780461001,238.99620263414332,637.7543754119569,1269.589789842149,0.0,876.7505780460999,0.0,1533.0721819558528,0.0,243.5058596848694,0.0,0.0,0.0,0.0,0.0,1120.2564377309693,373.41881257698975,3026.747432263812,45.40121148395718,30.661443639117056,30.661443639117056,203.40767138632032,683.5505827255014,3336.8792024123236,0.0,0.0,0.0,0.0,0.0,2820.843680520665,0.0,0.0,3970.2456470077614,23.856644979978814,0.0,0.0,0.0,-3.410605131648481e-13,0.0
2025-07-04 23:00:00+00:00,5,66.0,2639.941990440102,872.579588769931,1528.5739812665158,238.7884204036545,872.5795887699311,237.29211922174147,635.2874695481896,1269.589789842149,0.0,872.579588769931,0.0,1528.5739812665158,0.0,238.7884204036545,0.0,0.0,0.0,0.0,0.0,1111.3680091735855,370.45600305786184,3010.3979934979634,45.15596990246945,30.571479625330316,30.571479625330316,202.34054913051955,679.0954813415115,3319.037471781614,0.0,0.0,0.0,0.0,0.0,2815.201993159624,0.0,0.0,3970.2456470077614,23.855309156272924,0.0,0.0,0.0,4.547473508864641e-13,0.0
2025-09-25 00:00:00+00:00,6,31.0,2901.6103379852475,955.0135899856713,1696.436858558548,250.15988944103054,955.0135899856712,255.00483869234077,700.0087512933304,1269.589789842149,0.0,955.0135899856713,0.0,1696.436858558548,0.0,250.15988944103054,0.0,0.0,0.0,0.0,0.0,1205.1734794267018,401.72449314223394,3303.334831127484,49.55002246691226,33.92873717117096,33.92873717117096,220.9890788830242,740.1210688345122,3641.7314068197597,0.0,0.0,0.0,0.0,0.0,2815.201993159624,0.0,0.0,3970.2456470077614,23.812293348186408,0.0,0.0,0.0,0.0,0.0
2025-09-25 01:00:00+00:00,6,31.0,2813.053221362433,924.4502427406471,1647.5970079402343,241.00597068155236,924.4502427406472,246.2802805289559,678.1699622116913,1269.589789842149,0.0,924.4502427406471,0.0,1647.5970079402343,0.0,241.00597068155236,0.0,0.0,0.0,0.0,0.0,1165.4562134221994,388.48540447406646,3201.5386258365,48.0230793875475,32.95194015880469,32.95194015880469,213.8769791851148,716.2893433643382,3529.3425647267704,0.0,0.0,0.0,0.0,0.0,2809.5715891733053,0.0,0.0,3970.2456470077614,23.81579790689969,0.0,0.0,0.0,-5.684341886080801e-13,0.0
2025-09-25 02:00:00+00:00,6,31.0,2778.8391508903856,911.0121309298586,1628.5672188158696,239.25980114465523,911.0121309298586,243.07880250075462,667.933328429104,1269.589789842149,0.0,911.0121309298586,0.0,1628.5672188158696,0.0,239.25980114465523,0.0,0.0,0.0,0.0,0.0,1150.2719320745139,383.42397735817127,3162.2631282485545,47.433946923728314,32.57134437631739,32.57134437631739,210.84566109526648,706.8462741298008,3485.685425020187,0.0,0.0,0.0,0.0,0.0,2803.952445994959,0.0,0.0,3970.2456470077614,23.81659420706821,0.0,0.0,0.0,4.547473508864641e-13,0.0
2025-09-25 03:00:00+00:00,6,31.0,2801.830507389542,917.2895166228096,1642.659055082248,241.88193568448386,917.2895166228099,245.1483489418665,672.1411676809433,1269.589789842149,0.0,917.2895166228096,0.0,1642.659055082248,0.0,241.88193568448386,0.0,0.0,0.0,0.0,0.0,1159.1714523072935,386.3904841024312,3188.2209914919727,47.82331487237959,32.85318110164496,32.85318110164496,212.35486483157644,712.275026009677,17142.928271462806,0.0,0.0,0.0,0.0,0.0,2798.3445411029693,13628.822738063587,0.0,16899.68215069976,23.815807166636272,0.0,0.0,0.0,0.0,0.0
2025-09-25 04:00:00+00:00,6,31.0,2797.6655864432987,913.4984835545087,1642.7725887805036,241.39451410828605,913.4984835545087,244.87185959437534,668.6266239601333,1269.589789842149,0.0,913.4984835545087,0.0,1642.7725887805036,0.0,241.39451410828605,0.0,0.0,0.0,0.0,0.0,1154.8929976627946,384.9643325542649,3182.6299189975634,47.73944878496345,32.85545177561007,32.85545177561007,211.5595941799555,709.9742790704039,23358.868100552507,0.0,0.0,0.0,0.0,0.0,2792.7478520207637,19851.228235038805,0.0,35732.21082306985,23.819845322432744,0.0,0.0,0.0,0.0,0.0
2025-09-25 05:00:00+00:00,6,31.0,2851.1160942723395,929.4606047008735,1675.0555164230323,246.5999731484339,929.4606047008737,249.54047300413535,679.9201316967383,1269.589789842149,0.0,929.4606047008735,0.0,1675.0555164230323,0.0,246.5999731484339,0.0,0.0,0.0,0.0,0.0,1176.0605778493075,392.02019261643585,3243.1362868887754,48.64704430333163,33.50111032846065,33.50111032846065,215.32799927679872,722.9974568534875,3574.1135511258267,0.0,0.0,0.0,0.0,0.0,2787.1623563167223,0.0,0.0,35732.21082306985,23.816349555809087,0.0,0.0,0.0,-3.410605131648481e-13,0.0
2025-09-25 06:00:00+00:00,6,31.0,2897.596325228168,945.3248407109064,1702.1205367734945,250.15094774376624,945.3248407109066,253.719012166433,691.6058285444736,1269.589789842149,0.0,945.3248407109064,0.0,1702.1205367734945,0.0,250.15094774376624,0.0,0.0,0.0,0.0,0.0,1195.4757884546727,398.49192948489093,3296.088254713058,49.44132382069587,34.042410735469886,34.042410735469886,218.97590183555837,734.9939766120849,3632.5903018402523,0.0,0.0,0.0,0.0,0.0,2781.588031604089,0.0,0.0,35732.21082306985,23.813953719496073,0.0,0.0,0.0,-6.821210263296962e-13,0.0
2025-09-25 07:00:00+00:00,6,31.0,2939.804260036653,960.0423354503978,1727.1647073702636,252.59721721599095,960.0423354503978,257.67248565727965,702.3698497931182,1269.589789842149,0.0,960.0423354503978,0.0,1727.1647073702636,39.84617236383178,212.75104485215917,0.0,0.0,39.84617236383178,53.12822981844238,13.282057454610595,1172.793380302557,390.93112676751895,3290.8892144403394,49.36333821660509,34.94175587104359,34.54329414740527,222.3642163985259,745.4257888557095,3685.230048892362,0.0,0.0,0.0,53.12822981844238,0.0,2826.4966738684016,0.0,0.0,35732.21082306985,23.815734334813694,0.0,0.0,0.0,-4.547473508864641e-13,0.0
2025-09-25 08:00:00+00:00,6,31.0,2945.080060947703,966.0880898014301,1724.7193380787078,254.27263306756706,966.0880898014301,260.13607413095644,705.9520156704737,1269.589789842149,0.0,966.0880898014301,0.0,1724.7193380787078,4.462889485055143,249.8097435825119,0.0,0.0,4.462889485055143,5.950519313406858,1.4876298283517144,1215.897833383942,405.29927779464737,3345.9164492572972,50.18874673885946,34.53901565642471,34.494386761574155,223.75492237502132,749.7639791548787,3398.916657155001,0.0,0.0,0.0,5.950519313406858,0.0,2826.4966738684016,0.0,295.9273829475811,35420.275972360774,23.82205811342049,0.0,0.0,0.0,3.410605131648481e-13,0.0
2025-09-25 09:00:00+00:00,6,31.0,2930.317398884138,962.8776327328576,1713.7555132544144,253.6842528968666,962.8776327328576,259.3961555357006,703.481477197157,1269.589789842149,0.0,962.8776327328576,0.0,1713.7555132544144,4.462889485055143,249.22136341181147,0.0,0.0,4.462889485055143,5.950519313406858,1.4876298283517144,1212.098996144669,404.03299871488963,3329.887508113973,49.9483126217096,34.31973915993884,34.27511026508829,223.0178435594029,747.0816341493809,3677.399033033519,0.0,0.0,0.0,5.950519313406858,0.0,2826.4966738684016,0.0,0.0,35420.275972360774,23.82410583697757,0.0,0.0,0.0,1.1368683772161603e-13,0.0
2025-09-25 10:00:00+00:00,6,31.0,2948.936314313021,970.408633028983,1725.4071380619016,253.1205432221372,970.4086330289831,260.3344112417296,710.0742217872535,1269.589789842149,0.0,970.408633028983,0.0,1725.4071380619016,4.462889485055143,248.65765373708206,0.0,0.0,4.462889485055143,5.950519313406858,1.4876298283517144,1219.066286766065,406.3554289220217,3350.8288537499884,50.26243280624983,34.55277165608859,34.508142761238034,224.6418270798034,751.8082330537533,0.0,0.0,0.0,0.0,5.950519313406858,0.0,2826.4966738684016,0.0,3700.7445473667744,31519.348702984804,23.820282385222725,0.0,0.0,0.0,3.410605131648481e-13,0.0
2025-09-25 11:00:00+00:00,6,31.0,2984.0348840763613,981.424449411352,1745.5994753859686,257.01095927903987,981.424449411352,263.6028446645544,717.8216047467976,1269.589789842149,0.0,981.424449411352,0.0,1745.5994753859686,4.462889485055143,252.54806979398472,0.0,0.0,4.462889485055143,5.950519313406858,1.4876298283517144,1233.9725192053368,411.3241730684456,3390.896167659751,50.86344251489626,34.95661840256993,34.911989507719376,227.234248678485,760.7781020004678,0.0,0.0,0.0,0.0,5.950519313406858,0.0,2826.4966738684016,0.0,3744.812986076829,27571.969220525076,23.818361001246068,0.0,0.0,0.0,-1.1368683772161603e-13,0.0
2025-09-25 12:00:00+00:00,6,31.0,2952.3289487971765,974.0573766462909,1725.8204380200373,252.45113413084678,974.0573766462909,260.3556492346456,713.7017274116453,1269.589789842149,0.0,974.0573766462909,0.0,1725.8204380200373,4.462889485055143,247.98824464579164,0.0,0.0,4.462889485055143,5.950519313406858,1.4876298283517144,1222.0456212920826,407.3485404306942,3355.2145997428142,50.32821899614221,34.5610376552513,34.51640876040074,225.3450752579546,753.5869109287947,0.0,0.0,0.0,0.0,5.950519313406858,0.0,2826.4966738684016,0.0,3705.9158597259716,23665.59090930003,23.818621992551023,0.0,0.0,0.0,3.410605131648481e-13,0.0
2025-09-25 13:00:00+00:00,6,31.0,2912.9973999582544,959.5220300036724,1706.0367415913674,247.43862836321628,959.5220300036724,255.98318299061822,703.5388470130542,1269.589789842149,0.0,959.5220300036724,0.0,1706.0367415913674,4.462889485055143,242.97573887816114,0.0,0.0,4.462889485055143,5.950519313406858,1.4876298283517144,1202.4977688818335,400.83258962727786,3309.3671001004786,49.640506501507176,34.1653637266779,34.12073483182735,221.95318261318502,742.200007128827,3655.197407087082,0.0,0.0,0.0,5.950519313406858,0.0,2826.4966738684016,0.0,0.0,23665.59090930003,23.821260136161253,0.0,0.0,0.0,5.684341886080801e-13,0.0
2025-09-25 14:00:00+00:00,6,31.0,2897.536658208427,955.6536666352224,1694.2359452212288,247.64704635197634,955.6536666352224,255.647074700741,700.0065919344814,1269.589789842149,0.0,955.6536666352224,0.0,1694.2359452212288,4.462889485055143,243.1841568669212,0.0,0.0,4.462889485055143,5.950519313406858,1.4876298283517144,1198.8378235021437,399.6126078340479,3292.6863765574203,49.3902956483613,33.92934779927513,33.884718904424574,221.1273627904663,739.431962804927,3636.9686210133536,0.0,0.0,0.0,5.950519313406858,0.0,2826.4966738684016,0.0,0.0,23665.59090930003,23.82528050167143,0.0,0.0,0.0,-4.547473508864641e-13,0.0
2025-09-25 15:00:00+00:00,6,31.0,2901.2151153021136,953.2192477099759,1701.5383199474506,246.45754764468737,953.2192477099761,254.6175876975404,698.6016600124357,1269.589789842149,0.0,953.2192477099759,0.0,1701.5383199474506,4.462889485055143,241.99465815963222,0.0,0.0,4.462889485055143,5.950519313406858,1.4876298283517144,1195.2139058696082,398.4046352898694,3295.1568611069283,49.42735291660392,34.075395293799566,34.03076639894901,220.57072070307387,737.9965004306475,3639.2116157327605,0.0,0.0,0.0,5.950519313406858,0.0,2826.4966738684016,0.0,0.0,23665.59090930003,23.82262064262854,0.0,0.0,0.0,-6.821210263296962e-13,0.0
2025-09-25 16:00:00+00:00,6,31.0,2901.737994427714,954.23037984453,1700.2955613757495,247.21205320743493,954.2303798445301,255.10268808761234,699.1276917569178,1269.589789842149,0.0,954.23037984453,0.0,1700.2955613757495,4.462889485055143,242.7491637223798,0.0,0.0,4.462889485055143,5.950519313406858,1.4876298283517144,1196.9795435669098,398.9931811889699,3296.268286131629,49.44402429197443,34.05054012236555,34.00591122751499,220.81009679875822,738.7913834579348,3640.529377885649,0.0,0.0,0.0,5.950519313406858,0.0,2826.4966738684016,0.0,0.0,23665.59090930003,23.8231662445005,0.0,0.0,0.0,1.1368683772161603e-13,0.0
2025-09-25 17:00:00+00:00,6,31.0,2922.2616041557385,963.2916789626813,1708.634766002034,250.33515919102416,963.2916789626813,257.79873859679054,705.4929403658907,1269.589789842149,0.0,963.2916789626813,0.0,1708.634766002034,4.462889485055143,245.87226970596902,0.0,0.0,4.462889485055143,5.950519313406858,1.4876298283517144,1209.1639486686504,403.0546495562168,3320.8533642269012,49.81280046340352,34.217324214891235,34.17269532004068,222.90763568162942,745.6527350645333,0.0,0.0,0.0,0.0,5.950519313406858,0.0,2826.4966738684016,0.0,3667.914339220271,19799.26971785752,23.821830353489208,0.0,0.0,0.0,-9.094947017729282e-13,0.0
2025-09-25 18:00:00+00:00,6,31.0,2984.318557264252,984.7449834620222,1743.4691424189518,256.1044313832788,984.7449834620224,263.3044827188267,721.4405007431957,1269.589789842149,0.0,984.7449834620222,0.0,1743.4691424189518,4.462889485055143,251.64154189822364,0.0,0.0,4.462889485055143,5.950519313406858,1.4876298283517144,1236.3865253602457,412.1288417867486,3391.984509565946,50.87976764348919,34.914011743229594,34.86938284837904,227.8618279514794,762.1414618016776,0.0,0.0,0.0,0.0,5.950519313406858,0.0,2826.4966738684016,0.0,3746.4600190659294,15850.15411018879,23.81498842777431,0.0,0.0,0.0,-1.1368683772161603e-13,0.0
2025-09-25 19:00:00+00:00,6,31.0,3005.1735252236713,992.25092336738,1754.4352472232729,258.4873546330176,992.2509233673802,265.3227994356401,726.9281239317401,1269.589789842149,0.0,992.25092336738,0.0,1754.4352472232729,4.462889485055143,254.02446514796247,0.0,0.0,4.462889485055143,5.950519313406858,1.4876298283517144,1246.2753885153425,415.42512950511417,3416.1357652437296,51.24203647865594,35.13333383931601,35.088704944465455,229.59911085060048,767.9759454465038,0.0,0.0,0.0,0.0,5.950519313406858,0.0,2826.4966738684016,0.0,3773.149470670175,11872.905350329976,23.811630494938907,0.0,0.0,0.0,0.0,0.0
2025-09-25 20:00:00+00:00,6,31.0,3020.229052487607,997.7526027965331,1763.6311324874155,258.8453172036581,997.7526027965332,266.3728030882302,731.3797997083029,1269.589789842149,0.0,997.7526027965331,0.0,1763.6311324874155,4.462889485055143,254.38242771860297,0.0,0.0,4.462889485055143,5.950519313406858,1.4876298283517144,1252.1350305151361,417.3783435050454,3433.144506507597,51.49716759761395,35.31725154459886,35.27262264974831,230.82891009240882,771.781925217767,0.0,0.0,0.0,0.0,5.950519313406858,0.0,2826.4966738684016,0.0,3792.0109777053744,7875.774816359657,23.810511398849773,0.0,0.0,0.0,3.410605131648481e-13,0.0
2025-09-25 21:00:00+00:00,6,31.0,2950.7057417030483,975.6504527185726,1722.278245910266,252.77704307420993,975.6504527185728,260.22515320244173,715.4252995161311,1269.589789842149,0.0,975.6504527185726,0.0,1722.278245910266,4.462889485055143,248.31415358915478,0.0,0.0,4.462889485055143,5.950519313406858,1.4876298283517144,1223.9646063077275,407.9882021025758,3354.2310543205695,50.31346581480854,34.490193813055875,34.44556491820532,225.67949483319362,754.4045513101909,0.0,0.0,0.0,0.0,5.950519313406858,0.0,2826.4966738684016,0.0,3705.1102930132392,3970.2456470077614,23.814021804996962,0.0,0.0,0.0,1.1368683772161603e-13,0.0
2025-09-25 22:00:00+00:00,6,31.0,3008.2873212151394,993.8441217439857,1756.8316660673347,257.6115334038162,993.8441217439859,265.1303788592793,728.7137428847066,1269.589789842149,0.0,993.8441217439857,0.0,1756.8316660673347,4.462889485055143,253.14864391876108,0.0,0.0,4.462889485055143,5.950519313406858,1.4876298283517144,1246.992765662747,415.66425522091566,3419.4886869509974,51.29233030426496,35.18126221619725,35.13663332134669,229.91068821332718,768.6727991044035,3776.9601203195425,0.0,0.0,0.0,5.950519313406858,0.0,2826.4966738684016,0.0,0.0,3970.2456470077614,23.80996834435897,0.0,0.0,0.0,-3.410605131648481e-13,0.0
2025-09-25 23:00:00+00:00,6,31.0,3018.9215469377955,997.2655739272429,1761.819298628583,259.83667438196915,997.2655739272432,266.87056256868016,730.395011358563,1269.589789842149,0.0,997.2655739272429,0.0,1761.819298628583,0.0,259.83667438196915,0.0,0.0,0.0,0.0,0.0,1257.102248309212,419.0340827697373,3437.9556297075324,51.56933444561298,35.23638597257166,35.23638597257166,230.77051998243965,771.8467091429333,3790.7682560807284,0.0,0.0,0.0,0.0,0.0,2820.843680520665,0.0,0.0,3970.2456470077614,23.81210463178937,0.0,0.0,0.0,-3.410605131648481e-13,0.0
2025-10-25 00:00:00+00:00,7,36.0,2528.7797424181535,832.8611543204967,1479.9816673772063,215.93692072044868,832.8611543204968,221.2489999020467,611.6121544184501,1269.589789842149,0.0,832.8611543204967,0.0,1479.9816673772063,0.0,215.93692072044868,0.0,0.0,0.0,0.0,0.0,1048.7980750409454,349.5993583469818,2878.3791007651334,43.175686511477,29.599633347544128,29.599633347544128,192.58433405600493,644.558645609552,3173.3383880277056,0.0,0.0,0.0,0.0,0.0,2815.201993159624,0.0,0.0,3970.2456470077614,23.83590464754985,0.0,0.0,0.0,1.1368683772161603e-13,0.0
2025-10-25 01:00:00+00:00,7,36.0,2517.520352218336,829.1058141679604,1474.4356756185944,213.97886243178266,829.1058141679605,219.97287625492015,609.1329379130403,1269.589789842149,0.0,829.1058141679604,0.0,1474.4356756185944,0.0,213.97886243178266,0.0,0.0,0.0,0.0,0.0,1043.084676599743,347.69489219991436,2865.215244418252,42.97822866627378,29.488713512371888,29.488713512371888,191.684718812385,641.3352667033168,3158.8556189216524,0.0,0.0,0.0,0.0,0.0,2809.5715891733053,0.0,0.0,3970.2456470077614,23.837804087384235,0.0,0.0,0.0,-4.547473508864641e-13,0.0
2025-10-25 02:00:00+00:00,7,36.0,2536.9740567440685,835.5951961113548,1488.6664178063136,212.71244282640058,835.5951961113549,220.76678112227938,614.8284149890756,1269.589789842149,0.0,835.5951961113548,0.0,1488.6664178063136,0.0,212.71244282640058,0.0,0.0,0.0,0.0,0.0,1048.3076389377554,349.4358796459185,2886.4099363899877,43.296149045849816,29.77332835612627,29.77332835612627,193.06940170777122,645.3480871117921,23033.550378894663,0.0,0.0,0.0,0.0,0.0,2803.952445994959,19851.228235038805,0.0,22802.77431937785,23.837482125861758,0.0,0.0,0.0,-3.637978807091713e-12,0.0
2025-10-25 03:00:00+00:00,7,36.0,2490.5298133950173,819.6536583371603,1460.383818788744,210.4923362691114,819.6536583371603,217.07767286716393,602.5759854699965,1269.589789842149,0.0,819.6536583371603,0.0,1460.383818788744,0.0,210.4923362691114,0.0,0.0,0.0,0.0,0.0,1030.1459946062716,343.38199820209053,2833.911811597106,42.508677173956585,29.20767637577488,29.20767637577488,189.44693690635265,633.7529650339495,3124.282778428967,0.0,0.0,0.0,0.0,0.0,2798.3445411029693,0.0,0.0,22802.77431937785,23.838654157196306,0.0,0.0,0.0,2.2737367544323206e-13,0.0
2025-10-25 04:00:00+00:00,7,36.0,2491.2758855604698,820.2895111315822,1460.736128948353,210.25024548053585,820.2895111315823,217.08719036965306,603.2023207619293,1269.589789842149,0.0,820.2895111315822,0.0,1460.736128948353,0.0,210.25024548053585,0.0,0.0,0.0,0.0,0.0,1030.539756612118,343.51325220403936,2834.7891377645105,42.521837066467654,29.214722578967063,29.214722578967063,189.5737680583642,634.0383024868053,3125.3141880472754,0.0,0.0,0.0,0.0,0.0,2792.7478520207637,0.0,0.0,22802.77431937785,23.838995871525086,0.0,0.0,0.0,3.410605131648481e-13,0.0
2025-10-25 05:00:00+00:00,7,36.0,2514.2272191741786,828.396468849885,1474.1056975753163,211.72505274897713,828.3964688498852,219.10017919897115,609.296289650914,1269.589789842149,0.0,828.396468849885,0.0,1474.1056975753163,0.0,211.72505274897713,0.0,0.0,0.0,0.0,0.0,1040.121521598862,346.70717386628735,2860.9343930404657,42.91401589560699,29.482113951506328,29.482113951506328,191.42058340452922,640.0060010694363,16783.055958307203,0.0,0.0,0.0,0.0,0.0,2787.1623563167223,13628.822738063589,0.0,35732.21082306985,23.83849825219652,0.0,0.0,0.0,-1.8189894035458565e-12,0.0
2025-10-25 06:00:00+00:00,7,36.0,2544.3729493899773,839.9467588148661,1489.0916124819985,215.33457809311335,839.9467588148664,222.3349708418205,617.6117879730458,1269.589789842149,0.0,839.9467588148661,0.0,1489.0916124819985,0.0,215.33457809311335,0.0,0.0,0.0,0.0,0.0,1055.2813369079795,351.76044563599316,2896.1333950259714,43.44200092538957,29.78183224963997,29.78183224963997,194.09926364211515,648.8653747027779,3193.238324092755,0.0,0.0,0.0,0.0,0.0,2781.588031604089,0.0,0.0,35732.21082306985,23.8356741854836,0.0,0.0,0.0,0.0,0.0
2025-10-25 07:00:00+00:00,7,36.0,2526.457168777455,835.0927974814723,1479.2589794498801,212.1053918461034,835.0927974814724,220.50753529493005,614.5852621865423,1269.589789842149,0.0,835.0927974814723,0.0,1479.2589794498801,39.84617236383178,172.25921948227162,0.0,0.0,39.84617236383178,53.12822981844238,13.282057454610595,1007.352016963744,335.78400565458134,2822.3950020682055,42.33592503102308,29.98364131263592,29.585179588997605,192.89629451673989,643.8671035585885,3170.3242723360436,0.0,0.0,0.0,53.12822981844238,0.0,2826.4966738684016,0.0,0.0,35732.21082306985,23.83843817048814,0.0,0.0,0.0,0.0,0.0
2025-10-25 08:00:00+00:00,7,36.0,2488.024131698533,822.6046641541215,1457.6291245729767,207.7903429714354,822.6046641541217,216.9073127518216,605.6973514023001,1269.589789842149,0.0,822.6046641541215,0.0,1457.6291245729767,4.462889485055143,203.32745348638025,0.0,0.0,4.462889485055143,5.950519313406858,1.4876298283517144,1025.9321176405017,341.9773725468339,2825.538614760312,42.38307922140468,29.197211386310084,29.152582491459533,189.96449108800198,634.162366562362,3122.1864982608954,0.0,0.0,0.0,5.950519313406858,0.0,2826.4966738684016,0.0,0.0,35732.21082306985,23.841833899958512,0.0,0.0,0.0,4.547473508864641e-13,0.0
2025-10-25 09:00:00+00:00,7,36.0,2511.5316420559743,830.8740489815029,1471.4071521802443,209.25044089422602,830.874048981503,219.0636751454285,611.8103738360745,1269.589789842149,0.0,830.8740489815029,0.0,1471.4071521802443,4.462889485055143,204.78755140917087,0.0,0.0,4.462889485055143,5.950519313406858,1.4876298283517144,1035.6616003906738,345.22053346355796,2852.2892860344764,42.784339290517146,29.472771938455438,29.428143043604887,191.855180173262,640.2485977377492,3151.7802397937235,0.0,0.0,0.0,5.950519313406858,0.0,2826.4966738684016,0.0,0.0,35732.21082306985,23.842061522731914,0.0,0.0,0.0,0.0,0.0
2025-10-25 10:00:00+00:00,7,36.0,2528.253386990863,834.9695341399126,1482.7040922186031,210.57976063234602,834.9695341399129,220.14351582385228,614.8260183160605,1269.589789842149,0.0,834.9695341399126,0.0,1482.7040922186031,4.462889485055143,206.11687114729088,0.0,0.0,4.462889485055143,5.950519313406858,1.4876298283517144,1041.0864052872034,347.02880176240114,2870.819299268208,43.062289489023115,29.698710739222612,29.65408184437206,192.82612521985172,643.7576388832224,0.0,0.0,0.0,0.0,5.950519313406858,0.0,2826.4966738684016,0.0,3172.0110258740856,32388.61762142671,23.84030033431493,0.0,0.0,0.0,2.2737367544323206e-13,0.0
2025-10-25 11:00:00+00:00,7,36.0,2512.5000461809145,828.8466255093905,1474.7138988841834,208.93952178734128,828.8466255093908,218.5080616046059,610.3385639047849,1269.589789842149,0.0,828.8466255093905,0.0,1474.7138988841834,4.462889485055143,204.47663230228613,0.0,0.0,4.462889485055143,5.950519313406858,1.4876298283517144,1033.3232578116767,344.4410859372256,2852.4782426330858,42.78717363949629,29.53890687253422,29.49427797768367,191.4085584261391,639.1576326814306,0.0,0.0,0.0,0.0,5.950519313406858,0.0,2826.4966738684016,0.0,3151.657678862345,29066.478731305207,23.84068885560056,0.0,0.0,0.0,0.0,0.0
2025-10-25 12:00:00+00:00,7,36.0,2404.621778597998,791.9523752102413,1411.4790274060483,201.19037598170775,791.9523752102414,209.06264143009955,582.8897337801418,1269.589789842149,0.0,791.9523752102413,0.0,1411.4790274060483,4.462889485055143,196.7274864966526,0.0,0.0,4.462889485055143,5.950519313406858,1.4876298283517144,988.6798617068939,329.559953902298,2729.71884301524,40.9457826452286,28.274209442971518,28.229580548120968,182.9498170243831,611.4469733913538,0.0,0.0,0.0,0.0,5.950519313406858,0.0,2826.4966738684016,0.0,3016.068751989351,25887.26311932259,23.845176530811727,0.0,0.0,0.0,-9.094947017729282e-13,0.0
2025-10-25 13:00:00+00:00,7,36.0,2420.1149006663345,799.0769889271548,1418.9195833687772,202.11832837040234,799.0769889271548,210.6500069924497,588.4269819347052,1269.589789842149,0.0,799.0769889271548,0.0,1418.9195833687772,4.462889485055143,197.6554388853472,0.0,0.0,4.462889485055143,5.950519313406858,1.4876298283517144,996.732427812502,332.24414260416734,2747.8961537854466,41.2184423067817,28.423020562226096,28.378391667375546,184.5435980989818,616.2952250678842,1244.941663701077,0.0,0.0,0.0,5.950519313406858,0.0,2826.4966738684016,0.0,1791.4684620331416,23998.889553861387,23.845132276025417,0.0,0.0,0.0,-1.1368683772161603e-13,0.0
2025-10-25 14:00:00+00:00,7,36.0,2432.1762087706884,803.6855983249409,1424.9213709768542,203.5692394688933,803.6855983249409,211.94238634525726,591.7432119796837,1269.589789842149,0.0,803.6855983249409,0.0,1424.9213709768542,4.462889485055143,199.10634998383816,0.0,0.0,4.462889485055143,5.950519313406858,1.4876298283517144,1002.7919483087791,334.26398276959304,2761.9773020552266,41.429659530828395,28.543056314387634,28.498427419537084,185.6118869182018,619.8346427808997,3052.010851551588,0.0,0.0,0.0,5.950519313406858,0.0,2826.4966738684016,0.0,0.0,23998.889553861387,23.844182372851694,0.0,0.0,0.0,0.0,0.0
2025-10-25 15:00:00+00:00,7,36.0,2433.220030783311,803.7127135523826,1425.7264019263341,203.7809153045946,803.7127135523829,211.96955075578964,591.7431627965932,1269.589789842149,0.0,803.7127135523826,0.0,1425.7264019263341,4.462889485055143,199.31802581953946,0.0,0.0,4.462889485055143,5.950519313406858,1.4876298283517144,1003.0307393719221,334.3435797906407,2763.100721088897,41.44651081633345,28.559156933377235,28.514528038526684,185.62583442792058,619.9772398351504,3053.197270618462,0.0,0.0,0.0,5.950519313406858,0.0,2826.4966738684016,0.0,0.0,23998.889553861387,23.843672530933286,0.0,0.0,0.0,6.821210263296962e-13,0.0
2025-10-25 16:00:00+00:00,7,36.0,2473.2096265882515,815.9911774484442,1450.5805282093352,206.6379209304733,815.9911774484442,214.9691025599483,601.0220748884959,1269.589789842149,0.0,815.9911774484442,0.0,1450.5805282093352,4.462889485055143,202.17503144541817,0.0,0.0,4.462889485055143,5.950519313406858,1.4876298283517144,1018.1662088938624,339.38873629795415,2808.135473401152,42.122032101017275,29.056239459037254,29.011610564186704,188.45371824086942,629.5199664914165,3102.7295930796686,0.0,0.0,0.0,5.950519313406858,0.0,2826.4966738684016,0.0,0.0,23998.889553861387,23.83979363113319,0.0,0.0,0.0,5.684341886080801e-13,0.0
2025-10-25 17:00:00+00:00,7,36.0,2468.5778610092766,815.0536114437054,1447.7392608147795,205.78498875079265,815.0536114437056,214.50582979514647,600.5477816485591,1269.589789842149,0.0,815.0536114437054,0.0,1447.7392608147795,4.462889485055143,201.3220992657375,0.0,0.0,4.462889485055143,5.950519313406858,1.4876298283517144,1016.375710709443,338.79190356981434,2802.906875094037,42.04360312641055,28.99941411114614,28.95478521629559,188.2147542129058,628.4920900649242,0.0,0.0,0.0,0.0,5.950519313406858,0.0,2826.4966738684016,0.0,3097.0699510742,20734.291181107816,23.840848097815126,0.0,0.0,0.0,-6.821210263296962e-13,0.0
2025-10-25 18:00:00+00:00,7,36.0,2443.485067689006,805.1713027756352,1434.5854412288122,203.72832368455906,805.1713027756352,211.99610889521546,593.1751938804198,1269.589789842149,0.0,805.1713027756352,0.0,1434.5854412288122,4.462889485055143,199.26543419950391,0.0,0.0,4.462889485055143,5.950519313406858,1.4876298283517144,1004.4367369751392,334.8122456583797,2773.8344238623313,41.60751635793497,28.736337719426796,28.691708824576246,185.9629287316023,621.2983671202717,0.0,0.0,0.0,0.0,5.950519313406858,0.0,2826.4966738684016,0.0,3064.783434809278,17503.725784723985,23.841089383007617,0.0,0.0,0.0,2.2737367544323206e-13,0.0
2025-10-25 19:00:00+00:00,7,36.0,2479.0774094315857,815.9326768888226,1457.8747470801632,205.2699854626016,815.9326768888227,214.60202676540888,601.3306501234139,1269.589789842149,0.0,815.9326768888226,0.0,1457.8747470801632,4.462889485055143,200.80709597754645,0.0,0.0,4.462889485055143,5.950519313406858,1.4876298283517144,1016.7397728663691,338.913257622123,2813.5277775686554,42.20291666352983,29.202123836453815,29.157494941603264,188.41566757865417,629.3790904707158,0.0,0.0,0.0,0.0,5.950519313406858,0.0,2826.4966738684016,0.0,3108.4564999023014,14227.124935641907,23.840941197835765,0.0,0.0,0.0,-1.1368683772161603e-13,0.0
2025-10-25 20:00:00+00:00,7,36.0,2499.227206624947,824.0090501678752,1467.8726842095332,207.34547224753933,824.0090501678753,216.65427139960775,607.3547787682676,1269.589789842149,0.0,824.0090501678752,0.0,1467.8726842095332,4.462889485055143,202.8825827624842,0.0,0.0,4.462889485055143,5.950519313406858,1.4876298283517144,1026.8916329303595,342.2972109767865,2837.0615281166793,42.55592292175019,29.402082579041213,29.357453684190663,190.279489028703,635.3797890188233,0.0,0.0,0.0,0.0,5.950519313406858,0.0,2826.4966738684016,0.0,3134.60699564377,10922.959043731302,23.84010674014803,0.0,0.0,0.0,-3.410605131648481e-13,0.0
2025-10-25 21:00:00+00:00,7,36.0,2539.409197134827,835.8533790613823,1491.761781488084,211.79403658536182,835.8533790613824,220.04639708064417,615.8069819807382,1269.589789842149,0.0,835.8533790613823,0.0,1491.761781488084,4.462889485055143,207.33114710030668,0.0,0.0,4.462889485055143,5.950519313406858,1.4876298283517144,1043.184526161689,347.72817538722967,2882.6744830370026,43.240117245555034,29.87986452461223,29.83523562976168,193.07287905981215,645.2439016753225,0.0,0.0,0.0,0.0,5.950519313406858,0.0,2826.4966738684016,0.0,3184.6530988101504,7566.039927146854,23.834784524322153,0.0,0.0,0.0,7.958078640513122e-13,0.0
2025-10-25 22:00:00+00:00,7,36.0,2719.374850323636,897.261945689713,1595.934520166686,226.1783844672355,897.2619456897131,236.0154734190031,661.24647227071,1269.589789842149,0.0,897.261945689713,0.0,1595.934520166686,4.462889485055143,221.71549498218036,0.0,0.0,4.462889485055143,5.950519313406858,1.4876298283517144,1118.9774406718934,372.9924802239645,3087.904441062544,46.31856661593815,31.963319298184274,31.918690403333724,207.21444010011896,691.8951264698912,0.0,0.0,0.0,0.0,5.950519313406858,0.0,2826.4966738684016,0.0,3411.269976793527,3970.2456470077614,23.825623751179084,0.0,0.0,0.0,-4.547473508864641e-13,0.0
2025-10-25 23:00:00+00:00,7,36.0,2665.5769577284495,881.182174194808,1560.6169963832529,223.77778715038673,881.1821741948081,232.42125825915957,648.7609159356485,1269.589789842149,0.0,881.182174194808,0.0,1560.6169963832529,0.0,223.77778715038673,0.0,0.0,0.0,0.0,0.0,1104.9599613451946,368.31998711506486,3033.8969448435123,45.508454172652684,31.21233992766506,31.21233992766506,203.55345747043035,679.8065786134781,3345.383536341928,0.0,0.0,0.0,0.0,0.0,2820.843680520665,0.0,0.0,3970.2456470077614,23.829374853004065,0.0,0.0,0.0,3.410605131648481e-13,0.0
2025-12-05 00:00:00+00:00,8,47.0,3313.760256430499,1108.5383569618753,1898.4158658559181,306.8060336127047,1108.5383569618755,301.5692785026545,806.969078459221,1269.589789842149,922.8960868155168,185.64227014635844,968.1086880108337,930.3071778450844,306.8060336127047,0.0,1342.3943080952972,419.49822127978035,1274.9147216235383,1699.886295498051,424.9715738745127,185.64227014635844,61.88075671545281,1177.8302047068958,17.667453070603436,50.71746453335375,18.60614355690169,257.0565729468107,1250.3981859774156,4564.158442407914,2762.57818922705,2762.57818922705,0.0,279.702414366298,0.0,265.71729364798307,0.0,0.0,3970.2456470077614,23.78662253103056,0.0,0.0,0.0,-6.821210263296962e-13,-5.684341886080802e-14
2025-12-05 01:00:00+00:00,8,47.0,3255.273607904799,1091.5409545088646,1863.2046399608503,300.528013435087,1091.5409545088646,296.2275191553971,795.3134353534675,1269.589789842149,906.9034753036215,184.63747920524315,1556.3131374264453,306.89150253440494,300.528013435087,0.0,1319.1323277143586,412.22885241073703,1856.8411508615322,2475.7882011487095,618.9470502871774,184.63747920524315,61.54582640174772,553.0748081413958,8.296122122120936,55.83250430783232,6.137830050688099,253.00182829096053,1415.990013871264,4671.263621776063,2838.66074077095,2838.66074077095,0.0,956.2597880921185,0.0,1173.6326577481996,0.0,0.0,3970.2456470077614,23.793111903973152,0.0,0.0,0.0,-2.2737367544323206e-13,0.0
2025-12-05 02:00:00+00:00,8,47.0,3269.75182916589,1096.5927035703899,1871.7672896016943,301.3918359938033,1096.5927035703899,297.306192232556,799.286511337834,1269.589789842149,911.1020765626236,185.4906270077663,1555.4493148677293,316.317974733965,301.3918359938033,0.0,1325.2393840910888,414.1373075284652,1856.8411508615327,2475.78820114871,618.9470502871775,185.4906270077663,61.83020900258877,563.63881074432,8.4545821611648,56.00375730064921,6.3263594946793,254.15307619890643,1419.8523419736312,4689.604171139521,2901.54308665981,2901.54308665981,0.0,899.4844985799889,0.0,2025.795666083693,0.0,0.0,3970.2456470077614,23.791553877503027,0.0,0.0,0.0,0.0,2.2737367544323206e-13
2025-12-05 03:00:00+00:00,8,47.0,3240.5741984163383,1086.6970407467638,1855.231248552574,298.6459091170004,1086.6970407467638,294.6814836507996,792.0155570959643,1269.589789842149,902.9607692685703,183.73627147819354,1558.195241744532,297.036006808042,298.6459091170004,0.0,1313.3974825724658,410.43671330389554,1856.8411508615325,2475.78820114871,618.9470502871775,183.73627147819354,61.24542382606452,542.0177021123001,8.1302655316845,55.673036479666806,5.94072013616084,251.8624446495358,1412.2356542141852,4652.809852630524,2942.07768465078,2942.07768465078,0.0,847.1079990703956,0.0,2826.4966738684016,0.0,0.0,3970.2456470077614,23.794160610874723,0.0,0.0,0.0,4.547473508864641e-13,0.0
2025-12-05 04:00:00+00:00,8,47.0,3244.6578009155373,1086.8729112759322,1858.9291766655595,298.8557129740458,1086.8729112759324,294.9361818234813,791.936729452451,1269.589789842149,904.11658299824,182.7563282776922,1557.9854378874866,300.9437387780729,298.85571297404584,-5.684341886080802e-14,1315.0786661792583,410.9620831810182,1856.8411508615325,2475.78820114871,618.9470502871775,182.75632827769215,60.91877609256405,544.6188431483291,8.169282647224936,55.74699504192651,6.018874775561458,251.92168847598052,1412.6847505014532,18286.165289480574,4426.42226442819,4426.42226442819,0.0,0.0,635.5553971002219,2151.8379993625367,13628.822738063587,0.0,16899.68215069976,23.793343453386406,0.0,0.0,0.0,-5.4569682106375694e-12,0.0
2025-12-05 05:00:00+00:00,8,47.0,3213.546996667924,1077.9247758102165,1838.3426571470798,297.2795637106281,1077.9247758102165,292.7187981562213,785.2059776539952,1269.589789842149,895.1724126461835,182.752363164033,1559.5615871509046,278.7810699961751,297.2795637106281,0.0,1302.0689638489941,406.89655120281066,1856.8411508615327,2475.78820114871,618.9470502871775,182.752363164033,60.917454388011,522.4508875482192,7.836763313223287,55.335264651556926,5.575621399923502,249.87270282673518,1405.3814080694378,24470.156639776167,5191.105501931905,6145.5900633261,0.0,0.0,1413.2483369342008,659.9044950120217,19851.228235038805,0.0,35732.21082306985,23.794821706033794,0.0,0.0,0.0,0.0,0.0
2025-12-05 06:00:00+00:00,8,47.0,3231.6086361001035,1081.3817459152042,1851.4706463904267,298.75624379447356,1081.3817459152044,293.3812201228272,788.0005257923773,1269.589789842149,899.9588721763137,181.42287373889053,1558.084907067059,293.3857393233677,298.75624379447356,0.0,1309.0310868019108,409.0722146255971,1856.8411508615327,2475.78820114871,618.9470502871775,181.42287373889053,60.47429124629684,535.2829043085551,8.029243564628326,55.59782443642386,5.867714786467355,250.68705638740403,1408.675395333995,4640.284031434098,4410.474739671518,5783.5908478806,0.0,0.0,625.6554517208978,0.0,0.0,0.0,35732.21082306985,23.79854435593872,0.0,0.0,0.0,-2.2737367544323206e-13,0.0
2025-12-05 07:00:00+00:00,8,47.0,3273.6988613332783,1093.2639882312749,1880.1505185531607,300.2843545488419,1093.263988231275,296.0974227421186,797.1665654891564,1269.589789842149,912.1079507480082,181.1560374832667,1556.5567963126907,323.59372224047,300.28435454884186,5.684341886080802e-14,1326.7024738152847,414.59452306727644,1856.8411508615327,2475.78820114871,618.9470502871775,181.15603748326674,60.38534582775558,565.1351055514923,8.477026583272384,56.17142187967854,6.4718744448094006,253.4237311394652,1418.470973229435,4692.169834562714,3802.490674963995,4705.32990859721,0.0,0.0,0.0,0.0,0.0,0.0,35732.21082306985,23.7989597916024,0.0,0.0,0.0,4.547473508864641e-13,0.0
2025-12-05 08:00:00+00:00,8,47.0,3289.965582270757,1098.7381213030355,1887.0900129223726,304.13744804534736,1098.7381213030355,298.54157193744464,800.196549365591,1269.589789842149,915.9328673510025,182.805253952033,1552.703702816185,334.3863101061877,304.13744804534736,0.0,1332.2659888741855,416.33312152318297,1856.8411508615322,2475.7882011487095,618.9470502871774,182.805253952033,60.93508465067767,578.1266487088984,8.671899730633475,56.31021176706278,6.687726202123754,254.78762593819687,1422.672720099055,4712.638302369811,3808.054190022895,4249.98488331008,0.0,0.0,0.0,0.0,0.0,0.0,35732.21082306985,23.798699611972232,0.0,0.0,0.0,-9.094947017729282e-13,0.0
2025-12-05 09:00:00+00:00,8,47.0,3246.17856726729,1085.7570133080474,1860.5809723529167,299.8405816063234,1085.7570133080474,294.9581040408969,790.7989092671504,1269.589789842149,904.0137979218026,181.74321538624474,86.85112130202322,1773.7298510508936,299.8405816063234,0.0,1314.9291606135312,410.9153626917285,386.6917029083466,515.5889372111287,128.89723430278218,181.74321538624474,60.581071795414914,2016.0541382325532,30.240812073488296,41.0785364761418,35.47459702101787,251.74002381403662,958.9276381746103,4205.1062054419,1830.51809782466,1830.51809782466,0.0,0.0,0.0,0.0,0.0,0.0,35732.21082306985,23.797405500910116,0.0,0.0,0.0,-3.410605131648481e-13,0.0
2025-12-05 10:00:00+00:00,8,47.0,3249.987944525909,1086.080400846599,1864.7835774917758,299.1239661875362,1086.0804008465993,294.6130186160449,791.4673822305546,1269.589789842149,0.0,1086.080400846599,0.0,1864.7835774917758,299.1239661875362,0.0,0.0,0.0,299.1239661875362,398.83195491671495,99.70798872917874,1086.080400846599,362.0268002821997,3312.8907786205746,49.693361679308616,40.28691121171088,37.29567154983552,251.7876158643943,840.7983493166278,0.0,0.0,0.0,0.0,398.83195491671495,0.0,378.8903571708792,0.0,4090.7862938425365,31420.143453222765,23.796645710408075,0.0,0.0,0.0,-2.2737367544323206e-13,0.0
2025-12-05 11:00:00+00:00,8,47.0,3187.5281264695495,1063.475801011413,1832.4517809274766,291.60054453065766,1063.4758010114133,288.52916699873776,774.9466340126755,1269.589789842149,0.0,1063.475801011413,0.0,1832.4517809274766,291.60054453065766,0.0,0.0,0.0,291.60054453065766,388.80072604087684,97.20018151021921,1063.475801011413,354.49193367047104,3250.419515609361,48.756292734140416,39.56504106385611,36.64903561854953,246.56684735314406,823.2293319503804,0.0,5.684341886080802e-14,0.0,5.684341886080802e-14,388.8007260408768,0.0,747.4932661953704,0.0,4010.7574584199297,27192.43388285108,23.806524739779192,0.0,0.0,0.0,-2.2737367544323206e-13,0.0
2025-12-05 12:00:00+00:00,8,47.0,3315.267657587318,1107.58738341039,1903.3967700252108,304.28350415171775,1107.58738341039,300.6063725818821,806.9810108285079,1269.589789842149,257.24113050123816,850.3462529091519,0.0,1903.3967700252108,304.2835041517178,-5.684341886080802e-14,374.16891709271005,116.92778659147189,304.2835041517178,405.71133886895706,101.42783471723926,850.3462529091519,283.4487509697173,3037.19177390408,45.5578766085612,41.1107704420214,38.06793540050422,256.77849742802204,883.3194521575374,0.0,0.0,0.0,0.0,779.8802559616671,0.0,1486.8845228265636,0.0,4198.587109744855,22766.73447571205,23.797775523387802,0.0,0.0,0.0,0.0,0.0
2025-12-05 13:00:00+00:00,8,47.0,3332.0630603017357,1113.3671266344243,1912.587433978665,306.10849968864846,1113.3671266344245,302.09685997340205,811.2702666610223,1269.589789842149,691.0087735943353,422.358353040089,0.0,1912.587433978665,306.10849968864846,0.0,1005.1036706826695,314.0948970883342,306.10849968864846,408.14466625153125,102.03616656288281,422.358353040089,140.78611768002966,2475.7319046987836,37.135978570481754,41.31283367645979,38.2517486795733,258.08934477091526,931.7070870286768,10517.68730075474,0.0,0.0,0.0,1413.2483369342008,0.0,2826.4966738684016,6253.917153424329,0.0,28699.721226557325,23.79259374092969,0.0,0.0,0.0,-1.8189894035458565e-12,0.0
2025-12-05 14:00:00+00:00,8,47.0,3276.583242998947,1092.5406479172054,1884.6964412968953,299.3461537848462,1092.5406479172057,296.37144266199493,796.1692052552108,1269.589789842149,913.128135826475,179.4125120907304,661.3802731687013,1223.316168128194,299.34615378484625,-5.684341886080802e-14,1328.1863793839636,415.0582435574886,960.7264269535475,1280.9685692713965,320.24214231784913,179.41251209073033,59.80417069691011,1462.5328509158344,21.937992763737515,47.30119309547339,24.46632336256388,253.25304774677514,1142.0631135407978,4418.646356539744,2609.1549486553604,2609.15494865536,4.547473508864641e-13,0.0,0.0,2820.8436805206647,0.0,0.0,28699.721226557325,23.79925019191154,0.0,0.0,0.0,-2.2737367544323206e-13,0.0
2025-12-05 15:00:00+00:00,8,47.0,3241.7336253367407,1085.6998002787304,1861.5984183301014,294.4354067279077,1085.6998002787304,294.1307498604589,791.5690504182717,1269.589789842149,904.5137994365012,181.1860008422292,646.0281765550571,1215.5702417750442,294.4354067279077,0.0,1315.6564355440019,411.14263610750055,940.4635832829649,1253.9514443772864,313.4878610943216,181.1860008422292,60.3953336140764,1457.1515762313497,21.857273643470243,46.63660419943167,24.311404835500884,251.54158851238114,1129.3727020066824,4371.106327343422,2557.7187423331006,2557.7187423331,4.547473508864641e-13,11.88913758818767,0.0,2826.4966738684016,0.0,0.0,28699.721226557325,23.797857860377047,0.0,0.0,0.0,-1.1368683772161603e-12,-4.796163466380676e-14
2025-12-05 16:00:00+00:00,8,47.0,3285.9808779116343,1100.6748424661573,1890.7340802552862,294.57195519018865,1100.6748424661573,297.2846159082572,803.3902265579002,1269.589789842149,918.4401984727747,182.23464399338263,1562.2691956713438,328.4648845839424,294.5719551901886,5.684341886080802e-14,1335.9130159603997,417.47281748762487,1856.8411508615325,2475.78820114871,618.9470502871775,182.2346439933827,60.744881331127566,571.4444099084527,8.57166614862679,56.383093113721046,6.569297691678848,254.92151073488884,1423.6103167948456,4709.59119470648,3850.1263285354203,3850.12632853542,4.547473508864641e-13,0.0,38.42511142631065,2780.396194808759,0.0,0.0,28699.721226557325,23.800059713626865,0.0,0.0,0.0,-2.2737367544323206e-13,0.0
2025-12-05 17:00:00+00:00,8,47.0,3258.13848750876,1092.582062909738,1872.5790977876381,292.97732681138325,1092.5820629097382,295.3525676242236,797.2294952855146,1269.589789842149,910.5978310939842,181.9842318157538,1563.863824050149,308.71527373748904,292.97732681138336,-1.1368683772161603e-13,1324.5059361367043,413.9081050427201,1856.8411508615325,2475.78820114871,618.9470502871775,181.98423181575367,60.66141060525123,551.360916158494,8.270413742377409,56.019993464368085,6.174305474749781,253.0468161223888,1417.028094739033,0.0,5213.5424742196155,5656.34345459717,0.0,0.0,1413.2483369342008,1287.205574067351,0.0,4675.166582247793,23771.662946354678,23.802593824767516,0.0,0.0,0.0,-4.547473508864641e-13,0.0
2025-12-05 18:00:00+00:00,8,47.0,3197.7869855633876,1073.6329541154926,1836.845971138362,287.30806030953477,1073.6329541154926,290.09546499324966,783.537489122243,1269.589789842149,893.9483807573645,179.6845733581281,1569.5330905519982,267.3128805863639,287.30806030953477,0.0,1300.2885538288938,406.3401730715293,1856.841150861533,2475.7882011487104,618.9470502871776,179.6845733581281,59.8948577860427,506.89231173053474,7.603384675958021,55.30533093138257,5.346257611727278,248.61237892436154,1402.0494332881788,0.0,4996.47635975086,5292.86699193041,0.0,0.0,1220.3996047732558,0.0,0.0,4599.836418851566,18923.009630433604,23.806950081360235,0.0,0.0,0.0,-2.2737367544323206e-13,0.0
2025-12-05 19:00:00+00:00,8,47.0,3215.358481917195,1076.9015238238785,1849.5713834718274,288.88557462148714,1076.9015238238787,290.9760444485403,785.9254793753385,1269.589789842149,898.2157178594517,178.68580596442678,1567.9555762400453,281.6158072317821,288.88557462148714,0.0,1306.495589613748,408.27987175429627,1856.8411508615325,2475.78820114871,618.9470502871775,178.68580596442678,59.561935321475595,519.8635485176845,7.797953227765268,55.559839178051874,5.6323161446356425,249.3894056487942,1405.1683715621962,0.0,3782.283790762458,4779.00251824529,0.0,0.0,0.0,0.0,0.0,4620.526853479391,14052.546681444946,23.802321347534196,0.0,0.0,0.0,0.0,0.0
2025-12-05 20:00:00+00:00,8,47.0,3350.7519629627786,1120.2687864417405,1931.4823695896546,299.00080693138113,1120.2687864417408,301.9817142239562,818.2870722177845,1269.589789842149,936.0515637399717,184.21722270176883,1557.8403439301512,373.64202565950336,299.00080693138113,0.0,1361.5295472581406,425.4779835181689,1856.8411508615322,2475.7882011487095,618.9470502871774,184.21722270176883,61.40574090058961,619.2649892618618,9.288974838927928,57.19805890040841,7.472840513190067,259.3899294714396,1439.1805784299017,0.0,3837.31774840685,7987.78941259822,0.0,0.0,0.0,0.0,0.0,4789.932541392681,9003.514458325071,23.794348527720373,0.0,0.0,0.0,4.547473508864641e-13,0.0
2025-12-05 21:00:00+00:00,8,47.0,3339.1010558841294,1115.848632918558,1923.8784230585863,299.3739999069871,1115.8486329185582,301.1356971287068,814.7129357898514,1269.589789842149,932.4557549896996,183.3928779288584,1557.4671509545453,366.411272104041,299.37399990698736,-2.8421709430404007e-13,1356.2992799850176,423.843524995318,1856.8411508615327,2475.78820114871,618.9470502871775,183.39287792885813,61.13095930961938,610.9351093425186,9.164026640137777,57.045979969787055,7.328225442080821,258.4172333670444,1435.877000011165,0.0,3832.0874811337276,7300.99573515421,0.0,0.0,0.0,0.0,0.0,4774.978055895294,3970.2456470077614,23.792831396825978,0.0,0.0,0.0,0.0,0.0
2025-12-05 22:00:00+00:00,8,47.0,3279.836809560675,1096.5125588252401,1889.31245615373,294.01179458170816,1096.5125588252404,295.9166466591953,800.5959121660451,1269.589789842149,916.0093081582841,180.5032506669561,1562.8293562798237,326.4830998739062,294.0117945817085,-3.410605131648481e-13,1332.3771755029586,416.36786734467455,1856.8411508615322,2475.7882011487095,618.9470502871774,180.50325066695575,60.16775022231858,567.1541007631805,8.507311511447707,56.354660631689924,6.529661997478124,253.93456317963512,1420.8088651744215,4700.645674735095,3808.1653766516683,6045.7364459129,0.0,0.0,0.0,0.0,0.0,0.0,3970.2456470077614,23.79521853636813,0.0,0.0,0.0,-1.8189894035458565e-12,0.0
2025-12-05 23:00:00+00:00,8,47.0,3122.4725653333685,1040.261948181904,1802.2389080987236,279.9717090527431,1040.261948181904,280.97575772923545,759.2861904526686,1269.589789842149,871.7746052202607,168.48734296164332,1216.8506373773607,585.3882707213629,279.9717090527431,0.0,1268.0357894112883,396.26118419102755,1496.8223464301038,1995.7631285734717,498.9407821433679,168.48734296164332,56.16244765388111,810.0380613368874,12.15057092005331,51.01300162627551,11.707765414427259,240.97919849801775,1267.2149504470503,4389.687515780419,3263.79891798476,3263.79891798476,0.0,0.0,0.0,0.0,0.0,0.0,3970.2456470077614,23.8064255941884,0.0,0.0,0.0,0.0,0.0
