timestamp_hour_utc,representative_day_id,day_weight,it_load_kw,q_air_kw,q_cp_kw,q_rdhx_kw,s_air_kw,s_air_old_kw,s_air_new_kw,old_ac_capacity_eff_kw,q_air_to_ashp_kw,q_air_to_reject_kw,q_cp_to_wshp_kw,q_cp_to_free_kw,q_rdhx_to_wshp_kw,q_rdhx_to_chiller_kw,q_ashp_out_kw,p_ashp_kw,q_wshp_in_kw,q_wshp_out_kw,p_wshp_kw,q_chiller_evap_kw,p_chiller_kw,q_tower_kw,p_tower_kw,p_pump_kw,p_cdu_free_kw,p_terminal_kw,p_cooling_kw,p_grid_kw,q_heat_kw,heating_demand_kw,heat_demand_upper_violation_kw,q_tes_ch_kw,q_tes_dis_kw,e_tes_kwh,p_bess_ch_kw,p_bess_dis_kw,e_bess_kwh,max_theta_c,hotspot_slack_c,hotspot_penalty_yuan,bess_degradation_cost_yuan,power_balance_residual_kw,heat_balance_residual_kw
2025-01-15 00:00:00+00:00,0,71.0,2808.3800211662774,860.004537502233,1479.1161805559486,469.25930310809497,860.0045375022332,500.61752655662195,359.38701094561134,2619.7890920127966,657.220651680028,202.78388582220498,1479.1161805559486,0.0,469.25930310809497,0.0,955.9573115345862,298.7366598545582,1948.3754836640437,2597.833978218725,649.4584945546812,202.78388582220498,67.59462860740166,270.37851442960664,4.0556777164441,49.06607844775941,0.0,218.82990757896675,1287.7414467598114,7979.550298206939,3093.4074654143706,3093.40746541437,4.547473508864641e-13,460.3838243389407,0.0,1162.229875584079,3883.4288302808504,0.0,10181.620257810964,23.83550619029429,0.0,0.0,0.0,0.0,-2.2737367544323206e-13
2025-01-15 01:00:00+00:00,0,71.0,2850.3519168317885,873.5912832617877,1502.8844029148786,473.87623065511946,873.5912832617879,508.1428290687543,365.4484541930336,2619.7890920127966,667.7846580245599,205.80662523722776,1502.8844029148788,-2.2737367544323206e-13,473.8762306551195,-5.684341886080802e-14,971.3231389448144,303.5384809202545,1976.7606335699984,2635.680844759998,658.9202111899995,205.8066252372277,68.60220841240924,274.40883364963673,4.1161325047445505,49.82529439399755,-4.547473508864641e-15,222.19339956735706,1307.1957269887625,4157.547643820551,3109.24803358969,3109.24803358969,0.0,497.75595011512246,0.0,1632.773568442277,0.0,0.0,10181.620257810964,23.833574134638248,0.0,0.0,0.0,-4.547473508864641e-13,2.2737367544323206e-13
2025-01-15 02:00:00+00:00,0,71.0,2878.6567769324,881.8611024454151,1521.6425083284685,475.1531661585161,881.8611024454153,512.8117233426113,369.0493791028039,2619.7890920127966,676.020449463384,205.8406529820311,1521.6425083284685,0.0,475.1531661585161,0.0,983.3024719467404,307.28202248335634,1996.7956744869846,2662.3942326493125,665.5985581623281,205.8406529820311,68.61355099401037,274.45420397604147,4.116813059640622,50.40080691143922,0.0,224.19863456528347,1320.2103861760584,4198.867163108459,3126.3087354318395,3126.30873543184,0.0,519.3879691642135,0.0,2122.9265920113953,0.0,0.0,10181.620257810964,23.832236148988535,0.0,0.0,0.0,4.547473508864641e-13,-2.2737367544323206e-13
2025-01-15 03:00:00+00:00,0,71.0,2848.0398182076824,873.2862911024872,1504.9247377397394,469.8287893654558,873.2862911024872,507.9270327273923,365.35925837509495,2619.7890920127966,668.8587287789636,204.4275623235236,1504.9247377397394,0.0,469.82878936545586,-5.684341886080802e-14,972.8854236784925,304.0266948995289,1974.7535271051952,2633.0047028069266,658.2511757017317,204.42756232352355,68.14252077450784,272.5700830980314,4.0885512464704705,49.846030025846744,0.0,221.98658069475232,1306.3415533428379,4154.38137155052,3153.14539453754,3153.14539453754,0.0,452.74473194787913,0.0,2548.7882341778577,0.0,0.0,10181.620257810964,23.831885036282447,0.0,0.0,0.0,0.0,1.1368683772161603e-13
2025-01-15 04:00:00+00:00,0,71.0,2876.2462463172383,881.7800921719586,1518.7863222974056,475.6798318478749,881.7800921719586,512.9246999973958,368.85539217456284,2619.7890920127966,675.1027873494925,206.6773048224661,1518.7863222974054,2.2737367544323206e-13,475.6798318478749,0.0,981.9676906901709,306.8649033406784,1994.4661541452801,2659.28820552704,664.82205138176,206.6773048224661,68.89243494082204,275.5697397632884,4.133546096449326,50.32038798740092,4.547473508864641e-15,224.17870503286665,1319.2120287799773,4195.458275097215,4724.98616333848,4724.98616333848,0.0,0.0,1083.7302671212685,1402.9219554765878,0.0,0.0,10181.620257810964,23.829833044805557,0.0,0.0,0.0,-6.821210263296962e-13,0.0
2025-01-15 05:00:00+00:00,0,71.0,2860.627209702743,876.4953211183106,1511.1868345470339,472.9450540373977,876.4953211183106,510.0001997831145,366.49512133519613,2619.7890920127966,671.3028297940085,205.19249132430207,1511.1868345470339,0.0,472.9450540373977,0.0,976.440479700376,305.13764990636747,1984.1318885844316,2645.509184779242,661.3772961948105,205.19249132430207,68.3974971081007,273.5899884324028,4.103849826486042,50.065055576785,0.0,222.85391746193255,1311.9352660744821,4172.562475777226,4952.059970466971,6506.07545272263,0.0,0.0,1330.1103059873528,0.0,0.0,0.0,10181.620257810964,23.834842901393866,0.0,0.0,0.0,4.547473508864641e-13,0.0
2025-01-15 06:00:00+00:00,0,71.0,2891.20752532406,886.195194832014,1527.2622012207698,477.75012927127625,886.195194832014,515.8827132214682,370.3124816105458,2619.7890920127966,678.3920557234268,207.80313910858717,1527.2622012207698,0.0,477.75012927127625,0.0,986.7520810522572,308.3600253288303,2005.0123304920462,2673.3497739893946,668.3374434973487,207.80313910858717,69.26771303619573,277.0708521447829,4.156062782171744,50.59536732933586,0.0,225.3073442242073,1326.0239561980898,4217.231481522149,3660.101855041652,6069.99645352609,0.0,0.0,0.0,0.0,0.0,0.0,10181.620257810964,23.834153670200585,0.0,0.0,0.0,-9.094947017729282e-13,0.0
2025-01-15 07:00:00+00:00,0,71.0,2991.1255254053904,910.9374077989357,1583.4387518946487,496.74936571180575,910.9374077989359,530.5566345923146,380.38077320662126,2619.7890920127966,702.6328687861043,208.30453901283147,1583.4387518946487,0.0,496.74936571180575,0.0,1022.0114455070608,319.37857672095646,2080.1881176064544,2773.5841568086057,693.3960392021514,208.30453901283147,69.4348463376105,277.739385350442,4.16609078025663,52.47065621395752,0.0,231.81566593043584,1370.6618751853682,4361.787400590759,3795.5956023156664,4844.12799534811,0.0,0.0,0.0,0.0,0.0,0.0,10181.620257810964,23.83265014568493,0.0,0.0,0.0,2.2737367544323206e-13,0.0
2025-01-15 08:00:00+00:00,0,71.0,2944.9752679612047,894.8871976889141,1559.4258403523272,490.6622299199646,894.8871976889142,521.4246969299026,373.4625007590116,2619.7890920127966,691.7454099157051,203.141787773209,1559.425840352327,2.2737367544323206e-13,490.6622299199646,0.0,1006.175141695571,314.4297317798659,2050.0880702722916,2733.4507603630555,683.3626900907639,203.141787773209,67.71392925773632,270.8557170309455,4.0628357554641825,51.689397509769464,4.547473508864641e-15,227.82884304169883,1349.0874274352984,4294.062695396503,3739.6259020586267,4309.37483658353,0.0,0.0,0.0,0.0,0.0,0.0,10181.620257810964,23.83664964500505,0.0,0.0,0.0,-2.2737367544323206e-13,0.0
2025-01-15 09:00:00+00:00,0,71.0,2856.3171736067093,868.649840029321,1507.1221623985768,480.54517117881096,868.649840029321,506.09333025310644,362.5565097762146,2619.7890920127966,668.9454697371718,199.70437029214918,166.88148110959614,1340.2406812889808,480.54517117881096,0.0,973.0115923449772,304.06612260780537,647.4266522884071,863.2355363845428,215.8088840961357,199.70437029214918,66.5681234307164,1606.5131750118464,24.097697625177695,36.61670977085561,26.804813625779616,221.26991281151322,895.2322639679835,3751.549437574693,1836.24712872952,1836.24712872952,0.0,0.0,0.0,0.0,0.0,0.0,10181.620257810964,23.838558736796585,0.0,0.0,0.0,2.2737367544323206e-13,0.0
2025-01-15 10:00:00+00:00,0,71.0,2920.5415446704137,886.7559218337069,1545.6159001566314,488.16972268007345,886.7559218337069,517.1865043655063,369.5694174682007,2619.7890920127966,0.0,886.7559218337069,0.0,1545.6159001566314,488.1697226800735,-5.684341886080802e-14,0.0,0.0,488.1697226800735,650.8929635734313,162.72324089335783,886.7559218337069,295.5853072779023,2727.9571292682404,40.9193569390236,35.794015229933365,30.91231800313263,225.80089987688055,791.7351382202303,0.0,0.0,0.0,0.0,650.8929635734313,0.0,618.3483153947598,0.0,3712.2766828906438,6268.537050254612,23.838116961275883,0.0,0.0,0.0,-2.2737367544323206e-13,0.0
2025-01-15 11:00:00+00:00,0,71.0,2884.3580135951543,875.5033665067483,1527.1984207479857,481.65622634041995,875.5033665067483,510.94448969035057,364.55887681639774,2619.7890920127966,0.0,875.5033665067483,0.0,1527.1984207479857,481.65622634041995,0.0,0.0,0.0,481.65622634041995,642.2083017872266,160.55207544680664,875.5033665067483,291.83445550224945,2694.5362427569835,40.41804364135475,35.360530678363915,30.543968414959714,222.92028449893678,781.6293581826714,0.0,-2.2737367544323206e-13,0.0,0.0,642.2083017872268,0.0,1227.2095054618358,0.0,3665.9873717778255,2404.247060843809,23.838281035557557,0.0,0.0,0.0,-1.1368683772161603e-13,0.0
2025-01-15 12:00:00+00:00,0,71.0,2853.4237402053895,865.1742971758222,1512.1054313080192,476.14401172155004,865.1742971758223,505.114562657287,360.05973451853527,2619.7890920127966,511.3752859023118,353.79901127351036,0.0,1512.1054313080192,476.1440117215501,-5.684341886080802e-14,743.8185976760899,232.44331177377808,476.1440117215501,634.8586822954001,158.71467057385001,353.7990112735103,117.93300375783677,1983.8374463393664,29.757561695090494,35.00354874337589,30.242108626160384,220.3027434487777,824.3969486188694,2470.1886673344807,2.2737367544323206e-13,0.0,2.2737367544323206e-13,1378.6772799714897,0.0,2534.4985024238276,0.0,1207.6320214897778,1131.2911397567739,23.842825818621048,0.0,0.0,0.0,-4.547473508864641e-13,0.0
2025-01-15 13:00:00+00:00,0,71.0,2959.8028347531276,898.3618247829727,1568.7761308792299,492.66487909092564,898.3618247829727,524.1195805891266,374.24224419384615,2619.7890920127966,696.6248448078088,201.73697997516388,0.0,1568.7761308792299,492.66487909092564,0.0,1013.272501538631,316.6476567308222,492.66487909092564,656.8865054545674,164.22162636364186,201.73697997516388,67.2456599917213,1837.758770846115,27.566381562691724,36.302171408493855,31.375522617584597,228.67181569406802,872.0308343690235,3831.8336691221507,0.0,0.0,0.0,1670.1590069931985,0.0,4116.080562062519,0.0,0.0,1131.2911397567739,23.829146842638778,0.0,0.0,0.0,-4.547473508864641e-13,0.0
2025-01-15 14:00:00+00:00,0,71.0,2688.7827231125098,817.029953643725,1421.5529679695796,450.1998014992051,817.0299536437251,477.84932251784153,339.1806311258836,2619.7890920127966,630.9662098600533,186.06374378367173,201.9400665216646,1219.612901447915,450.1998014992051,0.0,917.7690325237138,286.80282266366055,652.1398680208697,869.5198240278262,217.37995600695655,186.06374378367173,62.02124792789058,1467.6978931594772,22.01546839739216,34.95245803960029,24.3922580289583,208.01055418510575,855.5747652495642,3544.3574883620736,1787.28885655154,1787.28885655154,0.0,0.0,0.0,4107.848400938394,0.0,0.0,1131.2911397567739,23.850173190236728,0.0,0.0,0.0,-3.410605131648481e-13,0.0
2025-01-15 15:00:00+00:00,0,71.0,2904.154167839462,882.1927246210465,1540.1512974191558,481.81014579926034,882.1927246210465,515.1741304038978,367.0185942171487,2619.7890920127966,683.8538511364247,198.3388734846218,179.40051106947166,1360.7507863496842,481.81014579926034,0.0,994.6965107438906,310.8426596074658,661.210656868732,881.6142091583093,220.40355228957733,198.3388734846218,66.11295782820726,1625.2026176625131,24.378039264937698,37.41513251707043,27.215015726993684,224.4895260664358,910.856883300688,7698.439881421,1876.3107199022,1876.3107199022,0.0,0.0,0.0,4099.632704136517,3883.4288302808504,0.0,4815.43521021206,23.83325057149589,0.0,0.0,0.0,-9.094947017729282e-13,0.0
2025-01-15 16:00:00+00:00,0,71.0,2899.9406730654787,881.3873884474218,1538.624049809468,479.9292348085889,881.3873884474219,514.5612716898294,366.82611675759256,2619.7890920127966,683.6302892492852,197.75709919813664,940.7220609180334,597.9019888914346,479.9292348085889,0.0,994.371329817142,310.7410405678569,1420.6512957266223,1894.2017276354964,473.5504319088741,197.75709919813664,65.91903306604554,861.5781211556168,12.923671817334252,44.978993953455586,11.958039777828692,224.22274188066828,1144.2939529720632,9700.69032482141,2862.62871710077,2862.62871710077,0.0,25.944340351868387,0.0,4116.080562062519,5656.455698783869,0.0,10181.620257810964,23.82845201541072,0.0,0.0,0.0,-1.8189894035458565e-12,1.1723955140041653e-13
2025-01-15 17:00:00+00:00,0,71.0,2892.0617509044387,879.9821781652652,1534.3679182519077,477.7116544872638,879.9821781652653,513.4175937507359,366.56458441452935,2619.7890920127966,681.9581536132928,198.0240245519724,1534.3679182519074,2.2737367544323206e-13,477.7116544872638,0.0,991.939132528426,309.9809789151331,2012.0795727391712,2682.772763652228,670.693190913057,198.0240245519724,66.0080081839908,264.0320327359634,3.960480491039451,50.80815409242987,4.547473508864641e-15,223.8105639474222,1325.2613765430726,4217.323127447511,4231.51293068912,4231.51293068912,0.0,0.0,556.8010345084665,3521.7420488242187,0.0,0.0,10181.620257810964,23.827077793860056,0.0,0.0,0.0,-2.2737367544323206e-13,0.0
2025-01-15 18:00:00+00:00,0,71.0,2844.1633228233004,865.7320797312724,1509.0932009475166,469.33804214451203,865.7320797312725,504.65683376769596,361.07524596357655,2619.7890920127966,670.5814669161791,195.15061281509327,0.0,1509.0932009475166,469.3380421445121,-5.684341886080802e-14,975.3912246053515,304.80975768917233,469.3380421445121,625.7840561926828,156.4460140481707,195.1506128150932,65.05020427169774,1769.2940180343076,26.53941027051461,34.875244440395456,30.181864018950332,220.17957464886638,838.0820693877677,0.0,3659.2155618292936,4022.62309884896,0.0,0.0,2058.0402810312594,1348.3403741673496,0.0,3682.245392211068,6300.192810128627,23.83134692080469,0.0,0.0,0.0,0.0,0.0
2025-01-15 19:00:00+00:00,0,71.0,2852.84069226675,870.6620965667054,1514.7155885857355,467.4630071143089,870.6620965667056,506.4447458341641,364.2173507325415,2619.7890920127966,674.3433399861262,196.31875658057913,0.0,1514.7155885857355,467.4630071143088,5.684341886080802e-14,980.86303997982,306.51969999369373,467.4630071143088,623.2840094857451,155.82100237143626,196.3187565805792,65.43958552685973,1776.4739306931745,26.647108960397617,34.9689418428578,30.29431177171471,221.2567164109456,840.9473668779054,0.0,2882.508558213629,3676.17580245473,0.0,0.0,1278.3615087480641,0.0,0.0,3693.788059144655,2406.59832318534,23.817627807606577,0.0,0.0,0.0,-3.410605131648481e-13,0.0
2025-01-15 20:00:00+00:00,0,71.0,2910.839210415089,890.6996803779009,1542.8438082018283,477.2957218353604,890.6996803779009,517.391747004371,373.30793337352986,2619.7890920127966,687.5642892048367,203.13539117306425,0.0,1542.8438082018283,477.2957218353604,0.0,1000.0935115706716,312.52922236583487,477.2957218353604,636.3942957804804,159.0985739451201,203.13539117306425,67.71179705768809,1813.6909964325807,27.20536494648871,35.629833382390174,30.856876164036567,226.29578663538666,859.3274544969452,2560.3040401095104,1636.487807351152,6220.61240335217,0.0,0.0,0.0,0.0,0.0,1209.8626248025237,1131.2911397567739,23.807708747683584,0.0,0.0,0.0,2.2737367544323206e-13,0.0
2025-01-15 21:00:00+00:00,0,71.0,2858.059779910936,877.7863297447544,1513.0694265640552,467.2040236021252,877.7863297447545,508.92178742069655,368.86454232405805,2619.7890920127966,674.4839757089562,203.3023540357982,1513.0694265640552,0.0,467.2040236021252,0.0,981.067601031209,306.58362532225283,1980.2734501661803,2640.3646002215737,660.0911500553934,203.3023540357982,67.76745134526607,271.06980538106427,4.066047080715964,50.06412303294291,0.0,222.89803320449187,1311.470430041063,4169.530209951999,3621.4322012527828,6197.3650342826,0.0,0.0,0.0,0.0,0.0,0.0,1131.2911397567739,23.811429111780477,0.0,0.0,0.0,-4.547473508864641e-13,0.0
2025-01-15 22:00:00+00:00,0,71.0,2908.4096275591255,893.4001224899679,1539.5541126878275,475.45539238132966,893.400122489968,517.8545715603508,375.54555092961726,2619.7890920127966,685.9561455814363,207.44397690853157,1539.5541126878275,0.0,475.45539238132966,0.0,997.7543935729983,311.79824799156194,2015.009505069157,2686.6793400922093,671.6698350230523,207.44397690853157,69.14799230284386,276.59196921137544,4.148879538170632,50.94117730444812,0.0,226.87618131004552,1334.5823134701222,4242.991941029248,3684.4337336652075,5290.28648466948,0.0,0.0,0.0,0.0,0.0,0.0,1131.2911397567739,23.811545043024214,0.0,0.0,0.0,0.0,0.0
2025-01-15 23:00:00+00:00,0,71.0,2895.535406614037,890.0939223802199,1532.7820939475832,472.6593902862356,890.09392238022,515.9971539268556,374.0967684533644,2619.7890920127966,682.7554230482638,207.3384993319561,1532.782093947583,2.2737367544323206e-13,472.6593902862356,0.0,993.098797161111,310.34337411284713,2005.4414842338185,2673.9219789784247,668.4804947446062,207.3384993319561,69.11283311065203,276.45133244260836,4.146769986639125,50.71005672128985,4.547473508864641e-15,226.01386337539537,1328.8073920514298,9880.798497449336,2902.4756411726703,2902.47564117267,4.547473508864641e-13,764.5451349668658,0.0,726.3178782185225,5656.455698783869,0.0,6497.476187355678,23.81405415324349,0.0,0.0,0.0,0.0,-2.2737367544323206e-13
2025-03-21 00:00:00+00:00,1,14.0,4576.190816440603,1396.5909775121029,2423.4257484105588,756.17409051794,1396.5909775121029,814.3070942530215,582.2838832590813,2619.7890920127966,0.0,1396.5909775121029,0.0,2423.4257484105588,0.0,756.17409051794,0.0,0.0,0.0,0.0,0.0,2152.765068030043,717.5883560100143,5293.779172450616,79.40668758675923,48.468514968211174,48.468514968211174,355.1929699526835,1249.1250434858794,5825.3158599264825,0.0,0.0,0.0,0.0,0.0,4091.433438728246,0.0,0.0,1131.2911397567739,23.740127678112316,0.0,0.0,0.0,0.0,0.0
2025-03-21 01:00:00+00:00,1,14.0,3752.032514841168,1146.0169262224374,1986.4438564537456,619.5717321649846,1146.0169262224376,668.080326819004,477.93659940343355,2619.7890920127966,0.0,1146.0169262224374,0.0,1986.4438564537456,0.0,619.5717321649846,0.0,0.0,0.0,0.0,0.0,1765.5886583874221,588.5295527958074,4340.562067636975,65.10843101455463,39.72887712907492,39.72887712907492,291.430912895019,1024.5266509635308,4776.559165804699,0.0,0.0,0.0,0.0,0.0,4083.2505718507905,0.0,0.0,1131.2911397567739,23.784686559045777,0.0,0.0,0.0,0.0,0.0
2025-03-21 02:00:00+00:00,1,14.0,4490.833738574025,1369.6871573166543,2378.962744206502,742.1838370508657,1369.6871573166543,798.7183034943856,570.9688538222687,2619.7890920127966,0.0,1369.6871573166543,0.0,2378.962744206502,0.0,742.1838370508657,0.0,0.0,0.0,0.0,0.0,2111.87099436752,703.9569981225067,5194.790736696528,77.92186105044792,47.579254884130044,47.579254884130044,348.38763211388914,1225.4250010551036,5716.258739629128,0.0,0.0,0.0,0.0,0.0,4075.0840707070897,0.0,0.0,1131.2911397567739,23.74819490046259,0.0,0.0,0.0,-4.547473508864641e-13,0.0
2025-03-21 03:00:00+00:00,1,14.0,3516.3896015150417,1071.7944590903057,1862.1182519939473,582.4768904307876,1071.7944590903057,625.086742119978,446.70771697032774,2619.7890920127966,0.0,1071.7944590903057,0.0,1862.1182519939473,0.0,582.4768904307876,0.0,0.0,0.0,0.0,0.0,1654.2713495210933,551.4237831736978,4067.8133846887386,61.01720077033107,37.24236503987895,37.24236503987895,272.6713701261088,959.5970841498954,4475.986685664937,0.0,0.0,0.0,0.0,0.0,4066.9339025656755,0.0,0.0,1131.2911397567739,23.800578800619693,0.0,0.0,0.0,-2.2737367544323206e-13,0.0
2025-03-21 04:00:00+00:00,1,14.0,3028.9048086142343,922.0619081946234,1605.1562542640372,501.686646155576,922.0619081946235,537.8025590653874,384.25934912923606,2619.7890920127966,0.0,922.0619081946234,0.0,1605.1562542640372,0.0,501.686646155576,0.0,0.0,0.0,0.0,0.0,1423.7485543501994,474.58285145006647,3503.487660064303,52.55231490096454,32.103125085280745,32.103125085280745,234.59695727730576,825.9383737988983,9511.298881197,0.0,0.0,0.0,0.0,0.0,4058.800034760545,5656.455698783869,0.0,6497.476187355678,23.827459649379414,0.0,0.0,0.0,0.0,0.0
2025-03-21 05:00:00+00:00,1,14.0,4635.98210501564,1410.4608485091358,2457.9907696168816,767.5304868896241,1410.4608485091358,822.774622724399,587.6862257847366,2619.7890920127966,0.0,1410.4608485091358,0.0,2457.9907696168816,0.0,767.5304868896241,0.0,0.0,0.0,0.0,0.0,2177.99133539876,725.9971117995866,5361.979216815228,80.42968825222842,49.159815392337634,49.159815392337634,358.8787292547815,1263.6251600912717,9783.03609538776,0.0,0.0,0.0,0.0,0.0,4050.682434691023,3883.4288302808504,0.0,10181.620257810964,23.740618352012078,0.0,0.0,0.0,-1.3642420526593924e-12,0.0
2025-03-21 06:00:00+00:00,1,14.0,3635.065831251845,1106.3474506722102,1926.4576391833189,602.2607413963179,1106.34745067221,645.3580706786254,460.98937999358475,2619.7890920127966,0.0,1106.3474506722102,0.0,1926.4576391833189,0.0,602.2607413963179,0.0,0.0,0.0,0.0,0.0,1708.6081920685283,569.5360640228428,4204.60189527469,63.069028429120344,38.529152783666376,38.529152783666376,281.5005663577653,991.1639643770611,4626.229795628906,0.0,0.0,0.0,0.0,0.0,4042.581069821642,0.0,0.0,10181.620257810964,23.794649580699925,0.0,0.0,0.0,-2.2737367544323206e-13,0.0
2025-03-21 07:00:00+00:00,1,14.0,2470.475698291082,752.8700633417461,1308.9427343339512,408.6629006153853,752.8700633417463,438.9500398608284,313.9200234809179,2619.7890920127966,0.0,752.8700633417461,0.0,1308.9427343339512,0.0,408.6629006153853,0.0,0.0,0.0,0.0,0.0,1161.5329639571314,387.17765465237716,2857.65335294346,42.8648002941519,26.178854686679024,26.178854686679024,191.5064401997775,673.9066045196646,3144.3823028107468,0.0,0.0,0.0,0.0,0.0,4034.495907681999,0.0,0.0,10181.620257810964,23.854909877190448,0.0,0.0,0.0,0.0,0.0
2025-03-21 08:00:00+00:00,1,14.0,2446.126005063638,745.5178723088966,1294.3163411901694,406.2917915645717,745.5178723088967,434.80676427323766,310.71110803565904,2619.7890920127966,0.0,745.5178723088966,0.0,1294.3163411901694,0.0,406.2917915645717,0.0,0.0,0.0,0.0,0.0,1151.8096638734683,383.9365546244894,2830.0625596881273,42.450938395321906,25.886326823803387,25.886326823803387,189.69276539783064,667.8529120652487,3113.978917128886,0.0,0.0,0.0,0.0,0.0,4026.4269158666357,0.0,0.0,10181.620257810964,23.858606434943002,0.0,0.0,0.0,-3.410605131648481e-13,0.0
2025-03-21 09:00:00+00:00,1,14.0,2455.700848684079,749.2746493208758,1298.9018152588355,407.52438410436713,749.2746493208758,436.6524666373543,312.62218268352154,2619.7890920127966,0.0,749.2746493208758,0.0,1298.9018152588355,0.0,407.52438410436713,0.0,0.0,0.0,0.0,0.0,1156.799033425243,385.5996778084143,2841.3005264924927,42.619507897387386,25.978036305176712,25.978036305176712,190.6178637436541,670.7931220598092,3126.493970743888,0.0,0.0,0.0,0.0,0.0,4018.374062034903,0.0,0.0,10181.620257810964,23.85746432491359,0.0,0.0,0.0,-3.410605131648481e-13,0.0
2025-03-21 10:00:00+00:00,1,14.0,2562.0348076078476,780.971849660085,1355.4319548229994,425.63100312476206,780.9718496600854,454.2104398342232,326.76140982586213,2619.7890920127966,0.0,780.971849660085,0.0,1355.4319548229994,83.48151169869902,342.14949142606304,0.0,0.0,83.48151169869902,111.30868226493203,27.827170566233008,1123.121341086148,374.37378036204933,2852.9270762711967,42.79390614406795,27.94345421344698,27.10863909645999,198.73796851028294,698.7849188925402,0.0,0.0,0.0,0.0,111.30868226493203,0.0,4116.080562062519,0.0,3260.8197265003882,6744.41446616145,23.84979078660968,0.0,0.0,0.0,4.547473508864641e-13,0.0
2025-03-21 11:00:00+00:00,1,14.0,2488.264137829577,758.7600056361235,1317.320739360454,412.1833928329995,758.7600056361239,441.71464335770435,317.0453622784195,2619.7890920127966,0.0,758.7600056361235,0.0,1317.320739360454,6.4990745716772835,405.68431826132223,0.0,0.0,6.4990745716772835,8.665432762236378,2.1663581905590945,1164.4443238974459,388.1481079658153,2869.913171223715,43.04869756835572,26.41140553292585,26.346414787209078,193.02846181079912,679.1494458556642,0.0,0.0,0.0,0.0,8.665432762236378,0.0,4116.080562062519,0.0,3167.413583685241,3405.6673940942146,23.852917974422528,0.0,0.0,0.0,-2.2737367544323206e-13,0.0
2025-03-21 12:00:00+00:00,1,14.0,2638.836141428213,803.389620491499,1401.3499872588545,434.09653367785756,803.3896204914993,468.70938009530045,334.68024039619877,2619.7890920127966,0.0,803.389620491499,0.0,1401.3499872588545,6.4990745716772835,427.5974591061803,0.0,0.0,6.4990745716772835,8.665432762236378,2.1663581905590945,1230.9870795976794,410.3290265325598,3042.6660933890935,45.6399914008364,28.091990490893863,28.02699974517709,204.24237598841168,718.4967423484379,1199.6701178040332,0.0,0.0,0.0,8.665432762236378,0.0,4116.080562062519,0.0,2157.6627659726173,1131.2911397567739,23.843959510828533,0.0,0.0,0.0,-6.821210263296962e-13,0.0
2025-03-21 13:00:00+00:00,1,14.0,2567.667681468264,784.0243005130668,1358.5718190711864,425.0715618840114,784.0243005130668,456.2421911252188,327.782109387848,2619.7890920127966,0.0,784.0243005130668,0.0,1358.5718190711864,0.0,425.0715618840114,0.0,0.0,0.0,0.0,0.0,1209.0958623970782,403.03195413235943,2970.699635600624,44.56049453400936,27.171436381423728,27.171436381423728,199.394961956822,701.3302833860382,3268.9979648543017,0.0,0.0,0.0,0.0,0.0,4107.848400938395,0.0,0.0,1131.2911397567739,23.84379009344572,0.0,0.0,0.0,-6.821210263296962e-13,0.0
2025-03-21 14:00:00+00:00,1,14.0,2514.518970629087,768.9219701227172,1329.2256706903029,416.37132981606715,768.9219701227172,447.42549591740476,321.49647420531244,2619.7890920127966,0.0,768.9219701227172,0.0,1329.2256706903029,0.0,416.37132981606715,0.0,0.0,0.0,0.0,0.0,1185.2932999387845,395.0977666462615,2909.616737275349,43.644251059130234,26.584513413806057,26.584513413806057,195.54398257156362,687.4550271045675,8858.429696517524,0.0,0.0,0.0,0.0,0.0,4099.632704136518,5656.455698783869,0.0,6497.476187355678,23.847631486249163,0.0,0.0,0.0,0.0,0.0
2025-03-21 15:00:00+00:00,1,14.0,2476.830108709238,757.2972106133788,1308.5219277981246,411.010970297737,757.2972106133791,440.5617404413451,316.73547017203396,2619.7890920127966,0.0,757.2972106133788,0.0,1308.5219277981246,0.0,411.010970297737,0.0,0.0,0.0,0.0,0.0,1168.3081809111159,389.4360603037053,2866.2661690129457,42.99399253519418,26.17043855596249,26.17043855596249,192.63326101630153,677.404190967126,3154.2342996763637,0.0,0.0,0.0,0.0,0.0,4091.433438728246,0.0,0.0,6497.476187355678,23.851708466350342,0.0,0.0,0.0,-5.684341886080801e-13,0.0
2025-03-21 16:00:00+00:00,1,14.0,2427.784647119749,740.7871720347761,1285.8030659845317,401.194409100442,740.7871720347762,431.2709558581051,309.5162161766711,2619.7890920127966,0.0,740.7871720347761,0.0,1285.8030659845317,0.0,401.194409100442,0.0,0.0,0.0,0.0,0.0,1141.981581135218,380.6605270450727,2808.4451741648227,42.12667761247234,25.716061319690635,25.716061319690635,188.4072668114457,662.626594108372,6973.840071508971,0.0,0.0,0.0,0.0,0.0,4083.2505718507905,3883.4288302808504,0.0,10181.620257810964,23.855620818690834,0.0,0.0,0.0,-4.547473508864641e-13,0.0
2025-03-21 17:00:00+00:00,1,14.0,2607.7242161239196,794.247524499326,1383.7097392218107,429.7669524027835,794.2475244993261,462.33067747967397,331.9168470196521,2619.7890920127966,0.0,794.247524499326,0.0,1383.7097392218107,32.365651070075955,397.40130133270753,0.0,0.0,32.365651070075955,43.15420142676794,10.788550356691985,1191.6488258320335,397.2162752773445,2972.5748403311886,44.588622604967824,27.99785129513697,27.674194784436214,201.98822510623305,710.2537194248106,3317.97793554873,0.0,0.0,0.0,43.15420142676794,0.0,4116.080562062519,0.0,0.0,10181.620257810964,23.841747946855072,0.0,0.0,0.0,-3.410605131648481e-13,0.0
2025-03-21 18:00:00+00:00,1,14.0,3405.2650082195255,1040.1610175777687,1804.2984880700408,560.8055025717152,1040.1610175777687,604.6140094062321,435.5470081715366,2619.7890920127966,0.0,1040.1610175777687,0.0,1804.2984880700408,6.4990745716772835,554.306428000038,0.0,0.0,6.4990745716772835,8.665432762236378,2.1663581905590945,1594.4674455778068,531.4891485259355,3930.255082173783,58.953826232606744,36.15096050711759,36.08596976140082,264.45408416883066,929.3003473864505,1312.2117990850506,0.0,0.0,0.0,8.665432762236378,0.0,4116.080562062519,0.0,3022.353556520925,6995.779880172107,23.787128827642114,0.0,0.0,0.0,-9.094947017729282e-13,0.0
2025-03-21 19:00:00+00:00,1,14.0,3403.97539606335,1041.9269226928834,1799.6856308769572,562.3628424935104,1041.9269226928834,605.3130910276908,436.6138316651926,2619.7890920127966,0.0,1041.9269226928834,0.0,1799.6856308769572,6.4990745716772835,555.8637679218331,0.0,0.0,6.4990745716772835,8.665432762236378,2.1663581905590945,1597.7906906147164,532.5968968715721,3930.0732183632454,58.95109827544868,36.058703363255916,35.993712617539146,264.8845651662338,930.6513344846087,4334.626730547959,0.0,0.0,0.0,8.665432762236378,0.0,4116.080562062519,0.0,0.0,6995.779880172107,23.7803943743918,0.0,0.0,0.0,-2.2737367544323206e-13,0.0
2025-03-21 20:00:00+00:00,1,14.0,2965.7143758801526,911.9484546880277,1567.1794981921869,486.5864229999378,911.9484546880278,529.1638528779262,382.7846018101017,2619.7890920127966,0.0,911.9484546880277,0.0,1567.1794981921869,6.4990745716772835,480.0873484282605,0.0,0.0,6.4990745716772835,8.665432762236378,2.1663581905590945,1392.0358031162882,464.01193437209605,3423.227235680571,51.34840853520856,31.40858070956051,31.343589963843737,231.63217618906904,811.911047960337,3777.62542384049,0.0,0.0,0.0,8.665432762236378,0.0,4116.080562062519,0.0,0.0,6995.779880172107,23.799899775291212,0.0,0.0,0.0,3.410605131648481e-13,0.0
2025-03-21 21:00:00+00:00,1,14.0,4367.399333036642,1341.515059171109,2305.5164044945136,720.3678693710203,1341.515059171109,779.4791627724975,562.0358963986116,2619.7890920127966,0.0,1341.515059171109,0.0,2305.5164044945136,6.4990745716772835,713.868794799343,0.0,0.0,6.4990745716772835,8.665432762236378,2.1663581905590945,2055.383853970452,685.127951323484,5046.02820978845,75.69042314682675,46.175318835607044,46.110328089890274,340.8728070143097,1196.143186600677,0.0,0.0,0.0,0.0,8.665432762236378,0.0,4116.080562062519,0.0,5563.542519637322,1131.2911397567739,23.709765866203398,0.0,0.0,0.0,2.7284841053187847e-12,0.0
2025-03-21 22:00:00+00:00,1,14.0,4044.7511990677795,1241.0829087836312,2134.9297353482375,668.7385549359118,1241.0829087836314,721.2674359968706,519.8154727867607,2619.7890920127966,0.0,1241.0829087836312,0.0,2134.9297353482375,0.0,668.7385549359118,0.0,0.0,0.0,0.0,0.0,1909.8214637195429,636.607154573181,4681.3583536409615,70.22037530461442,42.69859470696475,42.69859470696475,315.4329532244274,1107.6576725161524,5152.408871583932,0.0,0.0,0.0,0.0,0.0,4107.848400938395,0.0,0.0,1131.2911397567739,23.735609575060476,0.0,0.0,0.0,-2.2737367544323206e-13,0.0
2025-03-21 23:00:00+00:00,1,14.0,3180.2473885094764,975.5554315025113,1682.4100869521708,522.2818700547923,975.5554315025113,566.3029485056351,409.25248299687615,2619.7890920127966,0.0,975.5554315025113,0.0,1682.4100869521708,0.0,522.2818700547923,0.0,0.0,0.0,0.0,0.0,1497.8373015573036,499.2791005191012,3679.5264890285753,55.192897335428626,33.648201739043415,33.648201739043415,247.83093889645917,869.5993402290759,4049.8467287385524,0.0,0.0,0.0,0.0,0.0,4099.632704136518,0.0,0.0,1131.2911397567739,23.782813175139623,0.0,0.0,0.0,1.1368683772161603e-13,0.0
2025-03-23 00:00:00+00:00,2,1.0,3047.0827957348697,931.8342107374453,1614.2040544418116,501.04453055561214,931.8342107374453,541.873919795673,389.96029094177237,2619.7890920127966,0.0,931.8342107374453,0.0,1614.2040544418116,0.0,501.04453055561214,0.0,0.0,0.0,0.0,0.0,1432.8787412930574,477.6262470976858,3524.7090428325546,52.87063564248832,32.28408108883623,32.28408108883623,236.842735476175,831.9077803940216,7762.419406409741,0.0,0.0,0.0,0.0,0.0,4091.433438728246,3883.4288302808504,0.0,10181.620257810964,23.809959167130174,0.0,0.0,0.0,-1.3642420526593924e-12,0.0
2025-03-23 01:00:00+00:00,2,1.0,3689.539622469024,1126.9446536710252,1952.539769962744,610.055198835254,1126.9446536710252,656.0947468631344,470.8499068078907,2619.7890920127966,0.0,1126.9446536710252,0.0,1952.539769962744,0.0,610.055198835254,0.0,0.0,0.0,0.0,0.0,1736.9998525062792,578.9999508354264,4268.53957330445,64.02809359956674,39.05079539925488,39.05079539925488,286.5764680420449,1007.7061032755478,4697.245725744572,0.0,0.0,0.0,0.0,0.0,4083.2505718507905,0.0,0.0,10181.620257810964,23.775000796239762,0.0,0.0,0.0,4.547473508864641e-13,0.0
2025-03-23 02:00:00+00:00,2,1.0,4766.883972927061,1455.9780773950777,2524.3093832110203,786.596512320967,1455.9780773950777,847.6464067641598,608.3316706309179,2619.7890920127966,0.0,1455.9780773950777,0.0,2524.3093832110203,0.0,786.596512320967,0.0,0.0,0.0,0.0,0.0,2242.5745897160446,747.5248632386815,5514.408836165747,82.71613254248619,50.48618766422041,50.48618766422041,370.17754531206714,1301.3909164216757,6068.274889348738,0.0,0.0,0.0,0.0,0.0,4075.0840707070897,0.0,0.0,10181.620257810964,23.705846065315633,0.0,0.0,0.0,9.094947017729282e-13,0.0
2025-03-23 03:00:00+00:00,2,1.0,5065.620620082867,1547.1746817532176,2680.2767976038385,838.1691407258094,1547.1746817532176,900.7713170214948,646.4033647317226,2619.7890920127966,0.0,1547.1746817532176,0.0,2680.2767976038385,0.0,838.1691407258094,0.0,0.0,0.0,0.0,0.0,2385.343822479027,795.114607493009,5860.735227575875,87.91102841363812,53.60553595207677,53.60553595207677,393.47110729200637,1383.707815102807,6449.328435185675,0.0,0.0,0.0,0.0,0.0,4066.9339025656755,0.0,0.0,10181.620257810964,23.693605554413214,0.0,0.0,0.0,2.2737367544323206e-13,0.0
2025-03-23 04:00:00+00:00,2,1.0,4612.233252327111,1408.898361295477,2442.375979682236,760.9589113493992,1408.898361295477,820.1640051746701,588.7343561208068,2619.7890920127966,0.0,1408.898361295477,0.0,2442.375979682236,0.0,760.9589113493992,0.0,0.0,0.0,0.0,0.0,2169.857272644876,723.285757548292,5335.519009875405,80.03278514813107,48.84751959364472,48.84751959364472,358.2335124152588,1259.2470942989714,5871.480346626081,0.0,0.0,0.0,0.0,0.0,4058.800034760545,0.0,0.0,10181.620257810964,23.720541434562286,0.0,0.0,0.0,-1.1368683772161603e-12,0.0
2025-03-23 05:00:00+00:00,2,1.0,4918.4003314097545,1501.8485288987488,2602.986023689922,813.5657788210823,1501.8485288987486,874.5539059602326,627.2946229385161,2619.7890920127966,0.0,1501.8485288987488,0.0,2602.986023689922,0.0,813.5657788210823,0.0,0.0,0.0,0.0,0.0,2315.414307719831,771.8047692399437,5690.205100649697,85.35307650974545,52.05972047379844,52.05972047379844,381.9474653799978,1343.2247520772837,6261.62508348704,0.0,0.0,0.0,0.0,0.0,4050.682434691023,0.0,0.0,10181.620257810964,23.704317739843123,0.0,0.0,0.0,1.5916157281026244e-12,0.0
2025-03-23 06:00:00+00:00,2,1.0,4640.041575661417,1417.0643687650067,2457.5949283589766,765.3822785374317,1417.0643687650067,825.0235949478895,592.0407738171172,2619.7890920127966,0.0,1417.0643687650067,0.0,2457.5949283589766,0.0,765.3822785374317,0.0,0.0,0.0,0.0,0.0,2182.4466473024386,727.4822157674795,5367.523791428895,80.51285687143341,49.151898567179536,49.151898567179536,360.3058680362466,1266.6047378095186,5906.646313470934,0.0,0.0,0.0,0.0,0.0,4042.581069821642,0.0,0.0,10181.620257810964,23.718516331533323,0.0,0.0,0.0,-1.3642420526593924e-12,0.0
2025-03-23 07:00:00+00:00,2,1.0,4423.780537253034,1352.5334868594844,2341.694012529067,729.5530378644851,1352.5334868594844,787.2124520831708,565.3210347763136,2619.7890920127966,0.0,1352.5334868594844,0.0,2341.694012529067,0.0,729.5530378644851,0.0,0.0,0.0,0.0,0.0,2082.0865247239694,694.0288415746564,5117.809378827693,76.76714068241539,46.833880250581345,46.833880250581345,343.85215881016114,1208.3159015683957,5632.09643882143,0.0,0.0,0.0,0.0,0.0,4034.495907681999,0.0,0.0,10181.620257810964,23.727902011389578,0.0,0.0,0.0,2.2737367544323206e-13,0.0
2025-03-23 08:00:00+00:00,2,1.0,2525.460535255602,772.3195999636861,1337.09297179619,416.0479634957258,772.3195999636862,449.41648677242216,322.90311319126397,2619.7890920127966,0.0,772.3195999636861,0.0,1337.09297179619,0.0,416.0479634957258,0.0,0.0,0.0,0.0,0.0,1188.367563459412,396.1225211531373,2921.583056408739,43.82374584613108,26.741859435923804,26.741859435923804,196.3204126244429,689.7503984955589,3215.2109337511606,0.0,0.0,0.0,0.0,0.0,4026.4269158666357,0.0,0.0,10181.620257810964,23.8404077459421,0.0,0.0,0.0,-1.1368683772161603e-13,0.0
2025-03-23 09:00:00+00:00,2,1.0,4083.5344389885936,1248.115671811749,2157.5702746761012,677.848492500742,1248.115671811749,727.0184249283593,521.0972468833897,2619.7890920127966,0.0,1248.115671811749,0.0,2157.5702746761012,0.0,677.848492500742,0.0,0.0,0.0,0.0,0.0,1925.964164312491,641.9880547708303,4725.522493759423,70.88283740639135,43.15140549352203,43.15140549352203,317.44574833390953,1116.6194514981753,5200.153890486769,0.0,0.0,0.0,0.0,0.0,4018.374062034903,0.0,0.0,10181.620257810964,23.747889787543528,0.0,0.0,0.0,4.547473508864641e-13,0.0
2025-03-23 10:00:00+00:00,2,1.0,2599.533019262855,797.0023484251171,1373.7182900664511,428.8123807712879,797.0023484251174,463.8068823007048,333.1954661244125,2619.7890920127966,0.0,797.0023484251171,0.0,1373.7182900664511,83.48151169869902,345.3308690725889,0.0,0.0,83.48151169869902,111.30868226493203,27.827170566233008,1142.333217497706,380.777739165902,2896.829246730059,43.45243870095088,28.309180918316013,27.47436580132902,202.5358742122585,710.3767693649895,0.0,0.0,0.0,0.0,111.30868226493203,0.0,4116.080562062519,0.0,3309.909788627844,6692.668997227473,23.82674194084406,0.0,0.0,0.0,-2.2737367544323206e-13,0.0
2025-03-23 11:00:00+00:00,2,1.0,2678.3055703265177,820.5920620956297,1415.7448930851558,441.96861514573226,820.5920620956299,477.4552918952645,343.13677020036533,2619.7890920127966,0.0,820.5920620956297,0.0,1415.7448930851558,6.4990745716772835,435.469540574055,0.0,0.0,6.4990745716772835,8.665432762236378,2.1663581905590945,1256.0616026696846,418.6872008898949,3090.4936966447353,46.35740544967103,28.37988860741989,28.314897861703116,208.57821813963093,732.483969138879,2855.304633568775,0.0,0.0,0.0,8.665432762236378,0.0,4116.080562062519,0.0,555.4849058966219,6107.136494401599,23.830413807532352,0.0,0.0,0.0,2.2737367544323206e-13,0.0
2025-03-23 12:00:00+00:00,2,1.0,3707.387082912041,1132.85470280858,1960.4424139111934,614.0899661922664,1132.85470280858,660.3292655298325,472.52543727874746,2619.7890920127966,0.0,1132.85470280858,0.0,1960.4424139111934,6.4990745716772835,607.5908916205891,0.0,0.0,6.4990745716772835,8.665432762236378,2.1663581905590945,1740.445594429169,580.1485314763896,4281.036539816752,64.21554809725129,39.27383902394064,39.20884827822387,288.10117365537434,1013.1142987217388,0.0,0.0,0.0,0.0,8.665432762236378,0.0,4116.080562062519,0.0,4720.5013816337805,1131.2911397567739,23.77369786615306,0.0,0.0,0.0,6.821210263296962e-13,0.0
2025-03-23 13:00:00+00:00,2,1.0,4774.338456629509,1458.1811965690408,2526.1254975608376,790.0317624996272,1458.1811965690408,849.9936505539206,608.1875460151203,2619.7890920127966,0.0,1458.1811965690408,0.0,2526.1254975608376,0.0,790.0317624996272,0.0,0.0,0.0,0.0,0.0,2248.212959068668,749.404319689556,5523.742776319062,82.85614164478592,50.522509951216755,50.522509951216755,370.82425519793776,1304.1297364347133,9961.897023345071,0.0,0.0,0.0,0.0,0.0,4107.848400938395,3883.4288302808504,0.0,4815.43521021206,23.710329308649985,0.0,0.0,0.0,-1.8189894035458565e-12,0.0
2025-03-23 14:00:00+00:00,2,1.0,2979.168721184503,911.283460890047,1582.1508521222377,485.73440817222007,911.2834608900471,530.4663519707533,380.8171089192938,2619.7890920127966,0.0,911.283460890047,0.0,1582.1508521222377,0.0,485.73440817222007,0.0,0.0,0.0,0.0,0.0,1397.017869062267,465.6726230207557,3444.8413442052606,51.67262016307891,31.643017042444754,31.643017042444754,231.49865340958397,812.129930678308,9447.754350646679,0.0,0.0,0.0,0.0,0.0,4099.632704136518,5656.455698783869,0.0,10181.620257810964,23.816499451737386,0.0,0.0,0.0,-9.094947017729282e-13,0.0
2025-03-23 15:00:00+00:00,2,1.0,2661.2908495157944,812.6582686864492,1414.9381261672668,433.6944546620758,812.6582686864491,473.0721164098685,339.5861522765806,2619.7890920127966,0.0,812.6582686864492,0.0,1414.9381261672668,0.0,433.6944546620758,0.0,0.0,0.0,0.0,0.0,1246.3527233485252,415.45090778284174,3076.7417572986337,46.151126359479505,28.298762523345335,28.298762523345335,206.5059633136673,724.7055225026792,3385.9963720184733,0.0,0.0,0.0,0.0,0.0,4091.433438728246,0.0,0.0,10181.620257810964,23.848363136533965,0.0,0.0,0.0,-3.410605131648481e-13,0.0
2025-03-23 16:00:00+00:00,2,1.0,2571.9426533617698,784.6928121555082,1366.4888124682138,420.7610287380457,784.6928121555084,457.012281505083,327.68053065042534,2619.7890920127966,0.0,784.6928121555082,0.0,1366.4888124682138,0.0,420.7610287380457,0.0,0.0,0.0,0.0,0.0,1205.453840893554,401.81794696451794,2973.7606003262854,44.60640900489428,27.329776249364276,27.329776249364276,199.45589446147187,700.5398029296126,3272.4824562913827,0.0,0.0,0.0,0.0,0.0,4083.2505718507905,0.0,0.0,10181.620257810964,23.853201419246616,0.0,0.0,0.0,3.410605131648481e-13,0.0
2025-03-23 17:00:00+00:00,2,1.0,2694.2734470521896,820.5459587593188,1432.007441935446,441.72004635742564,820.5459587593189,478.1160601763577,342.42989858296124,2619.7890920127966,0.0,820.5459587593188,0.0,1432.007441935446,32.365651070075955,409.3543952873497,0.0,0.0,32.365651070075955,43.15420142676794,10.788550356691985,1229.9003540466683,409.9667846822228,3071.8745806643374,46.07811870996506,28.96380534940968,28.64014883870892,208.62525743580386,733.0626653728023,122.0648482267572,0.0,0.0,0.0,43.15420142676794,0.0,4116.080562062519,0.0,3305.271264198235,6697.558431287439,23.85016650919999,0.0,0.0,0.0,0.0,0.0
2025-03-23 18:00:00+00:00,2,1.0,4148.013061258572,1264.5602305171874,2194.5608495063298,688.8919812350557,1264.5602305171874,737.4076469035809,527.1525836136063,2619.7890920127966,0.0,1264.5602305171874,0.0,2194.5608495063298,6.4990745716772835,682.3929066633784,0.0,0.0,6.4990745716772835,8.665432762236378,2.1663581905590945,1946.9531371805658,648.9843790601886,4790.498365747084,71.85747548620625,43.956207735843364,43.891216990126594,321.75611323851444,1132.6117507014383,0.0,0.0,0.0,0.0,8.665432762236378,0.0,4116.080562062519,0.0,5280.624811960011,1131.2911397567739,23.765400675121988,0.0,0.0,0.0,1.3642420526593924e-12,0.0
2025-03-23 19:00:00+00:00,2,1.0,4286.388019597032,1305.6815702410563,2268.2819429560213,712.4245063999535,1305.6815702410563,761.8318097827167,543.8497604583396,2619.7890920127966,0.0,1305.6815702410563,0.0,2268.2819429560213,6.4990745716772835,705.9254318282763,0.0,0.0,6.4990745716772835,8.665432762236378,2.1663581905590945,2011.6070020693326,670.5356673564442,4950.4246123817975,74.25636918572695,45.4306296048372,45.36563885912043,332.2673305464126,1170.0219937431004,5456.410013340133,0.0,0.0,0.0,8.665432762236378,0.0,4116.080562062519,0.0,0.0,1131.2911397567739,23.758508045468037,0.0,0.0,0.0,6.821210263296962e-13,0.0
2025-03-23 20:00:00+00:00,2,1.0,3276.2455494626297,997.7136135021974,1734.0256090303105,544.5063269301193,997.7136135021974,582.112806783698,415.60080671849937,2619.7890920127966,0.0,997.7136135021974,0.0,1734.0256090303105,6.4990745716772835,538.007252358442,0.0,0.0,6.4990745716772835,8.665432762236378,2.1663581905590945,1535.7208658606394,511.9069552868798,3781.6534301778297,56.72480145266744,34.745502926322985,34.680512180606215,253.90796907538564,894.1320991124211,4170.3776485750495,0.0,0.0,0.0,8.665432762236378,0.0,4116.080562062519,0.0,0.0,1131.2911397567739,23.818582055958824,0.0,0.0,0.0,-1.2505552149377763e-12,0.0
2025-03-23 21:00:00+00:00,2,1.0,3539.052929292931,1076.7996236149327,1873.5008158789876,588.7524897990121,1076.7996236149327,628.4447689043307,448.35485471060207,2619.7890920127966,0.0,1076.7996236149327,0.0,1873.5008158789876,6.4990745716772835,582.2534152273348,0.0,0.0,6.4990745716772835,8.665432762236378,2.1663581905590945,1659.0530388422676,553.0176796140892,4085.571534335344,61.28357301503016,37.535007063296526,37.470016317579756,274.0438278039721,965.5164620045268,4504.5693912974575,0.0,0.0,0.0,8.665432762236378,0.0,4116.080562062519,0.0,0.0,1131.2911397567739,23.801225769097087,0.0,0.0,0.0,-2.2737367544323206e-13,0.0
2025-03-23 22:00:00+00:00,2,1.0,4426.837872567179,1344.3923877285326,2348.018481972009,734.427002866637,1344.3923877285326,784.9780554817643,559.4143322467684,2619.7890920127966,0.0,1344.3923877285326,0.0,2348.018481972009,0.0,734.427002866637,0.0,0.0,0.0,0.0,0.0,2078.81939059517,692.9397968650566,5119.777669432235,76.79666504148352,46.96036963944018,46.96036963944018,342.08628388716835,1205.7434850725888,5632.581357639768,0.0,0.0,0.0,0.0,0.0,4107.848400938395,0.0,0.0,1131.2911397567739,23.747688405251974,0.0,0.0,0.0,-2.2737367544323206e-13,0.0
2025-03-23 23:00:00+00:00,2,1.0,4604.1904827817725,1397.9990920716223,2442.733331257989,763.458059452162,1397.9990920716223,816.5847215140191,581.4143705576032,2619.7890920127966,0.0,1397.9990920716223,0.0,2442.733331257989,0.0,763.458059452162,0.0,0.0,0.0,0.0,0.0,2161.4571515237844,720.4857171745948,5324.676199956368,79.87014299934552,48.85466662515978,48.85466662515978,355.7008706107245,1253.7660640349843,11514.412245600626,0.0,0.0,0.0,0.0,0.0,4099.632704136518,5656.455698783869,0.0,6497.476187355678,23.733635653908593,0.0,0.0,0.0,9.094947017729282e-13,0.0
2025-04-12 00:00:00+00:00,3,40.0,3091.7851799709215,945.2383589602908,1633.474087829678,513.0727331809536,945.2383589602908,550.9751713667847,394.26318759350613,2619.7890920127966,0.0,945.2383589602908,0.0,1633.474087829678,0.0,513.0727331809536,0.0,0.0,0.0,0.0,0.0,1458.3110921412444,486.1036973804148,3577.888877351337,53.66833316027006,32.66948175659356,32.66948175659356,240.54438731741416,845.6553813712861,9593.896260126076,0.0,0.0,0.0,0.0,0.0,4091.433438728246,5656.455698783869,0.0,6497.476187355678,23.83805969751736,0.0,0.0,0.0,-9.094947017729282e-13,0.0
2025-04-12 01:00:00+00:00,3,40.0,3069.36490939459,938.1872754679016,1622.5703970293446,508.6072368973434,938.1872754679016,546.4724237395487,391.71485172835287,2619.7890920127966,0.0,938.1872754679016,0.0,1622.5703970293446,0.0,508.6072368973434,0.0,0.0,0.0,0.0,0.0,1446.794512365245,482.2648374550817,3551.6297468496714,53.27444620274507,32.45140794058689,32.45140794058689,238.71026614560415,839.1523656846048,3908.5172750791944,0.0,0.0,0.0,0.0,0.0,4083.2505718507905,0.0,0.0,6497.476187355678,23.831804926743136,0.0,0.0,0.0,-4.547473508864641e-13,0.0
2025-04-12 02:00:00+00:00,3,40.0,3040.409167427768,929.0647859091972,1605.7355937340296,505.6087877845399,929.0647859091973,541.4773231376084,387.58746277158883,2619.7890920127966,0.0,929.0647859091972,0.0,1605.7355937340296,0.0,505.6087877845399,0.0,0.0,0.0,0.0,0.0,1434.6735736937371,478.22452456457904,3518.633691992346,52.77950537988519,32.114711874680594,32.114711874680594,236.4344960316003,831.6679497254256,3872.0771171531937,0.0,0.0,0.0,0.0,0.0,4075.0840707070897,0.0,0.0,6497.476187355678,23.833207294063715,0.0,0.0,0.0,2.2737367544323206e-13,0.0
2025-04-12 03:00:00+00:00,3,40.0,3062.6154219436226,934.9575416674874,1617.1453641031626,510.5125161729719,934.9575416674874,545.1100753948851,389.8474662726022,2619.7890920127966,0.0,934.9575416674874,0.0,1617.1453641031626,0.0,510.5125161729719,0.0,0.0,0.0,0.0,0.0,1445.4700578404593,481.8233526134864,3544.4387745571084,53.16658161835662,32.34290728206325,32.34290728206325,237.99265458370698,837.6684033796765,3900.283825323299,0.0,0.0,0.0,0.0,0.0,4066.9339025656755,0.0,0.0,6497.476187355678,23.835523962287645,0.0,0.0,0.0,-1.1368683772161603e-13,0.0
2025-04-12 04:00:00+00:00,3,40.0,3109.60323598824,949.6783739188498,1640.4438125547813,519.4810495146094,949.67837391885,553.7805713352881,395.8978025835618,2619.7890920127966,0.0,949.6783739188498,0.0,1640.4438125547813,0.0,519.4810495146094,0.0,0.0,0.0,0.0,0.0,1469.1594234334593,489.7198078111531,3599.3230437993934,53.9898456569909,32.808876251095626,32.808876251095626,241.76560057763044,851.0930065479656,7844.125072817056,0.0,0.0,0.0,0.0,0.0,4058.800034760545,3883.4288302808504,0.0,10181.620257810964,23.832466581119927,0.0,0.0,0.0,0.0,0.0
2025-04-12 05:00:00+00:00,3,40.0,3108.01247362187,949.1045648381149,1639.8886855435394,519.0192232402173,949.104564838115,553.4880149482561,395.6165498898589,2619.7890920127966,0.0,949.1045648381149,0.0,1639.8886855435394,0.0,519.0192232402173,0.0,0.0,0.0,0.0,0.0,1468.1237880783324,489.3745960261108,3597.3870696479826,53.96080604471974,32.797773710870786,32.797773710870786,241.62415984997483,850.555109342547,3958.5675829644174,0.0,0.0,0.0,0.0,0.0,4050.682434691023,0.0,0.0,10181.620257810964,23.83412363653241,0.0,0.0,0.0,4.547473508864641e-13,0.0
2025-04-12 06:00:00+00:00,3,40.0,3057.446493160741,933.3661169274762,1615.3385768473931,508.7417993858713,933.3661169274765,544.2835913741937,389.08252555328266,2619.7890920127966,0.0,933.3661169274762,0.0,1615.3385768473931,0.0,508.7417993858713,0.0,0.0,0.0,0.0,0.0,1442.1079163133475,480.7026387711158,3538.1491319318566,53.07223697897785,32.30677153694786,32.30677153694786,237.5710567686715,835.9594755926609,3893.405968753402,0.0,0.0,0.0,0.0,0.0,4042.581069821642,0.0,0.0,10181.620257810964,23.83438372455725,0.0,0.0,0.0,1.1368683772161603e-13,0.0
2025-04-12 07:00:00+00:00,3,40.0,3070.6544380104815,937.5614901477571,1623.0412822092899,510.0516656534351,937.561490147757,546.747733593775,390.81375655398205,2619.7890920127966,0.0,937.5614901477571,0.0,1623.0412822092899,0.0,510.0516656534351,0.0,0.0,0.0,0.0,0.0,1447.6131558011923,482.53771860039745,3553.1921566108795,53.29788234916319,32.460825644185796,32.460825644185796,238.5776852346792,839.3349374726114,3909.9893754830928,0.0,0.0,0.0,0.0,0.0,4034.495907681999,0.0,0.0,10181.620257810964,23.827012483275286,0.0,0.0,0.0,-1.1368683772161603e-13,0.0
2025-04-12 08:00:00+00:00,3,40.0,3024.258249840333,922.3491226311043,1599.9470478309202,501.96207937830536,922.3491226311044,537.9969482711059,384.3521743599985,2619.7890920127966,0.0,922.3491226311043,0.0,1599.9470478309202,0.0,501.96207937830536,0.0,0.0,0.0,0.0,0.0,1424.3112020094095,474.77040066980317,3499.028650510133,52.48542975765199,31.998940956618405,31.998940956618405,234.7099142978549,825.9636266385469,3850.22187647888,0.0,0.0,0.0,0.0,0.0,4026.4269158666357,0.0,0.0,10181.620257810964,23.829271496891028,0.0,0.0,0.0,0.0,0.0
2025-04-12 09:00:00+00:00,3,40.0,2952.048198650281,899.5381747221991,1561.8391095141824,490.6709144138979,899.5381747221991,525.1359871157894,374.4021876064097,2619.7890920127966,0.0,899.5381747221991,0.0,1561.8391095141824,0.0,490.6709144138979,0.0,0.0,0.0,0.0,0.0,1390.209089136097,463.4030297120323,3415.4512283623117,51.23176842543467,31.236782190283648,31.236782190283648,228.94444427030885,806.0528067883431,3758.1010054386243,0.0,0.0,0.0,0.0,0.0,4018.374062034903,0.0,0.0,10181.620257810964,23.835875952214337,0.0,0.0,0.0,2.2737367544323206e-13,0.0
2025-04-12 10:00:00+00:00,3,40.0,2929.163055665478,890.7701234176939,1551.0993481682024,487.2935840795809,890.7701234176939,520.4553784915568,370.3147449261371,2619.7890920127966,0.0,890.7701234176939,0.0,1551.0993481682024,83.48151169869902,403.8120723808819,0.0,0.0,83.48151169869902,111.30868226493203,27.827170566233008,1294.5821957985759,431.52739859952527,3277.2089425663034,49.15813413849455,31.856802080351038,31.021986963364046,226.7476400707579,798.1391324187259,0.0,0.0,0.0,0.0,111.30868226493203,0.0,4116.080562062519,0.0,3727.3021880842043,6252.698777119164,23.836384849941428,0.0,0.0,0.0,2.2737367544323206e-13,0.0
2025-04-12 11:00:00+00:00,3,40.0,3018.0422265829366,918.896559894915,1597.7544290055328,501.3912376824889,918.896559894915,536.714451925096,382.18210796981896,2619.7890920127966,0.0,918.896559894915,0.0,1597.7544290055328,6.4990745716772835,494.8921631108116,0.0,0.0,6.4990745716772835,8.665432762236378,2.1663581905590945,1413.7887230057265,471.2629076685755,3482.806059679835,52.24209089519752,32.020079325827425,31.955088580110655,233.86645188261915,823.5129765428893,0.0,0.0,0.0,0.0,8.665432762236378,0.0,4116.080562062519,0.0,3841.5552031258258,2203.3440440696977,23.832614619878797,0.0,0.0,0.0,-1.1368683772161603e-13,0.0
2025-04-12 12:00:00+00:00,3,40.0,2937.9634504198903,895.140639076862,1555.088181617248,487.7346297257805,895.140639076862,522.6624042106928,372.47823486616926,2619.7890920127966,0.0,895.140639076862,0.0,1555.088181617248,6.4990745716772835,481.2355551541032,0.0,0.0,6.4990745716772835,8.665432762236378,2.1663581905590945,1376.3761942309652,458.7920647436551,3390.2564405918683,50.85384660887802,31.166754378061732,31.10176363234496,227.799587412767,801.8803749662659,2722.805140437939,0.0,0.0,0.0,8.665432762236378,0.0,4116.080562062519,0.0,1017.0386849482164,1131.2911397567739,23.8357368412674,0.0,0.0,0.0,-6.821210263296962e-13,0.0
2025-04-12 13:00:00+00:00,3,40.0,2936.394018063023,895.6986990619257,1551.4759263190228,489.2193926820734,895.6986990619257,522.895461655529,372.8032374063968,2619.7890920127966,0.0,895.6986990619257,0.0,1551.4759263190228,0.0,489.2193926820734,0.0,0.0,0.0,0.0,0.0,1384.9180917439992,461.6393639146664,3398.0333819776884,50.970500729665325,31.029518526380457,31.029518526380457,227.9548606589159,802.6237623560085,7622.446610699881,0.0,0.0,0.0,0.0,0.0,4107.848400938395,3883.4288302808504,0.0,4815.43521021206,23.833663899697488,0.0,0.0,0.0,-1.3642420526593924e-12,0.0
2025-04-12 14:00:00+00:00,3,40.0,3007.658007168605,919.4113221265111,1586.4271329707792,501.8195520713163,919.4113221265111,536.0890184914605,383.3223036350507,2619.7890920127966,0.0,919.4113221265111,0.0,1586.4271329707792,0.0,501.8195520713163,0.0,0.0,0.0,0.0,0.0,1421.2308741978275,473.74362473260913,3481.4016319012158,52.22102447851823,31.728542659415584,31.728542659415584,233.98974776115423,823.4114822911127,3831.0694894597177,0.0,0.0,0.0,0.0,0.0,4099.632704136518,0.0,0.0,4815.43521021206,23.830202155384768,0.0,0.0,0.0,1.1368683772161603e-13,0.0
2025-04-12 15:00:00+00:00,3,40.0,3059.3822059163886,935.8444095711948,1611.9341644754986,511.60363186969687,935.8444095711948,545.5481667541657,390.2962428170291,2619.7890920127966,0.0,935.8444095711948,0.0,1611.9341644754986,0.0,511.60363186969687,0.0,0.0,0.0,0.0,0.0,1447.4480414408918,482.48268048029723,3541.8648863966873,53.127973295950305,32.23868328950997,32.23868328950997,238.22002666697014,838.3080470222376,3897.690252938626,0.0,0.0,0.0,0.0,0.0,4091.433438728246,0.0,0.0,4815.43521021206,23.829769874278163,0.0,0.0,0.0,0.0,0.0
2025-04-12 16:00:00+00:00,3,40.0,3006.305278603771,924.0020911873261,1580.1992453995774,502.103942016867,924.0020911873262,537.5121891339685,386.48990205335775,2619.7890920127966,0.0,924.0020911873261,0.0,1580.1992453995774,0.0,502.103942016867,0.0,0.0,0.0,0.0,0.0,1426.106033204193,475.36867773473097,3481.6739563385013,52.22510934507752,31.60398490799155,31.60398490799155,235.06584831422887,825.8676052100204,9488.628582597661,0.0,0.0,0.0,0.0,0.0,4083.2505718507905,5656.455698783869,0.0,10181.620257810964,23.81853951173849,0.0,0.0,0.0,9.094947017729282e-13,0.0
2025-04-12 17:00:00+00:00,3,40.0,3007.45062791119,923.7820277603099,1581.619394674784,502.0492054760967,923.7820277603099,537.5256257756224,386.2564019846875,2619.7890920127966,0.0,923.7820277603099,0.0,1581.619394674784,32.365651070075955,469.68355440602073,0.0,0.0,32.365651070075955,43.15420142676794,10.788550356691985,1393.4655821663307,464.4885273887769,3439.5735042298916,51.59360256344837,31.956044404196437,31.63238789349568,235.03390187142787,825.4930144780371,0.0,0.0,0.0,0.0,43.15420142676794,0.0,4116.080562062519,0.0,3832.9436423892275,6141.342906807007,23.826254005874823,0.0,0.0,0.0,2.2737367544323206e-13,0.0
2025-04-12 18:00:00+00:00,3,40.0,3066.3174869809536,942.3334488929241,1613.5629705675087,510.4210675205205,942.3334488929243,547.8311090991918,394.50233979373235,2619.7890920127966,0.0,942.3334488929241,0.0,1613.5629705675087,6.4990745716772835,503.92199294884324,0.0,0.0,6.4990745716772835,8.665432762236378,2.1663581905590945,1446.2554418417674,482.0851472805891,3541.9035596898652,53.12855339534798,32.33625015706694,32.27125941135017,239.70246566349124,841.6900340984046,0.0,0.0,0.0,0.0,8.665432762236378,0.0,4116.080562062519,0.0,3908.007521079358,2021.9412802472534,23.820913113235974,0.0,0.0,0.0,-2.2737367544323206e-13,0.0
2025-04-12 19:00:00+00:00,3,40.0,3014.1137776552564,926.5643093572046,1589.0659630497173,498.4835052483364,926.5643093572046,538.6764280454196,387.887881311785,2619.7890920127966,0.0,926.5643093572046,0.0,1589.0659630497173,6.4990745716772835,491.98443067665914,0.0,0.0,6.4990745716772835,8.665432762236378,2.1663581905590945,1418.5487400338639,472.84958001128797,3480.464283094869,52.206964246423034,31.84631000671112,31.781319260994348,235.6098206941216,826.4603524100971,2995.6292173756915,0.0,0.0,0.0,8.665432762236378,0.0,4116.080562062519,0.0,844.9449126896616,1131.2911397567739,23.828868673180576,0.0,0.0,0.0,-4.547473508864641e-13,0.0
2025-04-12 20:00:00+00:00,3,40.0,2967.55226047756,912.0764838942018,1565.276124298849,490.1996522845093,912.0764838942018,530.3674563853074,381.7090275088945,2619.7890920127966,0.0,912.0764838942018,0.0,1565.276124298849,6.4990745716772835,483.700577712832,0.0,0.0,6.4990745716772835,8.665432762236378,2.1663581905590945,1395.7770616070338,465.25902053567796,3426.312206441561,51.39468309662342,31.370513231693756,31.305522485976983,231.92685105101947,813.4229485915507,3780.9752090691104,0.0,0.0,0.0,8.665432762236378,0.0,4116.080562062519,0.0,0.0,1131.2911397567739,23.832764356739844,0.0,0.0,0.0,-4.547473508864641e-13,0.0
2025-04-12 21:00:00+00:00,3,40.0,2956.3872331650873,908.5278579570348,1559.0846446181638,488.77473058988784,908.5278579570349,528.4238238692355,380.10403408779933,2619.7890920127966,0.0,908.5278579570348,0.0,1559.0846446181638,6.4990745716772835,482.27565601821055,0.0,0.0,6.4990745716772835,8.665432762236378,2.1663581905590945,1390.8035139752453,463.6011713250818,3413.489329918491,51.202339948777364,31.24668363808005,31.181692892363277,231.04925442830861,810.4475004231701,3766.8347335882568,0.0,0.0,0.0,8.665432762236378,0.0,4116.080562062519,0.0,0.0,1131.2911397567739,23.838483503666538,0.0,0.0,0.0,-6.821210263296962e-13,0.0
2025-04-12 22:00:00+00:00,3,40.0,2970.19408654103,914.5073464776409,1566.5575003252316,489.12923973815856,914.507346477641,531.5939278898479,382.91341858779305,2619.7890920127966,0.0,914.5073464776409,0.0,1566.5575003252316,0.0,489.12923973815856,0.0,0.0,0.0,0.0,0.0,1403.6365862157995,467.87886207193316,3438.072948612964,51.57109422919446,31.331150006504632,31.331150006504632,232.45215414797588,814.5644104621128,3784.758497003143,0.0,0.0,0.0,0.0,0.0,4107.848400938395,0.0,0.0,1131.2911397567739,23.83257925240742,0.0,0.0,0.0,0.0,0.0
2025-04-12 23:00:00+00:00,3,40.0,3033.7416111196762,935.9072294700636,1598.8874860514713,498.9468955981428,935.9072294700636,543.5782602363483,392.3289692337153,2619.7890920127966,0.0,935.9072294700636,0.0,1598.8874860514713,0.0,498.9468955981428,0.0,0.0,0.0,0.0,0.0,1434.8541250682065,478.28470835606885,3512.0263194757467,52.6803947921362,31.97774972102943,31.97774972102943,237.80358786367327,832.7241904539371,3866.465801573613,0.0,0.0,0.0,0.0,0.0,4099.632704136518,0.0,0.0,1131.2911397567739,23.820028342952327,0.0,0.0,0.0,-2.2737367544323206e-13,0.0
2025-06-08 00:00:00+00:00,4,59.0,2668.226443465902,817.0132140903825,1396.5712878531542,454.6419415223638,817.0132140903825,474.9493839137574,342.0638301766251,2619.7890920127966,0.0,817.0132140903825,0.0,1396.5712878531542,0.0,454.6419415223638,0.0,0.0,0.0,0.0,0.0,1271.6551556127463,423.88505187091545,3092.111495336816,46.38167243005224,27.931425757063085,27.931425757063085,208.2122208891685,734.3417967042624,3402.5682401701642,0.0,0.0,0.0,0.0,0.0,4091.433438728246,0.0,0.0,1131.2911397567739,23.846692726483287,0.0,0.0,0.0,0.0,0.0
2025-06-08 01:00:00+00:00,4,59.0,2697.086106739959,817.719643344957,1406.7465704316262,472.6198929633746,817.7196433449571,478.0475698791322,339.67207346582495,2619.7890920127966,0.0,817.719643344957,0.0,1406.7465704316262,0.0,472.6198929633746,0.0,0.0,0.0,0.0,0.0,1290.3395363083316,430.1131787694439,3127.1992855094018,46.907989282641026,28.134931408632525,28.134931408632525,208.856913965174,742.147944834524,3439.2340515744827,0.0,0.0,0.0,0.0,0.0,4083.2505718507905,0.0,0.0,1131.2911397567739,23.84262999897794,0.0,0.0,0.0,-4.547473508864641e-13,0.0
2025-06-08 02:00:00+00:00,4,59.0,2748.2279820414296,833.8381589667689,1430.6868691160228,483.70295395863735,833.838158966769,487.45194702136655,346.38621194540247,2619.7890920127966,0.0,833.8381589667689,0.0,1430.6868691160228,0.0,483.70295395863735,0.0,0.0,0.0,0.0,0.0,1317.5411129254062,439.1803709751354,3187.4083530165644,47.811125295248466,28.613737382320455,28.613737382320455,213.0253258824989,757.2442969175237,3505.4722789589528,0.0,0.0,0.0,0.0,0.0,4075.0840707070897,0.0,0.0,1131.2911397567739,23.841180487541155,0.0,0.0,0.0,-5.684341886080801e-13,0.0
2025-06-08 03:00:00+00:00,4,59.0,2787.1014940741543,847.6346541007574,1449.6922962312294,489.774543742166,847.6346541007575,495.37257943944553,352.262074661312,2619.7890920127966,0.0,847.6346541007574,0.0,1449.6922962312294,0.0,489.774543742166,0.0,0.0,0.0,0.0,0.0,1337.4091978429233,445.8030659476411,3232.9045600217937,48.49356840032691,28.99384592462459,28.99384592462459,216.5261584152398,768.810484612457,3555.911978686611,0.0,0.0,0.0,0.0,0.0,4066.9339025656755,0.0,0.0,1131.2911397567739,23.84316196510341,0.0,0.0,0.0,-4.547473508864641e-13,0.0
2025-06-08 04:00:00+00:00,4,59.0,2835.911021442252,865.9801210703413,1468.530126014092,501.4007743578228,865.9801210703414,506.22776129556127,359.75235977478013,2619.7890920127966,0.0,865.9801210703413,0.0,1468.530126014092,0.0,501.4007743578228,0.0,0.0,0.0,0.0,0.0,1367.380895428164,455.793631809388,3291.7046532516442,49.37556979877466,29.370602520281842,29.370602520281842,221.26535392210639,785.1757605708328,9277.542480796954,0.0,0.0,0.0,0.0,0.0,4058.800034760545,5656.455698783869,0.0,6497.476187355678,23.84891804039203,0.0,0.0,0.0,0.0,0.0
2025-06-08 05:00:00+00:00,4,59.0,2864.877477365525,874.0591405038007,1482.734453183931,508.08388367779537,874.0591405038008,511.1140671960002,362.94507330780056,2619.7890920127966,0.0,874.0591405038007,0.0,1482.734453183931,0.0,508.08388367779537,0.0,0.0,0.0,0.0,0.0,1382.143024181596,460.71434139386537,3325.5918187593925,49.88387728139089,29.65468906367862,29.65468906367862,223.4014464868347,793.309043289448,7541.615350935823,0.0,0.0,0.0,0.0,0.0,4050.682434691024,3883.4288302808504,0.0,10181.620257810964,23.85034934158154,0.0,0.0,0.0,-4.547473508864641e-13,0.0
2025-06-08 06:00:00+00:00,4,59.0,2869.0960452254612,874.2971253828564,1483.7572483035217,511.04167153908315,874.2971253828565,511.1457762632912,363.1513491195653,2619.7890920127966,0.0,874.2971253828564,0.0,1483.7572483035217,0.0,511.04167153908315,0.0,0.0,0.0,0.0,0.0,1385.3387969219395,461.77959897397983,3330.875644199441,49.963134662991614,29.675144966070434,29.675144966070434,223.55099472467478,794.644018293787,3663.7400635192485,0.0,0.0,0.0,0.0,0.0,4042.581069821643,0.0,0.0,10181.620257810964,23.852463808877687,0.0,0.0,0.0,2.2737367544323206e-13,0.0
2025-06-08 07:00:00+00:00,4,59.0,2935.153587802032,894.5287336954289,1525.7465072412213,514.8783468653818,894.5287336954289,523.1232329024082,371.40550079302074,2619.7890920127966,0.0,894.5287336954289,0.0,1525.7465072412213,0.0,514.8783468653818,0.0,0.0,0.0,0.0,0.0,1409.4070805608108,469.80236018693694,3404.955947988969,51.074339219834535,30.514930144824426,30.514930144824426,228.49622407863947,810.4027837750598,3745.556371577092,0.0,0.0,0.0,0.0,0.0,4034.495907682,0.0,0.0,10181.620257810964,23.85323236975088,0.0,0.0,0.0,2.2737367544323206e-13,0.0
2025-06-08 08:00:00+00:00,4,59.0,2902.079830330927,884.6178154440317,1511.3817011329888,506.0803137539079,884.6178154440317,517.5801568634959,367.03765858053583,2619.7890920127966,0.0,884.6178154440317,0.0,1511.3817011329888,0.0,506.0803137539079,0.0,0.0,0.0,0.0,0.0,1390.6981291979396,463.56604306597984,3365.6458733969084,50.484688100953626,30.227634022659778,30.227634022659778,225.85599075607092,800.361989968324,3702.441820299251,0.0,0.0,0.0,0.0,0.0,4026.4269158666366,0.0,0.0,10181.620257810964,23.855064552530106,0.0,0.0,0.0,0.0,0.0
2025-06-08 09:00:00+00:00,4,59.0,2865.8243195745335,875.1715986179494,1491.1345789452944,499.5181420112895,875.1715986179495,512.8506591103649,362.32093950758457,2619.7890920127966,0.0,875.1715986179494,0.0,1491.1345789452944,0.0,499.5181420112895,0.0,0.0,0.0,0.0,0.0,1374.689740629239,458.22991354307965,3324.054233117613,49.860813496764194,29.82269157890589,29.82269157890589,223.38921158910853,791.1253217867641,3656.949641361298,0.0,0.0,0.0,0.0,0.0,4018.374062034904,0.0,0.0,10181.620257810964,23.853369559985136,0.0,0.0,0.0,2.2737367544323206e-13,0.0
2025-06-08 10:00:00+00:00,4,59.0,3004.936785739249,920.7719069375019,1562.6734353730583,521.4914434286859,920.7719069375021,538.8513870905442,381.9205198469578,2619.7890920127966,0.0,920.7719069375019,0.0,1562.6734353730583,83.48151169869834,438.00993172998756,0.0,0.0,83.48151169869834,111.30868226493112,27.82717056623278,1358.7818386674894,452.9272795558298,3374.3825535963774,50.61573830394566,32.08828382444815,31.253468707461167,234.90716941692614,829.6191103748436,0.0,0.0,0.0,0.0,111.30868226493112,0.0,4116.080562062519,0.0,3834.5558961140932,6139.643442161451,23.842570262228122,0.0,0.0,0.0,6.821210263296962e-13,0.0
2025-06-08 11:00:00+00:00,4,59.0,2992.4877938225673,917.2822246199377,1558.1845974917,517.0209717109303,917.2822246199378,536.7802589997881,380.50196562014963,2619.7890920127966,0.0,917.2822246199377,0.0,1558.1845974917,6.4990745716772835,510.52189713925304,0.0,0.0,6.4990745716772835,8.665432762236378,2.1663581905590945,1427.8041217591908,475.9347072530636,3461.9234265039545,51.92885139755931,31.228682695550777,31.163691949834003,233.92555622703765,826.3478477136044,2724.1568530406744,0.0,0.0,0.0,8.665432762236378,0.0,4116.080562062519,0.0,1094.6787884954972,4985.750682854952,23.84096640353691,0.0,0.0,0.0,-3.410605131648481e-13,0.0
2025-06-08 12:00:00+00:00,4,59.0,2864.58811242164,877.1808370355251,1487.8250533279574,499.5822220581557,877.1808370355252,513.3225547996043,363.8582822359209,2619.7890920127966,0.0,877.1808370355251,0.0,1487.8250533279574,6.4990745716772835,493.0831474864784,0.0,0.0,6.4990745716772835,8.665432762236378,2.1663581905590945,1370.2639845220035,456.7546615073345,3314.8436993572955,49.72265549035943,29.821491812275923,29.75650106655915,223.85161105992952,792.0732791270176,0.0,0.0,0.0,0.0,8.665432762236378,0.0,4116.080562062519,0.0,3656.6613915486564,1131.2911397567739,23.845523570679497,0.0,0.0,0.0,-1.0231815394945443e-12,0.0
2025-06-08 13:00:00+00:00,4,59.0,2798.9460515361766,855.0518792918156,1455.054270640862,488.8399016035005,855.0518792918157,500.8473295073532,354.2045497844625,2619.7890920127966,0.0,855.0518792918156,0.0,1455.054270640862,0.0,488.8399016035005,0.0,0.0,0.0,0.0,0.0,1343.891780895316,447.9639269651054,3246.909978501283,48.703649677519245,29.101085412817238,29.101085412817238,218.27458695851584,773.144334426775,3572.0903859629507,0.0,0.0,0.0,0.0,0.0,4107.848400938395,0.0,0.0,1131.2911397567739,23.85457751558589,0.0,0.0,0.0,-9.094947017729282e-13,0.0
2025-06-08 14:00:00+00:00,4,59.0,2815.0490135332443,860.9004665208066,1467.4963502258277,486.6521967866076,860.9004665208067,504.32927160104884,356.57119491975783,2619.7890920127966,0.0,860.9004665208066,0.0,1467.4963502258277,0.0,486.6521967866076,0.0,0.0,0.0,0.0,0.0,1347.5526633074142,449.1842211024714,3264.2332346357134,48.9634985195357,29.349927004516555,29.349927004516555,219.60466876750985,776.45224239855,9247.956954715664,0.0,0.0,0.0,0.0,0.0,4099.632704136518,5656.455698783869,0.0,6497.476187355678,23.853743116535078,0.0,0.0,0.0,1.8189894035458565e-12,0.0
2025-06-08 15:00:00+00:00,4,59.0,3010.6690789388085,919.4633149372384,1589.4684767288975,501.73728727267377,919.4633149372385,537.1501636352887,382.3131513019498,2619.7890920127966,0.0,919.4633149372384,0.0,1589.4684767288975,0.0,501.73728727267377,0.0,0.0,0.0,0.0,0.0,1421.2006022099122,473.73353406997074,3484.4026130087805,52.266039195131704,31.78936953457795,31.78936953457795,233.94394506735497,823.5222574016134,3834.1913363404215,0.0,0.0,0.0,0.0,0.0,4091.433438728246,0.0,0.0,6497.476187355678,23.81389537363976,0.0,0.0,0.0,-4.547473508864641e-13,0.0
2025-06-08 16:00:00+00:00,4,59.0,3078.2069923204554,942.0097506089348,1623.3730220213483,512.8242196901724,942.0097506089348,549.6003854924896,392.40936511644514,2619.7890920127966,0.0,942.0097506089348,0.0,1623.3730220213483,0.0,512.8242196901724,0.0,0.0,0.0,0.0,0.0,1454.8339702991072,484.94465676636906,3563.1516490868244,53.44727473630236,32.46746044042697,32.46746044042697,239.64213257833333,842.9689849618587,7804.604807563163,0.0,0.0,0.0,0.0,0.0,4083.2505718507905,3883.4288302808504,0.0,10181.620257810964,23.80993340862738,0.0,0.0,0.0,-1.3642420526593924e-12,0.0
2025-06-08 17:00:00+00:00,4,59.0,3074.9395644076244,939.14095508881,1621.365542417211,514.4330669016033,939.1409550888101,548.3901433788247,390.7508117099853,2619.7890920127966,0.0,939.14095508881,0.0,1621.365542417211,32.365651070075955,482.06741583152734,0.0,0.0,32.365651070075955,43.15420142676794,10.788550356691985,1421.2083709203373,473.73612364011245,3516.3100369776607,52.74465055466491,32.75096735904498,32.42731084834422,239.01491182603144,841.46251458489,3916.402078992514,0.0,0.0,0.0,43.15420142676794,0.0,4116.080562062519,0.0,0.0,10181.620257810964,23.814678358687694,0.0,0.0,0.0,-4.547473508864641e-13,0.0
2025-06-08 18:00:00+00:00,4,59.0,3058.9732310608524,935.3649924357967,1612.512927643768,511.09531098129025,935.3649924357967,545.6638047221263,389.70118771367044,2619.7890920127966,0.0,935.3649924357967,0.0,1612.512927643768,6.4990745716772835,504.59623640961297,0.0,0.0,6.4990745716772835,8.665432762236378,2.1663581905590945,1439.9612288454096,479.9870762818032,3532.461232770981,52.986918491564715,32.315249298592136,32.250258552875366,238.01998057807248,837.7258413934669,0.0,0.0,0.0,0.0,8.665432762236378,0.0,4116.080562062519,0.0,3896.69907245432,6074.13878273725,23.812795137419144,0.0,0.0,0.0,4.547473508864641e-13,0.0
2025-06-08 19:00:00+00:00,4,59.0,3062.354483484829,937.1363764489287,1611.3697138512982,513.8483931846026,937.1363764489288,546.3026596346596,390.83371681426917,2619.7890920127966,0.0,937.1363764489287,0.0,1611.3697138512982,6.4990745716772835,507.34931861292534,0.0,0.0,6.4990745716772835,8.665432762236378,2.1663581905590945,1444.4856950618541,481.49523168728473,3537.350640600437,53.06025960900656,32.292385022742735,32.227394277025965,238.58172505741211,839.8233538440311,0.0,0.0,0.0,0.0,8.665432762236378,0.0,4116.080562062519,0.0,3902.1778373288603,1960.8821824075112,23.819058768824544,0.0,0.0,0.0,2.2737367544323206e-13,0.0
2025-06-08 20:00:00+00:00,4,59.0,3034.895582970205,929.1519450421516,1597.6864595340387,508.0571783940129,929.1519450421517,541.5642583384723,387.58768670367937,2619.7890920127966,0.0,929.1519450421516,0.0,1597.6864595340387,6.4990745716772835,501.5581038223356,0.0,0.0,6.4990745716772835,8.665432762236378,2.1663581905590945,1430.7100488644874,476.9033496214958,3505.299858020022,52.57949787030033,32.018719936397545,31.953729190680775,236.50469928924358,832.1263540986772,3080.002770693816,0.0,0.0,0.0,8.665432762236378,0.0,4116.080562062519,0.0,787.0191663750659,1131.2911397567739,23.818614930616494,0.0,0.0,0.0,-2.2737367544323206e-13,0.0
2025-06-08 21:00:00+00:00,4,59.0,3007.7975109015924,922.301354880502,1586.064462528432,499.4316934926571,922.3013548805022,537.4342396236326,384.86711525686957,2619.7890920127966,0.0,922.301354880502,0.0,1586.064462528432,6.4990745716772835,492.9326189209798,0.0,0.0,6.4990745716772835,8.665432762236378,2.1663581905590945,1415.2339738014819,471.7446579338273,3473.0430942637413,52.09564641395612,31.786279996285412,31.72128925056864,234.56669733500382,824.0809291202004,3831.8784400217924,0.0,0.0,0.0,8.665432762236378,0.0,4116.080562062519,0.0,0.0,1131.2911397567739,23.809896422033486,0.0,0.0,0.0,-4.547473508864641e-13,0.0
2025-06-08 22:00:00+00:00,4,59.0,2975.856033715487,911.8622393516191,1571.8546356274892,492.1391587363796,911.8622393516191,531.3813180369953,380.4809213146239,2619.7890920127966,0.0,911.8622393516191,0.0,1571.8546356274892,0.0,492.1391587363796,0.0,0.0,0.0,0.0,0.0,1404.0013980879987,468.0004660293329,3443.856499744821,51.657847496172316,31.437092712549784,31.437092712549784,231.80167887855458,814.3341778291594,3790.190211544646,0.0,0.0,0.0,0.0,0.0,4107.848400938395,0.0,0.0,1131.2911397567739,23.805736403220564,0.0,0.0,0.0,-2.2737367544323206e-13,0.0
2025-06-08 23:00:00+00:00,4,59.0,2972.2519996359006,909.0020400235836,1571.1083986086044,492.1415610037124,909.0020400235837,529.9341529152562,379.06788710832757,2619.7890920127966,0.0,909.0020400235836,0.0,1571.1083986086044,0.0,492.1415610037124,0.0,0.0,0.0,0.0,0.0,1401.143601027296,467.04786700909864,3439.299866644999,51.58949799967498,31.422167972172087,31.422167972172087,231.16372143008735,812.6454223832052,3784.8974220191058,0.0,0.0,0.0,0.0,0.0,4099.632704136518,0.0,0.0,1131.2911397567739,23.815890988739135,0.0,0.0,0.0,0.0,0.0
2025-07-04 00:00:00+00:00,5,66.0,2818.240359639253,868.9441194188207,1468.97360992017,480.32263030026166,868.944119418821,503.196692942833,365.74742647598794,2619.7890920127966,0.0,868.9441194188207,0.0,1468.97360992017,0.0,480.32263030026166,0.0,0.0,0.0,0.0,0.0,1349.2667497190823,449.7555832396941,3267.995942878946,49.01993914318419,29.379472198403402,29.379472198403402,221.57061650485727,779.1050832845424,3597.345442923796,0.0,0.0,0.0,0.0,0.0,4091.433438728246,0.0,0.0,4815.43521021206,23.85860434134018,0.0,0.0,0.0,6.821210263296962e-13,0.0
2025-07-04 01:00:00+00:00,5,66.0,2774.3114535455616,856.6298689756624,1441.9249020089171,475.75668256098,856.6298689756625,495.2939198297937,361.3359491458687,2619.7890920127966,0.0,856.6298689756624,0.0,1441.9249020089171,0.0,475.75668256098,0.0,0.0,0.0,0.0,0.0,1332.3865515366424,444.1288505122141,3218.4403040577736,48.2766045608666,28.838498040178344,28.838498040178344,218.50532331941344,768.5877744728509,3542.899228018412,0.0,0.0,0.0,0.0,0.0,4083.2505718507905,0.0,0.0,4815.43521021206,23.855288643029482,0.0,0.0,0.0,-4.547473508864641e-13,0.0
2025-07-04 02:00:00+00:00,5,66.0,2760.9594491582247,851.3851975080643,1435.6528273982271,473.9214242519333,851.3851975080644,492.62040373830706,358.7647937697573,2619.7890920127966,0.0,851.3851975080643,0.0,1435.6528273982271,0.0,473.9214242519333,0.0,0.0,0.0,0.0,0.0,1325.3066217599976,441.7688739199992,3202.728323078224,48.04092484617336,28.713056547964545,28.713056547964545,217.20248676190576,764.4383986240075,9181.853546566103,0.0,0.0,0.0,0.0,0.0,4075.0840707070897,5656.455698783869,0.0,10181.620257810964,23.85905943453001,0.0,0.0,0.0,1.8189894035458565e-12,0.0
2025-07-04 03:00:00+00:00,5,66.0,2753.5121730464352,850.3167218643899,1430.3518769513764,472.8435742306672,850.31672186439,491.8946824087367,358.42203945565336,2619.7890920127966,0.0,850.3167218643899,0.0,1430.3518769513764,0.0,472.8435742306672,0.0,0.0,0.0,0.0,0.0,1323.1602960950572,441.05343203168576,3194.5656050781195,47.918484076171794,28.60703753902753,28.60703753902753,216.90849550843558,763.0944866943482,3516.6066597407835,0.0,0.0,0.0,0.0,0.0,4066.9339025656755,0.0,0.0,10181.620257810964,23.857293380617936,0.0,0.0,0.0,0.0,0.0
2025-07-04 04:00:00+00:00,5,66.0,2746.0345353449115,849.1110823088227,1426.4973156660085,470.42613737007997,849.1110823088229,490.9594534219113,358.15162888691157,2619.7890920127966,0.0,849.1110823088227,0.0,1426.4973156660085,0.0,470.42613737007997,0.0,0.0,0.0,0.0,0.0,1319.5372196789026,439.8457398929675,3185.880275237879,47.78820412856818,28.52994631332017,28.52994631332017,216.53589450979746,761.2297311579734,3507.264266502885,0.0,0.0,0.0,0.0,0.0,4058.800034760545,0.0,0.0,10181.620257810964,23.85420620995361,0.0,0.0,0.0,2.2737367544323206e-13,0.0
2025-07-04 05:00:00+00:00,5,66.0,2742.154172633252,847.4233977639025,1423.428986994883,471.301787874468,847.4233977639026,490.0869051488097,357.3364926150929,2619.7890920127966,0.0,847.4233977639025,0.0,1423.428986994883,0.0,471.301787874468,0.0,0.0,0.0,0.0,0.0,1318.7251856383705,439.5750618794568,3181.7292345127103,47.72593851769065,28.46857973989766,28.46857973989766,216.19053772716447,760.4286976041074,3502.582870237359,0.0,0.0,0.0,0.0,0.0,4050.682434691023,0.0,0.0,10181.620257810964,23.86137955804552,0.0,0.0,0.0,-2.2737367544323206e-13,0.0
2025-07-04 06:00:00+00:00,5,66.0,2725.883905048667,844.4085181965513,1414.7393014105091,466.7360854416073,844.4085181965513,487.8059952059523,356.6025229905991,2619.7890920127966,0.0,844.4085181965513,0.0,1414.7393014105091,0.0,466.7360854416073,0.0,0.0,0.0,0.0,0.0,1311.1446036381585,437.0482012127195,3162.932106261387,47.4439815939208,28.294786028210183,28.294786028210183,215.31739101983175,756.3991458828925,3482.2830509315595,0.0,0.0,0.0,0.0,0.0,4042.581069821642,0.0,0.0,10181.620257810964,23.855281514155873,0.0,0.0,0.0,-2.2737367544323206e-13,0.0
2025-07-04 07:00:00+00:00,5,66.0,2750.898024777563,852.1624392232393,1428.5706906370224,470.1648949173006,852.1624392232395,492.6339383733048,359.5285008499347,2619.7890920127966,0.0,852.1624392232393,0.0,1428.5706906370224,0.0,470.1648949173006,0.0,0.0,0.0,0.0,0.0,1322.32733414054,440.77577804684665,3191.673802824409,47.87510704236613,28.57141381274045,28.57141381274045,217.2580030974093,763.0517158121031,3513.9497405896664,0.0,0.0,0.0,0.0,0.0,4034.495907681999,0.0,0.0,10181.620257810964,23.853478885571658,0.0,0.0,0.0,2.2737367544323206e-13,0.0
2025-07-04 08:00:00+00:00,5,66.0,2781.6229960812484,862.2039819941118,1445.3492694225458,474.06974466459025,862.2039819941119,498.28345928009753,363.92052271401445,2619.7890920127966,0.0,862.2039819941118,0.0,1445.3492694225458,0.0,474.06974466459025,0.0,0.0,0.0,0.0,0.0,1336.2737266587021,445.4245755529007,3227.047571634149,48.405713574512234,28.906985388450916,28.906985388450916,219.77139191278783,771.4156518171027,3553.0386478983505,0.0,0.0,0.0,0.0,0.0,4026.4269158666357,0.0,0.0,10181.620257810964,23.853106431944163,0.0,0.0,0.0,-5.684341886080801e-13,0.0
2025-07-04 09:00:00+00:00,5,66.0,2776.4756009080784,860.7205365241555,1439.8616016804922,475.8934627034306,860.7205365241556,497.23614823792934,363.48438828622625,2619.7890920127966,0.0,860.7205365241555,0.0,1439.8616016804922,0.0,475.8934627034306,0.0,0.0,0.0,0.0,0.0,1336.6139992275862,445.5379997425287,3222.0136006506073,48.33020400975911,28.797232033609845,28.797232033609845,219.49224696300016,770.9549147825077,3547.430515690586,0.0,0.0,0.0,0.0,0.0,4018.374062034903,0.0,0.0,10181.620257810964,23.854919003452515,0.0,0.0,0.0,1.1368683772161603e-13,0.0
2025-07-04 10:00:00+00:00,5,66.0,2749.9392623389845,855.5246128900982,1426.905101590623,467.5095478582633,855.5246128900982,493.88021221383354,361.64440067626464,2619.7890920127966,0.0,855.5246128900982,0.0,1426.905101590623,83.48151169869902,384.0280361595643,0.0,0.0,83.48151169869902,111.30868226493203,27.827170566233008,1239.5526490496625,413.1842163498875,3079.641966990173,46.19462950485259,29.372917148799452,28.53810203181246,217.95839238606413,763.0754279876492,1786.6242132136838,0.0,0.0,0.0,111.30868226493203,0.0,4116.080562062519,0.0,1726.3904771129492,8361.844911643728,23.848249482867335,0.0,0.0,0.0,-4.547473508864641e-13,0.0
2025-07-04 11:00:00+00:00,5,66.0,2729.8440828788735,847.0669579092478,1418.466713953341,464.31041101628466,847.0669579092478,489.98286598964495,357.0840919196029,2619.7890920127966,0.0,847.0669579092478,0.0,1418.466713953341,6.4990745716772835,457.8113364446074,0.0,0.0,6.4990745716772835,8.665432762236378,2.1663581905590945,1304.8782943538552,434.95943145128507,3158.3044397584813,47.37456659637722,28.434325024783593,28.36933427906682,215.8425557654375,757.1465713075094,0.0,0.0,0.0,0.0,8.665432762236378,0.0,4116.080562062519,0.0,3486.9906541863825,4686.234029327221,23.851898345968504,0.0,0.0,0.0,-3.410605131648481e-13,0.0
2025-07-04 12:00:00+00:00,5,66.0,2640.408421575164,818.8961292658992,1372.537451209132,448.9748411001319,818.8961292658994,473.4100083620437,345.4861209038557,2619.7890920127966,0.0,818.8961292658992,0.0,1372.537451209132,6.4990745716772835,442.47576652845464,0.0,0.0,6.4990745716772835,8.665432762236378,2.1663581905590945,1261.3718957943538,420.4572985981179,3054.3666456016035,45.815499684024054,27.515739769899415,27.45074902418264,208.70087801696764,732.1065232837508,0.0,0.0,0.0,0.0,8.665432762236378,0.0,4116.080562062519,0.0,3372.514944858915,1131.2911397567739,23.859488498985577,0.0,0.0,0.0,1.1368683772161603e-13,0.0
2025-07-04 13:00:00+00:00,5,66.0,2663.4376508569358,820.7134977329238,1386.1657539290522,456.5583991949612,820.713497732924,475.66020631076907,345.05329142215487,2619.7890920127966,0.0,820.7134977329238,0.0,1386.1657539290522,0.0,456.5583991949612,0.0,0.0,0.0,0.0,0.0,1277.2718969278849,425.75729897596165,3089.1949498328986,46.337924247493476,27.723315078581045,27.723315078581045,209.35673530701507,736.8985886876324,7283.765069825417,0.0,0.0,0.0,0.0,0.0,4107.848400938395,3883.4288302808504,0.0,4815.43521021206,23.86668555636198,0.0,0.0,0.0,-1.3642420526593924e-12,0.0
2025-07-04 14:00:00+00:00,5,66.0,2712.354349978731,831.8098385506445,1413.009227430611,467.53528399747563,831.8098385506446,483.23853512665414,348.5713034239905,2619.7890920127966,0.0,831.8098385506445,0.0,1413.009227430611,0.0,467.53528399747563,0.0,0.0,0.0,0.0,0.0,1299.3451225481201,433.1150408493734,3145.469390828104,47.18204086242156,28.26018454861222,28.26018454861222,212.32272660655815,749.1401774155776,9117.950226178178,0.0,0.0,0.0,0.0,0.0,4099.632704136518,5656.455698783869,0.0,10181.620257810964,23.87158553965128,0.0,0.0,0.0,9.094947017729282e-13,0.0
2025-07-04 15:00:00+00:00,5,66.0,2751.8690673449673,842.7222561347392,1433.4903716398014,475.6564395704251,842.7222561347392,489.9330981771176,352.7891579576216,2619.7890920127966,0.0,842.7222561347392,0.0,1433.4903716398014,0.0,475.6564395704251,0.0,0.0,0.0,0.0,0.0,1318.3786957051643,439.45956523505475,3191.3286325800204,47.86992948870031,28.66980743279603,28.66980743279603,215.17636487310912,759.8454744624562,3511.7145418074233,0.0,0.0,0.0,0.0,0.0,4091.433438728246,0.0,0.0,10181.620257810964,23.869913401408457,0.0,0.0,0.0,-2.2737367544323206e-13,0.0
2025-07-04 16:00:00+00:00,5,66.0,2760.8345873863886,844.5100912915858,1436.5719304636125,479.7525656311896,844.5100912915857,491.2794936539651,353.23059763762063,2619.7890920127966,0.0,844.5100912915858,0.0,1436.5719304636125,25.91841332504896,453.83415230614065,0.0,0.0,25.91841332504896,34.55788443339861,8.639471108349653,1298.3442435977265,432.7814145325755,3167.6975885939146,47.515463828908715,28.99062274252274,28.73143860927225,215.74321253522183,762.4016233568507,0.0,0.0,0.0,0.0,34.55788443339861,0.0,4116.080562062519,0.0,3523.236210743239,6467.803204234418,23.873506497162847,0.0,0.0,0.0,-2.2737367544323206e-13,0.0
2025-07-04 17:00:00+00:00,5,66.0,2761.2847957782765,843.9872488198637,1436.0980533105571,481.1994936478558,843.9872488198639,491.08040731184934,352.90684150801457,2619.7890920127966,0.0,843.9872488198637,0.0,1436.0980533105571,6.4990745716772835,474.7004190761785,0.0,0.0,6.4990745716772835,8.665432762236378,2.1663581905590945,1318.687667896042,439.56255596534737,3194.3482771719464,47.915224157579196,28.786951811927917,28.721961066211144,215.66441687000977,762.8174680616345,2292.6655244768644,0.0,0.0,0.0,8.665432762236378,0.0,4116.080562062519,0.0,1231.4367393630453,5169.754907301635,23.871937698677886,0.0,0.0,0.0,-1.0231815394945443e-12,0.0
2025-07-04 18:00:00+00:00,5,66.0,3000.193083244442,918.8847290850953,1555.0075983408499,526.3007558184948,918.8847290850954,533.2611706484021,385.6235584366933,2619.7890920127966,0.0,918.8847290850953,0.0,1555.0075983408499,6.4990745716772835,519.8016812468176,0.0,0.0,6.4990745716772835,8.665432762236378,2.1663581905590945,1438.6864103319128,479.56213677730426,3473.256145450067,52.098842181751,31.165142712533772,31.100151966817,234.93741097855542,831.0300428075204,0.0,0.0,0.0,0.0,8.665432762236378,0.0,4116.080562062519,0.0,3831.2231260519625,1131.2911397567739,23.86900082861646,0.0,0.0,0.0,2.2737367544323206e-13,0.0
2025-07-04 19:00:00+00:00,5,66.0,2979.2868905398427,912.3631878498703,1544.475821084129,522.4478816058448,912.3631878498704,529.398640924385,382.96454692548554,2619.7890920127966,0.0,912.3631878498703,0.0,1544.475821084129,6.4990745716772835,515.9488070341675,0.0,0.0,6.4990745716772835,8.665432762236378,2.1663581905590945,1428.3119948840379,476.1039982946793,3448.8918142628463,51.733377213942696,30.954507167399353,30.88951642168258,233.2681004555263,825.1158577437894,3804.4027482836314,0.0,0.0,0.0,8.665432762236378,0.0,4116.080562062519,0.0,0.0,1131.2911397567739,23.87093299292598,0.0,0.0,0.0,-7.958078640513122e-13,0.0
2025-07-04 20:00:00+00:00,5,66.0,2756.4462746615827,835.2299875027508,1442.0553164511953,479.1609707076395,835.2299875027509,489.3838125071392,345.8461749956116,2619.7890920127966,0.0,835.2299875027508,0.0,1442.0553164511953,6.4990745716772835,472.6618961359622,0.0,0.0,6.4990745716772835,8.665432762236378,2.1663581905590945,1307.891883638713,435.9639612129043,3185.9111613028126,47.788667419542186,28.90609707474068,28.841106329023905,213.3504483446016,757.0166385713717,3513.462913232955,0.0,0.0,0.0,8.665432762236378,0.0,4116.080562062519,0.0,0.0,1131.2911397567739,23.870275044851432,0.0,0.0,0.0,6.821210263296962e-13,0.0
2025-07-04 21:00:00+00:00,5,66.0,2678.48131628407,810.0982526453403,1410.466249653853,457.91681398487924,810.0982526453404,475.22349901085,334.87475363449033,2619.7890920127966,0.0,810.0982526453403,0.0,1410.466249653853,6.4990745716772835,451.41773941320196,0.0,0.0,6.4990745716772835,8.665432762236378,2.1663581905590945,1261.5159920585422,420.50533068618074,3092.487572398576,46.38731358597864,28.274315738793835,28.20932499307706,206.68203825218302,732.2246814467724,3410.7059977308422,0.0,0.0,0.0,8.665432762236378,0.0,4116.080562062519,0.0,0.0,1131.2911397567739,23.869353170563187,0.0,0.0,0.0,-2.2737367544323206e-13,0.0
2025-07-04 22:00:00+00:00,5,66.0,2653.3286196868225,803.5456507172668,1399.959058280615,449.82391068894026,803.5456507172669,471.2627445483632,332.28290616890365,2619.7890920127966,0.0,803.5456507172668,0.0,1399.959058280615,0.0,449.82391068894026,0.0,0.0,0.0,0.0,0.0,1253.3695614062071,417.78985380206905,3071.118473488891,46.06677710233337,27.9991811656123,27.9991811656123,204.86921943042628,724.7242126660533,3378.0528323528756,0.0,0.0,0.0,0.0,0.0,4107.848400938395,0.0,0.0,1131.2911397567739,23.867415864161785,0.0,0.0,0.0,-2.2737367544323206e-13,0.0
2025-07-04 23:00:00+00:00,5,66.0,2639.941990440102,799.751263651255,1397.379837692796,442.81088909605023,799.7512636512552,468.35185081256753,331.3994128386877,2619.7890920127966,0.0,799.751263651255,0.0,1397.379837692796,0.0,442.81088909605023,0.0,0.0,0.0,0.0,0.0,1242.5621527473054,414.1873842491018,3054.1293746892034,45.81194062033805,27.94759675385592,27.94759675385592,203.7547937303686,719.6493121075202,7243.020132828473,0.0,0.0,0.0,0.0,0.0,4099.632704136518,3883.4288302808504,0.0,4815.43521021206,23.865224076003457,0.0,0.0,0.0,4.547473508864641e-13,0.0
2025-09-25 00:00:00+00:00,6,31.0,2901.6103379852475,885.375526138119,1553.6204394720169,462.61437237511393,885.375526138119,517.0246286278532,368.3508975102658,2619.7890920127966,0.0,885.375526138119,0.0,1553.6204394720169,0.0,462.61437237511393,0.0,0.0,0.0,0.0,0.0,1347.989898513233,449.3299661710776,3350.9403041563273,50.264104562344905,31.07240878944034,31.07240878944034,224.41805671833754,786.1569450306408,7571.196113296739,0.0,0.0,0.0,0.0,0.0,4091.433438728246,3883.4288302808504,0.0,4815.43521021206,23.796739873085965,0.0,0.0,0.0,4.547473508864641e-13,0.0
2025-09-25 01:00:00+00:00,6,31.0,2813.053221362433,857.2268278872829,1507.458480860357,448.3679126147941,857.226827887283,500.70955641051535,356.51727147676763,2619.7890920127966,0.0,857.2268278872829,0.0,1507.458480860357,0.0,448.3679126147941,0.0,0.0,0.0,0.0,0.0,1305.594740502077,435.19824683402567,3248.2514681964594,48.72377202294689,30.14916961720714,30.14916961720714,217.29125680498848,761.5116148963754,3574.564836258808,0.0,0.0,0.0,0.0,0.0,4083.2505718507905,0.0,0.0,4815.43521021206,23.804845294339096,0.0,0.0,0.0,-1.1368683772161603e-13,0.0
2025-09-25 02:00:00+00:00,6,31.0,2778.8391508903856,846.006484859217,1489.3062508126811,443.52641521848517,846.0064848592173,494.68378000459364,351.3227048546236,2619.7890920127966,0.0,846.006484859217,0.0,1489.3062508126811,0.0,443.52641521848517,0.0,0.0,0.0,0.0,0.0,1289.5329000777022,429.84430002590074,3208.683450916284,48.13025176374426,29.786125016253624,29.786125016253624,214.44321462917873,751.990016451331,3530.8291673417166,0.0,0.0,0.0,0.0,0.0,4075.0840707070897,0.0,0.0,4815.43521021206,23.802360454552556,0.0,0.0,0.0,0.0,0.0
2025-09-25 03:00:00+00:00,6,31.0,2801.830507389542,852.4035372332417,1502.1137152148724,447.3132549414275,852.4035372332417,498.71780573367784,353.6857314995638,2619.7890920127966,0.0,852.4035372332417,0.0,1502.1137152148724,0.0,447.3132549414275,0.0,0.0,0.0,0.0,0.0,1299.716792174669,433.2389307248897,3235.0694381144313,48.52604157171647,30.04227430429745,30.04227430429745,216.06470101898896,757.9142219241901,9216.2004280976,0.0,0.0,0.0,0.0,0.0,4066.9339025656755,5656.455698783869,0.0,10181.620257810964,23.797898948595897,0.0,0.0,0.0,-1.8189894035458565e-12,0.0
2025-09-25 04:00:00+00:00,6,31.0,2797.6655864432987,847.7716085086154,1502.526338250596,447.367639684087,847.7716085086155,496.71166895851974,351.05993955009575,2619.7890920127966,0.0,847.7716085086154,0.0,1502.526338250596,0.0,447.367639684087,0.0,0.0,0.0,0.0,0.0,1295.1392481927023,431.7130827309008,3229.378669174199,48.44068003761298,30.05052676501192,30.05052676501192,215.0286230754956,755.2834393740333,3552.9490258173314,0.0,0.0,0.0,0.0,0.0,4058.800034760545,0.0,0.0,10181.620257810964,23.80961097162731,0.0,0.0,0.0,-5.684341886080801e-13,0.0
2025-09-25 05:00:00+00:00,6,31.0,2851.1160942723395,862.5094182166667,1530.8263990581884,457.78027699748463,862.509418216667,505.60268038623485,356.9067378304322,2619.7890920127966,0.0,862.5094182166667,0.0,1530.8263990581884,0.0,457.78027699748463,0.0,0.0,0.0,0.0,0.0,1320.2896952141514,440.0965650713838,3291.2126593437233,49.36818989015585,30.616527981163767,30.616527981163767,218.85184065565417,769.5496515795214,3620.665745851861,0.0,0.0,0.0,0.0,0.0,4050.682434691023,0.0,0.0,10181.620257810964,23.806193458598223,0.0,0.0,0.0,2.2737367544323206e-13,0.0
2025-09-25 06:00:00+00:00,6,31.0,2897.596325228168,876.2275813913008,1556.1370240627393,465.23171977412704,876.2275813913009,513.5614575250082,362.6661238662926,2619.7890920127966,0.0,876.2275813913008,0.0,1556.1370240627393,0.0,465.23171977412704,0.0,0.0,0.0,0.0,0.0,1341.4593011654279,447.15310038847593,3344.749425616643,50.17124138424964,31.122740481254787,31.122740481254787,222.37454249872002,781.9443652339553,3679.5406904621236,0.0,0.0,0.0,0.0,0.0,4042.581069821642,0.0,0.0,10181.620257810964,23.810201423629074,0.0,0.0,0.0,2.2737367544323206e-13,0.0
2025-09-25 07:00:00+00:00,6,31.0,2939.804260036653,888.4741572153534,1579.3722677983214,471.9578350229775,888.4741572153534,520.2678788464261,368.2062783689273,2619.7890920127966,0.0,888.4741572153534,0.0,1579.3722677983214,0.0,471.9578350229775,0.0,0.0,0.0,0.0,0.0,1360.431992238331,453.47733074611034,3393.2815907827626,50.89922386174144,31.58744535596643,31.58744535596643,225.53213547014334,793.083580789928,3732.8878408265814,0.0,0.0,0.0,0.0,0.0,4034.495907681999,0.0,0.0,10181.620257810964,23.811742129212792,0.0,0.0,0.0,4.547473508864641e-13,0.0
2025-09-25 08:00:00+00:00,6,31.0,2945.080060947703,892.3883302155053,1581.4290601833893,471.26267054881026,892.3883302155054,522.1111704592581,370.2771597562473,2619.7890920127966,0.0,892.3883302155053,0.0,1581.4290601833893,0.0,471.26267054881026,0.0,0.0,0.0,0.0,0.0,1363.6510007643155,454.55033358810516,3399.63039453581,50.99445591803715,31.628581203667785,31.628581203667785,226.50219777867295,795.3041496921508,3740.3842106398533,0.0,0.0,0.0,0.0,0.0,4026.4269158666357,0.0,0.0,10181.620257810964,23.815674889477755,0.0,0.0,0.0,-2.2737367544323206e-13,0.0
2025-09-25 09:00:00+00:00,6,31.0,2930.317398884138,889.7041018409712,1571.4919649522205,469.12133209094685,889.7041018409714,519.9624907091273,369.741611131844,2619.7890920127966,0.0,889.7041018409712,0.0,1571.4919649522205,0.0,469.12133209094685,0.0,0.0,0.0,0.0,0.0,1358.825433931918,452.94181131063937,3383.259210194778,50.748888152921666,31.42983929904441,31.42983929904441,225.7713499904365,792.3217280520863,3722.6391269362243,0.0,0.0,0.0,0.0,0.0,4018.374062034903,0.0,0.0,10181.620257810964,23.8075069130917,0.0,0.0,0.0,-1.1368683772161603e-13,0.0
2025-09-25 10:00:00+00:00,6,31.0,2948.936314313021,895.4599449600015,1580.6994772143446,472.7768921386757,895.4599449600016,522.7462365079865,372.7137084520151,2619.7890920127966,0.0,895.4599449600015,0.0,1580.6994772143446,83.48151169869902,389.29538043997667,0.0,0.0,83.48151169869902,111.30868226493203,27.827170566233008,1284.7553253999781,428.251775133326,3293.7065777476487,49.40559866621473,32.44880466127388,31.61398954428689,227.2732475263181,796.8205860976527,0.0,0.0,0.0,0.0,111.30868226493203,0.0,4116.080562062519,0.0,3745.7569004106745,6233.245802280888,23.813116141707702,0.0,0.0,0.0,9.094947017729282e-13,0.0
2025-09-25 11:00:00+00:00,6,31.0,2984.0348840763613,906.6016823949006,1599.498681601759,477.93452007970063,906.6016823949008,529.4023704913538,377.1993119035469,2619.7890920127966,0.0,906.6016823949006,0.0,1599.498681601759,6.4990745716772835,471.43544550802335,0.0,0.0,6.4990745716772835,8.665432762236378,2.1663581905590945,1378.037127902924,459.3457093009747,3436.881518805658,51.553222782084866,32.05496437775195,31.98997363203518,230.05088813773114,807.161116421137,0.0,0.0,0.0,0.0,8.665432762236378,0.0,4116.080562062519,0.0,3791.196000497498,2236.9743297165724,23.80408039745773,0.0,0.0,0.0,-2.2737367544323206e-13,0.0
2025-09-25 12:00:00+00:00,6,31.0,2952.3289487971765,900.782323133617,1583.208216657434,468.3384090061239,900.7823231336171,525.2294558957989,375.5528672378182,2619.7890920127966,0.0,900.782323133617,0.0,1583.208216657434,6.4990745716772835,461.83933443444664,0.0,0.0,6.4990745716772835,8.665432762236378,2.1663581905590945,1362.6216575680637,454.2072191893546,3400.0370934148523,51.00055640122278,31.729155078865453,31.66416433314868,228.32995562096843,799.0974088141191,2702.4831823612203,0.0,0.0,0.0,8.665432762236378,0.0,4116.080562062519,0.0,1048.9431752500743,1131.2911397567739,23.80049578524374,0.0,0.0,0.0,-1.2505552149377763e-12,0.0
2025-09-25 13:00:00+00:00,6,31.0,2912.9973999582544,887.9774791338841,1563.976679793565,461.0432410308071,887.9774791338842,517.6804136843808,370.2970654495034,2619.7890920127966,0.0,887.9774791338841,0.0,1563.976679793565,0.0,461.0432410308071,0.0,0.0,0.0,0.0,0.0,1349.0207201646913,449.6735733882304,3362.670973346487,50.4400646001973,31.2795335958713,31.2795335958713,225.04035945444346,787.7130646346137,9357.166163376738,0.0,0.0,0.0,0.0,0.0,4107.848400938395,5656.455698783869,0.0,6497.476187355678,23.799836680771293,0.0,0.0,0.0,9.094947017729282e-13,0.0
2025-09-25 14:00:00+00:00,6,31.0,2897.536658208427,884.5098732924266,1553.537099126712,459.4896857892889,884.5098732924268,515.2603180722213,369.24955522020554,2619.7890920127966,0.0,884.5098732924266,0.0,1553.537099126712,0.0,459.4896857892889,0.0,0.0,0.0,0.0,0.0,1343.9995590817155,447.9998530272385,3345.536511235666,50.18304766853498,31.07074198253424,31.07074198253424,224.15495707967014,784.4793417405122,3682.01599994894,0.0,0.0,0.0,0.0,0.0,4099.632704136518,0.0,0.0,6497.476187355678,23.790880892548646,0.0,0.0,0.0,9.094947017729282e-13,0.0
2025-09-25 15:00:00+00:00,6,31.0,2901.2151153021136,882.245507687843,1558.2262518171617,460.74335579710936,882.2455076878431,514.5990263717814,367.6464813160617,2619.7890920127966,0.0,882.245507687843,0.0,1558.2262518171617,0.0,460.74335579710936,0.0,0.0,0.0,0.0,0.0,1342.9888634849524,447.66295449498415,3348.8780697970983,50.23317104695647,31.164525036343235,31.164525036343235,223.66944745711618,783.8946230717431,7568.538568654707,0.0,0.0,0.0,0.0,0.0,4091.433438728246,3883.4288302808504,0.0,10181.620257810964,23.799661215928353,0.0,0.0,0.0,4.547473508864641e-13,0.0
2025-09-25 16:00:00+00:00,6,31.0,2901.737994427714,883.335383739507,1558.0952717618493,460.30733892635794,883.3353837395073,515.2132637357201,368.1221200037871,2619.7890920127966,0.0,883.335383739507,0.0,1558.0952717618493,0.0,460.30733892635794,0.0,0.0,0.0,0.0,0.0,1343.642722665865,447.88090755528833,3349.6189019830026,50.24428352974504,31.161905435236985,31.161905435236985,223.90991927864218,784.3589212341495,3686.0969156618635,0.0,0.0,0.0,0.0,0.0,4083.2505718507905,0.0,0.0,10181.620257810964,23.79789707510225,0.0,0.0,0.0,-1.1368683772161603e-13,0.0
2025-09-25 17:00:00+00:00,6,31.0,2922.2616041557385,891.4754869554808,1566.858301096123,463.9278161041358,891.4754869554811,519.724816442487,371.750670512994,2619.7890920127966,0.0,891.4754869554808,0.0,1566.858301096123,32.365651070075955,431.56216503405983,0.0,0.0,32.365651070075955,43.15420142676794,10.788550356691985,1323.0376519895408,441.01255066318026,3330.908503748844,49.96362755623266,31.660822532623218,31.33716602192246,225.95510432683673,790.7178214574873,0.0,0.0,0.0,0.0,43.15420142676794,0.0,4116.080562062519,0.0,3712.9794256132254,6267.796294383789,23.79475847086343,0.0,0.0,0.0,-3.410605131648481e-13,0.0
2025-09-25 18:00:00+00:00,6,31.0,2984.318557264252,910.4708336530531,1597.2699680870182,476.57775552418155,910.4708336530532,530.5777925375019,379.8930411155514,2619.7890920127966,0.0,910.4708336530531,0.0,1597.2699680870182,6.4990745716772835,470.07868095250427,0.0,0.0,6.4990745716772835,8.665432762236378,2.1663581905590945,1380.5495146055573,460.18317153518575,3438.002654227761,51.570039813416415,32.010390107457134,31.945399361740364,230.8665394876883,808.7418984960472,3793.0604557602987,0.0,0.0,0.0,8.665432762236378,0.0,4116.080562062519,0.0,0.0,6267.796294383789,23.7934050389503,0.0,0.0,0.0,-3.410605131648481e-13,0.0
2025-09-25 19:00:00+00:00,6,31.0,3005.1735252236713,916.821401163177,1606.977405596829,481.37471846366464,916.8214011631771,534.3176497106896,382.5037514524876,2619.7890920127966,0.0,916.821401163177,0.0,1606.977405596829,6.4990745716772835,474.87564389198735,0.0,0.0,6.4990745716772835,8.665432762236378,2.1663581905590945,1391.6970450551644,463.8990150183881,3462.5734656703817,51.938601985055726,32.20453885765335,32.13954811193658,232.5372178420721,814.885280005665,3820.058805229336,0.0,0.0,0.0,8.665432762236378,0.0,4116.080562062519,0.0,0.0,6267.796294383789,23.796573042449698,0.0,0.0,0.0,-2.2737367544323206e-13,0.0
2025-09-25 20:00:00+00:00,6,31.0,3020.229052487607,922.230347911261,1614.7320485658554,483.26665601049024,922.230347911261,537.045284384031,385.18506352723,2619.7890920127966,0.0,922.230347911261,0.0,1614.7320485658554,6.4990745716772835,476.76758143881295,0.0,0.0,6.4990745716772835,8.665432762236378,2.1663581905590945,1398.997929350074,466.3326431166913,3480.062621032621,52.200939315489315,32.35963171703388,32.29464097131711,233.8571114039651,819.2113247150558,0.0,0.0,0.0,0.0,8.665432762236378,0.0,4116.080562062519,0.0,3839.440377202663,2220.670783591643,23.789784523335538,0.0,0.0,0.0,2.2737367544323206e-13,0.0
2025-09-25 21:00:00+00:00,6,31.0,2950.7057417030483,902.0851912503045,1577.1644690070696,471.4560814456745,902.0851912503047,525.1276336216036,376.957557628701,2619.7890920127966,0.0,902.0851912503045,0.0,1577.1644690070696,6.4990745716772835,464.9570068739972,0.0,0.0,6.4990745716772835,8.665432762236378,2.1663581905590945,1367.0421981243016,455.68073270810055,3399.887399839472,50.99831099759208,31.608280125858165,31.543289380141392,228.6949797699723,800.6919511722235,2717.9214195329137,0.0,0.0,0.0,8.665432762236378,0.0,4116.080562062519,0.0,1033.476273342358,1131.2911397567739,23.79210516675052,0.0,0.0,0.0,0.0,0.0
2025-09-25 22:00:00+00:00,6,31.0,3008.2873212151394,918.3720889945178,1607.9189511550906,481.9962810655285,918.3720889945178,534.7784391988399,383.5936497956778,2619.7890920127966,0.0,918.3720889945178,0.0,1607.9189511550906,0.0,481.9962810655285,0.0,0.0,0.0,0.0,0.0,1400.3683700600463,466.7894566866821,3475.076777901819,52.12615166852728,32.15837902310181,32.15837902310181,232.90788578130633,816.1402521827195,3824.427573397858,0.0,0.0,0.0,0.0,0.0,4107.848400938395,0.0,0.0,1131.2911397567739,23.79245928136815,0.0,0.0,0.0,-9.094947017729282e-13,0.0
2025-09-25 23:00:00+00:00,6,31.0,3018.9215469377955,921.5182285936885,1614.0075526144292,483.3957657296774,921.5182285936885,536.9204577918686,384.59777080181993,2619.7890920127966,0.0,921.5182285936885,0.0,1614.0075526144292,0.0,483.3957657296774,0.0,0.0,0.0,0.0,0.0,1404.9139943233658,468.30466477445526,3487.22621171225,52.30839317568375,32.28015105228859,32.28015105228859,233.71041479205547,818.8837748467718,3837.8053217845672,0.0,0.0,0.0,0.0,0.0,4099.632704136518,0.0,0.0,1131.2911397567739,23.791756514351366,0.0,0.0,0.0,0.0,0.0
2025-10-25 00:00:00+00:00,7,36.0,2528.7797424181535,775.4661147580683,1357.2507898269382,396.062837833145,775.4661147580684,452.35485252784895,323.11126223021955,2619.7890920127966,0.0,775.4661147580683,0.0,1357.2507898269382,0.0,396.062837833145,0.0,0.0,0.0,0.0,0.0,1171.5289525912133,390.50965086373776,2919.2893932818893,43.789340899228336,27.145015796538765,27.145015796538765,196.1685692698578,684.7575926259015,3213.537335044055,0.0,0.0,0.0,0.0,0.0,4091.433438728246,0.0,0.0,6497.476187355678,23.80435337480218,0.0,0.0,0.0,0.0,0.0
2025-10-25 01:00:00+00:00,7,36.0,2517.520352218336,772.4612509124232,1352.1374306362422,392.921670669672,772.4612509124233,450.33430465878047,322.12694625364287,2619.7890920127966,0.0,772.4612509124232,0.0,1352.1374306362422,0.0,392.921670669672,0.0,0.0,0.0,0.0,0.0,1165.3829215820952,388.4609738606984,2905.981326079036,43.58971989118554,27.042748612724846,27.042748612724846,195.33763048402807,681.4738214613617,3198.994173679698,0.0,0.0,0.0,0.0,0.0,4083.2505718507905,0.0,0.0,6497.476187355678,23.80062884813205,0.0,0.0,0.0,4.547473508864641e-13,0.0
2025-10-25 02:00:00+00:00,7,36.0,2536.9740567440685,778.4294119581522,1365.343871299425,393.20077348649176,778.4294119581523,453.44149455167343,324.98791740647886,2619.7890920127966,0.0,778.4294119581522,0.0,1365.343871299425,0.0,393.20077348649176,0.0,0.0,0.0,0.0,0.0,1171.630185444644,390.54339514821464,2927.5174518922836,43.91276177838425,27.3068774259885,27.3068774259885,196.76386759061867,685.8337793691945,3222.807836113263,0.0,0.0,0.0,0.0,0.0,4075.0840707070897,0.0,0.0,6497.476187355678,23.80103628914323,0.0,0.0,0.0,-1.1368683772161603e-13,0.0
2025-10-25 03:00:00+00:00,7,36.0,2490.5298133950173,763.3739377135998,1339.7219175862167,387.43395809519944,763.3739377135997,445.27584590050276,318.09809181309697,2619.7890920127966,0.0,763.3739377135998,0.0,1339.7219175862167,0.0,387.43395809519944,0.0,0.0,0.0,0.0,0.0,1150.8078958087992,383.6026319362664,2874.1324453312823,43.111986679969235,26.794438351724335,26.794438351724335,193.03290090510188,673.3363962247862,3163.8662096198027,0.0,0.0,0.0,0.0,0.0,4066.9339025656755,0.0,0.0,6497.476187355678,23.81143459013684,0.0,0.0,0.0,-7.958078640513122e-13,0.0
2025-10-25 04:00:00+00:00,7,36.0,2491.2758855604698,764.145841974344,1340.1819131254838,386.9481304606434,764.1458419743441,445.5611571210374,318.58468485330667,2619.7890920127966,0.0,764.145841974344,0.0,1340.1819131254838,0.0,386.9481304606434,0.0,0.0,0.0,0.0,0.0,1151.0939724349873,383.69799081166246,2874.9738763721334,43.124608145582,26.803638262509676,26.803638262509676,193.19342333455376,673.6232988168175,3164.899184377287,0.0,0.0,0.0,0.0,0.0,4058.800034760545,0.0,0.0,6497.476187355678,23.8091297697964,0.0,0.0,0.0,-3.410605131648481e-13,0.0
2025-10-25 05:00:00+00:00,7,36.0,2514.2272191741786,771.7391589855415,1352.9022527731158,389.5858074155212,771.7391589855417,449.8395206458827,321.89963833965896,2619.7890920127966,0.0,771.7391589855415,0.0,1352.9022527731158,0.0,389.5858074155212,0.0,0.0,0.0,0.0,0.0,1161.3249664010627,387.1083221336876,2901.335541307866,43.52003311961799,27.058045055462316,27.058045055462316,195.07590974858556,679.8203551128158,7077.476404567844,0.0,0.0,0.0,0.0,0.0,4050.682434691023,3883.4288302808504,0.0,10181.620257810964,23.806096456079597,0.0,0.0,0.0,-9.094947017729282e-13,0.0
2025-10-25 06:00:00+00:00,7,36.0,2544.3729493899773,781.8280671575023,1366.6659102457775,395.8789719866981,781.8280671575025,455.54758516586946,326.280481991633,2619.7890920127966,0.0,781.8280671575023,0.0,1366.6659102457775,0.0,395.8789719866981,0.0,0.0,0.0,0.0,0.0,1177.7070391442005,392.56901304806684,2936.941962438045,44.05412943657067,27.33331820491555,27.33331820491555,197.67842083141684,688.9681997258855,3233.3411491158627,0.0,0.0,0.0,0.0,0.0,4042.581069821642,0.0,0.0,10181.620257810964,23.80479436943702,0.0,0.0,0.0,-1.1368683772161603e-13,0.0
2025-10-25 07:00:00+00:00,7,36.0,2526.457168777455,776.9562890274308,1358.2353902707766,391.26548947924823,776.956289027431,452.25488959516963,324.7013994322613,2619.7890920127966,0.0,776.9562890274308,0.0,1358.2353902707766,0.0,391.26548947924823,0.0,0.0,0.0,0.0,0.0,1168.2217785066791,389.4072595022264,2915.864428279682,43.73796642419523,27.16470780541553,27.16470780541553,196.38801608127412,683.8626576185269,3210.319826395982,0.0,0.0,0.0,0.0,0.0,4034.495907681999,0.0,0.0,10181.620257810964,23.807691035350985,0.0,0.0,0.0,1.1368683772161603e-13,0.0
2025-10-25 08:00:00+00:00,7,36.0,2488.024131698533,765.3165374413588,1338.9638316365094,383.74376262066545,765.316537441359,445.37550672542596,319.941030715933,2619.7890920127966,0.0,765.3165374413588,0.0,1338.9638316365094,0.0,383.74376262066545,0.0,0.0,0.0,0.0,0.0,1149.0603000620242,383.02010002067476,2871.0442317192083,43.06566347578812,26.779276632730188,26.779276632730188,193.39962790231027,673.0439446642335,3161.0680763627665,0.0,0.0,0.0,0.0,0.0,4026.4269158666357,0.0,0.0,10181.620257810964,23.81222578920167,0.0,0.0,0.0,0.0,0.0
2025-10-25 09:00:00+00:00,7,36.0,2511.5316420559743,772.7792132422537,1352.2433706633453,386.50905815037424,772.7792132422537,449.55526576396505,323.2239474782887,2619.7890920127966,0.0,772.7792132422537,0.0,1352.2433706633453,0.0,386.50905815037424,0.0,0.0,0.0,0.0,0.0,1159.2882713926278,386.4294237975426,2897.9610658535157,43.46941598780273,27.044867413266907,27.044867413266907,195.26460900073744,679.2531836126166,3190.7848256685907,0.0,0.0,0.0,0.0,0.0,4018.3740620349035,0.0,0.0,10181.620257810964,23.810813424649027,0.0,0.0,0.0,-2.2737367544323206e-13,0.0
2025-10-25 10:00:00+00:00,7,36.0,2528.253386990863,776.9619105683912,1361.7385966223817,389.5528798000889,776.9619105683914,452.23729384520004,324.7246167231914,2619.7890920127966,0.0,776.9619105683912,0.0,1361.7385966223817,83.48151169869834,306.07136810139053,0.0,0.0,83.48151169869834,111.30868226493112,27.82717056623278,1083.0332786697818,361.0110928899273,2805.782968182091,42.08674452273136,28.06958704943462,27.234771932447636,196.34258008553158,682.5719470463052,0.0,0.0,0.0,0.0,111.30868226493112,0.0,4116.080562062519,0.0,3210.8253340371675,6797.113182968161,23.808638271902357,0.0,0.0,0.0,-6.821210263296962e-13,0.0
2025-10-25 11:00:00+00:00,7,36.0,2512.5000461809145,770.9650200299205,1354.54645143098,386.98857472001487,770.9650200299207,449.1359901127933,321.82902991712734,2619.7890920127966,0.0,770.9650200299205,0.0,1354.54645143098,6.4990745716772835,380.4895001483376,0.0,0.0,6.4990745716772835,8.665432762236378,2.1663581905590945,1151.454520178258,383.81817339275267,2889.8191450019904,43.347287175029855,27.155919774336372,27.0909290286196,194.86192345186026,678.4405910131579,0.0,0.0,0.0,0.0,8.665432762236378,0.0,4116.080562062519,0.0,3190.9406371940718,3433.5664189940717,23.81605526533379,0.0,0.0,0.0,-6.821210263296962e-13,0.0
2025-10-25 12:00:00+00:00,7,36.0,2404.621778597998,737.7539966700839,1295.436934202109,371.4308477258045,737.7539966700839,430.04308919347534,307.71090747660855,2619.7890920127966,0.0,737.7539966700839,0.0,1295.436934202109,6.4990745716772835,364.9317731541272,0.0,0.0,6.4990745716772835,8.665432762236378,2.1663581905590945,1102.685769824211,367.561923274737,2765.684627301057,41.48526940951585,25.97372942975895,25.908738684042177,186.46031485001572,649.5563338386289,870.0480075096198,0.0,0.0,0.0,8.665432762236378,0.0,4116.080562062519,0.0,2184.130104927007,1131.2911397567739,23.816875122039445,0.0,0.0,0.0,-2.2737367544323206e-13,0.0
2025-10-25 13:00:00+00:00,7,36.0,2420.1149006663345,744.4165082603574,1302.802332220677,372.8960601852998,744.4165082603575,433.3149248861415,311.10158337421603,2619.7890920127966,0.0,744.4165082603574,0.0,1302.802332220677,0.0,372.8960601852998,0.0,0.0,0.0,0.0,0.0,1117.3125684456572,372.4375228152191,2792.5524234815534,41.8882863522233,26.05604664441354,26.05604664441354,188.07236534301867,654.5102677992882,6958.053998746473,0.0,0.0,0.0,0.0,0.0,4107.848400938395,3883.4288302808504,0.0,4815.43521021206,23.810814209565404,0.0,0.0,0.0,-4.547473508864641e-13,0.0
2025-10-25 14:00:00+00:00,7,36.0,2432.1762087706884,748.3997119866532,1308.4090361972767,375.36746058675857,748.3997119866533,435.5662187395306,312.8334932471227,2619.7890920127966,0.0,748.3997119866532,0.0,1308.4090361972767,0.0,375.36746058675857,0.0,0.0,0.0,0.0,0.0,1123.7671725734117,374.58905752447055,2806.7652662951587,42.10147899442738,26.168180723945536,26.168180723945536,189.0999804477079,658.1268784144969,3090.3030871851856,0.0,0.0,0.0,0.0,0.0,4099.632704136518,0.0,0.0,4815.43521021206,23.81093078411451,0.0,0.0,0.0,3.410605131648481e-13,0.0
2025-10-25 15:00:00+00:00,7,36.0,2433.220030783311,748.6296958032559,1308.9298485354814,375.66048644457425,748.629695803256,435.76596630179245,312.8637295014636,2619.7890920127966,0.0,748.6296958032559,0.0,1308.9298485354814,0.0,375.66048644457425,0.0,0.0,0.0,0.0,0.0,1124.2901822478302,374.7633940826101,2807.9834248659217,42.11975137298882,26.178596970709627,26.178596970709627,189.15539444905997,658.3957338460782,3091.615764629389,0.0,0.0,0.0,0.0,0.0,4091.433438728245,0.0,0.0,4815.43521021206,23.80963500219024,0.0,0.0,0.0,0.0,0.0
2025-10-25 16:00:00+00:00,7,36.0,2473.2096265882515,760.1992428639612,1331.0452623985104,381.96512132578107,760.1992428639614,442.62696453723044,317.57227832673095,2619.7890920127966,0.0,760.1992428639612,0.0,1331.0452623985104,0.0,381.96512132578107,0.0,0.0,0.0,0.0,0.0,1142.1643641897422,380.72145472991406,2853.9310813181664,42.80896621977249,26.62090524797021,26.62090524797021,192.09195859950248,668.8641900451295,8798.529515417249,0.0,0.0,0.0,0.0,0.0,4083.250571850789,5656.455698783869,0.0,10181.620257810964,23.808709192860757,0.0,0.0,0.0,-9.094947017729282e-13,0.0
2025-10-25 17:00:00+00:00,7,36.0,2468.5778610092766,759.617301913549,1328.264431394068,380.69612770166066,759.617301913549,441.905351973684,317.71194993986506,2619.7890920127966,0.0,759.617301913549,0.0,1328.264431394068,32.36565107007732,348.33047663158334,0.0,0.0,32.36565107007732,43.15420142676976,10.78855035669244,1107.9477785451322,369.3159261817107,2805.528136120911,42.08292204181366,26.88894513858213,26.56528862788136,191.8968687161479,667.5385010628282,3136.1163620721045,0.0,0.0,0.0,43.15420142676976,0.0,4116.080562062519,0.0,0.0,10181.620257810964,23.80380529676411,0.0,0.0,0.0,-3.410605131648481e-13,0.0
2025-10-25 18:00:00+00:00,7,36.0,2443.485067689006,750.068856116669,1315.366481192425,378.04973037991243,750.0688561166692,436.79373596328736,313.2751201533818,2619.7890920127966,0.0,750.068856116669,0.0,1315.366481192425,6.4990745716772835,371.55065580823515,0.0,0.0,6.4990745716772835,8.665432762236378,2.1663581905590945,1121.6195119249041,373.8731706416347,2810.859163758964,42.16288745638445,26.372320369565273,26.3073296238485,189.56942405587756,660.4514903378696,0.0,0.0,0.0,0.0,8.665432762236378,0.0,4116.080562062519,0.0,3103.936558026876,6909.783845801523,23.812156982726638,0.0,0.0,0.0,3.410605131648481e-13,0.0
2025-10-25 19:00:00+00:00,7,36.0,2479.0774094315857,760.556456452807,1337.4571364037865,381.06381657499395,760.5564564528072,442.97106381126525,317.5853926415419,2619.7890920127966,0.0,760.556456452807,0.0,1337.4571364037865,6.4990745716772835,374.56474200331667,0.0,0.0,6.4990745716772835,8.665432762236378,2.1663581905590945,1135.1211984561237,378.3737328187079,2850.952067678618,42.764281015179265,26.814133473792506,26.749142728075732,192.14615835126065,669.0138065775751,0.0,0.0,0.0,0.0,8.665432762236378,0.0,4116.080562062519,0.0,3148.0912160091607,3591.4043376154978,23.809390506745782,0.0,0.0,0.0,-1.1368683772161603e-13,0.0
2025-10-25 20:00:00+00:00,7,36.0,2499.227206624947,768.2191573644074,1345.9330131644335,385.07503609610677,768.2191573644075,446.8157220897606,321.4034352746469,2619.7890920127966,0.0,768.2191573644074,0.0,1345.9330131644335,6.4990745716772835,378.5759615244295,0.0,0.0,6.4990745716772835,8.665432762236378,2.1663581905590945,1146.795118888837,382.2650396296123,2874.993171682883,43.12489757524324,26.983651009005445,26.918660263288672,194.06050030541863,675.5191069731274,840.878011475864,0.0,0.0,0.0,8.665432762236378,0.0,4116.080562062519,0.0,2333.86830212221,1131.2911397567739,23.79976311120585,0.0,0.0,0.0,-1.1368683772161603e-13,0.0
2025-10-25 21:00:00+00:00,7,36.0,2539.409197134827,779.0281010643745,1366.9051700341627,393.4759260362909,779.0281010643746,453.681240900809,325.3468601635656,2619.7890920127966,0.0,779.0281010643745,0.0,1366.9051700341627,6.4990745716772835,386.9768514646136,0.0,0.0,6.4990745716772835,8.665432762236378,2.1663581905590945,1166.004952528988,388.6683175096627,2921.5784400728135,43.8236766010922,27.403094146400026,27.338103400683252,196.89866408861843,686.2982139370156,3225.7074110718427,0.0,0.0,0.0,8.665432762236378,0.0,4116.080562062519,0.0,0.0,1131.2911397567739,23.80250376087115,0.0,0.0,0.0,0.0,0.0
2025-10-25 22:00:00+00:00,7,36.0,2719.374850323636,836.0341832215431,1462.6375201881021,420.7031469139893,836.0341832215433,486.0103503847902,350.0238328367531,2619.7890920127966,0.0,836.0341832215431,0.0,1462.6375201881021,0.0,420.7031469139893,0.0,0.0,0.0,0.0,0.0,1256.7373301355324,418.9124433785108,3138.2872937021452,47.074309405532176,29.252750403762043,29.252750403762043,211.24528792226576,735.7375415138329,3455.1123918374687,0.0,0.0,0.0,0.0,0.0,4107.848400938395,0.0,0.0,1131.2911397567739,23.78089149663797,0.0,0.0,0.0,-2.2737367544323206e-13,0.0
2025-10-25 23:00:00+00:00,7,36.0,2665.5769577284495,820.4924020794585,1431.1799835096213,413.90457213936793,820.4924020794585,476.92902611480383,343.56337596465477,2619.7890920127966,0.0,820.4924020794585,0.0,1431.1799835096213,0.0,413.90457213936793,0.0,0.0,0.0,0.0,0.0,1234.3969742188265,411.4656580729422,3077.0426158013897,46.15563923702084,28.623599670192426,28.623599670192426,207.36711393998786,722.2356105903357,9044.268267102654,0.0,0.0,0.0,0.0,0.0,4099.632704136518,5656.455698783869,0.0,6497.476187355678,23.785980793425264,0.0,0.0,0.0,0.0,0.0
2025-12-05 00:00:00+00:00,8,47.0,3313.760256430499,1017.6573945883274,1741.1087895426053,554.9940722995655,1017.6573945883274,593.1749920373576,424.4824025509699,2619.7890920127966,773.9317693867331,243.7256252015943,1195.6145573376866,545.4942322049187,554.9940722995655,0.0,1125.7189372897935,351.78716790306044,1750.608629637252,2334.144839516336,583.536209879084,243.7256252015943,81.24187506719811,870.4617324737112,13.056925987105668,52.32826208722463,10.909884644098375,258.9355709183768,1351.7958964861482,10322.011851700514,2762.578189227051,2762.57818922705,9.094947017729282e-13,697.2855875790788,0.0,662.4213082001249,5656.455698783869,0.0,10181.620257810964,23.790368895350802,0.0,0.0,0.0,-1.8189894035458565e-12,0.0
2025-12-05 01:00:00+00:00,8,47.0,3255.273607904799,1001.703360328534,1709.982911572753,543.5873360035148,1001.703360328534,583.3543506797698,418.3490096487642,2619.7890920127966,759.8868216072434,241.8165387212906,1709.982911572753,0.0,543.5873360035148,0.0,1105.2899223378085,345.40310073056514,2253.570247576268,3004.76033010169,751.1900825254226,241.8165387212906,80.60551290709687,322.42205162838746,4.836330774425812,56.73536070721774,0.0,254.79771586371734,1493.5681035084453,4748.841711413244,2838.66074077095,2838.66074077095,0.0,1271.389511668549,0.0,1868.9165016688464,0.0,0.0,10181.620257810964,23.79699640689578,0.0,0.0,0.0,0.0,0.0
2025-12-05 02:00:00+00:00,8,47.0,3269.75182916589,1006.1053432463018,1716.7227161773123,546.9237697422733,1006.1053432463018,585.7007795566767,420.4045636896251,2619.7890920127966,762.9614998748184,243.1438433714834,1716.7227161773123,0.0,546.9237697422733,0.0,1109.7621816360995,346.80068176128106,2263.6464859195858,3018.1953145594475,754.5488286398619,243.1438433714834,81.04794779049446,324.19179116197785,4.862876867429668,56.97091918274211,0.0,255.94451845587517,1500.1757726976844,4769.927601863573,2901.5430866598103,2901.54308665981,4.547473508864641e-13,1226.4144095357365,0.0,3030.2723577244587,0.0,0.0,10181.620257810964,23.795549887428574,0.0,0.0,0.0,-1.3642420526593924e-12,0.0
2025-12-05 03:00:00+00:00,8,47.0,3240.5741984163383,997.0236637332027,1701.7787426375849,541.7717920455507,997.0236637332027,580.458292356683,416.5653713765197,2619.7890920127966,756.2585917283484,240.76507200485435,1701.7787426375849,0.0,541.7717920455507,0.0,1100.0124970594159,343.7539053310674,2243.5505346831355,2991.4007129108472,747.8501782277118,240.76507200485435,80.25502400161811,321.02009600647244,4.815301440097087,56.47108019958306,0.0,253.63120347810985,1486.7766926781874,4727.350891094527,2942.0776846507797,2942.07768465078,0.0,1149.3355253194832,0.0,4116.080562062519,0.0,0.0,10181.620257810964,23.79811905190268,0.0,0.0,0.0,9.094947017729282e-13,0.0
2025-12-05 04:00:00+00:00,8,47.0,3244.6578009155373,997.7568479228593,1706.0793084375632,540.8216445551149,997.7568479228593,581.2115091676194,416.54533875523987,2619.7890920127966,758.161852235833,239.5949956870263,1706.0793084375632,0.0,540.8216445551149,0.0,1102.7808759793934,344.61902374356043,2246.900952992678,2995.8679373235705,748.9669843308926,239.5949956870263,79.86499856234211,319.45999424936844,4.791899913740527,56.590595698678044,0.0,253.77160427847312,1488.605106527687,4733.262907443224,4426.42226442819,4426.42226442819,0.0,0.0,327.77345112522687,3762.823715543418,0.0,0.0,10181.620257810964,23.797086409790005,0.0,0.0,0.0,0.0,0.0
2025-12-05 05:00:00+00:00,8,47.0,3213.546996667924,988.8622030624872,1686.506834951957,538.1779586534803,988.8622030624872,575.8157960375592,413.04640702492804,2619.7890920127966,749.5737067885614,239.28849627392583,1686.506834951957,0.0,538.1779586534803,0.0,1090.2890280560894,340.7153212675279,2224.6847936054373,2966.2463914739164,741.5615978684791,239.28849627392583,79.76283209130861,319.05132836523444,4.785769925478516,55.976984635093515,0.0,251.58507852376778,1474.3875843116555,4687.934580979579,6114.575700561265,6145.5900633261,0.0,0.0,2058.0402810312594,1588.9398775531108,0.0,0.0,10181.620257810964,23.798591053391185,0.0,0.0,0.0,-6.821210263296962e-13,0.0
2025-12-05 06:00:00+00:00,8,47.0,3231.6086361001035,992.4927084354537,1696.6875749265675,542.4283527380832,992.4927084354538,578.5953569646339,413.89735147081984,2619.7890920127966,753.6784330209823,238.81427541447135,1696.6875749265675,0.0,542.4283527380832,0.0,1096.2595389396106,342.5811059186283,2239.115927664651,2985.4879035528675,746.3719758882169,238.81427541447135,79.60475847149046,318.4190338859618,4.776285508289427,56.324910775177855,0.0,252.5686601470176,1482.2276967088205,4713.8363328089235,5588.221340400582,5783.5908478806,0.0,0.0,1506.4738979081044,0.0,0.0,0.0,10181.620257810964,23.803108623404952,0.0,0.0,0.0,-4.547473508864641e-13,0.0
2025-12-05 07:00:00+00:00,8,47.0,3273.6988613332783,1002.8492340012718,1720.8818401854837,549.9677871465219,1002.849234001272,584.4913219111594,418.3579120901125,2619.7890920127966,764.0427842092297,238.80644979204214,1720.8818401854835,2.2737367544323206e-13,549.9677871465219,0.0,1111.3349588497886,347.2921746405589,2270.849627332005,3027.79950310934,756.949875777335,238.80644979204214,79.60214993068071,318.40859972272307,4.776128995840846,57.12613307702973,4.547473508864641e-15,255.27885644746738,1501.0253188689126,4774.72418020219,4139.134461959129,4705.32990859721,0.0,0.0,0.0,0.0,0.0,0.0,10181.620257810964,23.804111463067258,0.0,0.0,0.0,-9.094947017729282e-13,0.0
2025-12-05 08:00:00+00:00,8,47.0,3289.965582270757,1007.764628786933,1728.159652090797,554.0413013930254,1007.764628786933,587.7928229741702,419.9718058127628,2619.7890920127966,767.2245156366562,240.54011315027685,1728.159652090797,0.0,554.0413013930254,0.0,1115.9629318351363,348.7384161984801,2282.2009534838226,3042.9346046450964,760.7336511612741,240.54011315027685,80.18003771675895,320.7201508670358,4.810802263005536,57.385202576654166,0.0,256.5837798435431,1508.431889759716,4798.397472030472,4158.897536480233,4249.98488331008,0.0,0.0,0.0,0.0,0.0,0.0,10181.620257810964,23.80388931985322,0.0,0.0,0.0,-4.547473508864641e-13,0.0
2025-12-05 09:00:00+00:00,8,47.0,3246.17856726729,996.0799988578266,1705.2614413451645,544.8371270642963,996.0799988578265,580.4908800446516,415.58911881317493,2619.7890920127966,757.4781872979099,238.60181155991665,1.7116056155695105,1703.549835729595,544.8371270642963,0.0,1101.7864542515053,344.3082669535954,546.5487326798658,728.7316435731543,182.18291089328858,238.60181155991665,79.53393718663888,2021.6855844761506,30.325283767142256,39.57071615370195,34.0709967145919,253.51077443204446,963.5028861010032,4209.681453368294,1830.5180978246597,1830.51809782466,0.0,0.0,0.0,0.0,0.0,0.0,10181.620257810964,23.802632665803767,0.0,0.0,0.0,4.547473508864641e-13,0.0
2025-12-05 10:00:00+00:00,8,47.0,3249.987944525909,996.6736729299896,1708.053012735487,545.2612588604345,996.6736729299896,580.8310500811536,415.842622848836,2619.7890920127966,0.0,996.6736729299896,0.0,1708.053012735487,545.2612588604345,0.0,0.0,0.0,545.2612588604345,727.0150118139127,181.75375295347817,996.6736729299896,332.2245576433299,3036.9512433088066,45.5542686496321,39.61367284331409,34.161060254709746,253.65339138860634,886.9607037330703,0.0,-1.1368683772161603e-13,0.0,0.0,727.0150118139128,0.0,690.6642612232172,0.0,4136.948648258979,5820.893493926583,23.801997987648157,0.0,0.0,0.0,-1.1368683772161603e-13,0.0
2025-12-05 11:00:00+00:00,8,47.0,3187.5281264695495,974.7534158126882,1677.5940876007332,535.180623056126,974.7534158126884,568.0798315391268,406.67358427356163,2619.7890920127966,0.0,974.7534158126882,0.0,1677.5940876007332,535.180623056126,0.0,0.0,0.0,535.180623056126,713.5741640748347,178.39354101870867,974.7534158126882,324.91780527089605,2977.2653086843175,44.65897963026476,38.903687982575924,33.551881752014665,248.18388072128153,868.6097763757416,0.0,0.0,0.0,0.0,713.5741640748347,0.0,1367.178388571864,0.0,4056.1379028452916,1545.3487350166206,23.81140916616172,0.0,0.0,0.0,4.547473508864641e-13,0.0
2025-12-05 12:00:00+00:00,8,47.0,3315.267657587318,1015.533350662691,1743.8822226456964,555.8520842789312,1015.5333506626909,591.8728375024549,423.66051316023595,2619.7890920127966,196.69427997721752,818.8390706854734,0.0,1743.8822226456964,555.8520842789312,0.0,286.1007708759528,89.40649089873524,555.8520842789312,741.1361123719082,185.28402809297705,818.8390706854734,272.9463568951578,2835.6676502263276,42.53501475339491,40.43616529570324,34.87764445291393,258.50389326848176,923.989593657364,3846.447726190706,2.2737367544323206e-13,0.0,2.2737367544323206e-13,1027.2368832478608,0.0,2340.319070880188,0.0,392.80952505397613,1131.2911397567739,23.802771864323848,0.0,0.0,0.0,3.410605131648481e-13,0.0
2025-12-05 13:00:00+00:00,8,47.0,3332.0630603017357,1022.2789669204527,1754.1372619374802,555.6468314438048,1022.2789669204528,595.9768042094462,426.3021627110066,2619.7890920127966,779.13492792421,243.14403899624267,0.0,1754.1372619374802,555.6468314438048,0.0,1133.2871678897602,354.15223996555005,555.6468314438048,740.862441925073,185.21561048126824,243.14403899624267,81.04801299874755,2078.3293139324705,31.174939708987058,40.63921355318765,35.0827452387496,260.0592507189073,987.3720126653975,8202.863903247984,4.547473508864641e-13,0.0,4.547473508864641e-13,1874.1496098148327,0.0,4116.080562062519,3883.4288302808504,0.0,4815.43521021206,23.797895850141643,0.0,0.0,0.0,0.0,0.0
2025-12-05 14:00:00+00:00,8,47.0,3276.583242998947,1003.3835008289182,1728.8293899771602,544.3703521928687,1003.3835008289182,585.3272192584004,418.0562815705178,2619.7890920127966,767.4326059162454,235.95089491267277,575.2966528445655,1153.5327371325948,544.3703521928687,0.0,1116.2656086054478,348.83300268920243,1119.6670050374341,1492.889340049912,373.222335012478,235.95089491267277,78.65029830422425,1468.1339303494917,22.022008955242374,45.77325784991755,23.070654742651897,255.22800118289877,1146.7995587366152,4423.382801735563,2609.15494865536,2609.15494865536,0.0,0.0,0.0,4107.848400938394,0.0,0.0,4815.43521021206,23.80445561942321,0.0,0.0,0.0,6.821210263296962e-13,0.0
2025-12-05 15:00:00+00:00,8,47.0,3241.7336253367407,996.9408104294674,1710.6864771250396,534.1063377822327,996.9408104294675,579.9137314134516,417.0270790160159,2619.7890920127966,760.4600044868107,236.48080594265673,554.5899868001628,1156.0964903248769,534.1063377822327,0.0,1106.1236428899065,345.6636384030958,1088.6963245823954,1451.5950994431937,362.8987748607984,236.48080594265673,78.82693531421891,1471.4042315817526,22.071063473726287,45.10069278832475,23.121929806497537,253.3575890900349,1131.0406237366965,10029.229947857308,2557.7187423331,2557.7187423331,0.0,0.0,0.0,4099.632704136517,5656.455698783869,0.0,10181.620257810964,23.793834358623418,0.0,0.0,0.0,9.094947017729282e-13,0.0
2025-12-05 16:00:00+00:00,8,47.0,3285.9808779116343,1010.8949739737621,1736.2976093821617,538.7882945557081,1010.8949739737623,587.0224784880804,423.8724954856818,2619.7890920127966,772.724149807673,238.17082416608912,1525.2929073195694,211.0047020625923,538.7882945557081,0.0,1123.9623997202518,351.2382499125787,2064.0812018752777,2752.1082691670367,688.0270672917592,238.17082416608912,79.3902747220297,528.565800950711,7.928487014260665,55.36676420639601,4.220094041251846,256.8074339959799,1442.9783711842558,4728.959249095889,3850.1263285354203,3850.12632853542,4.547473508864641e-13,25.944340351868387,0.0,4116.080562062519,0.0,0.0,10181.620257810964,23.780098522033914,0.0,0.0,0.0,-6.821210263296962e-13,1.1723955140041653e-13
2025-12-05 17:00:00+00:00,8,47.0,3258.13848750876,1003.9828444464348,1721.297388418198,532.8582546441268,1003.9828444464348,582.9477742484089,421.0350701980259,2619.7890920127966,766.4506297349271,237.53221471150766,1721.297388418198,0.0,532.8582546441269,-1.1368683772161603e-13,1114.8372796144395,348.38664987951233,2254.155643062325,3005.540857416433,751.3852143541083,237.53221471150755,79.17740490383585,316.7096196153434,4.750644294230151,56.967504198987214,0.0,254.96600814205402,1495.6334257727278,4753.771913281487,5656.34345459717,5656.34345459717,0.0,0.0,1535.965317566298,2491.0428035001855,0.0,0.0,10181.620257810964,23.777471226146645,0.0,0.0,0.0,-6.821210263296962e-13,0.0
2025-12-05 18:00:00+00:00,8,47.0,3197.7869855633876,986.9938706705445,1689.8266832820168,520.9664316108281,986.9938706705444,572.8317938645243,414.1620768060201,2619.7890920127966,752.7480369318754,234.24583373866915,2.9030646300755663e-12,1689.8266832820138,520.9664316108282,-1.1368683772161603e-13,1094.9062355372732,342.15819860539784,520.9664316108311,694.6219088144414,173.65547720361036,234.24583373866903,78.08194457955635,2002.1544616002393,30.032316924003588,39.00619798174865,33.796533665640276,250.5459194125749,947.2765883725319,0.0,3847.568425382974,5292.86699193041,0.0,0.0,2058.0402810312594,319.70252733396455,0.0,4145.0635739359195,5812.339611199211,23.779088831951242,0.0,0.0,0.0,0.0,0.0
2025-12-05 19:00:00+00:00,8,47.0,3215.358481917195,989.5200066260104,1700.7135239315533,525.1249513596292,989.5200066260104,575.3615274554218,414.1584791705887,2619.7890920127966,756.2116440803071,233.3083625457033,0.0,1700.7135239315533,525.1249513596293,-1.1368683772161603e-13,1099.9442095713557,343.73256549104866,525.1249513596293,700.1666018128391,175.04165045320977,233.30836254570318,77.76945418190105,2011.7913406591574,30.17687010988736,39.26551999222736,34.01427047863107,251.30965388133984,951.3099845882451,0.0,2103.2207775495262,4779.00251824529,0.0,0.0,303.1099661653318,0.0,0.0,4166.66846650544,1420.2854082131462,23.79348051997425,0.0,0.0,0.0,-3.410605131648481e-13,0.0
2025-12-05 20:00:00+00:00,8,47.0,3350.7519629627786,1028.243268334403,1774.002396909682,548.5062977186913,1028.243268334403,598.1686661190842,430.07460221531886,2619.7890920127966,787.4655016823212,240.7777666520817,2.9497125462905786e-12,1774.002396909679,548.5062977186913,0.0,1145.4043660833763,357.93886440105507,548.5062977186942,731.3417302915923,182.83543257289807,240.7777666520817,80.25925555069391,2095.0394191124547,31.425591286686817,40.965110915380585,35.48004793819358,261.2782526123024,990.1825552772104,4066.7704825231026,1876.7460963749686,7987.78941259822,0.0,0.0,0.0,0.0,0.0,274.1640357168868,1131.2911397567739,23.798684433675476,0.0,0.0,0.0,2.2737367544323206e-13,0.0
2025-12-05 21:00:00+00:00,8,47.0,3339.1010558841294,1024.7770324393089,1767.071931992593,547.2520914522296,1024.7770324393089,596.4964433158437,428.2805891234652,2619.7890920127966,784.6290629705479,240.14796946876095,1767.071931992593,0.0,547.2520914522296,0.0,1141.2786370480696,356.6495740775217,2314.3240234448226,3085.765364593097,771.4413411482742,240.14796946876095,80.04932315625365,320.1972926250146,4.802959389375219,58.48467887430009,0.0,260.40030393981266,1531.8281805855374,4870.929236469667,4227.044001641167,7300.99573515421,0.0,0.0,0.0,0.0,0.0,0.0,1131.2911397567739,23.797059613549457,0.0,0.0,0.0,-2.2737367544323206e-13,0.0
2025-12-05 22:00:00+00:00,8,47.0,3279.836809560675,1006.9696571597868,1735.3365462224453,537.5306061784462,1006.9696571597867,585.964648557891,421.0050086018957,2619.7890920127966,770.7094090092601,236.26024815052676,1735.3365462224456,-2.2737367544323206e-13,537.5306061784462,0.0,1121.031867649833,350.3224586405728,2272.867152400892,3030.4895365345224,757.6223841336306,236.26024815052676,78.75341605017559,315.0136642007021,4.7252049630105315,57.43540244845782,-4.547473508864641e-15,255.86666514939833,1504.7255313852456,4784.56234094592,4151.521404184356,6045.7364459129,0.0,0.0,0.0,0.0,0.0,0.0,1131.2911397567739,23.798594120579903,0.0,0.0,0.0,-4.547473508864641e-13,0.0
2025-12-05 23:00:00+00:00,8,47.0,3122.4725653333685,955.9490406916316,1653.9569016920157,512.5666229497236,955.9490406916316,557.1459354393038,398.80310525232784,2619.7890920127966,734.3070550009384,221.64198569069322,1134.2203237196413,519.7365779723743,512.5666229497238,-1.1368683772161603e-13,1068.082989092274,333.77593409133556,1646.786946669365,2195.7159288924868,548.9289822231217,221.6419856906931,73.8806618968977,815.2592255599652,12.228888383399477,49.547007500533965,10.394731559447488,242.968187386293,1271.7243930410289,8277.625788655248,3263.798917984761,3263.79891798476,9.094947017729282e-13,0.0,0.0,0.0,3883.4288302808504,0.0,4815.43521021206,23.810474015869232,0.0,0.0,0.0,1.3642420526593924e-12,0.0
