timestamp_hour_utc,representative_day_id,day_weight,it_load_kw,q_air_kw,q_cp_kw,q_rdhx_kw,s_air_kw,s_air_old_kw,s_air_new_kw,old_ac_capacity_eff_kw,q_air_to_ashp_kw,q_air_to_reject_kw,q_cp_to_wshp_kw,q_cp_to_free_kw,q_rdhx_to_wshp_kw,q_rdhx_to_chiller_kw,q_ashp_out_kw,p_ashp_kw,q_wshp_in_kw,q_wshp_out_kw,p_wshp_kw,q_chiller_evap_kw,p_chiller_kw,q_tower_kw,p_tower_kw,p_pump_kw,p_cdu_free_kw,p_terminal_kw,p_cooling_kw,p_grid_kw,q_heat_kw,q_tes_ch_kw,q_tes_dis_kw,e_tes_kwh,p_bess_ch_kw,p_bess_dis_kw,e_bess_kwh,max_theta_c,hotspot_slack_c,hotspot_penalty_yuan,bess_degradation_cost_yuan,power_balance_residual_kw,heat_balance_residual_kw
2025-01-15 00:00:00+00:00,0,71.0,2808.3800211662774,640.9656174841297,848.4818565766031,1318.9325471055438,640.9656174841296,373.3782633908135,267.5873540933161,2251.957076591531,483.30010961855913,157.66550786557053,848.4818565766031,0.0,1318.9325471055438,0.0,702.9819776269951,219.68186800843597,2167.414403682147,2889.885871576196,722.471467894049,157.66550786557053,52.55516928852351,210.22067715409403,3.1533101573114104,38.643781168353534,0.0,188.2542439446285,1224.759840461302,4033.1398616275787,3592.8678492031913,0.0,0.0,0.0,0.0,0.0,606.201874108056,23.95655388458556,0.0,0.0,0.0,-6.821210263296962e-13,0.0
2025-01-15 01:00:00+00:00,0,71.0,2850.3519168317885,649.0588618273814,862.9256500851473,1338.3674049192573,649.0588618273814,379.73499139127307,269.32387043610834,2251.957076591531,489.01340227085205,160.04545955652935,862.9256500851473,0.0,1338.3674049192573,0.0,711.2922214848758,222.27881921402366,2201.293055004405,2935.0574066725394,733.7643516681349,160.04545955652935,53.34848651884312,213.39394607537247,3.2009091911305867,39.27144355174699,0.0,190.76501190568604,1242.6290220495653,4092.9809388813533,3646.3496281574153,0.0,0.0,0.0,0.0,0.0,606.201874108056,23.955917048578485,0.0,0.0,0.0,-4.547473508864641e-13,0.0
2025-01-15 02:00:00+00:00,0,71.0,2878.6567769324,653.4037764266712,872.1052275329378,1353.1477729727908,653.4037764266711,383.9162477248433,269.4875287018279,2251.957076591531,493.69067692485834,159.7130995018129,872.1052275329378,0.0,1353.1477729727908,0.0,718.0955300725212,224.40485314766286,2225.253000505729,2967.0040006743047,741.7510001685762,159.7130995018129,53.23769983393763,212.95079933575053,3.194261990036258,39.69463455571604,0.0,192.26093944503043,1254.5433891409593,4845.275792828801,3685.099530746826,0.0,0.0,0.0,712.0756267554418,0.0,1281.7361281597953,23.955372728223946,0.0,0.0,0.0,-2.2737367544323206e-13,0.0
2025-01-15 03:00:00+00:00,0,71.0,2848.0398182076824,648.1845732267499,863.8959087212597,1335.9593362596727,648.1845732267499,380.5062875895631,267.6782856371868,2251.957076591531,489.70468786041226,158.4798853663376,863.8959087212597,0.0,1335.9593362596727,0.0,712.2977277969633,222.593039936551,2199.855244980932,2933.1403266412426,733.2850816603107,158.4798853663376,52.82662845544587,211.30651382178348,3.1695977073267523,39.27647062423452,0.0,190.5279470879357,1241.6787654718044,4089.718583679487,3645.4380544382057,0.0,0.0,0.0,0.0,0.0,1281.7361281597953,23.955523710926812,0.0,0.0,0.0,2.2737367544323206e-13,0.0
2025-01-15 04:00:00+00:00,0,71.0,2876.2462463172383,654.8857398722145,872.048803670254,1349.3117027747705,654.8857398722145,384.06299935192067,270.8227405202938,2251.957076591531,494.2289747082481,160.65676516396638,872.048803670254,0.0,1349.3117027747705,0.0,718.8785086665426,224.64953395829457,2221.3605064450244,2961.8140085933655,740.4535021483414,160.65676516396638,53.55225505465546,214.20902021862184,3.2131353032793277,39.654581137855324,0.0,192.46958658894894,1253.992594191375,4130.238840508612,3680.692517259908,0.0,0.0,0.0,0.0,0.0,1281.7361281597953,23.955217087652148,0.0,0.0,0.0,-1.1368683772161603e-12,0.0
2025-01-15 05:00:00+00:00,0,71.0,2860.627209702743,650.8789830110114,867.6962820613154,1342.0519446304154,650.8789830110115,381.79785926017126,269.0811237508402,2251.957076591531,491.40894575002824,159.4700372609832,867.6962820613154,0.0,1342.0519446304154,0.0,714.7766483636775,223.36770261364921,2209.748226691731,2946.330968922308,736.582742230577,159.4700372609832,53.156679086994394,212.62671634797758,3.1894007452196633,39.45140790814362,0.0,191.3261803734606,1247.0741129580445,4107.701322660787,3661.1076172859853,0.0,0.0,0.0,0.0,0.0,1281.7361281597953,23.956687521448924,0.0,0.0,0.0,-6.821210263296962e-13,0.0
2025-01-15 06:00:00+00:00,0,71.0,2891.20752532406,659.2076538255288,878.2339003852335,1353.7659711132978,659.2076538255287,386.36714349509936,272.8405103304294,2251.957076591531,497.7971547368696,161.41049908865926,878.2339003852335,0.0,1353.7659711132978,0.0,724.0685887081739,226.27143397130433,2231.9998714985313,2975.9998286647083,743.9999571661771,161.41049908865926,53.80349969621975,215.213998784879,3.228209981773185,39.88467672268999,0.0,193.60599462209365,1260.7937721602582,4152.001297484318,3700.0684173728823,0.0,0.0,0.0,0.0,0.0,1281.7361281597953,23.95676125679833,0.0,0.0,0.0,-6.821210263296962e-13,0.0
2025-01-15 07:00:00+00:00,0,71.0,2991.1255254053904,675.609025690781,899.1537655379955,1416.3627341766137,675.609025690781,395.42910332546546,280.1799223653156,2251.957076591531,513.6848592215589,161.9241664692221,899.1537655379955,0.0,1416.3627341766137,0.0,747.1779770495402,233.4931178279813,2315.5164997146094,3087.355332952812,771.838833238203,161.9241664692221,53.97472215640736,215.89888862562944,3.2384833293844415,41.138240307906,0.0,199.2375118591755,1302.9209087190577,4294.046434124448,3834.5333100023527,0.0,0.0,0.0,0.0,0.0,1281.7361281597953,23.95619836051637,0.0,0.0,0.0,-2.2737367544323206e-13,0.0
2025-01-15 08:00:00+00:00,0,71.0,2944.9752679612047,663.7816459481237,881.9742047386662,1399.219417274416,663.7816459481237,387.8015694251514,275.9800765229723,2251.957076591531,505.8009165627493,157.9807293853744,881.9742047386662,0.0,1399.219417274416,0.0,735.7104240912718,229.90950752852243,2281.193622013082,3041.5914960174423,760.3978740043606,157.9807293853744,52.66024312845813,210.6409725138325,3.1596145877074875,40.45142031490415,0.0,195.9467807198544,1282.5254402838073,4227.50070824501,3777.301920108714,0.0,0.0,0.0,0.0,0.0,1281.7361281597953,23.956906363408052,0.0,0.0,0.0,-1.8189894035458565e-12,0.0
2025-01-15 09:00:00+00:00,0,71.0,2856.3171736067093,646.0427728187993,853.8556604018385,1356.4187403860712,646.0427728187992,375.4810247839375,270.56174803486175,2251.957076591531,490.1605290343494,155.88224378444994,853.8556604018385,0.0,1356.4187403860712,0.0,712.9607695045082,222.8002404701588,2210.2744007879096,2947.0325343838795,736.7581335959699,155.88224378444994,51.96074792814998,207.8429917125999,3.1176448756889985,39.17985721591587,0.0,190.492358209349,1244.3089822952327,4100.62615590194,3659.993303888388,0.0,0.0,0.0,0.0,0.0,1281.7361281597953,23.957497666170017,0.0,0.0,0.0,-1.5916157281026244e-12,0.0
2025-01-15 10:00:00+00:00,0,71.0,2920.5415446704137,659.43802986559,875.1760113948937,1385.927503409928,659.4380298655899,384.62860311833344,274.8094267472565,2251.957076591531,501.8550962964357,157.5829335691543,875.1760113948937,0.0,1385.927503409928,0.0,729.9710491584519,228.11595286201623,2261.1035148048218,3014.804686406429,753.7011716016073,157.5829335691543,52.527644523051435,210.11057809220574,3.151658671383086,40.1145553759461,0.0,194.51264535029236,1272.1236283842966,3823.885993327369,3744.775735564881,0.0,0.0,0.0,0.0,368.7791797273409,893.008740964132,23.95724232868585,0.0,0.0,0.0,-2.2737367544323206e-13,0.0
2025-01-15 11:00:00+00:00,0,71.0,2884.3580135951543,652.392639751202,864.3936541937793,1367.5717196501728,652.3926397512018,380.10036117273,272.2922785784719,2251.957076591531,497.46660097496385,154.9260387762381,864.3936541937793,0.0,1367.5717196501728,0.0,723.5877832363111,226.1211822613472,2231.965373843952,2975.953831791936,743.988457947984,154.9260387762381,51.6420129254127,206.5680517016508,3.098520775524762,39.60752682231511,0.0,192.31346098305806,1256.771161715642,3429.0535485553546,3699.541615028247,0.0,0.0,0.0,0.0,712.0756267554418,142.41512535108836,23.957270246892627,0.0,0.0,0.0,0.0,0.0
2025-01-15 12:00:00+00:00,0,71.0,2853.4237402053895,644.5521917798792,854.9457293804902,1353.925819045022,644.5521917798792,375.74271118206116,268.80948059781804,2251.957076591531,492.06535799261064,152.48683378726855,854.9457293804902,0.0,1353.925819045022,0.0,715.7314298074336,223.666071814823,2208.871548425512,2945.1620645673493,736.2905161418373,152.48683378726855,50.828944595756184,203.31577838302474,3.049736675745371,39.18763007186493,0.0,190.08746008814552,1243.1103593881724,4096.534099593562,3660.8934943747827,0.0,0.0,0.0,0.0,0.0,142.41512535108836,23.958724329286337,0.0,0.0,0.0,2.2737367544323206e-13,0.0
2025-01-15 13:00:00+00:00,0,71.0,2959.8028347531276,668.8027335703626,886.2560166089254,1404.7440845738402,668.8027335703628,390.30246517121276,278.50026839914995,2251.957076591531,510.9269362271735,157.87579734318916,886.2560166089254,0.0,1404.7440845738402,0.0,743.1664526940706,232.23951646689704,2291.0001011827653,3054.66680157702,763.666700394255,157.87579734318916,52.62526578106306,210.50106312425223,3.1575159468637835,40.635121344006166,0.0,197.24447317081894,1289.568593103904,4249.371427857031,3797.8332542710905,0.0,0.0,0.0,0.0,0.0,142.41512535108836,23.95452147560199,0.0,0.0,0.0,-2.2737367544323206e-13,0.0
2025-01-15 14:00:00+00:00,0,71.0,2688.7827231125098,613.3748624845477,811.2463334343989,1264.161527193563,613.3748624845477,356.3350554304759,257.0398070540719,2251.957076591531,465.7702434757651,147.60461900878266,811.2463334343989,0.0,1264.161527193563,0.0,677.4839905102037,211.71374703443865,2075.407860627962,2767.2104808372824,691.8026202093206,147.60461900878266,49.20153966959422,196.80615867837687,2.952092380175653,36.97900527496759,0.0,180.13391676158932,1172.782921330086,4350.439802668024,3444.694471347486,0.0,0.0,0.0,488.8741582254279,0.0,606.201874108056,23.960896344443956,0.0,0.0,0.0,0.0,0.0
2025-01-15 15:00:00+00:00,0,71.0,2904.154167839462,658.8032347415445,872.825865975174,1372.525067122744,658.8032347415445,384.31265458587194,274.4905801556726,2251.957076591531,503.72134772850984,155.0818870130347,872.825865975174,0.0,1372.525067122744,0.0,732.6855966960144,228.9642489675045,2245.350933097918,2993.8012441305573,748.4503110326393,155.0818870130347,51.69396233767824,206.77584935071295,3.1016377402606943,39.91002665048266,0.0,193.96261176679036,1266.0827984953557,4882.312593090259,3726.4868408265716,0.0,0.0,0.0,712.0756267554418,0.0,1281.7361281597953,23.955639046391845,0.0,0.0,0.0,-6.821210263296962e-13,0.0
2025-01-15 16:00:00+00:00,0,71.0,2899.9406730654787,658.0220230086529,871.6005582902485,1370.3180917665773,658.0220230086529,384.23736253266804,273.7846604759849,2251.957076591531,503.5400724996942,154.48195050895873,871.6005582902485,0.0,1370.3180917665773,0.0,732.4219236359188,228.8818511362246,2241.9186500568258,2989.224866742434,747.3062166856085,154.48195050895873,51.49398350298625,205.975934011945,3.089639010179175,39.851197666373224,0.0,193.72377938089477,1264.3466673822666,4164.287340447745,3721.646790378353,0.0,0.0,0.0,0.0,0.0,1281.7361281597953,23.954065632456484,0.0,0.0,0.0,-2.2737367544323206e-13,0.0
2025-01-15 17:00:00+00:00,0,71.0,2892.0617509044387,656.0850744614422,870.1885816825038,1365.7880947604906,656.0850744614422,383.7686045962069,272.31646986523526,2251.957076591531,501.4672944638114,154.6177799976308,870.1885816825038,0.0,1365.7880947604906,0.0,729.4069737655439,227.93967930173244,2235.976676442994,2981.3022352573253,745.3255588143313,154.6177799976308,51.539259999210266,206.15703999684106,3.092355599952616,39.763538398080016,0.0,193.1616512047892,1260.822043318096,4152.883794222535,3710.709209022869,0.0,0.0,0.0,0.0,0.0,1281.7361281597953,23.953769497093635,0.0,0.0,0.0,0.0,0.0
2025-01-15 18:00:00+00:00,0,71.0,2844.1633228233004,643.6678532073994,855.2375846015879,1345.2578850143138,643.6678532073995,377.1260238106048,266.54182939679464,2251.957076591531,491.76537642580485,151.90247678159454,0.0,855.2375846015879,1345.2578850143138,0.0,715.2950929829889,223.529716557184,1345.2578850143138,1793.677180019085,448.41929500477124,151.90247678159454,50.63415892719818,1057.7742203103805,15.866613304655708,30.557330542174896,17.10475169203176,189.68800779562272,975.7998738236386,3819.963196646939,2324.9822635508103,183.99000945126357,0.0,174.79050897870042,0.0,0.0,1281.7361281597953,23.954896830996613,0.0,0.0,0.0,2.2737367544323206e-13,5.684341886080802e-14
2025-01-15 19:00:00+00:00,0,71.0,2852.84069226675,644.7104836046141,857.2105822240834,1350.9196264380523,644.7104836046141,379.3345400114636,265.37594359315045,2251.957076591531,492.9590138849034,151.75146971971066,0.0,857.2105822240834,1350.9196264380523,0.0,717.0312929234959,224.07227903859246,1350.9196264380523,1801.2261685840697,450.3065421460174,151.75146971971066,50.58382323990355,1059.5458751836977,15.893188127755465,30.653407908862192,17.14421164448167,190.1475043511486,978.8009564567612,3462.862468996171,1927.973702154761,590.2837593528045,0.0,735.2104993459074,0.0,368.7791797273409,893.008740964132,23.950474392242707,0.0,0.0,0.0,6.821210263296962e-13,0.0
2025-01-15 20:00:00+00:00,0,71.0,2910.839210415089,658.5686966898672,875.4247510250988,1376.8457627001235,658.5686966898672,387.82287786767927,270.7458188221879,2251.957076591531,501.57135781379054,156.9973388760767,0.0,875.4247510250988,1376.8457627001235,0.0,729.5583386382408,227.98698082445023,1376.8457627001235,1835.7943502668313,458.94858756670783,156.9973388760767,52.332446292025566,1084.7545361932011,16.271318042898017,31.276952647503208,17.508495020501975,194.1592306947635,998.4840110888504,3197.2475947484963,3262.405763334927,0.0,697.0530744298549,0.0,0.0,712.0756267554418,142.41512535108836,23.94762158872796,0.0,0.0,0.0,-1.3642420526593924e-12,0.0
2025-01-15 21:00:00+00:00,0,71.0,2858.059779910936,646.0945482420346,863.8678799940428,1348.0973516748575,646.0945482420346,382.4957477749815,263.59880046705314,2251.957076591531,488.58352938091326,157.51101886112139,863.8678799940428,0.0,1348.0973516748575,0.0,710.6669518267829,222.08342244586964,2211.9652316689003,2949.2869755585334,737.3217438896334,157.51101886112139,52.50367295370713,210.01469181482852,3.1502203772224275,39.39700991656986,0.0,190.47776789726043,1244.933837480263,4102.993617391198,3659.953927385316,0.0,0.0,0.0,0.0,0.0,142.41512535108836,23.948914070644253,0.0,0.0,0.0,-6.821210263296962e-13,0.0
2025-01-15 22:00:00+00:00,0,71.0,2908.4096275591255,656.8933813358921,879.4994959352142,1372.0167502880188,656.8933813358921,389.11179596854396,267.7815853673481,2251.957076591531,496.34543509627855,160.5479462396135,879.4994959352142,0.0,1372.0167502880188,0.0,721.9569965036779,225.61156140739934,2251.516246223233,3002.021661630977,750.5054154077443,160.5479462396135,53.51598207987117,214.0639283194847,3.21095892479227,40.105152380936616,0.0,193.71536678754217,1266.664436988286,4175.074064547411,3723.9786581346552,0.0,0.0,0.0,0.0,0.0,142.41512535108836,23.949291607716436,0.0,0.0,0.0,-9.094947017729282e-13,0.0
2025-01-15 23:00:00+00:00,0,71.0,2895.535406614037,654.8552886349805,877.1049919459082,1363.57512603315,654.8552886349805,387.9012921456731,266.9539964893075,2251.957076591531,494.7795524278543,160.07573620712623,877.1049919459082,0.0,1363.57512603315,0.0,719.6793489859699,224.89979655811558,2240.680117979058,2987.5734906387443,746.8933726596861,160.07573620712623,53.35857873570874,213.43431494283496,3.201514724142524,39.94890101870875,0.0,192.99804953798005,1261.3002132343418,4645.709778073806,3707.2528396247144,0.0,0.0,0.0,488.8741582254279,0.0,606.201874108056,23.95041269414134,0.0,0.0,0.0,-9.094947017729282e-13,0.0
2025-03-21 00:00:00+00:00,1,14.0,4576.190816440603,1039.0105425798747,1386.1019270414304,2151.0783468192967,1039.0105425798747,609.0597755619742,429.95076701790043,2251.957076591531,787.4803796725807,251.53016290729397,1386.1019270414304,0.0,2151.0783468192967,0.0,1145.426006796481,357.9456271239003,3537.180273860727,4716.240365147636,1179.060091286909,251.53016290729397,83.84338763576466,335.3735505430586,5.030603258145879,63.09384127943588,0.0,305.62860498124996,1994.6021555654058,6570.792972006007,5861.666371944117,0.0,0.0,0.0,0.0,0.0,142.41512535108836,23.93162548853867,0.0,0.0,0.0,-1.5916157281026244e-12,0.0
2025-03-21 01:00:00+00:00,1,14.0,3752.032514841168,852.7900691474205,1137.2359093172806,1762.0065363764666,852.7900691474205,499.8856119552568,352.90445719216365,2251.957076591531,646.1000506945546,206.69001845286584,1137.2359093172806,0.0,1762.0065363764666,0.0,939.7818919193522,293.68184122479755,2899.242445693747,3865.6565942583293,966.4141485645823,206.69001845286584,68.89667281762195,275.5866912704878,4.133800369057317,51.73714264328308,0.0,250.75042593826956,1635.6140315576117,6099.7221731542195,4805.438486177682,0.0,0.0,0.0,712.0756267554418,0.0,817.9493794028276,23.943260511780394,0.0,0.0,0.0,-2.0463630789890885e-12,0.0
2025-03-21 02:00:00+00:00,1,14.0,4490.833738574025,1018.6925858069262,1359.287340350627,2112.853812416469,1018.6925858069262,597.0735073312663,421.61907847565993,2251.957076591531,772.753579846244,245.93900596068227,1359.287340350627,0.0,2112.853812416469,0.0,1124.0052070490822,351.25162720283816,3472.1411527670957,4629.521537022794,1157.3803842556986,245.93900596068227,81.97966865356075,327.918674614243,4.918780119213645,61.9071583346835,0.0,299.76419025339544,1957.2018088193904,6448.035547393416,5753.526744071876,0.0,0.0,0.0,0.0,0.0,817.9493794028276,23.9338920980882,0.0,0.0,0.0,4.547473508864641e-13,0.0
2025-03-21 03:00:00+00:00,1,14.0,3516.3896015150417,797.6769605276417,1062.1223766749038,1656.5902643124953,797.6769605276418,466.74768522752095,330.92927530012076,2251.957076591531,605.6149579899075,192.0620025377342,1062.1223766749038,0.0,1656.5902643124953,0.0,880.8944843489563,275.2795263590488,2718.712640987399,3624.9501879831987,906.2375469957997,192.0620025377342,64.02066751257807,256.0826700503123,3.841240050754684,48.42957394337206,0.0,234.76279923170202,1532.5713540932554,5537.835113833725,4505.844672332155,0.0,0.0,0.0,488.8741582254279,0.0,1281.7361281597953,23.947581233229133,0.0,0.0,0.0,-2.2737367544323206e-13,0.0
2025-03-21 04:00:00+00:00,1,14.0,3028.9048086142343,685.6362186983972,913.2049497787943,1430.0636401370448,685.6362186983972,401.39905725913167,284.2371614392656,2251.957076591531,521.3297861945804,164.30643250381684,913.2049497787943,0.0,1430.0636401370448,0.0,758.2978708284805,236.96808463390016,2343.268589915839,3124.3581198877855,781.0895299719464,164.30643250381684,54.76881083460561,219.07524333842244,3.2861286500763365,41.69678489473428,0.0,201.96905152575653,1319.778390511019,4348.683199125253,3882.655990716266,0.0,0.0,0.0,0.0,0.0,1281.7361281597953,23.95453528067711,0.0,0.0,0.0,-4.547473508864641e-13,0.0
2025-03-21 05:00:00+00:00,1,14.0,4635.98210501564,1048.3493681556772,1397.529802175088,2190.1029346848763,1048.3493681556772,613.973097381684,434.37627077399316,2251.957076591531,797.670517620433,250.67885053524424,1397.529802175088,0.0,2190.1029346848763,0.0,1160.2480256297208,362.5775080092877,3587.632736859964,4783.510315813285,1195.8775789533213,250.67885053524424,83.55961684508141,334.23846738032563,5.013577010704885,63.8269234121014,0.0,308.9253729399531,2019.7805771704498,6655.762682186089,5943.758341443006,0.0,0.0,0.0,0.0,0.0,1281.7361281597953,23.93188562726557,0.0,0.0,0.0,-9.094947017729282e-13,0.0
2025-03-21 06:00:00+00:00,1,14.0,3635.065831251845,822.7690110376394,1095.8366671158685,1716.4601530983389,822.7690110376395,481.55648019642797,341.2125308412115,2251.957076591531,625.7369228284391,197.0320882092003,1095.8366671158685,0.0,1716.4601530983389,0.0,910.162796841366,284.42587401292684,2812.2968202142074,3749.729093618943,937.4322734047357,197.0320882092003,65.6773627364001,262.7094509456004,3.9406417641840057,50.03970154445945,0.0,242.3726873316636,1583.8885407943696,5218.954372046215,4659.891890460309,0.0,0.0,0.0,0.0,0.0,1281.7361281597953,23.945928385700196,0.0,0.0,0.0,6.821210263296962e-13,0.0
2025-03-21 07:00:00+00:00,1,14.0,2470.475698291082,559.8057298088565,745.1566001500407,1165.513368332185,559.8057298088565,327.8759679562417,231.92976185261486,2251.957076591531,425.5069787271593,134.29875108169722,745.1566001500407,0.0,1165.513368332185,0.0,618.919241784959,193.4122630577997,1910.6699684822258,2547.559957976301,636.8899894940753,134.29875108169722,44.76625036056574,179.06500144226297,2.6859750216339444,34.00983168782307,0.0,164.84539273765714,1076.6097023595548,3547.0854006506365,3166.47919976126,0.0,0.0,0.0,0.0,0.0,1281.7361281597953,23.961476005815967,0.0,0.0,0.0,-4.547473508864641e-13,0.0
2025-03-21 08:00:00+00:00,1,14.0,2446.126005063638,555.2220413845135,737.9273305409715,1152.9766331381527,555.2220413845135,324.4272012049636,230.79484017954996,2251.957076591531,421.2643853490111,133.95765603550245,737.9273305409715,0.0,1152.9766331381527,0.0,612.7481968712889,191.48381152227776,1890.9039636791242,2521.205284905499,630.3013212263747,133.95765603550245,44.65255201183415,178.6102080473366,2.679153120710049,33.66758624761067,0.0,163.3869913167444,1066.1714154455517,3512.297420509189,3133.953481776788,0.0,0.0,0.0,0.0,0.0,1281.7361281597953,23.962662269424456,0.0,0.0,0.0,-4.547473508864641e-13,0.0
2025-03-21 09:00:00+00:00,1,14.0,2455.700848684079,556.8899482569486,741.622295766443,1157.188604660687,556.8899482569486,326.04222867764827,230.8477195793004,2251.957076591531,421.56361682814065,135.32633142880798,741.622295766443,0.0,1157.188604660687,0.0,613.1834426591137,191.619825830973,1898.81090042713,2531.747867236173,632.9369668090433,135.32633142880798,45.10877714293599,180.43510857174397,2.7065266285761593,33.82055491960016,0.0,163.9226030284416,1070.1152543595701,3525.8161030436486,3144.9313098952866,0.0,0.0,0.0,0.0,0.0,1281.7361281597953,23.962321835299157,0.0,0.0,0.0,-6.821210263296962e-13,0.0
2025-03-21 10:00:00+00:00,1,14.0,2562.0348076078476,576.8787541359354,768.2333436115924,1216.9227098603185,576.8787541359354,338.12577005174734,238.75298408418814,2251.957076591531,437.66103464253905,139.21771949339637,768.2333436115924,0.0,1216.9227098603185,0.0,636.5978685709659,198.93683392842684,1985.156053471911,2646.874737962548,661.718684490637,139.21771949339637,46.40590649779879,185.62362599119515,2.7843543898679273,35.216227406950956,0.0,170.3596834807512,1115.4216901944326,3308.677318074939,3283.472606533514,0.0,0.0,0.0,0.0,368.7791797273409,893.008740964132,23.96029767770078,0.0,0.0,0.0,-2.2737367544323206e-13,0.0
2025-03-21 11:00:00+00:00,1,14.0,2488.264137829577,562.1153997807951,748.4212860623458,1177.727451986436,562.1153997807951,329.45472415449944,232.6606756262956,2251.957076591531,426.8381257428241,135.27727403797098,748.4212860623458,0.0,1177.727451986436,0.0,620.855455625926,194.01732988310187,1926.148738048782,2568.198317398376,642.049579349594,135.27727403797098,45.09242467932366,180.36969871729465,2.7055454807594197,34.22991310173474,0.0,165.7582434026657,1083.8530358971793,2860.0415469713134,3189.053773024302,0.0,0.0,0.0,0.0,712.0756267554418,142.41512535108836,23.960675033109297,0.0,0.0,0.0,-1.3642420526593924e-12,0.0
2025-03-21 12:00:00+00:00,1,14.0,2638.836141428213,596.6579308559205,799.0137645252303,1243.1644460470604,596.6579308559205,351.5170713220318,245.1408595338887,2251.957076591531,452.9247722923631,143.73315856355742,799.0137645252303,0.0,1243.1644460470604,0.0,658.7996687888918,205.8748964965287,2042.1782105722907,2722.904280763054,680.7260701907635,143.73315856355742,47.91105285451914,191.64421141807657,2.8746631712711483,36.40205739622751,0.0,175.7630023598007,1149.5517424691106,3788.387883897324,3381.7039495519457,0.0,0.0,0.0,0.0,0.0,142.41512535108836,23.958786307658695,0.0,0.0,0.0,4.547473508864641e-13,0.0
2025-03-21 13:00:00+00:00,1,14.0,2567.667681468264,580.7809718754157,773.6860393569259,1213.200670235923,580.7809718754157,340.8730804270779,239.9078914483378,2251.957076591531,439.80134060911274,140.979631266303,773.6860393569259,0.0,1213.200670235923,0.0,639.7110408859822,199.90970027686944,1986.886709592849,2649.1822794571317,662.2955698642829,140.979631266303,46.993210422100994,187.97284168840397,2.8195926253260595,35.34258788306701,0.0,171.16421559700578,1118.5248766686523,4175.066716362344,3288.893320343114,0.0,0.0,0.0,488.8741582254279,0.0,606.201874108056,23.958649290987037,0.0,0.0,0.0,-4.547473508864641e-13,0.0
2025-03-21 14:00:00+00:00,1,14.0,2514.518970629087,570.3423181555105,759.1077427558165,1185.06890971776,570.3423181555105,334.35983433722635,235.98248381828418,2251.957076591531,431.3790642618578,138.96325389365268,759.1077427558165,0.0,1185.06890971776,0.0,627.4604571081569,196.08139284629902,1944.1766524735767,2592.2355366314355,648.0588841578589,138.96325389365268,46.32108463121756,185.28433852487024,2.7792650778730534,34.6239213798521,0.0,167.89881132030015,1095.7633594134006,3610.2823300424884,3219.6959937395923,0.0,0.0,0.0,0.0,0.0,606.201874108056,23.959422635790595,0.0,0.0,0.0,6.821210263296962e-13,0.0
2025-03-21 15:00:00+00:00,1,14.0,2476.830108709238,561.4698980320387,746.6138485153556,1168.746362161846,561.4698980320387,328.77405605758344,232.69584197445528,2251.957076591531,424.66843405004715,136.80146398199156,746.6138485153556,0.0,1168.746362161846,0.0,617.6995404364322,193.03110638638506,1915.3602106772016,2553.8136142362687,638.4534035590672,136.80146398199156,45.600487993997184,182.40195197598874,2.736029279639831,34.08587907707913,0.0,165.34293360530012,1079.2498399014685,4268.155575366148,3171.5131546727007,0.0,0.0,0.0,712.0756267554418,0.0,1281.7361281597953,23.960645078372384,0.0,0.0,0.0,-6.821210263296962e-13,0.0
2025-03-21 16:00:00+00:00,1,14.0,2427.784647119749,549.0267086937089,731.4623448504004,1147.2955935756404,549.0267086937089,322.10443381392633,226.92227487978258,2251.957076591531,416.9308013138518,132.09590737985707,731.4623448504004,0.0,1147.2955935756404,0.0,606.4448019110572,189.51400059720535,1878.7579384260407,2505.010584568054,626.2526461420135,132.09590737985707,44.031969126619025,176.1278765064761,2.641918147597141,33.41682628126841,0.0,161.81893521649994,1057.6762955112033,3485.460942630953,3111.4553864791114,0.0,0.0,0.0,0.0,0.0,1281.7361281597953,23.961677157023132,0.0,0.0,0.0,6.821210263296962e-13,0.0
2025-03-21 17:00:00+00:00,1,14.0,2607.7242161239196,587.5603663126184,783.0748829268232,1237.0889668844786,587.5603663126184,345.2615563057889,242.2988100068295,2251.957076591531,448.0477195854146,139.5126467272038,783.0748829268232,0.0,1237.0889668844786,0.0,651.7057739424213,203.65805435700665,2020.1638498113018,2693.551799748402,673.3879499371005,139.5126467272038,46.5042155757346,186.0168623029384,2.7902529345440756,35.86313615664948,0.0,173.4558017291204,1135.6594106901557,3743.3836268140753,3345.2575736908234,0.0,0.0,0.0,0.0,0.0,1281.7361281597953,23.9576205967553,0.0,0.0,0.0,0.0,0.0
2025-03-21 18:00:00+00:00,1,14.0,3405.2650082195255,768.4075097762106,1023.4644353271507,1613.3930631161634,768.4075097762106,451.7713075361011,316.6362022401095,2251.957076591531,584.3926146462527,184.01489512995795,1023.4644353271507,0.0,1613.3930631161634,0.0,850.0256213036403,265.63300665738757,2636.857498443314,3515.8099979244184,878.9524994811046,184.01489512995795,61.33829837665265,245.3531935066106,3.680297902599159,46.83786369097615,0.0,226.73476604039575,1483.1767321491157,4176.366113613199,4365.835619228059,0.0,0.0,0.0,0.0,712.0756267554418,531.1425125467516,23.943174961332232,0.0,0.0,0.0,-9.094947017729282e-13,0.0
2025-03-21 19:00:00+00:00,1,14.0,3403.97539606335,770.6424280936435,1024.12688198771,1609.2060859819976,770.6424280936435,452.46735539161415,318.17507270202935,2251.957076591531,583.7566994607909,186.88572863285265,1024.12688198771,0.0,1609.2060859819976,0.0,849.1006537611504,265.3439543003595,2633.3329679697076,3511.11062395961,877.7776559899025,186.88572863285265,62.29524287761755,249.1809715104702,3.737714572657053,46.81586731945128,0.0,227.1143572097601,1483.0847922697478,4518.281008605755,4360.21127772076,0.0,0.0,0.0,0.0,368.7791797273409,142.41512535108836,23.941214633124545,0.0,0.0,0.0,-1.5916157281026244e-12,0.0
2025-03-21 20:00:00+00:00,1,14.0,2965.7143758801526,674.4259817185437,896.8429362141071,1394.4454579475016,674.4259817185437,396.97612786251995,277.4498538560237,2251.957076591531,509.69873466379966,164.727247054744,896.8429362141071,0.0,1394.4454579475016,0.0,741.3799776927996,231.68124302899986,2291.2883941616087,3055.0511922154783,763.7627980538696,164.727247054744,54.90908235158133,219.63632940632533,3.29454494109488,40.84974266589823,0.0,198.39380950393448,1292.8912205453785,4258.60559642553,3796.4311699082778,0.0,0.0,0.0,0.0,0.0,142.41512535108836,23.946312324876498,0.0,0.0,0.0,-9.094947017729282e-13,0.0
2025-03-21 21:00:00+00:00,1,14.0,4367.399333036642,995.9898726536013,1321.2332341477195,2050.1762262353222,995.9898726536013,584.2404602956755,411.74941235792585,2251.957076591531,751.9084857585789,244.08138689502243,1321.2332341477195,0.0,2050.1762262353222,0.0,1093.6850701942965,341.7765844357176,3371.4094603830417,4495.212613844055,1123.8031534610138,244.08138689502243,81.3604622983408,325.4418491933632,4.881627737900448,60.138759286784804,0.0,292.6452149920315,1904.6058022117888,6272.005135248431,5588.897684038352,0.0,0.0,0.0,0.0,0.0,142.41512535108836,23.922311118045954,0.0,0.0,0.0,-2.2737367544323206e-13,0.0
2025-03-21 22:00:00+00:00,1,14.0,4044.7511990677795,920.984580864451,1222.653419725886,1901.1131984774436,920.9845808644511,540.1722102253166,380.8123706391345,2251.957076591531,694.7717867366146,226.21279412783645,1222.653419725886,0.0,1901.1131984774436,0.0,1010.5771443441666,315.8053576075521,3123.7666182033295,4165.022157604439,1041.2555394011097,226.21279412783645,75.40426470927882,301.6170588371153,4.524255882556729,55.69073457655101,0.0,270.7569848152772,1763.4371369923256,5808.188336060102,5175.599301948605,0.0,0.0,0.0,0.0,0.0,142.41512535108836,23.929390062250175,0.0,0.0,0.0,-2.7284841053187847e-12,0.0
2025-03-21 23:00:00+00:00,1,14.0,3180.2473885094764,721.1420521491755,958.432548736041,1500.672787624258,721.1420521491755,424.5162738179071,296.62577833126835,2251.957076591531,546.4678565945105,174.67419555466495,958.432548736041,0.0,1500.672787624258,0.0,794.8623368647426,248.39448027023204,2459.105336360299,3278.8071151470654,819.7017787867663,174.67419555466495,58.224731851554985,232.89892740621994,3.493483911093299,43.759704338323814,0.0,212.4030646564438,1385.9772438144144,4566.22463232389,4073.669452011808,0.0,0.0,0.0,0.0,0.0,142.41512535108836,23.94130148098258,0.0,0.0,0.0,-1.1368683772161603e-12,0.0
2025-03-23 00:00:00+00:00,2,1.0,3047.0827957348697,689.6463646821411,919.192859140622,1438.243571912106,689.646364682141,405.70067294278465,283.9456917393564,2251.957076591531,523.4653255421188,166.18103914002234,919.192859140622,0.0,1438.243571912106,0.0,761.4041098794455,237.93878433732672,2357.436431052728,3143.2485747369706,785.8121436842426,166.18103914002234,55.39367971334078,221.57471885336312,3.3236207828004467,41.95822149333972,0.0,203.21057234273934,1327.6370223537897,4374.719818088659,3904.652684616416,0.0,0.0,0.0,0.0,0.0,142.41512535108836,23.949235264022327,0.0,0.0,0.0,-4.547473508864641e-13,0.0
2025-03-23 01:00:00+00:00,2,1.0,3689.539622469024,836.7526328078255,1112.345597903459,1740.4413917577385,836.7526328078254,490.36259326182267,346.3900395460028,2251.957076591531,634.861003604819,201.89162920300657,1112.345597903459,0.0,1740.4413917577385,0.0,923.4341870615549,288.5731834567359,2852.7869896611974,3803.7159862149297,950.9289965537324,201.89162920300657,67.29720973433552,269.1888389373421,4.037832584060132,50.77478185468115,0.0,246.36201613701056,1607.9740203205556,6009.589269545021,4727.150173276485,0.0,0.0,0.0,712.0756267554418,0.0,817.9493794028276,23.940249242773877,0.0,0.0,0.0,-2.2737367544323206e-13,0.0
2025-03-23 02:00:00+00:00,2,1.0,4766.883972927061,1080.6536140605228,1437.7956148063204,2248.4347440602223,1080.6536140605228,634.1175909171806,446.5360231433422,2251.957076591531,820.3063904270484,260.3472236334744,1437.7956148063204,0.0,2248.4347440602223,0.0,1193.1729315302523,372.8665411032038,3686.2303588665427,4914.973811822057,1228.7434529555142,260.3472236334744,86.78240787782481,347.12963151129924,5.2069444726694885,65.61821588479184,0.0,318.2095996090687,2077.427161903073,6844.3111348301345,6108.1467433523085,0.0,0.0,0.0,0.0,0.0,817.9493794028276,23.921471404371246,0.0,0.0,0.0,4.547473508864641e-13,0.0
2025-03-23 03:00:00+00:00,2,1.0,5065.620620082867,1148.889864174498,1527.0567787528298,2389.6739771555376,1148.889864174498,672.9749377990261,475.9149263754718,2251.957076591531,871.5933156009281,277.2965485735698,1527.0567787528298,0.0,2389.6739771555376,0.0,1267.7720954195318,396.17877981860363,3916.7307559083674,5222.30767454449,1305.5769186361224,277.2965485735698,92.4321828578566,369.7287314314264,5.545930971471396,69.70844313414027,0.0,338.25770845164345,2207.6999638698376,7762.194742178132,6490.079769964022,0.0,0.0,0.0,488.8741582254279,0.0,1281.7361281597953,23.918660887194644,0.0,0.0,0.0,-4.547473508864641e-13,0.0
2025-03-23 04:00:00+00:00,2,1.0,4612.233252327111,1045.4044046394263,1391.2184912038267,2175.610356483859,1045.4044046394263,613.2455867112345,432.1588179281918,2251.957076591531,793.8333867630344,251.57101787639192,1391.2184912038267,0.0,2175.610356483859,0.0,1154.6667443825954,360.83335761956107,3566.828847687686,4755.771796916914,1188.9429492292286,251.57101787639192,83.8570059587973,335.4280238351892,5.031420357527838,63.492658300953394,0.0,307.8520408976092,2010.0094323636772,6622.242684690788,5910.43854129951,0.0,0.0,0.0,0.0,0.0,1281.7361281597953,23.92574868912928,0.0,0.0,0.0,4.547473508864641e-13,0.0
2025-03-23 05:00:00+00:00,2,1.0,4918.4003314097545,1115.4949717393258,1482.9821798336573,2319.92317983677,1115.4949717393258,653.4130537895413,462.08191794978444,2251.957076591531,846.5756731626409,268.9192985766849,1482.9821798336573,0.0,2319.92317983677,0.0,1231.3827973274776,384.80712416483675,3802.905359670427,5070.540479560569,1267.6351198901423,268.9192985766849,89.63976619222831,358.55906476891323,5.378385971533699,67.68869719337742,0.0,328.4164512867436,2143.565544698862,7061.965876108616,6301.9232768880465,0.0,0.0,0.0,0.0,0.0,1281.7361281597953,23.921731407240586,0.0,0.0,0.0,-9.094947017729282e-13,0.0
2025-03-23 06:00:00+00:00,2,1.0,4640.041575661417,1051.6462673821018,1399.5397084053259,2188.855599873987,1051.6462673821018,616.9479545545391,434.6983128275627,2251.957076591531,798.8296643521212,252.81660302998057,1399.5397084053259,0.0,2188.855599873987,0.0,1161.934057239449,363.1043928873278,3588.395308279313,4784.52707770575,1196.1317694264376,252.81660302998057,84.27220100999352,337.0888040399741,5.056332060599611,63.87474725089965,0.0,309.69530707470574,2022.1347497099637,6662.176325371382,5946.461134945199,0.0,0.0,0.0,0.0,0.0,1281.7361281597953,23.925328503807222,0.0,0.0,0.0,1.3642420526593924e-12,0.0
2025-03-23 07:00:00+00:00,2,1.0,4423.780537253034,1003.9706528511324,1335.515042104112,2084.2948422977925,1003.9706528511324,588.9917394948455,414.9789133562868,2251.957076591531,761.7128762312647,242.25777661986774,1335.515042104112,0.0,2084.2948422977925,0.0,1107.9460017909305,346.2331255596658,3419.809884401904,4559.746512535872,1139.936628133968,242.25777661986774,80.75259220662258,323.0103688264903,4.845155532397355,60.908399686101276,0.0,295.5026202736119,1928.178521392367,6351.9590586454015,5667.692514326803,0.0,0.0,0.0,0.0,0.0,1281.7361281597953,23.927782849304062,0.0,0.0,0.0,6.821210263296962e-13,0.0
2025-03-23 08:00:00+00:00,2,1.0,2525.460535255602,573.3985791859235,761.4672161583728,1190.5947399113056,573.3985791859235,336.2790970515966,237.1194821343269,2251.957076591531,435.71876886501406,137.67981032090944,761.4672161583728,0.0,1190.5947399113056,0.0,633.7727547127478,198.05398584773366,1952.0619560696784,2602.749274759571,650.6873186898928,137.67981032090944,45.893270106969815,183.57308042787926,2.7535962064181887,34.74996388386424,0.0,168.77077582769567,1100.9089105625742,3626.369445818176,3236.522029472319,0.0,0.0,0.0,0.0,0.0,1281.7361281597953,23.957605516592015,0.0,0.0,0.0,-2.2737367544323206e-13,0.0
2025-03-23 09:00:00+00:00,2,1.0,4083.5344389885936,929.9041153459789,1231.3489380646301,1922.2813855779832,929.9041153459789,542.9831661382168,386.920949207762,2251.957076591531,704.7925528383702,225.1115625076087,1231.3489380646301,0.0,1922.2813855779832,0.0,1025.1528041285385,320.36025129016826,3153.6303236426133,4204.840431523484,1051.210107880871,225.1115625076087,75.03718750253624,300.14875001014497,4.502231250152175,56.16328199771874,0.0,273.3782876706608,1780.651347592107,5864.1857865807015,5229.993235652022,0.0,0.0,0.0,0.0,0.0,1281.7361281597953,23.93320758702346,0.0,0.0,0.0,9.094947017729282e-13,0.0
2025-03-23 10:00:00+00:00,2,1.0,2599.533019262855,593.929879957946,785.6003866232279,1220.0027526816825,593.929879957946,347.53608032970124,246.39379962824478,2251.957076591531,450.16677427467835,143.76310568326767,785.6003866232279,0.0,1220.0027526816825,0.0,654.7880353086231,204.6212610339447,2005.6031393049104,2674.1375190732138,668.5343797683034,143.76310568326767,47.92103522775589,191.68414091102355,2.875262113665353,35.76803912551366,0.0,174.39793120882777,1134.1179084780108,3364.871748013524,3328.9255543818367,0.0,0.0,0.0,0.0,368.7791797273409,893.008740964132,23.95333547306191,0.0,0.0,0.0,-6.821210263296962e-13,0.0
2025-03-23 11:00:00+00:00,2,1.0,2678.3055703265177,610.0392492178054,809.8540302844077,1258.4122908243046,610.0392492178054,357.48965328122057,252.5495959365848,2251.957076591531,461.8361734588073,148.20307575899807,809.8540302844077,0.0,1258.4122908243046,0.0,671.7617068491743,209.92553339036695,2068.2663211087124,2757.6884281449497,689.4221070362374,148.20307575899807,49.401025252999354,197.60410101199741,2.964061515179961,36.879743816775274,0.0,179.30929840859824,1167.9017694201573,3134.1317129912336,3429.450134994124,0.0,0.0,0.0,0.0,712.0756267554418,142.41512535108836,23.954631515493734,0.0,0.0,0.0,6.821210263296962e-13,0.0
2025-03-23 12:00:00+00:00,2,1.0,3707.387082912041,845.1718256057835,1119.7495183592637,1742.4657389469928,845.1718256057835,493.53659177351796,351.63523383226556,2251.957076591531,641.4037176746181,203.76810793116545,1119.7495183592637,0.0,1742.4657389469928,0.0,932.9508620721717,291.54714439755367,2862.2152573062567,3816.2870097416753,954.0717524354188,203.76810793116545,67.92270264372182,271.6908105748873,4.075362158623309,51.01714294024784,0.0,248.3319935592588,1616.9660981348243,5324.353181046866,4749.237871813847,0.0,0.0,0.0,0.0,0.0,142.41512535108836,23.939816299940844,0.0,0.0,0.0,4.547473508864641e-13,0.0
2025-03-23 13:00:00+00:00,2,1.0,4774.338456629509,1087.0383248678042,1442.1603773130892,2245.1397544486126,1087.038324867804,635.4824196578262,451.55590520997794,2251.957076591531,825.2217101439325,261.8166147238718,1442.1603773130892,0.0,2245.1397544486126,0.0,1200.3224874820837,375.10077733815115,3687.300131761702,4916.400175682269,1229.1000439205673,261.8166147238718,87.27220490795726,349.08881963182904,5.236332294477435,65.7162088638788,0.0,319.53420752960557,2081.9597748546375,7345.1723897095735,6116.7226631643525,0.0,0.0,0.0,488.8741582254279,0.0,606.201874108056,23.923028529613056,0.0,0.0,0.0,-9.094947017729282e-13,0.0
2025-03-23 14:00:00+00:00,2,1.0,2979.168721184503,675.6222899616947,902.1917830003272,1401.3546482224829,675.6222899616947,398.1314417385886,277.4908482231061,2251.957076591531,514.8897819368153,160.7325080248794,902.1917830003272,0.0,1401.3546482224829,0.0,748.930591908095,234.04080997127969,2303.54643122281,3071.3952416304132,767.8488104076033,160.7325080248794,53.577502674959796,214.31001069983918,3.2146501604975874,41.079299972234644,0.0,198.8774283438189,1298.638501530394,4277.807222714897,3820.325833538508,0.0,0.0,0.0,0.0,0.0,606.201874108056,23.951032613216693,0.0,0.0,0.0,0.0,0.0
2025-03-23 15:00:00+00:00,2,1.0,2661.2908495157944,600.5649040581538,806.2512680288872,1254.4746774287507,600.5649040581538,354.73859316828043,245.82631088987338,2251.957076591531,457.6549067708243,142.90999728732953,806.2512680288872,0.0,1254.4746774287507,0.0,665.6798643939263,208.02495762310195,2060.725945457638,2747.634593943517,686.9086484858792,142.90999728732953,47.63666576244318,190.54666304977272,2.8581999457465908,36.732284815154124,0.0,177.07620959100342,1159.2369662233284,4532.603442494564,3413.3144583374433,0.0,0.0,0.0,712.0756267554418,0.0,1281.7361281597953,23.95985764520659,0.0,0.0,0.0,-9.094947017729282e-13,0.0
2025-03-23 16:00:00+00:00,2,1.0,2571.9426533617698,580.8322436818587,778.0723863865754,1213.0380232933337,580.8322436818587,342.33529296692006,238.4969507149387,2251.957076591531,442.5282523752894,138.3039913065693,778.0723863865754,0.0,1213.0380232933337,0.0,643.677458000421,201.14920562513154,1991.110409679909,2654.813879573212,663.703469893303,138.3039913065693,46.101330435523096,184.40532174209238,2.7660798261313855,35.4725518245306,0.0,171.22309175477503,1120.4157293593946,3692.3583827211637,3298.4913375736332,0.0,0.0,0.0,0.0,0.0,1281.7361281597953,23.961414424993126,0.0,0.0,0.0,-6.821210263296962e-13,0.0
2025-03-23 17:00:00+00:00,2,1.0,2694.2734470521896,607.1363887768808,814.2525492433215,1272.884509031988,607.1363887768808,357.88943938473477,249.24694939214606,2251.957076591531,462.5138365724798,144.62255220440102,814.2525492433215,0.0,1272.884509031988,0.0,672.7473986508797,210.2335620783999,2087.1370582753098,2782.849411033746,695.7123527584365,144.62255220440102,48.20751740146701,192.83006960586803,2.8924510440880202,37.15642156761953,0.0,179.11547721260456,1173.3177820626156,3867.591229114805,3455.596809684626,0.0,0.0,0.0,0.0,0.0,1281.7361281597953,23.96079839031418,0.0,0.0,0.0,0.0,0.0
2025-03-23 18:00:00+00:00,2,1.0,4148.013061258572,941.5971001053109,1252.2014611719153,1954.2144999813463,941.5971001053108,550.2817925279464,391.3153075773644,2251.957076591531,714.0026524368132,227.59444766849776,1252.2014611719153,0.0,1954.2144999813463,0.0,1038.5493126353647,324.5466601985514,3206.4159611532614,4275.2212815376815,1068.8053203844204,227.59444766849776,75.86481588949925,303.459263557997,4.551888953369955,57.108188834970925,0.0,277.0608139404762,1807.937688201288,5243.875122704418,5313.770594173046,0.0,0.0,0.0,0.0,712.0756267554418,531.1425125467516,23.93869206480286,0.0,0.0,0.0,-4.547473508864641e-13,0.0
2025-03-23 19:00:00+00:00,2,1.0,4286.388019597032,973.5422587600514,1292.9190494567506,2019.926711380229,973.5422587600514,568.1219138690765,405.4203448909749,2251.957076591531,739.4165195496396,234.12573921041178,1292.9190494567506,0.0,2019.926711380229,0.0,1075.5149375267486,336.0984179771089,3312.84576083698,4417.127681115973,1104.2819202789933,234.12573921041178,78.04191307013726,312.167652280549,4.6825147842082355,58.986838597504814,0.0,286.4159698118511,1868.5075745198035,5786.116414389493,5492.642618642722,0.0,0.0,0.0,0.0,368.7791797273409,142.41512535108836,23.93704386048944,0.0,0.0,0.0,-1.5916157281026244e-12,0.0
2025-03-23 20:00:00+00:00,2,1.0,3276.2455494626297,743.193289081862,988.6325183469187,1544.4197420338467,743.1932890818618,434.09344642579407,309.09984265606784,2251.957076591531,564.0833829399389,179.10990614192303,988.6325183469187,0.0,1544.4197420338467,0.0,820.4849206399111,256.4015376999722,2533.0522603807653,3377.4030138410203,844.3507534602551,179.10990614192303,59.70330204730768,238.81320818923072,3.5821981228384607,45.10317297074603,0.0,218.73198085367048,1427.87294515479,4704.118494617419,4197.887934480931,0.0,0.0,0.0,0.0,0.0,142.41512535108836,23.952599315341587,0.0,0.0,0.0,-6.821210263296962e-13,0.0
2025-03-23 21:00:00+00:00,2,1.0,3539.052929292931,802.3770867321539,1067.0734697219864,1669.602372838792,802.3770867321539,468.7152260270354,333.66186070511844,2251.957076591531,609.0470083265119,193.33007840564198,1067.0734697219864,0.0,1669.602372838792,0.0,885.8865575658355,276.83954923932356,2736.6758425607786,3648.9011234143713,912.2252808535928,193.33007840564198,64.44335946854733,257.7734378741893,3.8666015681128396,48.70822782004751,0.0,236.2025766553269,1542.2855956049511,5081.33852489788,4534.7876809802065,0.0,0.0,0.0,0.0,0.0,142.41512535108836,23.948003424449556,0.0,0.0,0.0,-1.8189894035458565e-12,0.0
2025-03-23 22:00:00+00:00,2,1.0,4426.837872567179,1001.0000762424452,1333.6035416691288,2092.2342546556047,1001.0000762424452,586.1428235822723,414.85725266017295,2251.957076591531,761.5025229304817,239.49755331196343,1333.6035416691288,0.0,2092.2342546556047,0.0,1107.640033353428,346.1375104229462,3425.8377963247335,4567.783728432978,1141.9459321082445,239.49755331196343,79.83251777065448,319.3300710826179,4.789951066239269,60.93044879662991,0.0,294.9606369786356,1928.5969971433499,6355.434869710527,5675.4237617864055,0.0,0.0,0.0,0.0,0.0,142.41512535108836,23.93394319933802,0.0,0.0,0.0,-2.0463630789890885e-12,0.0
2025-03-23 23:00:00+00:00,2,1.0,4604.1904827817725,1042.2061066879983,1387.059256844683,2174.925119249092,1042.2061066879983,609.9780936016879,432.22801308631045,2251.957076591531,793.6072666514658,248.59884003653247,1387.059256844683,0.0,2174.925119249092,0.0,1154.337842402132,360.7305757506663,3561.9843760937747,4749.312501458366,1187.3281253645914,248.59884003653247,82.86628001217748,331.46512004870993,4.971976800730649,63.3610288978314,0.0,306.9844635498092,2006.2424503758066,6610.432933157579,5903.650343860498,0.0,0.0,0.0,0.0,0.0,142.41512535108836,23.930119628543967,0.0,0.0,0.0,0.0,0.0
2025-04-12 00:00:00+00:00,3,40.0,3091.7851799709215,704.095891864488,936.230441310437,1451.4588467959977,704.095891864488,410.4650710224673,293.6308208420206,2251.957076591531,533.4486678414478,170.64722402304017,936.230441310437,0.0,1451.4588467959977,0.0,775.9253350421059,242.47666720065808,2387.6892881064346,3183.585717475246,795.8964293688115,170.64722402304017,56.882408007680056,227.52963203072022,3.412944480460803,42.60150170727309,0.0,206.90335680536148,1348.173307570245,4439.9584875411665,3959.511052517352,0.0,0.0,0.0,0.0,0.0,142.41512535108836,23.95871660599145,0.0,0.0,0.0,0.0,0.0
2025-04-12 01:00:00+00:00,3,40.0,3069.36490939459,697.5496342907875,927.2339717983087,1444.5813033054935,697.5496342907875,407.1971517459509,290.35248254483656,2251.957076591531,529.2483204737899,168.30131381699755,927.2339717983087,0.0,1444.5813033054935,0.0,769.8157388709672,240.56741839717722,2371.8152751038024,3162.4203668050695,790.6050917012674,168.30131381699755,56.100437938999185,224.40175175599674,3.366026276339951,42.26283218700419,0.0,205.1834912793937,1338.085297780182,5119.525833930214,3932.2361056760365,0.0,0.0,0.0,712.0756267554418,0.0,817.9493794028276,23.956256060184078,0.0,0.0,0.0,-2.2737367544323206e-13,0.0
2025-04-12 02:00:00+00:00,3,40.0,3040.409167427768,692.3018115449971,918.5739518258977,1429.533404056872,692.3018115449971,403.3169646792154,288.9848468657817,2251.957076591531,524.5533042323053,167.7485073126918,918.5739518258977,0.0,1429.533404056872,0.0,762.9866243378987,238.4333201055933,2348.1073558827698,3130.809807843693,782.7024519609232,167.7485073126918,55.9161691042306,223.6646764169224,3.354970146253836,41.85255259534566,0.0,203.48514399122098,1325.7446079035676,4366.153775331335,3893.7964321815916,0.0,0.0,0.0,0.0,0.0,817.9493794028276,23.956754135557443,0.0,0.0,0.0,-4.547473508864641e-13,0.0
2025-04-12 03:00:00+00:00,3,40.0,3062.6154219436226,696.9175552459974,924.8446793740178,1440.8531873236068,696.9175552459974,405.7215457785352,291.1960094674622,2251.957076591531,527.7602040992571,169.15735114674033,924.8446793740178,0.0,1440.8531873236068,0.0,767.6512059625558,239.89100186329867,2365.6978666976247,3154.2638222634996,788.5659555658749,169.15735114674033,56.38578371558011,225.54313486232044,3.3831470229348066,42.1538722544566,0.0,204.88297508473417,1335.2627355068794,4886.752315675929,3921.9150282260553,0.0,0.0,0.0,488.8741582254279,0.0,1281.7361281597953,23.957429117989186,0.0,0.0,0.0,-9.094947017729282e-13,0.0
2025-04-12 04:00:00+00:00,3,40.0,3109.60323598824,708.7676336419619,939.3636812143261,1461.4719211319523,708.767633641962,412.0337564017927,296.73387724016925,2251.957076591531,536.0576504602627,172.70998318169916,939.3636812143261,0.0,1461.4719211319523,0.0,779.7202188512913,243.66256839102851,2400.8356023462784,3201.114136461704,800.278534115426,172.70998318169916,57.56999439389972,230.27997757559888,3.454199663633983,42.79562964774931,0.0,208.2358645764001,1355.9967907881378,4465.600026776378,3980.8343553129953,0.0,0.0,0.0,0.0,0.0,1281.7361281597953,23.95686833167259,0.0,0.0,0.0,4.547473508864641e-13,0.0
2025-04-12 05:00:00+00:00,3,40.0,3108.01247362187,708.3343253737165,938.9911714914417,1460.6869767567134,708.3343253737166,411.7638202090902,296.57050516462635,2251.957076591531,535.9538432842477,172.38048208946884,938.9911714914417,0.0,1460.6869767567134,0.0,779.5692265952694,243.61538331102167,2399.678148248155,3199.5708643308735,799.8927160827184,172.38048208946884,57.460160696489616,229.84064278595847,3.4476096417893767,42.77660491231039,0.0,208.1138499878591,1355.3063246321885,4463.3187982540585,3979.140090926143,0.0,0.0,0.0,0.0,0.0,1281.7361281597953,23.95738463382925,0.0,0.0,0.0,0.0,0.0
2025-04-12 06:00:00+00:00,3,40.0,3057.446493160741,696.1865734989268,922.8697363591102,1438.3901833027037,696.1865734989269,405.06159787114706,291.1249756277798,2251.957076591531,528.4512748872311,167.73529861169573,922.8697363591102,0.0,1438.3901833027037,0.0,768.6563998359725,240.2051249487414,2361.259919661814,3148.346559549085,787.0866398872713,167.73529861169573,55.91176620389857,223.6470648155943,3.3547059722339143,42.06999392380034,0.0,204.63637012325833,1333.2646010592039,4390.711094219944,3917.0029593850577,0.0,0.0,0.0,0.0,0.0,1281.7361281597953,23.95711682684407,0.0,0.0,0.0,-4.547473508864641e-13,0.0
2025-04-12 07:00:00+00:00,3,40.0,3070.6544380104815,699.7969393156604,926.7700189690087,1444.087479725813,699.7969393156604,407.3530283406377,292.44391097502273,2251.957076591531,531.6993281816864,168.09761113397406,926.7700189690087,0.0,1444.087479725813,0.0,773.3808409915439,241.68151280985745,2370.8574986948215,3161.1433315930954,790.2858328982738,168.09761113397406,56.03253704465802,224.13014817863208,3.361952222679481,42.243975366328385,0.0,205.64151839511106,1339.2473287369082,4409.901766747389,3934.524172584639,0.0,0.0,0.0,0.0,0.0,1281.7361281597953,23.954896458761553,0.0,0.0,0.0,-6.821210263296962e-13,0.0
2025-04-12 08:00:00+00:00,3,40.0,3024.258249840333,688.1631454069467,911.6441440913791,1424.450960342004,688.1631454069467,400.8043986522746,287.3587467546721,2251.957076591531,523.7267089623368,164.43643644460985,911.6441440913791,0.0,1424.450960342004,0.0,761.7843039452172,238.05759498288035,2336.0951044333833,3114.793472577844,778.698368144461,164.43643644460985,54.81214548153662,219.24858192614647,3.288728728892197,41.593833926161416,0.0,202.3509481397891,1318.8016194037207,4343.059869244053,3876.5777765230614,0.0,0.0,0.0,0.0,0.0,1281.7361281597953,23.955385491095626,0.0,0.0,0.0,-1.1368683772161603e-12,0.0
2025-04-12 09:00:00+00:00,3,40.0,2952.048198650281,672.4819476437599,889.9522082357446,1389.6140427707746,672.4819476437599,391.05375910986845,281.4281885338915,2251.957076591531,512.1681471219448,160.3138005218151,889.9522082357446,0.0,1389.6140427707746,0.0,744.9718503591924,232.80370323724762,2279.5662510065195,3039.4216680086924,759.8554170021731,160.3138005218151,53.4379335072717,213.7517340290868,3.206276010436302,40.594706674780085,0.0,197.64778189802308,1287.545818329932,4239.5940169802125,3784.393518367885,0.0,0.0,0.0,0.0,0.0,1281.7361281597953,23.957245494740015,0.0,0.0,0.0,-4.547473508864641e-13,0.0
2025-04-12 10:00:00+00:00,3,40.0,2929.163055665478,666.6110686671715,881.4829687728001,1381.0690182255057,666.6110686671715,387.40794334579107,279.2031253213804,2251.957076591531,508.7762506909706,157.8348179762009,881.4829687728001,0.0,1381.0690182255057,0.0,740.0381828232299,231.26193213225935,2262.551986998306,3016.735982664408,754.183995666102,157.8348179762009,52.61160599206696,210.44642396826785,3.156696359524018,40.25517924543906,0.0,196.00666648680306,1277.4760758821944,3837.859951820332,3756.7741654876377,0.0,0.0,0.0,0.0,368.7791797273409,893.008740964132,23.957453625005314,0.0,0.0,0.0,4.547473508864641e-13,0.0
2025-04-12 11:00:00+00:00,3,40.0,3018.0422265829366,687.254393558546,910.4193861453438,1420.368446879047,687.254393558546,399.9112002883405,287.34319327020546,2251.957076591531,523.5636871576716,163.69070640087443,910.4193861453438,0.0,1420.368446879047,0.0,761.5471813202496,237.98349416257798,2330.7878330243907,3107.7171106991873,776.9292776747968,163.69070640087443,54.56356880029148,218.2542752011659,3.2738141280174884,41.51626605315078,0.0,201.9964907845866,1316.2629116034211,3622.229511430916,3869.2642920194367,0.0,0.0,0.0,0.0,712.0756267554418,142.41512535108836,23.95603535775404,0.0,0.0,0.0,2.2737367544323206e-13,0.0
2025-04-12 12:00:00+00:00,3,40.0,2937.9634504198903,669.3745615896736,886.1704133707763,1382.4184754594407,669.3745615896736,389.47020009972334,279.90436148995025,2251.957076591531,510.079454904796,159.29510668487757,886.1704133707763,0.0,1382.4184754594407,0.0,741.9337525887943,231.8542976839982,2268.588888830217,3024.785185106956,756.196296276739,159.29510668487757,53.09836889495919,212.39347557983675,3.1859021336975513,40.409297155717695,0.0,196.71484396562067,1281.4590061107324,4219.422456530621,3766.7189376957504,0.0,0.0,0.0,0.0,0.0,142.41512535108836,23.95683924193429,0.0,0.0,0.0,-1.3642420526593924e-12,0.0
2025-04-12 13:00:00+00:00,3,40.0,2936.394018063023,670.3503823924024,886.6523956772971,1379.3912399933224,670.3503823924024,389.6894861019061,280.6608962904963,2251.957076591531,508.8032764921339,161.5471059002685,886.6523956772971,0.0,1379.3912399933224,0.0,740.0774930794674,231.27421658733357,2266.0436356706196,3021.3915142274927,755.3478785568732,161.5471059002685,53.8490353000895,215.396141200358,3.2309421180053697,40.39348427025214,0.0,196.84062429313875,1280.9361811256924,4706.204357414143,3761.46900730696,0.0,0.0,0.0,488.8741582254279,0.0,606.201874108056,23.956252224378616,0.0,0.0,0.0,-6.821210263296962e-13,0.0
2025-04-12 14:00:00+00:00,3,40.0,3007.658007168605,686.8216604146152,908.8871900452398,1411.9491567087516,686.8216604146152,399.3639824089285,287.45767800568666,2251.957076591531,519.4461700720524,167.37549034256278,908.8871900452398,0.0,1411.9491567087516,0.0,755.558065559349,236.11189548729655,2320.836346753991,3094.4484623386547,773.6121155846637,167.37549034256278,55.7918301141876,223.1673204567504,3.3475098068512557,41.386107268444704,0.0,201.65676848998143,1311.9062267514253,4319.564233920029,3850.0065278980037,0.0,0.0,0.0,0.0,0.0,606.201874108056,23.95546191283113,0.0,0.0,0.0,-6.821210263296962e-13,0.0
2025-04-12 15:00:00+00:00,3,40.0,3059.3822059163886,699.444790648217,924.1148128911115,1435.8226023770617,699.4447906482169,405.8971232047784,293.54766744343857,2251.957076591531,528.6848392406168,170.75995140760017,924.1148128911115,0.0,1435.8226023770617,0.0,768.9961298045336,240.3112905639167,2359.937415268173,3146.5832203575637,786.6458050893909,170.75995140760017,56.91998380253339,227.67993521013355,3.4151990281520033,42.08167041050396,0.0,205.2893565061953,1334.663305400692,5106.121138072522,3915.5793501620974,0.0,0.0,0.0,712.0756267554418,0.0,1281.7361281597953,23.95537438542975,0.0,0.0,0.0,-6.821210263296962e-13,0.0
2025-04-12 16:00:00+00:00,3,40.0,3006.305278603771,689.8403052402206,909.6267667854638,1406.838206578086,689.8403052402205,400.6519298681298,289.1883753720907,2251.957076591531,519.1964303197601,170.64387492046046,909.6267667854638,0.0,1406.838206578086,0.0,755.1948077378329,235.99837741807278,2316.4649733635497,3088.619964484733,772.1549911211832,170.64387492046046,56.881291640153485,227.52516656061394,3.412877498409209,41.35718506934477,0.0,202.21841926282528,1312.0231420099888,4318.32842061376,3843.814772222566,0.0,0.0,0.0,0.0,0.0,1281.7361281597953,23.95191831975927,0.0,0.0,0.0,-2.2737367544323206e-13,0.0
2025-04-12 17:00:00+00:00,3,40.0,3007.45062791119,689.0051641760128,911.2684204795099,1407.1770432556677,689.0051641760128,400.6599230122198,288.34524116379305,2251.957076591531,518.214764707619,170.79039946839384,911.2684204795099,0.0,1407.1770432556677,0.0,753.7669304838095,235.55216577619044,2318.445463735178,3091.2606183135704,772.8151545783926,170.79039946839384,56.930133156131284,227.72053262452513,3.415807989367877,41.40982304694198,0.0,202.05293170555612,1312.1760162525802,4319.626644163771,3845.02754879738,0.0,0.0,0.0,0.0,0.0,1281.7361281597953,23.95429581138583,0.0,0.0,0.0,4.547473508864641e-13,0.0
2025-04-12 18:00:00+00:00,3,40.0,3066.3174869809536,700.968007856588,928.6200541304571,1436.7294249939082,700.968007856588,408.53967630789566,292.4283315486923,2251.957076591531,527.4408008750077,173.52720698158032,928.6200541304571,0.0,1436.7294249939082,0.0,767.1866194545566,239.74581857954894,2365.349479124365,3153.7993054991534,788.4498263747884,173.52720698158032,57.84240232719344,231.36960930877376,3.470544139631606,42.22589587385279,0.0,205.7435516441327,1337.4780389391476,3691.71989916466,3920.9859249537103,0.0,0.0,0.0,0.0,712.0756267554418,531.1425125467516,23.952764221384378,0.0,0.0,0.0,4.547473508864641e-13,0.0
2025-04-12 19:00:00+00:00,3,40.0,3014.1137776552564,688.2795293314745,915.146813975048,1410.687434348736,688.2795293314745,402.32024447490573,285.95928485656873,2251.957076591531,518.9115647614678,169.36796457000662,915.146813975048,0.0,1410.687434348736,0.0,754.7804578348623,235.86889307339447,2325.834248323784,3101.1123310983785,775.2780827745946,169.36796457000662,56.45598819000221,225.82395276000884,3.3873592914001325,41.561278762738795,0.0,202.06347939395306,1314.6150814860832,3959.949679413998,3855.892788933241,0.0,0.0,0.0,0.0,368.7791797273409,142.41512535108836,23.95489770244464,0.0,0.0,0.0,-6.821210263296962e-13,0.0
2025-04-12 20:00:00+00:00,3,40.0,2967.55226047756,677.8355942210505,900.818917580491,1388.8977486760186,677.8355942210505,396.002833949223,281.83276027182757,2251.957076591531,511.98521863938765,165.8503755816629,900.818917580491,0.0,1388.8977486760186,0.0,744.705772566382,232.72055392699437,2289.7166662565096,3052.9555550086793,763.2388887521698,165.8503755816629,55.283458527220965,221.13383410888386,3.317007511633258,40.913545014174915,0.0,198.98387509592223,1294.4573288281156,4262.009589305676,3797.6613275750615,0.0,0.0,0.0,0.0,0.0,142.41512535108836,23.956017304148396,0.0,0.0,0.0,2.2737367544323206e-13,0.0
2025-04-12 21:00:00+00:00,3,40.0,2956.3872331650873,675.1141534864637,898.6494428994679,1382.6236367791548,675.1141534864637,394.53880503030535,280.57534845615834,2251.957076591531,509.13012678985507,165.98402669660862,898.6494428994679,0.0,1382.6236367791548,0.0,740.5529116943346,231.42278490447956,2281.2730796786227,3041.697439571497,760.4243598928742,165.98402669660862,55.32800889886954,221.31203559547816,3.319680533932172,40.78571965477558,0.0,198.17100008080888,1289.45155396574,4245.838787130828,3782.2503512658313,0.0,0.0,0.0,0.0,0.0,142.41512535108836,23.957858588180716,0.0,0.0,0.0,4.547473508864641e-13,0.0
2025-04-12 22:00:00+00:00,3,40.0,2970.19408654103,679.2451207579458,905.0866345570614,1385.8623312260243,679.2451207579456,397.8034163717799,281.4417043861658,2251.957076591531,511.6619457782887,167.58317497965703,905.0866345570614,0.0,1385.8623312260243,0.0,744.2355574956927,232.57361171740394,2290.9489657830854,3054.5986210441138,763.6496552610284,167.58317497965703,55.861058326552346,223.44423330620938,3.3516634995931405,41.01122234897208,0.0,199.25587367607972,1295.7030848296297,4265.89717137066,3798.8341785398065,0.0,0.0,0.0,0.0,0.0,142.41512535108836,23.956271634880608,0.0,0.0,0.0,-2.2737367544323206e-13,0.0
2025-04-12 23:00:00+00:00,3,40.0,3033.7416111196762,694.9228029290175,925.2127184482791,1413.606089742381,694.9228029290175,407.34803251543525,287.5747704135822,2251.957076591531,522.5649514087925,172.35785152022504,925.2127184482791,0.0,1413.606089742381,0.0,760.0944747764254,237.52952336763292,2338.81880819066,3118.4250775875466,779.6062693968867,172.35785152022504,57.45261717340835,229.8104686936334,3.447157030404501,41.89244245087218,0.0,203.73887327284837,1323.666882692053,4357.4084938117285,3878.5195523639723,0.0,0.0,0.0,0.0,0.0,142.41512535108836,23.952598341235017,0.0,0.0,0.0,-6.821210263296962e-13,0.0
2025-06-08 00:00:00+00:00,4,59.0,2668.226443465902,608.5493062269853,798.3391551032798,1261.3379821356355,608.5493062269854,350.9540476046115,257.5952586223739,2251.957076591531,455.37010772774244,153.1791984992429,798.3391551032798,0.0,1261.3379821356355,0.0,662.3565203312618,206.98641260351928,2059.6771372389153,2746.2361829852202,686.5590457463051,153.1791984992429,51.059732833080965,204.23893133232386,3.0635839699848577,36.56355447445475,0.0,178.9001538511219,1163.1324834784668,3831.3589269443682,3408.592703316482,0.0,0.0,0.0,0.0,0.0,142.41512535108836,23.962739050046125,0.0,0.0,0.0,-4.547473508864641e-13,0.0
2025-06-08 01:00:00+00:00,4,59.0,2697.086106739959,616.3401006146264,802.3291821599863,1278.416823965345,616.3401006146264,351.3819802675138,264.9581203471126,2251.957076591531,458.39519537626273,157.94490523836367,802.3291821599863,0.0,1278.416823965345,0.0,666.7566478200185,208.36145244375578,2080.7460061253314,2774.3280081671082,693.5820020417771,157.94490523836367,52.64830174612123,210.5932069844849,3.1588981047672733,36.85404370445305,0.0,181.01929694257532,1175.6239949834496,4584.78572847885,3441.084655987127,0.0,0.0,0.0,712.0756267554418,0.0,817.9493794028276,23.958245290121727,0.0,0.0,0.0,-9.094947017729282e-13,0.0
2025-06-08 02:00:00+00:00,4,59.0,2748.2279820414296,629.1645286084224,817.9669584788761,1301.0964949541305,629.1645286084224,358.0011643901853,271.1633642182371,2251.957076591531,466.3266615154239,162.83786709299852,817.9669584788761,0.0,1301.0964949541305,0.0,678.2933258406166,211.96666432519268,2119.0634534330065,2825.4179379106754,706.3544844776688,162.83786709299852,54.27928903099951,217.11715612399803,3.2567573418599705,37.54997370390759,0.0,184.65205303452535,1198.059221914154,3946.2872039555837,3503.711263751292,0.0,0.0,0.0,0.0,0.0,817.9493794028276,23.958128538302248,0.0,0.0,0.0,0.0,0.0
2025-06-08 03:00:00+00:00,4,59.0,2787.1014940741543,640.3767835414861,830.9556708431544,1315.7690396895123,640.3767835414861,363.67555041662206,276.7012331248641,2251.957076591531,475.0035004349155,165.37328310657063,830.9556708431544,0.0,1315.7690396895123,0.0,690.9141824507863,215.9106820158707,2146.724710532667,2862.2996140435557,715.5749035108889,165.37328310657063,55.12442770219021,220.49771080876084,3.3074656621314125,38.08636052218976,0.0,187.6947804695272,1215.698619882798,4491.67427218238,3553.213796494342,0.0,0.0,0.0,488.8741582254279,0.0,1281.7361281597953,23.960633693672623,0.0,0.0,0.0,0.0,0.0
2025-06-08 04:00:00+00:00,4,59.0,2835.911021442252,657.5664545876327,849.9023316383871,1328.4422352162364,657.5664545876327,371.36332043519184,286.2031341524409,2251.957076591531,484.59833805484436,172.96811653278837,849.9023316383871,0.0,1328.4422352162364,0.0,704.8703098979555,220.2719718431111,2178.3445668546237,2904.4594224728316,726.1148556182079,172.96811653278837,57.65603884426279,230.62415537705115,3.4593623306557673,38.78149230131398,0.0,192.03244955496692,1238.3161704925185,4074.227191934771,3609.329732370787,0.0,0.0,0.0,0.0,0.0,1281.7361281597953,23.96557288252923,0.0,0.0,0.0,2.2737367544323206e-13,0.0
2025-06-08 05:00:00+00:00,4,59.0,2864.877477365525,664.0531910349364,857.5799741265054,1343.2443122040852,664.0531910349364,374.45546379039683,289.5977272445396,2251.957076591531,489.1950297626975,174.85816127223887,857.5799741265054,0.0,1343.2443122040852,0.0,711.55640692756,222.3613771648625,2200.8242863305904,2934.4323817741206,733.6080954435301,174.85816127223887,58.28605375741296,233.14421502965183,3.4971632254447775,39.15984234583601,0.0,193.95838675617176,1250.8709186932583,4115.748396058783,3645.9887887016807,0.0,0.0,0.0,0.0,0.0,1281.7361281597953,23.966134848454665,0.0,0.0,0.0,0.0,0.0
2025-06-08 06:00:00+00:00,4,59.0,2869.0960452254612,663.2819040687327,857.1414771551163,1348.6726640016122,663.2819040687327,373.92833425655795,289.3535698121748,2251.957076591531,487.54055582763306,175.74134824109967,857.1414771551163,0.0,1348.6726640016122,0.0,709.1498993856482,221.60934355801504,2205.8141411567285,2941.0855215423044,735.2713803855761,175.74134824109967,58.58044941369989,234.32179765479955,3.514826964821993,39.200970954669614,0.0,193.93117937638357,1252.1081506531661,4121.2041958786285,3650.2354209279524,0.0,0.0,0.0,0.0,0.0,1281.7361281597953,23.96681162099141,0.0,0.0,0.0,1.1368683772161603e-12,0.0
2025-06-08 07:00:00+00:00,4,59.0,2935.153587802032,676.863466583706,881.3211438872945,1376.9689773310315,676.863466583706,384.41968301264274,292.4437835710632,2251.957076591531,500.5198845168659,176.3435820668401,881.3211438872945,0.0,1376.9689773310315,0.0,728.0289229336231,227.50903841675722,2258.290121218326,3011.0534949577677,752.7633737394419,176.3435820668401,58.78119402228003,235.12477608912013,3.5268716413368018,40.209324089929154,0.0,198.01464926376605,1280.804451173511,4215.958038975543,3739.082417891391,0.0,0.0,0.0,0.0,0.0,1281.7361281597953,23.967183739882653,0.0,0.0,0.0,0.0,0.0
2025-06-08 08:00:00+00:00,4,59.0,2902.079830330927,669.5731306463291,874.2963617860398,1358.2103378985596,669.5731306463291,381.36637455479945,288.20675609152966,2251.957076591531,495.8705705843806,173.70256006194853,874.2963617860398,0.0,1358.2103378985596,0.0,721.2662844863718,225.39571390199117,2232.5066996845994,2976.6755995794656,744.1688998948664,173.70256006194853,57.900853353982846,231.60341341593139,3.4740512012389706,39.81099423256679,0.0,195.79553564253513,1266.5460482271815,4168.625878558108,3697.9418840658373,0.0,0.0,0.0,0.0,0.0,1281.7361281597953,23.96768882999904,0.0,0.0,0.0,-9.094947017729282e-13,0.0
2025-06-08 09:00:00+00:00,4,59.0,2865.8243195745335,667.2046099453817,866.998176327504,1331.6215333016478,667.2046099453817,378.4372832552229,288.7673266901587,2251.957076591531,494.50503221245043,172.69957773293123,866.998176327504,0.0,1331.6215333016478,0.0,719.2800468544734,224.77501464202294,2198.6197096291517,2931.492946172202,732.8732365430506,172.69957773293123,57.56652591097708,230.2661036439083,3.4539915546586246,39.3261606228416,0.0,194.4154338458573,1252.410363119408,4118.234682693941,3650.7729930266755,0.0,0.0,0.0,0.0,0.0,1281.7361281597953,23.967083863201385,0.0,0.0,0.0,-4.547473508864641e-13,0.0
2025-06-08 10:00:00+00:00,4,59.0,3004.936785739249,701.0355254846199,911.1745712131022,1392.726689041524,701.0355254846199,398.1965749349437,302.8389505496762,2251.957076591531,519.1680420500348,181.8674834345851,911.1745712131022,0.0,1392.726689041524,0.0,755.1535157091416,235.98547365910676,2303.9012602546263,3071.8683470061683,767.9670867515421,181.8674834345851,60.62249447819503,242.48997791278012,3.6373496686917015,41.262504026808315,0.0,204.12171091945385,1313.5966195037977,3949.7542255157064,3827.02186271531,0.0,0.0,0.0,0.0,368.7791797273409,893.008740964132,23.96369025335928,0.0,0.0,0.0,4.547473508864641e-13,0.0
2025-06-08 11:00:00+00:00,4,59.0,2992.4877938225673,698.0784076077178,908.8635262092316,1385.5458600056184,698.0784076077178,397.39053228909944,300.6878753186184,2251.957076591531,517.6195466512886,180.45886095642925,908.8635262092316,0.0,1385.5458600056184,0.0,752.9011587655107,235.28161211422207,2294.40938621485,3059.2125149531335,764.8031287382834,180.45886095642925,60.15295365214308,240.61181460857233,3.609177219128585,41.121364386333134,0.0,203.24584341283614,1308.2140795229463,3588.6262465900713,3812.1136737186443,0.0,0.0,0.0,0.0,712.0756267554418,142.41512535108836,23.96303095825878,0.0,0.0,0.0,-2.2737367544323206e-13,0.0
2025-06-08 12:00:00+00:00,4,59.0,2864.58811242164,668.4748282538387,866.1697667296695,1329.9435174381301,668.4748282538387,378.8095982244047,289.6652300294341,2251.957076591531,494.60864938886056,173.86617886497817,866.1697667296695,0.0,1329.9435174381301,0.0,719.4307627474335,224.82211335857295,2196.1132841677995,2928.151045557066,732.0377613892665,173.86617886497817,57.955392954992725,231.8215718199709,3.4773235772995634,39.28452817627138,0.0,194.6595954945737,1252.2367149509769,4116.824827372616,3647.5818083044996,0.0,0.0,0.0,0.0,0.0,142.41512535108836,23.9640024190358,0.0,0.0,0.0,-9.094947017729282e-13,0.0
2025-06-08 13:00:00+00:00,4,59.0,2798.9460515361766,651.7410610454458,845.4094406345203,1301.7955498562121,651.7410610454458,369.26483798805396,282.47622305739185,2251.957076591531,482.76059250165173,168.98046854379407,845.4094406345203,0.0,1301.7955498562121,0.0,702.197225456948,219.43663295529623,2147.2049904907326,2862.939987320977,715.7349968302442,168.98046854379407,56.32682284793136,225.30729139172544,3.3796093708758814,38.380238717597734,0.0,189.92803064906772,1223.186331371013,4511.006541132618,3565.137212777925,0.0,0.0,0.0,488.8741582254279,0.0,606.201874108056,23.966501358904257,0.0,0.0,0.0,2.2737367544323206e-13,0.0
2025-06-08 14:00:00+00:00,4,59.0,2815.0490135332443,655.7342398174593,853.7678762789308,1305.5468974368519,655.7342398174593,373.0352258436135,282.6990139738458,2251.957076591531,487.4311479737777,168.3030918436816,853.7678762789308,0.0,1305.5468974368519,0.0,708.9907606891312,221.5596127153535,2159.3147737157824,2879.086364954376,719.771591238594,168.3030918436816,56.101030614560536,224.40412245824214,3.366061836873632,38.668505262736446,0.0,191.02076381766474,1230.487565485783,4045.536579019026,3588.0771256435073,0.0,0.0,0.0,0.0,0.0,606.201874108056,23.96601025282403,0.0,0.0,0.0,-1.5916157281026244e-12,0.0
2025-06-08 15:00:00+00:00,4,59.0,3010.6690789388085,691.3864154415551,908.5304907024673,1410.7521727947872,691.3864154415551,400.47269901832715,290.9137164232279,2251.957076591531,525.352657496498,166.03375794505712,908.5304907024673,0.0,1410.7521727947872,0.0,764.1493199949061,238.79666249840815,2319.2826634972544,3092.3768846630055,773.0942211657514,166.03375794505712,55.344585981685704,221.37834392674282,3.320675158901142,41.36343644902189,0.0,202.60871122509707,1314.5282924788655,5037.272998173115,3856.526204657912,0.0,0.0,0.0,712.0756267554418,0.0,1281.7361281597953,23.950221652867498,0.0,0.0,0.0,-4.547473508864641e-13,0.0
2025-06-08 16:00:00+00:00,4,59.0,3078.2069923204554,706.4587279034241,930.317537142096,1441.4307272749354,706.4587279034242,409.9818888652521,296.4768390381721,2251.957076591531,534.8634272830479,171.59530062037618,930.317537142096,0.0,1441.4307272749354,0.0,777.9831669571606,243.11973967411268,2371.7482644170314,3162.331019222708,790.582754805677,171.59530062037618,57.19843354012539,228.79373416050157,3.4319060124075236,42.32383338701223,0.0,207.058793108901,1343.7154605282358,4421.922452848691,3940.3141861798686,0.0,0.0,0.0,0.0,0.0,1281.7361281597953,23.949704789566308,0.0,0.0,0.0,0.0,0.0
2025-06-08 17:00:00+00:00,4,59.0,3074.9395644076244,705.0874838992725,928.1138123625974,1441.7382681457545,705.0874838992725,408.54520249438684,296.5422814048856,2251.957076591531,533.7309513519773,171.35653254729516,928.1138123625974,0.0,1441.7382681457545,0.0,776.3359292392397,242.6049778872624,2369.8520805083517,3159.8027740111356,789.9506935027839,171.35653254729516,57.11884418243172,228.4753767297269,3.4271306509459034,42.26079705233546,0.0,206.7194533782772,1342.0818966540364,4417.021461061661,3936.1387032503753,0.0,0.0,0.0,0.0,0.0,1281.7361281597953,23.9510200724214,0.0,0.0,0.0,4.547473508864641e-13,0.0
2025-06-08 18:00:00+00:00,4,59.0,3058.9732310608524,701.1870940438914,922.7094204844999,1435.076716532464,701.1870940438914,406.4971422874326,294.68995175645875,2251.957076591531,530.8203168385378,170.36677720535363,922.7094204844999,0.0,1435.076716532464,0.0,772.1022790378731,241.28196219933534,2357.786137016964,3143.7148493559516,785.9287123389879,170.36677720535363,56.78892573511788,227.1557029404715,3.4073355441070725,42.03204977985963,0.0,205.62992466758595,1335.0689102649937,3681.966514570404,3915.8171283938245,0.0,0.0,0.0,0.0,712.0756267554418,531.1425125467516,23.950337579465614,0.0,0.0,0.0,-6.821210263296962e-13,0.0
2025-06-08 19:00:00+00:00,4,59.0,3062.354483484829,702.069586535279,921.8667086936138,1438.4181882559367,702.069586535279,405.7426505339995,296.3269360012795,2251.957076591531,531.0334525848259,171.03613395045306,921.8667086936138,0.0,1438.4181882559367,0.0,772.4122946688377,241.37884208401178,2360.2848969495503,3147.046529266067,786.7616323165167,171.03613395045306,57.01204465015102,228.04817860060407,3.420722679009061,42.040183143367784,0.0,205.91979368953776,1336.5332185625941,4030.1085223200826,3919.4588239349046,0.0,0.0,0.0,0.0,368.7791797273409,142.41512535108836,23.952977009878673,0.0,0.0,0.0,6.821210263296962e-13,0.0
2025-06-08 20:00:00+00:00,4,59.0,3034.895582970205,696.0281211687943,913.8172024800914,1425.0502593213175,696.0281211687943,402.45022175022547,293.57789941856885,2251.957076591531,527.1595934889447,168.86852767984965,913.8172024800914,0.0,1425.0502593213175,0.0,766.777590529374,239.61799704042937,2338.867461801409,3118.489949068545,779.6224872671362,168.86852767984965,56.28950922661655,225.1580369064662,3.377370553596993,41.66501866761592,0.0,204.1273032613215,1324.6996860167164,4359.595268986922,3885.2675395979186,0.0,0.0,0.0,0.0,0.0,142.41512535108836,23.95251096986059,0.0,0.0,0.0,4.547473508864641e-13,0.0
2025-06-08 21:00:00+00:00,4,59.0,3007.7975109015924,690.8153329036151,908.0006710135433,1408.9815069844328,690.815332903615,400.801693085124,290.013639818491,2251.957076591531,524.1686858416407,166.64664706197436,908.0006710135433,0.0,1408.9815069844328,0.0,762.4271794060229,238.25849356438215,2316.982177997976,3089.309570663968,772.327392665992,166.64664706197436,55.54888235399145,222.1955294159658,3.332932941239487,41.32983520025063,0.0,202.47388068277695,1313.2714174086327,4321.068928310225,3851.7367500699906,0.0,0.0,0.0,0.0,0.0,142.41512535108836,23.94927753909395,0.0,0.0,0.0,-4.547473508864641e-13,0.0
2025-06-08 22:00:00+00:00,4,59.0,2975.856033715487,682.0174905831174,899.3191999426213,1394.5193431897494,682.0174905831174,397.41916644939903,284.59832413371834,2251.957076591531,517.3483001691385,164.66919041397887,899.3191999426213,0.0,1394.5193431897494,0.0,752.5066184278378,235.1583182586993,2293.8385431323704,3058.4513908431604,764.6128477107901,164.66919041397887,54.889730137992956,219.55892055197182,3.2933838082795774,40.92476943017613,0.0,200.0245727632206,1298.9036221091587,4274.759655824646,3810.9580092709984,0.0,0.0,0.0,0.0,0.0,142.41512535108836,23.94804661474111,0.0,0.0,0.0,4.547473508864641e-13,0.0
2025-06-08 23:00:00+00:00,4,59.0,2972.2519996359006,679.0586820215597,897.234704041852,1395.9586135724885,679.0586820215597,395.72024851250967,283.33843350905,2251.957076591531,515.6222872320113,163.43639478954833,897.234704041852,0.0,1395.9586135724885,0.0,749.9960541556528,234.37376692364148,2293.1933176143402,3057.5910901524535,764.3977725381134,163.43639478954833,54.478798263182775,217.9151930527311,3.2687278957909665,40.87662725698044,0.0,199.38203489070398,1296.7777277684133,4269.029727404313,3807.5871443081064,0.0,0.0,0.0,0.0,0.0,142.41512535108836,23.95111914586104,0.0,0.0,0.0,-6.821210263296962e-13,0.0
2025-07-04 00:00:00+00:00,5,66.0,2818.240359639253,643.0296389202995,845.1692709733852,1330.0414497455677,643.0296389202995,369.69956727857584,273.33007164172363,2251.957076591531,479.6596983696081,163.36994055069135,845.1692709733852,0.0,1330.0414497455677,0.0,697.6868339921573,218.02713562254914,2175.210720718953,2900.280960958604,725.070240239651,163.36994055069135,54.45664685023045,217.8265874009218,3.267398811013827,38.655492626657235,0.0,189.04198327659492,1228.5188974266964,4535.633415291377,3597.9677949507613,0.0,0.0,0.0,488.8741582254279,0.0,606.201874108056,23.963865646293083,0.0,0.0,0.0,-2.2737367544323206e-13,0.0
2025-07-04 01:00:00+00:00,5,66.0,2774.3114535455616,633.0215543468926,828.4919624430745,1312.7979367555922,633.0215543468926,362.87100449912117,270.1505498477714,2251.957076591531,471.02160748563983,161.99994686125274,828.4919624430745,0.0,1312.7979367555922,0.0,685.1223381609307,214.10073067529083,2141.2898991986667,2855.0531989315555,713.7632997328889,161.99994686125274,53.999982287084244,215.99992914833697,3.2399989372250544,37.982738240848164,0.0,186.17908025108278,1209.2658301244198,3983.5772836699816,3540.175537092486,0.0,0.0,0.0,0.0,0.0,606.201874108056,23.963134773908145,0.0,0.0,0.0,2.2737367544323206e-13,0.0
2025-07-04 02:00:00+00:00,5,66.0,2760.9594491582247,629.6496276994036,824.5714761948649,1306.7383452639563,629.6496276994035,360.8430636049877,268.8065640944158,2251.957076591531,468.66982186277124,160.97980583663235,824.5714761948649,0.0,1306.7383452639563,0.0,681.7015590731219,213.03173721035057,2131.3098214588213,2841.7464286117615,710.4366071529404,160.97980583663235,53.65993527887745,214.6397411155098,3.219596116732647,37.80452773848551,0.0,185.20571013744362,1203.3581136348303,3964.317562793055,3523.4479876848836,0.0,0.0,0.0,0.0,0.0,606.201874108056,23.96428282264031,0.0,0.0,0.0,0.0,0.0
2025-07-04 03:00:00+00:00,5,66.0,2753.5121730464352,629.5008259188911,823.2092760079946,1300.8020711195477,629.5008259188912,360.41477606452065,269.0860498543705,2251.957076591531,467.96900093196246,161.53182498692865,823.2092760079946,0.0,1300.8020711195477,0.0,680.6821831737636,212.71318224180112,2124.011347127542,2832.0151295033893,708.0037823758473,161.53182498692865,53.843941662309554,215.37576664923822,3.2306364997385733,37.704298991435316,0.0,184.99062149912348,1200.4864632702554,4666.0742630721315,3512.6973126771527,0.0,0.0,0.0,712.0756267554418,0.0,1281.7361281597953,23.963874832511728,0.0,0.0,0.0,-9.094947017729282e-13,0.0
2025-07-04 04:00:00+00:00,5,66.0,2746.0345353449115,628.2609564994665,821.7751624759711,1295.9984163694735,628.2609564994664,360.11669042906175,268.1442660704047,2251.957076591531,466.92270702695174,161.33824947251475,821.7751624759711,0.0,1295.9984163694735,0.0,679.1603011301116,212.23759410315986,2117.7735788454447,2823.6981051272596,705.9245262818149,161.33824947251475,53.77941649083825,215.117665963353,3.2267649894502948,37.61323903797387,0.0,184.57509802285728,1197.3566389260943,3943.391174271005,3502.8584062573714,0.0,0.0,0.0,0.0,0.0,1281.7361281597953,23.962988872048612,0.0,0.0,0.0,-6.821210263296962e-13,0.0
2025-07-04 05:00:00+00:00,5,66.0,2742.154172633252,627.1919665345398,820.2217298845397,1294.7404762141741,627.1919665345397,358.86843214813007,268.3235343864097,2251.957076591531,465.747383444778,161.4445830897618,820.2217298845397,0.0,1294.7404762141741,0.0,677.4507395560407,211.7033561112627,2114.962206098714,2819.9496081316183,704.9874020329046,161.4445830897618,53.8148610299206,215.2594441196824,3.228891661795236,37.554056658677936,0.0,184.27725555124374,1195.5658230458048,3937.719995679057,3497.400347687659,0.0,0.0,0.0,0.0,0.0,1281.7361281597953,23.965565465386295,0.0,0.0,0.0,0.0,0.0
2025-07-04 06:00:00+00:00,5,66.0,2725.883905048667,624.1742204524844,816.1659248748556,1285.5437597213277,624.1742204524844,357.7307435443969,266.4434769080875,2251.957076591531,463.38639869836743,160.78782175411698,816.1659248748556,0.0,1285.5437597213277,0.0,674.0165799248981,210.63018122653065,2101.7096845961833,2802.2795794615777,700.5698948653944,160.78782175411698,53.59594058470566,214.38376233882263,3.2157564350823393,37.34041534345894,0.0,183.32803726752292,1188.680225722695,3914.5641307713604,3476.2961593864757,0.0,0.0,0.0,0.0,0.0,1281.7361281597953,23.963612109562476,0.0,0.0,0.0,-1.8189894035458565e-12,0.0
2025-07-04 07:00:00+00:00,5,66.0,2750.898024777563,631.1965940643588,825.0456371569837,1294.6557935562198,631.1965940643588,361.66869818036986,269.5278958839889,2251.957076591531,469.1405973202675,162.05599674409132,825.0456371569837,0.0,1294.6557935562198,0.0,682.3863233749346,213.24572605466705,2119.7014307132035,2826.2685742842714,706.5671435710678,162.05599674409132,54.01866558136377,216.07466232545508,3.241119934881826,37.697927050271716,0.0,185.22602091205178,1199.9966031043039,3950.894627881866,3508.6548976592057,0.0,0.0,0.0,0.0,0.0,1281.7361281597953,23.962883802144617,0.0,0.0,0.0,-6.821210263296962e-13,0.0
2025-07-04 08:00:00+00:00,5,66.0,2781.6229960812484,637.7956757134737,835.7280543692087,1308.0992659985654,637.7956757134737,366.21165205562676,271.58402365784696,2251.957076591531,473.78584487852066,164.009830834953,835.7280543692087,0.0,1308.0992659985654,0.0,689.14304709603,215.35720221750938,2143.827320367774,2858.436427157032,714.609106789258,164.009830834953,54.669943611651,218.679774446604,3.28019661669906,38.15283429106192,0.0,187.18798153592596,1213.2572650621053,3994.8802611433534,3547.579474253062,0.0,0.0,0.0,0.0,0.0,1281.7361281597953,23.9627019799075,0.0,0.0,0.0,-2.2737367544323206e-13,0.0
2025-07-04 09:00:00+00:00,5,66.0,2776.4756009080784,636.7058385742938,832.232216750336,1307.5375455834485,636.7058385742939,364.5474428139725,272.15839576032135,2251.957076591531,472.08331788689526,164.62252068739855,832.232216750336,0.0,1307.5375455834485,0.0,686.6666441991204,214.5833263122251,2139.7697623337845,2853.026349778379,713.2565874445947,164.62252068739855,54.87417356246618,219.49669424986473,3.2924504137479707,38.042341958344565,0.0,186.8928659789233,1210.941745670302,3987.417346578381,3539.692993977499,0.0,0.0,0.0,0.0,0.0,1281.7361281597953,23.963415660207737,0.0,0.0,0.0,6.821210263296962e-13,0.0
2025-07-04 10:00:00+00:00,5,66.0,2749.9392623389845,632.9880295479007,828.3279052211076,1288.623327569976,632.9880295479009,363.5794317043249,269.4085978435759,2251.957076591531,469.10274054677353,163.8852890011272,828.3279052211076,0.0,1288.623327569976,0.0,682.3312589771251,213.22851843035158,2116.9512327910834,2822.6016437214444,705.6504109303611,163.8852890011272,54.628429667042404,218.51371866816962,3.277705780022544,37.73607043233299,0.0,185.5080462097619,1200.0291814498726,3949.968443788857,3504.9329026985697,0.0,0.0,0.0,0.0,0.0,1281.7361281597953,23.961271596470468,0.0,0.0,0.0,-2.2737367544323206e-13,0.0
2025-07-04 11:00:00+00:00,5,66.0,2729.8440828788735,628.944326795561,822.3878729874965,1278.511883095816,628.944326795561,360.70273950481953,268.2415872907414,2251.957076591531,467.45989969404997,161.48442710151102,1.4748562731452893e-12,822.387872987495,1278.511883095816,0.0,679.9416722822546,212.48177258820454,1278.5118830958174,1704.6825107944233,426.1706276986058,161.48442710151102,53.82814236717034,1037.7004424561765,15.565506636842647,29.232876290708106,16.4477574597499,184.2338083571584,937.9604913984398,2955.7289475218718,2384.6241830766776,0.0,0.0,0.0,0.0,712.0756267554418,531.1425125467516,23.96203805592113,0.0,0.0,0.0,5.684341886080801e-13,0.0
2025-07-04 12:00:00+00:00,5,66.0,2640.408421575164,606.580544061947,793.3901871946593,1240.4376903185569,606.580544061947,347.9344144931606,258.6461295687863,2251.957076591531,451.6997637708281,154.88078029111887,0.0,793.3901871946593,1240.4376903185569,0.0,657.0178382121136,205.3180744412855,1240.4376903185569,1653.9169204247423,413.4792301061856,154.88078029111887,51.62692676370629,999.8978942494845,14.998468413742266,28.272180647078756,15.867803743893187,177.9113061732726,907.4739902891641,3179.1032321369876,2310.934758636856,0.0,0.0,0.0,0.0,368.7791797273409,142.41512535108836,23.9642005580926,0.0,0.0,0.0,1.1368683772161603e-13,0.0
2025-07-04 13:00:00+00:00,5,66.0,2663.4376508569358,609.2788555813444,797.6322439456895,1256.5265513299034,609.2788555813443,348.85553194751736,260.42332363382695,2251.957076591531,454.04590549368646,155.2329500876579,797.6322439456895,0.0,1256.5265513299034,0.0,660.4304079908167,206.3845024971302,2054.158795275593,2738.8783937007906,684.7195984251977,155.2329500876579,51.74431669588597,206.97726678354388,3.1046590017531583,36.49423283166972,0.0,178.9601713300455,1161.4074807816821,4313.719289864046,3399.308801691607,0.0,0.0,0.0,488.8741582254279,0.0,606.201874108056,23.967144655136718,0.0,0.0,0.0,2.2737367544323206e-13,0.0
2025-07-04 14:00:00+00:00,5,66.0,2712.354349978731,619.4205517219492,811.5495158272399,1281.384282429542,619.4205517219492,354.10011020354426,265.32044151840495,2251.957076591531,461.82388098898787,157.59667073296134,811.5495158272399,0.0,1281.384282429542,0.0,671.7438268930733,209.9199459040854,2092.933798256782,2790.5783976757093,697.6445994189273,157.59667073296134,52.53222357765378,210.12889431061512,3.1519334146592266,37.16032829911262,0.0,182.0101968235809,1182.4192274380193,3894.7735774167495,3462.3222245687825,0.0,0.0,0.0,0.0,0.0,606.201874108056,23.968305739038595,0.0,0.0,0.0,-9.094947017729282e-13,0.0
2025-07-04 15:00:00+00:00,5,66.0,2751.8690673449673,628.7639740227803,821.5064498468039,1301.5986434753816,628.7639740227803,358.4484963916904,270.31547763108995,2251.957076591531,469.64801286606746,159.11596115671284,821.5064498468039,0.0,1301.5986434753816,0.0,683.1243823506436,213.4763694845761,2123.1050933221854,2830.8067910962473,707.7016977740618,159.11596115671284,53.03865371890428,212.1546148756171,3.1823192231342565,37.66117993015793,0.0,184.74626307373097,1199.8064832045652,4663.751177304974,3513.931173446891,0.0,0.0,0.0,712.0756267554418,0.0,1281.7361281597953,23.967942622966515,0.0,0.0,0.0,-6.821210263296962e-13,0.0
2025-07-04 16:00:00+00:00,5,66.0,2760.8345873863886,631.0582277815122,823.2028510563177,1306.5735085485578,631.0582277815122,358.72231691784265,272.3359108636695,2251.957076591531,470.8039799567331,160.2542478247791,0.0,823.2028510563177,1306.5735085485578,0.0,684.8057890279754,214.0018090712423,1306.5735085485578,1742.098011398077,435.52450284951925,160.2542478247791,53.4180826082597,1036.8751814893565,15.553127722340346,29.529792106611932,16.464057021126354,185.39522441463671,949.8865957937365,2998.6455564246835,2426.9038004260524,0.0,0.0,0.0,0.0,712.0756267554418,531.1425125467516,23.969022154968517,0.0,0.0,0.0,-1.1368683772161603e-13,0.0
2025-07-04 17:00:00+00:00,5,66.0,2761.2847957782765,631.1500706514506,821.6501676955778,1308.484557431248,631.1500706514506,358.12346730170646,273.02660334974416,2251.957076591531,471.0818315272508,160.0682391241998,821.6501676955778,0.0,1308.484557431248,0.0,685.2099367669103,214.12810523965948,2130.1347251268257,2840.179633502434,710.0449083756085,160.0682391241998,53.3560797080666,213.4243188322664,3.201364782483996,37.73435060517981,0.0,185.44934069067216,1203.9141494016706,3965.1989451799473,3525.3895702693444,0.0,0.0,0.0,0.0,0.0,531.1425125467516,23.96873526070216,0.0,0.0,0.0,2.2737367544323206e-13,0.0
2025-07-04 18:00:00+00:00,5,66.0,3000.193083244442,683.2326543206311,890.4333021925931,1426.5271267312157,683.2326543206311,387.40921319384023,295.82344112679095,2251.957076591531,506.7332903640539,176.4993639565772,890.4333021925931,0.0,1426.5271267312157,0.0,737.0666041658966,230.33331380184268,2316.9604289238086,3089.2805718984114,772.3201429746028,176.4993639565772,58.83312131885907,235.33248527543628,3.5299872791315443,40.97827033308995,0.0,201.0763429640669,1307.071178671593,3938.4850821886935,3826.347176064308,0.0,0.0,0.0,0.0,368.7791797273409,142.41512535108836,23.968772855605792,0.0,0.0,0.0,-6.821210263296962e-13,0.0
2025-07-04 19:00:00+00:00,5,66.0,2979.2868905398427,677.7720250970928,884.4572031176525,1417.0576623250988,677.7720250970926,384.66613959511477,293.1058855019779,2251.957076591531,502.4383493784263,175.33367571866643,884.4572031176525,0.0,1417.0576623250988,0.0,730.8194172777111,228.3810678992847,2301.514865442751,3068.6864872570013,767.1716218142503,175.33367571866643,58.44455857288881,233.77823429155524,3.5066735143733285,40.704292716780564,0.0,199.53727436306508,1297.7454888806428,4277.032379420484,3799.5059045347125,0.0,0.0,0.0,0.0,0.0,142.41512535108836,23.968942621729198,0.0,0.0,0.0,-1.3642420526593924e-12,0.0
2025-07-04 20:00:00+00:00,5,66.0,2756.4462746615827,631.0209014215314,826.4017082394286,1299.0236650006254,631.0209014215313,359.7176002124835,271.3033012090479,2251.957076591531,471.7133896885926,159.30751173293885,826.4017082394286,0.0,1299.0236650006254,0.0,686.1285668197711,214.41517713117847,2125.425373240054,2833.900497653405,708.4751244133513,159.30751173293885,53.102503910979614,212.41001564391846,3.186150234658777,37.78228789718911,0.0,185.08285283931937,1202.0440964266766,3958.4903710882586,3520.0290644731763,0.0,0.0,0.0,0.0,0.0,142.41512535108836,23.96867892323616,0.0,0.0,0.0,-6.821210263296962e-13,0.0
2025-07-04 21:00:00+00:00,5,66.0,2678.48131628407,611.3315283039037,805.8063848667271,1261.3434031134418,611.3315283039037,351.39963970361697,259.93188860028675,2251.957076591531,460.83155892950845,150.49996937439528,805.8063848667271,0.0,1261.3434031134418,0.0,670.3004493520123,209.46889042250382,2067.149787980169,2756.199717306892,689.049929326723,150.49996937439528,50.16665645813176,200.66662583252705,3.0099993874879054,36.78762557713623,0.0,179.45514902689732,1167.9382501988803,3846.419566482948,3426.500166658904,0.0,0.0,0.0,0.0,0.0,142.41512535108836,23.96853191545364,0.0,0.0,0.0,-2.2737367544323206e-12,0.0
2025-07-04 22:00:00+00:00,5,66.0,2653.3286196868225,605.9173190114017,800.35220868477,1247.0590919906504,605.9173190114016,349.40972403217484,256.5075949792268,2251.957076591531,457.97875283564576,147.9385661757559,800.35220868477,0.0,1247.0590919906504,0.0,666.1509132154848,208.172160379839,2047.4113006754203,2729.8817342338934,682.4704335584734,147.9385661757559,49.31285539191864,197.25142156767456,2.9587713235151183,36.4811571804496,0.0,177.81240052555665,1157.2077783597524,3810.5363980465745,3396.032647449378,0.0,0.0,0.0,0.0,0.0,142.41512535108836,23.967617186553095,0.0,0.0,0.0,-4.547473508864641e-13,0.0
2025-07-04 23:00:00+00:00,5,66.0,2639.941990440102,599.4870548820562,796.1338439322105,1244.3210916258345,599.4870548820561,348.05590201539223,251.43115286666392,2251.957076591531,454.8767236979873,144.6103311840689,796.1338439322105,0.0,1244.3210916258345,0.0,661.638870833436,206.76214713544874,2040.454935558045,2720.60658074406,680.151645186015,144.6103311840689,48.20344372802297,192.81377491209187,2.892206623681378,36.32722623422466,0.0,176.30921604367103,1150.6458849510639,3790.587875391166,3382.245451577496,0.0,0.0,0.0,0.0,0.0,142.41512535108836,23.966691984416492,0.0,0.0,0.0,2.2737367544323206e-13,0.0
2025-09-25 00:00:00+00:00,6,31.0,2901.6103379852475,656.9873851571232,887.7866845197678,1356.8362683083587,656.9873851571232,392.80425752701007,264.1831276301131,2251.957076591531,501.1910363636929,155.7963487934303,887.7866845197678,0.0,1356.8362683083587,0.0,729.0051438017351,227.8141074380422,2244.6229528281265,2992.8306037708353,748.2076509427088,155.7963487934303,51.93211626447677,207.72846505790707,3.115926975868606,40.201963218676624,0.0,193.28281088889202,1264.554575728665,4166.164913713912,3721.8357475725707,0.0,0.0,0.0,0.0,0.0,142.41512535108836,23.94399901507989,0.0,0.0,0.0,-4.547473508864641e-13,0.0
2025-09-25 01:00:00+00:00,6,31.0,2813.053221362433,635.3292186743487,860.7851117274056,1316.9388909606798,635.3292186743487,380.5969196124963,254.73229906185233,2251.957076591531,484.5499272439975,150.77929143035118,860.7851117274056,0.0,1316.9388909606798,0.0,704.7998941730873,220.24996692908977,2177.7240026880854,2903.6320035841136,725.9080008960284,150.77929143035118,50.25976381011706,201.03905524046823,3.015585828607023,38.992942261428965,0.0,187.06814170906497,1225.4944014343362,4750.623249552211,3608.431897757201,0.0,0.0,0.0,712.0756267554418,0.0,817.9493794028276,23.945897996406426,0.0,0.0,0.0,0.0,0.0
2025-09-25 02:00:00+00:00,6,31.0,2778.8391508903856,629.1661294249977,850.0985620544548,1299.5744594109308,629.1661294249977,376.2193046978925,252.94682472710525,2251.957076591531,480.3261690699806,148.83996035501713,850.0985620544548,0.0,1299.5744594109308,0.0,698.6562459199719,218.3300768499912,2149.6730214653853,2866.2306952871804,716.5576738217951,148.83996035501713,49.61332011833904,198.45328047335616,2.9767992071003424,38.498701455742946,0.0,185.08049953232438,1211.0570709852932,3989.8962218756783,3564.886941207152,0.0,0.0,0.0,0.0,0.0,817.9493794028276,23.945052144192136,0.0,0.0,0.0,-4.547473508864641e-13,0.0
2025-09-25 03:00:00+00:00,6,31.0,2801.830507389542,635.0190597299668,856.4587549947091,1310.3526926648656,635.0190597299668,379.3023220975324,255.7167376324344,2251.957076591531,485.56027753805444,149.45878219191235,856.4587549947091,0.0,1310.3526926648656,0.0,706.2694946008065,220.70921706275203,2166.8114476595747,2889.081930212766,722.2704825531915,149.45878219191235,49.81959406397078,199.27837625588313,2.989175643838247,38.79728957648993,0.0,186.74248380966245,1221.328242709905,4512.032908324875,3595.3514248135725,0.0,0.0,0.0,488.8741582254279,0.0,1281.7361281597953,23.943747497648204,0.0,0.0,0.0,2.2737367544323206e-13,0.0
2025-09-25 04:00:00+00:00,6,31.0,2797.6655864432987,631.595503055509,852.4363178695588,1313.6337655182303,631.595503055509,376.76934744099236,254.82615561451664,2251.957076591531,485.37650169307807,146.2190013624309,852.4363178695588,0.0,1313.6337655182303,0.0,706.0021842808409,220.62568258776275,2166.070083387789,2888.093444517052,722.023361129263,146.2190013624309,48.7396671208103,194.9586684832412,2.9243800272486182,38.70942719126907,0.0,186.02686611059866,1219.0493841669522,4016.7149706102514,3594.095628797893,0.0,0.0,0.0,0.0,0.0,1281.7361281597953,23.94716523802966,0.0,0.0,0.0,4.547473508864641e-13,0.0
2025-09-25 05:00:00+00:00,6,31.0,2851.1160942723395,643.1671459629124,866.232957972285,1341.715990337142,643.1671459629124,382.87816856815937,260.2889773947531,2251.957076591531,494.84862111399576,148.31852484891664,866.232957972285,0.0,1341.715990337142,0.0,719.7798125294483,224.9311914154526,2207.948948309427,2943.931931079236,735.982982769809,148.31852484891664,49.43950828297221,197.75803313188885,2.9663704969783327,39.40414864253997,0.0,189.52213111392288,1242.246332721675,4093.362426994014,3663.7117436086846,0.0,0.0,0.0,0.0,0.0,1281.7361281597953,23.946204833641843,0.0,0.0,0.0,-2.2737367544323206e-13,0.0
2025-09-25 06:00:00+00:00,6,31.0,2897.596325228168,652.330599547939,880.3121503514249,1364.9535753288033,652.330599547939,388.53082777956826,263.7997717683707,2251.957076591531,502.0092904496192,150.32130909831977,880.3121503514249,0.0,1364.9535753288033,0.0,730.1953315630825,228.18604111346326,2245.265725680228,2993.687634240304,748.421908560076,150.32130909831977,50.10710303277326,200.42841213109304,3.0064261819663955,40.05890026383078,0.0,192.3601249652547,1262.1405041173643,4159.736829345532,3723.8829658033865,0.0,0.0,0.0,0.0,0.0,1281.7361281597953,23.947747567860475,0.0,0.0,0.0,-4.547473508864641e-13,0.0
2025-09-25 07:00:00+00:00,6,31.0,2939.804260036653,659.0863600525695,890.509072343768,1390.2088276403147,659.0863600525695,392.89471573445934,266.1916443181102,2251.957076591531,507.98842099128825,151.09793906128124,890.509072343768,0.0,1390.2088276403147,0.0,738.8922487146011,230.90382772331284,2280.7178999840826,3040.9571999787768,760.2392999946942,151.09793906128124,50.36597968709375,201.463918748375,3.021958781225625,40.61736044671619,0.0,194.7013637037688,1279.8497903368113,4219.654050373464,3779.849448693378,0.0,0.0,0.0,0.0,0.0,1281.7361281597953,23.948629473423125,0.0,0.0,0.0,-2.2737367544323206e-13,0.0
2025-09-25 08:00:00+00:00,6,31.0,2945.080060947703,661.5979983526236,893.271505566814,1390.2105570282674,661.5979983526236,393.9401516541076,267.6578466985159,2251.957076591531,510.34506205248084,151.25293630014272,893.271505566814,0.0,1390.2105570282674,0.0,742.320090258154,231.9750282056731,2283.4820625950815,3044.6427501267754,761.1606875316938,151.25293630014272,50.417645433380905,201.67058173352362,3.0250587260028543,40.70025073728709,0.0,195.30857148443795,1282.5872421184758,4227.667303066178,3786.962840384929,0.0,0.0,0.0,0.0,0.0,1281.7361281597953,23.94989046274046,0.0,0.0,0.0,-9.094947017729282e-13,0.0
2025-09-25 09:00:00+00:00,6,31.0,2930.317398884138,659.5181396446472,888.0328931822149,1382.7663660572764,659.5181396446472,392.43055895803315,267.0875806866141,2251.957076591531,508.1470326340217,151.37110701062556,888.0328931822149,0.0,1382.7663660572764,0.0,739.122956558577,230.9759239245553,2270.799259239491,3027.7323456526547,756.9330864131637,151.37110701062556,50.45703567020852,201.82814268083408,3.027422140212511,40.468650456039214,0.0,194.59755360915213,1276.4596722133315,4206.777071097469,3766.855302211232,0.0,0.0,0.0,0.0,0.0,1281.7361281597953,23.94763229096417,0.0,0.0,0.0,-4.547473508864641e-13,0.0
2025-09-25 10:00:00+00:00,6,31.0,2948.936314313021,661.0496591927786,893.7409544321741,1394.1457006880692,661.0496591927786,394.32058679656404,266.7290723962146,2251.957076591531,507.7661213349397,153.28353785783884,893.7409544321741,0.0,1394.1457006880692,0.0,738.5689037599124,230.8027824249726,2287.886655120243,3050.5155401603242,762.6288850400811,153.28353785783884,51.09451261927961,204.37805047711845,3.0656707571567767,40.75368563984591,0.0,195.3294104631466,1283.6749469444824,3863.832081530162,3789.0844439202365,0.0,0.0,0.0,0.0,368.7791797273409,893.008740964132,23.949505547638086,0.0,0.0,0.0,2.2737367544323206e-13,0.0
2025-09-25 11:00:00+00:00,6,31.0,2984.0348840763613,670.4751255785018,904.7050146047144,1408.8547438931441,670.4751255785018,399.703930965889,270.77119461261276,2251.957076591531,515.3540570955502,155.1210684829516,904.7050146047144,0.0,1408.8547438931441,0.0,749.6059012298912,234.25184413434098,2313.5597584978586,3084.746344663811,771.1865861659528,155.1210684829516,51.70702282765054,206.82809131060216,3.1024213696590324,41.22969787707288,0.0,197.94784286266426,1299.4254152373403,3571.38467255826,3834.3522458937023,0.0,0.0,0.0,0.0,712.0756267554418,142.41512535108836,23.946612864036172,0.0,0.0,0.0,-2.2737367544323206e-13,0.0
2025-09-25 12:00:00+00:00,6,31.0,2952.3289487971765,664.6445678980272,901.0199591324989,1386.6644217666487,664.6445678980272,398.4293550309864,266.21521286704075,2251.957076591531,509.05987668685253,155.58469121117463,901.0199591324989,0.0,1386.6644217666487,0.0,740.450729726331,231.39085303947843,2287.6843808991475,3050.245841198863,762.5614602997158,155.58469121117463,51.86156373705821,207.44625494823285,3.111693824223493,40.897242991641455,0.0,196.00801728834148,1285.830831180459,4238.159779977635,3790.6965709251945,0.0,0.0,0.0,0.0,0.0,142.41512535108836,23.94558159160507,0.0,0.0,0.0,-9.094947017729282e-13,0.0
2025-09-25 13:00:00+00:00,6,31.0,2912.9973999582544,654.212471478296,888.3733560619398,1370.4115724180203,654.212471478296,393.11509558731603,261.09737589097995,2251.957076591531,501.5507302689723,152.66174120932374,888.3733560619398,0.0,1370.4115724180203,0.0,729.528334936687,227.97760466771467,2258.7849284799604,3011.7132379732802,752.9283094933201,152.66174120932374,50.88724706977458,203.54898827909832,3.053234824186475,40.3553164060384,0.0,193.10927420778233,1268.3109866688164,4670.182544852498,3741.241572909967,0.0,0.0,0.0,488.8741582254279,0.0,606.201874108056,23.945197582227088,0.0,0.0,0.0,-9.094947017729282e-13,0.0
2025-09-25 14:00:00+00:00,6,31.0,2897.536658208427,652.2019772685218,881.41791246929,1363.9167684706158,652.2019772685218,390.950645738848,261.2513315296738,2251.957076591531,500.2043803579328,151.99759691058898,881.41791246929,0.0,1363.9167684706158,0.0,727.5700077933568,227.365627435424,2245.334680939906,2993.779574586541,748.4448936466353,151.99759691058898,50.665865636862996,202.66346254745199,3.0399519382117797,40.081705058784856,0.0,192.42255206026377,1262.0205957761825,4159.55725398461,3721.3495823798976,0.0,0.0,0.0,0.0,0.0,606.201874108056,23.94222805667607,0.0,0.0,0.0,2.2737367544323206e-13,0.0
2025-09-25 15:00:00+00:00,6,31.0,2901.2151153021136,650.2458412202375,881.4515600401019,1369.5177140417748,650.2458412202375,390.16831075543837,260.0775304647991,2251.957076591531,499.5395118642918,150.70632935594568,881.4515600401019,0.0,1369.5177140417748,0.0,726.6029263480608,227.06341448376898,2250.9692740818764,3001.2923654425017,750.3230913606254,150.70632935594568,50.23544311864856,200.94177247459425,3.0141265871189136,40.1387239416208,0.0,192.1278213973644,1262.902620889147,4876.193362946702,3727.8952917905626,0.0,0.0,0.0,712.0756267554418,0.0,1281.7361281597953,23.944748965476567,0.0,0.0,0.0,-4.547473508864641e-13,0.0
2025-09-25 16:00:00+00:00,6,31.0,2901.737994427714,651.6684606557561,882.7181855883425,1367.3513481836158,651.6684606557562,390.87523116230733,260.79322949344885,2251.957076591531,500.5713811905281,151.09707946522803,882.7181855883425,0.0,1367.3513481836158,0.0,728.1038271862227,227.5324459956946,2250.069533771958,3000.0927116959438,750.0231779239859,151.09707946522803,50.36569315507601,201.46277262030404,3.0219415893045602,40.15505904948643,0.0,192.39561152323037,1263.4939292367778,4165.231923664493,3728.1965388821664,0.0,0.0,0.0,0.0,0.0,1281.7361281597953,23.9442397865438,0.0,0.0,0.0,6.821210263296962e-13,0.0
2025-09-25 17:00:00+00:00,6,31.0,2922.2616041557385,658.35440582962,890.1686574480752,1373.7385408780442,658.35440582962,394.3186742312964,264.03573159832354,2251.957076591531,504.8148367096569,153.53956911996306,890.1686574480752,0.0,1373.7385408780442,0.0,734.2761261231374,229.46128941348042,2263.907198326119,3018.5429311014923,754.6357327753731,153.53956911996306,51.17985637332102,204.7194254932841,3.0707913823992614,40.4424451322227,0.0,194.13925652822613,1272.9293716050224,4195.190975760761,3752.8190572246294,0.0,0.0,0.0,0.0,0.0,1281.7361281597953,23.94325407435355,0.0,0.0,0.0,0.0,0.0
2025-09-25 18:00:00+00:00,6,31.0,2984.318557264252,672.0875408557779,908.0250849562125,1404.2059314522626,672.0875408557779,401.8666379274974,270.2209029282805,2251.957076591531,513.7728147895024,158.3147260662755,908.0250849562125,0.0,1404.2059314522626,0.0,747.3059124210944,233.53309763159197,2312.231016408475,3082.9746885446334,770.7436721361584,158.3147260662755,52.77157535542517,211.08630142170068,3.16629452132551,41.282811863209005,0.0,198.22727646494053,1299.7247279726505,3571.96765848146,3830.280600965728,0.0,0.0,0.0,0.0,712.0756267554418,531.1425125467516,23.942993061751775,0.0,0.0,0.0,-2.2737367544323206e-13,0.0
2025-09-25 19:00:00+00:00,6,31.0,3005.1735252236713,677.0563745742653,914.5374380052389,1413.5797126441664,677.0563745742653,404.3261775986189,272.7301969756464,2251.957076591531,516.7923827335533,160.26399184071204,914.5374380052389,0.0,1413.5797126441664,0.0,751.6980112488047,234.90562851525146,2328.117150649405,3104.1562008658734,776.0390502164684,160.26399184071204,53.42133061357068,213.68532245428273,3.2052798368142406,41.57192026659882,0.0,199.65354517565518,1308.7967546243588,3945.1911001206886,3855.8542121146784,0.0,0.0,0.0,0.0,368.7791797273409,142.41512535108836,23.944248959506595,0.0,0.0,0.0,-6.821210263296962e-13,0.0
2025-09-25 20:00:00+00:00,6,31.0,3020.229052487607,679.9835825088039,918.8621501228104,1421.3833198559926,679.9835825088039,406.68234855635166,273.30123395245226,2251.957076591531,518.4736778286937,161.50990468011025,918.8621501228104,0.0,1421.3833198559926,0.0,754.1435313871908,235.66985355849712,2340.245469978803,3120.3272933050707,780.0818233262677,161.50990468011025,53.83663489337008,215.34653957348033,3.230198093602205,41.779697702244235,0.0,200.58160072624065,1315.179808300222,4335.408860787828,3874.4708246922614,0.0,0.0,0.0,0.0,0.0,142.41512535108836,23.94209528098596,0.0,0.0,0.0,-6.821210263296962e-13,0.0
2025-09-25 21:00:00+00:00,6,31.0,2950.7057417030483,665.0673005760628,899.13288166631,1386.5055594606756,665.0673005760627,398.09703705464824,266.97026352141455,2251.957076591531,506.46996159537775,158.5973389806851,899.13288166631,0.0,1386.5055594606756,0.0,736.6835805023677,230.2136189069899,2285.6384411269855,3047.5179215026474,761.8794803756618,158.5973389806851,52.86577966022836,211.46311864091345,3.1719467796137018,40.839042044596056,0.0,196.08434544209138,1285.054213209181,4235.75995491223,3784.201502005015,0.0,0.0,0.0,0.0,0.0,142.41512535108836,23.942532543276222,0.0,0.0,0.0,4.547473508864641e-13,0.0
2025-09-25 22:00:00+00:00,6,31.0,3008.2873212151394,676.7860584839517,915.0691199752792,1416.432142755906,676.7860584839517,404.7928328221082,271.9932256618435,2251.957076591531,515.5880232552068,161.19803522874486,915.0691199752792,0.0,1416.432142755906,0.0,749.9462156439373,234.3581923887304,2331.5012627311853,3108.6683503082468,777.1670875770617,161.19803522874486,53.73267840958162,214.93071363832647,3.223960704574897,41.61639502681744,0.0,199.69104200768976,1309.7893561144556,4318.0766773295945,3858.614565952184,0.0,0.0,0.0,0.0,0.0,142.41512535108836,23.942699630308162,0.0,0.0,0.0,-4.547473508864641e-13,0.0
2025-09-25 23:00:00+00:00,6,31.0,3018.9215469377955,680.4081426813435,918.2138798930199,1420.2995243634316,680.4081426813436,406.2778279972781,274.13031468406547,2251.957076591531,519.5380574117295,160.87008526961404,918.2138798930199,0.0,1420.2995243634316,0.0,755.6917198716066,236.15366245987704,2338.5134042564514,3118.017872341935,779.5044680854837,160.87008526961404,53.62336175653801,214.49344702615204,3.2174017053922803,41.74941164042491,0.0,200.63314349458852,1314.8814491423043,4333.802996080099,3873.7095922135413,0.0,0.0,0.0,0.0,0.0,142.41512535108836,23.942374911861112,0.0,0.0,0.0,-1.1368683772161603e-12,0.0
2025-10-25 00:00:00+00:00,7,36.0,2528.7797424181535,575.0914974141049,780.2649383613925,1173.423306642654,575.0914974141049,346.7478035282157,228.34369388588917,2251.957076591531,438.6191572399845,136.4723401741204,780.2649383613925,0.0,1173.423306642654,0.0,637.9915014399775,199.37234419999294,1953.6882450040466,2604.917660005395,651.2294150013488,136.4723401741204,45.49078005804014,181.96312023216055,2.729446803482408,35.142181217268316,0.0,168.83900606171318,1102.8031733418459,3631.582915759999,3242.909161445373,0.0,0.0,0.0,0.0,0.0,142.41512535108836,23.94564592410316,0.0,0.0,0.0,-2.2737367544323206e-13,0.0
2025-10-25 01:00:00+00:00,7,36.0,2517.520352218336,572.0501859068598,776.8462214736865,1168.6239448377912,572.0501859068597,345.67288700702284,226.37729889983694,2251.957076591531,436.55327283455864,135.4969130723012,776.8462214736865,0.0,1168.6239448377912,0.0,634.9865786684489,198.43330583389027,1945.4701663114777,2593.9602217486367,648.4900554371592,135.4969130723012,45.16563769076706,180.66255076306825,2.7099382614460237,34.991626092588504,0.0,168.00535165829086,1097.7959149741419,4327.391893947919,3228.946800417086,0.0,0.0,0.0,712.0756267554418,0.0,817.9493794028276,23.944707006823673,0.0,0.0,0.0,-6.821210263296962e-13,0.0
2025-10-25 02:00:00+00:00,7,36.0,2536.9740567440685,573.8709215031347,784.0069714251414,1179.0961638157928,573.8709215031347,348.72769392672376,225.14322757641088,2251.957076591531,438.13402778059026,135.73689372254444,784.0069714251414,0.0,1179.0961638157928,0.0,637.2858585899495,199.1518308093592,1963.103135240934,2617.470846987912,654.367711746978,135.73689372254444,45.24563124084815,180.9825249633926,2.714737874450889,35.31117078091217,0.0,168.79873849722765,1105.5898209497761,3642.563877693845,3254.7567055778613,0.0,0.0,0.0,0.0,0.0,817.9493794028276,23.944608702246192,0.0,0.0,0.0,2.2737367544323206e-13,0.0
2025-10-25 03:00:00+00:00,7,36.0,2490.5298133950173,564.7073137184748,770.2324663767805,1155.5900332997605,564.7073137184748,342.03673693838385,222.67057678009098,2251.957076591531,431.1824004792704,133.52491323920435,770.2324663767805,0.0,1155.5900332997605,0.0,627.1744006971206,195.99200021785018,1925.8224996765412,2567.7633329020546,641.9408332255136,133.52491323920435,44.50830441306812,178.03321765227247,2.670498264784087,34.66287432430102,0.0,165.93263722108873,1085.7071476666056,4065.1111192870503,3194.9377335991753,0.0,0.0,0.0,488.8741582254279,0.0,1281.7361281597953,23.947846409887873,0.0,0.0,0.0,-4.547473508864641e-13,0.0
2025-10-25 04:00:00+00:00,7,36.0,2491.2758855604698,564.9362990526696,770.7723243517725,1155.567262156029,564.9362990526697,342.4706720778355,222.46562697483415,2251.957076591531,431.207423199036,133.7288758536336,770.7723243517725,0.0,1155.567262156029,0.0,627.210797380416,196.00337418138,1926.3395865078014,2568.4527820104017,642.1131955026004,133.7288758536336,44.5762919512112,178.3051678048448,2.674577517072672,34.67884235211346,0.0,165.99491413918213,1086.0411956435598,3577.3170812040294,3195.6635793908176,0.0,0.0,0.0,0.0,0.0,1281.7361281597953,23.947100704213106,0.0,0.0,0.0,-2.2737367544323206e-13,0.0
2025-10-25 05:00:00+00:00,7,36.0,2514.2272191741786,570.069602947136,778.4395980348364,1165.718018192206,570.069602947136,345.9843190561151,224.08528389102082,2251.957076591531,435.0755465579752,134.9940563891608,778.4395980348364,0.0,1165.718018192206,0.0,632.8371586297822,197.76161207180692,1944.1576162270426,2592.21015496939,648.0525387423475,134.9940563891608,44.99801879638693,179.99207518554772,2.6998811277832155,35.01036812296715,0.0,167.50859070646638,1096.031009567758,3610.2582287419364,3225.047313599172,0.0,0.0,0.0,0.0,0.0,1281.7361281597953,23.946313127209,0.0,0.0,0.0,-2.2737367544323206e-13,0.0
2025-10-25 06:00:00+00:00,7,36.0,2544.3729493899773,577.7495704842154,787.3433752007946,1179.280003704968,577.7495704842154,349.82051333736325,227.9290571468521,2251.957076591531,439.8554964365818,137.89407404763358,787.3433752007946,0.0,1179.280003704968,0.0,639.7898129986645,199.93431656208264,1966.6233789057628,2622.1645052076838,655.5411263019209,137.89407404763358,45.96469134921119,183.85876539684477,2.7578814809526717,35.413101293073524,0.0,169.68698861545283,1109.2981056026938,3653.671054992671,3261.954318206348,0.0,0.0,0.0,0.0,0.0,1281.7361281597953,23.946611591931514,0.0,0.0,0.0,0.0,0.0
2025-10-25 07:00:00+00:00,7,36.0,2526.457168777455,572.3145114922156,782.490098188284,1171.652559096956,572.3145114922156,347.65173939885466,224.66277209336093,2251.957076591531,435.67206136611185,136.64245012610377,782.490098188284,0.0,1171.652559096956,0.0,633.7048165325264,198.0327551664145,1954.1426572852401,2605.5235430469866,651.3808857617466,136.64245012610377,45.547483375367925,182.1899335014717,2.7328490025220753,35.191228536618084,0.0,168.23332135785677,1101.118523200526,3627.5756919779806,3239.228359579513,0.0,0.0,0.0,0.0,0.0,1281.7361281597953,23.94747046593573,0.0,0.0,0.0,-4.547473508864641e-13,0.0
2025-10-25 08:00:00+00:00,7,36.0,2488.024131698533,562.7963556642574,771.50516709614,1153.7226089381363,562.7963556642574,342.703163967253,220.09319169700436,2251.957076591531,428.6747944113742,134.12156125288317,771.50516709614,0.0,1153.7226089381363,0.0,623.5269736892716,194.85217927789736,1925.2277760342763,2566.9703680457014,641.7425920114254,134.12156125288317,44.70718708429439,178.82874833717756,2.6824312250576634,34.682381102265566,0.0,165.5084604242694,1084.1752311252098,3572.199362823743,3190.497341734973,0.0,0.0,0.0,0.0,0.0,1281.7361281597953,23.948994590892845,0.0,0.0,0.0,0.0,0.0
2025-10-25 09:00:00+00:00,7,36.0,2511.5316420559743,567.5553044639788,778.7953888132363,1165.1809487787582,567.5553044639788,345.9567783440537,221.59852611992508,2251.957076591531,432.58250779487554,134.97279666910327,778.7953888132363,0.0,1165.1809487787582,0.0,629.2109204289098,196.6284126340343,1943.9763375919945,2591.9684501226593,647.9921125306648,134.97279666910327,44.99093222303443,179.9637288921377,2.6994559333820654,35.01567115218467,0.0,166.97308674303383,1094.299671216334,3605.831313272308,3221.1793705515693,0.0,0.0,0.0,0.0,0.0,1281.7361281597953,23.94868784683748,0.0,0.0,0.0,-4.547473508864641e-13,0.0
2025-10-25 10:00:00+00:00,7,36.0,2528.253386990863,571.0071279130026,783.2243973913136,1174.0218616865457,571.0071279130027,347.9538648297363,223.05326308326636,2251.957076591531,435.53117952563423,135.47594838736836,783.2243973913136,0.0,1174.0218616865457,0.0,633.4998974918316,197.96871796619735,1957.2462590778591,2609.661678770479,652.4154196926197,135.47594838736836,45.15864946245612,180.63459784982447,2.709518967747367,35.236950538604866,0.0,168.02836017850305,1101.5176168061284,3260.99182406965,3243.1615762623105,0.0,0.0,0.0,0.0,368.7791797273409,893.008740964132,23.947873720784223,0.0,0.0,0.0,-4.547473508864641e-13,0.0
2025-10-25 11:00:00+00:00,7,36.0,2512.5000461809145,566.6910864594214,778.9310761638295,1166.8778835576643,566.6910864594214,345.47662628966674,221.21446016975466,2251.957076591531,432.6530892685032,134.0379971909182,778.9310761638295,0.0,1166.8778835576643,0.0,629.3135843905501,196.66049512204688,1945.808959721494,2594.411946295325,648.6029865738312,134.0379971909182,44.67933239697273,178.71732958789093,2.680759943818364,35.03671112049153,0.0,166.81398675685725,1094.474271914018,2894.8986913394906,3223.725530685875,0.0,0.0,0.0,0.0,712.0756267554418,142.41512535108836,23.94988388845337,0.0,0.0,0.0,2.2737367544323206e-13,0.0
2025-10-25 12:00:00+00:00,7,36.0,2404.621778597998,544.0453726073654,745.2328433148024,1115.3435626758296,544.0453726073654,331.00080174616744,213.04457086119797,2251.957076591531,415.26875475244896,128.77661785491642,745.2328433148024,0.0,1115.3435626758296,0.0,604.0272796399257,188.75852488747677,1860.5764059906319,2480.7685413208424,620.1921353302106,128.77661785491642,42.92553928497214,171.70215713988856,2.575532357098328,33.51042092620237,0.0,159.96878246894613,1047.9309352549064,3452.552713852904,3084.795820960768,0.0,0.0,0.0,0.0,0.0,142.41512535108836,23.94964060776475,0.0,0.0,0.0,-2.2737367544323206e-13,0.0
2025-10-25 13:00:00+00:00,7,36.0,2420.1149006663345,548.0191549231207,750.7315960089793,1121.3641497342342,548.0191549231208,333.8997025300912,214.1194523930296,2251.957076591531,417.5096001872972,130.50955473582349,750.7315960089793,0.0,1121.3641497342342,0.0,607.2866911815232,189.777090994226,1872.0957457432135,2496.127660990951,624.0319152477377,130.50955473582349,43.50318491194116,174.01273964776465,2.6101910947164697,33.73558937761172,0.0,161.09630657194504,1054.754278198178,3963.7433370899407,3103.414352172474,0.0,0.0,0.0,488.8741582254279,0.0,606.201874108056,23.94812759251251,0.0,0.0,0.0,2.2737367544323206e-13,0.0
2025-10-25 14:00:00+00:00,7,36.0,2432.1762087706884,551.0955958794724,754.4137822250996,1126.6668306661165,551.0955958794724,335.45266700749795,215.64292887197448,2251.957076591531,419.5201298868438,131.5754659926286,754.4137822250996,0.0,1126.6668306661165,0.0,610.2110980172273,190.6909681303835,1881.080612891216,2508.107483854955,627.0268709637387,131.5754659926286,43.85848866420954,175.43395465683815,2.6315093198525723,33.89908177341415,0.0,161.9658515816729,1060.0727704332714,3492.2489792039596,3118.318581872182,0.0,0.0,0.0,0.0,0.0,606.201874108056,23.948068669355223,0.0,0.0,0.0,-2.2737367544323206e-13,0.0
2025-10-25 15:00:00+00:00,7,36.0,2433.220030783311,551.6051014386496,754.779865140918,1126.8350642037437,551.6051014386496,335.6743292235009,215.93077221514875,2251.957076591531,419.89624652451863,131.708854914131,754.779865140918,0.0,1126.8350642037437,0.0,610.7581767629362,190.86193023841753,1881.6149293446617,2508.8199057928823,627.2049764482206,131.708854914131,43.90295163804367,175.61180655217467,2.63417709828262,33.911746596264976,0.0,162.08378838209558,1060.5995704013249,4205.895227940078,3119.5780825558186,0.0,0.0,0.0,712.0756267554418,0.0,1281.7361281597953,23.94748274652364,0.0,0.0,0.0,6.821210263296962e-13,0.0
2025-10-25 16:00:00+00:00,7,36.0,2473.2096265882515,559.9802436278192,767.1319762941736,1146.09740666626,559.9802436278192,340.97475231196273,219.0054913158564,2251.957076591531,426.2974442629632,133.68279936485595,767.1319762941736,0.0,1146.09740666626,0.0,620.0690098370375,193.7715655740742,1913.2293829604337,2550.9725106139113,637.7431276534778,133.68279936485595,44.56093312161865,178.2437324864746,2.6736559872971193,34.474933355487806,0.0,164.60938521920016,1077.8336009111558,3551.0432274994073,3171.0415204509486,0.0,0.0,0.0,0.0,0.0,1281.7361281597953,23.947618719696862,0.0,0.0,0.0,0.0,0.0
2025-10-25 17:00:00+00:00,7,36.0,2468.5778610092766,558.814296808635,765.3263489343192,1144.4372152663234,558.814296808635,340.64290622246375,218.1713905861713,2251.957076591531,425.1809297027965,133.63336710583854,765.3263489343192,0.0,1144.4372152663234,0.0,618.4449886586132,193.2640589558166,1909.7635642006426,2546.35141893419,636.5878547335475,133.63336710583854,44.544455701946184,178.17782280778474,2.672667342116771,34.40416262069281,0.0,164.29799212655078,1075.7711914806707,3544.3490524899466,3164.796407592803,0.0,0.0,0.0,0.0,0.0,1281.7361281597953,23.946124022367513,0.0,0.0,0.0,-6.821210263296962e-13,0.0
2025-10-25 18:00:00+00:00,7,36.0,2443.485067689006,552.151820815277,756.6925003711223,1134.6407465026073,552.151820815277,336.23385839317376,215.91796242210324,2251.957076591531,420.5142003010921,131.6376205141849,756.6925003711223,0.0,1134.6407465026073,0.0,611.6570186197704,191.14281831867822,1891.3332468737294,2521.7776624983057,630.4444156245764,131.6376205141849,43.879206838061634,175.51682735224654,2.632752410283698,34.04718247615974,0.0,162.43789337397686,1064.5842690417367,2795.9937099753006,3133.4346811180762,0.0,0.0,0.0,0.0,712.0756267554418,531.1425125467516,23.948577856828724,0.0,0.0,0.0,-4.547473508864641e-13,0.0
2025-10-25 19:00:00+00:00,7,36.0,2479.0774094315857,559.1046935591506,768.4702680729047,1151.502447799532,559.1046935591507,341.5428855003844,217.5618080587663,2251.957076591531,426.86693422325584,132.2377593358948,768.4702680729047,0.0,1151.502447799532,0.0,620.8973588701904,194.03042464693448,1919.9727158724368,2559.9636211632487,639.9909052908122,132.2377593358948,44.07925311196493,176.31701244785972,2.644755186717896,34.569132520182464,0.0,164.58674441484942,1079.9012151714614,3190.1994448757064,3180.860980033439,0.0,0.0,0.0,0.0,368.7791797273409,142.41512535108836,23.947774920522967,0.0,0.0,0.0,0.0,0.0
2025-10-25 20:00:00+00:00,7,36.0,2499.227206624947,564.3267222932909,773.347398718148,1161.5530856135088,564.3267222932909,344.43953045257086,219.88719184072,2251.957076591531,429.94866017291207,134.37806212037884,773.347398718148,0.0,1161.5530856135088,0.0,625.3798693424176,195.43120916950548,1934.9004843316568,2579.867312442209,644.9668281105522,134.37806212037884,44.792687373459614,179.17074949383846,2.6875612424075768,34.81595281767953,0.0,166.0936736292137,1088.7879123428181,3588.0151189677654,3205.2471817846263,0.0,0.0,0.0,0.0,0.0,142.41512535108836,23.94525075676528,0.0,0.0,0.0,2.2737367544323206e-13,0.0
2025-10-25 21:00:00+00:00,7,36.0,2539.409197134827,573.7071507795714,785.2188693183776,1180.483177036879,573.7071507795714,349.1334504679255,224.5737003116459,2251.957076591531,437.02364659245325,136.68350418711816,785.2188693183776,0.0,1180.483177036879,0.0,635.670758679932,198.64711208747872,1965.7020463552567,2620.9360618070086,655.2340154517522,136.68350418711816,45.56116806237272,182.2446722494909,2.7336700837423633,35.361397849920124,0.0,168.8089178461297,1106.3462813813958,3645.755478516223,3256.6068204869407,0.0,0.0,0.0,0.0,0.0,142.41512535108836,23.946069679261587,0.0,0.0,0.0,0.0,0.0
2025-10-25 22:00:00+00:00,7,36.0,2719.374850323636,614.0716095656411,839.938376357087,1265.3648644009065,614.0716095656411,374.14985680149556,239.92175276414554,2251.957076591531,467.2772722355964,146.7943373300447,839.938376357087,0.0,1265.3648644009065,0.0,679.6760323426857,212.3987601070893,2105.3032407579935,2807.0709876773244,701.7677469193311,146.7943373300447,48.931445776681564,195.72578310672625,2.9358867466008935,37.851799934721676,0.0,180.76019954654214,1184.6458390309667,3904.0206893546024,3486.74702002001,0.0,0.0,0.0,0.0,0.0,142.41512535108836,23.93975827111912,0.0,0.0,0.0,-4.547473508864641e-13,0.0
2025-10-25 23:00:00+00:00,7,36.0,2665.5769577284495,603.759572976053,823.0908806400929,1238.7265041123017,603.759572976053,366.6277378390704,237.13183513698266,2251.957076591531,458.9734320830461,144.78614089300697,823.0908806400929,0.0,1238.7265041123017,0.0,667.5977193935216,208.6242873104755,2061.8173847523944,2749.0898463365256,687.2724615841314,144.78614089300697,48.26204696433566,193.04818785734264,2.8957228178601393,37.0799914603258,0.0,177.5410866297766,1161.675596766905,3827.2525544953546,3416.687565730047,0.0,0.0,0.0,0.0,0.0,142.41512535108836,23.94170097947343,0.0,0.0,0.0,0.0,0.0
2025-12-05 00:00:00+00:00,8,47.0,3313.760256430499,764.1839952737814,1002.2037880844274,1547.3724730722893,764.1839952737814,441.44119690463117,322.7427983691503,2251.957076591531,574.6818815701686,189.50211370361285,1002.2037880844274,0.0,1547.3724730722893,0.0,835.900918647518,261.21903707734936,2549.5762611567166,3399.435014875622,849.8587537189055,189.50211370361285,63.16737123453762,252.66948493815048,3.790042274072257,45.53983837325572,0.0,223.58153146642562,1447.1565741445459,4760.916830575044,4235.33593352314,0.0,0.0,0.0,0.0,0.0,606.201874108056,23.94595048473451,0.0,0.0,0.0,-1.1368683772161603e-12,0.0
2025-12-05 01:00:00+00:00,8,47.0,3255.273607904799,750.8213061571097,987.5836582640006,1516.8686434836916,750.8213061571097,434.7188133987011,316.1024927584086,2251.957076591531,563.1882227759438,187.63308338116587,987.5836582640006,0.0,1516.8686434836916,0.0,819.182869492282,255.9946467163381,2504.452301747692,3339.2697356635895,834.8174339158974,187.63308338116587,62.54436112705529,250.17744450822116,3.7526616676233173,44.79619618275694,0.0,219.6151046408964,1421.5204042505673,4676.7940121553665,4158.452605155871,0.0,0.0,0.0,0.0,0.0,606.201874108056,23.948188363887667,0.0,0.0,0.0,2.2737367544323206e-13,0.0
2025-12-05 02:00:00+00:00,8,47.0,3269.75182916589,753.3104242969619,990.9552017902043,1525.4862030787212,753.3104242969619,436.21462705487505,317.0957972420868,2251.957076591531,564.4149292777128,188.8954950192491,990.9552017902043,0.0,1525.4862030787212,0.0,820.9671698584913,256.5522405807785,2516.4414048689255,3355.2552064919005,838.8138016229751,188.8954950192491,62.96516500641636,251.86066002566545,3.777909900384982,44.98351808449334,0.0,220.4492111392546,1427.541846334303,5409.3693022556345,4176.222376350392,0.0,0.0,0.0,712.0756267554418,0.0,1281.7361281597953,23.947764384291684,0.0,0.0,0.0,-2.2737367544323206e-13,0.0
2025-12-05 03:00:00+00:00,8,47.0,3240.5741984163383,746.5243578968297,982.1458779894759,1511.903962530033,746.5243578968297,432.3150605390087,314.20929735782096,2251.957076591531,559.5216492560601,187.00270864076958,982.1458779894759,0.0,1511.903962530033,0.0,813.8496716451783,254.32802238911822,2494.049840519509,3325.3997873593453,831.3499468398363,187.00270864076958,62.33423621358986,249.33694485435944,3.7400541728153915,44.58341596498461,0.0,218.46957550092057,1414.8052510812652,4655.379449497603,4139.2494590045235,0.0,0.0,0.0,0.0,0.0,1281.7361281597953,23.948482273669764,0.0,0.0,0.0,-6.821210263296962e-13,0.0
2025-12-05 04:00:00+00:00,8,47.0,3244.6578009155373,747.6158785191801,984.0529516553083,1512.9889707410491,747.6158785191801,433.254710789582,314.3611677295981,2251.957076591531,561.5158294339072,186.10004908527287,984.0529516553083,0.0,1512.9889707410491,0.0,816.7502973584105,255.2344679245033,2497.041922396357,3329.3892298618093,832.3473074654523,186.10004908527287,62.033349695090955,248.13339878036382,3.7220009817054573,44.65147825706974,0.0,218.75919161821128,1416.747795942033,4661.40559685757,4146.13952722022,0.0,0.0,0.0,0.0,0.0,1281.7361281597953,23.94777975054209,0.0,0.0,0.0,0.0,0.0
2025-12-05 05:00:00+00:00,8,47.0,3213.546996667924,741.3305138568338,973.3123270394515,1498.9041557716391,741.3305138568338,428.53315404619946,312.79735981063436,2251.957076591531,555.6644559110237,185.66605794581017,973.3123270394515,0.0,1498.9041557716391,0.0,808.2392085978526,252.5747526868289,2472.216482811091,3296.288643748121,824.0721609370303,185.66605794581017,61.888685981936725,247.5547439277469,3.7133211589162034,44.188411368899935,0.0,216.85425481857916,1403.2915869521914,4616.838583620116,4104.527852345974,0.0,0.0,0.0,0.0,0.0,1281.7361281597953,23.94832801915897,0.0,0.0,0.0,6.821210263296962e-13,0.0
2025-12-05 06:00:00+00:00,8,47.0,3231.6086361001035,745.2612751309161,979.482708629471,1506.8646523397172,745.2612751309161,430.6447374116101,314.61653771930605,2251.957076591531,558.2898797147194,186.97139541619674,979.482708629471,0.0,1506.8646523397172,0.0,812.0580068577736,253.76812714305424,2486.3473609691882,3315.129814625584,828.782453656396,186.97139541619674,62.32379847206558,249.29519388826233,3.739427908323935,44.4531277822813,0.0,217.9852650943095,1411.0522000564306,4642.660836156533,4127.187821483358,0.0,0.0,0.0,0.0,0.0,1281.7361281597953,23.949776466591423,0.0,0.0,0.0,-9.094947017729282e-13,0.0
2025-12-05 07:00:00+00:00,8,47.0,3273.6988613332783,750.4703882621034,988.7506552019256,1534.4778178692486,750.4703882621034,434.51335378370953,315.9570344783938,2251.957076591531,563.0896701574828,187.38071810462054,988.7506552019256,0.0,1534.4778178692486,0.0,819.0395202290659,255.94985007158309,2523.2284730711744,3364.304630761566,841.0761576903915,187.38071810462054,62.46023936820685,249.8409574728274,3.7476143620924107,45.00729783475026,0.0,220.03065482990866,1428.2718141569326,4701.97067549021,4183.3441509906315,0.0,0.0,0.0,0.0,0.0,1281.7361281597953,23.949519269722636,0.0,0.0,0.0,-9.094947017729282e-13,0.0
2025-12-05 08:00:00+00:00,8,47.0,3289.965582270757,756.402599244764,993.4064535037223,1540.1565295222692,756.402599244764,436.5459498528004,319.85664939196363,2251.957076591531,568.0373344310779,188.36526481368617,993.4064535037223,0.0,1540.1565295222692,0.0,826.2361228088405,258.19878837776264,2533.5629830259913,3378.083977367988,844.520994341997,188.36526481368617,62.78842160456205,251.1536864182482,3.7673052962737232,45.203758900334364,0.0,221.54046927585708,1436.019737796787,4725.9853200675425,4204.320100176828,0.0,0.0,0.0,0.0,0.0,1281.7361281597953,23.94956385452918,0.0,0.0,0.0,-1.3642420526593924e-12,0.0
2025-12-05 09:00:00+00:00,8,47.0,3246.17856726729,746.8817114627562,981.2060673730601,1518.0907884314709,746.8817114627562,431.62863452916565,315.2530769335906,2251.957076591531,560.8156089068813,186.06610255587498,981.2060673730601,0.0,1518.0907884314709,0.0,815.7317947736454,254.91618586676418,2499.296855804531,3332.3958077393745,833.0989519348436,186.06610255587498,62.02203418529166,248.08813674116664,3.7213220511174994,44.61708990550651,0.0,218.69708072881147,1417.072664672335,4663.251231939625,4148.12760251302,0.0,0.0,0.0,0.0,0.0,1281.7361281597953,23.9498031249168,0.0,0.0,0.0,-2.2737367544323206e-13,0.0
2025-12-05 10:00:00+00:00,8,47.0,3249.987944525909,746.6189378006812,982.1055136313308,1521.2634930938991,746.6189378006812,432.00581378516137,314.6131240155199,2251.957076591531,560.4976067711999,186.12133102948133,982.1055136313308,0.0,1521.2634930938991,0.0,815.2692462126545,254.7716394414545,2503.36900672523,3337.8253423003066,834.4563355750767,186.12133102948133,62.04044367649377,248.1617747059751,3.7224266205896264,44.67580033987892,0.0,218.7367711505688,1418.403416804062,4299.612181602628,4153.094588512961,0.0,0.0,0.0,0.0,368.7791797273409,893.008740964132,23.94990676245303,0.0,0.0,0.0,-1.8189894035458565e-12,0.0
2025-12-05 11:00:00+00:00,8,47.0,3187.5281264695495,727.898696649286,958.8868230589272,1500.7426067613344,727.898696649286,421.44767965599397,306.451016993292,2251.957076591531,548.2344775086572,179.6642191406288,958.8868230589272,0.0,1500.7426067613344,0.0,797.4319672853195,249.19748977666234,2459.6294298202615,3279.5059064270154,819.8764766067538,179.6642191406288,59.888073046876265,239.55229218750506,3.5932843828125756,43.77403075938116,0.0,213.77962883902183,1390.1089834115082,3865.5614831256153,4076.9378737123347,0.0,0.0,0.0,0.0,712.0756267554418,142.41512535108836,23.951790904173127,0.0,0.0,0.0,-9.094947017729282e-13,0.0
2025-12-05 12:00:00+00:00,8,47.0,3315.267657587318,759.4735317994321,1000.1339266162788,1555.6601991716075,759.4735317994321,439.64180330587885,319.83172849355327,2251.957076591531,571.2960067931793,188.17752500625272,1000.1339266162788,0.0,1555.6601991716075,0.0,830.9760098809882,259.68000308780876,2555.7941257878865,3407.725501050515,851.9313752626288,188.17752500625272,62.72584166875091,250.90336667500364,3.7635505001250547,45.56061979020444,0.0,222.75697318026107,1446.418363489779,4761.686021077096,4238.701510931503,0.0,0.0,0.0,0.0,0.0,142.41512535108836,23.949635558681106,0.0,0.0,0.0,-1.3642420526593924e-12,0.0
2025-12-05 13:00:00+00:00,8,47.0,3332.0630603017357,766.0120301885372,1009.4534638090383,1556.597566304162,766.0120301885372,444.107899543799,321.90413064473825,2251.957076591531,576.321974731354,189.69005545718323,1009.4534638090383,0.0,1556.597566304162,0.0,838.2865087001512,261.96453396879724,2566.0510301132003,3421.401373484267,855.3503433710667,189.69005545718323,63.23001848572775,252.920073942911,3.7938011091436645,45.84957957731277,0.0,224.32320117648746,1454.5114776885355,4786.574537990271,4259.687882184418,0.0,0.0,0.0,0.0,0.0,142.41512535108836,23.948588611211637,0.0,0.0,0.0,-2.2737367544323206e-13,0.0
2025-12-05 14:00:00+00:00,8,47.0,3276.583242998947,751.3568240164612,992.7723055988934,1532.4541133835924,751.3568240164612,436.53473815118633,314.8220858652749,2251.957076591531,567.0542817516125,184.30254226484874,992.7723055988934,0.0,1532.4541133835924,0.0,824.8062280023455,257.75194625073294,2525.2264189824855,3366.968558643314,841.7421396608285,184.30254226484874,61.43418075494958,245.73672301979832,3.6860508452969745,45.107710301802726,0.0,220.21693562898952,1429.9389634426002,5195.396364666974,4191.774786645659,0.0,0.0,0.0,488.8741582254279,0.0,606.201874108056,23.949974036199745,0.0,0.0,0.0,-1.3642420526593924e-12,0.0
2025-12-05 15:00:00+00:00,8,47.0,3241.7336253367407,743.2907891490692,983.0738609592185,1515.3689752284522,743.290789149069,433.55933003767115,309.73145911139795,2251.957076591531,560.9840201120641,182.3067690370051,983.0738609592185,0.0,1515.3689752284522,0.0,815.9767565266386,254.99273641457455,2498.4428361876708,3331.2571149168944,832.8142787292236,182.3067690370051,60.76892301233503,243.07569204934012,3.646135380740102,44.64590558106108,0.0,217.90400551794409,1414.7719846358784,5368.5812367280605,4147.233871443533,0.0,0.0,0.0,712.0756267554418,0.0,1281.7361281597953,23.946640822747934,0.0,0.0,0.0,-4.547473508864641e-13,0.0
2025-12-05 16:00:00+00:00,8,47.0,3285.9808779116343,749.1559297492988,992.8671440653835,1543.9578040969498,749.1559297492988,438.95190547207653,310.2040242772223,2251.957076591531,566.1211739611562,183.03475578814266,992.8671440653835,0.0,1543.9578040969498,0.0,823.4489803071363,257.32780634598004,2536.8249481623334,3382.4332642164445,845.6083160541111,183.03475578814266,61.01158526271422,244.04634105085688,3.660695115762853,45.225592362931,0.0,220.16964332021283,1433.003638461712,4718.984516373347,4205.882244523581,0.0,0.0,0.0,0.0,0.0,1281.7361281597953,23.942742526178435,0.0,0.0,0.0,9.094947017729282e-13,0.0
2025-12-05 17:00:00+00:00,8,47.0,3258.13848750876,744.970503394475,986.5570456648538,1526.6109384494305,744.970503394475,436.5162267744136,308.4542766200614,2251.957076591531,562.9537161262864,182.01678726818864,986.5570456648538,0.0,1526.6109384494305,0.0,818.8417689109621,255.88805278467564,2513.167984114284,3350.890645485712,837.722661371428,182.01678726818864,60.672262422729546,242.68904969091818,3.640335745363773,44.86282075443992,0.0,218.68754801989652,1421.4736810985335,4679.612168607292,4169.732414396674,0.0,0.0,0.0,0.0,0.0,1281.7361281597953,23.941998866949298,0.0,0.0,0.0,-1.5916157281026244e-12,0.0
2025-12-05 18:00:00+00:00,8,47.0,3197.7869855633876,732.227564526816,970.567948549087,1494.9914724874864,732.227564526816,429.7144157436487,302.51314878316725,2251.957076591531,553.1414084436271,179.08615608318883,2.9497125462905786e-12,970.567948549084,1494.9914724874864,0.0,804.5693213725486,251.42791292892144,1494.9914724874893,1993.3219633166523,498.33049082916307,179.08615608318883,59.69538536106294,1209.3494899933357,18.140242349900035,34.36127369585664,19.41135897098168,214.8086938540166,1096.1753579899023,4293.96234355329,2775.8488488583325,22.042435830868072,0.0,20.94031403932467,0.0,0.0,1281.7361281597953,23.94267109011781,0.0,0.0,0.0,4.547473508864641e-13,1.9895196601282805e-13
2025-12-05 19:00:00+00:00,8,47.0,3215.358481917195,735.5234596942211,977.0064149854603,1502.8286072375115,735.5234596942212,431.21656147606836,304.30689821815275,2251.957076591531,555.9059994532477,179.6174602409734,2.9497125462905786e-12,977.0064149854574,1502.8286072375115,0.0,808.5905446592693,252.68454520602165,1502.8286072375145,2003.771476316686,500.9428690791715,179.6174602409734,59.872486746991136,1216.496361973422,18.247445429601328,34.56841437208435,19.54012829970915,215.79035555268067,1101.6462446862597,3948.225546876113,2506.3521639949577,306.0098569809975,0.0,311.6077975431936,0.0,368.7791797273409,893.008740964132,23.94720685720125,0.0,0.0,0.0,-4.547473508864641e-13,0.0
2025-12-05 20:00:00+00:00,8,47.0,3350.7519629627786,762.5274405890284,1016.7513849089104,1571.4731374648375,762.5274405890284,447.5526709616624,314.974769627366,2251.957076591531,576.1923938257609,186.33504676326754,720.2793274164338,296.47205749247655,1571.4731374648375,0.0,838.0980273829249,261.90563355716404,2291.7524648812714,3055.6699531750282,763.9174882937571,186.33504676326754,62.11168225442251,544.9187865101666,8.173781797652499,43.252552346990925,5.929441149849531,224.1238127529046,1369.4143921527411,4008.090728360078,4189.203333408655,0.0,295.4353528507019,0.0,0.0,712.0756267554418,142.41512535108836,23.949403114633338,0.0,0.0,0.0,0.0,0.0
2025-12-05 21:00:00+00:00,8,47.0,3339.1010558841294,761.8367736515322,1013.9319386208957,1563.3323436117034,761.8367736515322,446.42743520359414,315.40933844793807,2251.957076591531,575.6247271361859,186.2120465153463,1013.9319386208957,0.0,1563.3323436117034,0.0,837.2723303799069,261.6476032437209,2577.2642822325993,3436.352376310132,859.088094077533,186.2120465153463,62.070682171782096,248.28272868712838,3.7242409303069257,46.051281594743905,0.0,223.69684773067576,1456.2787497487625,4795.379805632891,4273.624706690039,0.0,0.0,0.0,0.0,0.0,142.41512535108836,23.94887021175803,0.0,0.0,0.0,-1.3642420526593924e-12,0.0
2025-12-05 22:00:00+00:00,8,47.0,3279.836809560675,748.2124840978863,995.586095695043,1536.0382297677488,748.2124840978863,438.519843931854,309.69264016603233,2251.957076591531,565.2575824667316,182.9549016311547,995.586095695043,0.0,1536.0382297677488,0.0,822.1928472243369,256.93526475760524,2531.6243254627916,3375.4991006170553,843.8747751542638,182.9549016311547,60.9849672103849,243.9398688415396,3.6590980326230937,45.227965168528776,0.0,219.71955315568218,1430.4016234790881,4710.238433039764,4197.691947841392,0.0,0.0,0.0,0.0,0.0,142.41512535108836,23.948958216117738,0.0,0.0,0.0,2.2737367544323206e-13,0.0
2025-12-05 23:00:00+00:00,8,47.0,3122.4725653333685,711.7495498899316,946.8155880841869,1463.9074273592526,711.7495498899316,416.77879130599354,294.97075858393805,2251.957076591531,538.8290691100486,172.92048077988295,946.8155880841869,0.0,1463.9074273592526,0.0,783.7513732509799,244.9223041409312,2410.723015443439,3214.2973539245854,803.5743384811464,172.92048077988295,57.640160259960986,230.56064103984394,3.458409615597659,43.04354191611813,0.0,209.062852299286,1361.7016067130403,4973.048330271836,3998.0487271755655,0.0,0.0,0.0,488.8741582254279,0.0,606.201874108056,23.95180310686692,0.0,0.0,0.0,-9.094947017729282e-13,0.0
