timestamp_hour_utc,representative_day_id,day_weight,it_load_kw,q_air_kw,q_cp_kw,q_rdhx_kw,s_air_kw,s_air_old_kw,s_air_new_kw,old_ac_capacity_eff_kw,q_air_to_ashp_kw,q_air_to_reject_kw,q_cp_to_wshp_kw,q_cp_to_free_kw,q_rdhx_to_wshp_kw,q_rdhx_to_chiller_kw,q_ashp_out_kw,p_ashp_kw,q_wshp_in_kw,q_wshp_out_kw,p_wshp_kw,q_chiller_evap_kw,p_chiller_kw,q_tower_kw,p_tower_kw,p_pump_kw,p_cdu_free_kw,p_terminal_kw,p_cooling_kw,p_grid_kw,q_heat_kw,q_tes_ch_kw,q_tes_dis_kw,e_tes_kwh,p_bess_ch_kw,p_bess_dis_kw,e_bess_kwh,max_theta_c,hotspot_slack_c,hotspot_penalty_yuan,bess_degradation_cost_yuan,power_balance_residual_kw,heat_balance_residual_kw
2025-01-15 00:00:00+00:00,0,71.0,2808.3800211662774,607.4065471461312,893.0100029373125,1307.963471082833,607.4065471461313,272.67135319628477,334.73519394984646,1461.295265723112,449.78250013480107,157.6240470113301,893.0100029373125,0.0,1307.963471082833,0.0,654.2290911051653,204.44659097036413,2200.9734740201457,2934.6312986935272,733.6578246733818,157.6240470113301,52.5413490037767,210.1653960151068,3.152480940226602,39.86993479894771,0.0,175.30897434052406,1208.9771547272212,4017.3571758934977,3588.8603897986923,0.0,0.0,0.0,0.0,0.0,35.57862237009757,23.982318093858538,0.0,0.0,0.0,-9.094947017729282e-13,0.0
2025-01-15 01:00:00+00:00,0,71.0,2850.3519168317885,617.8795577680806,909.6334529409596,1322.8389061227456,617.8795577680806,276.77745536960157,341.1021023984791,1461.295265723112,457.877165740526,160.00239202755466,909.6334529409596,0.0,1322.8389061227456,0.0,666.0031501680378,208.1259844275118,2232.472359063705,2976.6298120849397,744.1574530212349,160.00239202755466,53.334130675851554,213.33652270340622,3.2000478405510933,40.51739264945624,0.0,178.0980763019366,1227.4330849165422,4077.7850017483306,3642.6329622529774,0.0,0.0,0.0,0.0,0.0,35.57862237009757,23.982770075447142,0.0,0.0,0.0,0.0,0.0
2025-01-15 02:00:00+00:00,0,71.0,2878.6567769324,621.8284344454751,919.6191152837501,1337.2092272031746,621.8284344454751,278.46742922187985,343.36100522359527,1461.295265723112,462.15908279086017,159.6693516546149,919.6191152837501,0.0,1337.2092272031746,0.0,672.2313931503421,210.0723103594819,2256.8283424869246,3009.104456649233,752.2761141623082,159.6693516546149,53.22311721820497,212.89246887281988,3.193387033092298,40.96066573054425,0.0,179.38347368320052,1239.109068186832,4159.558308827066,3681.335849799575,0.0,0.0,0.0,41.79246370783485,0.0,75.22643467410273,23.98271246846698,0.0,0.0,0.0,-1.0444978215673473e-12,0.0
2025-01-15 03:00:00+00:00,0,71.0,2848.0398182076824,615.8112476231441,909.7008047960808,1322.5277657884576,615.811247623144,275.9613583402849,339.8498892828592,1461.295265723112,457.3751508751183,158.43609674802582,909.7008047960808,0.0,1322.5277657884576,0.0,665.2729467274448,207.8977958523265,2232.2285705845384,2976.304760779384,744.076190194846,158.43609674802582,52.81203224934194,211.24812899736776,3.1687219349605162,40.516301801767,0.0,177.59437475519792,1226.06541678844,4074.1052349961215,3641.577707506829,0.0,0.0,0.0,0.0,0.0,75.22643467410273,23.982112486494103,0.0,0.0,0.0,-9.094947017729282e-13,0.0
2025-01-15 04:00:00+00:00,0,71.0,2876.2462463172383,622.3742795111039,918.6034356063481,1335.268531199787,622.3742795111039,279.04144358672136,343.33283592438255,1461.295265723112,461.76056298301125,160.6137165280926,918.6034356063481,0.0,1335.268531199787,0.0,671.6517279752891,209.89116499227782,2253.871966806135,3005.1626224081797,751.2906556020449,160.6137165280926,53.5379055093642,214.1516220374568,3.212274330561852,40.91078838018831,0.0,179.45918491753952,1238.3019737319764,4114.548220049214,3676.814350383469,0.0,0.0,0.0,0.0,0.0,75.22643467410273,23.981817487991307,0.0,0.0,0.0,-4.547473508864641e-13,0.0
2025-01-15 05:00:00+00:00,0,71.0,2860.627209702743,618.9166422973659,913.844217596662,1327.8663498087144,618.9166422973659,277.0523990271818,341.8642432701841,1461.295265723112,459.4906651170268,159.4259771803391,913.844217596662,0.0,1327.8663498087144,0.0,668.350058352039,208.8593932350122,2241.7105674053764,2988.9474232071684,747.2368558017921,159.4259771803391,53.141992393446365,212.56796957378546,3.1885195436067817,40.693990025987006,0.0,178.4458957576403,1231.5666467574847,4092.193856460228,3657.2974815592074,0.0,0.0,0.0,0.0,0.0,75.22643467410273,23.983170334752902,0.0,0.0,0.0,0.0,0.0
2025-01-15 06:00:00+00:00,0,71.0,2891.20752532406,625.9865757540249,923.5738663988042,1341.647083171231,625.9865757540249,280.11206093006007,345.8745148239649,1461.295265723112,464.6202922342328,161.3662835197921,923.5738663988042,0.0,1341.647083171231,0.0,675.811334158884,211.19104192465124,2265.2209495700354,3020.294599426714,755.0736498566785,161.3662835197921,53.78876117326403,215.1550446930561,3.2273256703958415,41.12368682367644,0.0,180.42960106903283,1244.8340665176988,4136.041591841758,3696.105933585598,0.0,0.0,0.0,0.0,0.0,75.22643467410273,23.983401024411133,0.0,0.0,0.0,-4.547473508864641e-13,0.0
2025-01-15 07:00:00+00:00,0,71.0,2991.1255254053904,636.9428846834066,947.8160244355453,1406.366616286438,636.9428846834066,286.5094004451692,350.4334842382375,1461.295265723112,475.06228071869657,161.88060396471008,947.8160244355453,0.0,1406.366616286438,0.0,690.9996810453769,215.93740032668026,2354.1826407219833,3138.9101876293107,784.7275469073277,161.88060396471008,53.960201321570025,215.8408052862801,3.2376120792942014,42.49814689593074,0.0,184.80916475988127,1285.1700722906842,4276.295597696074,3829.9098686746875,0.0,0.0,0.0,0.0,0.0,75.22643467410273,23.98316762657499,0.0,0.0,0.0,-6.821210263296962e-13,0.0
2025-01-15 08:00:00+00:00,0,71.0,2944.9752679612047,623.6113309120082,929.943965747826,1391.4199713013718,623.611330912008,281.12248251833967,342.48884839366843,1461.295265723112,465.67378131292446,157.9375495990837,929.943965747826,0.0,1391.4199713013718,0.0,677.3436819097084,211.66990059678386,2321.363937049198,3095.151916065597,773.7879790163993,157.9375495990837,52.64584986636123,210.58339946544493,3.1587509919816736,41.812518685448495,0.0,181.37204874688314,1264.4470479038578,4209.422315865061,3772.4955979753054,0.0,0.0,0.0,0.0,0.0,75.22643467410273,23.983702764531515,0.0,0.0,0.0,-1.3642420526593924e-12,0.0
2025-01-15 09:00:00+00:00,0,71.0,2856.3171736067093,607.6974520974178,900.8238169157727,1347.7959045935183,607.6974520974178,274.3120792212505,333.3853728761673,1461.295265723112,451.85992322733443,155.83752887008336,900.8238169157727,0.0,1347.7959045935183,0.0,657.2507974215774,205.39087419424294,2248.619721509291,2998.1596286790545,749.5399071697636,155.83752887008336,51.945842956694456,207.78337182677782,3.116750577401667,40.502673553408364,0.0,176.55760884354711,1227.0536572950582,4083.3708309017675,3655.410426100632,0.0,0.0,0.0,0.0,0.0,75.22643467410273,23.983390344270816,0.0,0.0,0.0,0.0,0.0
2025-01-15 10:00:00+00:00,0,71.0,2920.5415446704137,618.7640030893801,922.2356887706342,1379.5418528103976,618.7640030893801,279.2262255508816,339.5377775384985,1461.295265723112,461.22244472387155,157.5415583655086,922.2356887706342,0.0,1379.5418528103976,0.0,670.8690105074495,209.64656578357796,2301.777541581032,3069.0367221080423,767.2591805270106,157.5415583655086,52.51385278850287,210.05541115401147,3.1508311673101717,41.462489191223,0.0,179.93219079669095,1253.9651102543157,4152.862618946155,3739.9057326154916,0.0,0.0,0.0,0.0,21.644035978573424,52.41161752379494,23.984235112954114,0.0,0.0,0.0,-9.094947017729282e-13,0.0
2025-01-15 11:00:00+00:00,0,71.0,2884.3580135951543,609.3138108569792,909.1434193574486,1365.9007833807261,609.3138108569792,275.5075040494596,333.80630680751955,1461.295265723112,454.4296997518636,154.8841111051156,909.1434193574486,0.0,1365.9007833807261,0.0,660.9886541845289,206.55895443266525,2275.0442027381746,3033.392270317566,758.3480675793915,154.8841111051156,51.62803703503854,206.51214814015415,3.0976822221023124,40.93331041453072,0.0,177.39031674055116,1237.9563684242794,4080.5219183115987,3694.380924502095,0.0,0.0,0.0,0.0,41.79246370783485,8.35849274156697,23.983706411962395,0.0,0.0,0.0,0.0,0.0
2025-01-15 12:00:00+00:00,0,71.0,2853.4237402053895,601.5069289512084,899.1292530685278,1352.7875581856554,601.5069289512084,271.9153378158143,329.591591135394,1461.295265723112,449.06053131925387,152.44639763195448,899.1292530685278,0.0,1352.7875581856554,0.0,653.1789546461874,204.11842332693357,2251.916811254183,3002.5557483389102,750.6389370847276,152.44639763195448,50.81546587731816,203.26186350927264,3.0489279526390893,40.50175317391239,0.0,175.23151525773102,1224.3550226732618,4077.7787628786514,3655.7347029850976,0.0,0.0,0.0,0.0,0.0,8.35849274156697,23.984690227560055,0.0,0.0,0.0,0.0,0.0
2025-01-15 13:00:00+00:00,0,71.0,2959.8028347531276,623.0169919382769,932.2676520421513,1404.5181907727,623.0169919382768,282.51131024058526,340.50568169769156,1461.295265723112,465.1826842864149,157.834307651862,932.2676520421513,0.0,1404.5181907727,0.0,676.6293589620581,211.44667467564312,2336.7858428148515,3115.7144570864684,778.9286142716171,157.834307651862,52.611435883953995,210.44574353581598,3.1566861530372394,42.01321146899154,0.0,181.61728986056582,1269.7739123138088,4229.576747066936,3792.3438160485266,0.0,0.0,0.0,0.0,0.0,8.35849274156697,23.981922353787628,0.0,0.0,0.0,-2.2737367544323206e-13,0.0
2025-01-15 14:00:00+00:00,0,71.0,2688.7827231125098,572.2322034920537,850.1208069537204,1266.4297126667354,572.2322034920537,258.5220590209749,313.7101444710788,1461.295265723112,424.6647062585701,147.5674972334836,850.1208069537204,0.0,1266.4297126667354,0.0,617.6941181942838,193.02941193571365,2116.550519620456,2822.067359493941,705.5168398734852,147.5674972334836,49.18916574449454,196.75666297797815,2.9513499446696723,38.16792133527897,0.0,166.09129955621816,1154.94598838986,3872.4212474461,3439.7614776882247,0.0,0.0,0.0,28.692535943729908,0.0,35.57862237009757,23.98539783772422,0.0,0.0,0.0,3.552713678800501e-13,0.0
2025-01-15 15:00:00+00:00,0,71.0,2904.154167839462,611.9310436007273,915.247806393492,1376.9753178452431,611.9310436007273,277.26802653597855,334.6630170647488,1461.295265723112,456.8906212169042,155.0404223838231,915.247806393492,0.0,1376.9753178452431,0.0,664.568176315497,207.6775550985928,2292.223124238735,3056.29749898498,764.074374746245,155.0404223838231,51.6801407946077,206.7205631784308,3.100808447676462,41.22718737025719,0.0,178.2735458257974,1246.0336122831766,4191.980243830474,3720.865675300477,0.0,0.0,0.0,41.79246370783485,0.0,75.22643467410273,23.982555859436346,0.0,0.0,0.0,7.744915819785092e-13,0.0
2025-01-15 16:00:00+00:00,0,71.0,2899.9406730654787,610.2294006486057,913.7889915529581,1375.9222808639147,610.2294006486057,277.0129040985694,333.21649655003637,1461.295265723112,455.7897188586572,154.43968178994857,913.7889915529581,0.0,1375.9222808639147,0.0,662.9668637944104,207.17714493575323,2289.711272416873,3052.948363222497,763.2370908056242,154.43968178994857,51.47989392998286,205.91957571993143,3.088793635798971,41.17289255522789,0.0,177.86451686085047,1244.0203327232377,4143.961005788715,3715.9152270169075,0.0,0.0,0.0,0.0,0.0,75.22643467410273,23.98088086461033,0.0,0.0,0.0,-1.5916157281026244e-12,0.0
2025-01-15 17:00:00+00:00,0,71.0,2892.0617509044387,610.0941452708453,913.0835264161449,1368.8840792174465,610.0941452708453,276.73145379493604,333.36269147590923,1461.295265723112,455.51764093146323,154.57650433938204,913.0835264161449,0.0,1368.8840792174465,0.0,662.5711140821284,207.0534731506651,2281.967605633591,3042.6234741781213,760.6558685445303,154.57650433938204,51.52550144646068,206.10200578584272,3.0915300867876407,41.08134658465881,0.0,177.6344508289106,1241.0421706420132,4133.103921546452,3705.1945882602495,0.0,0.0,0.0,0.0,0.0,75.22643467410273,23.980434635558684,0.0,0.0,0.0,-2.2737367544323206e-13,0.0
2025-01-15 18:00:00+00:00,0,71.0,2844.1633228233004,600.6508692380869,898.8919063259954,1344.6205472592187,600.6508692380869,271.9989329048315,328.65193633325543,1461.295265723112,448.78757172441533,151.86329751367157,2.9497125462905786e-12,898.8919063259924,1344.6205472592187,0.0,652.7819225082405,203.99435078382515,1344.6205472592217,1792.8273963456288,448.2068490864072,151.86329751367157,50.621099171223854,1101.3763030108878,16.520644545163318,31.424043599112125,17.97783812651985,174.8019150930113,943.5467404052628,3787.7100632285633,2119.321098959816,326.28821989405327,0.0,309.9738088993506,0.0,0.0,75.22643467410273,23.981147344440238,0.0,0.0,0.0,1.1368683772161603e-13,5.684341886080802e-14
2025-01-15 19:00:00+00:00,0,71.0,2852.84069226675,601.9852495216427,902.538752227609,1348.316690517498,601.9852495216427,273.5188197271058,328.4664297945369,1461.295265723112,450.27210641798416,151.71314310365852,0.0,902.538752227609,1348.316690517498,0.0,654.9412456988861,204.66913928090187,1348.316690517498,1797.755587356664,449.438896839166,151.71314310365852,50.571047701219506,1104.822943032487,16.572344145487307,31.533941949727165,18.050775044552182,175.24744727134646,946.0835922324004,3777.2802485205766,1927.9737021547608,524.7231309007893,0.0,807.8408356373019,0.0,21.644035978573424,52.41161752379494,23.977144489322324,0.0,0.0,0.0,-4.547473508864641e-13,0.0
2025-01-15 20:00:00+00:00,0,71.0,2910.839210415089,618.205459376572,923.4442227433435,1369.1895282951741,618.205459376572,280.753089004407,337.4523703721649,1461.295265723112,461.2477576714578,156.95770170511418,1.4748562731452893e-12,923.444222743342,1369.1895282951741,0.0,670.9058293403023,209.65807166884446,1369.1895282951755,1825.5860377269005,456.3965094317251,156.95770170511418,52.31923390170473,1132.721158350161,16.990817375252416,32.16077973781863,18.468884454866842,179.5566380692062,965.5509346394184,3834.5976813466723,3262.4057633349285,0.0,765.9138962677259,0.0,0.0,41.79246370783485,8.35849274156697,23.975107649006056,0.0,0.0,0.0,-1.1368683772161603e-13,0.0
2025-01-15 21:00:00+00:00,0,71.0,2858.059779910936,615.11931910035,914.6873555201519,1328.253105290433,615.1193191003501,277.59919248378407,337.520126616566,1461.295265723112,457.64870235032083,157.4706167500292,914.6873555201519,0.0,1328.253105290433,0.0,665.6708397822848,208.02213743196398,2242.940460810585,2990.58728108078,747.646820270195,157.4706167500292,52.49020558334306,209.96082233337225,3.1494123350005836,40.72315171850889,0.0,177.67920181644442,1229.710929155456,4087.7707090663916,3656.258120863065,0.0,0.0,0.0,0.0,0.0,8.35849274156697,23.976483794578275,0.0,0.0,0.0,-2.2737367544323206e-13,0.0
2025-01-15 22:00:00+00:00,0,71.0,2908.4096275591255,627.1676639011404,931.8257021432921,1349.4162615146925,627.1676639011405,282.4010818724619,344.76658202867856,1461.295265723112,466.6620185999187,160.50564530122165,931.8257021432921,0.0,1349.4162615146925,0.0,678.7811179635181,212.1190993635994,2281.2419636579843,3041.655951543979,760.4139878859947,160.50564530122165,53.50188176707388,214.00752706829553,3.210112906024433,41.44893367944569,0.0,181.0121225655734,1251.7061381677115,4160.115765726836,3720.437069507497,0.0,0.0,0.0,0.0,0.0,8.35849274156697,23.976995532966825,0.0,0.0,0.0,-1.1368683772161603e-12,0.0
2025-01-15 23:00:00+00:00,0,71.0,2895.535406614037,625.4956588859985,928.3575721643696,1341.6821755636706,625.4956588859986,281.18069068554354,344.31496820045504,1461.295265723112,465.46306678634596,160.03259209965256,928.3575721643696,0.0,1341.6821755636706,0.0,677.0371880528669,211.5741212665209,2270.0397477280403,3026.719663637387,756.6799159093467,160.03259209965256,53.34419736655085,213.3767894662034,3.200651841993051,41.2675489205678,0.0,180.3921777968883,1246.4586131018677,4170.686555659634,3703.756851690254,0.0,0.0,0.0,28.692535943729908,0.0,35.57862237009757,23.977071476460015,0.0,0.0,0.0,-7.815970093361102e-13,0.0
2025-03-21 00:00:00+00:00,1,14.0,4576.190816440603,981.8578702422077,1458.4988022409955,2135.8341439573983,981.8578702422077,440.11250328075675,541.7453669614509,1461.295265723112,730.6851512024962,251.17271903971152,1458.4988022409955,0.0,2135.8341439573983,0.0,1062.814765385449,332.12961418295276,3594.332946198394,4792.443928264525,1198.1109820661313,251.17271903971152,83.72423967990385,334.8969587196154,5.023454380794231,65.11330550680385,0.0,283.8882486547068,1967.989844471293,6544.180660911896,5855.258693649974,0.0,0.0,0.0,0.0,0.0,8.35849274156697,23.972321667381173,0.0,0.0,0.0,-4.547473508864641e-13,0.0
2025-03-21 01:00:00+00:00,1,14.0,3752.032514841168,806.0319882595825,1196.2708485911105,1749.7296779904746,806.0319882595825,361.2714916130169,444.7604966465655,1461.295265723112,599.642229572631,206.3897586869515,1196.2708485911105,0.0,1749.7296779904746,0.0,872.2068793783724,272.56464980574134,2946.0005265815853,3928.0007021087804,982.0001755271951,206.3897586869515,68.79658622898383,275.1863449159353,4.127795173739029,53.38542223763807,0.0,232.94762665483248,1613.8222556281298,5407.647234177133,4800.207581487153,0.0,0.0,0.0,41.79246370783485,0.0,48.006305045572134,23.976534934684256,0.0,0.0,0.0,5.471179065352771e-13,0.0
2025-03-21 02:00:00+00:00,1,14.0,4490.833738574025,962.1910015296663,1430.288808770485,2098.3539282738707,962.1910015296663,431.18041355322987,531.0105879764365,1461.295265723112,716.6060125948258,245.58498893484057,1430.288808770485,0.0,2098.3539282738707,0.0,1042.3360183197465,325.7300057249208,3528.6427370443557,4704.856982725807,1176.2142456814518,245.58498893484057,81.8616629782802,327.4466519131208,4.9116997786968115,63.892203545853256,0.0,278.3481489004278,1930.9579666096306,6421.791705183657,5747.1930010455535,0.0,0.0,0.0,0.0,0.0,48.006305045572134,23.973687474509784,0.0,0.0,0.0,9.094947017729282e-13,0.0
2025-03-21 03:00:00+00:00,1,14.0,3516.3896015150417,751.5232089829647,1117.4525050670657,1647.4138874650102,751.5232089829647,337.4578670632997,414.06534191966495,1461.295265723112,559.7465026660851,191.77670631687954,1117.4525050670657,0.0,1647.4138874650102,0.0,814.1767311506693,254.43022848458415,2764.866392532076,3686.4885233761015,921.6221308440254,191.77670631687954,63.92556877229318,255.70227508917273,3.8355341263375906,49.997714026662074,0.0,217.6693511815984,1511.4805274355008,5056.5626648942725,4500.665254526771,0.0,0.0,0.0,28.692535943729908,0.0,75.22643467410273,23.978308178647353,0.0,0.0,0.0,1.2789769243681803e-13,0.0
2025-03-21 04:00:00+00:00,1,14.0,3028.9048086142343,644.970567408158,961.4085894844005,1422.5256517216778,644.9705674081581,290.05278606467203,354.917781343486,1461.295265723112,480.9189472238269,164.0516201843311,961.4085894844005,0.0,1422.5256517216778,0.0,699.5184686892028,218.59952146537586,2383.9342412060782,3178.578988274771,794.6447470686927,164.0516201843311,54.68387339477704,218.73549357910815,3.281032403686622,43.06751420174879,0.0,187.06519667155322,1301.3418852058342,4330.246693820069,3878.097456963974,0.0,0.0,0.0,0.0,0.0,75.22643467410273,23.980799000505762,0.0,0.0,0.0,2.2737367544323206e-13,0.0
2025-03-21 05:00:00+00:00,1,14.0,4635.98210501564,986.2458465754529,1471.3099697568548,2178.4262886833335,986.245846575453,443.20757791915634,543.0382686562966,1461.295265723112,735.9332692847536,250.31257729069932,1471.3099697568548,0.0,2178.4262886833335,0.0,1070.4483916869144,334.5151224021607,3649.736258440188,4866.315011253584,1216.578752813396,250.31257729069932,83.43752576356644,333.75010305426576,5.006251545813987,65.92356197953899,0.0,286.1245228540029,1991.585737358479,6627.567842374118,5936.763402940498,0.0,0.0,0.0,0.0,0.0,75.22643467410273,23.972254416191255,0.0,0.0,0.0,-4.547473508864641e-13,0.0
2025-03-21 06:00:00+00:00,1,14.0,3635.065831251845,773.8368001625153,1153.4995602733818,1707.7294708159498,773.8368001625153,347.90935501015304,425.9274451523622,1461.295265723112,577.1005118056866,196.7362883568287,1153.4995602733818,0.0,1707.7294708159498,0.0,839.4189262628169,262.31841445713025,2861.2290310893313,3814.9720414524418,953.7430103631104,196.7362883568287,65.57876278560957,262.3150511424383,3.934725767136574,51.68228151636095,0.0,224.4653105070255,1561.7225053963734,5196.788336648217,4654.390967715259,0.0,0.0,0.0,0.0,0.0,75.22643467410273,23.977607220747554,0.0,0.0,0.0,-9.094947017729282e-13,0.0
2025-03-21 07:00:00+00:00,1,14.0,2470.475698291082,526.469541809167,784.453659091688,1159.5524973902275,526.469541809167,237.02947106908476,289.44007074008226,1461.295265723112,392.385822564333,134.08371924483401,784.453659091688,0.0,1159.5524973902275,0.0,570.7430146390299,178.35719207469683,1944.0061564819155,2592.0082086425537,648.0020521606384,134.08371924483401,44.69457308161134,178.77829232644535,2.68167438489668,35.129134746652916,0.0,152.65800774524243,1061.5226341937387,3531.9983324848213,3162.7512232815834,0.0,0.0,0.0,0.0,0.0,75.22643467410273,23.98287907736117,0.0,0.0,0.0,4.547473508864641e-13,0.0
2025-03-21 08:00:00+00:00,1,14.0,2446.126005063638,522.6890626468448,776.6210144653176,1146.8159279514755,522.6890626468448,235.07740883018533,287.61165381665944,1461.295265723112,388.9451890299598,133.74387361688503,776.6210144653176,0.0,1146.8159279514755,0.0,565.7384567708507,176.79326774089083,1923.436942416793,2564.582589889057,641.1456474722643,133.74387361688503,44.58129120562834,178.32516482251336,2.6748774723377005,34.76678971347428,0.0,151.43727478169959,1051.399148386295,3497.5251534499325,3130.3210466599076,0.0,0.0,0.0,0.0,0.0,75.22643467410273,23.983898624460085,0.0,0.0,0.0,-4.547473508864641e-13,0.0
2025-03-21 09:00:00+00:00,1,14.0,2455.700848684079,526.7970613313522,781.7902751458544,1147.113512206872,526.7970613313522,236.51147699414952,290.2855843372027,1461.295265723112,391.6871135613164,135.10994777003583,781.7902751458544,0.0,1147.113512206872,0.0,569.726710634642,178.0395970733256,1928.9037873527263,2571.8717164703016,642.9679291175754,135.10994777003583,45.03664925667861,180.14659702671443,2.7021989554007164,34.92484337644435,0.0,152.38176998512924,1056.0529877645538,3511.7538364486327,3141.5984271049438,0.0,0.0,0.0,0.0,0.0,75.22643467410273,23.98384978059634,0.0,0.0,0.0,-2.2737367544323206e-13,0.0
2025-03-21 10:00:00+00:00,1,14.0,2562.0348076078476,546.5484954979204,812.9886338048707,1202.4976783050552,546.5484954979204,245.79123013231654,300.75726536560387,1461.295265723112,407.5552140582831,138.99328143963726,812.9886338048707,0.0,1202.4976783050552,0.0,592.8075840847755,185.25237002649234,2015.4863121099258,2687.3150828132343,671.8287707033086,138.99328143963726,46.33109381321242,185.32437525284968,2.779865628792745,36.41463579719667,0.0,158.49800905022653,1101.104745019229,3641.4955166485033,3280.12266689801,0.0,0.0,0.0,0.0,21.644035978573424,52.41161752379494,23.98207927129425,0.0,0.0,0.0,0.0,0.0
2025-03-21 11:00:00+00:00,1,14.0,2488.264137829577,530.7884819023558,789.9972976918963,1167.4783582353248,530.7884819023557,238.82708773580623,291.9613941665495,1461.295265723112,395.72928354776866,135.05919835458712,789.9972976918963,0.0,1167.4783582353248,0.0,575.6062306149363,179.87694706716758,1957.475655927221,2609.9675412362944,652.4918853090736,135.05919835458712,45.01973278486238,180.0789311394495,2.7011839670917426,35.37470251311014,0.0,153.89294725927346,1069.357398900579,3515.8290730223207,3185.573771851231,0.0,0.0,0.0,0.0,41.79246370783485,8.35849274156697,23.98240156066967,0.0,0.0,0.0,-4.547473508864641e-13,0.0
2025-03-21 12:00:00+00:00,1,14.0,2638.836141428213,562.5853263716575,842.3635998227024,1233.8872152338513,562.5853263716575,253.3728476860426,309.2124786856149,1461.295265723112,419.08454781602694,143.50077855563057,842.3635998227024,0.0,1233.8872152338513,0.0,609.5775240960392,190.49297628001221,2076.2508150565536,2768.3344200754045,692.0836050188511,143.50077855563057,47.83359285187686,191.33437140750743,2.8700155711126114,37.609780147019585,0.0,162.95808799985127,1133.8480578687236,3772.6841992969366,3377.911944171444,0.0,0.0,0.0,0.0,0.0,8.35849274156697,23.982288393947222,0.0,0.0,0.0,0.0,0.0
2025-03-21 13:00:00+00:00,1,14.0,2567.667681468264,549.7770234588611,817.4352608185027,1200.4553971909008,549.7770234588611,247.55837490558918,302.2186485532719,1461.295265723112,409.0251059131085,140.75191754575258,817.4352608185027,0.0,1200.4553971909008,0.0,594.9456086008852,185.9205026877766,2017.8906580094035,2690.520877345871,672.6302193364678,140.75191754575258,46.91730584858419,187.66922339433677,2.8150383509150516,36.527611796464086,0.0,159.15829541464004,1103.9689734348476,3700.3291908468414,3285.4664859467566,0.0,0.0,0.0,28.692535943729908,0.0,35.57862237009757,23.98089003734525,0.0,0.0,0.0,-3.268496584496461e-13,0.0
2025-03-21 14:00:00+00:00,1,14.0,2514.518970629087,540.4604669423832,801.1429556588633,1172.9155480278407,540.4604669423832,242.91349922010997,297.54696772227317,1461.295265723112,401.71895748856383,138.74150945381933,801.1429556588633,0.0,1172.9155480278407,0.0,584.3184836197292,182.5995261311654,1974.0585036867042,2632.0780049156056,658.0195012289014,138.74150945381933,46.24716981793978,184.9886792717591,2.7748301890763867,35.76344415004431,0.0,156.24503050612043,1081.6495020232478,3596.1684726523345,3216.396488535335,0.0,0.0,0.0,0.0,0.0,35.57862237009757,23.98156386516542,0.0,0.0,0.0,-4.547473508864641e-13,0.0
2025-03-21 15:00:00+00:00,1,14.0,2476.830108709238,532.3034561753154,788.2356906352118,1156.290961898713,532.3034561753154,239.14995892240213,293.1534972529133,1461.295265723112,395.7236262902961,136.5798298850193,788.2356906352118,0.0,1156.290961898713,0.0,575.5980018767943,179.87437558649822,1944.5266525339248,2592.702203378566,648.1755508446415,136.5798298850193,45.5266099616731,182.1064398466924,2.731596597700386,35.209980338043486,0.0,153.92661860517515,1065.4447319337319,3584.067304350804,3168.30020525536,0.0,0.0,0.0,41.79246370783485,0.0,75.22643467410273,23.982245813903564,0.0,0.0,0.0,-8.171241461241152e-13,0.0
2025-03-21 16:00:00+00:00,1,14.0,2427.784647119749,518.2798132920972,771.6379394209937,1137.866894406659,518.2798132920972,233.19571220122126,285.0841010908759,1461.295265723112,386.3848388820012,131.89497441009598,771.6379394209937,0.0,1137.866894406659,0.0,562.0143111010926,175.62947221909144,1909.5048338276526,2546.006445103537,636.5016112758842,131.89497441009598,43.964991470032,175.859965880128,2.6378994882019198,34.5278071266964,0.0,150.19723373415144,1043.4590153140575,3471.2436624338065,3108.0207562046294,0.0,0.0,0.0,0.0,0.0,75.22643467410273,23.98276442235946,0.0,0.0,0.0,0.0,0.0
2025-03-21 17:00:00+00:00,1,14.0,2607.7242161239196,552.1218829825401,826.5656596926992,1229.0366734486809,552.1218829825401,249.36292591515988,302.7589570673802,1461.295265723112,412.8146459689758,139.3072370135643,826.5656596926992,0.0,1229.0366734486809,0.0,600.4576668639648,187.643020894989,2055.60233314138,2740.803110855173,685.2007777137933,139.3072370135643,46.4357456711881,185.7429826847524,2.786144740271286,37.08733652526779,0.0,160.50066782885773,1119.6536933743673,3727.377909498287,3341.260777719138,0.0,0.0,0.0,0.0,0.0,75.22643467410273,23.980232240403044,0.0,0.0,0.0,0.0,0.0
2025-03-21 18:00:00+00:00,1,14.0,3405.2650082195255,724.988862945242,1081.3485677817278,1598.927577492555,724.9888629452419,327.14953697581024,397.8393259694317,1461.295265723112,541.2517809886268,183.73708195661516,1081.3485677817278,0.0,1598.927577492555,0.0,787.2753178016391,246.02353681301219,2680.2761452742825,3573.7015270323764,893.4253817580941,183.73708195661516,61.24569398553839,244.98277594215355,3.674741639132303,48.42973280837738,0.0,210.3503404608934,1463.1494274650477,4826.621971976739,4360.9768448340155,0.0,0.0,0.0,0.0,41.79246370783485,31.173309891874766,23.97207765003632,0.0,0.0,0.0,4.547473508864641e-13,0.0
2025-03-21 19:00:00+00:00,1,14.0,3403.97539606335,728.9238792191509,1082.6307156984808,1592.4208011457192,728.9238792191509,329.162979604877,399.76089961427385,1461.295265723112,542.3194932829924,186.60438593615845,1082.6307156984808,0.0,1592.4208011457192,0.0,788.8283538661708,246.50886058317838,2675.0515168442,3566.735355792266,891.6838389480665,186.60438593615845,62.201461978719486,248.80584791487794,3.732087718723169,48.403129482411615,0.0,211.08998777590497,1463.6193664870043,4845.950726571781,4355.563709658437,0.0,0.0,0.0,0.0,21.644035978573424,8.35849274156697,23.970648693657537,0.0,0.0,0.0,4.547473508864641e-13,0.0
2025-03-21 20:00:00+00:00,1,14.0,2965.7143758801526,639.743907083424,947.0575590771708,1378.9129097195578,639.743907083424,288.5559240138289,351.1879830695951,1461.295265723112,475.27585500488897,164.46805207853504,947.0575590771708,0.0,1378.9129097195578,0.0,691.3103345525658,216.0344795476768,2325.9704687967287,3101.293958395638,775.3234895989095,164.46805207853504,54.822684026178344,219.29073610471337,3.2893610415707006,42.200855869510704,0.0,184.71889259226805,1276.389762676114,4242.104138556267,3792.6042929482037,0.0,0.0,0.0,0.0,0.0,8.35849274156697,23.971786145439893,0.0,0.0,0.0,0.0,0.0
2025-03-21 21:00:00+00:00,1,14.0,4367.399333036642,942.5808600508985,1393.1986127375178,2031.6198602482268,942.5808600508987,425.42524755160173,517.1556124992969,1461.295265723112,698.8740795433092,243.70678050758931,1393.1986127375178,0.0,2031.6198602482268,0.0,1016.5441156993589,317.67003615604966,3424.818472985745,4566.42463064766,1141.606157661915,243.70678050758931,81.23559350252977,324.94237401011907,4.874135610151786,62.11215698460781,0.0,272.1525754260572,1879.6506553413112,6247.049988377954,5582.968746347019,0.0,0.0,0.0,0.0,0.0,8.35849274156697,23.960578999358503,0.0,0.0,0.0,6.821210263296962e-13,0.0
2025-03-21 22:00:00+00:00,1,14.0,4044.7511990677795,872.9244627932186,1290.5583516475963,1881.268384626966,872.9244627932186,393.7096903635655,479.21477242965307,1461.295265723112,647.0556496784803,225.86881311473826,1290.5583516475963,0.0,1881.268384626966,0.0,941.1718540777896,294.11620439930925,3171.8267362745623,4229.102315032749,1057.2755787581873,225.86881311473826,75.28960437157941,301.15841748631766,4.517376262294765,57.52943439569755,0.0,252.03746925272924,1740.7656674397977,5785.516866507575,5170.274169110538,0.0,0.0,0.0,0.0,0.0,8.35849274156697,23.964858916229854,0.0,0.0,0.0,-1.8189894035458565e-12,0.0
2025-03-21 23:00:00+00:00,1,14.0,3180.2473885094764,681.1446239790288,1012.8180586642046,1486.284705866241,681.1446239790288,308.4393624583369,372.70526152069186,1461.295265723112,506.7422157377447,174.4024082412841,1012.8180586642046,0.0,1486.284705866241,0.0,737.0795865276286,230.33737078988395,2499.1027645304457,3332.1370193739276,833.0342548434819,174.4024082412841,58.13413608042803,232.5365443217121,3.4880481648256816,45.24738881858855,0.0,197.2145490848981,1367.4557477821065,4547.703136291582,4069.2166059015562,0.0,0.0,0.0,0.0,0.0,8.35849274156697,23.968731152900645,0.0,0.0,0.0,-6.821210263296962e-13,0.0
2025-03-23 00:00:00+00:00,2,1.0,3047.0827957348697,651.3388141553065,970.1673970753558,1425.5765845042067,651.3388141553066,293.6780552852027,357.6607588701039,1461.295265723112,485.4001805551852,165.9386336001213,970.1673970753558,0.0,1425.5765845042067,0.0,706.0366262620876,220.63644570690235,2395.7439815795624,3194.32530877275,798.5813271931875,165.9386336001213,55.312877866707105,221.25151146682842,3.318772672002426,43.360787757302745,0.0,188.64917024556726,1309.8593814416695,4356.942177176538,3900.361935034837,0.0,0.0,0.0,0.0,0.0,8.35849274156697,23.976655426887717,0.0,0.0,0.0,-9.094947017729282e-13,0.0
2025-03-23 01:00:00+00:00,2,1.0,3689.539622469024,788.5137237217672,1172.4444287428864,1728.5814700043695,788.5137237217671,355.53579669626254,432.9779270255046,1461.295265723112,586.9135837542697,201.6001399674975,1172.4444287428864,0.0,1728.5814700043695,0.0,853.6924854607558,266.7789017064862,2901.025898747256,3868.0345316630082,967.0086329157521,201.6001399674975,67.20004665583251,268.80018662333003,4.03200279934995,52.45914756233029,0.0,228.45433921346645,1585.9330708532175,5317.265157030076,4721.727017123764,0.0,0.0,0.0,41.79246370783485,0.0,48.006305045572134,23.97312495183098,0.0,0.0,0.0,-3.623767952376511e-13,0.0
2025-03-23 02:00:00+00:00,2,1.0,4766.883972927061,1017.8305125677132,1515.6101687554665,2233.4432916038854,1017.8305125677132,459.2930258485349,558.5374867191783,1461.295265723112,757.8610634085785,259.9694491591347,1515.6101687554665,0.0,2233.4432916038854,0.0,1102.3433649579324,344.48230154935385,3749.053460359352,4998.7379471458025,1249.6844867864506,259.9694491591347,86.6564830530449,346.6259322121796,5.199388983182693,67.80273797870285,0.0,294.9519326457779,2048.777330996513,6815.661303923574,6101.081312103735,0.0,0.0,0.0,0.0,0.0,48.006305045572134,23.96437174239492,0.0,0.0,0.0,4.547473508864641e-13,0.0
2025-03-23 03:00:00+00:00,2,1.0,5065.620620082867,1082.9778644269875,1609.4617355423804,2373.1810201134977,1082.9778644269875,488.0236193252042,594.9542451017833,1461.295265723112,806.0777864895578,276.9000779374297,1609.4617355423804,0.0,2373.1810201134977,0.0,1172.4767803484476,366.39899385888987,3982.6427556558783,5310.190340874504,1327.547585218626,276.9000779374297,92.30002597914324,369.20010391657297,5.5380015587485945,72.01566226740638,0.0,313.73871192514036,2177.5389808079544,7271.852136834553,6482.667121222951,0.0,0.0,0.0,28.692535943729908,0.0,75.22643467410273,23.963828538360257,0.0,0.0,0.0,1.0373923942097463e-12,0.0
2025-03-23 04:00:00+00:00,2,1.0,4612.233252327111,985.2567034216507,1466.108942528752,2160.867606376709,985.2567034216507,443.90150736116607,541.3551960604847,1461.295265723112,734.045807338168,251.2108960834828,1466.108942528752,0.0,2160.867606376709,0.0,1067.7029924918807,333.6571851537127,3626.9765489054607,4835.968731873947,1208.9921829684868,251.2108960834828,83.73696536116093,334.9478614446437,5.024217921669655,65.59194433962965,0.0,285.4660757042212,1982.468571448881,6594.701823775992,5903.671724365828,0.0,0.0,0.0,0.0,0.0,75.22643467410273,23.96682088654968,0.0,0.0,0.0,4.547473508864641e-13,0.0
2025-03-23 05:00:00+00:00,2,1.0,4918.4003314097545,1051.0399314739097,1562.5360120815005,2304.824387854343,1051.0399314739097,473.5372869228311,577.5026445510788,1461.295265723112,782.5041701258191,268.53576134809066,1562.5360120815005,0.0,2304.824387854343,0.0,1138.1878838193732,355.68371369355407,3867.360399935844,5156.480533247792,1289.120133311948,268.53576134809066,89.51192044936356,358.04768179745423,5.3707152269618135,69.92432424098845,0.0,304.52210310252207,2114.132910025338,7032.533241435091,6294.668417067165,0.0,0.0,0.0,0.0,0.0,75.22643467410273,23.96535003548389,0.0,0.0,0.0,-9.094947017729282e-13,0.0
2025-03-23 06:00:00+00:00,2,1.0,4640.041575661417,990.4990899726012,1474.7018783681785,2174.840607320635,990.499089972601,446.44297728630403,544.0561126862971,1461.295265723112,738.0464389798036,252.45265099279754,1474.7018783681785,0.0,2174.840607320635,0.0,1073.5220930615326,335.4756540817289,3649.542485688814,4866.056647585085,1216.5141618962712,252.45265099279754,84.15088366426585,336.6035346570634,5.0490530198559505,65.98946242425171,0.0,287.0543647961489,1994.2335798825225,6634.275155543937,5939.578740646617,0.0,0.0,0.0,0.0,0.0,75.22643467410273,23.966539043631865,0.0,0.0,0.0,-1.8189894035458565e-12,0.0
2025-03-23 07:00:00+00:00,2,1.0,4423.780537253034,946.5480779229387,1407.2106299634252,2070.0218293666726,946.5480779229388,426.60470193939153,519.9433759835472,1461.295265723112,704.6389113588931,241.90916656404556,1407.2106299634252,0.0,2070.0218293666726,0.0,1024.9293256129354,320.2904142540423,3477.2324593300978,4636.309945773463,1159.0774864433658,241.90916656404556,80.63638885468185,322.5455554187274,4.838183331280911,62.91653719256948,0.0,274.0865592685099,1901.8455693444503,6325.626106597485,5661.239271386399,0.0,0.0,0.0,0.0,0.0,75.22643467410273,23.96701877320562,0.0,0.0,0.0,9.094947017729282e-13,0.0
2025-03-23 08:00:00+00:00,2,1.0,2525.460535255602,538.8832107939569,801.9566574660511,1184.6206669955943,538.8832107939569,243.5203281614891,295.3628826324678,1461.295265723112,401.399635629377,137.48357516457992,801.9566574660511,0.0,1184.6206669955943,0.0,583.854015460912,182.454379831535,1986.5773244616453,2648.7697659488604,662.1924414872151,137.48357516457992,45.827858388193306,183.31143355277322,2.7496715032915984,35.90490639393747,0.0,156.23012015231654,1085.359377756489,3610.8199130120906,3232.623781409772,0.0,0.0,0.0,0.0,0.0,75.22643467410273,23.979653215171062,0.0,0.0,0.0,-2.2737367544323206e-13,0.0
2025-03-23 09:00:00+00:00,2,1.0,4083.5344389885936,874.0769083122021,1295.703062827125,1913.754467849265,874.0769083122022,394.6560006725562,479.420907639646,1461.295265723112,649.2880656901758,224.78884262202632,1295.703062827125,0.0,1913.754467849265,0.0,944.4190046402557,295.1309389500799,3209.45753067639,4279.27670756852,1069.81917689213,224.78884262202632,74.92961420734211,299.71845682936845,4.495776852440526,58.008636563306396,0.0,253.1907969047952,1755.5749403700943,5839.109379358687,5223.695712208775,0.0,0.0,0.0,0.0,0.0,75.22643467410273,23.969292474025835,0.0,0.0,0.0,-9.094947017729282e-13,0.0
2025-03-23 10:00:00+00:00,2,1.0,2599.533019262855,557.0989663483194,825.8923511967454,1216.5417017177915,557.0989663483194,252.42770771761698,304.6712586307025,1461.295265723112,413.5494017663157,143.5495645820037,825.8923511967454,0.0,1216.5417017177915,0.0,601.5264025691865,187.97700080287078,2042.434052914537,2723.245403886049,680.8113509715123,143.5495645820037,47.849854860667904,191.39941944267161,2.870991291640074,36.94218755308028,0.0,161.29532924132857,1117.7467147211,3695.635698005381,3324.7718064552355,0.0,0.0,0.0,0.0,21.644035978573424,52.41161752379494,23.976710548665647,0.0,0.0,0.0,-4.547473508864641e-13,0.0
2025-03-23 11:00:00+00:00,2,1.0,2678.3055703265177,575.4801422605116,852.7450942232125,1250.0803338427936,575.4801422605117,259.49136020514015,315.9887820553715,1461.295265723112,427.50497327184195,147.97516898866962,852.7450942232125,0.0,1250.0803338427936,0.0,621.8254156681338,194.3204423962918,2102.825428066006,2803.7672374213416,700.9418093553354,147.97516898866962,49.32505632955654,197.30022531822615,2.959503379773392,38.08315616512431,0.0,166.40689244924116,1152.0368600753227,3788.549966694006,3425.5926530894753,0.0,0.0,0.0,0.0,41.79246370783485,8.35849274156697,23.97884997475386,0.0,0.0,0.0,4.547473508864641e-13,0.0
2025-03-23 12:00:00+00:00,2,1.0,3707.387082912041,792.90904605615,1176.341280000797,1738.1367568550927,792.90904605615,357.7412646881371,435.1677813680129,1461.295265723112,589.4451041064092,203.46394194974084,1176.341280000797,0.0,1738.1367568550927,0.0,857.3746968820498,267.9295927756405,2914.4780368558895,3885.9707158078527,971.4926789519632,203.46394194974084,67.82131398324695,271.2852559329878,4.069278838994817,52.67160596857484,0.0,229.70283093088733,1593.6873014493076,5301.07438436135,4743.345412689902,0.0,0.0,0.0,0.0,0.0,8.35849274156697,23.97280566607716,0.0,0.0,0.0,1.3642420526593924e-12,0.0
2025-03-23 13:00:00+00:00,2,1.0,4774.338456629509,1020.4157972636436,1515.7393073010487,2238.1833520648133,1020.4157972636438,460.2181222357896,560.1976750278541,1461.295265723112,758.9849217243941,261.43087553924954,1515.7393073010487,0.0,2238.1833520648133,0.0,1103.9780679627552,344.99314623836096,3753.9226593658623,5005.230212487816,1251.307553121954,261.43087553924954,87.14362517974985,348.5745007189994,5.228617510784991,67.8540127396796,0.0,295.63906248887815,2052.1660172794072,6855.197009852644,6109.208280450572,0.0,0.0,0.0,28.692535943729908,0.0,35.57862237009757,23.965570292674325,0.0,0.0,0.0,-1.6910917111090384e-12,0.0
2025-03-23 14:00:00+00:00,2,1.0,2979.168721184503,635.1273116876101,948.6880847423479,1395.3533247545467,635.1273116876101,286.0260772081754,349.1012344794347,1461.295265723112,474.6456830855626,160.48162860204752,948.6880847423479,0.0,1395.3533247545467,0.0,690.3937208517275,215.74803776616483,2344.0414094968946,3125.388545995859,781.3471364989648,160.48162860204752,53.49387620068251,213.97550480273003,3.20963257204095,42.4141757898159,0.0,184.03971387318785,1280.252572700857,4259.421293885359,3815.7822668475865,0.0,0.0,0.0,0.0,0.0,35.57862237009757,23.977558139806895,0.0,0.0,0.0,-9.094947017729282e-13,0.0
2025-03-23 15:00:00+00:00,2,1.0,2661.2908495157944,567.9515786212405,849.2983512632827,1244.0409196312685,567.9515786212405,254.24060938042604,313.7109692408145,1461.295265723112,425.2473905487905,142.70418807245,849.2983512632827,0.0,1244.0409196312685,0.0,618.541658980059,193.29426843126842,2093.339270894551,2791.1190278594013,697.7797569648503,142.70418807245,47.56806269081667,190.27225076326667,2.854083761449,37.91935973421117,0.0,164.4332252439234,1143.848756826519,3846.932070050149,3409.66068683946,0.0,0.0,0.0,41.79246370783485,0.0,75.22643467410273,23.98360519901768,0.0,0.0,0.0,5.471179065352771e-13,0.0
2025-03-23 16:00:00+00:00,2,1.0,2571.9426533617698,548.1744445608421,819.457126740582,1204.3110820603438,548.1744445608421,245.82500327824684,302.34944128259525,1461.295265723112,410.0675431431815,138.10690141766054,819.457126740582,0.0,1204.3110820603438,0.0,596.4618809355368,186.39433779235523,2023.7682088009258,2698.3576117345674,674.5894029336418,138.10690141766054,46.035633805886846,184.14253522354738,2.7621380283532107,36.6268246228209,0.0,158.82356263880462,1105.2318998218627,3677.1745531836314,3294.8194926701044,0.0,0.0,0.0,0.0,0.0,75.22643467410273,23.98413197173728,0.0,0.0,0.0,-1.1368683772161603e-12,0.0
2025-03-23 17:00:00+00:00,2,1.0,2694.2734470521896,573.3710261082371,858.4226692949246,1262.4797516490287,573.3710261082371,257.0587740620904,316.3122520461467,1461.295265723112,428.95321292008265,144.4178131881544,858.4226692949246,0.0,1262.4797516490287,0.0,623.9319460655748,194.97873314549213,2120.902420943953,2827.8698945919373,706.9674736479843,144.4178131881544,48.13927106271814,192.55708425087255,2.888356263763088,38.37747759533802,0.0,166.20275514799363,1157.5540668632893,3851.827513915479,3451.801840657512,0.0,0.0,0.0,0.0,0.0,75.22643467410273,23.98490050857169,0.0,0.0,0.0,0.0,0.0
2025-03-23 18:00:00+00:00,2,1.0,4148.013061258572,887.6826150113194,1317.934407603941,1942.3960386433123,887.6826150113195,398.6891108208748,488.99350419044464,1461.295265723112,660.4128594588096,227.26975555250976,1317.934407603941,0.0,1942.3960386433123,0.0,960.6005228491777,300.187663390368,3260.3304462472533,4347.1072616630045,1086.7768154157511,227.26975555250976,75.75658518416992,303.0263407366797,4.545395111050195,58.96199261455136,0.0,257.0242323303763,1783.252684046267,5889.473281597003,5307.707784512182,0.0,0.0,0.0,0.0,41.79246370783485,31.173309891874766,23.975527041578147,0.0,0.0,0.0,-9.094947017729282e-13,0.0
2025-03-23 19:00:00+00:00,2,1.0,4286.388019597032,914.8142256401676,1359.1790398056921,2012.3947541511714,914.8142256401676,411.29024973720215,503.52397590296545,1461.295265723112,681.0291034126251,233.7851222275425,1359.1790398056921,0.0,2012.3947541511714,0.0,990.5877867820002,309.55868336937505,3371.5737939568635,4495.431725275817,1123.8579313189543,233.7851222275425,77.9283740758475,311.71349630339,4.67570244455085,60.89931873568248,0.0,265.178704542065,1842.0987144864753,6106.842698104934,5486.019512057817,0.0,0.0,0.0,0.0,21.644035978573424,8.35849274156697,23.974361162708565,0.0,0.0,0.0,4.547473508864641e-13,0.0
2025-03-23 20:00:00+00:00,2,1.0,3276.2455494626297,700.0148008626414,1040.1227888413098,1536.107959758676,700.0148008626414,314.2162572392768,385.79854362336465,1461.295265723112,521.1794235088076,178.8353773538338,1040.1227888413098,0.0,1536.107959758676,0.0,758.0791614673566,236.8997379585489,2576.230748599986,3434.9743314666475,858.7435828666619,178.8353773538338,59.61179245127793,238.4471698051117,3.5767075470766754,46.564763262826055,0.0,202.79794297517196,1408.1945270615636,4684.440076524192,4193.053492934004,0.0,0.0,0.0,0.0,0.0,8.35849274156697,23.98158009830667,0.0,0.0,0.0,-1.5916157281026244e-12,0.0
2025-03-23 21:00:00+00:00,2,1.0,3539.052929292931,754.7370764930406,1123.1472305702812,1661.1686222296107,754.7370764930406,339.4913907176414,415.2456857753991,1461.295265723112,561.6806813492045,193.05639514383608,1123.1472305702812,0.0,1661.1686222296107,0.0,816.9900819624793,255.30940061327476,2784.315852799892,3712.4211370665225,928.1052842666306,193.05639514383608,64.35213171461203,257.4085268584481,3.8611279028767216,50.30610313940455,0.0,218.8081930721958,1520.7422407089944,5059.795170001927,4529.411219029002,0.0,0.0,0.0,0.0,0.0,8.35849274156697,23.979558553552422,0.0,0.0,0.0,1.3642420526593924e-12,0.0
2025-03-23 22:00:00+00:00,2,1.0,4426.837872567179,938.7840052859833,1404.3898352357949,2083.6640320454007,938.7840052859834,423.5212682749351,515.2627370110483,1461.295265723112,699.5791696165506,239.20483566943267,1404.3898352357949,0.0,2083.6640320454007,0.0,1017.5697012604373,317.99053164388664,3488.0538672811954,4650.73848970826,1162.684622427065,239.20483566943267,79.73494522314422,318.9397808925769,4.784096713388653,62.96833537752785,0.0,272.6635347060298,1900.8260660910423,6327.663938658222,5668.308190968697,0.0,0.0,0.0,0.0,0.0,8.35849274156697,23.973461372949814,0.0,0.0,0.0,4.547473508864641e-13,0.0
2025-03-23 23:00:00+00:00,2,1.0,4604.1904827817725,974.6359535852349,1459.291840648091,2170.2626885484474,974.635953585235,440.47171167727987,534.1642419079551,1461.295265723112,726.3365469069972,248.2994066782377,1459.291840648091,0.0,2170.2626885484474,0.0,1056.489522773814,330.15297586681686,3629.554529196538,4839.406038928717,1209.8515097321792,248.2994066782377,82.76646889274589,331.06587557098356,4.965988133564753,65.4813821049272,0.0,283.27831514856024,1976.4966398787942,6580.687122660565,5895.895561702531,0.0,0.0,0.0,0.0,0.0,8.35849274156697,23.971136681088165,0.0,0.0,0.0,-1.3642420526593924e-12,0.0
2025-04-12 00:00:00+00:00,3,40.0,3091.7851799709215,666.925713097004,983.2206953228856,1441.638771551033,666.9257130970041,296.90712483149616,370.01858826550784,1461.295265723112,496.6032935634371,170.32241953356686,983.2206953228856,0.0,1441.638771551033,0.0,722.3320633649994,225.7287698015623,2424.859466873919,3233.1459558318916,808.2864889579729,170.32241953356686,56.77413984452229,227.09655937808915,3.406448390671337,43.9130085751969,0.0,192.54474008255508,1330.6535956524808,4422.438775623403,3955.478019196891,0.0,0.0,0.0,0.0,0.0,8.35849274156697,23.984746541500648,0.0,0.0,0.0,4.547473508864641e-13,0.0
2025-04-12 01:00:00+00:00,3,40.0,3069.36490939459,659.6085756290809,974.9474912117635,1434.8088425537453,659.6085756290809,294.63065062489324,364.9779250041876,1461.295265723112,491.6151569012184,167.99341872786243,974.9474912117635,0.0,1434.8088425537453,0.0,715.0765918563177,223.46143495509926,2409.7563337655088,3213.008445020678,803.2521112551696,167.99341872786243,55.99780624262081,223.99122497048324,3.3598683745572484,43.59651316189036,0.0,190.72087063773785,1320.388604627075,4431.545977729499,3928.085036876996,0.0,0.0,0.0,41.79246370783485,0.0,48.006305045572134,23.982497847027524,0.0,0.0,0.0,-8.171241461241152e-13,0.0
2025-04-12 02:00:00+00:00,3,40.0,3040.409167427768,654.0379415366317,965.406514582309,1420.964711308826,654.0379415366317,292.4384709888333,361.5994705477985,1461.295265723112,486.5839548199981,167.4539867166336,965.406514582309,0.0,1420.964711308826,0.0,707.7584797381791,221.17452491818094,2386.371225891135,3181.82830118818,795.457075297045,167.4539867166336,55.8179955722112,223.2719822888448,3.349079734332672,43.17184255055753,0.0,189.06885465888095,1308.0393727312085,4348.448540158975,3889.586780926359,0.0,0.0,0.0,0.0,0.0,48.006305045572134,23.983071887198616,0.0,0.0,0.0,-9.094947017729282e-13,0.0
2025-04-12 03:00:00+00:00,3,40.0,3062.6154219436226,658.8229531117659,972.3693287450623,1431.4231400867939,658.8229531117659,294.41060279404047,364.4123503177253,1461.295265723112,489.94472819303513,168.87822491873072,972.3693287450623,0.0,1431.4231400867939,0.0,712.6468773716875,222.70214917865235,2403.7924688318562,3205.0566251091414,801.2641562772853,168.87822491873072,56.29274163957691,225.17096655830764,3.3775644983746145,43.485311263219806,0.0,190.45253339909587,1317.574456256205,4408.882414143558,3917.703502480829,0.0,0.0,0.0,28.692535943729908,0.0,75.22643467410273,23.98439194474511,0.0,0.0,0.0,5.826450433232822e-13,0.0
2025-04-12 04:00:00+00:00,3,40.0,3109.60323598824,670.2051522602711,987.298225535017,1452.0998581929523,670.2051522602712,299.47164928881955,370.7335029714516,1461.295265723112,497.7745938059588,172.43055845431235,987.298225535017,0.0,1452.0998581929523,0.0,724.0357728086673,226.2611790027085,2439.398083727969,3252.530778303959,813.1326945759897,172.43055845431235,57.47685281810411,229.90741127241645,3.448611169086247,44.13994534798003,0.0,193.6319701969796,1338.0912531108484,4447.694489099089,3976.5665511126263,0.0,0.0,0.0,0.0,0.0,75.22643467410273,23.983802582582427,0.0,0.0,0.0,4.547473508864641e-13,0.0
2025-04-12 05:00:00+00:00,3,40.0,3108.01247362187,669.7108819576296,986.6240529603247,1451.6775387039174,669.7108819576296,299.08024014009965,370.6306418175299,1461.295265723112,497.61237725038325,172.09850470724632,986.6240529603247,0.0,1451.6775387039174,0.0,723.7998214551029,226.18744420471964,2438.301591664242,3251.068788885656,812.767197221414,172.09850470724632,57.36616823574877,229.4646729429951,3.4419700941449265,44.11549697584891,0.0,193.5005320641583,1337.3788087960345,4445.391282417904,3974.868610340759,0.0,0.0,0.0,0.0,0.0,75.22643467410273,23.984206579314165,0.0,0.0,0.0,-2.2737367544323206e-13,0.0
2025-04-12 06:00:00+00:00,3,40.0,3057.446493160741,655.845177795106,968.8551220292121,1432.7461933364225,655.8451777951061,293.376381769193,362.46879602591304,1461.295265723112,488.38915859955455,167.45601919555145,968.8551220292121,0.0,1432.7461933364225,0.0,710.3842306902612,221.99507209070663,2401.6013153656345,3202.135087154179,800.5337717885448,167.45601919555145,55.818673065183816,223.27469226073526,3.349120383911029,43.393115594240584,0.0,189.80871578971232,1314.898468712299,4372.344961873039,3912.51931784444,0.0,0.0,0.0,0.0,0.0,75.22643467410273,23.983196040041932,0.0,0.0,0.0,-6.821210263296962e-13,0.0
2025-04-12 07:00:00+00:00,3,40.0,3070.6544380104815,657.2060385983106,972.4527944898052,1440.9956049223663,657.2060385983104,294.90010438921985,362.30593420909065,1461.295265723112,489.3961072824946,167.80993131581596,972.4527944898052,0.0,1440.9956049223663,0.0,711.8488833199922,222.45277603749756,2413.4483994121715,3217.9311992162284,804.4827998040571,167.80993131581596,55.936643771938655,223.74657508775462,3.3561986263163193,43.58353988391782,0.0,190.36489481242089,1320.1768529361484,4390.831290946629,3929.7800825362206,0.0,0.0,0.0,0.0,0.0,75.22643467410273,23.980951725352295,0.0,0.0,0.0,-4.547473508864641e-13,0.0
2025-04-12 08:00:00+00:00,3,40.0,3024.258249840333,644.9213077909048,956.7182085793077,1422.6187334701174,644.9213077909048,289.83721577126835,355.0840920196365,1461.295265723112,480.77728376437767,164.14402402652718,956.7182085793077,0.0,1422.6187334701174,0.0,699.3124127481857,218.53512898380802,2379.336942049425,3172.4492560659,793.112314016475,164.14402402652718,54.71467467550906,218.85869870203624,3.2828804805305434,42.9277335920804,0.0,187.05420696233142,1299.6269387107343,4323.885188551067,3871.7616688140856,0.0,0.0,0.0,0.0,0.0,75.22643467410273,23.981123793799146,0.0,0.0,0.0,-6.821210263296962e-13,0.0
2025-04-12 09:00:00+00:00,3,40.0,2952.048198650281,628.6510219926412,932.7648488458989,1390.6323278117393,628.6510219926412,282.6304848741708,346.0205371184704,1461.295265723112,468.62215411885165,160.02886787378952,932.7648488458989,0.0,1390.6323278117393,0.0,681.6322241728751,213.01007005402346,2323.3971766576383,3097.862902210184,774.465725552546,160.02886787378952,53.34295595792984,213.37182383171935,3.2005773574757903,41.88926874349436,0.0,182.43620146577712,1268.3447991312464,4220.392997781528,3779.495126383059,0.0,0.0,0.0,0.0,0.0,75.22643467410273,23.982535212703603,0.0,0.0,0.0,4.547473508864641e-13,0.0
2025-04-12 10:00:00+00:00,3,40.0,2929.163055665478,620.3955438229527,923.4892211533393,1385.2782906891853,620.3955438229527,279.75023779535974,340.64530602759305,1461.295265723112,462.8481571870203,157.5473866359324,923.4892211533393,0.0,1385.2782906891853,0.0,673.2336831811205,210.38552599410013,2308.7675118425245,3078.356682456699,769.5891706141748,157.5473866359324,52.5157955453108,210.0631821812432,3.150947732718648,41.55745954149203,0.0,180.41497556864297,1257.6138749964396,4165.132894683343,3751.5903656378196,0.0,0.0,0.0,0.0,21.644035978573424,52.41161752379494,23.98227240217108,0.0,0.0,0.0,-1.1368683772161603e-12,0.0
2025-04-12 11:00:00+00:00,3,40.0,3018.0422265829366,642.053948914388,954.0716714552465,1421.9166062133022,642.053948914388,288.74384214628157,353.31010676810644,1461.295265723112,478.6334797653053,163.4204691490827,954.0716714552465,0.0,1421.9166062133022,0.0,696.1941523858986,217.56067262059332,2375.9882776685486,3167.9843702247313,791.9960925561828,163.4204691490827,54.473489716360895,217.89395886544358,3.2684093829816536,42.84131620579042,0.0,186.36261355232614,1296.5025940342352,4272.752356909337,3864.17852261063,0.0,0.0,0.0,0.0,41.79246370783485,8.35849274156697,23.98252085747148,0.0,0.0,0.0,4.547473508864641e-13,0.0
2025-04-12 12:00:00+00:00,3,40.0,2937.9634504198903,625.1220373826623,928.4473050891643,1384.394107948064,625.1220373826623,281.2208898348575,343.9011475478048,1461.295265723112,466.0922748325753,159.02976255008696,928.4473050891643,0.0,1384.394107948064,0.0,677.9523997564731,211.86012492389784,2312.8414130372284,3083.7885507163046,770.9471376790761,159.02976255008696,53.00992085002898,212.03968340011593,3.180595251001739,41.697360232155575,0.0,181.45233189451105,1262.1474708306712,4200.110921250562,3761.7409504727775,0.0,0.0,0.0,0.0,0.0,8.35849274156697,23.982690551995347,0.0,0.0,0.0,2.2737367544323206e-13,0.0
2025-04-12 13:00:00+00:00,3,40.0,2936.394018063023,628.1902546154686,929.865467078108,1378.3382963694453,628.1902546154686,282.5232135939302,345.66704102153835,1461.295265723112,466.94448533611796,161.2457692793506,929.865467078108,0.0,1378.3382963694453,0.0,679.191978670717,212.24749333459906,2308.2037634475532,3077.605017930071,769.4012544825177,161.2457692793506,53.748589759783535,214.99435903913414,3.224915385587012,41.67934697603769,0.0,181.9940650041153,1262.2956649426405,4227.382218949393,3756.796996600788,0.0,0.0,0.0,28.692535943729908,0.0,35.57862237009757,23.982751312795926,0.0,0.0,0.0,-3.268496584496461e-13,0.0
2025-04-12 14:00:00+00:00,3,40.0,3007.658007168605,647.8535756617299,954.8126038940189,1404.9918276128576,647.8535756617299,290.44902085983824,357.40455480189166,1461.295265723112,480.80046030704125,167.05311535468866,954.8126038940189,0.0,1404.9918276128576,0.0,699.3461240829691,218.54566377592784,2359.8044315068764,3146.4059086758352,786.6014771689588,167.05311535468866,55.68437178489622,222.73748713958489,3.341062307093773,42.69429639294914,0.0,187.23156883214506,1294.0984402619708,4301.7564474305755,3845.7520327588045,0.0,0.0,0.0,0.0,0.0,35.57862237009757,23.982629134563,0.0,0.0,0.0,-2.2737367544323206e-13,0.0
2025-04-12 15:00:00+00:00,3,40.0,3059.3822059163886,660.2377789388241,970.4065869061562,1428.73784007141,660.2377789388241,295.61066451901854,364.6271144198056,1461.295265723112,489.80012190647983,170.4376570323443,970.4065869061562,0.0,1428.73784007141,0.0,712.4365409548798,222.63641904839992,2399.144426977566,3198.859235970088,799.714808992522,170.4376570323443,56.81255234411477,227.25020937645908,3.408753140646886,43.39957600789879,0.0,190.72465622701756,1316.6967657605996,4417.871435384824,3911.295776924968,0.0,0.0,0.0,41.79246370783485,0.0,75.22643467410273,23.983127161106378,0.0,0.0,0.0,5.471179065352771e-13,0.0
2025-04-12 16:00:00+00:00,3,40.0,3006.305278603771,654.0156317665463,956.3268049647235,1395.9628418725006,654.0156317665463,293.11931644420633,360.89631532234,1461.295265723112,483.6805223619556,170.33510940459075,956.3268049647235,0.0,1395.9628418725006,0.0,703.5353052537536,219.85478289179798,2352.289646837224,3136.3861957829654,784.0965489457413,170.33510940459075,56.77836980153025,227.113479206121,3.406702188091815,42.64943256766671,0.0,188.4192565426578,1295.205092937486,4301.510371541257,3839.921501036719,0.0,0.0,0.0,0.0,0.0,75.22643467410273,23.979115082155516,0.0,0.0,0.0,0.0,0.0
2025-04-12 17:00:00+00:00,3,40.0,3007.45062791119,655.4969831274541,958.5568005576022,1393.3968442261344,655.4969831274541,292.7135378238365,362.7834453036176,1461.295265723112,485.0072772224731,170.489705904981,958.5568005576022,0.0,1393.3968442261344,0.0,705.4651305054155,220.45785328294232,2351.9536447837363,3135.9381930449817,783.9845482612454,170.489705904981,56.829901968327,227.319607873308,3.40979411809962,42.69067245898941,0.0,188.65241160663498,1296.0251816962389,4303.475809607429,3841.403323550397,0.0,0.0,0.0,0.0,0.0,75.22643467410273,23.981629944281924,0.0,0.0,0.0,2.2737367544323206e-13,0.0
2025-04-12 18:00:00+00:00,3,40.0,3066.3174869809536,668.0762793119162,978.0631362964148,1420.1780713726225,668.0762793119162,298.266680544745,369.8095987671712,1461.295265723112,494.8554979930063,173.22078131890993,978.0631362964148,0.0,1420.1780713726225,0.0,719.7898152625546,224.9343172695483,2398.241207669037,3197.654943558716,799.413735889679,173.22078131890993,57.74026043963664,230.96104175854657,3.4644156263781984,43.54367480261867,0.0,192.2811931078169,1321.3775971356777,4345.902620408795,3917.4447588212706,0.0,0.0,0.0,0.0,41.79246370783485,31.173309891874766,23.980443751412185,0.0,0.0,0.0,-1.3642420526593924e-12,0.0
2025-04-12 19:00:00+00:00,3,40.0,3014.1137776552564,656.592297863194,962.9865605049788,1394.5349192870856,656.5922978631938,292.2098841419822,364.3824137212117,1461.295265723112,487.53546218730366,169.05683567589028,962.9865605049788,0.0,1394.5349192870856,0.0,709.1424904542599,221.6070282669562,2357.5214797920644,3143.361973056086,785.8404932640215,169.05683567589028,56.3522785586301,225.4091142345204,3.381136713517806,42.834946008020225,0.0,188.8936613036365,1298.9095441147824,4291.379285791464,3852.504463510346,0.0,0.0,0.0,0.0,21.644035978573424,8.35849274156697,23.98213015295148,0.0,0.0,0.0,-9.094947017729282e-13,0.0
2025-04-12 20:00:00+00:00,3,40.0,2967.55226047756,645.2101901072473,946.811151347198,1375.5309190231148,645.2101901072473,287.1155438869317,358.0946462203156,1461.295265723112,479.6637496972337,165.5464404100136,946.811151347198,0.0,1375.5309190231148,0.0,697.69272683234,218.02897713510623,2322.3420703703127,3096.4560938270834,774.1140234567708,165.5464404100136,55.182146803337865,220.72858721335146,3.3109288082002717,42.15964373064709,0.0,185.75541575142537,1278.5511356854875,4246.103396163047,3794.148820659423,0.0,0.0,0.0,0.0,0.0,8.35849274156697,23.98234526873661,0.0,0.0,0.0,-2.2737367544323206e-13,0.0
2025-04-12 21:00:00+00:00,3,40.0,2956.3872331650873,644.589423358335,944.8999793420193,1366.8978304647321,644.589423358335,286.0959770767626,358.4934462815724,1461.295265723112,478.91300687922177,165.67641647911324,944.8999793420193,0.0,1366.8978304647321,0.0,696.600737278868,217.68773039964623,2311.7978098067515,3082.3970797423353,770.5992699355838,165.67641647911324,55.22547215970442,220.90188863881767,3.313528329582265,42.015977684907895,0.0,185.3515827908699,1274.1935613002947,4230.580794465382,3778.9978170212034,0.0,0.0,0.0,0.0,0.0,8.35849274156697,23.98421383758156,0.0,0.0,0.0,-4.547473508864641e-13,0.0
2025-04-12 22:00:00+00:00,3,40.0,2970.19408654103,649.4857485456729,951.6737444331067,1369.0345935622518,649.4857485456729,288.2991280366743,361.1866205089986,1461.295265723112,482.2146674566519,167.27108108902098,951.6737444331067,0.0,1369.0345935622518,0.0,701.403152664221,219.18848520756904,2320.7083379953583,3094.2777839938108,773.5694459984527,167.27108108902098,55.75702702967366,223.02810811869463,3.3454216217804196,42.240558268615715,0.0,186.52109622891464,1280.6220343550062,4250.816120896036,3795.680936658032,0.0,0.0,0.0,0.0,0.0,8.35849274156697,23.982810475406712,0.0,0.0,0.0,0.0,0.0
2025-04-12 23:00:00+00:00,3,40.0,3033.7416111196762,665.1280456648493,973.4018383680112,1395.211727086817,665.1280456648493,295.7596186814118,369.36842698343753,1461.295265723112,493.0919035885888,172.0361420762605,973.4018383680112,0.0,1395.211727086817,0.0,717.2245870379473,224.13268344935852,2368.6135654548284,3158.1514206064376,789.5378551516094,172.0361420762605,57.34538069208683,229.3815227683473,3.4407228415252096,43.15417242190851,0.0,190.84294019088009,1308.4537547473683,4342.195365867045,3875.376007644385,0.0,0.0,0.0,0.0,0.0,8.35849274156697,23.9797828312237,0.0,0.0,0.0,9.094947017729282e-13,0.0
2025-06-08 00:00:00+00:00,4,59.0,2668.226443465902,580.4842007877079,845.4647463668697,1242.2774963113231,580.4842007877078,260.37902744582345,320.1051733418844,1461.295265723112,427.760933117171,152.72326767053687,845.4647463668697,0.0,1242.2774963113231,0.0,622.1977208977033,194.43678778053228,2087.7422426781927,2783.6563235709236,695.9140808927309,152.72326767053687,50.907755890178954,203.63102356071582,3.054465353410737,37.78671735411932,0.0,167.42718668155229,1149.5269939525244,3817.753437418426,3405.854044468627,0.0,0.0,0.0,0.0,0.0,8.35849274156697,23.98349201433205,0.0,0.0,0.0,-2.2737367544323206e-13,0.0
2025-06-08 01:00:00+00:00,4,59.0,2697.086106739959,583.4661682922095,850.6443008784561,1262.975637569292,583.4661682922095,264.11666713239185,319.3495011598177,1461.295265723112,425.9761705879071,157.48999770430243,850.6443008784561,0.0,1262.975637569292,0.0,619.6017026733194,193.62553208541232,2113.619938447748,2818.1599179303307,704.5399794825827,157.48999770430243,52.49666590143414,209.98666360573657,3.149799954086048,38.14908540204661,0.0,168.755504998666,1160.7165678242277,3899.595138272022,3437.76162060365,0.0,0.0,0.0,41.79246370783485,0.0,48.006305045572134,23.982927890045495,0.0,0.0,0.0,9.237055564881302e-14,0.0
2025-06-08 02:00:00+00:00,4,59.0,2748.2279820414296,597.4262879907895,867.6916876435097,1283.11000640713,597.4262879907895,270.0816288966694,327.3446590941202,1461.295265723112,435.0547917289949,162.37149626179462,867.6916876435097,0.0,1283.11000640713,0.0,632.806969787629,197.75217805863406,2150.8016940506395,2867.735592067519,716.9338980168798,162.37149626179462,54.12383208726487,216.4953283490595,3.2474299252358922,38.86185069337659,0.0,172.5140347006723,1183.4332234820636,3931.6612055234928,3500.542561855148,0.0,0.0,0.0,0.0,0.0,48.006305045572134,23.983628458029518,0.0,0.0,0.0,-4.547473508864641e-13,0.0
2025-06-08 03:00:00+00:00,4,59.0,2787.1014940741543,607.6904924799373,879.1908347510217,1300.2201668431937,607.6904924799373,273.9834268025032,333.7070656774341,1461.295265723112,442.7886182657134,164.90187421422394,879.1908347510217,0.0,1300.2201668431937,0.0,644.0561720228559,201.26755375714245,2179.4110015942156,2905.881335458954,726.4703338647384,164.90187421422394,54.96729140474131,219.86916561896524,3.2980374842844786,39.37792671096259,0.0,175.31651891678433,1200.6976621386536,4016.4916921565373,3549.93750748181,0.0,0.0,0.0,28.692535943729908,0.0,75.22643467410273,23.98402816736791,0.0,0.0,0.0,-5.542233338928781e-13,0.0
2025-06-08 04:00:00+00:00,4,59.0,2835.911021442252,627.0934451306799,896.8360631819208,1311.9815131296555,627.09344513068,281.1441366652772,345.9493084654028,1461.295265723112,454.5980566481324,172.49538848254753,896.8360631819208,0.0,1311.9815131296555,0.0,661.233536942738,206.63548029460563,2208.8175763115764,2945.0901017487686,736.2725254371921,172.49538848254753,57.498462827515844,229.99385131006338,3.4499077696509506,40.02489702675418,0.0,180.04467367414543,1223.9259470298643,4059.8369684721165,3606.323638691507,0.0,0.0,0.0,0.0,0.0,75.22643467410273,23.986699646824395,0.0,0.0,0.0,0.0,0.0
2025-06-08 05:00:00+00:00,4,59.0,2864.877477365525,633.2769578804747,905.1645307685856,1326.435988716467,633.2769578804748,283.8817628491729,349.39519503130185,1461.295265723112,458.8910427864584,174.3859150940163,905.1645307685856,0.0,1326.435988716467,0.0,667.4778804166668,208.58683763020838,2231.6005194850522,2975.467359313403,743.8668398283507,174.3859150940163,58.1286383646721,232.5145534586884,3.4877183018803257,40.41929581022224,0.0,181.86901968056335,1236.358349615897,4101.235826981422,3642.9452397300697,0.0,0.0,0.0,0.0,0.0,75.22643467410273,23.98768623391988,0.0,0.0,0.0,2.2737367544323206e-13,0.0
2025-06-08 06:00:00+00:00,4,59.0,2869.0960452254612,634.7787921412412,907.0159127646826,1327.3013403195375,634.7787921412412,284.4233433829558,350.3554487582854,1461.295265723112,459.5017857720849,175.2770063691563,907.0159127646826,0.0,1327.3013403195375,0.0,668.3662338503053,208.8644480782204,2234.3172530842203,2979.08967077896,744.77241769474,175.2770063691563,58.42566878971877,233.70267515887508,3.505540127383126,40.48349078613586,0.0,182.25675353032497,1238.308319006523,4107.404364231984,3647.4559046292657,0.0,0.0,0.0,0.0,0.0,75.22643467410273,23.9885196974453,0.0,0.0,0.0,-4.547473508864641e-13,0.0
2025-06-08 07:00:00+00:00,4,59.0,2935.153587802032,646.6532368680956,930.4187585423521,1358.0815923915843,646.6532368680957,288.8615785335978,357.79165833449787,1461.295265723112,470.79510893060626,175.85812793748937,930.4187585423521,0.0,1358.0815923915843,0.0,684.7928857172454,213.99777678663918,2288.5003509339363,3051.333801245248,762.833450311312,175.85812793748937,58.619375979163124,234.4775039166525,3.5171625587497872,41.4933786801864,0.0,185.750239702134,1266.2113840181844,4201.364971820216,3736.1266869624937,0.0,0.0,0.0,0.0,0.0,75.22643467410273,23.9890710734333,0.0,0.0,0.0,-2.2737367544323206e-13,0.0
2025-06-08 08:00:00+00:00,4,59.0,2902.079830330927,638.9857275870576,921.7156130298553,1341.3784897140158,638.9857275870576,285.24648343445097,353.7392441526066,1461.295265723112,465.76133395022543,173.22439363683213,921.7156130298553,0.0,1341.3784897140158,0.0,677.471031200328,211.70969725010247,2263.094102743871,3017.4588036584946,754.3647009146237,173.22439363683213,57.74146454561071,230.96585818244284,3.4644878727366426,41.06525328803582,0.0,183.49277007995408,1251.8383739510632,4153.918204281989,3694.9298348588227,0.0,0.0,0.0,0.0,0.0,75.22643467410273,23.989268455477976,0.0,0.0,0.0,-9.094947017729282e-13,0.0
2025-06-08 09:00:00+00:00,4,59.0,2865.8243195745335,632.1127584174778,908.7770924148144,1324.934468742241,632.1127584174778,282.61603307722,349.4967253402579,1461.295265723112,459.91132152645145,172.2014368910264,908.7770924148144,0.0,1324.934468742241,0.0,668.961922220293,209.05060069384155,2233.7115611570553,2978.2820815427403,744.5705203856851,172.2014368910264,57.40047896367546,229.60191585470184,3.4440287378205277,40.512657459866844,0.0,181.43149645818585,1236.4097826990753,4102.234102273608,3647.244003763033,0.0,0.0,0.0,0.0,0.0,75.22643467410273,23.98842013323156,0.0,0.0,0.0,-6.821210263296962e-13,0.0
2025-06-08 10:00:00+00:00,4,59.0,3004.936785739249,665.8660117483623,954.5904180766419,1384.480355914242,665.8660117483623,297.136810847231,368.7292009011313,1461.295265723112,484.5268829556881,181.33912879267422,954.5904180766419,0.0,1384.480355914242,0.0,704.7663752082736,220.2394922525855,2339.070773990884,3118.761031987845,779.6902579969612,181.33912879267422,60.44637626422474,241.78550505689896,3.6267825758534844,42.482516101441675,0.0,190.79283115881665,1297.2782563498833,4280.571006110559,3823.5274071961185,0.0,0.0,0.0,0.0,21.644035978573424,52.41161752379494,23.986846013771927,0.0,0.0,0.0,6.821210263296962e-13,0.0
2025-06-08 11:00:00+00:00,4,59.0,2992.4877938225673,662.4920788923173,951.5989734456324,1378.3967414846184,662.4920788923173,295.6614519421546,366.8306269501627,1461.295265723112,482.53871336154845,179.95336553076885,951.5989734456324,0.0,1378.3967414846184,0.0,701.8744921622523,219.33577880070382,2329.995714930251,3106.6609532403345,776.6652383100836,179.95336553076885,59.98445517692295,239.9378207076918,3.5990673106153768,42.33193661821516,0.0,189.83387908207854,1291.7503552986195,4242.445685413351,3808.535445402587,0.0,0.0,0.0,0.0,41.79246370783485,8.35849274156697,23.98604029833619,0.0,0.0,0.0,-4.547473508864641e-13,0.0
2025-06-08 12:00:00+00:00,4,59.0,2864.58811242164,633.8680310328814,908.1425193028116,1322.5775620859454,633.8680310328814,283.75654767388545,350.1114833589959,1461.295265723112,460.49008524356117,173.37794578932022,908.1425193028116,0.0,1322.5775620859454,0.0,669.8037603542708,209.31367511070962,2230.720081388757,2974.293441851676,743.573360462919,173.37794578932022,57.792648596440074,231.1705943857603,3.4675589157864044,40.4700511999438,0.0,181.79474389569134,1236.41203818149,4101.000150603129,3644.097202205947,0.0,0.0,0.0,0.0,0.0,8.35849274156697,23.986188396403815,0.0,0.0,0.0,-4.547473508864641e-13,0.0
2025-06-08 13:00:00+00:00,4,59.0,2798.9460515361766,617.3587439094835,886.5670790284545,1295.0202285982402,617.3587439094833,276.3523626679028,341.0063812415806,1461.295265723112,448.8603326906939,168.49841121878956,886.5670790284545,0.0,1295.0202285982402,0.0,652.8877566410093,204.0274239503154,2181.587307626695,2908.783076835593,727.1957692088982,168.49841121878956,56.16613707292985,224.6645482917194,3.369968224375791,39.54721465683604,0.0,177.24702005954478,1207.5535331729002,4035.192120652807,3561.670833476602,0.0,0.0,0.0,28.692535943729908,0.0,35.57862237009757,23.988369782704964,0.0,0.0,0.0,1.2789769243681803e-13,0.0
2025-06-08 14:00:00+00:00,4,59.0,2815.0490135332443,620.151597116267,893.3357325258803,1301.5616838910944,620.1515971162671,277.0766985094205,343.07489860684655,1461.295265723112,452.34683538109215,167.80476173517485,893.3357325258803,0.0,1301.5616838910944,0.0,657.9590332815886,205.61219790049643,2194.897416416975,2926.5298885559664,731.6324721389916,167.80476173517485,55.93492057839162,223.73968231356648,3.356095234703497,39.81568881468736,0.0,178.0144128543036,1214.365787521574,4029.414801054818,3584.488921837555,0.0,0.0,0.0,0.0,0.0,35.57862237009757,23.98779306133629,0.0,0.0,0.0,-4.547473508864641e-13,0.0
2025-06-08 15:00:00+00:00,4,59.0,3010.6690789388085,642.1810594413516,950.4287635471276,1418.0592559503305,642.1810594413516,290.7736529710387,351.407406470313,1461.295265723112,476.66848162840415,165.51257781294748,950.4287635471276,0.0,1418.0592559503305,0.0,693.3359732776788,216.6674916492746,2368.488019497458,3157.9840259966104,789.4960064991526,165.51257781294748,55.1708592709825,220.68343708393,3.3102515562589496,42.69345546591713,0.0,186.3427978923114,1293.6808623338973,4346.14240498054,3851.3199992742893,0.0,0.0,0.0,41.79246370783485,0.0,75.22643467410273,23.977347292514743,0.0,0.0,0.0,-5.897504706808832e-13,0.0
2025-06-08 16:00:00+00:00,4,59.0,3078.2069923204554,661.0979846183752,975.3680306936495,1441.740977008431,661.0979846183752,298.3256756868897,362.77230893148544,1461.295265723112,490.01868519582115,171.07929942255407,975.3680306936495,0.0,1441.740977008431,0.0,712.7544511939217,222.7357659981005,2417.1090077020804,3222.81201026944,805.70300256736,171.07929942255407,57.02643314085136,228.10573256340544,3.4215859884510813,43.6784506908938,0.0,191.32077443188814,1323.886012817545,4402.093005137999,3935.566461463362,0.0,0.0,0.0,0.0,0.0,75.22643467410273,23.97682815727893,0.0,0.0,0.0,-1.1368683772161603e-12,0.0
2025-06-08 17:00:00+00:00,4,59.0,3074.9395644076244,659.3103763968074,973.333423536098,1442.2957644747187,659.3103763968074,297.6183771530912,361.6919992437162,1461.295265723112,488.4473793862261,170.86299701058135,973.333423536098,0.0,1442.2957644747187,0.0,710.4689154708743,222.0215360846482,2415.6291880108165,3220.8389173477553,805.2097293369388,170.86299701058135,56.95433233686045,227.8173293474418,3.4172599402116273,43.62296035083013,0.0,190.93258499014513,1322.1584030396345,4397.097967447257,3931.30783281863,0.0,0.0,0.0,0.0,0.0,75.22643467410273,23.97864559984297,0.0,0.0,0.0,-1.5916157281026244e-12,0.0
2025-06-08 18:00:00+00:00,4,59.0,3058.9732310608524,656.3547848516807,968.1985560319149,1434.4198901772595,656.3547848516807,296.24384159827775,360.1109432534029,1461.295265723112,486.47439865584,169.88038619584074,968.1985560319149,0.0,1434.4198901772595,0.0,707.5991253175855,221.12472666174546,2402.618446209174,3203.491261612232,800.872815403058,169.88038619584074,56.62679539861358,226.50718159445432,3.3976077239168148,43.39015558273004,0.0,190.04873227823478,1315.4608330482988,4332.641600401316,3911.090386929817,0.0,0.0,0.0,0.0,41.79246370783485,31.173309891874766,23.977507657744614,0.0,0.0,0.0,0.0,0.0
2025-06-08 19:00:00+00:00,4,59.0,3062.354483484829,658.8264820460998,967.4910276207105,1436.0369738180193,658.8264820460998,296.46478127828664,362.3617007678132,1461.295265723112,488.2820209024763,170.54446114362355,967.4910276207105,0.0,1436.0369738180193,0.0,710.2283940399656,221.94637313748922,2403.52800143873,3204.7040019183064,801.1760004795766,170.54446114362355,56.84815371454118,227.39261485816473,3.4108892228724708,43.38510056680151,0.0,190.6666448724785,1317.4331619937598,4358.1436095000145,3914.932395958272,0.0,0.0,0.0,0.0,21.644035978573424,8.35849274156697,23.978819108678355,0.0,0.0,0.0,-4.547473508864641e-13,0.0
2025-06-08 20:00:00+00:00,4,59.0,3034.895582970205,652.141592705938,958.3641843470665,1424.3898059171986,652.1415927059381,293.6389705171527,358.5026221887854,1461.295265723112,483.7478608713116,168.3937318346264,958.3641843470665,0.0,1424.3898059171986,0.0,703.6332521764533,219.88539130514164,2382.753990264265,3177.0053203523535,794.2513300880884,168.3937318346264,56.13124394487547,224.5249757795019,3.367874636692528,42.99482358958399,0.0,188.81246422144275,1305.4431277858248,4340.338710756029,3880.638572528807,0.0,0.0,0.0,0.0,0.0,8.35849274156697,23.9783134532659,0.0,0.0,0.0,-4.547473508864641e-13,0.0
2025-06-08 21:00:00+00:00,4,59.0,3007.7975109015924,645.3047911056416,951.1029232834276,1411.3897965125218,645.3047911056416,291.347072817764,353.9577182878776,1461.295265723112,479.1550214265955,166.14976967904607,951.1029232834276,0.0,1411.3897965125218,0.0,696.9527584386844,217.79773701208887,2362.4927197959496,3149.990293061266,787.4975732653165,166.14976967904607,55.383256559682025,221.5330262387281,3.3229953935809213,42.646985663628044,0.0,186.8787145108687,1293.527262405165,4301.324773306757,3846.9430514999503,0.0,0.0,0.0,0.0,0.0,8.35849274156697,23.975472088563585,0.0,0.0,0.0,0.0,0.0
2025-06-08 22:00:00+00:00,4,59.0,2975.856033715487,637.2530480012961,943.6495847783998,1394.953400935792,637.2530480012961,288.5226921258593,348.7303558754368,1461.295265723112,473.10161094380015,164.1514370574959,943.6495847783998,0.0,1394.953400935792,0.0,688.1477977364366,215.04618679263643,2338.6029857141916,3118.1373142855887,779.5343285713972,164.1514370574959,54.71714568583197,218.8685827433279,3.283028741149918,42.25902155270991,0.0,184.58561654965763,1279.4253278933834,4255.281361608869,3806.2851120220253,0.0,0.0,0.0,0.0,0.0,8.35849274156697,23.97454153658348,0.0,0.0,0.0,-1.3642420526593924e-12,0.0
2025-06-08 23:00:00+00:00,4,59.0,2972.2519996359006,635.4079207776741,942.0316237145107,1394.8124551437154,635.407920777674,286.9043925786603,348.5035281990138,1461.295265723112,472.47970338543644,162.92821739223768,942.0316237145107,0.0,1394.8124551437154,0.0,687.2432049242713,214.76350153883476,2336.844078858226,3115.7921051443013,778.9480262860753,162.92821739223768,54.30940579741256,217.23762318965024,3.2585643478447532,42.20907326287248,0.0,184.14300044022843,1277.6315716732684,4249.883571309166,3803.0353100685725,0.0,0.0,0.0,0.0,0.0,8.35849274156697,23.97755257116184,0.0,0.0,0.0,-3.183231456205249e-12,0.0
2025-07-04 00:00:00+00:00,5,66.0,2818.240359639253,624.5052090907881,894.7846740205902,1298.9504765278741,624.5052090907882,274.45297663427954,350.0522324565086,1461.295265723112,461.60420710292885,162.90100198785922,894.7846740205902,0.0,1298.9504765278741,0.0,671.4243012406238,209.82009413769492,2193.7351505484644,2924.9802007312855,731.2450501828214,162.90100198785922,54.300333995953075,217.2013359838123,3.2580200397571843,39.83304498589645,0.0,179.001138134214,1217.457681476337,4064.390577059319,3596.404501971909,0.0,0.0,0.0,28.692535943729908,0.0,35.57862237009757,23.98577660091063,0.0,0.0,0.0,-5.542233338928781e-13,0.0
2025-07-04 01:00:00+00:00,5,66.0,2774.3114535455616,616.1356353360785,879.0385228508504,1279.1372953586306,616.1356353360786,271.21001404487095,344.9256212912076,1461.295265723112,454.6105088477197,161.5251264883588,879.0385228508504,0.0,1279.1372953586306,0.0,661.2516492330468,206.6411403853271,2158.175818209481,2877.567757612641,719.3919394031602,161.5251264883588,53.841708829452934,215.36683531781173,3.230502529767176,39.16252863911182,0.0,176.59567800902235,1198.8634977958416,3973.174951341403,3538.819406845688,0.0,0.0,0.0,0.0,0.0,35.57862237009757,23.98375600625727,0.0,0.0,0.0,-2.2737367544323206e-13,0.0
2025-07-04 02:00:00+00:00,5,66.0,2760.9594491582247,612.3964465585359,874.6818962545291,1273.8811063451597,612.3964465585359,269.5243178808044,342.87212867773155,1461.295265723112,451.8877730684435,160.5086734900924,874.6818962545291,0.0,1273.8811063451597,0.0,657.2913062813724,205.40353321292886,2148.563002599689,2864.7506701329185,716.1876675332296,160.5086734900924,53.50289116336413,214.01156465345653,3.210173469801848,38.97926795108747,0.0,175.5851032035645,1192.8686365339765,3953.828085692201,3522.0419764142907,0.0,0.0,0.0,0.0,0.0,35.57862237009757,23.98494367447646,0.0,0.0,0.0,-2.2737367544323206e-13,0.0
2025-07-04 03:00:00+00:00,5,66.0,2753.5121730464352,612.4540212447536,872.6735827143781,1268.3845690873018,612.4540212447537,269.5371789102886,342.916842334465,1461.295265723112,451.39700113127026,161.0570201134833,872.6735827143781,0.0,1268.3845690873018,0.0,656.5774561909386,205.1804550596683,2141.0581518016797,2854.7442024022394,713.6860506005598,161.0570201134833,53.6856733711611,214.7426934846444,3.221140402269666,38.86405317230436,0.0,175.44534436597664,1190.0827169719398,3985.3873537262098,3511.3216585931777,0.0,0.0,0.0,41.79246370783485,0.0,75.22643467410273,23.98438522632684,0.0,0.0,0.0,-1.3500311979441904e-13,0.0
2025-07-04 04:00:00+00:00,5,66.0,2746.0345353449115,611.5451517599115,871.1192378541098,1263.3701457308898,611.5451517599115,269.218953295915,342.32619846399655,1461.295265723112,450.7034503309225,160.84170142898898,871.1192378541098,0.0,1263.3701457308898,0.0,655.5686550267964,204.86520469587384,2134.489383585,2845.9858447799998,711.4964611949999,160.84170142898898,53.61390047632966,214.45560190531864,3.2168340285797794,38.76727859293219,0.0,175.09786308305044,1187.0575420717657,3933.0920774166766,3501.5544998067962,0.0,0.0,0.0,0.0,0.0,75.22643467410273,23.983358903739685,0.0,0.0,0.0,-6.821210263296962e-13,0.0
2025-07-04 05:00:00+00:00,5,66.0,2742.154172633252,611.5949324828177,869.5109685756202,1261.0482715748155,611.5949324828177,268.57448720819116,343.0204452746266,1461.295265723112,450.6203367212704,160.97459576154733,869.5109685756202,0.0,1261.0482715748155,0.0,655.447762503666,204.8274257823956,2130.5592401504355,2840.745653533914,710.1864133834785,160.97459576154733,53.65819858718245,214.6327943487298,3.2194919152309467,38.69581177301676,0.0,175.03467829409584,1185.6220197354,3927.7761923686526,3496.19341603758,0.0,0.0,0.0,0.0,0.0,75.22643467410273,23.98542655820065,0.0,0.0,0.0,4.547473508864641e-13,0.0
2025-07-04 06:00:00+00:00,5,66.0,2725.883905048667,609.1199338913839,865.2882653112863,1251.4757058459975,609.1199338913839,267.65202488809547,341.46790900328836,1461.295265723112,448.8248142945395,160.29511959684436,865.2882653112863,0.0,1251.4757058459975,0.0,652.8360935193302,204.01127922479068,2116.763971157284,2822.351961543045,705.5879903857613,160.29511959684436,53.43170653228145,213.7268261291258,3.205902391936887,38.47340501779857,0.0,174.20871543142533,1178.9189989839942,3904.802904032661,3475.1880550623755,0.0,0.0,0.0,0.0,0.0,75.22643467410273,23.983053735061823,0.0,0.0,0.0,-4.547473508864641e-13,0.0
2025-07-04 07:00:00+00:00,5,66.0,2750.898024777563,614.1723234050565,873.059191032034,1263.6665103404719,614.1723234050565,270.031613168856,344.14071023620056,1461.295265723112,452.60964826101537,161.56267514404118,873.059191032034,0.0,1263.6665103404719,0.0,658.3413065614769,205.73165830046153,2136.7257013725057,2848.9676018300074,712.2419004575019,161.56267514404118,53.854225048013724,215.4169001920549,3.2312535028808234,38.828440834365736,0.0,175.68631716486416,1189.573795308088,3940.47182008565,3507.3089083914842,0.0,0.0,0.0,0.0,0.0,75.22643467410273,23.98301584598459,0.0,0.0,0.0,-9.094947017729282e-13,0.0
2025-07-04 08:00:00+00:00,5,66.0,2781.6229960812484,622.2957839755087,884.7150338685904,1274.6121782371488,622.2957839755088,273.0138494238097,349.28193455169907,1461.295265723112,458.7675786806192,163.52820529488952,884.7150338685904,0.0,1274.6121782371488,0.0,667.2982962627188,208.53071758209964,2159.327212105739,2879.1029494743184,719.7757373685796,163.52820529488952,54.50940176496317,218.0376070598527,3.2705641058977903,39.287572798429196,0.0,177.82792770247227,1203.2019213224416,3984.8249174036896,3546.4012457370372,0.0,0.0,0.0,0.0,0.0,75.22643467410273,23.983047092681392,0.0,0.0,0.0,-4.547473508864641e-13,0.0
2025-07-04 09:00:00+00:00,5,66.0,2776.4756009080784,622.2932551444144,881.883547922013,1272.298797841651,622.2932551444144,272.932231716798,349.3610234276163,1461.295265723112,458.167021014344,164.12623413007037,881.883547922013,0.0,1272.298797841651,0.0,666.4247578390458,208.2577368247018,2154.182345763664,2872.2431276848856,718.0607819212214,164.12623413007037,54.70874471002346,218.83497884009384,3.2825246826014074,39.179494416076906,0.0,177.78809109392165,1201.2773736485467,3977.7529745566244,3538.6678855239315,0.0,0.0,0.0,0.0,0.0,75.22643467410273,23.983582948154726,0.0,0.0,0.0,-6.821210263296962e-13,0.0
2025-07-04 10:00:00+00:00,5,66.0,2749.9392623389845,618.7992143041902,876.3638342441059,1254.7762137906882,618.7992143041902,271.41545476755664,347.3837595366336,1461.295265723112,455.4070251612386,163.39218914295157,876.3638342441059,0.0,1254.7762137906882,0.0,662.4102184163471,207.00319325510847,2131.140048034794,2841.520064046392,710.380016011598,163.39218914295157,54.46406304765052,217.85625219060208,3.267843782859031,38.83867716523005,0.0,176.4739646625391,1190.4277579249851,3940.367020263969,3503.930282462739,0.0,0.0,0.0,0.0,0.0,75.22643467410273,23.981712602452227,0.0,0.0,0.0,-4.547473508864641e-13,0.0
2025-07-04 11:00:00+00:00,5,66.0,2729.8440828788735,610.9029045538163,867.9186081083044,1251.0225702167527,610.9029045538163,268.5105291278858,342.3923754259305,1461.295265723112,449.91008719375117,160.9928173600651,0.0,867.9186081083044,1251.0225702167527,0.0,654.4146722818199,204.5045850880687,1251.0225702167527,1668.0300936223368,417.0075234055842,160.9928173600651,53.66427245335503,1082.5756979217244,16.238635468825866,29.868597864333616,17.358372162166088,174.54919484798637,913.19118129032,3601.242800461358,2322.4447659041566,0.0,0.0,0.0,0.0,41.79246370783485,31.173309891874766,23.98282477459929,0.0,0.0,0.0,-4.547473508864641e-13,0.0
2025-07-04 12:00:00+00:00,5,66.0,2640.408421575164,589.3896255398374,838.0155303291972,1213.0032657061283,589.3896255398374,258.86155295456797,330.52807258526946,1461.295265723112,434.9862349995475,154.40339054028993,0.0,838.0155303291972,1213.0032657061283,0.0,632.7072509084327,197.7210159088852,1213.0032657061283,1617.337687608171,404.3344219020428,154.40339054028993,51.467796846763314,1043.8867177162504,15.658300765743755,28.890343263645228,16.760310606583943,168.58108402226077,883.4132733159249,3502.1776589125143,2250.044938516604,0.0,0.0,0.0,0.0,21.644035978573424,8.35849274156697,23.983736132003145,0.0,0.0,0.0,-1.3642420526593924e-12,0.0
2025-07-04 13:00:00+00:00,5,66.0,2663.4376508569358,590.0551058681312,843.565093305957,1229.817451682849,590.0551058681312,259.7763955145585,330.2787103535728,1461.295265723112,435.25148692805516,154.8036189400761,843.565093305957,0.0,1229.817451682849,0.0,633.093071895353,197.8415849672978,2073.382544988806,2764.5100599850743,691.1275149962686,154.8036189400761,51.601206313358695,206.40482525343478,3.0960723788015216,37.6051273160072,0.0,169.21253070357392,1150.4840366753076,3842.6142234759727,3397.603131880427,0.0,0.0,0.0,28.692535943729908,0.0,35.57862237009757,23.986209897110715,0.0,0.0,0.0,-5.542233338928781e-13,0.0
2025-07-04 14:00:00+00:00,5,66.0,2712.354349978731,598.0126336238237,858.2065426018808,1256.1351737530267,598.0126336238237,263.629763596148,334.3828700276757,1461.295265723112,440.7949236684791,157.21770995534462,858.2065426018808,0.0,1256.1351737530267,0.0,641.156252608697,200.3613289402178,2114.3417163549075,2819.1222884732097,704.7805721183024,157.21770995534462,52.4059033184482,209.6236132737928,3.144354199106892,38.30754801558669,0.0,171.7572548035647,1170.7569613952269,3883.111311373957,3460.2785410819065,0.0,0.0,0.0,0.0,0.0,35.57862237009757,23.98907691356713,0.0,0.0,0.0,-9.094947017729282e-13,0.0
2025-07-04 15:00:00+00:00,5,66.0,2751.8690673449673,604.2608980942274,867.7779054137835,1279.8302638369548,604.2608980942274,266.9848146621734,337.276083432054,1461.295265723112,445.54087142908764,158.72002666513976,867.7779054137835,0.0,1279.8302638369548,0.0,648.0594493514002,202.51857792231255,2147.6081692507382,2863.477559000984,715.869389750246,158.72002666513976,52.90667555504658,211.62670222018633,3.1744005333027947,38.83163980078305,0.0,173.86345379250616,1187.164137354197,3980.825668406999,3511.537008352384,0.0,0.0,0.0,41.79246370783485,0.0,75.22643467410273,23.988650722142395,0.0,0.0,0.0,-3.623767952376511e-13,0.0
2025-07-04 16:00:00+00:00,5,66.0,2760.8345873863886,606.5947077128556,869.5960177895518,1284.6438618839804,606.5947077128556,267.8553564659633,338.73935124689217,1461.295265723112,446.7430538733089,159.85165383954666,4.424568819435868e-12,869.5960177895473,1284.6438618839804,0.0,649.8080783611766,203.06502448786767,1284.6438618839848,1712.8584825119797,428.2146206279949,159.85165383954666,53.28388461318222,1082.7315562422762,16.240973343634142,30.238358974630884,17.391920355790948,174.5363465106673,922.971128913768,3642.013252592322,2362.6665608731564,0.0,0.0,0.0,0.0,41.79246370783485,31.173309891874766,23.989820496052047,0.0,0.0,0.0,1.1368683772161603e-13,0.0
2025-07-04 17:00:00+00:00,5,66.0,2761.2847957782765,605.47835557952,867.9852182974264,1287.82122190133,605.47835557952,267.83238054756265,337.64597503195733,1461.295265723112,445.7980302016457,159.68032537787428,867.9852182974264,0.0,1287.82122190133,0.0,648.433498475121,202.6354682734753,2155.8064401987567,2874.4085869316755,718.6021467329189,159.68032537787428,53.22677512595809,212.90710050383237,3.1936065075574853,38.917768767936096,0.0,174.390759133056,1190.966524540902,3952.251320319178,3522.8420854067963,0.0,0.0,0.0,0.0,0.0,31.173309891874766,23.98890495401671,0.0,0.0,0.0,-4.547473508864641e-13,0.0
2025-07-04 18:00:00+00:00,5,66.0,3000.193083244442,664.4072901717549,945.4927313867317,1390.2930616859533,664.407290171755,291.9742325897299,372.433057582025,1461.295265723112,488.37970444616644,176.02758572558844,945.4927313867317,0.0,1390.2930616859533,0.0,710.370479194424,221.99077474825748,2335.785793072685,3114.3810574302465,778.5952643575616,176.02758572558844,58.67586190852948,234.7034476341179,3.5205517145117686,42.26771255846148,0.0,190.75030178760326,1295.800467074925,4274.349514340793,3824.7515366246707,0.0,0.0,0.0,0.0,21.644035978573424,8.35849274156697,23.990293702554126,0.0,0.0,0.0,-4.547473508864641e-13,0.0
2025-07-04 19:00:00+00:00,5,66.0,2979.2868905398427,660.2219906902587,939.7878230193339,1379.2770768302514,660.2219906902587,289.8745391259008,370.3474515643579,1461.295265723112,485.34277160561624,174.8792190846425,939.7878230193339,0.0,1379.2770768302514,0.0,705.9531223354418,220.61035072982554,2319.0648998495853,3092.0865331327805,773.0216332831951,174.8792190846425,58.29307302821417,233.17229211285667,3.49758438169285,41.98640545888253,0.0,189.4804943732309,1286.889541255041,4266.176431794884,3798.039655468222,0.0,0.0,0.0,0.0,0.0,8.35849274156697,23.99080984942272,0.0,0.0,0.0,0.0,0.0
2025-07-04 20:00:00+00:00,5,66.0,2756.4462746615827,597.6079687970358,870.536918529434,1288.3013873351156,597.6079687970357,266.8214572594753,330.78651153756044,1461.295265723112,438.81010502634626,158.79786377068956,870.536918529434,0.0,1288.3013873351156,0.0,638.2692436746855,199.4591386483392,2158.8383058645495,2878.451074486066,719.6127686215165,158.79786377068956,52.93262125689652,211.73048502758607,3.175957275413791,38.99912142923418,0.0,172.5375219157238,1186.717129147124,3943.1634038087063,3516.7203181607515,0.0,0.0,0.0,0.0,0.0,8.35849274156697,23.990796313879855,0.0,0.0,0.0,-4.547473508864641e-13,0.0
2025-07-04 21:00:00+00:00,5,66.0,2678.48131628407,573.9825063014277,846.7881312473947,1257.71067873525,573.9825063014277,257.1543582532809,316.82814804814683,1461.295265723112,424.0031493286937,149.97935697273402,846.7881312473947,0.0,1257.71067873525,0.0,616.7318535690091,192.72870424031532,2104.4988099826446,2805.9984133101925,701.4996033275481,149.97935697273402,49.99311899091134,199.97247596364537,2.9995871394546803,37.98075072477434,0.0,166.23541159729763,1151.4371760203014,3829.9184923043717,3422.7302668792017,0.0,0.0,0.0,0.0,0.0,8.35849274156697,23.989089493817353,0.0,0.0,0.0,2.2737367544323206e-13,0.0
2025-07-04 22:00:00+00:00,5,66.0,2653.3286196868225,567.7715725817247,839.6844493772498,1245.8725977278475,567.7715725817247,254.36397645702752,313.40759612469725,1461.295265723112,420.3555352685141,147.41603731321067,839.6844493772498,0.0,1245.8725977278475,0.0,611.4262331178387,191.07069784932457,2085.5570471050974,2780.742729473463,695.1856823683657,147.41603731321067,49.13867910440356,196.55471641761423,2.9483207462642134,37.64925945859597,0.0,164.46146431610487,1140.4541038430589,3793.7827235298814,3392.168962591302,0.0,0.0,0.0,0.0,0.0,8.35849274156697,23.987975243632327,0.0,0.0,0.0,0.0,0.0
2025-07-04 23:00:00+00:00,5,66.0,2639.941990440102,562.3593681774304,836.6712025665834,1240.9114196960875,562.3593681774304,251.90767712012953,310.4516910573008,1461.295265723112,418.25450205807095,144.10486611935943,836.6712025665834,0.0,1240.9114196960875,0.0,608.3701848117396,190.1156827536686,2077.582622262671,2770.1101630168946,692.5275407542237,144.10486611935943,48.03495537311981,192.13982149247923,2.8820973223871884,37.50925027395838,0.0,163.0824530846862,1134.1519795620438,3774.093970002145,3378.480347828634,0.0,0.0,0.0,0.0,0.0,8.35849274156697,23.98658287808393,0.0,0.0,0.0,-9.094947017729282e-13,0.0
2025-09-25 00:00:00+00:00,6,31.0,2901.6103379852475,614.1327644360614,935.2803069803025,1352.1972665688859,614.1327644360615,278.8477813063871,335.28498312967434,1461.295265723112,459.1895673439354,154.943197092126,935.2803069803025,0.0,1352.1972665688859,0.0,667.9120979548151,208.7225306108797,2287.4775735491885,3049.9700980655844,762.4925245163961,154.943197092126,51.64773236404201,206.59092945616803,3.09886394184252,41.580381875097935,0.0,177.9833078812054,1245.5253411894637,4147.135679174711,3717.8821960203995,0.0,0.0,0.0,0.0,0.0,8.35849274156697,23.97214053344846,0.0,0.0,0.0,0.0,0.0
2025-09-25 01:00:00+00:00,6,31.0,2813.053221362433,594.9097215108188,908.019786178529,1310.123713673086,594.9097215108188,270.01026323079776,324.89945828002107,1461.295265723112,444.9378465600462,149.97187495077264,908.019786178529,0.0,1310.123713673086,0.0,647.1823222691581,202.2444757091119,2218.143499851615,2957.52466646882,739.381166617205,149.97187495077264,49.990624983590884,199.96249993436354,2.999437499015453,40.34183072208673,0.0,172.41466624197614,1207.3722017729863,4062.217886843254,3604.7069887379785,0.0,0.0,0.0,41.79246370783485,0.0,48.006305045572134,23.97399238445815,0.0,0.0,0.0,-1.3500311979441904e-13,0.0
2025-09-25 02:00:00+00:00,6,31.0,2778.8391508903856,585.597016064813,895.2702011769194,1297.971933648651,585.597016064813,266.98129185956856,318.61572420524453,1461.295265723112,437.54378088670455,148.05323517810848,895.2702011769194,0.0,1297.971933648651,0.0,636.4273176533885,198.8835367666839,2193.2421348255702,2924.3228464340937,731.0807116085234,148.05323517810848,49.351078392702824,197.4043135708113,2.9610647035621693,39.83782537179409,0.0,169.96313588000174,1192.0773527232682,3970.9165036136537,3560.750164087482,0.0,0.0,0.0,0.0,0.0,48.006305045572134,23.973089933080498,0.0,0.0,0.0,0.0,0.0
2025-09-25 03:00:00+00:00,6,31.0,2801.830507389542,588.4108099077761,901.0002253065871,1312.4194721751783,588.410809907776,269.0529259022058,319.3578840055702,1461.295265723112,439.7440213949008,148.66678851287526,901.0002253065871,0.0,1312.4194721751783,0.0,639.6276674834921,199.8836460885913,2213.4196974817655,2951.2262633090204,737.8065658272551,148.66678851287526,49.55559617095842,198.22238468383367,2.973335770257505,40.154201480949396,0.0,171.0200962511522,1201.393441589164,4031.9164849224358,3590.8539307925125,0.0,0.0,0.0,28.692535943729908,0.0,75.22643467410273,23.972014534834944,0.0,0.0,0.0,-3.268496584496461e-13,0.0
2025-09-25 04:00:00+00:00,6,31.0,2797.6655864432987,582.5727337784983,895.9495052255693,1319.1433474392306,582.5727337784983,266.22930874895064,316.3434250295477,1461.295265723112,437.1165548074665,145.45617897103182,895.9495052255693,0.0,1319.1433474392306,0.0,635.8058979017695,198.68934309430296,2215.0928526648,2953.4571368864,738.3642842216,145.45617897103182,48.48539299034394,193.94157196137576,2.909123579420636,40.06991863115938,0.0,169.86455266050083,1198.3826151773276,3996.0482016206265,3589.2630347881695,0.0,0.0,0.0,0.0,0.0,75.22643467410273,23.975102626010038,0.0,0.0,0.0,2.2737367544323206e-13,0.0
2025-09-25 05:00:00+00:00,6,31.0,2851.1160942723395,591.356390258026,910.6086509521342,1349.1510530621795,591.356390258026,270.925019444575,320.43137081345094,1461.295265723112,443.8012324482638,147.55515780976214,910.6086509521342,0.0,1349.1510530621795,0.0,645.5290653792929,201.727832931029,2259.7597040143137,3013.0129386857516,753.2532346714379,147.55515780976214,49.18505260325404,196.74021041301617,2.9511031561952423,40.80977005918582,0.0,172.73562920122225,1220.6626226223243,4071.778716894664,3658.5420040650442,0.0,0.0,0.0,0.0,0.0,75.22643467410273,23.974676060960586,0.0,0.0,0.0,0.0,0.0
2025-09-25 06:00:00+00:00,6,31.0,2897.596325228168,601.5528125986765,925.8776792405157,1370.165833388975,601.5528125986766,274.60507341676384,326.9477391819127,1461.295265723112,451.994342260991,149.5584703376855,925.8776792405157,0.0,1370.165833388975,0.0,657.4463160159869,205.4519737549959,2296.0435126294906,3061.391350172654,765.3478375431635,149.5584703376855,49.85282344589516,199.41129378358065,2.9911694067537096,41.477988711105226,0.0,175.6311514675195,1240.7529443294327,4138.349269557601,3718.8376661886405,0.0,0.0,0.0,0.0,0.0,75.22643467410273,23.975965011116365,0.0,0.0,0.0,-2.2737367544323206e-13,0.0
2025-09-25 07:00:00+00:00,6,31.0,2939.804260036653,609.0171915804183,938.1983570316113,1392.5887114246227,609.0171915804183,277.5548924865554,331.4622990938629,1461.295265723112,458.69873154056796,150.31846003985032,938.1983570316113,0.0,1392.5887114246227,0.0,667.1981549680988,208.49942342753087,2330.787068456234,3107.7160912749787,776.9290228187447,150.31846003985032,50.10615334661677,200.4246133864671,3.006369200797006,42.071837825194564,0.0,177.97393114002912,1258.5867377589132,4198.390997795565,3774.9142462430773,0.0,0.0,0.0,0.0,0.0,75.22643467410273,23.97616165832788,0.0,0.0,0.0,-6.821210263296962e-13,0.0
2025-09-25 08:00:00+00:00,6,31.0,2945.080060947703,612.4356883084948,939.3628638988977,1393.2815087403123,612.4356883084948,277.75339701953516,334.6822912889597,1461.295265723112,461.9670444712783,150.46864383721652,939.3628638988977,0.0,1393.2815087403123,0.0,671.9520646854958,209.98502021421743,2332.64437263921,3110.19249685228,777.54812421307,150.46864383721652,50.156214612405506,200.62485844962202,3.0093728767443304,42.11370100437006,0.0,178.74162995120108,1261.5540628720084,4206.63412381971,3782.1445615377756,0.0,0.0,0.0,0.0,0.0,75.22643467410273,23.976370159297872,0.0,0.0,0.0,-1.1368683772161603e-12,0.0
2025-09-25 09:00:00+00:00,6,31.0,2930.317398884138,610.3554900657552,934.3058488590989,1385.6560599592844,610.3554900657552,277.52280568064214,332.83268438511305,1461.295265723112,459.7668680429734,150.58862202278186,934.3058488590989,0.0,1385.6560599592844,0.0,668.7518080625067,208.98494001953333,2319.9619088183836,3093.282545091178,773.3206362727944,150.58862202278186,50.19620734092729,200.78482936370915,3.011772440455637,41.88573606536582,0.0,178.08886312976668,1255.4881552688432,4185.805554152981,3762.0343531536846,0.0,0.0,0.0,0.0,0.0,75.22643467410273,23.973628184530483,0.0,0.0,0.0,-2.2737367544323206e-13,0.0
2025-09-25 10:00:00+00:00,6,31.0,2948.936314313021,617.432656921581,943.6500933677277,1387.853564023713,617.4326569215809,279.32451881227604,338.10813810930495,1461.295265723112,464.92085328379574,152.5118036377853,943.6500933677277,0.0,1387.853564023713,0.0,676.2485138673393,211.32766058354352,2331.503657391441,3108.6715431885877,777.1678857971469,152.5118036377853,50.837267879261766,203.34907151704707,3.050236072755706,42.18803844126896,0.0,179.75721445392338,1264.3283032279,4191.620581562347,3784.920057055927,0.0,0.0,0.0,0.0,21.644035978573424,52.41161752379494,23.97575994084865,0.0,0.0,0.0,0.0,0.0
2025-09-25 11:00:00+00:00,6,31.0,2984.0348840763613,623.8538315293016,954.0481046100077,1406.132947937051,623.8538315293016,283.12548935730143,340.72834217200017,1461.295265723112,469.55007051385326,154.30376101544834,954.0481046100077,0.0,1406.132947937051,0.0,682.9819207474229,213.43185023356966,2360.1810525470587,3146.9080700627446,786.7270175156862,154.30376101544834,51.434587005149446,205.73834802059778,3.0860752203089667,42.68277261767074,0.0,181.7465737483785,1279.1088763407633,4221.35129670929,3829.8899908101675,0.0,0.0,0.0,0.0,41.79246370783485,8.35849274156697,23.97349233088794,0.0,0.0,0.0,4.547473508864641e-13,0.0
2025-09-25 12:00:00+00:00,6,31.0,2952.3289487971765,622.9291399675541,950.512508692906,1378.8873001367147,622.9291399675541,281.6726675530407,341.2564724145134,1461.295265723112,468.1606493605142,154.7684906070399,950.512508692906,0.0,1378.8873001367147,0.0,680.9609445243843,212.8002951638701,2329.3998088296207,3105.8664117728276,776.4666029432069,154.7684906070399,51.589496869013296,206.35798747605318,3.0953698121407975,42.304248262154324,0.0,180.72782126662443,1266.98383431701,4219.3127831141865,3786.8273562972117,0.0,0.0,0.0,0.0,0.0,8.35849274156697,23.972406714803707,0.0,0.0,0.0,0.0,0.0
2025-09-25 13:00:00+00:00,6,31.0,2912.9973999582544,612.7649507407328,938.3028553080317,1361.9295939094916,612.764950740733,277.624915551679,335.1400351890539,1461.295265723112,460.90404631533113,151.8609044254017,938.3028553080317,0.0,1361.9295939094916,0.0,670.4058855495725,209.5018392342414,2300.232449217523,3066.976598956697,766.7441497391743,151.8609044254017,50.62030147513391,202.48120590053563,3.0372180885080344,41.768381598335864,0.0,177.94428364161007,1249.6161737770037,4191.306109678986,3737.38248450627,0.0,0.0,0.0,28.692535943729908,0.0,35.57862237009757,23.97178732426627,0.0,0.0,0.0,-1.9184653865522705e-12,0.0
2025-09-25 14:00:00+00:00,6,31.0,2897.536658208427,608.7301145874227,930.7030800441831,1358.1034635768217,608.7301145874227,276.95143910184447,331.7786754855782,1461.295265723112,457.56029811699966,151.16981647042303,930.7030800441831,0.0,1358.1034635768217,0.0,665.542251806545,207.9819536895453,2288.806543621005,3051.7420581613396,762.9355145403349,151.16981647042303,50.389938823474345,201.55975529389738,3.0233963294084605,41.502127037093715,0.0,176.96597670050932,1242.798907120366,4140.335565328793,3717.284309967885,0.0,0.0,0.0,0.0,0.0,35.57862237009757,23.96846266836438,0.0,0.0,0.0,-4.547473508864641e-13,0.0
2025-09-25 15:00:00+00:00,6,31.0,2901.2151153021136,606.4473949891075,931.4624438146509,1363.3052764983556,606.4473949891075,275.7989185386169,330.6484764504906,1461.295265723112,456.5471991699876,149.90019581911986,931.4624438146509,0.0,1363.3052764983556,0.0,664.0686533381638,207.52145416817618,2294.7677203130065,3059.690293750675,764.9225734376688,149.90019581911986,49.96673193970662,199.86692775882648,2.9980039163823973,41.57692607942309,0.0,176.57681750187504,1243.5625070432322,4186.570086053181,3723.758947088839,0.0,0.0,0.0,41.79246370783485,0.0,75.22643467410273,23.971529108607914,0.0,0.0,0.0,-1.3500311979441904e-13,0.0
2025-09-25 16:00:00+00:00,6,31.0,2901.737994427714,607.4073800899115,931.8321020786167,1362.498512259186,607.4073800899114,276.1976723860447,331.20970770386674,1461.295265723112,457.0972677405884,150.3101123493231,931.8321020786167,0.0,1362.498512259186,0.0,664.8687530772195,207.7714853366311,2294.3306143378027,3059.1074857837366,764.7768714459341,150.3101123493231,50.1033707831077,200.4134831324308,3.006202246986462,41.57994818495036,0.0,176.7652573599836,1244.0031353575932,4145.741129785306,3723.976238860956,0.0,0.0,0.0,0.0,0.0,75.22643467410273,23.970915887011877,0.0,0.0,0.0,-1.3642420526593924e-12,0.0
2025-09-25 17:00:00+00:00,6,31.0,2922.2616041557385,614.4944800202555,938.9654131970552,1368.8017109384289,614.4944800202554,279.11982645969294,335.37465356056254,1461.295265723112,461.72849511230197,152.76598490795357,938.9654131970552,0.0,1368.8017109384289,0.0,671.605083799712,209.87658868741,2307.767124135484,3077.0228321806453,769.2557080451613,152.76598490795357,50.92199496931786,203.68797987727143,3.0553196981590713,41.856979505295946,0.0,178.55737308935522,1253.5239639946994,4175.785568150438,3748.627915980357,0.0,0.0,0.0,0.0,0.0,75.22643467410273,23.970485168055625,0.0,0.0,0.0,0.0,0.0
2025-09-25 18:00:00+00:00,6,31.0,2984.318557264252,629.9957398805143,959.3931526483675,1394.929664735371,629.9957398805143,285.65393916536124,344.34180071515306,1461.295265723112,472.45511817400177,157.54062170651252,959.3931526483675,0.0,1394.929664735371,0.0,687.2074446167298,214.75232644272808,2354.3228173837388,3139.097089844985,784.7742724612463,157.54062170651252,52.513540568837506,210.05416227535002,3.15081243413025,42.731091226804736,0.0,182.8413875506232,1280.76343068437,4223.289524240787,3826.304534461715,0.0,0.0,0.0,0.0,41.79246370783485,31.173309891874766,23.970919410841173,0.0,0.0,0.0,-2.2737367544323206e-13,0.0
2025-09-25 19:00:00+00:00,6,31.0,3005.1735252236713,636.0428577734798,966.4718711818963,1402.6587962682945,636.0428577734798,287.8360345520387,348.2068232214411,1461.295265723112,476.54574489239485,159.49711288108495,966.4718711818963,0.0,1402.6587962682945,0.0,693.1574471162107,216.61170222381585,2369.1306674501907,3158.8408899335873,789.7102224833968,159.49711288108495,53.16570429369498,212.66281717477992,3.1899422576216985,43.02074409813983,0.0,184.43229651827792,1290.1306118749474,4273.6601011200455,3851.998337049798,0.0,0.0,0.0,0.0,21.644035978573424,8.35849274156697,23.972234885167158,0.0,0.0,0.0,6.821210263296962e-13,0.0
2025-09-25 20:00:00+00:00,6,31.0,3020.229052487607,639.8740509060592,972.4230878870222,1407.9319136945255,639.8740509060592,289.9003474015412,349.973703504518,1461.295265723112,479.1670496421316,160.70700126392762,972.4230878870222,0.0,1407.9319136945255,0.0,696.9702540249187,217.8032043827871,2380.3550015815476,3173.8066687753967,793.4516671938492,160.70700126392762,53.569000421309205,214.27600168523682,3.214140025278552,43.25201177355592,0.0,185.47409649682777,1296.7641202936077,4316.9931727812145,3870.7769228003153,0.0,0.0,0.0,0.0,0.0,8.35849274156697,23.97040255808418,0.0,0.0,0.0,-2.2737367544323206e-13,0.0
2025-09-25 21:00:00+00:00,6,31.0,2950.7057417030483,626.8319838443429,951.5806611479841,1372.2930967107216,626.8319838443429,283.8345185740713,342.9974652702715,1461.295265723112,469.0206603219191,157.81132352242378,951.5806611479841,0.0,1372.2930967107216,0.0,682.211869559155,213.19120923723594,2323.8737578587056,3098.4983438116074,774.6245859529018,157.81132352242378,52.60377450747459,210.41509802989836,3.1562264704484755,42.27035080154674,0.0,181.49227797534238,1267.33842494495,4218.044166647998,3780.710213370762,0.0,0.0,0.0,0.0,0.0,8.35849274156697,23.970497947321498,0.0,0.0,0.0,0.0,0.0
2025-09-25 22:00:00+00:00,6,31.0,3008.2873212151394,637.9857838214107,969.0664851210664,1401.2350522726597,637.9857838214107,288.77958807509646,349.2061957463143,1461.295265723112,477.6001945797541,160.3855892416566,969.0664851210664,0.0,1401.2350522726597,0.0,694.6911921160059,217.09099753625185,2370.301537393726,3160.4020498583013,790.1005124645753,160.3855892416566,53.4618630805522,213.8474523222088,3.207711784833132,43.08434507635859,0.0,184.85583477498463,1291.8012647175558,4300.0885859326945,3855.093241974307,0.0,0.0,0.0,0.0,0.0,8.35849274156697,23.971181652946974,0.0,0.0,0.0,-6.821210263296962e-13,0.0
2025-09-25 23:00:00+00:00,6,31.0,3018.9215469377955,638.6349538938914,970.3617378729379,1409.9248551709659,638.6349538938914,289.3435394620881,349.2914144318033,1461.295265723112,478.55547230773954,160.07948158615187,970.3617378729379,0.0,1409.9248551709659,0.0,696.0806869930757,217.52521468533615,2380.286593043904,3173.7154573918715,793.4288643479679,160.07948158615187,53.35982719538396,213.43930878153583,3.2015896317230372,43.21010068789779,0.0,185.240830628999,1295.9664271773077,4314.887974115103,3869.796144384947,0.0,0.0,0.0,0.0,0.0,8.35849274156697,23.9708453433647,0.0,0.0,0.0,0.0,0.0
2025-10-25 00:00:00+00:00,7,36.0,2528.7797424181535,537.1882034070381,821.5283370106044,1170.0632020005091,537.1882034070381,244.7696046058287,292.41859880120944,1461.295265723112,401.57061682199276,135.6175865850454,821.5283370106044,0.0,1170.0632020005091,0.0,584.102715377444,182.53209855545126,1991.5915390111136,2655.455385348151,663.8638463370378,135.6175865850454,45.20586219501513,180.82344878006052,2.712351731700908,36.346482130323224,0.0,155.30289710375374,1085.963538053282,3614.743280471436,3239.558100725595,0.0,0.0,0.0,0.0,0.0,8.35849274156697,23.970906080599462,0.0,0.0,0.0,2.2737367544323206e-13,0.0
2025-10-25 01:00:00+00:00,7,36.0,2517.520352218336,534.2195948859901,818.5175358921152,1164.783221440232,534.2195948859901,243.82463036883593,290.3949645171542,1461.295265723112,399.565911110119,134.65368377587112,818.5175358921152,0.0,1164.783221440232,0.0,581.1867797965367,181.6208686864177,1983.300757332347,2644.4010097764626,661.1002524441157,134.65368377587112,44.884561258623705,179.53824503449482,2.693073675517422,36.20335829116578,0.0,154.48648546022528,1080.9885998160655,3640.3014157422367,3225.587789572999,0.0,0.0,0.0,41.79246370783485,0.0,48.006305045572134,23.96964144610891,0.0,0.0,0.0,3.197442310920451e-13,0.0
2025-10-25 02:00:00+00:00,7,36.0,2536.9740567440685,538.5746505647057,827.8239987151628,1170.5754074642002,538.5746505647057,245.15054279206097,293.4241077726448,1461.295265723112,403.68920757854636,134.88544298615938,827.8239987151628,0.0,1170.5754074642002,0.0,587.1843019324311,183.49509435388472,1998.399406179363,2664.5325415724838,666.1331353931209,134.88544298615938,44.96181432871979,179.84725731487916,2.6977088597231873,36.54047403609689,0.0,155.62097203754286,1089.4491990090883,3626.423255753157,3251.716843504915,0.0,0.0,0.0,0.0,0.0,48.006305045572134,23.970281749696014,0.0,0.0,0.0,0.0,0.0
2025-10-25 03:00:00+00:00,7,36.0,2490.5298133950173,528.8226474028907,811.5269604776421,1150.1802055144833,528.8226474028907,240.38489526316224,288.4377521397284,1461.295265723112,396.1209306002525,132.70171680263815,811.5269604776421,0.0,1150.1802055144833,0.0,576.1758990549127,180.0549684546602,1961.7071659921253,2615.609554656167,653.9023886640417,132.70171680263815,44.23390560087938,176.93562240351753,2.6540343360527627,35.847610869474096,0.0,152.80458564629072,1069.497493571399,3588.7198429101463,3191.7854537110798,0.0,0.0,0.0,28.692535943729908,0.0,75.22643467410273,23.973123668712446,0.0,0.0,0.0,1.2789769243681803e-13,0.0
2025-10-25 04:00:00+00:00,7,36.0,2491.2758855604698,529.3684081168547,812.3303076945965,1149.57716974902,529.3684081168547,240.68526011498784,288.68314800186675,1461.295265723112,396.4835259492191,132.88488216763557,812.3303076945965,0.0,1149.57716974902,0.0,576.7033104715914,180.2197845223723,1961.9074774436165,2615.8766365914885,653.9691591478721,132.88488216763557,44.29496072254519,177.17984289018077,2.6576976433527113,35.865680928328096,0.0,152.9144131106047,1069.921696075075,3561.1975816355452,3192.57994706308,0.0,0.0,0.0,0.0,0.0,75.22643467410273,23.97246297276008,0.0,0.0,0.0,4.547473508864641e-13,0.0
2025-10-25 05:00:00+00:00,7,36.0,2514.2272191741786,534.7066263408997,820.4998659398206,1159.0207268934582,534.7066263408998,242.95939631515304,291.7472300257467,1461.295265723112,400.5703362220427,134.13629011885695,820.4998659398206,0.0,1159.0207268934582,0.0,582.6477617775167,182.07742555547398,1979.520592833279,2639.3607904443716,659.8401976110929,134.13629011885695,44.71209670628565,178.8483868251426,2.682725802377139,36.2052032471292,0.0,154.39162346102182,1079.9092723833808,3594.136491557559,3222.0085522218883,0.0,0.0,0.0,0.0,0.0,75.22643467410273,23.971508058566183,0.0,0.0,0.0,-2.2737367544323206e-13,0.0
2025-10-25 06:00:00+00:00,7,36.0,2544.3729493899773,543.2720592423482,830.0870096641105,1171.0138804835194,543.2720592423482,246.49785674287128,296.77420249947687,1461.295265723112,406.27490801152055,136.99715123082763,830.0870096641105,0.0,1171.0138804835194,0.0,590.9453207440299,184.67041273250933,2001.1008901476298,2668.1345201968397,667.0336300492099,136.99715123082763,45.66571707694254,182.66286830777017,2.7399430246165526,36.61274909475851,0.0,156.69058869593542,1093.4130406739723,3637.7859900639496,3259.07984094087,0.0,0.0,0.0,0.0,0.0,75.22643467410273,23.97117518663577,0.0,0.0,0.0,0.0,0.0
2025-10-25 07:00:00+00:00,7,36.0,2526.457168777455,540.3148273482553,826.1581229562718,1159.9842184729287,540.3148273482552,244.57527594259744,295.73955140565783,1461.295265723112,404.5740211785571,135.74080616969826,826.1581229562718,0.0,1159.9842184729287,0.0,588.4713035324467,183.89728235388958,1986.1423414292003,2648.189788572267,662.0474471430667,135.74080616969826,45.24693538989942,180.98774155959768,2.714816123393965,36.384585873417436,0.0,155.69579454401116,1085.9868614276784,3612.4440302051335,3236.6610921047136,0.0,0.0,0.0,0.0,0.0,75.22643467410273,23.972071639447197,0.0,0.0,0.0,0.0,0.0
2025-10-25 08:00:00+00:00,7,36.0,2488.024131698533,532.216160051826,814.8377828068221,1140.9701888398854,532.2161600518261,240.5202734662587,291.6958865855674,1461.295265723112,398.99960857087126,133.21655148095476,814.8377828068221,0.0,1140.9701888398854,0.0,580.3630670121764,181.3634584413051,1955.8079716467075,2607.74396219561,651.9359905489025,133.21655148095476,44.405517160318254,177.62206864127302,2.664331029619095,35.85483537260352,0.0,153.2997750628343,1069.5239076155826,3557.5480393141156,3188.1070292077866,0.0,0.0,0.0,0.0,0.0,75.22643467410273,23.97296188620383,0.0,0.0,0.0,0.0,0.0
2025-10-25 09:00:00+00:00,7,36.0,2511.5316420559743,537.1133242248246,822.677265561016,1151.7410522701325,537.1133242248246,242.5268618171335,294.5864624076911,1461.295265723112,403.05473896790977,134.05858525691485,822.677265561016,0.0,1151.7410522701325,0.0,586.2614384987779,183.2066995308681,1974.4183178311487,2632.557757108198,658.1394392770495,134.05858525691485,44.68619508563828,178.74478034255313,2.6811717051382966,36.19772848953181,0.0,154.71348624279153,1079.6247203310174,3591.156362386992,3218.819195606976,0.0,0.0,0.0,0.0,0.0,75.22643467410273,23.97245078771867,0.0,0.0,0.0,2.2737367544323206e-13,0.0
2025-10-25 10:00:00+00:00,7,36.0,2528.253386990863,539.2141587984078,827.3754208310959,1161.663807361358,539.2141587984078,243.93523030679177,295.278928491616,1461.295265723112,404.6809786931578,134.53318010524998,827.3754208310959,0.0,1161.663807361358,0.0,588.6268780991386,183.9458994059808,1989.039228192454,2652.052304256605,663.0130760641513,134.53318010524998,44.84439336841666,179.37757347366664,2.6906636021049994,36.43790069854646,0.0,155.47892338713496,1086.4108565263352,3593.020207538624,3240.6791823557437,0.0,0.0,0.0,0.0,21.644035978573424,52.41161752379494,23.97209646053983,0.0,0.0,0.0,-6.821210263296962e-13,0.0
2025-10-25 11:00:00+00:00,7,36.0,2512.5000461809145,535.3131031083885,822.4674338087212,1154.7195092638055,535.3131031083885,241.62428347776932,293.6888196306192,1461.295265723112,402.221486883596,133.09161622479252,822.4674338087212,0.0,1154.7195092638055,0.0,585.0494354670487,182.82794858345272,1977.186943072527,2636.249257430036,659.062314357509,133.09161622479252,44.36387207493084,177.45548829972336,2.66183232449585,36.2212181068997,0.0,154.36867319020183,1079.5058586374898,3550.2134411105694,3221.2986928970845,0.0,0.0,0.0,0.0,41.79246370783485,8.35849274156697,23.97411988630653,0.0,0.0,0.0,0.0,0.0
2025-10-25 12:00:00+00:00,7,36.0,2404.621778597998,511.4448821999094,786.129447591008,1107.04744880708,511.4448821999094,231.99039340077246,279.4544887991369,1461.295265723112,383.5466358216767,127.89824637823267,786.129447591008,0.0,1107.04744880708,0.0,557.8860157406207,174.33937991894396,1893.176896398088,2524.2358618641174,631.0589654660293,127.89824637823267,42.63274879274422,170.5309951709769,2.557964927564653,34.65435791580104,0.0,147.61534912330652,1032.8587661443898,3437.480544742387,3082.121877604738,0.0,0.0,0.0,0.0,0.0,8.35849274156697,23.973330503850224,0.0,0.0,0.0,-9.094947017729282e-13,0.0
2025-10-25 13:00:00+00:00,7,36.0,2420.1149006663345,516.866258986032,792.8044508251712,1110.4441908551312,516.8662589860321,234.37637152152553,282.4898874645065,1461.295265723112,387.27948758341427,129.58677140261773,792.8044508251712,0.0,1110.4441908551312,0.0,563.3156183031481,176.03613071973376,1903.2486416803024,2537.6648555737365,634.4162138934341,129.58677140261773,43.19559046753924,172.78236187015696,2.5917354280523544,34.88857543330645,0.0,148.95689121477693,1040.0851371568428,3488.8925737669074,3100.9804738768844,0.0,0.0,0.0,28.692535943729908,0.0,35.57862237009757,23.971645299321825,0.0,0.0,0.0,1.2789769243681803e-13,0.0
2025-10-25 14:00:00+00:00,7,36.0,2432.1762087706884,520.2580541467314,796.6877451228903,1115.2304095010668,520.2580541467314,235.7099828108065,284.5480713359249,1461.295265723112,389.6066059936321,130.6514481530993,796.6877451228903,0.0,1115.2304095010668,0.0,566.7005178089195,177.09391181528733,1911.918154623957,2549.224206165276,637.306051541319,130.6514481530993,43.550482717699765,174.20193087079906,2.6130289630619856,35.05293644869738,0.0,149.86456163463066,1045.4809731206963,3477.6571818913835,3115.9247239741953,0.0,0.0,0.0,0.0,0.0,35.57862237009757,23.97195166638433,0.0,0.0,0.0,-1.1368683772161603e-12,0.0
2025-10-25 15:00:00+00:00,7,36.0,2433.220030783311,520.3200275790904,796.9093334907936,1115.9906697134275,520.3200275790904,235.9132502087889,284.4067773703015,1461.295265723112,389.51248896980616,130.80753860928422,796.9093334907936,0.0,1115.9906697134275,0.0,566.5636203197181,177.05113134991188,1912.900003204221,2550.533337605628,637.633334401407,130.80753860928422,43.602512869761405,174.41005147904562,2.616150772185684,35.067186701858084,0.0,149.90130646354444,1045.8716225586686,3520.884117049814,3117.096957925346,0.0,0.0,0.0,41.79246370783485,0.0,75.22643467410273,23.97165949323096,0.0,0.0,0.0,-3.623767952376511e-13,0.0
2025-10-25 16:00:00+00:00,7,36.0,2473.2096265882515,528.4244133117979,810.2904939147526,1134.4947193617022,528.4244133117979,239.5117094358985,288.91270387589947,1461.295265723112,395.6175742163101,132.80683909548782,810.2904939147526,0.0,1134.4947193617022,0.0,575.4437443146329,179.82617009832276,1944.7852132764547,2593.0469510352727,648.2617377588182,132.80683909548782,44.268946365162606,177.07578546065042,2.656136781909756,35.6536620110596,0.0,152.26264956078836,1062.9293025760612,3536.138929164313,3168.4906953499058,0.0,0.0,0.0,0.0,0.0,75.22643467410273,23.97191599110367,0.0,0.0,0.0,4.547473508864641e-13,0.0
2025-10-25 17:00:00+00:00,7,36.0,2468.5778610092766,527.6750253073492,809.1995673373417,1131.7032683645866,527.6750253073492,239.54765681266818,288.12736849468104,1461.295265723112,394.9344973904719,132.74052791687728,809.1995673373417,0.0,1131.7032683645866,0.0,574.4501780225046,179.51568063203268,1940.9028357019283,2587.870447602571,646.9676119006427,132.74052791687728,44.246842638959095,176.98737055583638,2.6548105583375454,35.59301970376612,0.0,152.0319999770899,1061.009965410828,3529.5878264201046,3162.3206256250755,0.0,0.0,0.0,0.0,0.0,75.22643467410273,23.970437036746866,0.0,0.0,0.0,0.0,0.0
2025-10-25 18:00:00+00:00,7,36.0,2443.485067689006,520.9243252021332,799.9729209958039,1122.5878214910695,520.9243252021331,236.2857888716103,284.63853633052287,1461.295265723112,390.14136181959856,130.78296338253466,799.9729209958039,0.0,1122.5878214910695,0.0,567.4783444648707,177.3369826452721,1922.5607424868733,2563.414323315831,640.8535808289578,130.78296338253466,43.594321127511556,174.37728451004622,2.615659267650693,35.22506584478481,0.0,150.2287125212555,1049.8543222354324,3451.546926216603,3130.8926677807017,0.0,0.0,0.0,0.0,41.79246370783485,31.173309891874766,23.972632392056603,0.0,0.0,0.0,-4.547473508864641e-13,0.0
2025-10-25 19:00:00+00:00,7,36.0,2479.0774094315857,526.7710056724845,812.1637513936889,1140.142652365414,526.7710056724845,238.98117660835098,287.7898290641336,1461.295265723112,395.40618847911355,131.36481719337098,812.1637513936889,0.0,1140.142652365414,0.0,575.1362741514379,179.73008567232432,1952.306403759103,2603.0752050121373,650.7688012530343,131.36481719337098,43.78827239779033,175.15308959116132,2.6272963438674197,35.766339065464805,0.0,152.03542035091343,1064.7162150833947,3522.1495885364066,3178.211479163575,0.0,0.0,0.0,0.0,21.644035978573424,8.35849274156697,23.97214569388629,0.0,0.0,0.0,-4.547473508864641e-13,0.0
2025-10-25 20:00:00+00:00,7,36.0,2499.227206624947,532.1602565400784,818.5053694401715,1148.5615806446976,532.1602565400784,242.09986942418368,290.06038711589474,1461.295265723112,398.68047417382087,133.47978236625755,818.5053694401715,0.0,1148.5615806446976,0.0,579.8988715255576,181.21839735173674,1967.0669500848692,2622.7559334464922,655.6889833616231,133.47978236625755,44.493260788752515,177.97304315501006,2.669595647325151,36.04077688965212,0.0,153.54152191134642,1073.652535950436,3572.879742575383,3202.65480497205,0.0,0.0,0.0,0.0,0.0,8.35849274156697,23.969430637688948,0.0,0.0,0.0,-2.2737367544323206e-13,0.0
2025-10-25 21:00:00+00:00,7,36.0,2539.409197134827,540.2042676019923,830.4004131722915,1168.804516360544,540.2042676019923,245.60561106381022,294.5986565381822,1461.295265723112,404.4359886150467,135.76827898694563,830.4004131722915,0.0,1168.804516360544,0.0,588.2705288946134,183.83454027956668,1999.2049295328356,2665.6065727104474,666.4016431776118,135.76827898694563,45.256092995648544,181.02437198259418,2.7153655797389127,36.60005755877418,0.0,155.9367429094685,1090.7444425008086,3630.1536396356355,3253.877101605061,0.0,0.0,0.0,0.0,0.0,8.35849274156697,23.970918074685407,0.0,0.0,0.0,-2.2737367544323206e-13,0.0
2025-10-25 22:00:00+00:00,7,36.0,2719.374850323636,579.5984445062188,889.7190462222109,1250.057359595205,579.5984445062188,263.7907943271575,315.80765017906134,1461.295265723112,433.7845938292685,145.81385067695032,889.7190462222109,0.0,1250.057359595205,0.0,630.9594092062088,197.17481537694022,2139.776405817416,2853.035207756555,713.2588019391387,145.81385067695032,48.60461689231678,194.4184675692671,2.9162770135390064,39.19214498261838,0.0,167.22770133644076,1168.374357540994,3887.74920786463,3483.9946169627638,0.0,0.0,0.0,0.0,0.0,8.35849274156697,23.966412563801786,0.0,0.0,0.0,0.0,0.0
2025-10-25 23:00:00+00:00,7,36.0,2665.5769577284495,569.6324096388254,870.9083038791321,1225.0362442104902,569.6324096388254,259.07757971796747,310.5548299208579,1461.295265723112,425.82700111454585,143.80540852427953,870.9083038791321,0.0,1225.0362442104902,0.0,619.3847288938849,193.55772777933902,2095.944548089622,2794.5927307861625,698.6481826965406,143.80540852427953,47.93513617475984,191.74054469903936,2.8761081704855904,38.37761155847886,0.0,164.26062570769352,1145.6553920872975,3811.2323498157466,3413.9774596800476,0.0,0.0,0.0,0.0,0.0,8.35849274156697,23.9669687520104,0.0,0.0,0.0,-4.547473508864641e-13,0.0
2025-12-05 00:00:00+00:00,8,47.0,3313.760256430499,719.6495578016523,1052.928949272754,1541.1817493560918,719.6495578016522,323.1148037711333,396.53475403051897,1461.295265723112,531.2400987698833,188.40945903176907,1052.928949272754,0.0,1541.1817493560918,0.0,772.7128709380121,241.47277216812876,2594.110698628846,3458.814264838461,864.7035662096152,188.40945903176907,62.80315301058969,251.21261204235876,3.7681891806353813,46.99968597174354,0.0,207.48846038369783,1427.2358269244105,4740.9960833549085,4231.527135776473,0.0,0.0,0.0,0.0,0.0,35.57862237009757,23.972170004274716,0.0,0.0,0.0,-9.094947017729282e-13,0.0
2025-12-05 01:00:00+00:00,8,47.0,3255.273607904799,711.3571658639798,1038.2760476815233,1505.6403943592984,711.3571658639798,318.06149498545045,393.29567087852945,1461.295265723112,524.8030080982999,186.55415776567997,1038.2760476815233,0.0,1505.6403943592984,0.0,763.3498299611634,238.54682186286357,2543.9164420408215,3391.888589387762,847.9721473469405,186.55415776567997,62.18471925522666,248.73887702090664,3.7310831553135997,46.20468537403868,0.0,204.56615873757397,1403.2056157319569,4658.479223636757,4155.238419348925,0.0,0.0,0.0,0.0,0.0,35.57862237009757,23.974153043541452,0.0,0.0,0.0,6.821210263296962e-13,0.0
2025-12-05 02:00:00+00:00,8,47.0,3269.75182916589,715.0612333616457,1043.2232294894466,1511.467366314795,715.0612333616457,319.76363356448167,395.2975997971641,1461.295265723112,527.2552556741795,187.80597768746622,1043.2232294894466,0.0,1511.467366314795,0.0,766.9167355260793,239.66147985189977,2554.6905958042416,3406.2541277389887,851.5635319347472,187.80597768746622,62.60199256248874,250.40797024995496,3.756119553749324,46.411370547831346,0.0,205.59282972123955,1409.587324171956,4721.13161704568,4173.170863265068,0.0,0.0,0.0,41.79246370783485,0.0,75.22643467410273,23.973901451812768,0.0,0.0,0.0,-3.623767952376511e-13,0.0
2025-12-05 03:00:00+00:00,8,47.0,3240.5741984163383,708.387638445351,1033.7429100879313,1498.4436498830562,708.387638445351,316.76595355155695,391.621684893794,1461.295265723112,522.4527921495084,185.9348462958426,1033.7429100879313,0.0,1498.4436498830562,0.0,759.9313340356485,237.47854188614016,2532.186559970987,3376.2487466279827,844.0621866569957,185.9348462958426,61.978282098614194,247.91312839445678,3.7186969259168516,45.9967238014685,0.0,203.70175654699992,1396.9361879161352,4637.510386332473,4136.180080663631,0.0,0.0,0.0,0.0,0.0,75.22643467410273,23.974540322541763,0.0,0.0,0.0,-4.547473508864641e-13,0.0
2025-12-05 04:00:00+00:00,8,47.0,3244.6578009155373,707.257924880881,1034.420229823097,1502.9796462115594,707.2579248808811,316.55332995384254,390.7045949270385,1461.295265723112,522.2503200897121,185.0076047911689,1034.420229823097,0.0,1502.9796462115594,0.0,759.6368292213995,237.38650913168732,2537.3998760346567,3383.1998347128756,845.7999586782189,185.0076047911689,61.66920159705629,246.67680638822517,3.7001520958233773,46.06240335680851,0.0,203.5552148156612,1398.1734396752556,4642.831240590793,4142.836663934275,0.0,0.0,0.0,0.0,0.0,75.22643467410273,23.974046211380003,0.0,0.0,0.0,-2.2737367544323206e-13,0.0
2025-12-05 05:00:00+00:00,8,47.0,3213.546996667924,702.3318226322991,1023.7088241626464,1487.5063498729792,702.3318226322991,314.3256095136675,388.00621311863165,1461.295265723112,517.7493601271399,184.58246250515924,1023.7088241626464,0.0,1487.5063498729792,0.0,753.0899783667489,235.34061823960903,2511.2151740356258,3348.2868987141674,837.0717246785418,184.58246250515924,61.52748750171975,246.109950006879,3.691649250103185,45.586328223609186,0.0,202.0220194584758,1385.239827352059,4598.786824019981,4101.3768770809165,0.0,0.0,0.0,0.0,0.0,75.22643467410273,23.974154742976967,0.0,0.0,0.0,-1.3642420526593924e-12,0.0
2025-12-05 06:00:00+00:00,8,47.0,3231.6086361001035,705.8353910172111,1030.1659835164144,1495.6072615664787,705.8353910172111,315.82424129846555,390.0111497187456,1461.295265723112,519.9497165264992,185.88567449071195,1030.1659835164144,0.0,1495.6072615664787,0.0,756.290496765817,236.3407802393178,2525.773245082893,3367.697660110524,841.924415027631,185.88567449071195,61.96189149690398,247.84756598761592,3.7177134898142388,45.861052121157215,0.0,203.03313230270797,1392.8389846775322,4624.447620777634,4123.988156876341,0.0,0.0,0.0,0.0,0.0,75.22643467410273,23.976075370407,0.0,0.0,0.0,-1.3642420526593924e-12,0.0
2025-12-05 07:00:00+00:00,8,47.0,3273.6988613332783,711.4708128519316,1042.8163370172833,1519.4117114640626,711.4708128519316,318.5856307451594,392.88518210677216,1461.295265723112,525.2336950545538,186.23711779737778,1042.8163370172833,0.0,1519.4117114640626,0.0,763.9762837157147,238.74258866116082,2562.228048481346,3416.3040646417944,854.0760161604486,186.23711779737778,62.079039265792595,248.31615706317038,3.7247423559475554,46.478607225159124,0.0,205.01296585798883,1410.1139595264974,4683.812820859776,4180.280348357509,0.0,0.0,0.0,0.0,0.0,75.22643467410273,23.97645237551916,0.0,0.0,0.0,6.821210263296962e-13,0.0
2025-12-05 08:00:00+00:00,8,47.0,3289.965582270757,714.4047993941209,1045.524339160063,1530.0364437165715,714.4047993941209,320.18925651649073,394.2155428776302,1461.295265723112,527.1787270979703,187.22607229615062,1045.524339160063,0.0,1530.0364437165715,0.0,766.8054212334114,239.62669413544106,2575.560782876634,3434.081043835512,858.520260958878,187.22607229615062,62.40869076538354,249.63476306153416,3.744521445923012,46.66609461196761,0.0,205.9801830801821,1416.9464449977752,4706.912027268531,4200.886465068923,0.0,0.0,0.0,0.0,0.0,75.22643467410273,23.97644847121903,0.0,0.0,0.0,-6.821210263296962e-13,0.0
2025-12-05 09:00:00+00:00,8,47.0,3246.17856726729,705.9986410429848,1032.6079817347108,1507.5719444895917,705.9986410429847,316.43834733116705,389.5602937118177,1461.295265723112,521.0139282764698,184.98471276651503,1032.6079817347108,0.0,1507.5719444895917,0.0,757.8384411294106,236.8245128529408,2540.1799262243026,3386.90656829907,846.7266420747675,184.98471276651503,61.66157092217168,246.6462836886867,3.6996942553303005,46.053958896937246,0.0,203.43189831738036,1398.3982773195278,4644.576844586818,4144.74500942848,0.0,0.0,0.0,0.0,0.0,75.22643467410273,23.97544810906784,0.0,0.0,0.0,2.2737367544323206e-13,0.0
2025-12-05 10:00:00+00:00,8,47.0,3249.987944525909,706.3403204882526,1034.5590255761945,1509.088598461464,706.3403204882526,316.6880633151627,389.6522571730899,1461.295265723112,521.2929675505355,185.04735293771705,1034.5590255761945,0.0,1509.088598461464,0.0,758.2443164371426,236.95134888660706,2543.6476240376587,3391.530165383545,847.8825413458862,185.04735293771705,61.682450979239015,246.72980391695606,3.7009470587543407,46.127656751900474,0.0,203.55514274980834,1399.9000877721955,4628.24399631953,4149.7744818206875,0.0,0.0,0.0,0.0,21.644035978573424,52.41161752379494,23.975318942420277,0.0,0.0,0.0,-4.547473508864641e-13,0.0
2025-12-05 11:00:00+00:00,8,47.0,3187.5281264695495,688.0563561103229,1011.6827527294304,1487.7890176297942,688.0563561103229,308.52466982000124,379.53168629032166,1461.295265723112,509.44273262207366,178.61362348824923,1011.6827527294304,0.0,1487.7890176297942,0.0,741.0076110866527,231.56487846457895,2499.4717703592246,3332.629027145633,833.1572567864082,178.61362348824923,59.53787449608308,238.1514979843323,3.5722724697649846,45.22837275818085,0.0,198.8030399170512,1371.863694892067,4517.599357653782,4073.6366382322853,0.0,0.0,0.0,0.0,41.79246370783485,8.35849274156697,23.97684966377235,0.0,0.0,0.0,4.547473508864641e-13,0.0
2025-12-05 12:00:00+00:00,8,47.0,3315.267657587318,718.3733944047212,1053.843416898793,1543.050846283804,718.3733944047212,321.73276054078895,396.6406338639323,1461.295265723112,531.2955494912552,187.07784491346604,1053.843416898793,0.0,1543.050846283804,0.0,772.7935265327349,241.49797704147963,2596.894263182597,3462.525684243463,865.6314210608657,187.07784491346604,62.359281637822015,249.43712655128806,3.741556898269321,47.045810969801835,0.0,207.2507908614017,1427.52683846964,4742.7944960569575,4235.319210776198,0.0,0.0,0.0,0.0,0.0,8.35849274156697,23.976128016125696,0.0,0.0,0.0,-4.547473508864641e-13,0.0
2025-12-05 13:00:00+00:00,8,47.0,3332.0630603017357,723.281297519614,1061.453415158457,1547.3283476236668,723.281297519614,324.0292120100709,399.25208550954306,1461.295265723112,534.7061508938349,188.5751466257791,1061.453415158457,0.0,1547.3283476236668,0.0,777.7544013001235,243.0482504062886,2608.7817627821237,3478.375683709498,869.5939209273745,188.5751466257791,62.858382208593035,251.43352883437214,3.771502932515582,47.31688593099038,0.0,208.45305034115296,1435.041992746915,4767.10505304865,4256.130085009621,0.0,0.0,0.0,0.0,0.0,8.35849274156697,23.975407830927583,0.0,0.0,0.0,-6.821210263296962e-13,0.0
2025-12-05 14:00:00+00:00,8,47.0,3276.583242998947,707.8756275788071,1043.624367854814,1525.0832475653262,707.8756275788071,317.12118153708326,390.75444604172384,1461.295265723112,524.6678112668828,183.20781631192426,1043.624367854814,0.0,1525.0832475653262,0.0,763.1531800245568,238.485368757674,2568.7076154201404,3424.943487226854,856.2358718067135,183.20781631192426,61.069272103974754,244.27708841589902,3.6641563262384853,46.55956351129768,0.0,204.28905487182078,1410.3032873777192,4715.579066320395,4188.0966672514105,0.0,0.0,0.0,28.692535943729908,0.0,35.57862237009757,23.976445642725285,0.0,0.0,0.0,-7.815970093361102e-13,0.0
2025-12-05 15:00:00+00:00,8,47.0,3241.7336253367407,702.5558077155175,1034.7631669736759,1504.4146506475463,702.5558077155175,314.66559853229535,387.89020918322217,1461.295265723112,521.3065536026377,181.24925411287984,1034.7631669736759,0.0,1504.4146506475463,0.0,758.264077967473,236.9575243648353,2539.177817621222,3385.5704234949626,846.3926058737406,181.24925411287984,60.41641803762661,241.66567215050645,3.624985082257597,46.08704151568574,0.0,202.50827681244536,1395.986851686591,4679.512940731167,4143.834501462436,0.0,0.0,0.0,41.79246370783485,0.0,75.22643467410273,23.97278405857006,0.0,0.0,0.0,3.197442310920451e-13,0.0
2025-12-05 16:00:00+00:00,8,47.0,3285.9808779116343,709.18740431932,1048.8464077574317,1527.9470658348805,709.18740431932,318.7491132006,390.43829111872,1461.295265723112,527.4211086123657,181.76629570695422,1048.8464077574317,0.0,1527.9470658348805,0.0,767.157976163441,239.7368675510753,2576.7934735923122,3435.7246314564163,858.9311578641041,181.76629570695422,60.58876523565141,242.35506094260563,3.6353259141390843,46.74486289107176,0.0,204.74709994315143,1414.384079399193,4700.364957310826,4202.8826076198575,0.0,0.0,0.0,0.0,0.0,75.22643467410273,23.968675695272943,0.0,0.0,0.0,-1.3642420526593924e-12,0.0
2025-12-05 17:00:00+00:00,8,47.0,3258.13848750876,704.4387473685458,1040.6375516103217,1513.062188529892,704.4387473685458,316.66167601633924,387.7770713522066,1461.295265723112,523.6772650947416,180.76148227380418,1040.6375516103217,0.0,1513.062188529892,0.0,761.7123855923516,238.03512049760985,2553.6997401402136,3404.932986853618,851.2332467134045,180.76148227380418,60.25382742460139,241.01530969840556,3.615229645476083,46.34974843360857,0.0,203.2319078811139,1402.7190805958144,4660.857568104574,4109.874148597458,56.77122384851196,0.0,53.932662656086364,0.0,0.0,75.22643467410273,23.967436931404922,0.0,0.0,0.0,-4.547473508864641e-13,-4.973799150320701e-14
2025-12-05 18:00:00+00:00,8,47.0,3197.7869855633876,692.9708555614135,1023.2045477739409,1481.6115822280349,692.9708555614136,311.2880783215738,381.68277723983977,1461.295265723112,515.097812457741,177.87304310367244,0.0,1023.2045477739409,1481.6115822280349,0.0,749.2331817567143,234.13536929897322,1481.6115822280349,1975.4821096373798,493.87052740934496,177.87304310367244,59.29101436789082,1260.368605245504,18.905529078682562,35.28020677775917,20.46409095547882,199.71455334953856,1061.6612912376681,4259.448276801055,2775.8488488583293,0.0,51.13355746423548,0.0,0.0,0.0,75.22643467410273,23.968036747090892,0.0,0.0,0.0,-9.094947017729282e-13,0.0
2025-12-05 19:00:00+00:00,8,47.0,3215.358481917195,696.0856934993719,1028.9367016141277,1490.3360868036932,696.0856934993719,311.64316924671357,384.44252425265836,1461.295265723112,517.6378751462709,178.44781835310107,0.0,1028.9367016141277,1490.3360868036932,0.0,752.9278183945759,235.28994324830495,1490.3360868036932,1987.1147824049242,496.77869560123105,178.44781835310107,59.48260611770036,1266.8671260849292,19.003006891273937,35.48209490031949,20.578734032282554,200.61703795680296,1067.2321187479151,4260.946564686536,2506.352163994954,233.69043680454598,0.0,222.00591496431866,0.0,21.644035978573424,52.41161752379494,23.97320526902277,0.0,0.0,0.0,-9.094947017729282e-13,1.7053025658242404e-13
2025-12-05 20:00:00+00:00,8,47.0,3350.7519629627786,724.5820237582723,1073.0486750603652,1553.1212641441386,724.5820237582723,323.2776711781822,401.3043525800901,1461.295265723112,539.4383985735805,185.1436251846918,842.4401269397426,230.60854812062257,1553.1212641441386,0.0,784.6376706524807,245.1992720789002,2395.561391083881,3194.081854778508,798.520463694627,185.1436251846918,61.71454172823061,477.46671503354503,7.162000725503175,45.41658741204611,4.612170962412452,208.86264415086418,1371.4876807525834,4680.447180007527,4189.203333408659,0.0,210.48380797767055,0.0,0.0,41.79246370783485,8.35849274156697,23.97642569669112,0.0,0.0,0.0,0.0,0.0
2025-12-05 21:00:00+00:00,8,47.0,3339.1010558841294,722.0851855768432,1068.6211910528366,1548.3946792544516,722.0851855768432,322.5611000139867,399.5240855628565,1461.295265723112,537.0624276841997,185.02275789264343,1068.6211910528366,0.0,1548.3946792544516,0.0,781.1817129951996,244.11928531099989,2617.0158703072884,3489.354493743051,872.3386234357628,185.02275789264343,61.67425263088114,246.69701052352457,3.7004551578528684,47.542582524129614,0.0,208.15938825907367,1437.5345873186998,4776.63564320283,4270.53620673825,0.0,0.0,0.0,0.0,0.0,8.35849274156697,23.975772446743964,0.0,0.0,0.0,4.547473508864641e-13,0.0
2025-12-05 22:00:00+00:00,8,47.0,3279.836809560675,709.4125038910329,1049.6432311717479,1520.7810744978974,709.4125038910329,317.03079529921445,392.3817085918185,1461.295265723112,527.6331371802227,181.77936671081022,1049.6432311717479,0.0,1520.7810744978974,0.0,767.4663813530511,239.83324417282847,2570.424305669645,3427.2324075595266,856.8081018898816,181.77936671081022,60.59312223693674,242.37248894774697,3.6355873342162046,46.69710768013141,0.0,204.50373441016285,1412.0708977241575,4691.9077072848295,4194.698788912578,0.0,0.0,0.0,0.0,0.0,8.35849274156697,23.975270181935002,0.0,0.0,0.0,-3.183231456205249e-12,0.0
2025-12-05 23:00:00+00:00,8,47.0,3122.4725653333685,671.682960036704,997.3091847017331,1453.480420594934,671.6829600367041,300.91507718465135,370.7678828520527,1461.295265723112,499.89810537379935,171.78485466290465,997.3091847017331,0.0,1453.480420594934,0.0,727.1245169073445,227.22641153354516,2450.789605296667,3267.719473728889,816.9298684322223,171.78485466290465,57.26161822096822,229.04647288387287,3.435697093258093,44.45407974700133,0.0,194.00889126235185,1343.316566289347,4494.481667566446,3994.8439906362337,0.0,0.0,0.0,28.692535943729908,0.0,35.57862237009757,23.977008800545107,0.0,0.0,0.0,5.826450433232822e-13,0.0
