timestamp_hour_utc,representative_day_id,day_weight,it_load_kw,q_air_kw,q_cp_kw,q_rdhx_kw,s_air_kw,s_air_old_kw,s_air_new_kw,old_ac_capacity_eff_kw,q_air_to_ashp_kw,q_air_to_reject_kw,q_cp_to_wshp_kw,q_cp_to_free_kw,q_rdhx_to_wshp_kw,q_rdhx_to_chiller_kw,q_ashp_out_kw,p_ashp_kw,q_wshp_in_kw,q_wshp_out_kw,p_wshp_kw,q_chiller_evap_kw,p_chiller_kw,q_tower_kw,p_tower_kw,p_pump_kw,p_cdu_free_kw,p_terminal_kw,p_cooling_kw,p_grid_kw,q_heat_kw,heating_demand_kw,heat_demand_upper_violation_kw,q_tes_ch_kw,q_tes_dis_kw,e_tes_kwh,p_bess_ch_kw,p_bess_dis_kw,e_bess_kwh,max_theta_c,hotspot_slack_c,hotspot_penalty_yuan,bess_degradation_cost_yuan,power_balance_residual_kw,heat_balance_residual_kw
2025-01-15 00:00:00+00:00,0,71.0,2808.3800211662774,944.1261172803979,1536.766664913832,327.4872389720467,944.1261172803979,517.7203254197128,426.40579186068504,2826.78786103199,670.2976743123505,273.8284429680474,1313.5966162793918,223.17004863444026,327.4872389720467,0.0,974.978435363419,304.68076105106843,1641.0838552514385,2188.111807001918,547.0279517504795,273.8284429680474,91.2761476560158,588.2746392585034,8.82411958887755,47.14617185079103,4.463400972688805,232.81477775325197,1236.233330623173,4044.61335178945,3093.40746541437,3093.40746541437,0.0,69.68277695096685,0.0,343.25633058875735,0.0,0.0,669.5977673689963,23.822115032519665,0.0,0.0,0.0,-4.547473508864641e-13,0.0
2025-01-15 01:00:00+00:00,0,71.0,2850.3519168317885,958.2698790675407,1559.8905423310546,332.19149543319065,958.2698790675407,525.6444793735349,432.62539969400586,2826.78786103199,680.3972301667795,277.8726489007612,1308.892359818248,250.99818251280658,332.19149543319065,0.0,989.6686984244067,309.2714682576271,1641.0838552514388,2188.1118070019184,547.0279517504796,277.8726489007612,92.62421630025374,621.4950477138216,9.322425715707324,47.60864939913548,5.019963650256131,236.27413741383913,1247.1488124872985,7445.489566164068,3109.2480335896903,3109.24803358969,4.547473508864641e-13,68.53247183663461,0.0,407.6756661723827,3347.9888368449815,0.0,3845.7788589433967,23.819949577487225,0.0,0.0,0.0,-1.3642420526593924e-12,0.0
2025-01-15 02:00:00+00:00,0,71.0,2878.6567769324,967.4917922687388,1577.538880362416,333.62610430124505,967.4917922687388,530.8716712236285,436.6201210451103,2826.78786103199,688.0594106512865,279.4323816174523,1307.4577509501935,270.0811294122225,333.62610430124505,0.0,1000.8136882200531,312.75427756876655,1641.0838552514385,2188.111807001918,547.0279517504795,279.4323816174523,93.14412720581743,642.6576382354922,9.639864573532382,47.961616159762706,5.401622588244449,238.49128508620603,1254.420744932809,4133.077521865209,3126.30873543184,3126.30873543184,0.0,62.6167597901308,0.0,466.34623664066214,0.0,0.0,3845.7788589433967,23.818502816304488,0.0,0.0,0.0,-2.2737367544323206e-13,0.0
2025-01-15 03:00:00+00:00,0,71.0,2848.0398182076824,957.0776304826649,1561.6662367740437,329.2959509509739,957.0776304826647,526.3446556993439,430.7329747833209,2826.78786103199,681.2584526129949,275.81917786966994,1311.7879043004646,249.87833247357912,329.2959509509739,0.0,990.9213856189017,309.6629330059068,1641.0838552514385,2188.111807001918,547.0279517504795,275.81917786966994,91.93972595655664,617.6372362998056,9.264558544497085,47.644163287995255,4.997566649471582,235.95524168355465,1246.4921408784614,6393.087285040097,3153.14539453754,3153.14539453754,0.0,25.88779808327945,0.0,490.0069523464963,2298.555325953953,0.0,6026.379906320966,23.817892270231876,0.0,0.0,0.0,9.094947017729282e-13,0.0
2025-01-15 04:00:00+00:00,0,71.0,2876.2462463172383,967.1655993730577,1576.1928313431,332.8878156010815,967.1655993730576,531.7779828315577,435.3876165415,2826.78786103199,687.6362560436996,279.5293433293581,1308.1960396503573,267.9967916927426,332.8878156010815,0.0,1000.1981906090177,312.56193456531804,1641.0838552514388,2188.1118070019184,547.0279517504796,279.5293433293581,93.17644777645269,640.7025827985533,9.6105387419783,47.93469517937639,5.359935833854852,238.44218945967842,1254.1136933071382,4130.359939624377,3652.8855891306494,4724.98616333848,0.0,0.0,464.57559151971316,0.0,0.0,0.0,6026.379906320966,23.81553160535965,0.0,0.0,0.0,6.821210263296962e-13,0.0
2025-01-15 05:00:00+00:00,0,71.0,2860.627209702743,961.0393045139302,1568.3660005097915,331.22190467902044,961.0393045139302,528.4808627735861,432.55844174034416,2826.78786103199,684.0098376682406,277.0294668456896,1309.8619505724182,258.50404993737334,331.22190467902044,0.0,994.9234002447137,310.913562576473,1641.0838552514388,2188.1118070019184,547.0279517504796,277.0294668456896,92.34315561522988,627.8766723982928,9.418150085974393,47.77815856271022,5.1700809987474665,236.94518171690703,1249.5962413065215,4110.223451009265,3183.035207246632,6506.07545272263,0.0,0.0,0.0,0.0,0.0,0.0,6026.379906320966,23.82062283957981,0.0,0.0,0.0,2.2737367544323206e-13,0.0
2025-01-15 06:00:00+00:00,0,71.0,2891.20752532406,970.623896639976,1586.535611849406,334.04801683467815,970.623896639976,534.9822665178745,435.64163012210156,2826.78786103199,691.8970170445657,278.7268795954103,1307.0358384167605,279.4997734326455,334.04801683467815,0.0,1006.395661155732,314.49864411116624,1641.0838552514388,2188.1118070019184,547.0279517504796,278.7268795954103,92.90895986513677,651.1356128931925,9.767034193397887,48.14155078950251,5.58999546865291,239.3473841064672,1257.281520284803,4148.489045608863,3194.5074681576502,6069.99645352609,0.0,0.0,0.0,0.0,0.0,0.0,6026.379906320966,23.819505785673243,0.0,0.0,0.0,2.2737367544323206e-13,0.0
2025-01-15 07:00:00+00:00,0,71.0,2991.1255254053904,1005.6273995186715,1639.6794052181388,345.81872066857994,1005.6273995186714,548.8283916494339,456.7990078692375,2826.78786103199,714.7557754045043,290.87162411416716,1295.265134582859,344.41427063527976,345.81872066857994,0.0,1039.6447642247335,324.8889888202292,1641.083855251439,2188.1118070019184,547.0279517504796,290.87162411416716,96.95720803805573,732.2431027875027,10.98364654181254,49.20442665687717,6.888285412705596,247.7981642665743,1283.748671486734,4274.874196892124,3227.756571226652,4844.12799534811,0.0,0.0,0.0,0.0,0.0,0.0,6026.379906320966,23.818052972952337,0.0,0.0,0.0,-4.547473508864641e-13,0.0
2025-01-15 08:00:00+00:00,0,71.0,2944.9752679612047,990.5211434570332,1613.8077795141207,340.64634499005194,990.5211434570332,538.9441397258094,451.57700373122384,2826.78786103199,703.3692170175968,287.15192643943635,1300.4375102613872,313.3702692527336,340.64634499005194,0.0,1023.0824974801409,319.713280462544,1641.0838552514392,2188.111807001919,547.0279517504797,287.15192643943635,95.71730881314545,696.2395045053154,10.44359256757973,48.686994142796806,6.267405385054672,244.0330015736558,1271.8895346952563,4216.8648026564615,3211.1943044820596,4309.37483658353,0.0,0.0,0.0,0.0,0.0,0.0,6026.379906320966,23.822720035141018,0.0,0.0,0.0,4.547473508864641e-13,0.0
2025-01-15 09:00:00+00:00,0,71.0,2856.3171736067093,961.9895827625987,1561.1704898936193,333.1571009504907,961.9895827625987,522.5373780991815,439.45220466341715,2826.78786103199,680.6179700773581,281.3716126852406,301.5359146031678,1259.6345752904515,333.1571009504907,0.0,989.9897746579754,309.3718045806173,634.6930155536585,846.2573540715446,211.56433851788614,281.3716126852406,93.79053756174687,1634.796725537439,24.521950883061585,37.570339953408975,25.19269150580903,237.04916914871754,939.0608321512474,3795.378005757957,1836.24712872952,1836.24712872952,0.0,0.0,0.0,0.0,0.0,0.0,6026.379906320967,23.82506150086119,0.0,0.0,0.0,3.410605131648481e-13,0.0
2025-01-15 10:00:00+00:00,0,71.0,2920.5415446704137,983.2437951511844,1600.6785383921228,336.6192111271047,983.2437951511843,536.3039597226094,446.9398354285749,2826.78786103199,0.0,983.2437951511844,0.0,1600.6785383921228,336.6192111271047,0.0,0.0,0.0,336.6192111271047,448.82561483613955,112.20640370903489,983.2437951511844,327.7479317170615,2911.670265260369,43.67505397890553,35.37976287911351,32.01357076784246,242.2497699745969,793.2724930265547,1979.9131280229085,0.0,0.0,0.0,448.82561483613955,0.0,426.3843340943326,0.0,1733.90090967406,4198.68786911833,23.824355860915418,0.0,0.0,0.0,2.2737367544323206e-13,0.0
2025-01-15 11:00:00+00:00,0,71.0,2884.3580135951543,970.9564801307553,1582.752154867072,330.64937859732663,970.9564801307553,530.6670182787843,440.28946185197094,2826.78786103199,373.6726157679478,597.2838643628074,0.0,1582.752154867072,330.64937859732663,0.0,543.5238047533786,169.8511889854308,330.64937859732663,440.8658381297688,110.2164595324422,597.2838643628074,199.09462145426915,2379.1306406841486,35.68695961026223,34.96153688331471,31.65504309734144,239.22944812949353,820.6952576925542,357.0644344427273,0.0,0.0,0.0,984.3896428831474,0.0,1360.701726165134,0.0,3347.9888368449815,669.5977673689963,23.824685006906222,0.0,0.0,0.0,4.547473508864641e-13,0.0
2025-01-15 12:00:00+00:00,0,71.0,2853.4237402053895,960.2995134631556,1566.6963401477085,326.4278865945274,960.2995134631557,524.8908126820811,435.4087007810746,2826.78786103199,682.7839887582077,277.5155247049479,1.7053025658242404e-13,1566.6963401477083,326.4278865945274,0.0,993.1403472846657,310.356358526458,326.4278865945276,435.23718212603677,108.80929553150919,277.5155247049479,92.5051749016493,1936.7170397543055,29.05075559631458,34.598205668899446,31.333926802954167,236.5885291264452,843.2422461542299,3696.665986359619,2.2737367544323206e-13,0.0,2.2737367544323206e-13,1428.3775294107022,0.0,2714.9389756529713,0.0,0.0,669.5977673689963,23.829247670208026,0.0,0.0,0.0,-2.2737367544323206e-13,0.0
2025-01-15 13:00:00+00:00,0,71.0,2959.8028347531276,997.5151591640229,1624.7340764526994,337.553599136406,997.5151591640229,545.1695067894537,452.34565237456906,2826.78786103199,708.4894271931228,289.0257319709001,0.0,1624.7340764526994,337.553599136406,0.0,1030.5300759172694,322.04064872414665,337.553599136406,450.07146551520793,112.51786637880198,289.0257319709001,96.3419106569667,2010.1017190805662,30.15152578620849,35.870217520418045,32.494681529053985,245.71330836878568,875.1301589643815,6133.488319671463,0.0,0.0,0.0,1480.6015414324775,0.0,4116.080562062519,2298.555325953954,0.0,2850.1988147465668,23.81515150694629,0.0,0.0,0.0,0.0,0.0
2025-01-15 14:00:00+00:00,0,71.0,2688.7827231125098,905.3293134363084,1478.3648809630083,305.088528713193,905.3293134363084,500.2044830006319,405.1248304356765,2826.78786103199,644.4753192028402,260.85399423346826,332.3141291155454,1146.0507518474628,305.088528713193,0.0,937.4186461132222,292.9433269103819,637.4026578287385,849.8702104383179,212.46755260957949,260.85399423346826,86.95133141115609,1493.8560774920873,22.40784116238131,35.94132419754755,22.921015036949257,223.1723430318435,896.8047343598391,3585.5874574723484,1787.28885655154,1787.28885655154,0.0,0.0,0.0,4107.848400938394,0.0,0.0,2850.1988147465668,23.83681465329958,0.0,0.0,0.0,-4.547473508864641e-13,0.0
2025-01-15 15:00:00+00:00,0,71.0,2904.154167839462,977.398845032039,1597.9182541186194,328.83706868880404,977.3988450320392,537.1941616495409,440.2046833824982,2826.78786103199,696.7448943619091,280.6539506701299,318.3106319339453,1279.6076221846743,328.8370686888041,-5.684341886080802e-14,1013.4471190718679,316.70222470995867,647.1477006227494,862.8636008303325,215.71590020758313,280.65395067012986,93.55131689004328,1653.8128897448473,24.80719334617271,38.429842088599884,25.592152443693486,240.8258117705902,955.6244414566414,7207.767446141083,1876.3107199022004,1876.3107199022,4.547473508864641e-13,0.0,0.0,4099.632704136517,3347.9888368449806,0.0,6026.379906320966,23.81938746061611,0.0,0.0,0.0,0.0,0.0
2025-01-15 16:00:00+00:00,0,71.0,2899.9406730654787,976.7007900792453,1596.0539343573407,327.18594862889285,976.7007900792453,537.1562302312283,439.544559848017,2826.78786103199,696.1619809968734,280.5388090823719,1079.794410645815,516.2595237115256,327.1859486288928,5.684341886080802e-14,1012.5992450863613,316.4372640894879,1406.980359274708,1875.9738123662773,468.99345309156934,280.538809082372,93.51293636079066,890.3112691546883,13.354669037320324,45.990882279893896,10.325190474230512,240.62746564288534,1189.241860976178,4089.1825340416567,2862.6287171007702,2862.62871710077,4.547473508864641e-13,25.944340351868387,0.0,4116.080562062519,0.0,0.0,6026.379906320966,23.814727556505613,0.0,0.0,0.0,0.0,1.1723955140041653e-13
2025-01-15 17:00:00+00:00,0,71.0,2892.0617509044387,974.3146725575219,1591.131510479656,326.6155678672586,974.3146725575219,535.9037312992706,438.41094125825134,2826.78786103199,694.1285948416568,280.18607771586517,1314.4682873841803,276.6632230954758,326.6155678672586,0.0,1009.6415924969554,315.51299765529853,1641.0838552514388,2188.1118070019184,547.0279517504796,280.18607771586517,93.39535923862172,650.2446600499627,9.75366990074944,48.233468762107506,5.533264461909517,240.03421021165542,1259.4909219808217,4151.55267288526,4231.51293068912,4231.51293068912,0.0,0.0,1033.759531190247,3019.6804733697127,0.0,0.0,6026.379906320967,23.81320024846264,0.0,0.0,0.0,-2.2737367544323206e-13,0.0
2025-01-15 18:00:00+00:00,0,71.0,2844.1633228233004,957.8740257916379,1563.3893286074963,322.8999684241668,957.8740257916379,525.3885064477982,432.4855193438396,2826.78786103199,681.9661853687276,275.90784042291034,1.4258759611195267e-12,1563.389328607495,322.8999684241668,0.0,991.9508150817855,309.984629713058,322.8999684241682,430.53329123222426,107.63332280805606,275.90784042291034,91.96928014097011,1931.2664491713754,28.96899673757063,34.49678625639161,31.267786572149898,235.9669259417166,840.287728169913,336.4622141482313,3480.524387345269,4022.62309884896,0.0,0.0,2058.0402810312594,847.2829218637526,0.0,3347.9888368449815,2497.289804571633,23.817717066711364,0.0,0.0,0.0,-4.547473508864641e-13,0.0
2025-01-15 19:00:00+00:00,0,71.0,2852.84069226675,962.658726411406,1566.7654468050455,323.41651905029835,962.658726411406,526.9518906766468,435.70683573475907,2826.78786103199,684.0909390303476,278.56778738105834,0.0,1566.7654468050455,323.41651905029835,0.0,995.0413658623238,310.9504268319762,323.41651905029835,431.2220254003978,107.80550635009945,278.56778738105834,92.85592912701945,1938.1891633131233,29.07283744969685,34.56947412660389,31.335308936100912,237.06171138800224,843.651194209499,1962.5909768021893,2229.5723294817453,3676.17580245473,0.0,0.0,803.3089382190238,0.0,0.0,1733.9009096740594,669.5977673689963,23.804202228856834,0.0,0.0,0.0,-4.547473508864641e-13,0.0
2025-01-15 20:00:00+00:00,0,71.0,2910.839210415089,983.4142043641226,1595.4748220534107,331.9501839975562,983.4142043641226,537.8099151448981,445.6042892192245,2826.78786103199,696.9794472054609,286.4347571586617,0.0,1595.4748220534107,331.9501839975563,-5.684341886080802e-14,1013.7882868443069,316.8088396388459,331.9501839975563,442.60024533007504,110.65006133251876,286.4347571586616,95.47825238622055,1977.387831598293,29.660817473974394,35.22899828104378,31.909496441068214,242.17934063443727,861.9158061881088,3772.755016603197,1456.388532174382,6220.61240335217,0.0,0.0,0.0,0.0,0.0,0.0,669.5977673689963,23.794004023139482,0.0,0.0,0.0,-7.958078640513122e-13,0.0
2025-01-15 21:00:00+00:00,0,71.0,2858.059779910936,965.8143270398998,1563.382142616662,328.8633102543733,965.8143270398998,528.3483511351969,437.4659759047029,2826.78786103199,683.0652121313661,282.74911490853367,1312.2205449970652,251.1615976195967,328.8633102543733,0.0,993.5493994638053,310.48418733243915,1641.0838552514385,2188.111807001918,547.0279517504795,282.74911490853367,94.24970496951123,628.1604174976417,9.422406262464625,47.67848140484762,5.023231952391934,237.87050272194023,1251.7564663940743,4109.81624630501,3181.6612064657234,6197.3650342826,0.0,0.0,0.0,0.0,0.0,0.0,669.5977673689963,23.79761154199663,0.0,0.0,0.0,0.0,0.0
2025-01-15 22:00:00+00:00,0,71.0,2908.4096275591255,982.0594221300591,1590.4361835437348,335.91402188533095,982.0594221300591,536.7525230245877,445.30689910547136,2826.78786103199,694.7208317744929,287.3385903555662,1305.169833366108,285.2663501776269,335.91402188533095,0.0,1010.5030280356261,315.78219626113315,1641.0838552514388,2188.1118070019184,547.0279517504796,287.3385903555662,95.77953011852208,668.3844706517152,10.025767059775728,48.21956222338909,5.705327003552538,241.88752602524434,1264.4278604420965,4172.8374880012225,3198.6148350375443,5290.28648466948,0.0,0.0,0.0,0.0,0.0,0.0,669.5977673689963,23.797271640340103,0.0,0.0,0.0,4.547473508864641e-13,0.0
2025-01-15 23:00:00+00:00,0,71.0,2895.535406614037,976.5430582440877,1584.5045667209952,334.4877816489558,976.5430582440877,534.5412255570116,442.00183268707605,2826.78786103199,692.0292216201427,284.51383662394494,1306.5960736024826,277.9084931185125,334.4877816489558,0.0,1006.5879587202077,314.5587371000649,1641.0838552514383,2188.1118070019174,547.0279517504794,284.51383662394494,94.83794554131498,657.2602752837724,9.858904129256587,48.10092988693429,5.55816986237025,240.5719004026978,1260.5145386731183,4156.049945287155,2902.4756411726694,2902.47564117267,0.0,292.2241245494556,0.0,277.6129183219828,0.0,0.0,669.5977673689963,23.79949008894732,0.0,0.0,0.0,0.0,0.0
2025-03-21 00:00:00+00:00,1,14.0,4576.190816440603,1538.3897432753329,2513.8651657948312,523.9359073704372,1538.3897432753329,846.9014492585511,691.4882940167819,2826.78786103199,0.0,1538.3897432753329,0.0,2513.8651657948312,0.0,523.9359073704372,0.0,0.0,0.0,0.0,0.0,2062.32565064577,687.44188354859,5263.632699989192,78.95449049983787,50.277303315896624,50.277303315896624,379.16818508899445,1246.1191657692154,5822.309982209818,0.0,0.0,0.0,0.0,0.0,4091.433438728246,0.0,0.0,669.5977673689963,23.71906129820672,0.0,0.0,0.0,-2.2737367544323206e-13,0.0
2025-03-21 01:00:00+00:00,1,14.0,3752.032514841168,1261.1889221850026,2061.1907880389545,429.6528046172104,1261.1889221850029,694.7204926141854,566.4684295708173,2826.78786103199,0.0,1261.1889221850026,0.0,2061.1907880389545,0.0,429.6528046172104,0.0,0.0,0.0,0.0,0.0,1690.841726802213,563.613908934071,4315.646423775239,64.73469635662858,41.22381576077909,41.22381576077909,310.8656441923699,1021.6618810046276,4773.694395845796,0.0,0.0,0.0,0.0,0.0,4083.2505718507905,0.0,0.0,669.5977673689963,23.767435681742096,0.0,0.0,0.0,3.410605131648481e-13,0.0
2025-03-21 02:00:00+00:00,1,14.0,4490.833738574025,1509.0786552115028,2467.2566950631076,514.4983882994114,1509.0786552115028,830.0297261525563,679.0489290589463,2826.78786103199,0.0,1509.0786552115028,0.0,2467.2566950631076,0.0,514.4983882994114,0.0,0.0,0.0,0.0,0.0,2023.5770435109143,674.5256811703048,5165.359419744327,77.48039129616491,49.34513390126215,49.34513390126215,371.93656876041297,1222.6329090294068,8012.021973557385,0.0,0.0,0.0,0.0,0.0,4075.0840707070897,2298.555325953954,0.0,2850.1988147465668,23.727494968012763,0.0,0.0,0.0,-9.094947017729282e-13,0.0
2025-03-21 03:00:00+00:00,1,14.0,3516.3896015150417,1182.2598395485068,1931.1212614264302,403.0085005401036,1182.2598395485068,649.350598247196,532.9092413013108,2826.78786103199,0.0,1182.2598395485068,0.0,1931.1212614264302,0.0,403.0085005401036,0.0,0.0,0.0,0.0,0.0,1585.2683400886103,528.4227800295367,4044.812381544577,60.67218572316865,38.622425228528606,38.622425228528606,291.3676032794187,957.7074194891813,4474.0970210042215,0.0,0.0,0.0,0.0,0.0,4066.9339025656755,0.0,0.0,2850.1988147465668,23.784481130790287,0.0,0.0,0.0,-1.5916157281026244e-12,0.0
2025-03-21 04:00:00+00:00,1,14.0,3028.9048086142343,1019.0674754826819,1663.2785115849927,346.558821546562,1019.0674754826819,558.868057425893,460.1994180567889,2826.78786103199,0.0,1019.0674754826819,0.0,1663.2785115849927,0.0,346.558821546562,0.0,0.0,0.0,0.0,0.0,1365.626297029244,455.20876567641466,3484.1135742906513,52.26170361435977,33.265570231699854,33.265570231699854,251.09628947449744,825.0978992286715,7201.991544687886,0.0,0.0,0.0,0.0,0.0,4058.800034760545,3347.9888368449806,0.0,6026.379906320966,23.81372641171086,0.0,0.0,0.0,0.0,0.0
2025-03-21 05:00:00+00:00,1,14.0,4635.98210501564,1558.987518167072,2546.4874403145095,530.50714653406,1558.987518167072,854.6435465817442,704.3439715853278,2826.78786103199,0.0,1558.987518167072,0.0,2546.4874403145095,0.0,530.50714653406,0.0,0.0,0.0,0.0,0.0,2089.494664701132,696.498221567044,5332.480326582685,79.98720489874027,50.92974880629019,50.92974880629019,384.12771135626383,1262.4726354346285,5898.454740450267,0.0,0.0,0.0,0.0,0.0,4050.682434691024,0.0,0.0,6026.379906320966,23.719462927233902,0.0,0.0,0.0,-9.094947017729282e-13,0.0
2025-03-21 06:00:00+00:00,1,14.0,3635.065831251845,1222.6659533956747,1996.323272507133,416.07660534903926,1222.6659533956747,670.4365272149923,552.2294261806824,2826.78786103199,0.0,1222.6659533956747,0.0,1996.323272507133,0.0,416.07660534903926,0.0,0.0,0.0,0.0,0.0,1638.742558744714,546.2475195815713,4181.313350833418,62.71970026250126,39.92646545014266,39.92646545014266,301.2696134397017,990.0897641840597,4625.155595435905,0.0,0.0,0.0,0.0,0.0,4042.581069821643,0.0,0.0,6026.379906320966,23.778162857972195,0.0,0.0,0.0,0.0,0.0
2025-03-21 07:00:00+00:00,1,14.0,2470.475698291082,831.7005716178267,1356.4441872850898,282.33093938816603,831.7005716178267,456.3890638554201,375.31150776240656,2826.78786103199,0.0,831.7005716178267,0.0,1356.4441872850898,0.0,282.33093938816603,0.0,0.0,0.0,0.0,0.0,1114.0315110059928,371.3438370019976,2841.81953529308,42.6272930293962,27.128883745701796,27.128883745701796,204.92450050747073,673.1533980302681,3143.62909632135,0.0,0.0,0.0,0.0,0.0,4034.495907682,0.0,0.0,6026.379906320966,23.843881281194047,0.0,0.0,0.0,-2.2737367544323206e-13,0.0
2025-03-21 08:00:00+00:00,1,14.0,2446.126005063638,823.1825532260018,1342.3269100208095,280.6165418168265,823.1825532260018,451.7689275707533,371.4136256552485,2826.78786103199,0.0,823.1825532260018,0.0,1342.3269100208095,0.0,280.6165418168265,0.0,0.0,0.0,0.0,0.0,1103.7990950428284,367.9330316809428,2814.0590367445807,42.21088555116871,26.84653820041619,26.84653820041619,202.8650916970036,666.7020853299475,3112.8280903935847,0.0,0.0,0.0,0.0,0.0,4026.4269158666366,0.0,0.0,6026.379906320966,23.847570990247693,0.0,0.0,0.0,-6.821210263296962e-13,0.0
2025-03-21 09:00:00+00:00,1,14.0,2455.700848684079,826.6799880328807,1346.3163805690847,282.70448008211304,826.6799880328807,453.39695948922997,373.28302854365074,2826.78786103199,0.0,826.6799880328807,0.0,1346.3163805690847,0.0,282.70448008211304,0.0,0.0,0.0,0.0,0.0,1109.3844681149938,369.7948227049979,2825.495671389076,42.38243507083614,26.926327611381694,26.926327611381694,203.7234060419612,669.7533190405586,3125.4541677246375,0.0,0.0,0.0,0.0,0.0,4018.374062034904,0.0,0.0,6026.379906320966,23.84642481150201,0.0,0.0,0.0,-2.2737367544323206e-13,0.0
2025-03-21 10:00:00+00:00,1,14.0,2562.0348076078476,863.1125034387363,1400.6326408214488,298.28966334766136,863.1125034387363,468.3171696565404,394.79533378219594,2826.78786103199,0.0,863.1125034387363,0.0,1400.6326408214488,83.48151169869834,214.80815164896302,0.0,0.0,83.48151169869834,111.30868226493112,27.82717056623278,1077.9206550876993,359.3068850292331,2837.8601809383813,42.567902714075714,28.847467933415963,28.01265281642898,212.60228320463116,699.1643622640177,3261.199169871864,0.0,0.0,0.0,111.30868226493112,0.0,4116.080562062519,0.0,0.0,6026.379906320967,23.838443881562135,0.0,0.0,0.0,-1.3642420526593924e-12,0.0
2025-03-21 11:00:00+00:00,1,14.0,2488.264137829577,837.9066028556744,1363.1476217792213,287.2099131946813,837.9066028556744,457.1456922775015,380.76091057817285,2826.78786103199,0.0,837.9066028556744,0.0,1363.1476217792213,6.4990745716772835,280.710838623004,0.0,0.0,6.4990745716772835,8.665432762236378,2.1663581905590945,1118.6174414786783,372.87248049289275,2854.6375437507922,42.81956315626188,27.327943181301197,27.262952435584424,206.42560313355193,678.8749005901512,0.0,0.0,0.0,0.0,8.665432762236378,0.0,4116.080562062519,0.0,3167.139038419728,2687.9222303736774,23.842156825441105,0.0,0.0,0.0,-3.410605131648481e-13,0.0
2025-03-21 12:00:00+00:00,1,14.0,2638.836141428213,890.6401803725203,1450.8241028308037,297.37185822488743,890.6401803725203,491.43006999583054,399.21011037668967,2826.78786103199,0.0,890.6401803725203,0.0,1450.8241028308037,6.4990745716772835,290.87278365321015,0.0,0.0,6.4990745716772835,8.665432762236378,2.1663581905590945,1181.5129640257305,393.8376546752435,3026.174721531778,45.39262082297667,29.081472802332847,29.016482056616073,219.3693098206293,718.8638983683575,1442.9493316972573,0.0,0.0,0.0,8.665432762236378,0.0,4116.080562062519,0.0,1914.750708099313,669.5977673689963,23.83175809429259,0.0,0.0,0.0,-2.2737367544323206e-13,0.0
2025-03-21 13:00:00+00:00,1,14.0,2567.667681468264,866.1493416039176,1405.7940200207092,295.7243198436377,866.1493416039176,473.5008642223944,392.6484773815232,2826.78786103199,0.0,866.1493416039176,0.0,1405.7940200207092,0.0,295.7243198436377,0.0,0.0,0.0,0.0,0.0,1161.8736614475554,387.29122048251844,2954.958901950783,44.324383529261745,28.115880400414184,28.115880400414184,213.37042088300498,701.2177856956135,3268.885467163876,0.0,0.0,0.0,0.0,0.0,4107.848400938395,0.0,0.0,669.5977673689963,23.83216214352102,0.0,0.0,0.0,-1.7053025658242404e-12,0.0
2025-03-21 14:00:00+00:00,1,14.0,2514.518970629087,847.1695242181682,1376.9759927997954,290.37345361112335,847.1695242181682,463.83440701379374,383.3351172043745,2826.78786103199,0.0,847.1695242181682,0.0,1376.9759927997954,0.0,290.37345361112335,0.0,0.0,0.0,0.0,0.0,1137.5429778292917,379.1809926097639,2893.699963238851,43.405499448582766,27.53951985599591,27.53951985599591,208.7557064856145,686.4212382559531,3200.94020888504,0.0,0.0,0.0,0.0,0.0,4099.632704136518,0.0,0.0,669.5977673689963,23.836457143682303,0.0,0.0,0.0,0.0,0.0
2025-03-21 15:00:00+00:00,1,14.0,2476.830108709238,834.0698765891725,1355.28279011748,287.4774420025879,834.0698765891725,455.5316890096452,378.5381875795273,2826.78786103199,0.0,834.0698765891725,0.0,1355.28279011748,0.0,287.4774420025879,0.0,0.0,0.0,0.0,0.0,1121.5473185917604,373.84910619725343,2850.679214906494,42.76018822359741,27.105655802349602,27.105655802349602,205.53566915955395,676.356275185104,6501.175220739324,0.0,0.0,0.0,0.0,0.0,4091.433438728246,3347.9888368449815,0.0,3845.7788589433967,23.840537839651823,0.0,0.0,0.0,0.0,0.0
2025-03-21 16:00:00+00:00,1,14.0,2427.784647119749,817.5206745964578,1330.9576211728424,279.3063513504495,817.5206745964578,447.00535434583617,370.5153202506216,2826.78786103199,0.0,817.5206745964578,0.0,1330.9576211728424,0.0,279.3063513504495,0.0,0.0,0.0,0.0,0.0,1096.8270259469073,365.6090086489691,2793.393655768719,41.900904836530785,26.61915242345685,26.61915242345685,201.41065406257232,662.1588723949859,5388.498845468688,0.0,0.0,0.0,0.0,0.0,4083.2505718507905,2298.555325953954,0.0,6026.379906320967,23.844741604238948,0.0,0.0,0.0,-4.547473508864641e-13,0.0
2025-03-21 17:00:00+00:00,1,14.0,2607.7242161239196,879.1068543561789,1430.1554824116697,298.4618793560716,879.1068543561789,479.5059462764874,399.6009080796915,2826.78786103199,0.0,879.1068543561789,0.0,1430.1554824116697,32.365651070075955,266.09622828599566,0.0,0.0,32.365651070075955,43.15420142676794,10.788550356691985,1145.2030826421746,381.73436088072486,2957.0929259345694,44.35639388901854,28.926766158934154,28.603109648233396,216.49424354481152,710.9034244784144,0.0,0.0,0.0,0.0,43.15420142676794,0.0,4116.080562062519,0.0,3318.6276406023344,2528.2392228896138,23.830286193174018,0.0,0.0,0.0,3.410605131648481e-13,0.0
2025-03-21 18:00:00+00:00,1,14.0,3405.2650082195255,1148.1533969852399,1864.9023020470518,392.20930918723303,1148.1533969852399,625.5380572753827,522.6153397098572,2826.78786103199,0.0,1148.1533969852399,0.0,1864.9023020470518,6.4990745716772835,385.71023461555575,0.0,0.0,6.4990745716772835,8.665432762236378,2.1663581905590945,1533.8636316007955,511.2878772002652,3910.0538108481123,58.650807162721684,37.36303678665781,37.29804604094104,282.7801404165995,929.5462657977444,4334.81127401727,0.0,0.0,0.0,8.665432762236378,0.0,4116.080562062519,0.0,0.0,2528.2392228896138,23.771960252659365,0.0,0.0,0.0,2.2737367544323206e-13,0.0
2025-03-21 19:00:00+00:00,1,14.0,3403.97539606335,1149.3390651018658,1861.4170810402454,393.21924992123985,1149.3390651018658,626.8069255277468,522.5321395741191,2826.78786103199,0.0,1149.3390651018658,0.0,1861.4170810402454,6.4990745716772835,386.72017534956257,0.0,0.0,6.4990745716772835,8.665432762236378,2.1663581905590945,1536.0592404514284,512.0197468171428,3909.4960683088166,58.64244102463225,37.29333236652168,37.22834162080491,283.1061241358416,930.4563441555024,4334.431740218852,0.0,0.0,0.0,8.665432762236378,0.0,4116.080562062519,0.0,0.0,2528.2392228896138,23.765194530865642,0.0,0.0,0.0,-9.094947017729282e-13,0.0
2025-03-21 20:00:00+00:00,1,14.0,2965.7143758801526,1001.081589741162,1622.710483991388,341.92230214760235,1001.081589741162,548.3825046957805,452.6990850453815,2826.78786103199,0.0,1001.081589741162,0.0,1622.710483991388,6.4990745716772835,335.42322757592507,0.0,0.0,6.4990745716772835,8.665432762236378,2.1663581905590945,1336.5048173170871,445.5016057723624,3404.7169070808377,51.07075360621256,32.51920042554453,32.45420967982776,246.64502790826563,810.357155582772,3776.071531462924,0.0,0.0,0.0,8.665432762236378,0.0,4116.080562062519,0.0,0.0,2528.2392228896138,23.786386821646733,0.0,0.0,0.0,-3.410605131648481e-13,0.0
2025-03-21 21:00:00+00:00,1,14.0,4367.399333036642,1474.5691993114156,2390.4295024269786,502.4006312982487,1474.5691993114156,809.8465484464231,664.7226508649926,2826.78786103199,0.0,1474.5691993114156,0.0,2390.4295024269786,6.4990745716772835,495.9015567265714,0.0,0.0,6.4990745716772835,8.665432762236378,2.1663581905590945,1970.470756037987,656.8235853459956,5017.723843810962,75.26585765716442,47.87358079425634,47.80859004853957,363.3665011333858,1193.304473169901,3797.441700289836,0.0,0.0,0.0,8.665432762236378,0.0,4116.080562062519,0.0,1763.2621059167066,669.5977673689963,23.68973701484893,0.0,0.0,0.0,-9.094947017729282e-13,0.0
2025-03-21 22:00:00+00:00,1,14.0,4044.7511990677795,1366.0193835100536,2212.5589483323406,466.17286722538665,1366.0193835100536,749.3430795766824,616.6763039333712,2826.78786103199,0.0,1366.0193835100536,0.0,2212.5589483323406,0.0,466.17286722538665,0.0,0.0,0.0,0.0,0.0,1832.1922507354402,610.7307502451467,4655.481949312927,69.8322292396939,44.25117896664681,44.25117896664681,336.59783152779266,1105.6631689459268,5150.414368013707,0.0,0.0,0.0,0.0,0.0,4107.848400938395,0.0,0.0,669.5977673689963,23.717031408579818,0.0,0.0,0.0,4.547473508864641e-13,0.0
2025-03-21 23:00:00+00:00,1,14.0,3180.2473885094764,1075.4111781943207,1740.0045304753548,364.8316798397988,1075.4111781943207,588.013546007297,487.39763218702365,2826.78786103199,0.0,1075.4111781943207,0.0,1740.0045304753548,0.0,364.8316798397988,0.0,0.0,0.0,0.0,0.0,1440.2428580341195,480.08095267803986,3660.3283411875145,54.90492511781272,34.800090609507095,34.800090609507095,264.85850275804603,869.4445617729128,4049.6919502823894,0.0,0.0,0.0,0.0,0.0,4099.632704136518,0.0,0.0,669.5977673689963,23.768653337315392,0.0,0.0,0.0,1.1368683772161603e-13,0.0
2025-03-23 00:00:00+00:00,2,1.0,3047.0827957348697,1027.6079798800852,1670.2128620104238,349.26195384436005,1027.6079798800852,562.5466140263894,465.06136585369586,2826.78786103199,0.0,1027.6079798800852,0.0,1670.2128620104238,0.0,349.26195384436005,0.0,0.0,0.0,0.0,0.0,1376.8699337244452,458.9566445748151,3506.0394403096843,52.59059160464526,33.40425724020848,33.40425724020848,253.13068865884685,831.4864393187243,7226.558071898576,0.0,0.0,0.0,0.0,0.0,4091.433438728246,3347.9888368449815,0.0,3845.7788589433967,23.796033372983402,0.0,0.0,0.0,4.547473508864641e-13,0.0
2025-03-23 01:00:00+00:00,2,1.0,3689.539622469024,1243.6575903230203,2022.6089935262928,423.2730386197102,1243.65759032302,681.3774204628535,562.2801698601667,2826.78786103199,0.0,1243.6575903230203,0.0,2022.6089935262928,0.0,423.2730386197102,0.0,0.0,0.0,0.0,0.0,1666.9306289427304,555.6435429809102,4245.183165449934,63.677747481749,40.45217987052586,40.45217987052586,306.4109773204901,1006.6366275242008,4696.176249993224,0.0,0.0,0.0,0.0,0.0,4083.2505718507905,0.0,0.0,3845.7788589433967,23.758105190509657,0.0,0.0,0.0,-9.094947017729282e-13,0.0
2025-03-23 02:00:00+00:00,2,1.0,4766.883972927061,1607.6966530216635,2614.243464512202,544.9438553931996,1607.6966530216635,881.6474386205731,726.0492144010904,2826.78786103199,0.0,1607.6966530216635,0.0,2614.243464512202,0.0,544.9438553931996,0.0,0.0,0.0,0.0,0.0,2152.640508414863,717.5468361382876,5484.430809065352,82.26646213598028,52.284869290244046,52.284869290244046,396.06227214103404,1300.4453089957901,6067.329281922852,0.0,0.0,0.0,0.0,0.0,4075.0840707070897,0.0,0.0,3845.7788589433967,23.68422415825852,0.0,0.0,0.0,4.547473508864641e-13,0.0
2025-03-23 03:00:00+00:00,2,1.0,5065.620620082867,1706.872325185592,2776.7499850768854,581.9983098203879,1706.872325185592,934.8340701327709,772.0382550528211,2826.78786103199,0.0,1706.872325185592,0.0,2776.7499850768854,0.0,581.9983098203879,0.0,0.0,0.0,0.0,0.0,2288.87063500598,762.9568783353267,5828.577498418192,87.42866247627288,55.53499970153771,55.53499970153771,420.55785753903257,1382.0133977537075,6447.634017836574,0.0,0.0,0.0,0.0,0.0,4066.9339025656755,0.0,0.0,3845.7788589433967,23.670380016613688,0.0,0.0,0.0,-1.3642420526593924e-12,0.0
2025-03-23 04:00:00+00:00,2,1.0,4612.233252327111,1553.7240293870589,2529.7087421038927,528.8004808361602,1553.7240293870589,851.3771413196785,702.3468880673804,2826.78786103199,0.0,1553.7240293870589,0.0,2529.7087421038927,0.0,528.8004808361602,0.0,0.0,0.0,0.0,0.0,2082.5245102232193,694.1748367410731,5306.408089068185,79.59612133602278,50.594174842077855,50.594174842077855,382.80517691909654,1257.7644846803482,5869.997737007459,0.0,0.0,0.0,0.0,0.0,4058.800034760545,0.0,0.0,3845.7788589433967,23.699383754507686,0.0,0.0,0.0,4.547473508864641e-13,0.0
2025-03-23 05:00:00+00:00,2,1.0,4918.4003314097545,1656.8677148714028,2696.9368070720925,564.595809466258,1656.8677148714028,907.8219740016485,749.0457408697542,2826.78786103199,0.0,1656.8677148714028,0.0,2696.9368070720925,0.0,564.595809466258,0.0,0.0,0.0,0.0,0.0,2221.4635243376606,740.4878414458868,5658.88817285564,84.88332259283459,53.93873614144185,53.93873614144185,408.2431749477641,1341.4918112693692,8558.447468633076,0.0,0.0,0.0,0.0,0.0,4050.682434691024,2298.555325953953,0.0,6026.379906320966,23.681617090015212,0.0,0.0,0.0,-9.094947017729282e-13,0.0
2025-03-23 06:00:00+00:00,2,1.0,4640.041575661417,1563.3139295503292,2545.4405689109167,531.2870772001693,1563.3139295503292,856.8925483348543,706.4213812154751,2826.78786103199,0.0,1563.3139295503292,0.0,2545.4405689109167,0.0,531.2870772001693,0.0,0.0,0.0,0.0,0.0,2094.6010067504985,698.2003355834995,5338.241911244915,80.07362866867372,50.90881137821833,50.90881137821833,385.15728443043116,1265.248871439041,5905.290447100456,0.0,0.0,0.0,0.0,0.0,4042.581069821643,0.0,0.0,6026.379906320966,23.697140060465596,0.0,0.0,0.0,-1.8189894035458565e-12,0.0
2025-03-23 07:00:00+00:00,2,1.0,4423.780537253034,1490.7694277651872,2426.127806405671,506.88330308217814,1490.7694277651872,817.7231495493581,673.0462782158291,2826.78786103199,0.0,1490.7694277651872,0.0,2426.127806405671,0.0,506.88330308217814,0.0,0.0,0.0,0.0,0.0,1997.6527308473653,665.8842436157885,5089.664780868825,76.34497171303236,48.52255612811342,48.52255612811342,367.30863764741673,1206.5829652324642,5630.363502485498,0.0,0.0,0.0,0.0,0.0,4034.495907682,0.0,0.0,6026.379906320966,23.707422662686035,0.0,0.0,0.0,4.547473508864641e-13,0.0
2025-03-23 08:00:00+00:00,2,1.0,2525.460535255602,851.5758161597221,1385.1855333470933,288.6991857487866,851.5758161597221,466.9020611527661,384.673755006956,2826.78786103199,0.0,851.5758161597221,0.0,1385.1855333470933,0.0,288.6991857487866,0.0,0.0,0.0,0.0,0.0,1140.2750019085088,380.09166730283624,2905.5522025584382,43.58328303837657,27.703710666941866,27.703710666941866,209.7971236098212,688.8794952849178,3214.3400305405194,0.0,0.0,0.0,0.0,0.0,4026.4269158666366,0.0,0.0,6026.379906320966,23.828678068537947,0.0,0.0,0.0,-2.2737367544323206e-13,0.0
2025-03-23 09:00:00+00:00,2,1.0,4083.5344389885936,1376.6318075154627,2238.305700803417,468.5969306697122,1376.6318075154627,755.5221889867648,621.1096185286979,2826.78786103199,0.0,1376.6318075154627,0.0,2238.305700803417,0.0,468.5969306697122,0.0,0.0,0.0,0.0,0.0,1845.228738185175,615.076246061725,4698.6106850503165,70.47916027575475,44.76611401606834,44.76611401606834,339.25031421909233,1114.3379485887087,5197.872387577301,0.0,0.0,0.0,0.0,0.0,4018.374062034904,0.0,0.0,6026.379906320967,23.729004030156904,0.0,0.0,0.0,-1.1368683772161603e-12,0.0
2025-03-23 10:00:00+00:00,2,1.0,2599.533019262855,877.761748087742,1425.7229248628,296.0483463123143,877.761748087742,483.4096132487414,394.35213483900066,2826.78786103199,0.0,877.761748087742,0.0,1425.7229248628,83.48151169869834,212.56683461361598,0.0,0.0,83.48151169869834,111.30868226493112,27.82717056623278,1090.328582701358,363.4428609004527,2879.4943684646105,43.19241552696916,29.349273614242986,28.514458497256,216.29430746142174,708.6204865665753,0.0,0.0,0.0,0.0,111.30868226493112,0.0,4116.080562062519,0.0,3308.15350582943,2539.27993035693,23.815024654272193,0.0,0.0,0.0,-3.410605131648481e-13,0.0
2025-03-23 11:00:00+00:00,2,1.0,2678.3055703265177,902.9066978952468,1468.3021840184188,307.0966884128522,902.9066978952467,496.2208705047463,406.68582739050044,2826.78786103199,0.0,902.9066978952468,0.0,1468.3021840184188,6.4990745716772835,300.5976138411749,0.0,0.0,6.4990745716772835,8.665432762236378,2.1663581905590945,1203.5043117364216,401.16810391214057,3072.974599666981,46.09461899500471,29.431034426085148,29.366043680368374,222.5057868727335,730.7319460768914,3409.0375164034085,0.0,0.0,0.0,8.665432762236378,0.0,4116.080562062519,0.0,0.0,2539.27993035693,23.818236733029146,0.0,0.0,0.0,-5.684341886080801e-13,0.0
2025-03-23 12:00:00+00:00,2,1.0,3707.387082912041,1248.4796154688,2035.3353153032285,423.5721521400113,1248.4796154688001,687.021539403932,561.458076064868,2826.78786103199,0.0,1248.4796154688,0.0,2035.3353153032285,6.4990745716772835,417.07307756833404,0.0,0.0,6.4990745716772835,8.665432762236378,2.1663581905590945,1665.5526930371338,555.184231012378,4256.07223935274,63.841083590291106,40.77169705178134,40.70670630606457,307.70427942835823,1010.3743555794322,2944.025197801862,0.0,0.0,0.0,8.665432762236378,0.0,4116.080562062519,0.0,1773.7362406896111,669.5977673689963,23.756812053191076,0.0,0.0,0.0,0.0,0.0
2025-03-23 13:00:00+00:00,2,1.0,4774.338456629509,1607.9011267193512,2621.536193993548,544.9011359166071,1607.901126719351,884.753679494409,723.1474472249421,2826.78786103199,0.0,1607.9011267193512,0.0,2621.536193993548,0.0,544.9011359166071,0.0,0.0,0.0,0.0,0.0,2152.8022626359584,717.6007542119861,5491.939210841492,82.37908816262238,52.43072387987096,52.43072387987096,396.25839573516583,1301.0996858695162,6075.438142499025,0.0,0.0,0.0,0.0,0.0,4107.848400938395,0.0,0.0,669.5977673689963,23.688582746689512,0.0,0.0,0.0,0.0,0.0
2025-03-23 14:00:00+00:00,2,1.0,2979.168721184503,1002.2039930461735,1639.2004665373581,337.7642616009731,1002.2039930461735,551.8115323136539,450.3924607325196,2826.78786103199,0.0,1002.2039930461735,0.0,1639.2004665373581,0.0,337.7642616009731,0.0,0.0,0.0,0.0,0.0,1339.9682546471468,446.65608488238223,3425.824806066887,51.38737209100331,32.78400933074716,32.78400933074716,246.9195944048811,810.531070039761,6088.255117178218,0.0,0.0,0.0,0.0,0.0,4099.632704136518,2298.555325953954,0.0,2850.1988147465668,23.802914655724113,0.0,0.0,0.0,4.547473508864641e-13,0.0
2025-03-23 15:00:00+00:00,2,1.0,2661.2908495157944,893.2994488216001,1464.3246995901704,303.6667011040213,893.2994488216002,490.5791172501706,402.72033157142954,2826.78786103199,0.0,893.2994488216001,0.0,1464.3246995901704,0.0,303.6667011040213,0.0,0.0,0.0,0.0,0.0,1196.9661499256213,398.98871664187374,3060.2795661576656,45.90419349236498,29.28649399180341,29.28649399180341,220.09284749101784,723.5587456088633,6732.838431969638,0.0,0.0,0.0,0.0,0.0,4091.433438728246,3347.9888368449806,0.0,6026.379906320966,23.836254640779586,0.0,0.0,0.0,-4.547473508864641e-13,0.0
2025-03-23 16:00:00+00:00,2,1.0,2571.9426533617698,863.9930322227224,1414.5532943034987,293.3963268355468,863.9930322227224,474.35244705452817,389.6405851681942,2826.78786103199,0.0,863.9930322227224,0.0,1414.5532943034987,0.0,293.3963268355468,0.0,0.0,0.0,0.0,0.0,1157.3893590582693,385.7964530194231,2957.739106381191,44.36608659571787,28.291065886069973,28.291065886069973,212.86899839593173,699.6136697832127,3271.5563231449823,0.0,0.0,0.0,0.0,0.0,4083.2505718507905,0.0,0.0,6026.379906320966,23.841297952995113,0.0,0.0,0.0,-1.1368683772161603e-13,0.0
2025-03-23 17:00:00+00:00,2,1.0,2694.2734470521896,905.5759192355953,1481.4874351607382,307.21009265585684,905.5759192355953,496.7565608107708,408.8193584248245,2826.78786103199,0.0,905.5759192355953,0.0,1481.4874351607382,32.365651070075955,274.8444415857809,0.0,0.0,32.365651070075955,43.15420142676794,10.788550356691985,1180.420360821376,393.47345360712535,3055.38124958924,45.830718743838595,29.953405213915524,29.629748703214766,223.08434365107513,732.7602202758613,3427.0336673280513,0.0,0.0,0.0,43.15420142676794,0.0,4116.080562062519,0.0,0.0,6026.379906320966,23.837528531004615,0.0,0.0,0.0,3.410605131648481e-13,0.0
2025-03-23 18:00:00+00:00,2,1.0,4148.013061258572,1395.1609277255438,2276.2468473355507,476.6052861974779,1395.1609277255438,765.8219905561889,629.338937169355,2826.78786103199,0.0,1395.1609277255438,0.0,2276.2468473355507,6.4990745716772835,470.1062116258006,0.0,0.0,6.4990745716772835,8.665432762236378,2.1663581905590945,1865.2671393513444,621.7557131171149,4763.26969980401,71.44904549706015,45.589927692427786,45.524936946711016,343.8512773860359,1130.337258829909,5278.350320088481,0.0,0.0,0.0,8.665432762236378,0.0,4116.080562062519,0.0,0.0,6026.379906320967,23.745980860106755,0.0,0.0,0.0,0.0,0.0
2025-03-23 19:00:00+00:00,2,1.0,4286.388019597032,1441.1458226412033,2353.648967614569,491.59322934125925,1441.1458226412033,791.2755992535913,649.8702233876121,2826.78786103199,0.0,1441.1458226412033,0.0,2353.648967614569,6.4990745716772835,485.09415476958196,0.0,0.0,6.4990745716772835,8.665432762236378,2.1663581905590945,1926.2399774107853,642.0799924702618,4921.968937495616,73.82953406243423,47.13797009800815,47.07297935229138,355.1951566525503,1167.481990826105,3719.9691007490783,0.0,0.0,0.0,8.665432762236378,0.0,4116.080562062519,0.0,1733.90090967406,4198.68786911833,23.73845248796341,0.0,0.0,0.0,1.1368683772161603e-12,0.0
2025-03-23 20:00:00+00:00,2,1.0,3276.2455494626297,1101.219623760329,1798.6907545572765,376.335171145022,1101.219623760329,604.3702608430102,496.8493629173186,2826.78786103199,0.0,1101.219623760329,0.0,1798.6907545572765,6.4990745716772835,369.8360965733447,0.0,0.0,6.4990745716772835,8.665432762236378,2.1663581905590945,1471.0557203336737,490.3519067778912,3760.0983816688413,56.40147572503262,36.0388058368623,35.97381509114553,271.41233883369233,892.3447004551831,4168.590249917813,0.0,0.0,0.0,8.665432762236378,0.0,4116.080562062519,0.0,0.0,4198.68786911833,23.803455149957756,0.0,0.0,0.0,0.0,0.0
2025-03-23 21:00:00+00:00,2,1.0,3539.052929292931,1191.3104652677519,1942.6678080617817,405.07465596339887,1191.310465267752,654.0398336278164,537.2706316399356,2826.78786103199,0.0,1191.3104652677519,0.0,1942.6678080617817,6.4990745716772835,398.5755813917216,0.0,0.0,6.4990745716772835,8.665432762236378,2.1663581905590945,1589.8860466594733,529.9620155531578,4062.515870274413,60.93773805411619,38.9183469069524,38.85335616123563,293.5666234048187,964.4044382708398,1155.4685307187897,0.0,0.0,0.0,8.665432762236378,0.0,4116.080562062519,0.0,3347.9888368449815,669.5977673689963,23.784850562985987,0.0,0.0,0.0,4.547473508864641e-13,0.0
2025-03-23 22:00:00+00:00,2,1.0,4426.837872567179,1492.83077582,2432.0576370619215,501.9494596852569,1492.83077582,820.3251286881529,672.5056471318472,2826.78786103199,0.0,1492.83077582,0.0,2432.0576370619215,0.0,501.9494596852569,0.0,0.0,0.0,0.0,0.0,1994.780235505257,664.926745168419,5091.764617735597,76.37646926603395,48.64115274123843,48.64115274123843,367.72867838474235,1206.3141983016721,5633.152070868851,0.0,0.0,0.0,0.0,0.0,4107.848400938395,0.0,0.0,669.5977673689963,23.727054897383738,0.0,0.0,0.0,0.0,0.0
2025-03-23 23:00:00+00:00,2,1.0,4604.1904827817725,1553.2832443577727,2531.042783515608,519.8644549083929,1553.2832443577727,854.7468591074971,698.5363852502755,2826.78786103199,0.0,1553.2832443577727,0.0,2531.042783515608,0.0,519.8644549083929,0.0,0.0,0.0,0.0,0.0,2073.1476992661655,691.0492330887218,5295.239715870495,79.42859573805742,50.62085567031216,50.62085567031216,382.6104938699143,1254.330034037318,5858.5205168190905,0.0,0.0,0.0,0.0,0.0,4099.632704136518,0.0,0.0,669.5977673689963,23.712205542263334,0.0,0.0,0.0,0.0,0.0
2025-04-12 00:00:00+00:00,3,40.0,3091.7851799709215,1033.6700581712616,1697.5629289233714,360.55219287628944,1033.6700581712616,566.8387417603183,466.8313164109434,2826.78786103199,0.0,1033.6700581712616,0.0,1697.5629289233714,0.0,360.55219287628944,0.0,0.0,0.0,0.0,0.0,1394.222251047551,464.74075034918366,3556.525930320106,53.34788895480159,33.95125857846743,33.95125857846743,254.9560662353708,840.947222696291,3932.732402667212,0.0,0.0,0.0,0.0,0.0,4091.433438728246,0.0,0.0,2850.1988147465668,23.82317584530212,0.0,0.0,0.0,-2.2737367544323206e-13,0.0
2025-04-12 01:00:00+00:00,3,40.0,3069.36490939459,1027.9807560892007,1684.1176667826462,357.26648652274287,1027.9807560892007,562.4304909477571,465.5502651414435,2826.78786103199,0.0,1027.9807560892007,0.0,1684.1176667826462,0.0,357.26648652274287,0.0,0.0,0.0,0.0,0.0,1385.2472426119434,461.7490808706478,3531.1139902652376,52.966709853978564,33.68235333565293,33.68235333565293,253.46850007427395,835.5489974702061,3904.913906864796,0.0,0.0,0.0,0.0,0.0,4083.2505718507905,0.0,0.0,2850.1988147465668,23.817662608656608,0.0,0.0,0.0,-2.2737367544323206e-13,0.0
2025-04-12 02:00:00+00:00,3,40.0,3040.409167427768,1019.0659174322172,1667.8316409777146,353.5116090178348,1019.0659174322172,558.3414552742998,460.72446215791746,2826.78786103199,0.0,1019.0659174322172,0.0,1667.8316409777146,0.0,353.5116090178348,0.0,0.0,0.0,0.0,0.0,1372.5775264500521,457.52584215001735,3497.935009577784,52.46902514366676,33.35663281955429,33.35663281955429,251.28765520253455,827.9957881353273,7216.3937924080765,0.0,0.0,0.0,0.0,0.0,4075.0840707070897,3347.9888368449806,0.0,6026.379906320966,23.819059902795058,0.0,0.0,0.0,4.547473508864641e-13,0.0
2025-04-12 03:00:00+00:00,3,40.0,3062.6154219436226,1026.5309727548406,1679.574962638304,356.50948655047745,1026.5309727548406,562.1705669047553,464.3604058500853,2826.78786103199,0.0,1026.5309727548406,0.0,1679.574962638304,0.0,356.50948655047745,0.0,0.0,0.0,0.0,0.0,1383.040459305318,461.013486435106,3523.628908378728,52.85443362568092,33.59149925276608,33.59149925276608,253.1290969831778,834.1800155494968,3896.795437493119,0.0,0.0,0.0,0.0,0.0,4066.9339025656755,0.0,0.0,6026.379906320966,23.821267796228668,0.0,0.0,0.0,-2.2737367544323206e-13,0.0
2025-04-12 04:00:00+00:00,3,40.0,3109.60323598824,1042.3336590961937,1704.7739595395685,362.4956173524782,1042.3336590961937,571.1660923975763,471.16756669861735,2826.78786103199,0.0,1042.3336590961937,0.0,1704.7739595395685,0.0,362.4956173524782,0.0,0.0,0.0,0.0,0.0,1404.8292764486719,468.2764254828906,3577.879661471131,53.66819492206696,34.09547919079137,34.09547919079137,257.05626531249425,847.1918440990345,3956.795080087275,0.0,0.0,0.0,0.0,0.0,4058.800034760545,0.0,0.0,6026.379906320966,23.817867594714958,0.0,0.0,0.0,3.410605131648481e-13,0.0
2025-04-12 05:00:00+00:00,3,40.0,3108.01247362187,1041.2581338905638,1704.3271248742774,362.4272148570302,1041.2581338905638,570.5528791100496,470.70525478051434,2826.78786103199,0.0,1041.2581338905638,0.0,1704.3271248742774,0.0,362.4272148570302,0.0,0.0,0.0,0.0,0.0,1403.6853487475942,467.89511624919805,3575.90758987107,53.63861384806604,34.086542497485546,34.086542497485546,256.80049005908074,846.5073051513159,3954.519778773186,0.0,0.0,0.0,0.0,0.0,4050.682434691023,0.0,0.0,6026.379906320966,23.819497685086297,0.0,0.0,0.0,0.0,0.0
2025-04-12 06:00:00+00:00,3,40.0,3057.446493160741,1024.0430422042446,1678.23781239549,355.16563856100595,1024.0430422042446,560.9299955837469,463.11304662049776,2826.78786103199,0.0,1024.0430422042446,0.0,1678.23781239549,0.0,355.16563856100595,0.0,0.0,0.0,0.0,0.0,1379.2086807652504,459.73622692175013,3517.1827200824905,52.757740801237354,33.5647562479098,33.5647562479098,252.52285390699765,832.1463341258047,3889.592827286546,0.0,0.0,0.0,0.0,0.0,4042.581069821642,0.0,0.0,6026.379906320966,23.820187933793125,0.0,0.0,0.0,2.2737367544323206e-13,0.0
2025-04-12 07:00:00+00:00,3,40.0,3070.6544380104815,1029.8535983366023,1686.2695420781226,354.5312975957572,1029.8535983366023,564.9960398768108,464.8575584597915,2826.78786103199,0.0,1029.8535983366023,0.0,1686.2695420781226,0.0,354.5312975957572,0.0,0.0,0.0,0.0,0.0,1384.3848959323595,461.4616319774532,3532.1160699879356,52.98174104981903,33.72539084156245,33.72539084156245,253.91899457797834,835.8131492883754,3906.467587298857,0.0,0.0,0.0,0.0,0.0,4034.495907681999,0.0,0.0,6026.379906320966,23.812795035092332,0.0,0.0,0.0,0.0,0.0
2025-04-12 08:00:00+00:00,3,40.0,3024.258249840333,1014.8773009725553,1661.3412164441847,348.03973242358984,1014.8773009725553,556.4930322418666,458.3842687306887,2826.78786103199,0.0,1014.8773009725553,0.0,1661.3412164441847,0.0,348.03973242358984,0.0,0.0,0.0,0.0,0.0,1362.9170333961451,454.30567779871507,3478.563927639045,52.17845891458567,33.226824328883694,33.226824328883694,250.18161322597268,823.1193985970408,3847.3776484373734,0.0,0.0,0.0,0.0,0.0,4026.4269158666357,0.0,0.0,6026.379906320966,23.815341119016253,0.0,0.0,0.0,-4.547473508864641e-13,0.0
2025-04-12 09:00:00+00:00,3,40.0,2952.048198650281,990.2879564760322,1622.8940062011236,338.86623597312365,990.2879564760322,543.7891901757945,446.4987663002376,2826.78786103199,0.0,990.2879564760322,0.0,1622.8940062011236,0.0,338.86623597312365,0.0,0.0,0.0,0.0,0.0,1329.1541924491557,443.0513974830519,3395.099596133331,50.926493941999965,32.45788012402247,32.45788012402247,244.140056946335,803.0337086194319,3755.0819072697122,0.0,0.0,0.0,0.0,0.0,4018.3740620349035,0.0,0.0,6026.379906320967,23.82218932348763,0.0,0.0,0.0,-5.684341886080801e-13,0.0
2025-04-12 10:00:00+00:00,3,40.0,2929.163055665478,983.6804956537998,1611.248888738648,334.2336712730294,983.6804956537997,540.305675407693,443.3748202461067,2826.78786103199,0.0,983.6804956537998,0.0,1611.248888738648,83.48151169869834,250.75215957433107,0.0,0.0,83.48151169869834,111.30868226493112,27.82717056623278,1234.432655228131,411.4775517427103,3257.1590957094895,48.85738643564234,33.05979289175994,32.22497777477296,242.46141501162805,795.9082944227464,1991.1704404141647,0.0,0.0,0.0,111.30868226493112,0.0,4116.080562062519,0.0,1733.90090967406,4198.68786911833,23.822725572419966,0.0,0.0,0.0,2.2737367544323206e-13,0.0
2025-04-12 11:00:00+00:00,3,40.0,3018.0422265829366,1012.8506682421763,1660.138703029345,345.0528553114154,1012.8506682421764,557.042386847326,455.8082813948503,2826.78786103199,0.0,1012.8506682421763,0.0,1660.138703029345,6.4990745716772835,338.5537807397381,0.0,0.0,6.4990745716772835,8.665432762236378,2.1663581905590945,1351.4044489819144,450.4681496606381,3462.0113016718974,51.93016952507846,33.26776480630367,33.2027740605869,249.68749519074032,820.7227114339066,490.7761011718613,0.0,0.0,0.0,8.665432762236378,0.0,4116.080562062519,0.0,3347.9888368449815,669.5977673689963,23.818979318128186,0.0,0.0,0.0,-4.547473508864641e-13,0.0
2025-04-12 12:00:00+00:00,3,40.0,2937.9634504198903,985.7934571860457,1615.937731163925,336.23226206991984,985.7934571860457,541.9715812017287,443.821875984317,2826.78786103199,0.0,985.7934571860457,0.0,1615.937731163925,6.4990745716772835,329.73318749824256,0.0,0.0,6.4990745716772835,8.665432762236378,2.1663581905590945,1315.5266446842882,438.5088815614294,3369.9732574096424,50.54959886114464,32.38374536899527,32.3187546232785,243.02515105800137,798.9524896634083,3736.9159400832978,0.0,0.0,0.0,8.665432762236378,0.0,4116.080562062519,0.0,0.0,669.5977673689963,23.82239295996486,0.0,0.0,0.0,-7.958078640513122e-13,0.0
2025-04-12 13:00:00+00:00,3,40.0,2936.394018063023,986.5053719016709,1612.8822904742788,337.0063556870722,986.505371901671,542.8342795118068,443.6710923898641,2826.78786103199,0.0,986.5053719016709,0.0,1612.8822904742788,0.0,337.0063556870722,0.0,0.0,0.0,0.0,0.0,1323.511727588743,441.17057586291435,3377.564593925936,50.66346890888904,32.257645809485574,32.257645809485574,243.22208666497139,799.5714230557459,3735.965441118769,0.0,0.0,0.0,0.0,0.0,4107.848400938395,0.0,0.0,669.5977673689963,23.820256701343464,0.0,0.0,0.0,1.1368683772161603e-13,0.0
2025-04-12 14:00:00+00:00,3,40.0,3007.658007168605,1009.9128305864785,1649.0248758073496,348.7203007747783,1009.9128305864785,554.4879057067607,455.4249248797178,2826.78786103199,0.0,1009.9128305864785,0.0,1649.0248758073496,0.0,348.7203007747783,0.0,0.0,0.0,0.0,0.0,1358.6331313612568,452.8777104537523,3460.535717622359,51.90803576433538,32.980497516147,32.980497516147,249.0350268216506,819.7817680720323,6125.9951011945905,0.0,0.0,0.0,0.0,0.0,4099.6327041365175,2298.555325953954,0.0,2850.1988147465668,23.81637961061097,0.0,0.0,0.0,-4.547473508864641e-13,0.0
2025-04-12 15:00:00+00:00,3,40.0,3059.3822059163886,1026.0508503206977,1676.466214961999,356.8651406336935,1026.0508503206977,562.5578857635014,463.49296455719633,2826.78786103199,0.0,1026.0508503206977,0.0,1676.466214961999,0.0,356.8651406336935,0.0,0.0,0.0,0.0,0.0,1382.9159909543912,460.97199698479704,3520.354202901187,52.8053130435178,33.52932429923998,33.52932429923998,253.06738357776607,833.9033422045609,7241.274384965929,0.0,0.0,0.0,0.0,0.0,4091.433438728245,3347.9888368449806,0.0,6026.379906320966,23.81575092559651,0.0,0.0,0.0,-9.094947017729282e-13,0.0
2025-04-12 16:00:00+00:00,3,40.0,3006.305278603771,1009.8012182518326,1643.9372036298712,352.5668567220667,1009.8012182518326,553.6683784632077,456.13283978862495,2826.78786103199,0.0,1009.8012182518326,0.0,1643.9372036298712,0.0,352.5668567220667,0.0,0.0,0.0,0.0,0.0,1362.3680749738992,454.1226916579664,3460.427970261737,51.90641955392605,32.87874407259743,32.87874407259743,249.08368199157457,820.8702813486618,3827.175559952432,0.0,0.0,0.0,0.0,0.0,4083.2505718507896,0.0,0.0,6026.379906320966,23.804869041617643,0.0,0.0,0.0,-6.821210263296962e-13,0.0
2025-04-12 17:00:00+00:00,3,40.0,3007.45062791119,1008.864670971626,1645.145996192189,353.4399607473758,1008.8646709716259,553.2726824329935,455.5919885386324,2826.78786103199,0.0,1008.864670971626,0.0,1645.145996192189,32.36565107007664,321.07430967729914,0.0,0.0,32.36565107007664,43.15420142676885,10.788550356692213,1329.938980648925,443.3129935496417,3418.3979703907557,51.27596955586134,33.22657643454455,32.90291992384378,248.87551939017823,820.3825292107617,3827.8331571219524,0.0,0.0,0.0,43.15420142676885,0.0,4116.080562062519,0.0,0.0,6026.379906320966,23.812511917440833,0.0,0.0,0.0,4.547473508864641e-13,0.0
2025-04-12 18:00:00+00:00,3,40.0,3066.3174869809536,1028.7847926418017,1676.621569440458,360.9111248986937,1028.7847926418017,563.0681789054122,465.7166137363896,2826.78786103199,0.0,1028.7847926418017,0.0,1676.621569440458,6.4990745716772835,354.4120503270164,0.0,0.0,6.4990745716772835,8.665432762236378,2.1663581905590945,1383.1968429688181,461.0656143229394,3520.8840267322157,52.81326040098323,33.59742213452593,33.53243138880916,253.7497601731075,836.9248466109243,3903.2423335918775,0.0,0.0,0.0,8.665432762236378,0.0,4116.080562062519,0.0,0.0,6026.379906320967,23.806983516288806,0.0,0.0,0.0,-4.547473508864641e-13,0.0
2025-04-12 19:00:00+00:00,3,40.0,3014.1137776552564,1009.0463908829519,1651.1459032149078,353.92148355739863,1009.0463908829519,553.1963769458208,455.85001393713105,2826.78786103199,0.0,1009.0463908829519,0.0,1651.1459032149078,6.4990745716772835,347.42240898572135,0.0,0.0,6.4990745716772835,8.665432762236378,2.1663581905590945,1356.4687998686732,452.15626662289105,3459.770969706472,51.89656454559708,33.08790881001492,33.02291806429815,248.90394333527576,821.233959568636,2101.4468275498325,0.0,0.0,0.0,8.665432762236378,0.0,4116.080562062519,0.0,1733.90090967406,4198.68786911833,23.815194510329423,0.0,0.0,0.0,-2.2737367544323206e-13,0.0
2025-04-12 20:00:00+00:00,3,40.0,2967.55226047756,992.4048025316476,1626.9413898849664,348.20606806094605,992.4048025316476,544.1096898462749,448.2951126853727,2826.78786103199,0.0,992.4048025316476,0.0,1626.9413898849664,6.4990745716772835,341.70699348926877,0.0,0.0,6.4990745716772835,8.665432762236378,2.1663581905590945,1334.1117960209165,444.70393200697214,3405.757117912855,51.08635676869282,32.6038185434161,32.53882779769933,244.8153867032086,807.9146800105481,427.4781036431264,0.0,0.0,0.0,8.665432762236378,0.0,4116.080562062519,0.0,3347.9888368449815,669.5977673689963,23.819287760993856,0.0,0.0,0.0,-3.410605131648481e-13,0.0
2025-04-12 21:00:00+00:00,3,40.0,2956.3872331650873,988.0281830353358,1620.739450710414,347.61959941933645,988.0281830353358,542.0310198908146,445.9971631445212,2826.78786103199,0.0,988.0281830353358,0.0,1620.739450710414,6.4990745716772835,341.12052484765917,0.0,0.0,6.4990745716772835,8.665432762236378,2.1663581905590945,1329.148707882995,443.04956929433166,3392.937727887741,50.89406591831611,32.47977975992505,32.41478901420828,243.76271618863385,804.767278365974,3761.154511531061,0.0,0.0,0.0,8.665432762236378,0.0,4116.080562062519,0.0,0.0,669.5977673689963,23.824858766365537,0.0,0.0,0.0,-3.410605131648481e-13,0.0
2025-04-12 22:00:00+00:00,3,40.0,2970.19408654103,993.2225072326199,1628.780912951434,348.1906663569772,993.22250723262,546.2337130407694,446.98879419185056,2826.78786103199,0.0,993.2225072326199,0.0,1628.780912951434,0.0,348.1906663569772,0.0,0.0,0.0,0.0,0.0,1341.4131735895971,447.1377245298657,3417.331811070897,51.25997716606345,32.57561825902868,32.57561825902868,245.04517567563647,808.594113889623,3778.788200430653,0.0,0.0,0.0,0.0,0.0,4107.848400938395,0.0,0.0,669.5977673689963,23.81869164713828,0.0,0.0,0.0,-2.2737367544323206e-13,0.0
2025-04-12 23:00:00+00:00,3,40.0,3033.7416111196762,1016.0381675089283,1662.3999979467617,355.3034456639876,1016.0381675089284,559.2709172462148,456.7672502627135,2826.78786103199,0.0,1016.0381675089283,0.0,1662.3999979467617,0.0,355.3034456639876,0.0,0.0,0.0,0.0,0.0,1371.341613172916,457.1138710576386,3490.855482177316,52.362832232659734,33.24799995893523,33.24799995893523,250.65914020567325,826.631843413842,6158.928780487473,0.0,0.0,0.0,0.0,0.0,4099.632704136518,2298.555325953954,0.0,2850.1988147465668,23.805902313659125,0.0,0.0,0.0,9.094947017729282e-13,0.0
2025-06-08 00:00:00+00:00,4,59.0,2668.226443465902,899.266989966955,1448.8717732127236,320.08768028622205,899.266989966955,485.83069390723836,413.4362960597166,2826.78786103199,0.0,899.266989966955,0.0,1448.8717732127236,0.0,320.08768028622205,0.0,0.0,0.0,0.0,0.0,1219.3546702531771,406.45155675105906,3074.67800021696,46.120170003254394,28.977435464254473,28.977435464254473,221.72399761684417,732.2505952996665,3400.477038765567,0.0,0.0,0.0,0.0,0.0,4091.433438728246,0.0,0.0,2850.1988147465668,23.832384280262055,0.0,0.0,0.0,-1.2505552149377763e-12,0.0
2025-06-08 01:00:00+00:00,4,59.0,2697.086106739959,916.4296643157724,1461.2114501795775,319.44499224460776,916.4296643157724,497.201841024518,419.22782329125437,2826.78786103199,0.0,916.4296643157724,0.0,1461.2114501795775,0.0,319.44499224460776,0.0,0.0,0.0,0.0,0.0,1235.8746565603801,411.95821885346004,3109.044325593418,46.63566488390126,29.22422900359155,29.22422900359155,225.8667883049881,742.9091300495325,3439.995236789491,0.0,0.0,0.0,0.0,0.0,4083.2505718507905,0.0,0.0,2850.1988147465668,23.831516365079253,0.0,0.0,0.0,-4.547473508864641e-13,0.0
2025-06-08 02:00:00+00:00,4,59.0,2748.2279820414296,934.0554234343791,1487.014937062656,327.15762154439403,934.0554234343792,506.7505360248982,427.30488740948095,2826.78786103199,0.0,934.0554234343791,0.0,1487.014937062656,0.0,327.15762154439403,0.0,0.0,0.0,0.0,0.0,1261.2130449787733,420.4043483262578,3168.6323303676872,47.52948495551531,29.74029874125312,29.74029874125312,230.25086598688995,757.6652967511693,6853.882115637579,0.0,0.0,0.0,0.0,0.0,4075.0840707070897,3347.9888368449806,0.0,6026.379906320966,23.829549907888733,0.0,0.0,0.0,-4.547473508864641e-13,0.0
2025-06-08 03:00:00+00:00,4,59.0,2787.1014940741543,944.3974220179956,1509.1475525769622,333.5565194791948,944.3974220179957,512.6402619493142,431.75716006868146,2826.78786103199,0.0,944.3974220179956,0.0,1509.1475525769622,0.0,333.5565194791948,0.0,0.0,0.0,0.0,0.0,1277.9539414971905,425.98464716573017,3213.0861412398826,48.19629211859824,30.182951051539245,30.182951051539245,232.90650398661165,767.4533453740185,3554.554839448172,0.0,0.0,0.0,0.0,0.0,4066.9339025656755,0.0,0.0,6026.379906320966,23.82955170231281,0.0,0.0,0.0,-6.821210263296962e-13,0.0
2025-06-08 04:00:00+00:00,4,59.0,2835.911021442252,958.3004526988942,1534.3650313820613,343.24553736130076,958.3004526988943,522.186703928616,436.11374877027833,2826.78786103199,0.0,958.3004526988942,0.0,1534.3650313820613,0.0,343.24553736130076,0.0,0.0,0.0,0.0,0.0,1301.545990060195,433.8486633533983,3269.7596847956547,49.04639527193482,30.687300627641225,30.687300627641225,236.55241101955255,780.8220709001681,3616.7330923424206,0.0,0.0,0.0,0.0,0.0,4058.800034760545,0.0,0.0,6026.379906320966,23.831975094383818,0.0,0.0,0.0,3.410605131648481e-13,0.0
2025-06-08 05:00:00+00:00,4,59.0,2864.877477365525,968.0876850110948,1549.2485789257294,347.5412134287029,968.0876850110949,526.9299653084166,441.1577197026782,2826.78786103199,0.0,968.0876850110948,0.0,1549.2485789257294,0.0,347.5412134287029,0.0,0.0,0.0,0.0,0.0,1315.6288984397977,438.5429661465992,3303.4204435121264,49.551306652681895,30.98497157851459,30.98497157851459,238.97386777891904,789.0380837352293,3653.9155611007536,0.0,0.0,0.0,0.0,0.0,4050.682434691023,0.0,0.0,6026.379906320966,23.83317643336169,0.0,0.0,0.0,-6.821210263296962e-13,0.0
2025-06-08 06:00:00+00:00,4,59.0,2869.0960452254612,970.6391181735746,1548.6390769491998,349.81785010268686,970.6391181735747,526.6248366896347,444.01428148394007,2826.78786103199,0.0,970.6391181735746,0.0,1548.6390769491998,0.0,349.81785010268686,0.0,0.0,0.0,0.0,0.0,1320.4569682762615,440.1523227587538,3309.2483679842153,49.63872551976323,30.972781538983995,30.972781538983995,239.56625680214535,791.3028681586304,3660.3989133840914,0.0,0.0,0.0,0.0,0.0,4042.581069821642,0.0,0.0,6026.379906320966,23.83529433808021,0.0,0.0,0.0,-2.2737367544323206e-13,0.0
2025-06-08 07:00:00+00:00,4,59.0,2935.153587802032,989.9750889038871,1591.7943873847737,353.3841115133711,989.9750889038871,539.7638148427177,450.21127406116943,2826.78786103199,0.0,989.9750889038871,0.0,1591.7943873847737,0.0,353.3841115133711,0.0,0.0,0.0,0.0,0.0,1343.3592004172583,447.7864001390861,3382.939987941118,50.74409981911677,31.835887747695473,31.835887747695473,244.32392165453354,806.5261971081272,3741.679784910159,0.0,0.0,0.0,0.0,0.0,4034.495907681999,0.0,0.0,6026.379906320966,23.83568345403614,0.0,0.0,0.0,0.0,0.0
2025-06-08 08:00:00+00:00,4,59.0,2902.079830330927,978.2486194373397,1577.3655426738628,346.46566821972584,978.2486194373397,535.7506221991471,442.4979972381926,2826.78786103199,0.0,978.2486194373397,0.0,1577.3655426738628,0.0,346.46566821972584,0.0,0.0,0.0,0.0,0.0,1324.7142876570656,441.57142921902187,3343.6512595499503,50.154768893249255,31.547310853477256,31.547310853477256,241.43248023523174,796.2533000544573,3698.3331303853843,0.0,0.0,0.0,0.0,0.0,4026.4269158666357,0.0,0.0,6026.379906320966,23.83762769455531,0.0,0.0,0.0,-1.1368683772161603e-13,0.0
2025-06-08 09:00:00+00:00,4,59.0,2865.8243195745335,964.721607515947,1562.0328598533974,339.0698522051889,964.721607515947,532.8261738824268,431.8954336335201,2826.78786103199,0.0,964.721607515947,0.0,1562.0328598533974,0.0,339.0698522051889,0.0,0.0,0.0,0.0,0.0,1303.7914597211359,434.59715324037865,3300.421472814912,49.50632209222368,31.24065719706795,31.24065719706795,238.22294124828306,784.8077309750214,3650.6320505495546,0.0,0.0,0.0,0.0,0.0,4018.3740620349035,0.0,0.0,6026.379906320967,23.836132210234783,0.0,0.0,0.0,-3.410605131648481e-13,0.0
2025-06-08 10:00:00+00:00,4,59.0,3004.936785739249,1010.2413930535461,1637.82758045973,356.86781222597,1010.2413930535461,558.1976139656126,452.0437790879334,2826.78786103199,0.0,1010.2413930535461,0.0,1637.82758045973,83.48151169869834,273.38630052727166,0.0,0.0,83.48151169869834,111.30868226493112,27.82717056623278,1283.6276935808178,427.8758978602726,3349.33117190082,50.2399675785123,33.59136672618158,32.7565516091946,249.5164643153308,821.8074186557246,2092.8432947209135,0.0,0.0,0.0,111.30868226493112,0.0,4116.080562062519,0.0,1733.90090967406,4198.68786911833,23.824824673799416,0.0,0.0,0.0,-4.547473508864641e-13,0.0
2025-06-08 11:00:00+00:00,4,59.0,2992.4877938225673,1005.9683234261279,1633.0660191797367,353.45345121670346,1005.9683234261279,557.0784491427157,448.88987428341215,2826.78786103199,0.0,1005.9683234261279,0.0,1633.0660191797367,6.4990745716772835,346.9543766450262,0.0,0.0,6.4990745716772835,8.665432762236378,2.1663581905590945,1352.922700071154,450.97423335705133,3436.962952607942,51.554444289119125,32.726311129311505,32.661320383594735,248.4474542841712,818.530121633807,463.029078611392,0.0,0.0,0.0,8.665432762236378,0.0,4116.080562062519,0.0,3347.9888368449815,669.5977673689963,23.82345245433533,0.0,0.0,0.0,-7.958078640513122e-13,0.0
2025-06-08 12:00:00+00:00,4,59.0,2864.58811242164,964.9844216578284,1559.1096714706077,340.494019293202,964.9844216578285,532.2916150483427,432.6928066094858,2826.78786103199,0.0,964.9844216578284,0.0,1559.1096714706077,6.4990745716772835,333.9949447215247,0.0,0.0,6.4990745716772835,8.665432762236378,2.1663581905590945,1298.979366379353,432.993122126451,3291.0821599764117,49.36623239964617,31.24718417512893,31.182193429412155,238.3050962055025,785.2601865266998,3649.848298948339,0.0,0.0,0.0,8.665432762236378,0.0,4116.080562062519,0.0,0.0,669.5977673689963,23.828757731834106,0.0,0.0,0.0,-5.684341886080801e-13,0.0
2025-06-08 13:00:00+00:00,4,59.0,2798.9460515361766,942.891423805643,1524.0794683093686,331.9751594211666,942.891423805643,519.9053033738682,422.98612043177474,2826.78786103199,0.0,942.891423805643,0.0,1524.0794683093686,0.0,331.9751594211666,0.0,0.0,0.0,0.0,0.0,1274.8665832268096,424.95552774226985,3223.901579278448,48.35852368917672,30.48158936618737,30.48158936618737,232.82233735223912,767.0995675160605,3566.045619052237,0.0,0.0,0.0,0.0,0.0,4107.848400938395,0.0,0.0,669.5977673689963,23.83811007056546,0.0,0.0,0.0,-2.2737367544323206e-13,0.0
2025-06-08 14:00:00+00:00,4,59.0,2815.0490135332443,946.1894833275428,1537.745391668202,331.114138537497,946.1894833275428,523.9210617679278,422.2684215596151,2826.78786103199,0.0,946.1894833275428,0.0,1537.745391668202,0.0,331.114138537497,0.0,0.0,0.0,0.0,0.0,1277.3036218650398,425.7678739550133,3240.816887488255,48.61225331232382,30.75490783336404,30.75490783336404,233.65515948208164,769.5451024161468,5883.149441903345,0.0,0.0,0.0,0.0,0.0,4099.632704136518,2298.555325953954,0.0,2850.1988147465668,23.837570724165765,0.0,0.0,0.0,0.0,0.0
2025-06-08 15:00:00+00:00,4,59.0,3010.6690789388085,1014.0452200302773,1654.593861018824,342.02999788970817,1014.0452200302773,559.7435664597087,454.30165357056853,2826.78786103199,0.0,1014.0452200302773,0.0,1654.593861018824,0.0,342.02999788970817,0.0,0.0,0.0,0.0,0.0,1356.0752179199853,452.02507263999513,3462.694151578805,51.94041227368207,33.09187722037648,33.09187722037648,249.98785209389263,820.1370914483227,7178.795007232111,0.0,0.0,0.0,0.0,0.0,4091.433438728245,3347.9888368449806,0.0,6026.379906320966,23.8010980454721,0.0,0.0,0.0,-9.094947017729282e-13,0.0
2025-06-08 16:00:00+00:00,4,59.0,3078.2069923204554,1036.676804637216,1688.9902471730823,352.53994051015724,1036.676804637216,571.3886299999281,465.288174637288,2826.78786103199,0.0,1036.676804637216,0.0,1688.9902471730823,0.0,352.53994051015724,0.0,0.0,0.0,0.0,0.0,1389.2167451473733,463.07224838245776,3541.2792407029133,53.119188610543695,33.77980494346165,33.77980494346165,255.58751367023365,839.3385605501584,3917.5455528706148,0.0,0.0,0.0,0.0,0.0,4083.25057185079,0.0,0.0,6026.379906320966,23.796371397691757,0.0,0.0,0.0,1.0231815394945443e-12,0.0
2025-06-08 17:00:00+00:00,4,59.0,3074.9395644076244,1036.0389188294473,1686.8121807720975,352.08846480607957,1036.038918829447,570.7738283656644,465.2650904637828,2826.78786103199,0.0,1036.0389188294473,0.0,1686.8121807720975,32.36565107007664,319.72281373600293,0.0,0.0,32.36565107007664,43.15420142676885,10.788550356692213,1355.7617325654503,451.92057752181677,3494.4944908593643,52.41741736289046,34.059900126142715,33.73624361544195,255.41840187164712,838.3410908546311,3913.280655262256,0.0,0.0,0.0,43.15420142676885,0.0,4116.080562062519,0.0,0.0,6026.379906320966,23.80115633320002,0.0,0.0,0.0,4.547473508864641e-13,0.0
2025-06-08 18:00:00+00:00,4,59.0,3058.9732310608524,1030.376437543061,1676.9816858067957,351.6151077109984,1030.376437543061,566.5469229995016,463.8295145435593,2826.78786103199,0.0,1030.376437543061,0.0,1676.9816858067957,6.4990745716772835,345.11603313932113,0.0,0.0,6.4990745716772835,8.665432762236378,2.1663581905590945,1375.4924706823822,458.49749022746073,3510.9716467166386,52.664574700749576,33.60462446185269,33.53963371613592,254.02142460722592,834.4941059039841,3893.4673369648367,0.0,0.0,0.0,8.665432762236378,0.0,4116.080562062519,0.0,0.0,6026.379906320967,23.79944042828983,0.0,0.0,0.0,2.2737367544323206e-13,0.0
2025-06-08 19:00:00+00:00,4,59.0,3062.354483484829,1029.229484511951,1676.2465367051993,356.87846226767914,1029.229484511951,563.18294899842,466.04653551353096,2826.78786103199,0.0,1029.229484511951,0.0,1676.2465367051993,6.4990745716772835,350.37938769600186,0.0,0.0,6.4990745716772835,8.665432762236378,2.1663581905590945,1379.6088722079528,459.8696240693176,3515.7250329824697,52.735875494737044,33.58992147982076,33.52493073410399,253.81028852769177,835.6969984962303,2164.150572306999,0.0,0.0,0.0,8.665432762236378,0.0,4116.080562062519,0.0,1733.90090967406,4198.68786911833,23.805023031046794,0.0,0.0,0.0,-5.684341886080801e-13,0.0
2025-06-08 20:00:00+00:00,4,59.0,3034.895582970205,1019.6964403239924,1662.1385586260224,353.06058402018834,1019.6964403239924,558.2080329168693,461.48840740712313,2826.78786103199,0.0,1019.6964403239924,0.0,1662.1385586260224,6.4990745716772835,346.56150944851106,0.0,0.0,6.4990745716772835,8.665432762236378,2.1663581905590945,1366.2579497725035,455.4193165908345,3483.8158249893604,52.25723737484041,33.30776191823722,33.24277117252045,251.4590786929529,827.8525239399445,514.7592700651682,0.0,0.0,0.0,8.665432762236378,0.0,4116.080562062519,0.0,3347.9888368449815,669.5977673689963,23.804956777019797,0.0,0.0,0.0,1.1368683772161603e-13,0.0
2025-06-08 21:00:00+00:00,4,59.0,3007.7975109015924,1011.5736284382835,1650.2256020975622,345.99828036574536,1011.5736284382835,556.1584271929356,455.415201245348,2826.78786103199,0.0,1011.5736284382835,0.0,1650.2256020975622,6.4990745716772835,339.4992057940681,0.0,0.0,6.4990745716772835,8.665432762236378,2.1663581905590945,1351.0728342323516,450.3576114107839,3451.6560477406974,51.77484071611046,33.069502787668014,33.004512041951244,249.41987538556202,819.7927005326347,3827.5902114342266,0.0,0.0,0.0,8.665432762236378,0.0,4116.080562062519,0.0,0.0,669.5977673689963,23.796885405872853,0.0,0.0,0.0,-5.684341886080801e-13,0.0
2025-06-08 22:00:00+00:00,4,59.0,2975.856033715487,1003.9393182047861,1633.4039874165135,338.5127280941881,1003.9393182047862,553.4488818515882,450.490436353198,2826.78786103199,0.0,1003.9393182047861,0.0,1633.4039874165135,0.0,338.5127280941881,0.0,0.0,0.0,0.0,0.0,1342.4520462989742,447.4840154329914,3423.340049148479,51.35010073722718,32.66807974833027,32.66807974833027,247.42830322054232,811.5985788874214,3787.454612602908,0.0,0.0,0.0,0.0,0.0,4107.848400938395,0.0,0.0,669.5977673689963,23.792689039756645,0.0,0.0,0.0,0.0,0.0
2025-06-08 23:00:00+00:00,4,59.0,2972.2519996359006,1001.2439224901607,1631.6207005141575,339.38737663158213,1001.2439224901607,550.6611046755547,450.582817814606,2826.78786103199,0.0,1001.2439224901607,0.0,1631.6207005141575,0.0,339.38737663158213,0.0,0.0,0.0,0.0,0.0,1340.6312991217428,446.8770997072476,3419.129099343148,51.28693649014722,32.63241401028315,32.63241401028315,246.76329677544092,810.1921609934021,6080.999486583257,0.0,0.0,0.0,0.0,0.0,4099.632704136518,2298.555325953954,0.0,2850.1988147465668,23.802738131785393,0.0,0.0,0.0,4.547473508864641e-13,0.0
2025-07-04 00:00:00+00:00,5,66.0,2818.240359639253,937.937860468014,1525.4779039387086,354.8245952325297,937.937860468014,499.55381748422735,438.3840429837867,2826.78786103199,0.0,937.937860468014,0.0,1525.4779039387086,0.0,354.8245952325297,0.0,0.0,0.0,0.0,0.0,1292.7624557005438,430.9208185668479,3249.1611782061,48.7374176730915,30.509558078774173,30.509558078774173,231.58094450924108,772.2582969067289,5889.053982499936,0.0,0.0,0.0,0.0,0.0,4050.682434691024,2298.555325953954,0.0,2850.1988147465668,23.84666856376345,0.0,0.0,0.0,4.547473508864641e-13,0.0
2025-07-04 01:00:00+00:00,5,66.0,2774.3114535455616,924.4135163008048,1496.409807615726,353.4881296290287,924.4135163008048,489.0810610679736,435.3324552328311,2826.78786103199,0.0,924.4135163008048,0.0,1496.409807615726,0.0,353.4881296290287,0.0,0.0,0.0,0.0,0.0,1277.9016459298334,425.9672153099445,3200.2786688555043,48.004180032832565,29.928196152314523,29.928196152314523,228.2359265661033,762.0637142135095,3536.3751677590717,0.0,0.0,0.0,0.0,0.0,4042.581069821643,0.0,0.0,2850.1988147465668,23.84343848177192,0.0,0.0,0.0,6.821210263296962e-13,0.0
2025-07-04 02:00:00+00:00,5,66.0,2760.9594491582247,919.978978222088,1490.0140216485115,350.96644928762515,919.978978222088,487.2104794137273,432.7684988083607,2826.78786103199,0.0,919.978978222088,0.0,1490.0140216485115,0.0,350.96644928762515,0.0,0.0,0.0,0.0,0.0,1270.9454275097132,423.6484758365711,3184.607924994796,47.76911887492194,29.80028043297023,29.80028043297023,227.13568176907478,758.1538373465082,3519.113286504733,0.0,0.0,0.0,0.0,0.0,4034.495907682,0.0,0.0,2850.1988147465668,23.84719742362363,0.0,0.0,0.0,0.0,0.0
2025-07-04 03:00:00+00:00,5,66.0,2753.5121730464352,917.3769563750863,1485.6469593214395,350.4882573499077,917.3769563750863,486.3428230690584,431.03413330602785,2826.78786103199,0.0,917.3769563750863,0.0,1485.6469593214395,0.0,350.4882573499077,0.0,0.0,0.0,0.0,0.0,1267.865213724994,422.62173790833134,3176.133910954765,47.64200866432147,29.71293918642879,29.71293918642879,226.52971237648916,756.2193373219995,6857.720347213415,0.0,0.0,0.0,0.0,0.0,4026.4269158666366,3347.9888368449806,0.0,6026.379906320966,23.84536125051354,0.0,0.0,0.0,-4.547473508864641e-13,0.0
2025-07-04 04:00:00+00:00,5,66.0,2746.0345353449115,915.0663529819675,1481.6719742756115,349.2962080873321,915.0663529819676,485.4829730804699,429.58337990149766,2826.78786103199,0.0,915.0663529819675,0.0,1481.6719742756115,0.0,349.2962080873321,0.0,0.0,0.0,0.0,0.0,1264.3625610692995,421.45418702309985,3167.4887223680107,47.51233083552016,29.63343948551223,29.63343948551223,225.9593904693857,754.1927872990302,3500.227322643942,0.0,0.0,0.0,0.0,0.0,4018.374062034904,0.0,0.0,6026.379906320966,23.84224646514533,0.0,0.0,0.0,2.2737367544323206e-13,0.0
2025-07-04 05:00:00+00:00,5,66.0,2742.154172633252,912.4787508151541,1478.9104703529292,350.7649514651702,912.4787508151541,483.2822600839302,429.19649073122383,2826.78786103199,0.0,912.4787508151541,0.0,1478.9104703529292,0.0,350.7649514651702,0.0,0.0,0.0,0.0,0.0,1263.2437022803242,421.0812340934414,3163.235406726695,47.448531100900425,29.578209407058583,29.578209407058583,225.36164351852423,753.0478275269833,3495.202000160235,0.0,0.0,0.0,0.0,0.0,4010.3373139108344,0.0,0.0,6026.379906320966,23.84897549265048,0.0,0.0,0.0,-3.410605131648481e-13,0.0
2025-07-04 06:00:00+00:00,5,66.0,2725.883905048667,907.3107332917216,1469.7451958248932,348.82797593205294,907.3107332917216,480.61685958737297,426.6938737043486,2826.78786103199,0.0,907.3107332917216,0.0,1469.7451958248932,0.0,348.82797593205294,0.0,0.0,0.0,0.0,0.0,1256.1387092237746,418.71290307459157,3144.5968081232595,47.16895212184889,29.394903916497867,29.394903916497867,224.08447448682261,748.7561375162588,3474.640042564926,0.0,0.0,0.0,0.0,0.0,4002.316639283013,0.0,0.0,6026.379906320966,23.843051327140945,0.0,0.0,0.0,-2.2737367544323206e-13,0.0
2025-07-04 07:00:00+00:00,5,66.0,2750.898024777563,915.2722886261016,1485.5650691998558,350.06066695160496,915.2722886261016,486.6194167642655,428.6528718618361,2826.78786103199,0.0,915.2722886261016,0.0,1485.5650691998558,0.0,350.06066695160496,0.0,0.0,0.0,0.0,0.0,1265.3329555777066,421.7776518592355,3172.675676636798,47.59013514955197,29.711301383997117,29.711301383997117,226.07324421595044,754.8636339927322,3505.7616587702946,0.0,0.0,0.0,0.0,0.0,3994.312006004447,0.0,0.0,6026.379906320966,23.841281785972775,0.0,0.0,0.0,-5.684341886080801e-13,0.0
2025-07-04 08:00:00+00:00,5,66.0,2781.6229960812484,924.8743493314051,1502.6807182975201,354.0679284523225,924.8743493314051,492.01391111505785,432.8604382163473,2826.78786103199,0.0,924.8743493314051,0.0,1502.6807182975201,0.0,354.0679284523225,0.0,0.0,0.0,0.0,0.0,1278.9422777837276,426.31409259457587,3207.9370886758234,48.11905633013735,30.053614365950402,30.053614365950402,228.450413396595,762.990791053209,3544.6137871344577,0.0,0.0,0.0,0.0,0.0,3986.3233819924385,0.0,0.0,6026.379906320966,23.84090514332157,0.0,0.0,0.0,2.2737367544323206e-13,0.0
2025-07-04 09:00:00+00:00,5,66.0,2776.4756009080784,923.1746954233081,1496.9444629195086,356.3564425652615,923.1746954233081,489.23880951682605,433.9358859064821,2826.78786103199,0.0,923.1746954233081,0.0,1496.9444629195086,0.0,356.3564425652615,0.0,0.0,0.0,0.0,0.0,1279.5311379885695,426.5103793295232,3202.9859802376013,48.04478970356402,29.938889258390173,29.938889258390173,228.05129580795648,762.484243357824,3538.9598442659026,0.0,0.0,0.0,0.0,0.0,3978.350735228454,0.0,0.0,6026.379906320966,23.842586282630265,0.0,0.0,0.0,2.2737367544323206e-13,0.0
2025-07-04 10:00:00+00:00,5,66.0,2749.9392623389845,914.286020406066,1484.910473530973,350.7427684019457,914.286020406066,487.2833151860304,427.00270522003564,2826.78786103199,0.0,914.286020406066,0.0,1484.910473530973,0.0,350.7427684019457,0.0,0.0,0.0,0.0,0.0,1265.0287888080115,421.67626293600387,3171.6155252749886,47.57423287912483,29.69820947061946,29.69820947061946,225.88448344491502,754.5313982012826,3504.470660540267,0.0,0.0,0.0,0.0,0.0,3970.3940337579975,0.0,0.0,6026.379906320967,23.835908026059656,0.0,0.0,0.0,0.0,0.0
2025-07-04 11:00:00+00:00,5,66.0,2729.8440828788735,907.7245967790908,1477.4831939896221,344.63629211016064,907.7245967790909,485.7799012499455,421.94469552914535,2826.78786103199,0.0,907.7245967790908,0.0,1477.4831939896221,121.28472345160799,223.35156865855265,0.0,0.0,121.28472345160799,161.71296460214398,40.428241150535996,1131.0761654376433,377.0253884792144,2985.5847479064796,44.783771218597195,30.762511114308523,29.549663879792444,224.25441462892147,746.8039904713701,128.65923650526256,0.0,0.0,0.0,161.71296460214398,0.0,4116.080562062519,0.0,3347.9888368449815,2497.289804571633,23.83981591330097,0.0,0.0,0.0,4.547473508864641e-13,0.0
2025-07-04 12:00:00+00:00,5,66.0,2640.408421575164,877.0304612685225,1428.2804402711229,335.09752003551796,877.0304612685225,467.190401635725,409.84005963279753,2826.78786103199,0.0,877.0304612685225,0.0,1428.2804402711229,6.4990745716772835,328.5984454638407,0.0,0.0,6.4990745716772835,8.665432762236378,2.1663581905590945,1205.6289067323632,401.87630224412106,3035.785649247607,45.536784738714104,28.63059955113923,28.565608805422457,216.65568078546087,723.4313343154168,1629.9388462165214,0.0,0.0,0.0,8.665432762236378,0.0,4116.080562062519,0.0,1733.9009096740594,669.5977673689963,23.8478499999679,0.0,0.0,0.0,-1.1368683772161603e-13,0.0
2025-07-04 13:00:00+00:00,5,66.0,2663.4376508569358,886.9955255370999,1441.0243442658486,335.4177810539888,886.9955255370999,472.693178807019,414.30234673008084,2826.78786103199,0.0,886.9955255370999,0.0,1441.0243442658486,0.0,335.4177810539888,0.0,0.0,0.0,0.0,0.0,1222.4133065910887,407.47110219702955,3070.908753053967,46.0636312958095,28.820486885316974,28.820486885316974,219.0282229696049,730.2039302330779,5692.196907043966,0.0,0.0,0.0,0.0,0.0,4107.848400938395,2298.555325953954,0.0,2850.1988147465668,23.85438199161636,0.0,0.0,0.0,-9.094947017729282e-13,0.0
2025-07-04 14:00:00+00:00,5,66.0,2712.354349978731,904.6375280773347,1468.9511306228806,338.7656912785159,904.6375280773348,483.43862767267194,421.19890040466277,2826.78786103199,0.0,904.6375280773347,0.0,1468.9511306228806,0.0,338.7656912785159,0.0,0.0,0.0,0.0,0.0,1243.4032193558505,414.4677397852835,3126.822089764015,46.90233134646022,29.37902261245761,29.37902261245761,223.34318585082792,743.4713022074869,3455.8256521862177,0.0,0.0,0.0,0.0,0.0,4099.632704136518,0.0,0.0,2850.1988147465668,23.859290726218926,0.0,0.0,0.0,-3.410605131648481e-13,0.0
2025-07-04 15:00:00+00:00,5,66.0,2751.8690673449673,917.9530452976087,1490.738412997101,343.177609050256,917.9530452976087,490.2497790746837,427.70326622292504,2826.78786103199,0.0,917.9530452976087,0.0,1490.738412997101,0.0,343.177609050256,0.0,0.0,0.0,0.0,0.0,1261.1306543478647,420.3768847826216,3172.2459521275873,47.583689281913806,29.81476825994202,29.81476825994202,226.62510249702902,754.2152130814485,6854.073117271397,0.0,0.0,0.0,0.0,0.0,4091.433438728245,3347.9888368449815,0.0,6026.379906320967,23.85747965172605,0.0,0.0,0.0,-4.547473508864641e-13,0.0
2025-07-04 16:00:00+00:00,5,66.0,2760.8345873863886,920.7697158214331,1494.562931877725,345.5019396872297,920.7697158214332,491.2104901400649,429.5592256813683,2826.78786103199,0.0,920.7697158214331,0.0,1494.562931877725,25.91841332504964,319.58352636218007,0.0,0.0,25.91841332504964,34.55788443339952,8.63947110834988,1240.3532421836132,413.4510807278711,3148.3672547892093,47.22550882183814,30.150442770804997,29.8912586375545,227.34388828484597,756.7016503512647,169.54740089267125,0.0,0.0,0.0,34.55788443339952,0.0,4116.080562062519,0.0,3347.9888368449815,2497.289804571633,23.861116025672732,0.0,0.0,0.0,-5.684341886080801e-13,0.0
2025-07-04 17:00:00+00:00,5,66.0,2761.2847957782765,921.4889681831827,1494.0137588422176,345.7820687528764,921.4889681831826,490.90001053279417,430.58895765038847,2826.78786103199,0.0,921.4889681831827,0.0,1494.0137588422176,0.0,345.7820687528764,0.0,0.0,0.0,0.0,0.0,1267.271036936059,422.4236789786864,3183.7084747569634,47.75562712135445,29.880275176844354,29.880275176844354,227.50751344375786,757.4473698974874,3518.732165675764,0.0,0.0,0.0,0.0,0.0,4107.848400938395,0.0,0.0,2497.289804571633,23.859595878297085,0.0,0.0,0.0,1.1368683772161603e-13,0.0
2025-07-04 18:00:00+00:00,5,66.0,3000.193083244442,999.8608826380292,1615.106579783457,385.2256208229539,999.8608826380291,526.9145196412513,472.94636299677785,2826.78786103199,0.0,999.8608826380292,0.0,1615.106579783457,0.0,385.2256208229539,0.0,0.0,0.0,0.0,0.0,1385.086503460983,461.69550115366104,3461.888584398101,51.928328765971514,32.30213159566914,32.30213159566914,246.89708480311558,825.1251779140864,2091.417351484469,0.0,0.0,0.0,0.0,0.0,4099.632704136518,0.0,1733.9009096740594,669.5977673689963,23.855376799510047,0.0,0.0,0.0,-2.2737367544323206e-13,0.0
2025-07-04 19:00:00+00:00,5,66.0,2979.2868905398427,992.8689905119875,1603.5822456809701,382.83565434688654,992.8689905119875,523.0100076251313,469.8589828868562,2826.78786103199,0.0,992.8689905119875,0.0,1603.5822456809701,0.0,382.83565434688654,0.0,0.0,0.0,0.0,0.0,1375.704644858874,458.568214952958,3437.855105492802,51.56782658239203,32.0716449136194,32.0716449136194,245.16191165001962,819.4412430126084,3798.7281335524513,0.0,0.0,0.0,0.0,0.0,4091.433438728246,0.0,0.0,669.5977673689963,23.857735020287357,0.0,0.0,0.0,1.1368683772161603e-13,0.0
2025-07-04 20:00:00+00:00,5,66.0,2756.4462746615827,927.1949796325264,1502.3213402472877,326.9299547817713,927.1949796325264,505.8099542763346,421.3850253561918,2826.78786103199,0.0,927.1949796325264,0.0,1502.3213402472877,0.0,326.9299547817713,0.0,0.0,0.0,0.0,0.0,1254.1249344142977,418.0416448047659,3174.4879194663513,47.61731879199527,30.046426804945753,30.046426804945753,228.74080370484356,754.4926209114963,3510.938895573079,0.0,0.0,0.0,0.0,0.0,4083.2505718507905,0.0,0.0,669.5977673689963,23.85717958496415,0.0,0.0,0.0,2.2737367544323206e-13,0.0
2025-07-04 21:00:00+00:00,5,66.0,2678.48131628407,901.33781993715,1468.0529546345647,309.09054171235806,901.33781993715,495.5561047841133,405.7817151530367,2826.78786103199,0.0,901.33781993715,0.0,1468.0529546345647,0.0,309.09054171235806,0.0,0.0,0.0,0.0,0.0,1210.4283616495081,403.476120549836,3081.957436833909,46.229361552508635,29.361059092691296,29.361059092691296,222.25008471910468,730.6776850068319,3409.1590012909023,0.0,0.0,0.0,0.0,0.0,4075.0840707070897,0.0,0.0,669.5977673689963,23.85613473426479,0.0,0.0,0.0,3.410605131648481e-13,0.0
2025-07-04 22:00:00+00:00,5,66.0,2653.3286196868225,892.0797395754146,1457.316313669612,303.93256644179553,892.0797395754146,491.9118587317024,400.1678808437122,2826.78786103199,0.0,892.0797395754146,0.0,1457.316313669612,0.0,303.93256644179553,0.0,0.0,0.0,0.0,0.0,1196.01230601721,398.6707686724033,3051.999388359225,45.779990825388374,29.146326273392244,29.146326273392244,219.96230679037726,722.7057188349534,3376.0343385217757,0.0,0.0,0.0,0.0,0.0,4066.933902565676,0.0,0.0,669.5977673689963,23.85454442521929,0.0,0.0,0.0,-2.2737367544323206e-13,0.0
2025-07-04 23:00:00+00:00,5,66.0,2639.941990440102,887.4405264791536,1451.1316432416272,301.3698207193203,887.4405264791536,488.1382837427466,399.30224273640704,2826.78786103199,0.0,887.4405264791536,0.0,1451.1316432416272,0.0,301.3698207193203,0.0,0.0,0.0,0.0,0.0,1188.810347198474,396.27011573282465,3036.212106172926,45.54318159259388,29.022632864832545,29.022632864832545,218.72461503533304,718.5831780904166,3358.5251685305193,0.0,0.0,0.0,0.0,0.0,4058.800034760545,0.0,0.0,669.5977673689963,23.85257779468759,0.0,0.0,0.0,6.821210263296962e-13,0.0
2025-09-25 00:00:00+00:00,6,31.0,2901.6103379852475,986.3355602579738,1606.0618953653402,309.2128823619359,986.3355602579738,553.8452027417385,432.4903575162353,2826.78786103199,0.0,986.3355602579738,0.0,1606.0618953653402,0.0,309.2128823619359,0.0,0.0,0.0,0.0,0.0,1295.5484426199098,431.84948087330326,3333.4598188585533,50.001897282878296,32.121237907306806,32.121237907306806,242.66922888571972,788.7630828565149,3690.373420841762,0.0,0.0,0.0,0.0,0.0,4091.433438728246,0.0,0.0,2850.1988147465668,23.785772763096357,0.0,0.0,0.0,-5.684341886080801e-13,0.0
2025-09-25 01:00:00+00:00,6,31.0,2813.053221362433,957.0050074678845,1556.9776429132405,299.070570981309,957.0050074678845,537.343278617449,419.66172885043557,2826.78786103199,0.0,957.0050074678845,0.0,1556.9776429132405,0.0,299.070570981309,0.0,0.0,0.0,0.0,0.0,1256.0755784491935,418.6918594830645,3231.7450808454987,48.47617621268248,31.13955285826481,31.13955285826481,235.41004677150832,764.857188183785,3577.9104095462176,0.0,0.0,0.0,0.0,0.0,4083.2505718507905,0.0,0.0,2850.1988147465668,23.79453467388845,0.0,0.0,0.0,-2.2737367544323206e-13,0.0
2025-09-25 02:00:00+00:00,6,31.0,2778.8391508903856,946.9341619909671,1539.4808186631985,292.4241702362178,946.934161990967,533.4122501269039,413.5219118640631,2826.78786103199,0.0,946.9341619909671,0.0,1539.4808186631985,0.0,292.4241702362178,0.0,0.0,0.0,0.0,0.0,1239.358332227185,413.1194440757283,3191.958594966112,47.879378924491675,30.78961637326397,30.78961637326397,232.91582479810194,755.4938805448498,6882.321868280216,0.0,0.0,0.0,0.0,0.0,4075.0840707070897,3347.9888368449806,0.0,6026.379906320966,23.792214483629174,0.0,0.0,0.0,-4.547473508864641e-13,0.0
2025-09-25 03:00:00+00:00,6,31.0,2801.830507389542,955.4372623702329,1553.2630810533833,293.13016396592525,955.4372623702329,538.8153102021768,416.6219521680562,2826.78786103199,0.0,955.4372623702329,0.0,1553.2630810533833,0.0,293.13016396592525,0.0,0.0,0.0,0.0,0.0,1248.5674263361582,416.1891421120527,3218.0196495015944,48.270294742523916,31.065261621067666,31.065261621067666,234.9904051207246,761.5803652174366,3563.410872606978,0.0,0.0,0.0,0.0,0.0,4066.9339025656755,0.0,0.0,6026.379906320966,23.787707420540197,0.0,0.0,0.0,-6.821210263296962e-13,0.0
2025-09-25 04:00:00+00:00,6,31.0,2797.6655864432987,951.9593507093839,1552.7913206029511,292.9149151309631,951.9593507093839,535.2718785532498,416.6874721561341,2826.78786103199,0.0,951.9593507093839,0.0,1552.7913206029511,0.0,292.9149151309631,0.0,0.0,0.0,0.0,0.0,1244.874265840347,414.95808861344904,3212.6236750567473,48.18935512585121,31.055826412059023,31.055826412059023,234.12131968817468,759.380416251593,3557.0460026948917,0.0,0.0,0.0,0.0,0.0,4058.800034760545,0.0,0.0,6026.379906320966,23.79938720919179,0.0,0.0,0.0,0.0,0.0
2025-09-25 05:00:00+00:00,6,31.0,2851.1160942723395,971.0055023053926,1581.5847375908154,298.5258543761318,971.0055023053926,544.9254061586781,426.0800961467145,2826.78786103199,0.0,971.0055023053926,0.0,1581.5847375908154,0.0,298.5258543761318,0.0,0.0,0.0,0.0,0.0,1269.5313566815244,423.17711889384145,3274.293213166181,49.11439819749271,31.63169475181631,31.63169475181631,238.77441416163646,774.3293207566032,3625.4454150289425,0.0,0.0,0.0,0.0,0.0,4050.682434691023,0.0,0.0,6026.379906320966,23.795815643514054,0.0,0.0,0.0,-2.2737367544323206e-13,0.0
2025-09-25 06:00:00+00:00,6,31.0,2897.596325228168,985.1121505231372,1607.1764992769429,305.307675428087,985.1121505231372,551.7937307654748,433.31841975766235,2826.78786103199,0.0,985.1121505231372,0.0,1607.1764992769429,0.0,305.307675428087,0.0,0.0,0.0,0.0,0.0,1290.419825951224,430.1399419837414,3327.7362672119084,49.91604400817862,32.143529985538855,32.143529985538855,242.26719400732767,786.6102399703254,3684.206565198493,0.0,0.0,0.0,0.0,0.0,4042.581069821642,0.0,0.0,6026.379906320966,23.799449007451273,0.0,0.0,0.0,-4.547473508864641e-13,0.0
2025-09-25 07:00:00+00:00,6,31.0,2939.804260036653,998.3405648709382,1628.833855104977,312.6298400607371,998.3405648709384,556.0672488088119,442.2733160621264,2826.78786103199,0.0,998.3405648709382,0.0,1628.833855104977,0.0,312.6298400607371,0.0,0.0,0.0,0.0,0.0,1310.9704049316754,436.9901349772251,3376.7943950138774,50.65191592520816,32.57667710209954,32.57667710209954,245.49225617596068,798.287661282593,3738.0919213192446,0.0,0.0,0.0,0.0,0.0,4034.495907681999,0.0,0.0,6026.379906320966,23.800474628221917,0.0,0.0,0.0,-1.3642420526593924e-12,0.0
2025-09-25 08:00:00+00:00,6,31.0,2945.080060947703,995.9758907345337,1632.7473058607945,316.35686435237665,995.9758907345338,553.8507537666651,442.1251369678686,2826.78786103199,0.0,995.9758907345337,0.0,1632.7473058607945,0.0,316.35686435237665,0.0,0.0,0.0,0.0,0.0,1312.3327550869103,437.44425169563675,3382.5243126433415,50.737864689650124,32.65494611721589,32.65494611721589,245.01466540203702,798.5066740217557,3743.586734969458,0.0,0.0,0.0,0.0,0.0,4026.4269158666357,0.0,0.0,6026.379906320966,23.80440133816087,0.0,0.0,0.0,-3.410605131648481e-13,0.0
2025-09-25 09:00:00+00:00,6,31.0,2930.317398884138,992.3044462434984,1622.5469453903822,315.46600725025803,992.3044462434984,551.2730683272416,441.0313779162568,2826.78786103199,0.0,992.3044462434984,0.0,1622.5469453903822,0.0,315.46600725025803,0.0,0.0,0.0,0.0,0.0,1307.7704534937566,435.9234844979189,3366.2408833820577,50.49361325073087,32.45093890780765,32.45093890780765,244.10408073242647,795.4230562966915,3725.740455180829,0.0,0.0,0.0,0.0,0.0,4018.3740620349035,0.0,0.0,6026.379906320967,23.796229648638224,0.0,0.0,0.0,-5.684341886080801e-13,0.0
2025-09-25 10:00:00+00:00,6,31.0,2948.936314313021,998.2055119079611,1629.6661272689269,321.0646751361337,998.2055119079612,552.4521180637503,445.75339384421085,2826.78786103199,0.0,998.2055119079611,0.0,1629.6661272689269,83.48151169869834,237.58316343743536,0.0,0.0,83.48151169869834,111.30868226493112,27.82717056623278,1235.7886753453963,411.92955844846546,3277.3843610627887,49.16076541594183,33.42813766236552,32.59332254537854,245.54816612886512,800.4871207672493,2015.5225254062102,0.0,0.0,0.0,111.30868226493112,0.0,4116.080562062519,0.0,1733.90090967406,4198.68786911833,23.801545127434014,0.0,0.0,0.0,-2.2737367544323206e-13,0.0
2025-09-25 11:00:00+00:00,6,31.0,2984.0348840763613,1011.2056573330583,1650.0096186268195,322.81960811648275,1011.2056573330583,560.9547515624888,450.2509057705695,2826.78786103199,0.0,1011.2056573330583,0.0,1650.0096186268195,6.4990745716772835,316.32053354480547,0.0,0.0,6.4990745716772835,8.665432762236378,2.1663581905590945,1327.5261908778639,442.5087302926213,3420.0445397973044,51.30066809695956,33.06518311825316,33.00019237253639,248.737729838207,810.7788619091365,446.82490914051596,0.0,0.0,0.0,8.665432762236378,0.0,4116.080562062519,0.0,3347.9888368449815,669.5977673689963,23.7926958808353,0.0,0.0,0.0,-3.410605131648481e-13,0.0
2025-09-25 12:00:00+00:00,6,31.0,2952.3289487971765,1000.3442052136799,1633.6684272246869,318.3163163588081,1000.3442052136799,557.7104623834181,442.6337428302618,2826.78786103199,0.0,1000.3442052136799,0.0,1633.6684272246869,6.4990745716772835,311.8172417871308,0.0,0.0,6.4990745716772835,8.665432762236378,2.1663581905590945,1312.1614470008108,437.38714900027026,3383.2170232257677,50.748255348386515,32.73835929021051,32.67336854449374,246.09707862672525,801.8105690006455,3754.139517797822,0.0,0.0,0.0,8.665432762236378,0.0,4116.080562062519,0.0,0.0,669.5977673689963,23.789067446113496,0.0,0.0,0.0,0.0,0.0
2025-09-25 13:00:00+00:00,6,31.0,2912.9973999582544,988.5005189308349,1612.0637334327232,312.4331475946979,988.5005189308349,551.0475672655706,437.4529516652644,2826.78786103199,0.0,988.5005189308349,0.0,1612.0637334327232,0.0,312.4331475946979,0.0,0.0,0.0,0.0,0.0,1300.9336665255328,433.6445555085109,3346.641955466767,50.1996293320015,32.24127466865446,32.24127466865446,243.11148534069594,791.4382195185173,3704.435619476772,0.0,0.0,0.0,0.0,0.0,4107.848400938395,0.0,0.0,669.5977673689963,23.78865604322001,0.0,0.0,0.0,3.410605131648481e-13,0.0
2025-09-25 14:00:00+00:00,6,31.0,2897.536658208427,984.4779068264113,1601.6110546598943,311.44769672212186,984.4779068264113,547.6745055803372,436.80340124607415,2826.78786103199,0.0,984.4779068264113,0.0,1601.6110546598943,0.0,311.44769672212186,0.0,0.0,0.0,0.0,0.0,1295.9256035485332,431.9752011828444,3329.511859391272,49.94267789086908,32.03222109319789,32.03222109319789,242.1105485135626,788.092869773672,5984.184853936053,0.0,0.0,0.0,0.0,0.0,4099.632704136518,2298.555325953954,0.0,2850.1988147465668,23.780197226393184,0.0,0.0,0.0,0.0,0.0
2025-09-25 15:00:00+00:00,6,31.0,2901.2151153021136,985.9041770052439,1604.8495306989028,310.46140759796737,985.9041770052439,548.2153692238165,437.6888077814274,2826.78786103199,0.0,985.9041770052439,0.0,1604.8495306989028,0.0,310.46140759796737,0.0,0.0,0.0,0.0,0.0,1296.3655846032113,432.12186153440376,3333.336976836518,50.00005465254777,32.09699061397806,32.09699061397806,242.4049309138392,788.7208283287468,7037.924780475841,0.0,0.0,0.0,0.0,0.0,4091.433438728245,3347.9888368449806,0.0,6026.379906320966,23.78892085056699,0.0,0.0,0.0,-9.094947017729282e-13,0.0
2025-09-25 16:00:00+00:00,6,31.0,2901.737994427714,985.6178440810215,1605.8457089399221,310.27444140677056,985.6178440810215,548.9218963835536,436.6959476974679,2826.78786103199,0.0,985.6178440810215,0.0,1605.8457089399221,0.0,310.27444140677056,0.0,0.0,0.0,0.0,0.0,1295.8922854877922,431.9640951625974,3333.7020895903115,50.00553134385467,32.116914178798446,32.116914178798446,242.36793169291508,788.571386556964,3690.3093809846787,0.0,0.0,0.0,0.0,0.0,4083.2505718507896,0.0,0.0,6026.379906320966,23.78714900205802,0.0,0.0,0.0,6.821210263296962e-13,0.0
2025-09-25 17:00:00+00:00,6,31.0,2922.2616041557385,991.8948585053888,1616.5056026253496,313.86114302500107,991.8948585053888,552.8092943182806,439.0855641871081,2826.78786103199,0.0,991.8948585053888,0.0,1616.5056026253496,32.36565107007664,281.49549195492443,0.0,0.0,32.36565107007664,43.15420142676885,10.788550356692213,1273.3903504603131,424.4634501534377,3314.3594032391,49.715391048586504,32.653768563207755,32.33011205250699,243.9752914665529,793.926563640984,3716.188167796723,0.0,0.0,0.0,43.15420142676885,0.0,4116.080562062519,0.0,0.0,6026.379906320966,23.78400129068135,0.0,0.0,0.0,5.684341886080801e-13,0.0
2025-09-25 18:00:00+00:00,6,31.0,2984.318557264252,1013.0871647575983,1647.5897632366564,323.64162926999825,1013.0871647575982,563.0609825660192,450.02618219157904,2826.78786103199,0.0,1013.0871647575983,0.0,1647.5897632366564,6.4990745716772835,317.14255469832096,0.0,0.0,6.4990745716772835,8.665432762236378,2.1663581905590945,1330.2297194559192,443.4099064853064,3421.229389177882,51.31844083766823,33.0167860104499,32.95179526473313,249.21084358622832,812.0741303749451,3796.392687639196,0.0,0.0,0.0,8.665432762236378,0.0,4116.080562062519,0.0,0.0,6026.379906320967,23.782393766145706,0.0,0.0,0.0,-9.094947017729282e-13,0.0
2025-09-25 19:00:00+00:00,6,31.0,3005.1735252236713,1019.4890196459908,1658.1177632507483,327.5667423269314,1019.4890196459908,566.2631335322577,453.22588611373305,2826.78786103199,0.0,1019.4890196459908,0.0,1658.1177632507483,6.4990745716772835,321.0676677552541,0.0,0.0,6.4990745716772835,8.665432762236378,2.1663581905590945,1340.5566874012447,446.85222913374827,3445.526679785741,51.682900196786115,33.227346010731736,33.162355265014966,250.82416148501588,817.9153502818561,2089.1879658314665,0.0,0.0,0.0,8.665432762236378,0.0,4116.080562062519,0.0,1733.90090967406,4198.68786911833,23.78518113735388,0.0,0.0,0.0,-7.958078640513122e-13,0.0
2025-09-25 20:00:00+00:00,6,31.0,3020.229052487607,1025.9985283967787,1664.9348605835908,329.29566350723724,1025.9985283967787,569.4057333553633,456.5927950414155,2826.78786103199,0.0,1025.9985283967787,0.0,1664.9348605835908,6.4990745716772835,322.79658893555995,0.0,0.0,6.4990745716772835,8.665432762236378,2.1663581905590945,1348.7951173323386,449.59837244411284,3463.3283503600424,51.949925255400636,33.363687957388585,33.298697211671815,252.38582400183594,822.7628650609688,495.0030807035946,0.0,0.0,0.0,8.665432762236378,0.0,4116.080562062519,0.0,3347.9888368449815,669.5977673689963,23.778497493865665,0.0,0.0,0.0,2.2737367544323206e-13,0.0
2025-09-25 21:00:00+00:00,6,31.0,2950.7057417030483,1002.535835905193,1626.6149577613394,321.55494803651607,1002.535835905193,557.176541917205,445.35929398798805,2826.78786103199,0.0,1002.535835905193,0.0,1626.6149577613394,6.4990745716772835,315.0558734648388,0.0,0.0,6.4990745716772835,8.665432762236378,2.1663581905590945,1317.5917093700318,439.1972364566773,3383.4039035880487,50.75105855382073,32.59728990094356,32.53229915522679,246.62932040745827,803.8735626646858,3754.5793043677336,0.0,0.0,0.0,8.665432762236378,0.0,4116.080562062519,0.0,0.0,669.5977673689963,23.78121808718977,0.0,0.0,0.0,-4.547473508864641e-13,0.0
2025-09-25 22:00:00+00:00,6,31.0,3008.2873212151394,1021.9785425397897,1657.512784951663,328.79599372368415,1021.9785425397896,566.7276760171451,455.2508665226445,2826.78786103199,0.0,1021.9785425397897,0.0,1657.512784951663,0.0,328.79599372368415,0.0,0.0,0.0,0.0,0.0,1350.774536263474,450.2581787544913,3458.5454999696285,51.87818249954442,33.15025569903326,33.15025569903326,251.3969006625281,819.8337733146303,3828.1210945297694,0.0,0.0,0.0,0.0,0.0,4107.848400938395,0.0,0.0,669.5977673689963,23.781344306323984,0.0,0.0,0.0,-3.410605131648481e-13,0.0
2025-09-25 23:00:00+00:00,6,31.0,3018.9215469377955,1024.5189124065582,1665.2527646521257,329.1498698791112,1024.5189124065582,568.7679758526772,455.75093655388105,2826.78786103199,0.0,1024.5189124065582,0.0,1665.2527646521257,0.0,329.1498698791112,0.0,0.0,0.0,0.0,0.0,1353.6687822856693,451.22292742855643,3470.1444743663515,52.05216711549527,33.305055293042514,33.305055293042514,252.0539461615513,821.939151291688,6139.416024183438,0.0,0.0,0.0,0.0,0.0,4099.632704136518,2298.555325953954,0.0,2850.1988147465668,23.780756756214377,0.0,0.0,0.0,9.094947017729282e-13,0.0
2025-10-25 00:00:00+00:00,7,36.0,2528.7797424181535,862.3937418851364,1403.4559001045068,262.93010042850835,862.3937418851364,489.69955684566423,372.69418503947213,2826.78786103199,0.0,862.3937418851364,0.0,1403.4559001045068,0.0,262.93010042850835,0.0,0.0,0.0,0.0,0.0,1125.3238423136447,375.1079474378816,2903.887689856033,43.55831534784049,28.069118002090136,28.069118002090136,212.13552206970812,686.9400208596105,3215.719763277763,0.0,0.0,0.0,0.0,0.0,0.0,0.0,0.0,669.5977673689963,23.79493883086436,0.0,0.0,0.0,-1.1368683772161603e-12,0.0
2025-10-25 01:00:00+00:00,7,36.0,2517.520352218336,859.4777502969603,1397.228651793768,260.81395012760913,859.4777502969603,488.14607413216925,371.331676164791,2826.78786103199,0.0,859.4777502969603,0.0,1397.228651793768,0.0,260.81395012760913,0.0,0.0,0.0,0.0,0.0,1120.2917004245694,373.4305668081898,2890.950919026527,43.3642637853979,27.94457303587536,27.94457303587536,211.38022210260974,684.0641987679481,3201.5845509862834,0.0,0.0,0.0,0.0,0.0,0.0,0.0,0.0,669.5977673689963,23.79112870052626,0.0,0.0,0.0,-7.958078640513122e-13,0.0
2025-10-25 02:00:00+00:00,7,36.0,2536.9740567440685,865.8537891206216,1408.5496900678838,262.5705775555634,865.8537891206216,491.4418415513162,374.4119475693054,2826.78786103199,0.0,865.8537891206216,0.0,1408.5496900678838,0.0,262.5705775555634,0.0,0.0,0.0,0.0,0.0,1128.424366676185,376.1414555587283,2913.115512302797,43.696732684541956,28.170993801357678,28.170993801357678,212.9012183296894,689.081394175675,3226.055450919744,0.0,0.0,0.0,0.0,0.0,0.0,0.0,0.0,669.5977673689963,23.791668472174102,0.0,0.0,0.0,5.684341886080801e-13,0.0
2025-10-25 03:00:00+00:00,7,36.0,2490.5298133950173,848.729452167305,1384.2148830705971,257.5854781571138,848.729452167305,482.7408721929666,365.9885799743384,2826.78786103199,0.0,848.729452167305,0.0,1384.2148830705971,0.0,257.5854781571138,0.0,0.0,0.0,0.0,0.0,1106.3149303244188,368.7716434414729,2859.301456836489,42.88952185254733,27.684297661411943,27.684297661411943,208.74903457104034,675.7787951878845,3166.308608582902,0.0,0.0,0.0,0.0,0.0,0.0,0.0,0.0,669.5977673689963,23.801896775553093,0.0,0.0,0.0,0.0,0.0
2025-10-25 04:00:00+00:00,7,36.0,2491.2758855604698,849.2956278467894,1384.4635691434837,257.51668857019797,849.2956278467893,483.15435345092243,366.14127439586696,2826.78786103199,0.0,849.2956278467894,0.0,1384.4635691434837,0.0,257.51668857019797,0.0,0.0,0.0,0.0,0.0,1106.8123164169874,368.93743880566245,2860.2133243661337,42.903199865492006,27.689271382869673,27.689271382869673,208.8809268122513,676.100108249145,3167.375993809615,0.0,0.0,0.0,0.0,0.0,0.0,0.0,0.0,669.5977673689963,23.7996154731506,0.0,0.0,0.0,2.2737367544323206e-13,0.0
2025-10-25 05:00:00+00:00,7,36.0,2514.2272191741786,857.0257137935677,1397.3508417805233,259.85066360008733,857.0257137935677,487.62438577081514,369.4013280227525,2826.78786103199,0.0,857.0257137935677,0.0,1397.3508417805233,0.0,259.85066360008733,0.0,0.0,0.0,0.0,0.0,1116.876377393655,372.29212579788503,2886.5193449720637,43.29779017458095,27.947016835610466,27.947016835610466,210.77900660058626,682.2629562442731,3196.490175418452,0.0,0.0,0.0,0.0,0.0,0.0,0.0,0.0,669.5977673689963,23.796388342748113,0.0,0.0,0.0,3.410605131648481e-13,0.0
2025-10-25 06:00:00+00:00,7,36.0,2544.3729493899773,866.8170737988388,1412.2303744184105,265.3255011727287,866.8170737988388,492.310068986242,374.5070048125968,2826.78786103199,0.0,866.8170737988388,0.0,1412.2303744184105,0.0,265.3255011727287,0.0,0.0,0.0,0.0,0.0,1132.1425749715675,377.3808583238558,2921.753807713834,43.82630711570751,28.24460748836821,28.24460748836821,213.22796408508643,690.9243445013861,3235.297293891364,0.0,0.0,0.0,0.0,0.0,0.0,0.0,0.0,669.5977673689963,23.79455354710824,0.0,0.0,0.0,5.684341886080801e-13,0.0
2025-10-25 07:00:00+00:00,7,36.0,2526.457168777455,860.1397188138837,1402.1769266460783,264.1405233174938,860.1397188138837,487.89335469735335,372.24636411653034,2826.78786103199,0.0,860.1397188138837,0.0,1402.1769266460783,0.0,264.1405233174938,0.0,0.0,0.0,0.0,0.0,1124.2802421313775,374.76008071045914,2901.217249487915,43.51825874231872,28.043538532921566,28.043538532921566,211.5684624954524,685.9338790140733,3212.3910477915283,0.0,0.0,0.0,0.0,0.0,0.0,0.0,0.0,669.5977673689963,23.797409979012503,0.0,0.0,0.0,-1.1368683772161603e-13,0.0
2025-10-25 08:00:00+00:00,7,36.0,2488.024131698533,846.5315162987547,1381.6692932063563,259.82332219342265,846.5315162987547,480.3763226929675,366.1551936057872,2826.78786103199,0.0,846.5315162987547,0.0,1381.6692932063563,0.0,259.82332219342265,0.0,0.0,0.0,0.0,0.0,1106.3548384921774,368.78494616405914,2856.809077862593,42.852136167938895,27.633385864127128,27.633385864127128,208.21378237866892,675.1176364389213,3163.141768137453,0.0,0.0,0.0,0.0,0.0,0.0,0.0,0.0,669.5977673689963,23.80183458087775,0.0,0.0,0.0,-1.4779288903810084e-12,0.0
2025-10-25 09:00:00+00:00,7,36.0,2511.5316420559743,854.072156265175,1394.894838176836,262.56464761396245,854.072156265175,484.2225252652859,369.8496309998891,2826.78786103199,0.0,854.072156265175,0.0,1394.894838176836,0.0,262.56464761396245,0.0,0.0,0.0,0.0,0.0,1116.6368038791375,372.2122679597125,2883.743910015686,43.25615865023529,27.89789676353672,27.89789676353672,210.06096806028629,681.3251881973075,3192.856830253281,0.0,0.0,0.0,0.0,0.0,0.0,0.0,0.0,669.5977673689963,23.8002427214983,0.0,0.0,0.0,-1.0231815394945443e-12,0.0
2025-10-25 10:00:00+00:00,7,36.0,2528.253386990863,860.6149063450576,1404.4021973000933,263.23628334571094,860.6149063450575,488.0146115196064,372.6002948254512,2826.78786103199,0.0,860.6149063450576,0.0,1404.4021973000933,0.0,263.23628334571094,0.0,0.0,0.0,0.0,0.0,1123.8511896907685,374.6170632302562,2902.870450221118,43.54305675331677,28.088043946001868,28.088043946001868,211.6394033598628,685.9756112354394,3214.2289982263023,0.0,0.0,0.0,0.0,0.0,0.0,0.0,0.0,669.5977673689963,23.79819617301665,0.0,0.0,0.0,0.0,0.0
2025-10-25 11:00:00+00:00,7,36.0,2512.5000461809145,854.0725690048997,1397.1228946324652,261.3045825435503,854.0725690048997,484.6971888539823,369.3753801509174,2826.78786103199,0.0,854.0725690048997,0.0,1397.1228946324652,0.0,261.3045825435503,0.0,0.0,0.0,0.0,0.0,1115.37715154845,371.7923838494833,2884.2924300303985,43.26438645045597,27.942457892649305,27.942457892649305,210.0445363383129,680.9862224235508,3193.4862686044653,0.0,0.0,0.0,0.0,0.0,0.0,0.0,0.0,669.5977673689963,23.80583116192694,0.0,0.0,0.0,0.0,0.0
2025-10-25 12:00:00+00:00,7,36.0,2404.621778597998,819.3514595793769,1337.1941973177118,248.07612170090877,819.3514595793769,466.33524750398414,353.01621207539273,2826.78786103199,0.0,819.3514595793769,0.0,1337.1941973177118,0.0,248.07612170090877,0.0,0.0,0.0,0.0,0.0,1067.4275812802857,355.80919376009524,2760.4309723580927,41.40646458537139,26.743883946354234,26.743883946354234,201.49535187136732,652.1987781095424,3056.8205567075406,0.0,0.0,0.0,0.0,0.0,0.0,0.0,0.0,669.5977673689963,23.80748132640042,0.0,0.0,0.0,2.2737367544323206e-13,0.0
2025-10-25 13:00:00+00:00,7,36.0,2420.1149006663345,825.0496654999557,1344.4358344258467,250.6294007405319,825.0496654999556,469.2736649898987,355.776000510057,2826.78786103199,0.0,825.0496654999557,0.0,1344.4358344258467,0.0,250.6294007405319,0.0,0.0,0.0,0.0,0.0,1075.6790662404876,358.5596887468292,2778.6745894131636,41.680118841197455,26.888716688516933,26.888716688516933,202.89824651052592,656.9154874755864,3077.0303881419213,0.0,0.0,0.0,0.0,0.0,0.0,0.0,0.0,669.5977673689963,23.801105974315348,0.0,0.0,0.0,4.547473508864641e-13,0.0
2025-10-25 14:00:00+00:00,7,36.0,2432.1762087706884,828.7891557416763,1350.5909848026806,252.79606822633156,828.7891557416763,471.12430831774503,357.66484742393123,2826.78786103199,0.0,828.7891557416763,0.0,1350.5909848026806,0.0,252.79606822633156,0.0,0.0,0.0,0.0,0.0,1081.5852239680078,360.5284079893359,2792.7046167600242,41.890569251400365,27.011819696053614,27.011819696053614,203.83827000623364,660.2808866390772,3092.4570954097653,0.0,0.0,0.0,0.0,0.0,0.0,0.0,0.0,669.5977673689963,23.801201920584543,0.0,0.0,0.0,-2.2737367544323206e-13,0.0
2025-10-25 15:00:00+00:00,7,36.0,2433.220030783311,829.4483305156659,1351.3714670355214,252.40023323212424,829.4483305156659,471.8217840440036,357.62654647166227,2826.78786103199,0.0,829.4483305156659,0.0,1351.3714670355214,0.0,252.40023323212424,0.0,0.0,0.0,0.0,0.0,1081.8485637477902,360.6161879159301,2793.8362186992417,41.907543280488625,27.027429340710427,27.027429340710427,203.9970212777203,660.57561115556,3093.7956419388706,0.0,0.0,0.0,0.0,0.0,0.0,0.0,0.0,669.5977673689963,23.80011607373154,0.0,0.0,0.0,-2.2737367544323206e-13,0.0
2025-10-25 16:00:00+00:00,7,36.0,2473.2096265882515,843.3446277686677,1373.7444529589816,256.1205458606035,843.3446277686676,479.80636581033974,363.5382619583279,2826.78786103199,0.0,843.3446277686677,0.0,1373.7444529589816,0.0,256.1205458606035,0.0,0.0,0.0,0.0,0.0,1099.4651736292712,366.4883912097571,2839.69801779801,42.595470266970146,27.47488905917963,27.47488905917963,207.39900158009075,671.4326411751773,3144.6422677634287,0.0,0.0,0.0,0.0,0.0,0.0,0.0,0.0,669.5977673689963,23.798721086765834,0.0,0.0,0.0,-1.1368683772161603e-13,0.0
2025-10-25 17:00:00+00:00,7,36.0,2468.5778610092766,842.8095434455224,1370.096038601665,255.6722789620901,842.8095434455224,479.08530378318613,363.72423966233634,2826.78786103199,0.0,842.8095434455224,0.0,1370.096038601665,0.0,255.6722789620901,0.0,0.0,0.0,0.0,0.0,1098.4818224076125,366.1606074692042,2834.738468478482,42.52107702717723,27.4019207720333,27.4019207720333,207.2390942715329,670.724620311981,3139.302481321258,0.0,0.0,0.0,0.0,0.0,0.0,0.0,0.0,669.5977673689963,23.793877830143483,0.0,0.0,0.0,2.2737367544323206e-13,0.0
2025-10-25 18:00:00+00:00,7,36.0,2443.485067689006,833.7419749046143,1356.6258501723983,253.1172426119939,833.7419749046143,473.624824586669,360.1171503179453,2826.78786103199,0.0,833.7419749046143,0.0,1356.6258501723983,0.0,253.1172426119939,0.0,0.0,0.0,0.0,0.0,1086.8592175166082,362.28640583886937,2805.771473527876,42.08657210291814,27.132517003447965,27.132517003447965,205.0079842255089,663.6459961741923,3107.1310638631985,0.0,0.0,0.0,0.0,0.0,0.0,0.0,0.0,669.5977673689963,23.8023179495305,0.0,0.0,0.0,2.2737367544323206e-13,0.0
2025-10-25 19:00:00+00:00,7,36.0,2479.0774094315857,845.7148259846206,1378.6204834679882,254.74209997897887,845.7148259846206,481.1238793982648,364.59094658635576,2826.78786103199,0.0,845.7148259846206,0.0,1378.6204834679882,0.0,254.74209997897887,0.0,0.0,0.0,0.0,0.0,1100.4569259635994,366.8189753211998,2845.8963847527875,42.68844577129181,27.572409669359764,27.572409669359764,207.91408370931762,672.5663241405288,3151.643733572115,0.0,0.0,0.0,0.0,0.0,0.0,0.0,0.0,669.5977673689963,23.799375086172756,0.0,0.0,0.0,3.410605131648481e-13,0.0
2025-10-25 20:00:00+00:00,7,36.0,2499.227206624947,854.2746359345916,1386.8748875973638,258.0776830929922,854.2746359345915,484.8957155864521,369.37892034813945,2826.78786103199,0.0,854.2746359345916,0.0,1386.8748875973638,0.0,258.0776830929922,0.0,0.0,0.0,0.0,0.0,1112.3523190275837,370.7841063425279,2870.0113129674755,43.05016969451213,27.737497751947277,27.737497751947277,210.00004993164646,679.309321472581,3178.5365280975275,0.0,0.0,0.0,0.0,0.0,0.0,0.0,0.0,669.5977673689963,23.789357373060355,0.0,0.0,0.0,-5.684341886080801e-13,0.0
2025-10-25 21:00:00+00:00,7,36.0,2539.409197134827,867.618612020123,1409.444438745957,262.3461463687477,867.618612020123,492.60767073711673,375.0109412830062,2826.78786103199,0.0,867.618612020123,0.0,1409.444438745957,0.0,262.3461463687477,0.0,0.0,0.0,0.0,0.0,1129.9647583888707,376.6549194629569,2916.064116597785,43.740961748966775,28.188888774919143,28.188888774919143,213.30285772904782,690.0765164908097,3229.4857136256364,0.0,0.0,0.0,0.0,0.0,0.0,0.0,0.0,669.5977673689963,23.79195897009054,0.0,0.0,0.0,-3.410605131648481e-13,0.0
2025-10-25 22:00:00+00:00,7,36.0,2719.374850323636,929.9423300073369,1506.8456834980548,282.586836818243,929.942330007337,526.4295450642487,403.5127849430882,2826.78786103199,0.0,929.9423300073369,0.0,1506.8456834980548,0.0,282.586836818243,0.0,0.0,0.0,0.0,0.0,1212.52916682558,404.17638894186,3123.5512392654946,46.85326858898242,30.136913669961096,30.136913669961096,228.5988689570508,739.9023538278154,3459.277204151451,0.0,0.0,0.0,0.0,0.0,0.0,0.0,0.0,669.5977673689963,23.769905163992608,0.0,0.0,0.0,-6.821210263296962e-13,0.0
2025-10-25 23:00:00+00:00,7,36.0,2665.5769577284495,910.6473522783702,1476.0593237097694,278.8702817403079,910.6473522783702,515.1494653011885,395.4978869771818,2826.78786103199,0.0,910.6473522783702,0.0,1476.0593237097694,0.0,278.8702817403079,0.0,0.0,0.0,0.0,0.0,1189.517634018678,396.50587800622606,3062.0828357346736,45.9312425360201,29.52118647419539,29.52118647419539,223.91917612898231,725.3986696196191,3390.9756273480684,0.0,0.0,0.0,0.0,0.0,0.0,0.0,0.0,669.5977673689963,23.774813555824938,0.0,0.0,0.0,-2.2737367544323206e-13,0.0
2025-12-05 00:00:00+00:00,8,47.0,3313.760256430499,1116.9521320973058,1812.3695302212673,384.4385941119253,1116.9521320973058,613.6821452281396,503.26998686916613,2826.78786103199,791.3706228291417,325.58150926816415,1256.6452611395134,555.7242690817538,384.43859411192534,-5.684341886080802e-14,1151.0845422969335,359.7139194677917,1641.0838552514388,2188.1118070019184,547.0279517504796,325.5815092681641,108.5271697560547,989.8329481059727,14.84749422158959,52.65822915693974,11.114485381635077,275.4230395781851,1369.3122893126756,4683.072545743173,2762.5781892270506,2762.57818922705,4.547473508864641e-13,576.6181600718012,0.0,559.9015227761121,0.0,0.0,669.5977673689963,23.77576035381824,0.0,0.0,0.0,-1.8189894035458565e-12,-2.2737367544323206e-13
2025-12-05 01:00:00+00:00,8,47.0,3255.273607904799,1095.9674774751377,1780.0655456161307,379.2405848135334,1095.9674774751377,602.5784255812788,493.3890518938589,2826.78786103199,777.1539410722713,318.81353640286636,1261.8432704379052,518.2222751782256,379.2405848135334,0.0,1130.4057324687583,353.25179139648696,1641.0838552514385,2188.111807001918,547.0279517504795,318.81353640286636,106.27117880095545,943.3069903820474,14.14960485573071,52.012149464837,10.36444550356451,270.2937876671888,1353.3709094392427,7956.6333541890235,2838.66074077095,2838.66074077095,0.0,479.8567986997266,0.0,1014.6456784953001,3347.9888368449815,0.0,3845.7788589433967,23.78216574651117,0.0,0.0,0.0,4.547473508864641e-13,-2.2737367544323206e-13
2025-12-05 02:00:00+00:00,8,47.0,3269.75182916589,1101.5754723485675,1786.0180589445645,382.1582978727554,1101.5754723485675,604.5673229769366,497.008149371631,2826.78786103199,779.803373816876,321.7720985316914,1258.9255573786832,527.0925015658813,382.1582978727554,0.0,1134.259452824547,354.4560790076709,1641.0838552514385,2188.111807001918,547.0279517504795,321.7720985316914,107.25736617723048,956.1219662748033,14.341829494122049,52.13119973140567,10.541850031317626,271.65645417637,1357.4127303685964,4627.164559534486,2901.5430866598094,2901.54308665981,0.0,420.82817316665523,0.0,1412.403151646632,0.0,0.0,3845.7788589433967,23.78069876971212,0.0,0.0,0.0,0.0,0.0
2025-12-05 03:00:00+00:00,8,47.0,3240.5741984163383,1091.5649364983165,1770.4723625196964,378.53689939832543,1091.5649364983165,599.0972265733508,492.4677099249658,2826.78786103199,772.9835720373027,318.5813644610138,1262.5469558531129,507.9254066665835,378.53689939832543,0.0,1124.3397411451676,351.35616910786484,1641.0838552514383,2188.1118070019174,547.0279517504794,318.5813644610138,106.19378815367126,932.7005592812686,13.990508389219029,51.820285802908316,10.15850813333167,269.1854798726694,1349.732691210144,6888.862215580435,2942.0776846507797,2942.07768465078,0.0,370.3738634963054,0.0,1761.4335156648287,2298.555325953953,0.0,6026.379906320966,23.783303371937592,0.0,0.0,0.0,0.0,2.2737367544323206e-13
2025-12-05 04:00:00+00:00,8,47.0,3244.6578009155373,1092.648681933153,1775.3975210650713,376.6115979173131,1092.648681933153,600.9744014783197,491.6742804548333,2826.78786103199,775.1261976234124,317.52248430974066,1264.472257334126,510.9252637309453,376.611597917313,5.684341886080802e-14,1127.4562874522362,352.3300898288238,1641.083855251439,2188.1118070019184,547.0279517504796,317.5224843097407,105.8408281032469,934.2885761439329,14.014328642158993,51.918788973815815,10.218505274618906,269.44180890966646,1350.7923014828104,4595.450102398348,4426.42226442819,4426.42226442819,0.0,0.0,1110.8541699740354,588.590469713462,0.0,0.0,6026.379906320966,23.78258498363249,0.0,0.0,0.0,-2.2737367544323206e-13,0.0
2025-12-05 05:00:00+00:00,8,47.0,3213.546996667924,1082.290518062205,1755.5400142276437,375.71646437807595,1082.2905180622047,593.9543301852304,488.33618787697435,2826.78786103199,766.5104088347392,315.7801092274657,1265.3673908733626,490.1726233542811,375.71646437807595,0.0,1114.924231032348,348.41382219760874,1641.0838552514385,2188.111807001918,547.0279517504795,315.7801092274657,105.26003640915523,911.2127689909021,13.668191534863531,51.52163883706726,9.803452467085622,266.9210241645914,1342.6161173608514,4556.163114028775,3861.0786623695994,6145.5900633261,0.0,0.0,558.0426243353334,0.0,0.0,0.0,6026.379906320966,23.78409132916559,0.0,0.0,0.0,2.2737367544323206e-13,0.0
2025-12-05 06:00:00+00:00,8,47.0,3231.6086361001035,1088.964760216766,1766.4706845223686,376.17319136096967,1088.964760216766,598.9305473867096,490.0342128300564,2826.78786103199,771.0586745779527,317.90608563881335,1264.9106638904689,501.56002063189976,376.17319136096967,0.0,1121.539890295204,350.48121571725125,1641.0838552514385,2188.111807001918,547.0279517504795,317.90608563881335,105.96869521293779,925.434801483651,13.881522022254764,51.74025224296176,10.031200412637995,268.55801079746345,1347.6888481559868,4579.29748425609,3309.651697297122,5783.5908478806,0.0,0.0,0.0,0.0,0.0,0.0,6026.379906320966,23.78829405200934,0.0,0.0,0.0,-4.547473508864641e-13,0.0
2025-12-05 07:00:00+00:00,8,47.0,3273.6988613332783,1104.2243989169583,1787.6625316806906,381.8119307356285,1104.2243989169583,604.5581983452137,499.6662005717447,2826.78786103199,780.1385482996698,324.08585061728854,1259.27192451581,528.3906071648805,381.8119307356285,0.0,1134.7469793449743,354.6084310453044,1641.0838552514385,2188.111807001918,547.0279517504795,324.08585061728854,108.02861687242951,960.5050746545985,14.407576119818977,52.164089186128194,10.56781214329761,272.21992430407056,1359.0244014215286,4632.723262754807,3322.858786346892,4705.32990859721,0.0,0.0,0.0,0.0,0.0,0.0,6026.379906320966,23.78972300122965,0.0,0.0,0.0,4.547473508864641e-13,0.0
2025-12-05 08:00:00+00:00,8,47.0,3289.965582270757,1108.8020827360863,1797.6024819401493,383.5610175945198,1108.8020827360863,607.7990110831662,501.0030716529201,2826.78786103199,784.4316935865197,324.37038914956656,1257.522837656919,540.0796442832304,383.5610175945198,0.0,1140.9915543076652,356.55986072114536,1641.0838552514388,2188.1118070019184,547.0279517504796,324.37038914956656,108.12346304985552,972.5734964826524,14.588602447239786,52.36288819131738,10.80159288566461,273.40815267439706,1362.8725117200993,4652.838093990857,3329.1033613095833,4249.98488331008,0.0,0.0,0.0,0.0,0.0,0.0,6026.379906320966,23.78935370507824,0.0,0.0,0.0,4.547473508864641e-13,0.0
2025-12-05 09:00:00+00:00,8,47.0,3246.17856726729,1094.0021772974414,1773.7968342840416,378.37955568580435,1094.0021772974414,599.9200253784702,494.08215191897136,2826.78786103199,774.2648264658266,319.7373508316149,149.85647971997093,1623.9403545640707,378.37955568580435,0.0,1126.2033839502933,351.9385574844666,528.2360354057753,704.314713874367,176.07867846859176,319.7373508316149,106.57911694387163,2050.2568223395574,30.75385233509336,40.75829703973858,32.47880709128142,269.7611412610497,1008.3484506240932,4254.5270178913825,1830.5180978246603,1830.51809782466,4.547473508864641e-13,0.0,0.0,0.0,0.0,0.0,6026.379906320967,23.787839500091874,0.0,0.0,0.0,-6.821210263296962e-13,0.0
2025-12-05 10:00:00+00:00,8,47.0,3249.987944525909,1096.2116480780999,1775.5928277696796,378.18346867813165,1096.2116480780999,601.0689673515058,495.1426807265941,2826.78786103199,0.0,1096.2116480780999,0.0,1775.5928277696796,378.1834686781316,5.684341886080802e-14,0.0,0.0,378.1834686781316,504.24462490417545,126.06115622604386,1096.2116480780999,365.40388269269994,3237.2083585404794,48.55812537810719,39.29369124217491,35.51185655539359,270.26600332796266,885.0947154223823,2401.181750274231,0.0,0.0,0.0,504.24462490417545,0.0,479.0323936589667,0.0,1733.90090967406,4198.68786911833,23.787021825455945,0.0,0.0,0.0,-4.547473508864641e-13,0.0
2025-12-05 11:00:00+00:00,8,47.0,3187.5281264695495,1074.737981142403,1740.516600004176,372.27354532296846,1074.737981142403,585.7759411584279,488.962039983975,2826.78786103199,2.3539847417566087,1072.3839964006463,0.0,1740.516600004176,372.27354532296846,0.0,3.4239778061914308,1.0699930644348221,372.27354532296846,496.3647270972913,124.09118177432282,1072.3839964006463,357.46133213354875,3170.361928538371,47.555428928075564,38.5330674533132,34.81033200008352,264.8880854944934,868.409420848272,707.94871047284,0.0,0.0,0.0,499.7887049034827,0.0,952.8735985299575,0.0,3347.9888368449815,669.5977673689963,23.797344018338435,0.0,0.0,0.0,0.0,0.0
2025-12-05 12:00:00+00:00,8,47.0,3315.267657587318,1117.108425738311,1811.426326643867,386.73290520514047,1117.1084257383109,610.7538256281782,506.35460011013276,2826.78786103199,790.416653923031,326.69177181528005,0.0,1811.426326643867,386.73290520514047,0.0,1149.6969511607724,359.28029723774137,386.73290520514047,515.643873606854,128.9109684017135,326.69177181528005,108.89725727176001,2247.0153557309072,33.705230335963606,40.09585558492874,36.22852653287734,275.3931459110669,982.5112812760515,4297.778938863369,-2.2737367544323206e-13,0.0,0.0,1665.3408247676266,0.0,2533.041634862143,0.0,0.0,669.5977673689963,23.787894671828752,0.0,0.0,0.0,-2.2737367544323206e-13,0.0
2025-12-05 13:00:00+00:00,8,47.0,3332.0630603017357,1122.5802554884292,1824.4676612770559,385.0151435362527,1122.5802554884292,617.6210826755736,504.9591728128556,2826.78786103199,796.3559724933763,326.22428299505293,0.0,1824.4676612770559,385.01514353625265,5.684341886080802e-14,1158.3359599903656,361.9799874969892,385.01514353625265,513.3535247150035,128.33838117875086,326.224282995053,108.74142766501767,2259.4333719371266,33.891500579056896,40.33950466090364,36.489353225541116,276.7804539594363,986.5606087656957,6617.178995021384,4.547473508864641e-13,0.0,4.547473508864641e-13,1671.6894847053686,0.0,4116.080562062519,2298.555325953954,0.0,2850.1988147465668,23.782577051879315,0.0,0.0,0.0,-9.094947017729282e-13,0.0
2025-12-05 14:00:00+00:00,8,47.0,3276.583242998947,1103.333616657908,1797.0547141029235,376.1949122381156,1103.333616657908,607.6028945769144,495.73072208099353,2826.78786103199,784.1558227481211,319.1777939097868,725.2285835281816,1071.826130574742,376.19491223811553,5.684341886080802e-14,1140.5902876336306,356.43446488550956,1101.423495766297,1468.5646610217293,367.1411652554323,319.1777939097869,106.39259796992896,1497.3965224544577,22.460947836816864,46.95532923972144,21.436522611494837,271.9904138150156,1192.8114416139197,4469.3946846128665,2609.15494865536,2609.15494865536,0.0,0.0,0.0,4107.848400938394,0.0,0.0,2850.1988147465668,23.78977460450447,0.0,0.0,0.0,0.0,0.0
2025-12-05 15:00:00+00:00,8,47.0,3241.7336253367407,1091.338681753487,1776.7144600375443,373.68048354570834,1091.338681753487,599.7783391333389,491.5603426201481,2826.78786103199,775.8624469685195,315.47623478496746,711.1983275053991,1065.516132532145,373.68048354570834,0.0,1128.527195590574,352.66474862205433,1084.8788110511075,1446.5050814014767,361.62627035036917,315.47623478496746,105.15874492832249,1486.1511122454351,22.292266683681525,46.38307731126196,21.310322650642902,269.0145445132721,1178.4499750596046,7768.1724372413255,2557.7187423331006,2557.7187423331,4.547473508864641e-13,17.313534658949624,0.0,4116.080562062519,3347.9888368449806,0.0,6026.379906320966,23.779484681378122,0.0,0.0,0.0,0.0,9.592326932761353e-14
2025-12-05 16:00:00+00:00,8,47.0,3285.9808779116343,1109.3598284154384,1797.6509907532075,378.97005874298634,1109.3598284154384,605.9216174728209,503.43821094261756,2826.78786103199,785.5151168911053,323.8447115243331,1262.113796508452,535.5371942447555,378.97005874298634,0.0,1142.5674427506988,357.05232585959334,1641.0838552514383,2188.1118070019174,547.0279517504794,323.8447115243331,107.9482371747777,967.3301429438663,14.509952144157994,52.36385836757854,10.710743884895109,273.26931739172215,1362.882386573204,4648.8632644848385,3850.12632853542,3850.12632853542,0.0,0.0,519.4470787828036,3561.062002219653,0.0,0.0,6026.379906320966,23.76581821382843,0.0,0.0,0.0,2.2737367544323206e-13,0.0
2025-12-05 17:00:00+00:00,8,47.0,3258.13848750876,1099.4719418622228,1783.8472388144296,374.81930683210686,1099.4719418622228,602.2744279165585,497.1975139456644,2826.78786103199,779.6812084589058,319.79073340331706,1266.2645484193317,517.5826903950979,374.81930683210686,0.0,1134.0817577584085,354.40054929950264,1641.0838552514385,2188.111807001918,547.0279517504795,319.79073340331706,106.59691113443903,943.970334932854,14.15955502399281,52.08778332880298,10.351653807901958,270.8816528987997,1355.5060572439188,4613.6445447526785,5380.233845791586,5656.34345459717,0.0,0.0,2058.0402810312594,1387.5816876559934,0.0,0.0,6026.379906320967,23.763366547249905,0.0,0.0,0.0,-4.547473508864641e-13,0.0
2025-12-05 18:00:00+00:00,8,47.0,3197.7869855633876,1078.7495689742655,1751.9079826180564,367.12943397106744,1078.7495689742655,592.2733811072148,486.47618786705056,2826.78786103199,765.87949880796,312.8700701663055,1.4515323150377831e-12,1751.907982618055,367.12943397106744,0.0,1114.006543720669,348.12704491270904,367.1294339710689,489.5059119614252,122.3764779903563,312.8700701663055,104.29002338876849,2169.068076173129,32.53602114259694,38.70945399207182,35.0381596523611,265.8000182470237,946.8771993258874,796.6753480442936,2919.078653748742,5292.86699193041,0.0,0.0,1315.5661980666475,0.0,0.0,3347.9888368449815,2497.289804571633,23.764803248445265,0.0,0.0,0.0,0.0,0.0
2025-12-05 19:00:00+00:00,8,47.0,3215.358481917195,1082.6725581317246,1764.3729563458658,368.3129674396025,1082.6725581317246,595.6591196444301,487.0134384872946,2826.78786103199,770.5872059805803,312.0853521511443,2.9497125462905786e-12,1764.3729563458628,368.31296743960246,5.684341886080802e-14,1120.854117789935,350.2669118093546,368.3129674396054,491.0839565861405,122.77098914653513,312.0853521511444,104.02845071704813,2180.4867592140554,32.70730138821083,38.970588801313376,35.287459126917256,266.8086071200408,950.8403081094202,2432.2978803525566,1611.9380743760753,4779.00251824529,0.0,0.0,0.0,0.0,0.0,1733.9009096740594,669.5977673689963,23.77859641935033,0.0,0.0,0.0,4.547473508864641e-13,0.0
2025-12-05 20:00:00+00:00,8,47.0,3350.7519629627786,1127.476532019721,1837.7776397362732,385.49779120678215,1127.4765320197207,618.2348303893916,509.2417016303292,2826.78786103199,801.964291356901,325.51224066282,0.0,1837.7776397362732,385.49779120678215,0.0,1166.493514700947,364.5292233440459,385.49779120678215,513.9970549423762,128.49926373559404,325.51224066282,108.50408022094,2271.793960620033,34.07690940930049,40.61053070679329,36.75555279472547,277.8068614463916,990.7824216577907,4341.53438462057,1680.490569643323,7987.78941259822,0.0,0.0,0.0,0.0,0.0,0.0,669.5977673689963,23.78278981568462,0.0,0.0,0.0,3.410605131648481e-13,0.0
2025-12-05 21:00:00+00:00,8,47.0,3339.1010558841294,1123.8664340018338,1832.3137626478474,382.9208592344502,1123.8664340018338,617.7142460868465,506.1521879149873,2826.78786103199,799.6933246236174,324.1731093782164,1258.1629960169885,574.1507666308589,382.9208592344502,0.0,1163.1902903616253,363.4969657380079,1641.0838552514388,2188.1118070019184,547.0279517504796,324.1731093782164,108.05770312607213,1006.3815791351474,15.09572368702721,53.05711380547133,11.483015332617178,276.94639485814184,1375.164868297817,4714.2659241819465,3351.302097363544,7300.99573515421,0.0,0.0,0.0,0.0,0.0,0.0,669.5977673689963,23.78127220810537,0.0,0.0,0.0,0.0,0.0
2025-12-05 22:00:00+00:00,8,47.0,3279.836809560675,1104.197055124478,1799.0845348797986,376.5552195564015,1104.197055124478,606.4969549482997,497.7001001761784,2826.78786103199,785.2840658890399,318.9129892354382,1264.5286356950373,534.5558991847613,376.55521955640154,-5.684341886080802e-14,1142.2313685658762,356.9473026768363,1641.0838552514388,2188.1118070019184,547.0279517504796,318.91298923543815,106.30432974514605,959.7732181653455,14.396598272480182,52.39252925011036,10.691117983695227,272.0930990402706,1359.852928719018,4639.689738279692,3330.343175567795,6045.7364459129,0.0,0.0,0.0,0.0,0.0,0.0,669.5977673689963,23.783371942649012,0.0,0.0,0.0,-9.094947017729282e-13,0.0
2025-12-05 23:00:00+00:00,8,47.0,3122.4725653333685,1052.0421196111986,1714.7119658429338,355.71847987923866,1052.0421196111986,578.7263729632355,473.3157466479632,2826.78786103199,748.3193641848216,303.72275542637703,1285.3653753722,429.34659047073364,355.71847987923866,0.0,1088.464529723377,340.14516553855526,1641.0838552514388,2188.1118070019184,547.0279517504796,303.72275542637703,101.24091847545901,834.3102643725697,12.514653965588545,50.70507786937307,8.586931809414674,259.19966575553815,1319.4203651644084,4441.8929304977755,3263.7989179847605,3263.79891798476,4.547473508864641e-13,12.777418740534813,0.0,12.138547803508072,0.0,0.0,669.5977673689963,23.796186509934454,0.0,0.0,0.0,-1.3642420526593924e-12,0.0
