timestamp_hour_utc,representative_day_id,day_weight,it_load_kw,q_air_kw,q_cp_kw,q_rdhx_kw,s_air_kw,s_air_old_kw,s_air_new_kw,old_ac_capacity_eff_kw,q_air_to_ashp_kw,q_air_to_reject_kw,q_cp_to_wshp_kw,q_cp_to_free_kw,q_rdhx_to_wshp_kw,q_rdhx_to_chiller_kw,q_ashp_out_kw,p_ashp_kw,q_wshp_in_kw,q_wshp_out_kw,p_wshp_kw,q_chiller_evap_kw,p_chiller_kw,q_tower_kw,p_tower_kw,p_pump_kw,p_cdu_free_kw,p_terminal_kw,p_cooling_kw,p_grid_kw,q_heat_kw,heating_demand_kw,heat_demand_upper_violation_kw,q_tes_ch_kw,q_tes_dis_kw,e_tes_kwh,p_bess_ch_kw,p_bess_dis_kw,e_bess_kwh,max_theta_c,hotspot_slack_c,hotspot_penalty_yuan,bess_degradation_cost_yuan,power_balance_residual_kw,heat_balance_residual_kw
2025-01-15 00:00:00+00:00,0,71.0,2808.3800211662774,872.0277089025915,1534.262999821088,402.0893124425971,872.0277089025915,437.2507692124207,434.7769396901707,2112.338756740974,408.6116836509577,463.4160252516338,1454.7518384189352,79.51116140215277,402.08931244259713,-5.684341886080802e-14,594.3442671286657,185.73258347770803,1856.8411508615322,2475.7882011487095,618.9470502871774,463.41602525163376,154.47200841721124,697.3991950709977,10.460987926064966,49.25367150503708,1.5902232280430553,214.7658729933624,1235.2223978346042,4043.6024190008807,3093.4074654143697,3093.40746541437,0.0,0.0,23.27499713699467,134.45544079166143,0.0,0.0,2126.6979424781157,23.960940621502992,0.0,0.0,0.0,-9.094947017729282e-13,0.0
2025-01-15 01:00:00+00:00,0,71.0,2850.3519168317885,885.8345383397999,1558.847719840986,405.66965865099996,885.8345383398,442.3706542663485,443.4638840734515,2112.338756740974,408.6116836509578,477.2228546888421,1451.1714922105332,107.67622763045279,405.66965865099996,0.0,594.3442671286659,185.7325834777081,1856.8411508615332,2475.788201148711,618.9470502871777,477.2228546888421,159.07428489628072,743.9733672155756,11.159600508233634,49.74536590543505,2.153524552609056,218.0022317276998,1244.8146413551442,4095.166558186933,3109.24803358969,3109.24803358969,0.0,0.0,39.115565312313265,93.0122506339589,0.0,0.0,2126.6979424781157,23.960874332738463,0.0,0.0,0.0,2.2737367544323206e-13,0.0
2025-01-15 02:00:00+00:00,0,71.0,2878.6567769324,893.499329290079,1577.6760345497514,407.48141309256937,893.499329290079,444.61441662959913,448.8849126604799,2112.338756740974,408.61168365095773,484.8876456391213,1449.3597377689632,128.3162967807882,407.4814130925693,5.684341886080802e-14,594.3442671286658,185.73258347770806,1856.8411508615325,2475.78820114871,618.9470502871775,484.88764563912133,161.62921521304045,774.83315763295,11.622497364494249,50.121932199610356,2.5663259356157644,219.80048872046962,1250.4200931981163,6627.204696834783,3126.3087354318395,3126.30873543184,0.0,0.0,56.17626715446386,33.6933133385185,2498.1278267042685,0.0,4496.630088067684,23.961167088826365,0.0,0.0,0.0,-1.8189894035458565e-12,0.0
2025-01-15 03:00:00+00:00,0,71.0,2848.0398182076824,884.5905349084527,1560.5859209741366,402.86336232509336,884.5905349084527,440.33161999856003,444.25891490989267,2112.338756740974,408.6116836509577,475.978851257495,1453.9777885364392,106.60813243769735,402.86336232509336,0.0,594.3442671286657,185.73258347770803,1856.8411508615327,2475.78820114871,618.9470502871775,475.978851257495,158.65961708583168,741.2466007810241,11.11869901171536,49.78012992809806,2.132162648753947,217.58297498027454,1243.9532174195592,4091.9930356272416,3102.077098653625,3153.14539453754,0.0,0.0,31.944630376249393,0.0,0.0,0.0,4496.630088067684,23.9612757637969,0.0,0.0,0.0,0.0,0.0
2025-01-15 04:00:00+00:00,0,71.0,2876.2462463172383,893.8799606485535,1574.954881842278,407.41140382640765,893.8799606485535,445.09209120114826,448.7878694474052,2112.338756740974,408.61168365095773,485.26827699759576,1449.429747035125,125.52513480715288,407.41140382640765,0.0,594.3442671286658,185.73258347770806,1856.8411508615327,2475.78820114871,618.9470502871775,485.26827699759576,161.75609233253192,772.5495041372806,11.588242562059207,50.06750914546089,2.5105026961430577,219.87825664278674,1250.4802371438673,4126.726483461105,3070.1324682773757,4724.98616333848,0.0,0.0,0.0,0.0,0.0,0.0,4496.630088067684,23.960505059808956,0.0,0.0,0.0,-4.547473508864641e-13,0.0
2025-01-15 05:00:00+00:00,0,71.0,2860.627209702743,888.5343421327464,1567.0026623493566,405.09020522063923,888.5343421327464,442.52114178627545,446.0132003464709,2112.338756740974,408.61168365095773,479.92265848178863,1451.7509456408932,115.25171670846339,405.09020522063923,0.0,594.3442671286658,185.73258347770806,1856.8411508615325,2475.78820114871,618.9470502871775,479.92265848178863,159.97421949392955,755.1485946841816,11.327228920262723,49.90846475560245,2.305034334169268,218.57005906041877,1246.7646403292683,4107.3918500320115,3070.1324682773757,6506.07545272263,0.0,0.0,0.0,0.0,0.0,0.0,4496.630088067684,23.96192932530164,0.0,0.0,0.0,0.0,0.0
2025-01-15 06:00:00+00:00,0,71.0,2891.20752532406,898.2682504514653,1583.8219254232747,409.11734944932005,898.2682504514653,447.5834171796718,450.6848332717935,2112.338756740974,408.61168365095773,489.65656680050756,1447.7238014122127,136.09812401106205,409.11734944932005,0.0,594.3442671286658,185.73258347770806,1856.8411508615327,2475.78820114871,618.9470502871775,489.65656680050756,163.21885560016918,788.9735464117388,11.834603196176081,50.24485001708082,2.721962480221241,220.94602033687775,1253.6459253954108,4144.853450719471,3070.1324682773757,6069.99645352609,0.0,0.0,0.0,0.0,0.0,0.0,4496.630088067684,23.962003069957653,0.0,0.0,0.0,0.0,0.0
2025-01-15 07:00:00+00:00,0,71.0,2991.1255254053904,923.2007290535565,1640.0758607542698,427.848935597564,923.2007290535565,461.54841634104787,461.65231271250866,2112.338756740974,408.61168365095773,514.5890454025988,1428.9922152639685,211.08364549030125,427.848935597564,0.0,594.3442671286658,185.73258347770806,1856.8411508615325,2475.78820114871,618.9470502871775,514.5890454025988,171.52968180086626,897.2023726937663,13.458035590406494,51.369928723700724,4.221672909806025,227.50210166889906,1272.761054458564,4263.8865798639545,3070.1324682773757,4844.12799534811,0.0,0.0,0.0,0.0,0.0,0.0,4496.630088067684,23.96169244041242,0.0,0.0,0.0,0.0,0.0
2025-01-15 08:00:00+00:00,0,71.0,2944.9752679612047,906.9556003029045,1614.6327893956718,423.3868782626294,906.9556003029045,454.45756398768435,452.4980363152202,2112.338756740974,408.6116836509578,498.3439166519467,1433.4542725989036,181.17851679676824,423.38687826262935,5.684341886080802e-14,594.3442671286659,185.7325834777081,1856.841150861533,2475.7882011487104,618.9470502871776,498.34391665194676,166.11463888398225,845.6370723326972,12.684556084990458,50.86106729652877,3.623570335935365,223.6753146687838,1261.6387810351061,4206.614048996312,3070.1324682773766,4309.37483658353,0.0,0.0,0.0,0.0,0.0,0.0,4496.630088067684,23.96260611615346,0.0,0.0,0.0,9.094947017729282e-13,0.0
2025-01-15 09:00:00+00:00,0,71.0,2856.3171736067093,881.4089481219827,1561.257400948033,413.6508245366931,881.4089481219827,443.46221647575175,437.94673164623094,2112.338756740974,408.61168365095784,472.79726447102485,517.7763216639476,1043.4810792840854,413.6508245366931,0.0,594.3442671286659,185.7325834777081,931.4271462006407,1241.902861600854,310.4757154002135,472.79726447102485,157.59908815700828,1673.8774319121185,25.108161478681776,40.53941948096707,20.869621585681706,217.48446362962474,957.8090532098852,3814.126226816594,1836.24712872952,1836.24712872952,0.0,0.0,0.0,0.0,0.0,0.0,4496.630088067684,23.9620763734665,0.0,0.0,0.0,-2.2737367544323206e-13,0.0
2025-01-15 10:00:00+00:00,0,71.0,2920.5415446704137,900.578865677361,1599.970727872798,419.9919511202526,900.578865677361,450.9614768451217,449.6173888322393,2112.338756740974,0.0,900.578865677361,0.0,1599.970727872798,419.99195112025257,5.684341886080802e-14,0.0,0.0,419.99195112025257,559.9892681603367,139.99731704008417,900.5788656773611,300.19295522578705,2800.7425487759465,42.011138231639194,36.19933406865849,31.999414557455964,222.06403349133035,772.4641926149552,2399.242131046328,0.0,0.0,0.0,559.9892681603367,0.0,531.9898047523199,0.0,1293.76360623904,3132.883504884818,23.96276258366776,0.0,0.0,0.0,-9.094947017729282e-13,0.0
2025-01-15 11:00:00+00:00,0,71.0,2884.3580135951543,888.8510074372439,1580.6779949351128,414.82901122279736,888.8510074372439,445.3439994793009,443.50700795794296,2112.338756740974,0.0,888.8510074372439,0.0,1580.6779949351128,414.82901122279736,0.0,0.0,0.0,414.82901122279736,553.1053482970631,138.27633707426577,888.8510074372439,296.283669145748,2765.8126715181047,41.48719007277157,35.76185001093023,31.613559898702256,219.20008746757668,762.6226936699945,1148.8528805608796,-1.1368683772161603e-13,0.0,0.0,553.1053482970632,0.0,1056.3759060250252,0.0,2498.1278267042685,499.6255653408537,23.962599477430693,0.0,0.0,0.0,-4.547473508864641e-13,0.0
2025-01-15 12:00:00+00:00,0,71.0,2853.4237402053895,878.6082004114402,1564.6505270104108,410.1650127835405,878.6082004114402,439.960480501191,438.6477199102492,2112.338756740974,0.0,878.6082004114402,0.0,1564.6505270104108,410.1650127835405,0.0,0.0,0.0,410.1650127835405,546.8866837113873,136.72167092784682,878.6082004114402,292.8694001371467,2736.1281275589977,41.04192191338496,35.39466066804362,31.293010540208215,216.68021963581572,754.000883822446,3607.424624027836,-1.1368683772161603e-13,0.0,0.0,546.8866837113874,0.0,1573.8055037387933,0.0,0.0,499.6255653408537,23.96376170322872,0.0,0.0,0.0,6.821210263296962e-13,0.0
2025-01-15 13:00:00+00:00,0,71.0,2959.8028347531276,911.6717466318538,1623.2531951555397,424.87789296573465,911.6717466318538,455.8855528054207,455.78619382643313,2112.338756740974,205.8885127077711,705.7832339240827,0.0,1623.2531951555397,424.87789296573465,0.0,299.4742003022125,93.58568759444141,424.87789296573465,566.5038572876462,141.62596432191154,705.7832339240827,235.26107797469422,2564.2975070543166,38.464462605814745,36.713842832768144,32.465063903110796,224.79999291968795,802.9160921524289,3762.718926905556,2.2737367544323206e-13,0.0,2.2737367544323206e-13,865.9780575898585,0.0,2393.3370474416815,0.0,0.0,499.6255653408537,23.960694514701796,0.0,0.0,0.0,-3.410605131648481e-13,0.0
2025-01-15 14:00:00+00:00,0,71.0,2688.7827231125098,832.5799064810516,1471.4371917513995,384.7656248800587,832.5799064810516,416.1571891053932,416.4227173756584,2112.338756740974,408.61168365095773,423.96822283009385,509.942817187097,961.4943745643025,384.7656248800587,0.0,594.3442671286658,185.73258347770806,894.7084420671556,1192.944589422874,298.2361473557185,423.96822283009385,141.3227409433646,1526.785338337761,22.901780075066416,38.375828255699545,19.22988749128605,205.08636747752084,910.8853350763641,5314.752934754948,1787.28885655154,1787.28885655154,0.0,0.0,0.0,2388.550373346798,1715.0848765660746,0.0,2126.6979424781157,23.965740516704667,0.0,0.0,0.0,-4.547473508864641e-13,0.0
2025-01-15 15:00:00+00:00,0,71.0,2904.154167839462,895.0872547793394,1593.7553527812306,415.31156027889256,895.0872547793394,447.35730112097013,447.7299536583693,2112.338756740974,408.61168365095773,486.4755711283817,546.1632793012581,1047.5920734799724,415.31156027889256,0.0,594.3442671286658,185.73258347770806,961.4748395801506,1281.966452773534,320.4916131933835,486.4755711283817,162.15852370946058,1696.2261683178149,25.443392524767223,41.48985545142612,20.95184146959945,220.61703218829172,976.8848420146367,6379.166836558366,1876.3107199021997,1876.3107199022,0.0,0.0,0.0,2383.7732726001045,2498.1278267042685,0.0,4496.630088067684,23.96207898895898,0.0,0.0,0.0,-4.547473508864641e-13,0.0
2025-01-15 16:00:00+00:00,0,71.0,2899.9406730654787,893.908696669241,1592.0452742932118,413.9867021030259,893.908696669241,446.18125593477515,447.7274407344658,2112.338756740974,408.61168365095773,485.2970130182832,1298.5408364708767,293.50443782233515,413.9867021030259,0.0,594.3442671286658,185.73258347770806,1712.5275385739026,2283.37005143187,570.8425128579674,485.2970130182832,161.7656710060944,940.5671218467128,14.10850682770069,48.966180871603264,5.8700887564467035,220.28757171465583,1207.5731155121764,4107.513788577656,2862.62871710077,2862.62871710077,0.0,15.08560145976557,0.0,2393.3370474416815,0.0,0.0,4496.630088067684,23.96071745158679,0.0,0.0,0.0,6.821210263296962e-13,1.4210854715202004e-13
2025-01-15 17:00:00+00:00,0,71.0,2892.0617509044387,892.379806131708,1587.8665175733906,411.81542719933776,892.379806131708,444.67347279765335,447.7063333340547,2112.338756740974,408.6116836509577,483.7681224807504,1445.025723662195,142.84079391119553,411.81542719933776,0.0,594.3442671286657,185.73258347770803,1856.841150861533,2475.7882011487104,618.9470502871776,483.7681224807504,161.2560408269168,787.8649572188627,11.81797435828294,50.32574186008314,2.8568158782239106,219.82462095899737,1250.7608276473898,4142.822578551828,4231.51293068912,4231.51293068912,0.0,0.0,1161.3804624117442,1166.0446234396989,0.0,0.0,4496.630088067684,23.96045041572521,0.0,0.0,0.0,-4.547473508864641e-13,0.0
2025-01-15 18:00:00+00:00,0,71.0,2844.1633228233004,877.2552630538976,1561.9506316954287,404.9574280739748,877.2552630538976,437.07895020566576,440.1763128482318,2112.338756740974,408.61168365095773,468.64357940293985,1.4748562731452893e-12,1561.9506316954273,404.9574280739748,0.0,594.3442671286658,185.73258347770806,404.9574280739763,539.9432374319683,134.98580935799208,468.64357940293985,156.2145264676466,2186.808737566014,32.80213106349021,35.28858691464834,31.239012633908548,216.10607832612834,792.3687282415223,3636.532051064823,2239.814412043813,4022.62309884896,0.0,0.0,1105.5269074831785,0.0,0.0,0.0,4496.630088067684,23.961657658717144,0.0,0.0,0.0,3.410605131648481e-13,0.0
2025-01-15 19:00:00+00:00,0,71.0,2852.84069226675,880.3462848794223,1567.9957521182664,404.4986552690612,880.3462848794222,437.1851916445404,443.1610932348819,2112.338756740974,408.6116836509578,471.73460122846456,2.9497125462905786e-12,1567.9957521182635,404.4986552690612,0.0,594.3442671286659,185.7325834777081,404.49865526906416,539.3315403587521,134.83288508968803,471.73460122846456,157.24486707615486,2196.975220422883,32.954628306343245,35.404901595055975,31.35991504236527,216.77409803834271,794.3038786256582,2353.3809646533678,1133.675807487418,3676.17580245473,0.0,0.0,0.0,0.0,0.0,1293.76360623904,3132.883504884818,23.95787688976221,0.0,0.0,0.0,-6.821210263296962e-13,0.0
2025-01-15 20:00:00+00:00,0,71.0,2910.839210415089,900.6259729892781,1597.9504035000634,412.2628339257481,900.6259729892781,446.7953471459965,453.83062584328167,2112.338756740974,408.6116836509578,492.01428933832034,0.0,1597.9504035000634,412.2628339257481,0.0,594.3442671286659,185.7325834777081,412.2628339257481,549.6837785676641,137.42094464191604,492.01428933832034,164.00476311277345,2253.969455951157,33.809541839267354,36.08163640925875,31.959008070001268,221.66947430815824,810.6779518590831,1223.3893355699033,1144.02804569633,6220.61240335217,0.0,0.0,0.0,0.0,0.0,2498.1278267042685,499.6255653408537,23.955034541822485,0.0,0.0,0.0,-2.2737367544323206e-13,0.0
2025-01-15 21:00:00+00:00,0,71.0,2858.059779910936,888.4106010415048,1568.1969599867691,401.452218882661,888.4106010415048,438.392832650486,450.0177683910189,2112.338756740974,408.61168365095773,479.7989173905471,1455.3889319788716,112.80802800789752,401.452218882661,0.0,594.3442671286658,185.73258347770806,1856.8411508615327,2475.78820114871,618.9470502871775,479.7989173905471,159.9329724635157,752.5399178619604,11.288098767929405,49.93235070835071,2.2561605601579506,218.3398795235499,1246.429095788389,4104.488875699324,3070.1324682773757,6197.3650342826,0.0,0.0,0.0,0.0,0.0,0.0,499.6255653408537,23.955831215640757,0.0,0.0,0.0,-9.094947017729282e-13,0.0
2025-01-15 22:00:00+00:00,0,71.0,2908.4096275591255,904.0545492078598,1595.8918356510628,408.4632427002023,904.05454920786,446.2305259692435,457.8240232386164,2112.338756740974,408.61168365095773,495.4428655569021,1448.3779081613302,147.51392748973262,408.4632427002023,0.0,594.3442671286658,185.73258347770806,1856.8411508615325,2475.78820114871,618.9470502871775,495.4428655569021,165.14762185230072,808.1044148989355,12.121566223484033,50.48624822163658,2.9502785497946524,222.17912347997859,1257.56447209208,4165.9740996512055,3070.1324682773757,5290.28648466948,0.0,0.0,0.0,0.0,0.0,0.0,499.6255653408537,23.95603828131406,0.0,0.0,0.0,0.0,0.0
2025-01-15 23:00:00+00:00,0,71.0,2895.535406614037,900.18723471263,1589.2156085818651,406.13256331954335,900.18723471263,444.5248446247915,455.6623900878385,2112.338756740974,408.6116836509578,491.57555106167223,1450.7085875419896,138.50702103987555,406.13256331954335,0.0,594.3442671286659,185.7325834777081,1856.841150861533,2475.7882011487104,618.9470502871776,491.57555106167223,163.8585170205574,793.9410891221052,11.909116336831577,50.35272368025264,2.770140420797511,221.20189349362087,1254.7720247169457,5865.392307897057,2902.4756411726707,2902.47564117267,9.094947017729282e-13,167.65682710470583,0.0,159.27398574947054,1715.0848765660746,0.0,2126.6979424781157,23.956797095464907,0.0,0.0,0.0,0.0,0.0
2025-03-21 00:00:00+00:00,1,14.0,4576.190816440603,1417.469506807809,2510.5217603686187,648.1995492641739,1417.469506807809,705.4331073746536,712.0363994331553,2112.338756740974,0.0,1417.469506807809,0.0,2510.5217603686187,0.0,648.1995492641739,0.0,0.0,0.0,0.0,0.0,2065.669056071983,688.5563520239944,5264.747168464596,78.97120752696894,50.21043520737238,50.21043520737238,348.8075707038331,1216.7560006695412,5792.9468171101435,0.0,0.0,0.0,0.0,0.0,2379.005726054905,0.0,0.0,499.6255653408537,23.93871470905661,0.0,0.0,0.0,-9.094947017729282e-13,0.0
2025-03-21 01:00:00+00:00,1,14.0,3752.032514841168,1162.7157909724015,2058.181308600896,531.1354152678703,1162.7157909724015,578.7024112640534,584.0133797083481,2112.338756740974,0.0,1162.7157909724015,0.0,2058.181308600896,0.0,531.1354152678703,0.0,0.0,0.0,0.0,0.0,1693.8512062402717,564.6170687467572,4316.649583587925,64.74974375381888,41.16362617201792,41.16362617201792,286.09066195361646,997.7847267982283,7247.945068343663,0.0,0.0,0.0,0.0,0.0,2374.2477146027954,2498.1278267042685,0.0,2869.5577109304218,23.949110983788255,0.0,0.0,0.0,-2.2737367544323206e-12,0.0
2025-03-21 02:00:00+00:00,1,14.0,4490.833738574025,1389.7846848837667,2464.2906544941316,636.7583991961236,1389.7846848837667,692.1492066562829,697.6354782274838,2112.338756740974,0.0,1389.7846848837667,0.0,2464.2906544941316,0.0,636.7583991961236,0.0,0.0,0.0,0.0,0.0,2026.5430840798904,675.5143613599635,5166.348099933985,77.49522149900977,49.28581308988263,49.28581308988263,342.0687056144875,1193.649914653226,5684.483653227251,0.0,0.0,0.0,0.0,0.0,2369.49921917359,0.0,0.0,2869.5577109304218,23.940884432412,0.0,0.0,0.0,0.0,0.0
2025-03-21 03:00:00+00:00,1,14.0,3516.3896015150417,1087.3281466808007,1928.7564958619637,500.30495897227644,1087.3281466808007,542.4701660042059,544.8579806765948,2112.338756740974,0.0,1087.3281466808007,0.0,1928.7564958619637,0.0,500.30495897227644,0.0,0.0,0.0,0.0,0.0,1587.633105653077,529.2110352176924,4045.600636732733,60.68400955099099,38.57512991723927,38.57512991723927,267.74904304625716,934.794347649419,6166.2688257305335,0.0,0.0,0.0,0.0,0.0,2364.7602207352434,1715.0848765660744,0.0,4496.630088067684,23.95280947132116,0.0,0.0,0.0,-1.5916157281026244e-12,0.0
2025-03-21 04:00:00+00:00,1,14.0,3028.9048086142343,935.5641471519597,1662.0294732918624,431.3111881704145,935.5641471519597,466.5316784575745,469.03246869438516,2112.338756740974,0.0,935.5641471519597,0.0,1662.0294732918624,0.0,431.3111881704145,0.0,0.0,0.0,0.0,0.0,1366.8753353223742,455.6251117741247,3484.5299203883615,52.26794880582542,33.240589465837246,33.240589465837246,230.42469395858504,804.7989334702097,3833.7037420844435,0.0,0.0,0.0,0.0,0.0,2360.0307002937734,0.0,0.0,4496.630088067684,23.95908724529104,0.0,0.0,0.0,-4.547473508864641e-13,0.0
2025-03-21 05:00:00+00:00,1,14.0,4635.98210501564,1430.987006499716,2544.8529430775793,660.142155438346,1430.987006499716,713.6225649536351,717.3644415460809,2112.338756740974,0.0,1430.987006499716,0.0,2544.8529430775793,0.0,660.142155438346,0.0,0.0,0.0,0.0,0.0,2091.1291619380618,697.0430539793539,5333.025158994995,79.99537738492492,50.897058861551585,50.897058861551585,352.4708258160317,1231.303374903414,5867.285479919052,0.0,0.0,0.0,0.0,0.0,2355.310638893186,0.0,0.0,4496.630088067684,23.938902597512794,0.0,0.0,0.0,-1.8189894035458565e-12,0.0
2025-03-21 06:00:00+00:00,1,14.0,3635.065831251845,1122.4749830907301,1994.7111196954186,517.8797284656981,1122.4749830907301,559.9912342667868,562.4837488239433,2112.338756740974,0.0,1122.4749830907301,0.0,1994.7111196954186,0.0,517.8797284656981,0.0,0.0,0.0,0.0,0.0,1640.3547115564284,546.7849038521427,4181.85073510399,62.72776102655985,39.89422239390837,39.89422239390837,276.48382911464563,965.784938781165,4600.85077003301,0.0,0.0,0.0,0.0,0.0,2350.6000176154,0.0,0.0,4496.630088067684,23.95144138526644,0.0,0.0,0.0,2.2737367544323206e-13,0.0
2025-03-21 07:00:00+00:00,1,14.0,2470.475698291082,763.6388801881102,1355.4665004302603,351.37031767271196,763.6388801881102,380.5266334543502,383.11224673376,2112.338756740974,0.0,763.6388801881102,0.0,1355.4665004302603,0.0,351.37031767271196,0.0,0.0,0.0,0.0,0.0,1115.009197860822,371.66973262027403,2842.1454309113565,42.63218146367034,27.10933000860521,27.10933000860521,188.04425537763055,656.5648294787853,3127.0405277698674,0.0,0.0,0.0,0.0,0.0,2345.898817580169,0.0,0.0,4496.630088067684,23.965307516999896,0.0,0.0,0.0,-1.1368683772161603e-13,0.0
2025-03-21 08:00:00+00:00,1,14.0,2446.126005063638,756.6134806062219,1340.6356108934442,348.8769135639717,756.6134806062219,377.8163365939817,378.7971440122401,2112.338756740974,0.0,756.6134806062219,0.0,1340.6356108934442,0.0,348.8769135639717,0.0,0.0,0.0,0.0,0.0,1105.4903941701937,368.4967980567312,2814.622803120369,42.21934204680554,26.812712217868885,26.812712217868885,186.35050224291734,650.6920667821919,3096.8180718458298,0.0,0.0,0.0,0.0,0.0,2341.207019945009,0.0,0.0,4496.630088067684,23.966214547022872,0.0,0.0,0.0,0.0,0.0
2025-03-21 09:00:00+00:00,1,14.0,2455.700848684079,760.6290290722593,1345.6413813229196,349.4304382888995,760.6290290722593,379.1303353358791,381.4986937363802,2112.338756740974,0.0,760.6290290722593,0.0,1345.6413813229196,0.0,349.4304382888995,0.0,0.0,0.0,0.0,0.0,1110.0594673611588,370.0198224537196,2825.720671137798,42.38581006706697,26.912827626458395,26.912827626458395,187.25753893647598,653.4888267101794,3109.189675394258,0.0,0.0,0.0,0.0,0.0,2336.524605905119,0.0,0.0,4496.630088067684,23.96577323629937,0.0,0.0,0.0,-6.821210263296962e-13,0.0
2025-03-21 10:00:00+00:00,1,14.0,2562.0348076078476,790.7410793566223,1404.2179616036724,367.07576664755186,790.7410793566223,395.30701827911315,395.4340610775091,2112.338756740974,0.0,790.7410793566223,0.0,1404.2179616036724,48.541176906609735,318.5345897409421,0.0,0.0,48.541176906609735,64.72156920881298,16.180392302203245,1109.2756690975643,369.75855636585476,2883.2521870670917,43.248782806006375,28.569771001139546,28.08435923207345,194.89863175011286,680.7404934573902,1949.0116948261973,0.0,0.0,0.0,64.72156920881298,0.0,2393.3370474416815,0.0,1293.76360623904,3132.883504884818,23.963415584717975,0.0,0.0,0.0,-5.684341886080801e-13,0.0
2025-03-21 11:00:00+00:00,1,14.0,2488.264137829577,768.6222937134401,1364.577173961335,355.06467015480206,768.6222937134401,383.6304841464902,384.9918095669498,2112.338756740974,0.0,768.6222937134401,0.0,1364.577173961335,3.778953232802337,351.2857169219997,0.0,0.0,3.778953232802337,5.038604310403116,1.259651077600779,1119.9080106354397,373.3026702118132,2857.787854808588,42.866817822128816,27.329333011554723,27.2915434792267,189.35224244493838,661.4022580472626,651.5385691725706,0.0,0.0,0.0,5.038604310403116,0.0,2393.3370474416815,0.0,2498.1278267042685,499.6255653408537,23.964468662151102,0.0,0.0,0.0,-6.821210263296962e-13,0.0
2025-03-21 12:00:00+00:00,1,14.0,2638.836141428213,818.0681794939517,1449.7919564049282,370.9760055293314,818.0681794939517,403.50931895587473,414.55886053807694,2112.338756740974,0.0,818.0681794939517,0.0,1449.7919564049282,3.778953232802337,367.1970522965291,0.0,0.0,3.778953232802337,5.038604310403116,1.259651077600779,1185.2652317904808,395.0884105968269,3030.145598792236,45.452183981883536,29.03362866042659,28.995839128098567,201.1075370106515,700.9372504554879,3339.773391883701,0.0,0.0,0.0,5.038604310403116,0.0,2393.3370474416815,0.0,0.0,499.6255653408537,23.96275127836979,0.0,0.0,0.0,2.2737367544323206e-13,0.0
2025-03-21 13:00:00+00:00,1,14.0,2567.667681468264,795.2808250500852,1407.338899085407,365.04795733277217,795.2808250500852,395.5949279365853,399.6858971135,2112.338756740974,0.0,795.2808250500852,0.0,1407.338899085407,0.0,365.04795733277217,0.0,0.0,0.0,0.0,0.0,1160.3287823828573,386.77626079428575,2954.44394226255,44.31665913393825,28.14677798170814,28.14677798170814,195.7730479229254,683.1595238145658,4965.912081848904,0.0,0.0,0.0,0.0,0.0,2388.5503733467986,1715.0848765660746,0.0,2126.6979424781157,23.96178611312401,0.0,0.0,0.0,-9.094947017729282e-13,0.0
2025-03-21 14:00:00+00:00,1,14.0,2514.518970629087,779.4407373068709,1377.5953443287701,357.4828889934461,779.4407373068709,388.3304733407523,391.1102639661186,2112.338756740974,0.0,779.4407373068709,0.0,1377.5953443287701,0.0,357.4828889934461,0.0,0.0,0.0,0.0,0.0,1136.923626300317,378.9745421001057,2893.493512729193,43.40240269093789,27.551906886575402,27.551906886575402,191.86189017429697,669.3426487384913,3183.8616193675784,0.0,0.0,0.0,0.0,0.0,2383.773272600105,0.0,0.0,2126.6979424781157,23.962862735307954,0.0,0.0,0.0,0.0,0.0
2025-03-21 15:00:00+00:00,1,14.0,2476.830108709238,767.1081923413311,1356.3873049184906,353.33461144941873,767.1081923413312,383.11729211678244,383.99090022454874,2112.338756740974,0.0,767.1081923413311,0.0,1356.3873049184906,0.0,353.33461144941873,0.0,0.0,0.0,0.0,0.0,1120.4428037907498,373.4809345969166,2850.311043306157,42.754665649592354,27.127746098369812,27.127746098369812,188.91513644716167,659.4062288904103,5634.364164303917,0.0,0.0,0.0,0.0,0.0,2379.005726054905,2498.1278267042685,0.0,4496.630088067684,23.964266009562248,0.0,0.0,0.0,4.547473508864641e-13,0.0
2025-03-21 16:00:00+00:00,1,14.0,2427.784647119749,750.4289863407291,1331.9229831999141,345.43267757910655,750.4289863407291,373.96002740625255,376.4689589344766,2112.338756740974,0.0,750.4289863407291,0.0,1331.9229831999141,0.0,345.43267757910655,0.0,0.0,0.0,0.0,0.0,1095.8616639198358,365.2872213066119,2793.071868426362,41.89607802639543,26.638459663998283,26.638459663998283,184.800600492831,645.2608191538349,3073.0454662735833,0.0,0.0,0.0,0.0,0.0,2374.247714602796,0.0,0.0,4496.630088067684,23.965244057825043,0.0,0.0,0.0,-5.684341886080801e-13,0.0
2025-03-21 17:00:00+00:00,1,14.0,2607.7242161239196,804.0323397661352,1432.454951741732,371.23692461605293,804.0323397661352,400.23338071127125,403.79895905486404,2112.338756740974,0.0,804.0323397661352,0.0,1432.454951741732,18.81933810638759,352.41758650966534,0.0,0.0,18.81933810638759,25.092450808516787,6.273112702129197,1156.4499262758006,385.48330875860023,2974.388186776133,44.61582280164199,28.837292415898517,28.64909903483464,198.07298023421848,691.931615947323,3299.655832071243,0.0,0.0,0.0,25.092450808516787,0.0,2393.3370474416815,0.0,0.0,4496.630088067684,23.962030498710007,0.0,0.0,0.0,2.2737367544323206e-13,0.0
2025-03-21 18:00:00+00:00,1,14.0,3405.2650082195255,1051.660619181345,1869.1030941170714,484.50129492110824,1051.6606191813453,523.7090016027852,527.95161757856,2112.338756740974,0.0,1051.660619181345,0.0,1869.1030941170714,3.778953232802337,480.7223416883059,0.0,0.0,3.778953232802337,5.038604310403116,1.259651077600779,1532.382960869651,510.7943202898837,3912.280375276606,58.68420562914908,37.419851414669445,37.382061882341425,259.01963932770855,904.559729621353,1811.6969111366084,0.0,0.0,0.0,5.038604310403116,0.0,2393.3370474416815,0.0,2498.1278267042685,1863.3721485237193,23.94815805247828,0.0,0.0,0.0,-1.5916157281026244e-12,0.0
2025-03-21 19:00:00+00:00,1,14.0,3403.97539606335,1054.376900753579,1865.147306719668,484.451188590104,1054.3769007535789,525.0002694569033,529.3766312966757,2112.338756740974,0.0,1054.376900753579,0.0,1865.147306719668,3.778953232802337,480.67223535730164,0.0,0.0,3.778953232802337,5.038604310403116,1.259651077600779,1535.0491361108807,511.68304537029354,3911.8794882008424,58.67819232301263,37.34073566672138,37.30294613439336,259.60081933059206,905.8653899026137,3016.077179726924,0.0,0.0,0.0,5.038604310403116,0.0,2393.3370474416815,0.0,1293.7636062390402,499.6255653408537,23.94585563450017,0.0,0.0,0.0,-2.2737367544323206e-13,0.0
2025-03-21 20:00:00+00:00,1,14.0,2965.7143758801526,921.5026448588461,1625.342893472022,418.8688375492841,921.5026448588462,457.561736202898,463.9409086559482,2112.338756740974,0.0,921.5026448588461,0.0,1625.342893472022,3.778953232802337,415.08988431648174,0.0,0.0,3.778953232802337,5.038604310403116,1.259651077600779,1336.5925291753279,445.5308430584426,3407.4662657057925,51.111993985586885,32.544647401768465,32.506857869440445,226.6397635658695,789.5937569587086,3755.3081328388603,0.0,0.0,0.0,5.038604310403116,0.0,2393.3370474416815,0.0,0.0,499.6255653408537,23.950616301699263,0.0,0.0,0.0,-9.094947017729282e-13,0.0
2025-03-21 21:00:00+00:00,1,14.0,4367.399333036642,1358.1900927405661,2390.7913447225114,618.4178955735654,1358.190092740566,675.3460205114576,682.8440722291084,2112.338756740974,0.0,1358.1900927405661,0.0,2390.7913447225114,3.778953232802337,614.638942340763,0.0,0.0,3.778953232802337,5.038604310403116,1.259651077600779,1972.829035081329,657.609678360443,5021.230058164283,75.31845087246424,47.85361642677825,47.81582689445023,334.08391733519665,1163.941140966933,5531.340474003574,0.0,0.0,0.0,5.038604310403116,0.0,2393.3370474416815,0.0,0.0,499.6255653408537,23.928490268202566,0.0,0.0,0.0,-1.1368683772161603e-12,0.0
2025-03-21 22:00:00+00:00,1,14.0,4044.7511990677795,1257.8152154724266,2213.5615674870082,573.3744161083459,1257.8152154724266,625.360871068703,632.4543444037237,2112.338756740974,0.0,1257.8152154724266,0.0,2213.5615674870082,0.0,573.3744161083459,0.0,0.0,0.0,0.0,0.0,1831.1896315807726,610.3965438602576,4655.1477429280385,69.82721614392058,44.27123134974016,44.27123134974016,309.41708978907036,1078.1833124927289,5122.934511560509,0.0,0.0,0.0,0.0,0.0,2388.5503733467986,0.0,0.0,499.6255653408537,23.935056052336027,0.0,0.0,0.0,9.094947017729282e-13,0.0
2025-03-21 23:00:00+00:00,1,14.0,3180.2473885094764,986.5863638579697,1743.676590596762,449.98443405474274,986.5863638579697,489.4648384329583,497.12152542501144,2112.338756740974,0.0,986.5863638579697,0.0,1743.676590596762,0.0,449.98443405474274,0.0,0.0,0.0,0.0,0.0,1436.5707979127124,478.85693263757076,3659.104321147045,54.886564817205674,34.873531811935244,34.873531811935244,242.73324332300274,846.2238044016495,4026.471192911126,0.0,0.0,0.0,0.0,0.0,2383.773272600105,0.0,0.0,499.6255653408537,23.946394661191288,0.0,0.0,0.0,-1.1368683772161603e-13,0.0
2025-03-23 00:00:00+00:00,2,1.0,3047.0827957348697,943.3570091587887,1672.2997650444595,431.4260215316209,943.3570091587887,468.53914080458605,474.81786835420274,2112.338756740974,0.0,943.3570091587887,0.0,1672.2997650444595,0.0,431.4260215316209,0.0,0.0,0.0,0.0,0.0,1374.7830306904098,458.2610102301366,3505.343805965006,52.58015708947509,33.44599530088919,33.44599530088919,232.15712629155723,809.8902842129473,3856.9730799478166,0.0,0.0,0.0,0.0,0.0,2379.005726054905,0.0,0.0,499.6255653408537,23.95440589614622,0.0,0.0,0.0,-4.547473508864641e-13,0.0
2025-03-23 01:00:00+00:00,2,1.0,3689.539622469024,1142.0029177623428,2022.7772158401974,524.7594888664829,1142.0029177623428,568.9425727705719,573.0603449917709,2112.338756740974,0.0,1142.0029177623428,0.0,2022.7772158401974,0.0,524.7594888664829,0.0,0.0,0.0,0.0,0.0,1666.7624066288258,555.5874688762752,4245.127091345298,63.676906370179466,40.45554431680395,40.45554431680395,281.1771279980406,981.3525918781033,7169.020041051395,0.0,0.0,0.0,0.0,0.0,2374.2477146027954,2498.1278267042685,0.0,2869.5577109304218,23.945836672559313,0.0,0.0,0.0,-4.547473508864641e-13,0.0
2025-03-23 02:00:00+00:00,2,1.0,4766.883972927061,1475.8377730512045,2614.645249143737,676.4009507321233,1475.8377730512045,733.8655939659532,741.9721790852514,2112.338756740974,0.0,1475.8377730512045,0.0,2614.645249143737,0.0,676.4009507321233,0.0,0.0,0.0,0.0,0.0,2152.2387237833277,717.4129079277759,5484.296880854841,82.26445321282262,52.292904982874745,52.292904982874745,363.2708463600768,1267.5340174664248,6034.4179903934855,0.0,0.0,0.0,0.0,0.0,2369.49921917359,0.0,0.0,2869.5577109304218,23.929246577663736,0.0,0.0,0.0,-4.547473508864641e-13,0.0
2025-03-23 03:00:00+00:00,2,1.0,5065.620620082867,1567.667396578042,2776.9130291991924,721.0401943056314,1567.667396578042,781.6075687871272,786.0598277909147,2112.338756740974,0.0,1567.667396578042,0.0,2776.9130291991924,0.0,721.0401943056314,0.0,0.0,0.0,0.0,0.0,2288.707590883673,762.9025302945578,5828.523150377423,87.42784725566135,55.53826058398385,55.53826058398385,386.02304436075946,1347.4299430789463,8128.135439727888,0.0,0.0,0.0,0.0,0.0,2364.7602207352434,1715.0848765660744,0.0,4496.630088067684,23.926665529189258,0.0,0.0,0.0,2.2737367544323206e-13,0.0
2025-03-23 04:00:00+00:00,2,1.0,4612.233252327111,1426.9151096487678,2530.249423953052,655.0687187252921,1426.9151096487676,710.6063447836291,716.3087648651386,2112.338756740974,0.0,1426.9151096487678,0.0,2530.249423953052,0.0,655.0687187252921,0.0,0.0,0.0,0.0,0.0,2081.98382837406,693.99460945802,5306.227861785132,79.59341792677697,50.60498847906104,50.60498847906104,351.3021520141319,1226.100156357051,5838.3334086841605,0.0,0.0,0.0,0.0,0.0,2360.0307002937734,0.0,0.0,4496.630088067684,23.93330899499908,0.0,0.0,0.0,-1.1368683772161603e-12,0.0
2025-03-23 05:00:00+00:00,2,1.0,4918.4003314097545,1521.7903839516275,2696.693393132629,699.9165543254963,1521.7903839516275,758.7197160907491,763.0706678608785,2112.338756740974,0.0,1521.7903839516275,0.0,2696.693393132629,0.0,699.9165543254963,0.0,0.0,0.0,0.0,0.0,2221.7069382771238,740.5689794257079,5658.96931083546,84.8845396625319,53.933867862652576,53.933867862652576,374.7265947393409,1308.047849552886,6226.44818096264,0.0,0.0,0.0,0.0,0.0,2355.310638893186,0.0,0.0,4496.630088067684,23.929313552781508,0.0,0.0,0.0,0.0,0.0
2025-03-23 06:00:00+00:00,2,1.0,4640.041575661417,1435.3936700240165,2545.7863095528915,658.8615960845073,1435.3936700240165,714.6025942946112,720.7910757294052,2112.338756740974,0.0,1435.3936700240165,0.0,2545.7863095528915,0.0,658.8615960845073,0.0,0.0,0.0,0.0,0.0,2094.2552661085238,698.0850887028413,5338.126664364257,80.07189996546384,50.91572619105783,50.91572619105783,353.3829385092271,1233.3713795596477,5873.412955221063,0.0,0.0,0.0,0.0,0.0,2350.6000176154,0.0,0.0,4496.630088067684,23.932699787570282,0.0,0.0,0.0,-9.094947017729282e-13,0.0
2025-03-23 07:00:00+00:00,2,1.0,4423.780537253034,1369.9096494952241,2426.245337288473,627.6255504693397,1369.9096494952241,681.8141401523794,688.0955093428447,2112.338756740974,0.0,1369.9096494952241,0.0,2426.245337288473,0.0,627.6255504693397,0.0,0.0,0.0,0.0,0.0,1997.5351999645638,665.8450666548546,5089.625603907891,76.34438405861836,48.52490674576946,48.52490674576946,337.19317760042554,1176.4324418054375,5600.212979058471,0.0,0.0,0.0,0.0,0.0,2345.898817580169,0.0,0.0,4496.630088067684,23.93474062937995,0.0,0.0,0.0,0.0,0.0
2025-03-23 08:00:00+00:00,2,1.0,2525.460535255602,781.529170098204,1385.3035694192693,358.6277957381289,781.529170098204,389.1735019149356,392.35566818326834,2112.338756740974,0.0,781.529170098204,0.0,1385.3035694192693,0.0,358.6277957381289,0.0,0.0,0.0,0.0,0.0,1140.1569658363328,380.05232194544425,2905.5128572010462,43.58269285801569,27.706071388385386,27.706071388385386,192.40885651736724,671.456014097598,3196.9165493532,0.0,0.0,0.0,0.0,0.0,2341.207019945009,0.0,0.0,4496.630088067684,23.961383416588067,0.0,0.0,0.0,2.2737367544323206e-13,0.0
2025-03-23 09:00:00+00:00,2,1.0,4083.5344389885936,1265.0993498336063,2235.809588600403,582.6255005545827,1265.0993498336063,631.9715688264403,633.127781007166,2112.338756740974,0.0,1265.0993498336063,0.0,2235.809588600403,0.0,582.6255005545827,0.0,0.0,0.0,0.0,0.0,1847.724850388189,615.9082834627296,4699.442722451322,70.49164083676983,44.71619177200806,44.71619177200806,311.5626209938584,1087.394928837374,5170.929367825966,0.0,0.0,0.0,0.0,0.0,2336.524605905119,0.0,0.0,4496.630088067684,23.93894407960551,0.0,0.0,0.0,-1.1368683772161603e-12,0.0
2025-03-23 10:00:00+00:00,2,1.0,2599.533019262855,807.0066653879451,1423.7991995864086,368.72715428850256,807.0066653879451,401.794564598031,405.21210078991413,2112.338756740974,0.0,807.0066653879451,0.0,1423.7991995864086,48.541176906609735,320.1859773818928,0.0,0.0,48.541176906609735,64.72156920881298,16.180392302203245,1127.192642769838,375.7308809232793,2926.722723279526,43.90084084919288,28.961395760794268,28.47598399172817,198.59016342651796,691.8396572537158,1997.6090702775307,0.0,0.0,0.0,64.72156920881298,0.0,2393.3370474416815,0.0,1293.76360623904,3132.883504884818,23.957427306335383,0.0,0.0,0.0,0.0,0.0
2025-03-23 11:00:00+00:00,2,1.0,2678.3055703265177,831.0453779632797,1467.486287785207,379.77390457803097,831.0453779632799,413.76792698422844,417.27745097905137,2112.338756740974,0.0,831.0453779632797,0.0,1467.486287785207,3.778953232802337,375.9949513452286,0.0,0.0,3.778953232802337,5.038604310403116,1.259651077600779,1207.0403293085083,402.3467764361694,3076.8733935298847,46.15310090294827,29.387515288032162,29.34972575570414,204.5009125096925,712.9976819701473,893.1754255923961,0.0,0.0,0.0,5.038604310403116,0.0,2393.3370474416815,0.0,2498.1278267042685,499.6255653408537,23.958896348272468,0.0,0.0,0.0,-3.410605131648481e-13,0.0
2025-03-23 12:00:00+00:00,2,1.0,3707.387082912041,1148.1213451733604,2031.340111534987,527.9256262036923,1148.1213451733606,573.3414997601467,574.7798454132138,2112.338756740974,0.0,1148.1213451733604,0.0,2031.340111534987,3.778953232802337,524.14667297089,0.0,0.0,3.778953232802337,5.038604310403116,1.259651077600779,1672.2680181442504,557.4226727147501,4261.030802393987,63.915462035909805,40.664591763027765,40.626802230699745,282.7135198011598,986.6026996231479,4693.989782535188,0.0,0.0,0.0,5.038604310403116,0.0,2393.3370474416815,0.0,0.0,499.6255653408537,23.94550793616802,0.0,0.0,0.0,-7.958078640513122e-13,0.0
2025-03-23 13:00:00+00:00,2,1.0,4774.338456629509,1478.285181022636,2617.0500422286914,679.0032333781788,1478.2851810226362,737.3378268679215,740.9473541547145,2112.338756740974,0.0,1478.285181022636,0.0,2617.0500422286914,0.0,679.0032333781788,0.0,0.0,0.0,0.0,0.0,2157.288414400815,719.096138133605,5493.434594763112,82.40151892144668,52.34100084457383,52.34100084457383,363.9659055971866,1270.145564341386,7759.5688975369685,0.0,0.0,0.0,0.0,0.0,2388.5503733467986,1715.0848765660746,0.0,2126.6979424781157,23.930335790705062,0.0,0.0,0.0,-1.1368683772161603e-12,0.0
2025-03-23 14:00:00+00:00,2,1.0,2979.168721184503,921.16221324439,1638.8349320887205,419.1715758513941,921.1622132443902,456.83354461874416,464.32866862564595,2112.338756740974,0.0,921.16221324439,0.0,1638.8349320887205,0.0,419.1715758513941,0.0,0.0,0.0,0.0,0.0,1340.3337890957841,446.77792969859473,3425.946650883099,51.38919976324649,32.77669864177441,32.77669864177441,226.59969668891173,790.3202234343017,3769.4889446188045,0.0,0.0,0.0,0.0,0.0,2383.773272600105,0.0,0.0,2126.6979424781157,23.95621730149838,0.0,0.0,0.0,-1.1368683772161603e-13,0.0
2025-03-23 15:00:00+00:00,2,1.0,2661.2908495157944,821.7126491375399,1465.5097293124584,374.0684710657936,821.7126491375399,407.35041609643076,414.3622330411091,2112.338756740974,0.0,821.7126491375399,0.0,1465.5097293124584,0.0,374.0684710657936,0.0,0.0,0.0,0.0,0.0,1195.7811202033336,398.59370673444454,3059.8845562502365,45.89826834375354,29.310194586249168,29.310194586249168,202.13803476873358,705.25039901943,5864.669075239492,0.0,0.0,0.0,0.0,0.0,2379.005726054905,2498.1278267042685,0.0,4496.630088067684,23.964624823693754,0.0,0.0,0.0,-1.3642420526593924e-12,0.0
2025-03-23 16:00:00+00:00,2,1.0,2571.9426533617698,794.1162757208351,1415.1412124697022,362.68516517123055,794.1162757208351,394.1821398626304,399.9341358582047,2112.338756740974,0.0,794.1162757208351,0.0,1415.1412124697022,0.0,362.68516517123055,0.0,0.0,0.0,0.0,0.0,1156.8014408920658,385.60048029735526,2957.543133659123,44.36314700488685,28.302824249394043,28.302824249394043,195.41081104695056,681.9800868479808,3253.922740209751,0.0,0.0,0.0,0.0,0.0,2374.247714602796,0.0,0.0,4496.630088067684,23.965454299476118,0.0,0.0,0.0,2.2737367544323206e-13,0.0
2025-03-23 17:00:00+00:00,2,1.0,2694.2734470521896,831.6500659099218,1482.45684451598,380.1665366262886,831.6500659099218,412.4408270865863,419.2092388233354,2112.338756740974,0.0,831.6500659099218,0.0,1482.45684451598,18.81933810638759,361.347198519901,0.0,0.0,18.81933810638759,25.092450808516787,6.273112702129197,1192.9972644298227,397.6657548099409,3073.1198637557436,46.096797956336154,29.837330271383475,29.6491368903196,204.65433732478468,714.176469954894,3408.449917007084,0.0,0.0,0.0,25.092450808516787,0.0,2393.3370474416815,0.0,0.0,4496.630088067684,23.96524322063056,0.0,0.0,0.0,4.547473508864641e-13,0.0
2025-03-23 18:00:00+00:00,2,1.0,4148.013061258572,1283.3498306464894,2273.440341436969,591.2228891751143,1283.3498306464894,640.852851527517,642.4969791189723,2112.338756740974,0.0,1283.3498306464894,0.0,2273.440341436969,3.778953232802337,587.443935942312,0.0,0.0,3.778953232802337,5.038604310403116,1.259651077600779,1870.7937665888014,623.5979221962672,4767.832030222038,71.51748045333056,45.5065963610674,45.46880682873938,316.0534321057113,1103.4038890227166,2753.289123577018,0.0,0.0,0.0,5.038604310403116,0.0,2393.3370474416815,0.0,2498.1278267042685,1863.3721485237193,23.944535933644236,0.0,0.0,0.0,-1.8189894035458565e-12,0.0
2025-03-23 19:00:00+00:00,2,1.0,4286.388019597032,1324.697639623421,2349.5038243003564,612.1865556732539,1324.6976396234209,662.5493081657678,662.1483314576532,2112.338756740974,0.0,1324.697639623421,0.0,2349.5038243003564,3.778953232802337,608.4076024404516,0.0,0.0,3.778953232802337,5.038604310403116,1.259651077600779,1933.1052420638725,644.3684140212908,4926.97748038552,73.9046622057828,47.027866018335146,46.990076486007126,326.35442509983665,1139.9050949088532,4132.5295082668445,0.0,0.0,0.0,5.038604310403116,0.0,2393.3370474416815,0.0,1293.7636062390402,499.6255653408537,23.942809276778654,0.0,0.0,0.0,-9.094947017729282e-13,0.0
2025-03-23 20:00:00+00:00,2,1.0,3276.2455494626297,1012.6970823514669,1796.067367722286,467.4810993888746,1012.6970823514669,506.13311480076885,506.56396755069795,2112.338756740974,0.0,1012.6970823514669,0.0,1796.067367722286,3.778953232802337,463.7021461560723,0.0,0.0,3.778953232802337,5.038604310403116,1.259651077600779,1476.3992285075392,492.13307616917973,3764.5996723990047,56.46899508598507,35.95913688677374,35.92134735444572,249.45386907200333,871.1960756459885,4147.441625108618,0.0,0.0,0.0,5.038604310403116,0.0,2393.3370474416815,0.0,0.0,499.6255653408537,23.957209577689976,0.0,0.0,0.0,-4.547473508864641e-13,0.0
2025-03-23 21:00:00+00:00,2,1.0,3539.052929292931,1094.2947963237405,1939.853157723522,504.9049752456701,1094.2947963237405,546.0731719742834,548.2216243494571,2112.338756740974,0.0,1094.2947963237405,0.0,1939.853157723522,3.778953232802337,501.12602201286774,0.0,0.0,3.778953232802337,5.038604310403116,1.259651077600779,1595.4208183366081,531.806939445536,4067.080915505666,61.00621373258499,38.834852686798456,38.797063154470436,269.52725871169423,941.231978808685,4480.284908101616,0.0,0.0,0.0,5.038604310403116,0.0,2393.3370474416815,0.0,0.0,499.6255653408537,23.952828905306458,0.0,0.0,0.0,-2.2737367544323206e-13,0.0
2025-03-23 22:00:00+00:00,2,1.0,4426.837872567179,1368.0446717457453,2429.242069428723,629.5511313927103,1368.0446717457453,679.8613175178207,688.1833542279245,2112.338756740974,0.0,1368.0446717457453,0.0,2429.242069428723,0.0,629.5511313927103,0.0,0.0,0.0,0.0,0.0,1997.5958031384557,665.8652677128185,5092.703140279997,76.39054710419995,48.58484138857446,48.58484138857446,336.8452734305401,1176.2707710247075,5603.108643591886,0.0,0.0,0.0,0.0,0.0,2388.5503733467986,0.0,0.0,499.6255653408537,23.940065365530863,0.0,0.0,0.0,-6.821210263296962e-13,0.0
2025-03-23 23:00:00+00:00,2,1.0,4604.1904827817725,1422.7424410833423,2526.840078126588,654.607963571843,1422.7424410833423,706.8510995539482,715.8913415293941,2112.338756740974,0.0,1422.7424410833423,0.0,2526.840078126588,0.0,654.607963571843,0.0,0.0,0.0,0.0,0.0,2077.3504046551852,692.4501348850617,5296.640617666835,79.44960926500252,50.536801562531764,50.536801562531764,350.31045865744267,1223.2838059325704,5827.474288714342,0.0,0.0,0.0,0.0,0.0,2383.773272600105,0.0,0.0,499.6255653408537,23.936448694194738,0.0,0.0,0.0,-9.094947017729282e-13,0.0
2025-04-12 00:00:00+00:00,3,40.0,3091.7851799709215,955.1005952626647,1694.529967269674,442.1546174385837,955.1005952626647,480.6427410638178,474.4578541988468,2112.338756740974,0.0,955.1005952626647,0.0,1694.529967269674,0.0,442.1546174385837,0.0,0.0,0.0,0.0,0.0,1397.2552127012484,465.7517375670828,3557.536917538005,53.36305376307008,33.89059934539348,33.89059934539348,235.37247891933345,822.2684689402734,3914.053648911195,0.0,0.0,0.0,0.0,0.0,2379.005726054905,0.0,0.0,499.6255653408537,23.962700445619973,0.0,0.0,0.0,2.2737367544323206e-13,0.0
2025-04-12 01:00:00+00:00,3,40.0,3069.36490939459,947.5830447876795,1682.7924311745262,438.989433432384,947.5830447876795,476.26328032053857,471.3197644671408,2112.338756740974,0.0,947.5830447876795,0.0,1682.7924311745262,0.0,438.989433432384,0.0,0.0,0.0,0.0,0.0,1386.5724782200634,462.19082607335446,3531.555735467944,52.973336032019155,33.65584862349053,33.65584862349053,233.54242608295306,816.0182854353078,6383.511021534166,0.0,0.0,0.0,0.0,0.0,2374.2477146027954,2498.1278267042685,0.0,2869.5577109304218,23.96060381095546,0.0,0.0,0.0,-9.094947017729282e-13,0.0
2025-04-12 02:00:00+00:00,3,40.0,3040.409167427768,939.6522648259654,1665.2732369927398,435.4836656090614,939.6522648259654,472.4618577822794,467.19040704368604,2112.338756740974,0.0,939.6522648259654,0.0,1665.2732369927398,0.0,435.4836656090614,0.0,0.0,0.0,0.0,0.0,1375.1359304350267,458.3786434783422,3498.7878109061085,52.48181716359162,33.3054647398548,33.3054647398548,231.58610856824433,809.0574986898877,3849.4666661176557,0.0,0.0,0.0,0.0,0.0,2369.49921917359,0.0,0.0,2869.5577109304218,23.960696129252405,0.0,0.0,0.0,1.1368683772161603e-13,0.0
2025-04-12 03:00:00+00:00,3,40.0,3062.6154219436226,946.4476861355154,1676.9106327021614,439.25710310594525,946.4476861355154,476.0277773455002,470.41990879001514,2112.338756740974,0.0,946.4476861355154,0.0,1676.9106327021614,0.0,439.25710310594525,0.0,0.0,0.0,0.0,0.0,1385.7047892414607,461.90159641382024,3524.5170183574423,52.86775527536163,33.53821265404323,33.53821265404323,233.2862133514691,815.1319903487375,5592.8322888584335,0.0,0.0,0.0,0.0,0.0,2364.7602207352434,1715.0848765660744,0.0,4496.630088067684,23.96150856783215,0.0,0.0,0.0,-9.094947017729282e-13,0.0
2025-04-12 04:00:00+00:00,3,40.0,3109.60323598824,961.6978852790494,1701.3538070626253,446.5515436465658,961.6978852790494,484.1719316144819,477.52595366456757,2112.338756740974,0.0,961.6978852790494,0.0,1701.3538070626253,0.0,446.5515436465658,0.0,0.0,0.0,0.0,0.0,1408.2494289256151,469.4164763085384,3579.019712296779,53.68529568445168,34.02707614125251,34.02707614125251,237.05377228401164,828.2096965595068,3937.812932547747,0.0,0.0,0.0,0.0,0.0,2360.0307002937734,0.0,0.0,4496.630088067684,23.960438799239235,0.0,0.0,0.0,1.1368683772161603e-13,0.0
2025-04-12 05:00:00+00:00,3,40.0,3108.01247362187,960.8156890721543,1700.816840012831,446.3799445368861,960.8156890721543,483.94884690590084,476.8668421662535,2112.338756740974,0.0,960.8156890721543,0.0,1700.816840012831,0.0,446.3799445368861,0.0,0.0,0.0,0.0,0.0,1407.1956336090404,469.06521120301346,3577.077684824885,53.65616527237328,34.016336800256624,34.016336800256624,236.85345466918443,827.6075047450843,3935.6199783669545,0.0,0.0,0.0,0.0,0.0,2355.310638893186,0.0,0.0,4496.630088067684,23.960985429386213,0.0,0.0,0.0,2.2737367544323206e-13,0.0
2025-04-12 06:00:00+00:00,3,40.0,3057.446493160741,943.5339296361137,1675.0325035930266,438.8800599316003,943.5339296361137,475.281223455326,468.2527061807877,2112.338756740974,0.0,943.5339296361137,0.0,1675.0325035930266,0.0,438.8800599316003,0.0,0.0,0.0,0.0,0.0,1382.413989567714,460.804663189238,3518.2511563499784,52.773767345249674,33.500650071860534,33.500650071860534,232.64190346483832,813.2216341430469,3870.668127303788,0.0,0.0,0.0,0.0,0.0,2350.6000176154,0.0,0.0,4496.630088067684,23.961245240582084,0.0,0.0,0.0,2.2737367544323206e-13,0.0
2025-04-12 07:00:00+00:00,3,40.0,3070.6544380104815,947.9978687477278,1682.6282350540503,440.0283342087042,947.9978687477278,476.71433313710133,471.2835356106265,2112.338756740974,0.0,947.9978687477278,0.0,1682.6282350540503,0.0,440.0283342087042,0.0,0.0,0.0,0.0,0.0,1388.026202956432,462.6754009854773,3533.3298389959596,52.99994758493939,33.652564701081005,33.652564701081005,233.6919716948856,816.6724496674644,3887.3268876779453,0.0,0.0,0.0,0.0,0.0,2345.898817580169,0.0,0.0,4496.630088067684,23.959174403634435,0.0,0.0,0.0,-6.821210263296962e-13,0.0
2025-04-12 08:00:00+00:00,3,40.0,3024.258249840333,932.7852042745869,1658.0815137635375,433.3915318022053,932.7852042745869,468.6997310387593,464.08547323582764,2112.338756740974,0.0,932.7852042745869,0.0,1658.0815137635375,0.0,433.3915318022053,0.0,0.0,0.0,0.0,0.0,1366.1767360767922,455.3922453589307,3479.65049519926,52.1947574279889,33.16163027527075,33.16163027527075,229.9664531506353,803.8767164880965,3828.1349663284295,0.0,0.0,0.0,0.0,0.0,2341.207019945009,0.0,0.0,4496.630088067684,23.959708740590866,0.0,0.0,0.0,0.0,0.0
2025-04-12 09:00:00+00:00,3,40.0,2952.048198650281,910.1405007023666,1618.3406791829848,423.567018764928,910.1405007023666,457.7564081156715,452.3840925866951,2112.338756740974,0.0,910.1405007023666,0.0,1618.3406791829848,0.0,423.567018764928,0.0,0.0,0.0,0.0,0.0,1333.7075194672946,444.5691731557649,3396.6173718060445,50.94926057709066,32.3668135836597,32.3668135836597,224.4223630192254,784.6744239194003,3736.7226225696813,0.0,0.0,0.0,0.0,0.0,2336.524605905119,0.0,0.0,4496.630088067684,23.961486996397504,0.0,0.0,0.0,1.1368683772161603e-13,0.0
2025-04-12 10:00:00+00:00,3,40.0,2929.163055665478,902.1210725263563,1606.2808278135155,420.7611553256053,902.1210725263563,453.46641538913866,448.6546571372177,2112.338756740974,0.0,902.1210725263563,0.0,1606.2808278135155,48.541176906609735,372.21997841899554,0.0,0.0,48.541176906609735,64.72156920881298,16.180392302203245,1274.341050945352,424.78035031511735,3305.402229073985,49.58103343610977,32.611028325336406,32.12561655627031,222.49469033632008,777.7731112713572,2413.1725606977957,0.0,0.0,0.0,64.72156920881298,0.0,2393.3370474416815,0.0,1293.76360623904,3132.883504884818,23.96156244318295,0.0,0.0,0.0,1.1368683772161603e-13,0.0
2025-04-12 11:00:00+00:00,3,40.0,3018.0422265829366,930.7640469122586,1655.0548938646164,432.22328580606177,930.7640469122586,467.30440207184154,463.459644840417,2112.338756740974,0.0,930.7640469122586,0.0,1655.0548938646164,3.778953232802337,428.44433257325943,0.0,0.0,3.778953232802337,5.038604310403116,1.259651077600779,1359.208379485518,453.069459828506,3467.3327331786404,52.0099909976796,33.138887409620345,33.101097877292325,229.44802804205187,802.0271152327509,1321.9415151114194,0.0,0.0,0.0,5.038604310403116,0.0,2393.3370474416815,0.0,2498.1278267042685,499.6255653408537,23.96074273126905,0.0,0.0,0.0,4.547473508864641e-13,0.0
2025-04-12 12:00:00+00:00,3,40.0,2937.9634504198903,905.9325985177696,1611.1206490549678,420.91020284715324,905.9325985177696,455.15537876102275,450.7772197567469,2112.338756740974,0.0,905.9325985177696,0.0,1611.1206490549678,3.778953232802337,417.1312496143509,0.0,0.0,3.778953232802337,5.038604310403116,1.259651077600779,1323.0638481321205,441.0212827107068,3375.205779897795,50.62808669846692,32.26020251342737,32.22241298109935,223.34591599617403,780.7375519774753,3718.7010023973653,0.0,0.0,0.0,5.038604310403116,0.0,2393.3370474416815,0.0,0.0,499.6255653408537,23.961471010375067,0.0,0.0,0.0,-2.2737367544323206e-13,0.0
2025-04-12 13:00:00+00:00,3,40.0,2936.394018063023,907.9513459843239,1607.8038271186474,420.63884496005073,907.9513459843238,455.84285738835564,452.1084885959682,2112.338756740974,0.0,907.9513459843239,0.0,1607.8038271186474,0.0,420.63884496005073,0.0,0.0,0.0,0.0,0.0,1328.5901909443746,442.8633969814582,3379.2574150444802,50.6888612256672,32.15607654237295,32.15607654237295,223.75760117314374,781.622012465015,5433.100907094112,0.0,0.0,0.0,0.0,0.0,2388.5503733467986,1715.0848765660746,0.0,2126.6979424781157,23.960707168110936,0.0,0.0,0.0,-6.821210263296962e-13,0.0
2025-04-12 14:00:00+00:00,3,40.0,3007.658007168605,931.3671441489677,1645.182111687487,431.108751332152,931.3671441489678,468.1211779927519,463.24596615621584,2112.338756740974,0.0,931.3671441489677,0.0,1645.182111687487,0.0,431.108751332152,0.0,0.0,0.0,0.0,0.0,1362.4758954811196,454.15863182703987,3461.8166389956464,51.92724958493469,32.903642233749736,32.903642233749736,229.50347227896262,801.3966381584366,3809.0546453270413,0.0,0.0,0.0,0.0,0.0,2383.773272600105,0.0,0.0,2126.6979424781157,23.959847716670794,0.0,0.0,0.0,-2.2737367544323206e-13,0.0
2025-04-12 15:00:00+00:00,3,40.0,3059.3822059163886,946.9870353319583,1672.361414435262,440.03375614916973,946.9870353319583,477.568445688162,469.4185896437963,2112.338756740974,0.0,946.9870353319583,0.0,1672.361414435262,0.0,440.03375614916973,0.0,0.0,0.0,0.0,0.0,1387.020791481128,462.3402638270427,3521.722469743433,52.82583704615149,33.44722828870524,33.44722828870524,233.45611354280055,815.5166709934051,6373.026703614062,0.0,0.0,0.0,0.0,0.0,2379.005726054905,2498.1278267042685,0.0,4496.630088067684,23.959940595894352,0.0,0.0,0.0,0.0,0.0
2025-04-12 16:00:00+00:00,3,40.0,3006.305278603771,933.8735277879166,1640.9407579342276,431.4909928816264,933.8735277879166,470.54857115488926,463.32495663302734,2112.338756740974,0.0,933.8735277879166,0.0,1640.9407579342276,0.0,431.4909928816264,0.0,0.0,0.0,0.0,0.0,1365.364520669543,455.1215068898477,3461.4267854936184,51.921401782404274,32.81881515868455,32.81881515868455,230.0854422850428,802.7659812746638,3809.0712598784353,0.0,0.0,0.0,0.0,0.0,2374.247714602796,0.0,0.0,4496.630088067684,23.956191027075754,0.0,0.0,0.0,4.547473508864641e-13,0.0
2025-04-12 17:00:00+00:00,3,40.0,3007.45062791119,934.1673856562466,1642.3779579956472,430.9052842592969,934.1673856562466,470.339040281902,463.8283453743445,2112.338756740974,0.0,934.1673856562466,0.0,1642.3779579956472,18.81933810638759,412.0859461529093,0.0,0.0,18.81933810638759,25.092450808516787,6.273112702129197,1346.253331809156,448.751110603052,3437.382400407855,51.56073600611783,33.03575254097682,32.84755915991295,230.10953620195693,802.5778072141457,3810.0284351253363,0.0,0.0,0.0,25.092450808516787,0.0,2393.3370474416815,0.0,0.0,4496.630088067684,23.958364006063356,0.0,0.0,0.0,4.547473508864641e-13,0.0
2025-04-12 18:00:00+00:00,3,40.0,3066.3174869809536,952.0623418155765,1675.6055819802318,438.64956318514515,952.0623418155765,478.800392391209,473.2619494243675,2112.338756740974,0.0,952.0623418155765,0.0,1675.6055819802318,3.778953232802337,434.8706099523428,0.0,0.0,3.778953232802337,5.038604310403116,1.259651077600779,1386.9329517679193,462.31098392263976,3524.849517670791,52.872742765061865,33.54990117193266,33.51211163960464,234.49436097339867,817.9997515502384,1386.1894118269229,0.0,0.0,0.0,5.038604310403116,0.0,2393.3370474416815,0.0,2498.1278267042685,1863.3721485237193,23.956991403157712,0.0,0.0,0.0,-6.821210263296962e-13,0.0
2025-04-12 19:00:00+00:00,3,40.0,3014.1137776552564,934.8731144240209,1650.1709194862751,429.06974374496247,934.8731144240207,469.45485719022855,465.41825723379225,2112.338756740974,0.0,934.8731144240209,0.0,1650.1709194862751,3.778953232802337,425.29079051216013,0.0,0.0,3.778953232802337,5.038604310403116,1.259651077600779,1360.163904936181,453.38796831206037,3463.7227927345166,51.95584189101775,33.04120792205352,33.0034183897255,230.18011316796762,802.8282007604256,2523.1783721766415,0.0,0.0,0.0,5.038604310403116,0.0,2393.3370474416815,0.0,1293.7636062390402,499.6255653408537,23.95957059471929,0.0,0.0,0.0,-3.410605131648481e-13,0.0
2025-04-12 20:00:00+00:00,3,40.0,2967.55226047756,919.2333025035389,1625.5009166700834,422.81804130393783,919.2333025035389,462.29470975315036,456.9385927503885,2112.338756740974,0.0,919.2333025035389,0.0,1625.5009166700834,3.778953232802337,419.0390880711355,0.0,0.0,3.778953232802337,5.038604310403116,1.259651077600779,1338.2723905746743,446.0907968582248,3409.8641041029823,51.14796156154473,32.54780786572969,32.51001833340167,226.39467048726925,789.9509061837709,3757.503166661331,0.0,0.0,0.0,5.038604310403116,0.0,2393.3370474416815,0.0,0.0,499.6255653408537,23.960625048971572,0.0,0.0,0.0,-2.2737367544323206e-13,0.0
2025-04-12 21:00:00+00:00,3,40.0,2956.3872331650873,916.4062236658798,1619.1655291108605,420.81548038834615,916.4062236658799,460.6458431789565,455.76038048692334,2112.338756740974,0.0,916.4062236658798,0.0,1619.1655291108605,3.778953232802337,417.0365271555438,0.0,0.0,3.778953232802337,5.038604310403116,1.259651077600779,1333.4427508214235,444.4809169404745,3397.0891968727583,50.95633795309137,32.42110011454523,32.38331058221721,225.64844804781777,787.1497647157468,3743.5369978808344,0.0,0.0,0.0,5.038604310403116,0.0,2393.3370474416815,0.0,0.0,499.6255653408537,23.962287794602553,0.0,0.0,0.0,3.410605131648481e-13,0.0
2025-04-12 22:00:00+00:00,3,40.0,2970.19408654103,922.3783827190034,1627.1999854473831,420.6157183746447,922.3783827190034,462.27687201545274,460.1015107035506,2112.338756740974,0.0,922.3783827190034,0.0,1627.1999854473831,0.0,420.6157183746447,0.0,0.0,0.0,0.0,0.0,1342.9941010936482,447.6647003645494,3417.858786905581,51.26788180358371,32.543999708947666,32.543999708947666,226.95245818449064,790.9730397705191,3761.167126311549,0.0,0.0,0.0,0.0,0.0,2388.5503733467986,0.0,0.0,499.6255653408537,23.960678523781237,0.0,0.0,0.0,-2.2737367544323206e-13,0.0
2025-04-12 23:00:00+00:00,3,40.0,3033.7416111196762,943.981343341258,1661.1487614887283,428.6115062896914,943.981343341258,472.23160260380155,471.74974073745653,2112.338756740974,0.0,943.981343341258,0.0,1661.1487614887283,0.0,428.6115062896914,0.0,0.0,0.0,0.0,0.0,1372.5928496309493,457.53094987698313,3491.272560996661,52.369088414949914,33.22297522977457,33.22297522977457,232.16009016065712,808.5060789121392,3842.247690031815,0.0,0.0,0.0,0.0,0.0,2383.773272600105,0.0,0.0,499.6255653408537,23.957202876082466,0.0,0.0,0.0,-2.2737367544323206e-13,0.0
2025-06-08 00:00:00+00:00,4,59.0,2668.226443465902,827.5151329849697,1450.3525895627004,390.3587209182307,827.5151329849697,420.01593043956933,407.49920254540035,2112.338756740974,0.0,827.5151329849697,0.0,1450.3525895627004,0.0,390.3587209182307,0.0,0.0,0.0,0.0,0.0,1217.8738539032004,405.95795130106677,3074.1843947669677,46.11276592150451,29.007051791254007,29.007051791254007,204.29570440905917,714.3805252141385,3382.60696868004,0.0,0.0,0.0,0.0,0.0,0.0,0.0,0.0,499.6255653408537,23.96139656874636,0.0,0.0,0.0,-2.2737367544323206e-13,0.0
2025-06-08 01:00:00+00:00,4,59.0,2697.086106739959,839.9512437717375,1457.6777718800492,399.45709108817107,839.9512437717375,425.7551154475279,414.1961283242096,2112.338756740974,0.0,839.9512437717375,0.0,1457.6777718800492,0.0,399.45709108817107,0.0,0.0,0.0,0.0,0.0,1239.4083348599086,413.13611161996954,3110.2222183599274,46.65333327539891,29.153555437600986,29.153555437600986,207.44604793123514,725.5426037018055,5920.756537146033,0.0,0.0,0.0,0.0,0.0,0.0,2498.1278267042685,0.0,2869.5577109304218,23.96029172293827,0.0,0.0,0.0,0.0,0.0
2025-06-08 02:00:00+00:00,4,59.0,2748.2279820414296,857.3695878512565,1483.0135038817664,407.84489030840615,857.3695878512565,435.0797604055721,422.2898274456844,2112.338756740974,0.0,857.3695878512565,0.0,1483.0135038817664,0.0,407.84489030840615,0.0,0.0,0.0,0.0,0.0,1265.2144781596626,421.7381593865542,3169.966141427983,47.549492121419746,29.660270077635328,29.660270077635328,211.7408208417029,740.3490125049475,3488.576994546377,0.0,0.0,0.0,0.0,0.0,0.0,0.0,0.0,2869.5577109304218,23.96004566483247,0.0,0.0,0.0,0.0,0.0
2025-06-08 03:00:00+00:00,4,59.0,2787.1014940741543,868.711359017783,1503.9982075636156,414.39192749275406,868.711359017783,442.93575839790014,425.7756006198829,2112.338756740974,0.0,868.711359017783,0.0,1503.9982075636156,0.0,414.39192749275406,0.0,0.0,0.0,0.0,0.0,1283.1032865105371,427.70109550351236,3214.802589577665,48.222038843664976,30.07996415127231,30.07996415127231,214.63658450245438,750.7196471521763,5252.906017792405,0.0,0.0,0.0,0.0,0.0,0.0,1715.0848765660744,0.0,4496.630088067684,23.960892351114833,0.0,0.0,0.0,-2.2737367544323206e-13,0.0
2025-06-08 04:00:00+00:00,4,59.0,2835.911021442252,887.0477759788862,1525.8773084853083,422.98593697806166,887.0477759788862,454.84572705804214,432.202048920844,2112.338756740974,0.0,887.0477759788862,0.0,1525.8773084853083,0.0,422.98593697806166,0.0,0.0,0.0,0.0,0.0,1310.033712956948,436.67790431898266,3272.588925761239,49.088833886418584,30.517546169706165,30.517546169706165,219.15893472643788,765.9607652712515,3601.8717867135038,0.0,0.0,0.0,0.0,0.0,0.0,0.0,0.0,4496.630088067684,23.96242725200851,0.0,0.0,0.0,1.1368683772161603e-13,0.0
2025-06-08 05:00:00+00:00,4,59.0,2864.877477365525,895.82486684976,1540.5790180615343,428.4735924542328,895.82486684976,460.015449185137,435.809417664623,2112.338756740974,0.0,895.82486684976,0.0,1540.5790180615343,0.0,428.4735924542328,0.0,0.0,0.0,0.0,0.0,1324.2984593039928,441.4328197679976,3306.3102971335247,49.59465445700287,30.811580361230686,30.811580361230686,221.39696314179375,774.0475980892556,3638.92507545478,0.0,0.0,0.0,0.0,0.0,0.0,0.0,0.0,4496.630088067684,23.96290444810646,0.0,0.0,0.0,-4.547473508864641e-13,0.0
2025-06-08 06:00:00+00:00,4,59.0,2869.0960452254612,897.5073461437524,1541.4134659389633,430.17523314274547,897.5073461437524,460.78150146659766,436.7258446771548,2112.338756740974,0.0,897.5073461437524,0.0,1541.4134659389633,0.0,430.17523314274547,0.0,0.0,0.0,0.0,0.0,1327.682579286498,442.560859762166,3311.656904987627,49.674853574814406,30.828269318779267,30.828269318779267,221.84264027884518,775.734892253384,3644.830937478845,0.0,0.0,0.0,0.0,0.0,0.0,0.0,0.0,4496.630088067684,23.963281478042667,0.0,0.0,0.0,-2.2737367544323206e-13,0.0
2025-06-08 07:00:00+00:00,4,59.0,2935.153587802032,916.1076894010633,1584.284470336459,434.7614280645096,916.1076894010632,467.7755252556844,448.3321641453789,2112.338756740974,0.0,916.1076894010633,0.0,1584.284470336459,0.0,434.7614280645096,0.0,0.0,0.0,0.0,0.0,1350.8691174655728,450.2897058218576,3385.443293623889,50.78164940435833,31.685689406729182,31.685689406729182,226.22449551573925,790.6672295554134,3725.8208173574453,0.0,0.0,0.0,0.0,0.0,0.0,0.0,0.0,4496.630088067684,23.964078734712203,0.0,0.0,0.0,1.1368683772161603e-13,0.0
2025-06-08 08:00:00+00:00,4,59.0,2902.079830330927,906.1332481455038,1568.9531764574597,426.993405727965,906.1332481455038,460.98176492852207,445.1514832169818,2112.338756740974,0.0,906.1332481455038,0.0,1568.9531764574597,0.0,426.993405727965,0.0,0.0,0.0,0.0,0.0,1333.1266538734687,444.3755512911562,3346.4553816220846,50.196830724331264,31.379063529149196,31.379063529149196,223.59344300962522,780.9239520834112,3683.0037824143383,0.0,0.0,0.0,0.0,0.0,0.0,0.0,0.0,4496.630088067684,23.964513139462245,0.0,0.0,0.0,0.0,0.0
2025-06-08 09:00:00+00:00,4,59.0,2865.8243195745335,896.1072949170253,1548.5082645735783,421.20876008392963,896.1072949170253,456.90289386131195,439.2044010557134,2112.338756740974,0.0,896.1072949170253,0.0,1548.5082645735783,0.0,421.20876008392963,0.0,0.0,0.0,0.0,0.0,1317.316055000955,439.105351666985,3304.929671241518,49.57394506862277,30.970165291471567,30.970165291471567,221.07864741327194,771.6982747318227,3637.522594306356,0.0,0.0,0.0,0.0,0.0,0.0,0.0,0.0,4496.630088067684,23.963863781869367,0.0,0.0,0.0,-2.2737367544323206e-13,0.0
2025-06-08 10:00:00+00:00,4,59.0,3004.936785739249,940.352824159116,1624.0734875460923,440.5104740340377,940.352824159116,479.6913716216802,460.6614525374358,2112.338756740974,0.0,940.352824159116,0.0,1624.0734875460923,0.0,440.5104740340377,0.0,0.0,0.0,0.0,0.0,1380.8632981931537,460.2877660643846,3465.2245518036307,51.97836827705446,32.481469750921846,32.481469750921846,231.92850648686365,809.1575803301464,2520.330759830355,0.0,0.0,0.0,0.0,0.0,0.0,0.0,1293.76360623904,3132.883504884818,23.962054128833984,0.0,0.0,0.0,-6.821210263296962e-13,0.0
2025-06-08 11:00:00+00:00,4,59.0,2992.4877938225673,936.6117672735456,1619.1736616335083,436.70236491551384,936.6117672735456,476.59473160185223,460.01703567169346,2112.338756740974,0.0,936.6117672735456,0.0,1619.1736616335083,0.0,436.70236491551384,0.0,0.0,0.0,0.0,0.0,1373.3141321890594,457.7713773963531,3450.2591712189205,51.75388756828381,32.38347323267017,32.38347323267017,230.89656771864608,805.1887791486234,1299.548746266922,0.0,0.0,0.0,0.0,0.0,0.0,0.0,2498.1278267042685,499.6255653408537,23.96157124194387,0.0,0.0,0.0,-1.1368683772161603e-13,0.0
2025-06-08 12:00:00+00:00,4,59.0,2864.58811242164,896.8325664080467,1546.0989370191496,421.65660899444197,896.8325664080467,458.0125172964904,438.8200491115562,2112.338756740974,0.0,896.8325664080467,0.0,1546.0989370191496,0.0,421.65660899444197,0.0,0.0,0.0,0.0,0.0,1318.4891754024886,439.49639180082954,3304.084504222468,49.56126756333701,30.921978740382993,30.921978740382993,221.2739306893816,772.1755475343141,3636.7636599559537,0.0,0.0,0.0,0.0,0.0,0.0,0.0,0.0,499.6255653408537,23.96227867687119,0.0,0.0,0.0,-2.2737367544323206e-13,0.0
2025-06-08 13:00:00+00:00,4,59.0,2798.9460515361766,875.3041671590132,1511.2730892050372,412.36879517212765,875.3041671590132,446.8529116055875,428.4512555534257,2112.338756740974,0.0,875.3041671590132,0.0,1511.2730892050372,0.0,412.36879517212765,0.0,0.0,0.0,0.0,0.0,1287.6729623311408,429.2243207770469,3228.170372313225,48.42255558469837,30.225461784100744,30.225461784100744,216.00112229241614,754.098922222363,5268.129850324614,0.0,0.0,0.0,0.0,0.0,0.0,1715.0848765660746,0.0,2126.6979424781157,23.96478636689725,0.0,0.0,0.0,2.2737367544323206e-13,0.0
2025-06-08 14:00:00+00:00,4,59.0,2815.0490135332443,879.4903889083031,1524.1120613403782,411.4465632845605,879.4903889083031,447.7007702342916,431.7896186740115,2112.338756740974,0.0,879.4903889083031,0.0,1524.1120613403782,0.0,411.4465632845605,0.0,0.0,0.0,0.0,0.0,1290.9369521928636,430.3123173976212,3245.361330930863,48.68041996396294,30.482241226807563,30.482241226807563,216.89210958899253,756.8493294041918,3571.898342937436,0.0,0.0,0.0,0.0,0.0,0.0,0.0,0.0,2126.6979424781157,23.96449175827604,0.0,0.0,0.0,0.0,0.0
2025-06-08 15:00:00+00:00,4,59.0,3010.6690789388085,931.4388418581813,1647.1855897383211,432.0446473423073,931.4388418581814,468.29853996848357,463.14030188969775,2112.338756740974,0.0,931.4388418581813,0.0,1647.1855897383211,0.0,432.0446473423073,0.0,0.0,0.0,0.0,0.0,1363.4834892004885,454.49449640016286,3465.163575338973,51.97745363008459,32.94371179476642,32.94371179476642,229.5981004958843,801.9574741156646,6310.754379758741,0.0,0.0,0.0,0.0,0.0,0.0,2498.1278267042685,0.0,4496.630088067684,23.954358264691315,0.0,0.0,0.0,-4.547473508864641e-13,0.0
2025-06-08 16:00:00+00:00,4,59.0,3078.2069923204554,954.1535637850124,1683.243365098365,440.81006343707804,954.1535637850122,479.202277841202,474.9512859438103,2112.338756740974,0.0,954.1535637850124,0.0,1683.243365098365,0.0,440.81006343707804,0.0,0.0,0.0,0.0,0.0,1394.9636272220905,464.98787574069684,3543.194868061152,53.14792302091728,33.664867301967305,33.664867301967305,235.08899093075814,820.5545242963069,3898.761516616762,0.0,0.0,0.0,0.0,0.0,0.0,0.0,0.0,4496.630088067684,23.953278488380025,0.0,0.0,0.0,-2.2737367544323206e-13,0.0
2025-06-08 17:00:00+00:00,4,59.0,3074.9395644076244,952.8268285288832,1680.6007279648552,441.5120079138859,952.8268285288832,478.8093743764322,474.01745415245097,2112.338756740974,0.0,952.8268285288832,0.0,1680.6007279648552,0.0,441.5120079138859,0.0,0.0,0.0,0.0,0.0,1394.3388364427692,464.7796121475897,3539.7191765552143,53.09578764832821,33.6120145592971,33.6120145592971,234.82261093237017,819.9220398468823,3894.861604254507,0.0,0.0,0.0,0.0,0.0,0.0,0.0,0.0,4496.630088067684,23.954681114585295,0.0,0.0,0.0,1.1368683772161603e-13,0.0
2025-06-08 18:00:00+00:00,4,59.0,3058.9732310608524,947.5485027284493,1671.9607996067705,439.46392872563524,947.5485027284494,476.6035342544709,470.94496847397846,2112.338756740974,0.0,947.5485027284493,0.0,1671.9607996067705,0.0,439.46392872563524,0.0,0.0,0.0,0.0,0.0,1387.0124314540844,462.3374771513615,3521.3107082122165,52.819660623183246,33.43921599213541,33.43921599213541,233.55538464615026,815.5909544049657,1376.4363587615494,0.0,0.0,0.0,0.0,0.0,0.0,0.0,2498.1278267042685,1863.3721485237193,23.954185123330966,0.0,0.0,0.0,-2.2737367544323206e-13,0.0
2025-06-08 19:00:00+00:00,4,59.0,3062.354483484829,947.1405392254942,1672.0689959943684,443.14494826496684,947.1405392254942,479.46732336049126,467.67321586500293,2112.338756740974,0.0,947.1405392254942,0.0,1672.0689959943684,0.0,443.14494826496684,0.0,0.0,0.0,0.0,0.0,1390.285487490461,463.4284958301537,3525.782979314983,52.88674468972474,33.44137991988737,33.44137991988737,233.68932172092383,816.887322080577,2585.478199326366,0.0,0.0,0.0,0.0,0.0,0.0,0.0,1293.7636062390402,499.6255653408537,23.955917790579342,0.0,0.0,0.0,2.2737367544323206e-13,0.0
2025-06-08 20:00:00+00:00,4,59.0,3034.895582970205,938.1883428102971,1657.9072252325661,438.80001492734,938.1883428102972,474.9720151291508,463.2163276811463,2112.338756740974,0.0,938.1883428102971,0.0,1657.9072252325661,0.0,438.80001492734,0.0,0.0,0.0,0.0,0.0,1376.988357737637,458.996119245879,3493.891702216082,52.408375533241234,33.158144504651325,33.158144504651325,231.48326533032017,809.204049118743,3844.099632088948,0.0,0.0,0.0,0.0,0.0,0.0,0.0,0.0,499.6255653408537,23.955826679892255,0.0,0.0,0.0,1.1368683772161603e-13,0.0
2025-06-08 21:00:00+00:00,4,59.0,3007.7975109015924,930.6965210866823,1645.5178420563298,431.58314775857906,930.6965210866823,469.0287769022359,461.6677441844464,2112.338756740974,0.0,930.6965210866823,0.0,1645.5178420563298,0.0,431.58314775857906,0.0,0.0,0.0,0.0,0.0,1362.2796688452613,454.0932229484204,3461.890733850011,51.92836100775017,32.91035684112659,32.91035684112659,229.43660964382673,801.2789072822505,3809.0764181838426,0.0,0.0,0.0,0.0,0.0,0.0,0.0,0.0,499.6255653408537,23.953390631112473,0.0,0.0,0.0,-3.410605131648481e-13,0.0
2025-06-08 22:00:00+00:00,4,59.0,2975.856033715487,922.547630887892,1629.4916758549628,423.8167269726331,922.547630887892,461.3705619545032,461.1770689333888,2112.338756740974,0.0,922.547630887892,0.0,1629.4916758549628,0.0,423.8167269726331,0.0,0.0,0.0,0.0,0.0,1346.3643578605252,448.7881192868417,3424.6441530023294,51.36966229503494,32.58983351709926,32.58983351709926,227.17716743115238,792.5146160472275,3768.3706497627145,0.0,0.0,0.0,0.0,0.0,0.0,0.0,0.0,499.6255653408537,23.952142675761408,0.0,0.0,0.0,2.2737367544323206e-13,0.0
2025-06-08 23:00:00+00:00,4,59.0,2972.2519996359006,919.6474366691193,1628.4102483091979,424.1943146575833,919.6474366691193,460.522115968053,459.12532070106624,2112.338756740974,0.0,919.6474366691193,0.0,1628.4102483091979,0.0,424.1943146575833,0.0,0.0,0.0,0.0,0.0,1343.8417513267027,447.94725044223424,3420.199250078135,51.30298875117202,32.568204966183956,32.568204966183956,226.5570436482675,790.9436927740418,3763.1956924099427,0.0,0.0,0.0,0.0,0.0,0.0,0.0,0.0,499.6255653408537,23.955252779523086,0.0,0.0,0.0,3.410605131648481e-13,0.0
2025-07-04 00:00:00+00:00,5,66.0,2818.240359639253,870.2581855411208,1531.106725725845,416.8754483722864,870.2581855411208,450.2207929307704,420.0373926103505,2112.338756740974,0.0,870.2581855411208,0.0,1531.106725725845,0.0,416.8754483722864,0.0,0.0,0.0,0.0,0.0,1287.1336339134073,429.0445446378024,3247.284904277055,48.70927356415582,30.6221345145169,30.6221345145169,215.30394260821782,754.3020298392098,5287.627266044537,0.0,0.0,0.0,0.0,0.0,2355.3106388931865,1715.0848765660746,0.0,2126.6979424781157,23.966040632390992,0.0,0.0,0.0,-6.821210263296962e-13,0.0
2025-07-04 01:00:00+00:00,5,66.0,2774.3114535455616,856.8107924436215,1503.925222387104,413.575438714834,856.8107924436215,445.2928667952458,411.51792564837575,2112.338756740974,0.0,856.8107924436215,0.0,1503.925222387104,0.0,413.575438714834,0.0,0.0,0.0,0.0,0.0,1270.3862311584555,423.46207705281853,3197.773530598378,47.96660295897566,30.07850444774208,30.07850444774208,212.15873281193083,743.7444217192092,3518.0558752647707,0.0,0.0,0.0,0.0,0.0,2350.6000176154002,0.0,0.0,2126.6979424781157,23.96449121163496,0.0,0.0,0.0,0.0,0.0
2025-07-04 02:00:00+00:00,5,66.0,2760.9594491582247,852.5123677288052,1496.9069831384443,411.5400982909752,852.5123677288052,442.79728571527244,409.71508201353276,2112.338756740974,0.0,852.5123677288052,0.0,1496.9069831384443,0.0,411.5400982909752,0.0,0.0,0.0,0.0,0.0,1264.0524660197805,421.3508220065935,3182.310271164818,47.73465406747227,29.938139662768886,29.938139662768886,211.08863065215579,740.0503860517592,3501.009835209983,0.0,0.0,0.0,0.0,0.0,2345.8988175801696,0.0,0.0,2126.6979424781157,23.96552122608837,0.0,0.0,0.0,-9.094947017729282e-13,0.0
2025-07-04 03:00:00+00:00,5,66.0,2753.5121730464352,851.1144451378588,1491.9510716307561,410.4466562778186,851.1144451378588,442.4427190636509,408.67172607420787,2112.338756740974,0.0,851.1144451378588,0.0,1491.9510716307561,0.0,410.4466562778186,0.0,0.0,0.0,0.0,0.0,1261.5611014156773,420.5203671385591,3174.0325401849923,47.61048810277488,29.839021432615123,29.839021432615123,210.72367648139968,738.532574587964,5990.172574338667,0.0,0.0,0.0,0.0,0.0,2341.2070199450095,2498.1278267042685,0.0,4496.630088067684,23.964883322766596,0.0,0.0,0.0,-9.094947017729282e-13,0.0
2025-07-04 04:00:00+00:00,5,66.0,2746.0345353449115,849.375461232682,1488.1740416771738,408.4850324350554,849.375461232682,441.1029593748017,408.27250185788034,2112.338756740974,0.0,849.375461232682,0.0,1488.1740416771738,0.0,408.4850324350554,0.0,0.0,0.0,0.0,0.0,1257.8604936677375,419.28683122257917,3165.3213665674903,47.47982049851235,29.763480833543476,29.763480833543476,210.2339772419889,736.5275906301674,3482.5621259750783,0.0,0.0,0.0,0.0,0.0,2336.5246059051196,0.0,0.0,4496.630088067684,23.964047098957746,0.0,0.0,0.0,-6.821210263296962e-13,0.0
2025-07-04 05:00:00+00:00,5,66.0,2742.154172633252,847.6042676213717,1485.2966081694003,409.25329684248135,847.6042676213717,441.3843113947184,406.2199562266534,2112.338756740974,0.0,847.6042676213717,0.0,1485.2966081694003,0.0,409.25329684248135,0.0,0.0,0.0,0.0,0.0,1256.8575644638531,418.95252148795106,3161.106694121205,47.41660041181807,29.705932163388006,29.705932163388006,209.88511021370618,735.6660964402513,3477.8202690735025,0.0,0.0,0.0,0.0,0.0,2331.8515566933097,0.0,0.0,4496.630088067684,23.96611569133994,0.0,0.0,0.0,-9.094947017729282e-13,0.0
2025-07-04 06:00:00+00:00,5,66.0,2725.883905048667,843.2499836047481,1476.7929225333428,405.8409989105768,843.2499836047481,438.7507714609761,404.49921214377196,2112.338756740974,0.0,843.2499836047481,0.0,1476.7929225333428,0.0,405.8409989105768,0.0,0.0,0.0,0.0,0.0,1249.0909825153249,416.3636608384416,3142.247565887109,47.13371348830663,29.535858450666858,29.535858450666858,208.74411402740202,731.3132052554839,3457.197110304151,0.0,0.0,0.0,0.0,0.0,2327.1878535799233,0.0,0.0,4496.630088067684,23.96448232147583,0.0,0.0,0.0,-1.1368683772161603e-13,0.0
2025-07-04 07:00:00+00:00,5,66.0,2750.898024777563,851.1498296778697,1491.0310259951227,408.7171691045699,851.1498296778697,442.5396126229867,408.610217054883,2112.338756740974,0.0,851.1498296778697,0.0,1491.0310259951227,0.0,408.7171691045699,0.0,0.0,0.0,0.0,0.0,1259.8669987824396,419.9556662608132,3170.8536910383755,47.56280536557563,29.820620519902455,29.820620519902455,210.65048934548614,737.8102020116798,3488.7082267892433,0.0,0.0,0.0,0.0,0.0,2322.5334778727633,0.0,0.0,4496.630088067684,23.964221033410702,0.0,0.0,0.0,4.547473508864641e-13,0.0
2025-07-04 08:00:00+00:00,5,66.0,2781.6229960812484,860.9749223780329,1508.6849666354262,411.9631070677886,860.9749223780329,446.8908168245155,414.0841055535175,2112.338756740974,0.0,860.9749223780329,0.0,1508.6849666354262,0.0,411.9631070677886,0.0,0.0,0.0,0.0,0.0,1272.9380294458215,424.3126764819405,3205.9356725631883,48.08903508844782,30.173699332708527,30.173699332708527,212.99668981717417,745.7458000529796,3527.3687961342275,0.0,0.0,0.0,0.0,0.0,2317.888410917018,0.0,0.0,4496.630088067684,23.964184616009934,0.0,0.0,0.0,-4.547473508864641e-13,0.0
2025-07-04 09:00:00+00:00,5,66.0,2776.4756009080784,859.2595897746542,1503.5379558189209,413.6780553145032,859.2595897746542,447.631648676103,411.6279410985511,2112.338756740974,0.0,859.2595897746542,0.0,1503.5379558189209,0.0,413.6780553145032,0.0,0.0,0.0,0.0,0.0,1272.9376450891573,424.31254836305243,3200.7881492711304,48.01182223906695,30.07075911637842,30.07075911637842,212.71157780329025,745.1774666381664,3521.6530675462436,0.0,0.0,0.0,0.0,0.0,2313.2526340951845,0.0,0.0,4496.630088067684,23.964583062438884,0.0,0.0,0.0,-1.1368683772161603e-12,0.0
2025-07-04 10:00:00+00:00,5,66.0,2749.9392623389845,853.0753336336838,1490.583834578943,406.28009412635765,853.0753336336838,442.7187051361454,410.35662849753845,2112.338756740974,0.0,853.0753336336838,0.0,1490.583834578943,0.0,406.28009412635765,0.0,0.0,0.0,0.0,0.0,1259.3554277600415,419.7851425866805,3169.724404925665,47.54586607388497,29.81167669157886,29.81167669157886,210.94283721275383,737.8971992564769,3487.8364615954606,0.0,0.0,0.0,0.0,0.0,2308.6261288269943,0.0,0.0,4496.630088067684,23.96316803703874,0.0,0.0,0.0,-7.958078640513122e-13,0.0
2025-07-04 11:00:00+00:00,5,66.0,2729.8440828788735,846.0138161033868,1480.6092354882574,403.2210312872294,846.0138161033868,438.84283242418036,407.1709836792065,2112.338756740974,0.0,846.0138161033868,0.0,1480.6092354882574,70.52224016237426,332.6987911248551,0.0,0.0,70.52224016237426,94.02965354983235,23.507413387458087,1178.712607228242,392.904202409414,3052.2260451259135,45.7833906768887,30.317407111388892,29.61218470976515,209.2127652264586,731.3373635213734,963.0536196959785,0.0,0.0,0.0,94.02965354983235,0.0,2393.3370474416815,0.0,2498.1278267042685,1863.3721485237193,23.964425496165678,0.0,0.0,0.0,0.0,0.0
2025-07-04 12:00:00+00:00,5,66.0,2640.408421575164,816.2878948870201,1432.780351558786,391.3401751293571,816.2878948870201,424.51032566572144,391.7775692212987,2112.338756740974,0.0,816.2878948870201,0.0,1432.780351558786,3.778953232802337,387.56122189655474,0.0,0.0,3.778953232802337,5.038604310403116,1.259651077600779,1203.8491167835748,401.2830389278583,3037.912507270219,45.568687609053285,28.693396563503743,28.65560703117572,202.00195088889663,707.4623320980885,2054.107147434212,0.0,0.0,0.0,5.038604310403116,0.0,2393.3370474416815,0.0,1293.7636062390402,499.6255653408537,23.966065010115738,0.0,0.0,0.0,-3.410605131648481e-13,0.0
2025-07-04 13:00:00+00:00,5,66.0,2663.4376508569358,822.7172376651242,1444.8351460508463,395.8852671409665,822.7172376651242,426.7248959153544,395.9923417497699,2112.338756740974,0.0,822.7172376651242,0.0,1444.8351460508463,0.0,395.8852671409665,0.0,0.0,0.0,0.0,0.0,1218.6025048060908,406.2008349353636,3069.638485792301,46.04457728688451,28.896702921016928,28.896702921016928,203.63458242677225,713.6734004910543,5092.195927914065,0.0,0.0,0.0,0.0,0.0,2388.5503733467986,1715.0848765660746,0.0,2126.6979424781157,23.96751171943069,0.0,0.0,0.0,0.0,0.0
2025-07-04 14:00:00+00:00,5,66.0,2712.354349978731,837.7659165104458,1471.1476421753837,403.4407912929017,837.7659165104458,433.4844491470733,404.2814673633725,2112.338756740974,0.0,837.7659165104458,0.0,1471.1476421753837,0.0,403.4407912929017,0.0,0.0,0.0,0.0,0.0,1241.2067078033474,413.73556926778247,3126.0899192465135,46.8913487886977,29.422952843507673,29.422952843507673,207.344454063961,726.8172778074565,3439.1716277861874,0.0,0.0,0.0,0.0,0.0,2383.773272600105,0.0,0.0,2126.6979424781157,23.96919933298686,0.0,0.0,0.0,-2.2737367544323206e-13,0.0
2025-07-04 15:00:00+00:00,5,66.0,2751.8690673449673,848.7509163472049,1492.1595134672468,410.9586375305141,848.7509163472049,440.2542300061001,408.4966863411048,2112.338756740974,0.0,848.7509163472049,0.0,1492.1595134672468,0.0,410.9586375305141,0.0,0.0,0.0,0.0,0.0,1259.709553877719,419.9031846259063,3171.7722519708723,47.57658377956308,29.843190269344937,29.843190269344937,210.19614259329668,737.3622915374559,5987.359185586692,0.0,0.0,0.0,0.0,0.0,2379.005726054905,2498.1278267042685,0.0,4496.630088067684,23.968678793847833,0.0,0.0,0.0,0.0,0.0
2025-07-04 16:00:00+00:00,5,66.0,2760.8345873863886,851.3968664941314,1495.399408370476,414.0383125217803,851.3968664941315,442.6976126163361,408.69925387779534,2112.338756740974,0.0,851.3968664941314,0.0,1495.399408370476,15.0705259254363,398.967786596344,0.0,0.0,15.0705259254363,20.0940345672484,5.0235086418121,1250.3646530904753,416.7882176968251,3162.5522791577764,47.43828418736665,30.058693426663883,29.90798816740952,210.94446685507683,740.1611589751541,1002.8679196572742,0.0,0.0,0.0,20.0940345672484,0.0,2393.3370474416815,0.0,2498.1278267042685,1863.3721485237193,23.969494193960614,0.0,0.0,0.0,1.1368683772161603e-13,0.0
2025-07-04 17:00:00+00:00,5,66.0,2761.2847957782765,851.0010539616152,1494.7479192059557,415.53582261070585,851.0010539616151,443.210372194199,407.7906817674161,2112.338756740974,0.0,851.0010539616152,0.0,1494.7479192059557,0.0,415.53582261070585,0.0,0.0,0.0,0.0,0.0,1266.536876572321,422.17895885744036,3183.463754635717,47.75195631953576,29.894958384119114,29.894958384119114,210.94021140704209,740.6610433522563,3501.9458391305325,0.0,0.0,0.0,0.0,0.0,2388.5503733467986,0.0,0.0,1863.3721485237193,23.96852424833254,0.0,0.0,0.0,-3.410605131648481e-13,0.0
2025-07-04 18:00:00+00:00,5,66.0,3000.193083244442,925.1404474037622,1620.5683968776714,454.48423896300636,925.1404474037622,484.14511187801867,440.99533552574354,2112.338756740974,0.0,925.1404474037622,0.0,1620.5683968776714,0.0,454.48423896300636,0.0,0.0,0.0,0.0,0.0,1379.6246863667686,459.8748954555895,3460.0679787000295,51.90101968050044,32.41136793755343,32.41136793755343,229.4661779912657,806.0648290024625,2512.494306007864,0.0,0.0,0.0,0.0,0.0,2383.773272600105,0.0,1293.7636062390402,499.6255653408537,23.967849481483054,0.0,0.0,0.0,-1.1368683772161603e-13,0.0
2025-07-04 19:00:00+00:00,5,66.0,2979.2868905398427,918.8360171444007,1609.5314999615541,450.91937343388935,918.8360171444007,480.4447098242869,438.39130732011375,2112.338756740974,0.0,918.8360171444007,0.0,1609.5314999615541,0.0,450.91937343388935,0.0,0.0,0.0,0.0,0.0,1369.75539057829,456.5851301927633,3435.8720207326073,51.53808031098911,32.190629999231085,32.190629999231085,227.87098837295483,800.3754588751694,3779.662349415012,0.0,0.0,0.0,0.0,0.0,2379.005726054905,0.0,0.0,499.6255653408537,23.968366710826256,0.0,0.0,0.0,0.0,0.0
2025-07-04 20:00:00+00:00,5,66.0,2756.4462746615827,854.6262014977384,1495.2361911705298,406.58388199331745,854.6262014977383,435.56769693164824,419.0585045660901,2112.338756740974,0.0,854.6262014977384,0.0,1495.2361911705298,0.0,406.58388199331745,0.0,0.0,0.0,0.0,0.0,1261.210083491056,420.4033611636853,3176.849635825271,47.652744537379064,29.904723823410595,29.904723823410595,211.131107010931,738.9966603588166,3495.4429350203986,0.0,0.0,0.0,0.0,0.0,2374.2477146027954,0.0,0.0,499.6255653408537,23.968030894651964,0.0,0.0,0.0,-6.821210263296962e-13,0.0
2025-07-04 21:00:00+00:00,5,66.0,2678.48131628407,828.7713157875693,1460.3331298339624,389.376870662541,828.7713157875692,418.1921393581475,410.57917642942175,2112.338756740974,0.0,828.7713157875693,0.0,1460.3331298339624,0.0,389.376870662541,0.0,0.0,0.0,0.0,0.0,1218.1481864501102,406.04939548337006,3084.530711767443,46.26796067651164,29.206662596679248,29.206662596679248,204.47856198644828,715.2092433396884,3393.6905596237575,0.0,0.0,0.0,0.0,0.0,2369.49921917359,0.0,0.0,499.6255653408537,23.968323757800956,0.0,0.0,0.0,-1.0231815394945443e-12,0.0
2025-07-04 22:00:00+00:00,5,66.0,2653.3286196868225,820.6494806845085,1449.4132652622118,383.2658737401018,820.6494806845085,413.07106077514226,407.57841990936623,2112.338756740974,0.0,820.6494806845085,0.0,1449.4132652622118,0.0,383.2658737401018,0.0,0.0,0.0,0.0,0.0,1203.9153544246103,401.30511814153675,3054.633737828359,45.81950606742538,28.988265305244237,28.988265305244237,202.36676183210574,707.4679166515564,3360.7965363383782,0.0,0.0,0.0,0.0,0.0,2364.7602207352434,0.0,0.0,499.6255653408537,23.96798320383117,0.0,0.0,0.0,-6.821210263296962e-13,0.0
2025-07-04 23:00:00+00:00,5,66.0,2639.941990440102,814.7884118648559,1446.273886654439,378.8796919208064,814.788411864856,408.3781073537802,406.41030451107576,2112.338756740974,0.0,814.7884118648559,0.0,1446.273886654439,0.0,378.8796919208064,0.0,0.0,0.0,0.0,0.0,1193.6681037856624,397.8893679285541,3037.8313583686554,45.56747037552983,28.92547773308878,28.92547773308878,200.84497952901964,702.1527732992811,3342.0947637393833,0.0,0.0,0.0,0.0,0.0,2360.0307002937734,0.0,0.0,499.6255653408537,23.96777219792281,0.0,0.0,0.0,2.2737367544323206e-13,0.0
2025-09-25 00:00:00+00:00,6,31.0,2901.6103379852475,903.225418957153,1604.31192499251,394.0729940355868,903.225418957153,435.1171847465544,468.1082342105986,2112.338756740974,0.0,903.225418957153,0.0,1604.31192499251,0.0,394.0729940355868,0.0,0.0,0.0,0.0,0.0,1297.29841299274,432.4328043309133,3334.0431423161635,50.01064713474245,32.086238499850204,32.086238499850204,221.18528165423362,767.8012101195898,3669.4115481048375,0.0,0.0,0.0,0.0,0.0,2379.005726054905,0.0,0.0,499.6255653408537,23.949782575150223,0.0,0.0,0.0,2.2737367544323206e-13,0.0
2025-09-25 01:00:00+00:00,6,31.0,2813.053221362433,875.9546553103796,1556.0705425837753,381.02802346827895,875.9546553103796,420.7220690587102,455.23258625166943,2112.338756740974,0.0,875.9546553103796,0.0,1556.0705425837753,0.0,381.02802346827895,0.0,0.0,0.0,0.0,0.0,1256.9826787786585,418.9942262595528,3232.0474476219865,48.48071171432979,31.121410851675506,31.121410851675506,214.43076290990376,744.1485225871374,6055.329570653838,0.0,0.0,0.0,0.0,0.0,2374.2477146027954,2498.1278267042685,0.0,2869.5577109304218,23.95186927273552,0.0,0.0,0.0,-4.547473508864641e-13,0.0
2025-09-25 02:00:00+00:00,6,31.0,2778.8391508903856,865.7986418140994,1536.5657225787886,376.4747864974953,865.7986418140994,415.47732566710397,450.3213161469954,2112.338756740974,0.0,865.7986418140994,0.0,1536.5657225787886,0.0,376.4747864974953,0.0,0.0,0.0,0.0,0.0,1242.2734283115947,414.0911427705316,3192.9302936609147,47.89395440491372,30.731314451575773,30.731314451575773,211.9312395349147,735.3789656135116,3514.2181165038965,0.0,0.0,0.0,0.0,0.0,2369.49921917359,0.0,0.0,2869.5577109304218,23.951046752230543,0.0,0.0,0.0,-6.821210263296962e-13,0.0
2025-09-25 03:00:00+00:00,6,31.0,2801.830507389542,872.5545326618457,1549.3258467622761,379.9501279654198,872.5545326618458,418.7721872131927,453.782345448653,2112.338756740974,0.0,872.5545326618457,0.0,1549.3258467622761,0.0,379.9501279654198,0.0,0.0,0.0,0.0,0.0,1252.5046606272654,417.5015535424218,3219.3320609319635,48.28998091397945,30.986516935245522,30.986516935245522,213.61686397482433,741.3814323017166,5258.2968162573325,0.0,0.0,0.0,0.0,0.0,2364.7602207352434,1715.0848765660744,0.0,4496.630088067684,23.949749096077724,0.0,0.0,0.0,-6.821210263296962e-13,0.0
2025-09-25 04:00:00+00:00,6,31.0,2797.6655864432987,867.0873509197148,1548.8788197489382,381.6994157746452,867.0873509197148,417.6903542535968,449.396996666118,2112.338756740974,0.0,867.0873509197148,0.0,1548.8788197489382,0.0,381.6994157746452,0.0,0.0,0.0,0.0,0.0,1248.78676669436,416.2622555647867,3213.927842008085,48.20891763012127,30.977576394978765,30.977576394978765,212.52075472084636,738.9470807057119,3536.6126671490106,0.0,0.0,0.0,0.0,0.0,2360.0307002937734,0.0,0.0,4496.630088067684,23.953438026573,0.0,0.0,0.0,0.0,0.0
2025-09-25 05:00:00+00:00,6,31.0,2851.1160942723395,882.6428960317239,1577.6221988145,390.85099942611583,882.6428960317239,425.9929951232617,456.64990090846226,2112.338756740974,0.0,882.6428960317239,0.0,1577.6221988145,0.0,390.85099942611583,0.0,0.0,0.0,0.0,0.0,1273.4938954578397,424.49796515261323,3275.6140594249528,49.13421089137429,31.55244397629,31.55244397629,216.4631732962274,753.2002372927949,3604.316331565134,0.0,0.0,0.0,0.0,0.0,2355.310638893186,0.0,0.0,4496.630088067684,23.95255403790667,0.0,0.0,0.0,-3.410605131648481e-13,0.0
2025-09-25 06:00:00+00:00,6,31.0,2897.596325228168,896.0244627408518,1603.9771199120257,397.5947425752897,896.0244627408517,433.0997509930188,462.924711747833,2112.338756740974,0.0,896.0244627408518,0.0,1603.9771199120257,0.0,397.5947425752897,0.0,0.0,0.0,0.0,0.0,1293.6192053161415,431.2064017720472,3328.8027270002144,49.93204090500321,32.07954239824051,32.07954239824051,219.79686111202525,765.0943885855567,3662.6907138137244,0.0,0.0,0.0,0.0,0.0,2350.6000176154,0.0,0.0,4496.630088067684,23.953744660586516,0.0,0.0,0.0,-3.410605131648481e-13,0.0
2025-09-25 07:00:00+00:00,6,31.0,2939.804260036653,906.6698945387006,1628.1701795028791,404.9641859950726,906.6698945387006,439.33368037397054,467.3362141647301,2112.338756740974,0.0,906.6698945387006,0.0,1628.1701795028791,0.0,404.9641859950726,0.0,0.0,0.0,0.0,0.0,1311.6340805337732,437.2113601779244,3377.0156202145768,50.65523430321865,32.56340359005758,32.56340359005758,222.56707794724088,775.560479608499,3715.364739645152,0.0,0.0,0.0,0.0,0.0,2345.898817580169,0.0,0.0,4496.630088067684,23.9544962200779,0.0,0.0,0.0,0.0,0.0
2025-09-25 08:00:00+00:00,6,31.0,2945.080060947703,906.5478707137817,1631.8947323958594,406.6374578380639,906.5478707137818,441.7591157169458,464.7887549968359,2112.338756740974,0.0,906.5478707137817,0.0,1631.8947323958594,0.0,406.6374578380639,0.0,0.0,0.0,0.0,0.0,1313.1853285518455,437.7284428506152,3382.80850379832,50.7421275569748,32.637894647917186,32.637894647917186,222.6684137265708,776.4147734299952,3721.4948343776973,0.0,0.0,0.0,0.0,0.0,2341.207019945009,0.0,0.0,4496.630088067684,23.955606065348565,0.0,0.0,0.0,-6.821210263296962e-13,0.0
2025-09-25 09:00:00+00:00,6,31.0,2930.317398884138,903.018089840312,1622.2352321562726,405.0640768875541,903.0180898403121,440.3416320852415,462.67645775507054,2112.338756740974,0.0,903.018089840312,0.0,1622.2352321562726,0.0,405.0640768875541,0.0,0.0,0.0,0.0,0.0,1308.082166727866,436.0273889092887,3366.3447877934273,50.495171816901404,32.444704643125455,32.444704643125455,221.80728159244384,773.2192516048848,3703.536650489023,0.0,0.0,0.0,0.0,0.0,2336.524605905119,0.0,0.0,4496.630088067684,23.952950341994665,0.0,0.0,0.0,1.1368683772161603e-13,0.0
2025-09-25 10:00:00+00:00,6,31.0,2948.936314313021,909.4126468876022,1632.3008231658896,407.2228442595298,909.4126468876022,442.93224250881934,466.48040437878296,2112.338756740974,0.0,909.4126468876022,0.0,1632.3008231658896,48.541176906609735,358.68166735292004,0.0,0.0,48.541176906609735,64.72156920881298,16.180392302203245,1268.0943142405222,422.6981047468407,3323.0932421532525,49.846398632298786,33.13142823238389,32.64601646331779,223.32484188180823,777.8271822588526,2432.9998903328337,0.0,0.0,0.0,64.72156920881298,0.0,2393.3370474416815,0.0,1293.76360623904,3132.883504884818,23.954620059444853,0.0,0.0,0.0,0.0,0.0
2025-09-25 11:00:00+00:00,6,31.0,2984.0348840763613,920.8706049453821,1651.5089009009976,411.6553782299807,920.8706049453822,448.1782243509251,472.692380594457,2112.338756740974,0.0,920.8706049453821,0.0,1651.5089009009976,3.778953232802337,407.8764249971784,0.0,0.0,3.778953232802337,5.038604310403116,1.259651077600779,1328.7470299425604,442.9156766475201,3423.1716074910782,51.347574112366175,33.06796755034797,33.03017801801995,226.10325252061529,787.7242999264702,1273.6313572985632,0.0,0.0,0.0,5.038604310403116,0.0,2393.3370474416815,0.0,2498.1278267042685,499.6255653408537,23.952039933527765,0.0,0.0,0.0,2.2737367544323206e-13,0.0
2025-09-25 12:00:00+00:00,6,31.0,2952.3289487971765,914.838945167439,1635.530732193151,401.95927143658486,914.838945167439,442.2515464786353,472.58739868880366,2112.338756740974,0.0,914.838945167439,0.0,1635.530732193151,3.778953232802337,398.1803182037825,0.0,0.0,3.778953232802337,5.038604310403116,1.259651077600779,1313.0192633712215,437.6730877904072,3386.2230833547796,50.79334625032169,32.74840417619104,32.71061464386302,224.22540367714385,779.4105076155275,3731.7394564127044,0.0,0.0,0.0,5.038604310403116,0.0,2393.3370474416815,0.0,0.0,499.6255653408537,23.951089817508773,0.0,0.0,0.0,3.410605131648481e-13,0.0
2025-09-25 13:00:00+00:00,6,31.0,2912.9973999582544,902.6186312276446,1614.897720566265,395.4810481643464,902.6186312276445,434.8233959125983,467.7952353150463,2112.338756740974,0.0,902.6186312276446,0.0,1614.897720566265,0.0,395.4810481643464,0.0,0.0,0.0,0.0,0.0,1298.099679391991,432.69989313066367,3345.6972930889197,50.18545939633379,32.2979544113253,32.2979544113253,221.15922414199702,768.6404854916451,5396.722762015974,0.0,0.0,0.0,0.0,0.0,2388.5503733467986,1715.0848765660746,0.0,2126.6979424781157,23.95086969910165,0.0,0.0,0.0,-2.2737367544323206e-13,0.0
2025-09-25 14:00:00+00:00,6,31.0,2897.536658208427,897.6651368295059,1604.6387480227552,395.2327733561664,897.6651368295059,433.75341308699586,463.91172374251005,2112.338756740974,0.0,897.6651368295059,0.0,1604.6387480227552,0.0,395.2327733561664,0.0,0.0,0.0,0.0,0.0,1292.8979101856721,430.9659700618907,3328.502628270318,49.927539424054764,32.0927749604551,32.0927749604551,220.0687735167459,765.1478329236015,3662.684491132029,0.0,0.0,0.0,0.0,0.0,2383.773272600105,0.0,0.0,2126.6979424781157,23.94801794503815,0.0,0.0,0.0,4.547473508864641e-13,0.0
2025-09-25 15:00:00+00:00,6,31.0,2901.2151153021136,897.45069711449,1608.1118810892167,395.6525370984072,897.45069711449,432.7474172042228,464.7032799102672,2112.338756740974,0.0,897.45069711449,0.0,1608.1118810892167,0.0,395.6525370984072,0.0,0.0,0.0,0.0,0.0,1293.1032342128972,431.0344114042991,3332.2495267064132,49.9837429005962,32.162237621784335,32.162237621784335,220.02885953750362,765.3714890859676,6164.714431092349,0.0,0.0,0.0,0.0,0.0,2379.005726054905,2498.1278267042685,0.0,4496.630088067684,23.950706864695892,0.0,0.0,0.0,-1.3642420526593924e-12,0.0
2025-09-25 16:00:00+00:00,6,31.0,2901.737994427714,898.0332193620193,1608.3028769089813,395.40189815671386,898.0332193620193,433.2151590694596,464.8180602925596,2112.338756740974,0.0,898.0332193620193,0.0,1608.3028769089813,0.0,395.40189815671386,0.0,0.0,0.0,0.0,0.0,1293.435117518733,431.145039172911,3332.8830336006254,49.99324550400938,32.16605753817963,32.16605753817963,220.1480191392209,765.6184188925006,3667.3564133202144,0.0,0.0,0.0,0.0,0.0,2374.247714602796,0.0,0.0,4496.630088067684,23.950238057109967,0.0,0.0,0.0,-2.2737367544323206e-13,0.0
2025-09-25 17:00:00+00:00,6,31.0,2922.2616041557385,905.4166161215855,1618.3410982636071,398.5038897705469,905.4166161215855,437.6765629428224,467.7400531787631,2112.338756740974,0.0,905.4166161215855,0.0,1618.3410982636071,18.81933810638759,379.6845516641593,0.0,0.0,18.81933810638759,25.092450808516787,6.273112702129197,1285.1011677857448,428.3670559285816,3331.8093219779335,49.977139829669,32.55501534633602,32.366821965272145,221.95695704312377,771.4961028151117,3693.7577069708504,0.0,0.0,0.0,25.092450808516787,0.0,2393.3370474416815,0.0,0.0,4496.630088067684,23.949404767332105,0.0,0.0,0.0,2.2737367544323206e-13,0.0
2025-09-25 18:00:00+00:00,6,31.0,2984.318557264252,925.3574673023663,1650.3154462732996,408.6456436885868,925.3574673023663,448.2580860278054,477.099381274561,2112.338756740974,0.0,925.3574673023663,0.0,1650.3154462732996,3.778953232802337,404.86669045578446,0.0,0.0,3.778953232802337,5.038604310403116,1.259651077600779,1330.2241577581508,443.40805258605025,3423.947656617501,51.35921484926251,33.044098457794014,33.006308925465994,226.90897976571233,788.9863056618858,1275.1770362218685,0.0,0.0,0.0,5.038604310403116,0.0,2393.3370474416815,0.0,2498.1278267042685,1863.3721485237193,23.949007823398837,0.0,0.0,0.0,-6.821210263296962e-13,0.0
2025-09-25 19:00:00+00:00,6,31.0,3005.1735252236713,932.1585658131413,1660.7493890108103,412.26557039971885,932.1585658131414,452.3077558863327,479.85080992680867,2112.338756740974,0.0,932.1585658131413,0.0,1660.7493890108103,3.778953232802337,408.4866171669165,0.0,0.0,3.778953232802337,5.038604310403116,1.259651077600779,1340.6451829800578,446.8817276600193,3448.2762996508873,51.72414449476331,33.252777312544225,33.214987780216205,228.60944577969977,794.9427341048436,2506.3526530894737,0.0,0.0,0.0,5.038604310403116,0.0,2393.3370474416815,0.0,1293.7636062390402,499.6255653408537,23.94996049729883,0.0,0.0,0.0,-9.094947017729282e-13,0.0
2025-09-25 20:00:00+00:00,6,31.0,3020.229052487607,937.7715234952321,1668.7598678842483,413.69766110812634,937.771523495232,454.1953498782816,483.5761736169505,2112.338756740974,0.0,937.7715234952321,0.0,1668.7598678842483,3.778953232802337,409.918707875324,0.0,0.0,3.778953232802337,5.038604310403116,1.259651077600779,1347.6902313705561,449.2300771235187,3465.6801763783233,51.985202645674846,33.41298689001299,33.37519735768497,229.92086891494372,799.1839840094361,3819.413036497043,0.0,0.0,0.0,5.038604310403116,0.0,2393.3370474416815,0.0,0.0,499.6255653408537,23.948103647093852,0.0,0.0,0.0,-3.410605131648481e-13,0.0
2025-09-25 21:00:00+00:00,6,31.0,2950.7057417030483,917.379422108772,1630.2298095297244,403.09651006455215,917.379422108772,443.72183188164826,473.65759022712376,2112.338756740974,0.0,917.379422108772,0.0,1630.2298095297244,3.778953232802337,399.3175568317498,0.0,0.0,3.778953232802337,5.038604310403116,1.259651077600779,1316.6969789405218,438.89899298017394,3385.8257814504204,50.787386721756306,32.64238572292251,32.60459619059449,224.8281154189236,781.0211281119717,3731.726869815019,0.0,0.0,0.0,5.038604310403116,0.0,2393.3370474416815,0.0,0.0,499.6255653408537,23.948552251155647,0.0,0.0,0.0,-7.958078640513122e-13,0.0
2025-09-25 22:00:00+00:00,6,31.0,3008.2873212151394,934.2724461428302,1661.7565786123866,412.2582964599201,934.2724461428302,452.5411666745106,481.73127946831954,2112.338756740974,0.0,934.2724461428302,0.0,1661.7565786123866,0.0,412.2582964599201,0.0,0.0,0.0,0.0,0.0,1346.5307426027503,448.8435808675834,3457.1309020827202,51.8569635312408,33.23513157224773,33.23513157224773,229.06472464126432,796.235532184584,3804.522853399723,0.0,0.0,0.0,0.0,0.0,2388.5503733467986,0.0,0.0,499.6255653408537,23.948932767411982,0.0,0.0,0.0,-5.684341886080801e-13,0.0
2025-09-25 23:00:00+00:00,6,31.0,3018.9215469377955,936.3587685234826,1668.094657574921,414.4681208393915,936.3587685234827,454.61647266344096,481.7422958600417,2112.338756740974,0.0,936.3587685234826,0.0,1668.094657574921,0.0,414.4681208393915,0.0,0.0,0.0,0.0,0.0,1350.826889362874,450.27562978762467,3469.19717672542,52.037957650881296,33.36189315149842,33.36189315149842,229.66472528048877,798.7020990219917,3817.6236459597867,0.0,0.0,0.0,0.0,0.0,2383.773272600105,0.0,0.0,499.6255653408537,23.948801966289526,0.0,0.0,0.0,-4.547473508864641e-13,0.0
2025-10-25 00:00:00+00:00,7,36.0,2528.7797424181535,791.5685561188801,1401.412244922094,335.7989413771774,791.5685561188802,376.30840535742544,415.2601507614547,2112.338756740974,0.0,791.5685561188801,0.0,1401.412244922094,0.0,335.7989413771774,0.0,0.0,0.0,0.0,0.0,1127.3674974960575,375.78916583201914,2904.5689082501704,43.56853362375255,28.02824489844188,28.02824489844188,193.31336395379168,668.727553206447,3197.5072956246,0.0,0.0,0.0,0.0,0.0,2379.005726054905,0.0,0.0,499.6255653408537,23.951229956860335,0.0,0.0,0.0,-6.821210263296962e-13,0.0
2025-10-25 01:00:00+00:00,7,36.0,2517.520352218336,788.3289667299672,1395.9504527918339,333.24093269653645,788.3289667299672,373.77337527404757,414.5555914559196,2112.338756740974,0.0,788.3289667299672,0.0,1395.9504527918339,0.0,333.24093269653645,0.0,0.0,0.0,0.0,0.0,1121.5698994265035,373.8566331421678,2891.3769853605054,43.37065478040758,27.91900905583668,27.91900905583668,192.4551995709537,665.5205056052025,5681.168684527807,0.0,0.0,0.0,0.0,0.0,2374.2477146027954,2498.1278267042685,0.0,2869.5577109304218,23.95002813656059,0.0,0.0,0.0,4.547473508864641e-13,0.0
2025-10-25 02:00:00+00:00,7,36.0,2536.9740567440685,794.3061249741871,1409.2694720916663,333.39845967821543,794.3061249741871,374.7101411918593,419.59598378232783,2112.338756740974,0.0,794.3061249741871,0.0,1409.2694720916663,0.0,333.39845967821543,0.0,0.0,0.0,0.0,0.0,1127.7045846524024,375.9015282174675,2912.8755849615363,43.693133774423046,28.185389441833326,28.185389441833326,193.77520650438035,669.7406473799375,3206.714704124006,0.0,0.0,0.0,0.0,0.0,2369.49921917359,0.0,0.0,2869.5577109304218,23.950250613516978,0.0,0.0,0.0,-1.1368683772161603e-13,0.0
2025-10-25 03:00:00+00:00,7,36.0,2490.5298133950173,779.449314324751,1382.831259370557,328.2492396997079,779.449314324751,368.76719137820567,410.68212294654523,2112.338756740974,0.0,779.449314324751,0.0,1382.831259370557,0.0,328.2492396997079,0.0,0.0,0.0,0.0,0.0,1107.6985540244589,369.2328513414863,2859.7626647365023,42.896439971047535,27.65662518741114,27.65662518741114,190.21252633041,657.6550680177661,4863.269757978856,0.0,0.0,0.0,0.0,0.0,2364.7602207352434,1715.0848765660744,0.0,4496.630088067684,23.953231510002915,0.0,0.0,0.0,-1.3642420526593924e-12,0.0
2025-10-25 04:00:00+00:00,7,36.0,2491.2758855604698,780.0723452863699,1383.4142538791764,327.78928639492466,780.0723452863699,368.68103419909085,411.39131108727906,2112.338756740974,0.0,780.0723452863699,0.0,1383.4142538791764,0.0,327.78928639492466,0.0,0.0,0.0,0.0,0.0,1107.8616316812945,369.2872105604315,2860.5630961209026,42.90844644181354,27.66828507758353,27.66828507758353,190.3251575407335,657.8573846981456,3149.1332702586155,0.0,0.0,0.0,0.0,0.0,2360.0307002937734,0.0,0.0,4496.630088067684,23.95268013920426,0.0,0.0,0.0,2.2737367544323206e-13,0.0
2025-10-25 05:00:00+00:00,7,36.0,2514.2272191741786,787.4049385002899,1396.6856779480277,330.13660272586094,787.4049385002899,371.82780420049585,415.577134299794,2112.338756740974,0.0,787.4049385002899,0.0,1396.6856779480277,0.0,330.13660272586094,0.0,0.0,0.0,0.0,0.0,1117.541541226151,372.51384707538364,2886.741066249562,43.30111599374343,27.933713558960555,27.933713558960555,192.07675870930404,663.7591488963523,3177.98636807053,0.0,0.0,0.0,0.0,0.0,2355.310638893186,0.0,0.0,4496.630088067684,23.952069456397236,0.0,0.0,0.0,-1.0231815394945443e-12,0.0
2025-10-25 06:00:00+00:00,7,36.0,2544.3729493899773,797.219407737958,1411.611361440964,335.542180211056,797.2194077379581,377.75185167824594,419.46755605971214,2112.338756740974,0.0,797.219407737958,0.0,1411.611361440964,0.0,335.542180211056,0.0,0.0,0.0,0.0,0.0,1132.761587949014,377.5871959830047,2921.960145372983,43.82940218059474,28.23222722881928,28.23222722881928,194.54344608260038,672.4244987038384,3216.797448093815,0.0,0.0,0.0,0.0,0.0,2350.6000176154,0.0,0.0,4496.630088067684,23.95123537418569,0.0,0.0,0.0,-5.684341886080801e-13,0.0
2025-10-25 07:00:00+00:00,7,36.0,2526.457168777455,791.4604623014372,1403.1524963658076,331.8442101102108,791.4604623014372,374.21747983354686,417.2429824678904,2112.338756740974,0.0,791.4604623014372,0.0,1403.1524963658076,0.0,331.8442101102108,0.0,0.0,0.0,0.0,0.0,1123.304672411648,374.43489080388264,2900.892059581338,43.51338089372007,28.06304992731615,28.06304992731615,193.06944874304781,667.1438202952829,3193.600989072738,0.0,0.0,0.0,0.0,0.0,2345.898817580169,0.0,0.0,4496.630088067684,23.952089183637664,0.0,0.0,0.0,-2.2737367544323206e-13,0.0
2025-10-25 08:00:00+00:00,7,36.0,2488.024131698533,779.2365351808554,1383.174640460179,325.6129560574993,779.2365351808554,367.716470886993,411.5200642938624,2112.338756740974,0.0,779.2365351808554,0.0,1383.174640460179,0.0,325.6129560574993,0.0,0.0,0.0,0.0,0.0,1104.8494912383546,368.2831637461182,2856.3072954446516,42.844609431669774,27.663492809203582,27.663492809203582,190.02625007485986,656.481008871055,3144.505140569587,0.0,0.0,0.0,0.0,0.0,2341.207019945009,0.0,0.0,4496.630088067684,23.953346015145115,0.0,0.0,0.0,-7.958078640513122e-13,0.0
2025-10-25 09:00:00+00:00,7,36.0,2511.5316420559743,786.1249321399221,1396.980007140784,328.4267027752674,786.1249321399221,370.9668498028197,415.1580823371023,2112.338756740974,0.0,786.1249321399221,0.0,1396.980007140784,0.0,328.4267027752674,0.0,0.0,0.0,0.0,0.0,1114.5516349151894,371.5172116383965,2883.04885369437,43.24573280541555,27.93960014281568,27.93960014281568,191.7093903397806,662.3515350692239,3173.883177125199,0.0,0.0,0.0,0.0,0.0,2336.524605905119,0.0,0.0,4496.630088067684,23.953172118386583,0.0,0.0,0.0,6.821210263296962e-13,0.0
2025-10-25 10:00:00+00:00,7,36.0,2528.253386990863,791.1631592423333,1406.2454160224147,330.8448117261137,791.1631592423333,373.0455665625279,418.11759267980545,2112.338756740974,0.0,791.1631592423333,0.0,1406.2454160224147,48.541176906609735,282.30363481950394,0.0,0.0,48.541176906609735,64.72156920881298,16.180392302203245,1073.4667940618374,357.82226468727913,2837.534474771531,42.56301712157297,28.610320089514392,28.124908320448295,192.9491484524312,666.2500509734492,1900.739831725272,0.0,0.0,0.0,64.72156920881298,0.0,2393.3370474416815,0.0,1293.76360623904,3132.883504884818,23.952581656518714,0.0,0.0,0.0,-1.1368683772161603e-13,0.0
2025-10-25 11:00:00+00:00,7,36.0,2512.5000461809145,785.4592231437412,1398.4559148763199,328.5849081608541,785.4592231437412,370.27888274391864,415.1803403998225,2112.338756740974,0.0,785.4592231437412,0.0,1398.4559148763199,3.778953232802337,324.8059549280518,0.0,0.0,3.778953232802337,5.038604310403116,1.259651077600779,1110.265178071793,370.08839269059763,2878.8094856387106,43.18214228458066,28.00690782985442,27.969118297526396,191.56054558861084,662.0667577687707,676.4389772454169,0.0,0.0,0.0,5.038604310403116,0.0,2393.3370474416815,0.0,2498.1278267042685,499.6255653408537,23.95464195989943,0.0,0.0,0.0,2.2737367544323206e-13,0.0
2025-10-25 12:00:00+00:00,7,36.0,2404.621778597998,753.0005458092022,1337.0802912346655,314.5409415541295,753.0005458092022,354.6913133205432,398.309232488659,2112.338756740974,0.0,753.0005458092022,0.0,1337.0802912346655,3.778953232802337,310.7619883213272,0.0,0.0,3.778953232802337,5.038604310403116,1.259651077600779,1063.7625341305293,354.5875113768431,2755.430336742038,41.33145505113057,26.779395357021336,26.741605824693313,183.61528016063053,634.3148988479196,3038.9366774459177,0.0,0.0,0.0,5.038604310403116,0.0,2393.3370474416815,0.0,0.0,499.6255653408537,23.954297381841386,0.0,0.0,0.0,1.1368683772161603e-13,0.0
2025-10-25 13:00:00+00:00,7,36.0,2420.1149006663345,758.9643618800352,1345.338413925957,315.8121248603421,758.9643618800353,357.1457461231945,401.81861575684076,2112.338756740974,0.0,758.9643618800352,0.0,1345.338413925957,0.0,315.8121248603421,0.0,0.0,0.0,0.0,0.0,1074.7764867403773,358.2588289134591,2778.3737295797937,41.6756059436969,26.906768278519138,26.906768278519138,185.00321302914452,638.7511844433388,4773.950961675747,0.0,0.0,0.0,0.0,0.0,2388.5503733467986,1715.0848765660746,0.0,2126.6979424781157,23.952625999424455,0.0,0.0,0.0,-1.1368683772161603e-12,0.0
2025-10-25 14:00:00+00:00,7,36.0,2432.1762087706884,762.8124641070914,1351.4318969007072,317.9318477628898,762.8124641070914,359.46625029320046,403.3462138138909,2112.338756740974,0.0,762.8124641070914,0.0,1351.4318969007072,0.0,317.9318477628898,0.0,0.0,0.0,0.0,0.0,1080.7443118699812,360.2481039566604,2792.4243127273485,41.88636469091023,27.028637938014146,27.028637938014146,185.96980230945064,642.1615468330494,3074.3377556037376,0.0,0.0,0.0,0.0,0.0,2383.773272600105,0.0,0.0,2126.6979424781157,23.952861297578735,0.0,0.0,0.0,-2.2737367544323206e-13,0.0
2025-10-25 15:00:00+00:00,7,36.0,2433.220030783311,763.3422240811115,1351.873179935824,318.004626766376,763.3422240811115,359.56925355031615,403.77297053079525,2112.338756740974,0.0,763.3422240811115,0.0,1351.873179935824,0.0,318.004626766376,0.0,0.0,0.0,0.0,0.0,1081.3468508474875,360.44895028249584,2793.668981065807,41.90503471598711,27.03746359871648,27.03746359871648,186.0875418557101,642.516454051626,5573.864311539204,0.0,0.0,0.0,0.0,0.0,2379.005726054905,2498.1278267042685,0.0,4496.630088067684,23.95243217253484,0.0,0.0,0.0,-1.3642420526593924e-12,0.0
2025-10-25 16:00:00+00:00,7,36.0,2473.2096265882515,775.875335667401,1374.4099974483609,322.9242934724908,775.875335667401,365.0121098633105,410.8632258040905,2112.338756740974,0.0,775.875335667401,0.0,1374.4099974483609,0.0,322.9242934724908,0.0,0.0,0.0,0.0,0.0,1098.7996291398917,366.2665430466306,2839.4761696348833,42.59214254452325,27.488199948967218,27.488199948967218,189.1209551853983,652.9560406744866,3126.1656672627373,0.0,0.0,0.0,0.0,0.0,2374.247714602796,0.0,0.0,4496.630088067684,23.95214353940117,0.0,0.0,0.0,-7.958078640513122e-13,0.0
2025-10-25 17:00:00+00:00,7,36.0,2468.5778610092766,774.9742027508005,1371.6475841172883,321.95607414118894,774.9742027508005,364.12728023422386,410.84692251657657,2112.338756740974,0.0,774.9742027508005,0.0,1371.6475841172883,18.81933810638759,303.13673603480134,0.0,0.0,18.81933810638759,25.092450808516787,6.273112702129197,1078.1109387856018,359.3703129285339,2809.128835831424,42.13693253747136,27.621145063409642,27.432951682345767,188.86798044633665,651.7024353602266,3120.2802963695035,0.0,0.0,0.0,25.092450808516787,0.0,2393.3370474416815,0.0,0.0,4496.630088067684,23.950723253374992,0.0,0.0,0.0,3.410605131648481e-13,0.0
2025-10-25 18:00:00+00:00,7,36.0,2443.485067689006,766.0960505142914,1357.8304201727167,319.5585970019985,766.0960505142914,360.3395484224113,405.75650209188007,2112.338756740974,0.0,766.0960505142914,0.0,1357.8304201727167,3.778953232802337,315.7796437691962,0.0,0.0,3.778953232802337,5.038604310403116,1.259651077600779,1081.8756942834875,360.6252314278292,2800.3313458840335,42.0049701882605,27.19439793578236,27.156608403454335,186.7717908688095,645.0126499017367,590.3698908864745,0.0,0.0,0.0,5.038604310403116,0.0,2393.3370474416815,0.0,2498.1278267042685,1863.3721485237193,23.952980243219333,0.0,0.0,0.0,2.2737367544323206e-13,0.0
2025-10-25 19:00:00+00:00,7,36.0,2479.0774094315857,776.5592555298921,1380.0215815912636,322.49657231043193,776.559255529892,364.00369064374996,412.55556488614207,2112.338756740974,0.0,776.5592555298921,0.0,1380.0215815912636,3.778953232802337,318.7176190776296,0.0,0.0,3.778953232802337,5.038604310403116,1.259651077600779,1095.2768746075217,365.09229153584056,2840.3907477346256,42.605861216019385,27.638221164153297,27.600431631825273,189.24542217455746,653.4418787999967,1838.7556819925421,0.0,0.0,0.0,5.038604310403116,0.0,2393.3370474416815,0.0,1293.7636062390402,499.6255653408537,23.952502271247564,0.0,0.0,0.0,-1.1368683772161603e-13,0.0
2025-10-25 20:00:00+00:00,7,36.0,2499.227206624947,783.9755162556778,1389.3133433059063,325.9383470633636,783.9755162556778,367.758123016967,416.2173932387108,2112.338756740974,0.0,783.9755162556778,0.0,1389.3133433059063,3.778953232802337,322.15939383056127,0.0,0.0,3.778953232802337,5.038604310403116,1.259651077600779,1106.134910086239,368.711636695413,2864.1598900875583,42.962398351313375,27.82405639844615,27.786266866118126,191.07123424124734,659.6152436301388,3158.8424502550865,0.0,0.0,0.0,5.038604310403116,0.0,2393.3370474416815,0.0,0.0,499.6255653408537,23.949919589864734,0.0,0.0,0.0,6.821210263296962e-13,0.0
2025-10-25 21:00:00+00:00,7,36.0,2539.409197134827,796.169930257736,1410.7111801362585,332.52808674083343,796.169930257736,374.33197684442405,421.83795341331205,2112.338756740974,0.0,796.169930257736,0.0,1410.7111801362585,3.778953232802337,328.7491335080311,0.0,0.0,3.778953232802337,5.038604310403116,1.259651077600779,1124.919063765767,374.9730212552557,2910.6032651572814,43.65904897735922,28.252013135053193,28.21422360272517,194.12351671080455,670.4814747587985,3209.890671893626,0.0,0.0,0.0,5.038604310403116,0.0,2393.3370474416815,0.0,0.0,499.6255653408537,23.95082843069825,0.0,0.0,0.0,3.410605131648481e-13,0.0
2025-10-25 22:00:00+00:00,7,36.0,2719.374850323636,853.0901948059338,1510.1983252092098,356.0863303084909,853.0901948059338,401.11165415781363,451.9785406481202,2112.338756740974,0.0,853.0901948059338,0.0,1510.1983252092098,0.0,356.0863303084909,0.0,0.0,0.0,0.0,0.0,1209.1765251144247,403.05884170480823,3122.4336920284427,46.83650538042664,30.203966504184194,30.203966504184194,207.9979909968306,718.3012710904338,3437.6761214140706,0.0,0.0,0.0,0.0,0.0,2388.5503733467986,0.0,0.0,499.6255653408537,23.945101320586552,0.0,0.0,0.0,6.821210263296962e-13,0.0
2025-10-25 23:00:00+00:00,7,36.0,2665.5769577284495,836.2442319468898,1478.5752326054396,350.75749317611815,836.2442319468898,395.04673747241935,441.1974944744705,2112.338756740974,0.0,836.2442319468898,0.0,1478.5752326054396,0.0,350.75749317611815,0.0,0.0,0.0,0.0,0.0,1187.0017251230079,395.6672417076693,3061.244199436117,45.91866299154175,29.571504652108793,29.571504652108793,203.99912846788928,704.7280424713178,3370.3050001997667,0.0,0.0,0.0,0.0,0.0,2383.773272600105,0.0,0.0,499.6255653408537,23.946172080318913,0.0,0.0,0.0,-6.821210263296962e-13,0.0
2025-12-05 00:00:00+00:00,8,47.0,3313.760256430499,1028.754094224699,1807.960828353309,477.04533385249044,1028.7540942246987,519.4505804386874,509.3035137860114,2112.338756740974,408.61168365095773,620.1424105737412,1379.7958170090424,428.16501134426653,477.0453338524904,5.684341886080802e-14,594.3442671286658,185.73258347770806,1856.8411508615327,2475.78820114871,618.9470502871775,620.1424105737412,206.71413685791376,1255.0215587759217,18.825323381638825,54.72762807568151,8.56330022688533,253.59283378687255,1347.1028560938773,4660.863112524377,2762.5781892270497,2762.57818922705,0.0,307.55427905032593,0.0,292.1765650978096,0.0,0.0,2126.6979424781157,23.948099770874833,0.0,0.0,0.0,1.1368683772161603e-12,0.0
2025-12-05 01:00:00+00:00,8,47.0,3255.273607904799,1012.1631403288307,1776.4429484180005,466.6675191579708,1012.1631403288307,510.2747618758143,501.88837845301634,2112.338756740974,408.6116836509578,603.5514566778729,1390.173631703562,386.26931671443845,466.66751915797084,-5.684341886080802e-14,594.3442671286659,185.7325834777081,1856.841150861533,2475.7882011487104,618.9470502871776,603.5514566778729,201.18381889262432,1191.0045922849358,17.865068884274038,54.09727047697534,7.725386334288769,249.34779960985745,1334.8989779629055,4590.172585867705,2838.6607407709503,2838.66074077095,4.547473508864641e-13,231.4717275064263,0.0,511.49035309871897,0.0,0.0,2126.6979424781157,23.949943457966018,0.0,0.0,0.0,0.0,0.0
2025-12-05 02:00:00+00:00,8,47.0,3269.75182916589,1016.968608508045,1783.4344464525564,469.34877420528596,1016.968608508045,512.6962318400207,504.2723766680243,2112.338756740974,408.6116836509577,608.3569248570873,1387.492376656247,395.9420697963094,469.34877420528596,0.0,594.3442671286657,185.73258347770803,1856.841150861533,2475.7882011487104,618.9470502871776,608.3569248570873,202.7856416190291,1207.0846362724258,18.106269544086384,54.237100437666456,7.918841395926188,250.5483519405808,1338.2758387021745,7106.155494572334,2901.54308665981,2901.54308665981,0.0,168.58938161756623,0.0,670.6272849292095,2498.1278267042685,0.0,4496.630088067684,23.949491055169837,0.0,0.0,0.0,9.094947017729282e-13,0.0
2025-12-05 03:00:00+00:00,8,47.0,3240.5741984163383,1007.6006351084309,1767.8200220443368,465.1535412635707,1007.6006351084309,507.99771151676816,499.6029235916628,2112.338756740974,408.6116836509578,598.9889514574731,1391.687609597962,376.13241244637493,465.1535412635707,0.0,594.3442671286659,185.7325834777081,1856.8411508615327,2475.78820114871,618.9470502871775,598.9889514574731,199.66298381915772,1174.7843477230058,17.621765215845087,53.924811949502065,7.522648248927498,248.2482450628603,1331.6600880611782,4572.2342864775155,2942.07768465078,2942.07768465078,0.0,128.0547836265955,0.0,790.9380748046168,0.0,0.0,4496.630088067684,23.950268963544886,0.0,0.0,0.0,-9.094947017729282e-13,0.0
2025-12-05 04:00:00+00:00,8,47.0,3244.6578009155373,1008.1831823723159,1771.7513482696722,464.72327027354936,1008.1831823723159,507.69437151067604,500.4888108616398,2112.338756740974,408.6116836509578,599.571498721358,1392.1178805879833,379.6334676816889,464.72327027354936,0.0,594.3442671286659,185.7325834777081,1856.8411508615327,2475.78820114871,618.9470502871775,599.571498721358,199.85716624045267,1179.0621326434996,17.68593198965249,54.003438474008775,7.592669353633778,248.35804943251554,1332.1768892551488,4576.834690170685,3820.020856999633,4426.42226442819,0.0,0.0,749.8883887222572,0.0,0.0,0.0,4496.630088067684,23.95019467004481,0.0,0.0,0.0,-1.5916157281026244e-12,0.0
2025-12-05 05:00:00+00:00,8,47.0,3213.546996667924,998.9457695635589,1752.1843283292446,462.4168987751211,998.9457695635588,504.5570157059981,494.38875385756074,2112.338756740974,408.61168365095773,590.3340859126012,1394.4242520864118,357.76007624283284,462.4168987751211,0.0,594.3442671286658,185.73258347770806,1856.841150861533,2475.7882011487104,618.9470502871776,590.3340859126012,196.7780286375337,1144.8721907929676,17.173082861894514,53.61209807520022,7.155201524856657,246.18942506795224,1325.587469932323,4539.134466600246,3070.132468277376,6145.5900633261,0.0,0.0,0.0,0.0,0.0,0.0,4496.630088067684,23.950389845839638,0.0,0.0,0.0,-9.094947017729282e-13,0.0
2025-12-05 06:00:00+00:00,8,47.0,3231.6086361001035,1005.2169692639226,1761.944260695573,464.44740614060885,1005.2169692639227,506.8198726912359,498.39709657268673,2112.338756740974,408.6116836509578,596.6052856129647,1392.393744720924,369.550515974649,464.44740614060885,0.0,594.3442671286659,185.7325834777081,1856.8411508615327,2475.78820114871,618.9470502871775,596.6052856129647,198.86842853765492,1165.0242301252688,17.47536345187903,53.807296722526786,7.39101031949298,247.66839463313966,1329.890127429579,4561.498763529682,3070.1324682773757,5783.5908478806,0.0,0.0,0.0,0.0,0.0,0.0,4496.630088067684,23.951880874186568,0.0,0.0,0.0,-4.547473508864641e-13,0.0
2025-12-05 07:00:00+00:00,8,47.0,3273.6988613332783,1016.5192027354973,1786.1089766480625,471.07068194971765,1016.5192027354974,511.9224496110386,504.59675312445876,2112.338756740974,408.61168365095773,607.9075190845396,1385.7704689118154,400.33850773624704,471.07068194971765,0.0,594.3442671286658,185.73258347770806,1856.8411508615332,2475.788201148711,618.9470502871777,607.9075190845396,202.6358396948465,1210.8818665156332,18.1632279977345,54.290591041576576,8.006770154724942,250.528419351745,1338.3044820055134,4612.003343338791,3070.1324682773766,4705.32990859721,0.0,0.0,0.0,0.0,0.0,0.0,4496.630088067684,23.952307435258792,0.0,0.0,0.0,-9.094947017729282e-13,0.0
2025-12-05 08:00:00+00:00,8,47.0,3289.965582270757,1020.9462527608675,1793.9180859063142,475.10124360357366,1020.9462527608675,515.8306127800475,505.11563998082005,2112.338756740974,408.6116836509577,612.3345691099098,1381.7399072579592,412.178178648355,475.10124360357366,0.0,594.3442671286657,185.73258347770803,1856.841150861533,2475.7882011487104,618.9470502871776,612.3345691099098,204.1115230366366,1228.6242707949013,18.42936406192352,54.44677322674161,8.243563572967101,251.73987611491913,1341.6507337780736,4631.6163160488295,3070.132468277376,4249.98488331008,0.0,0.0,0.0,0.0,0.0,0.0,4496.630088067684,23.952282964875227,0.0,0.0,0.0,-9.094947017729282e-13,0.0
2025-12-05 09:00:00+00:00,8,47.0,3246.17856726729,1007.9698696932379,1770.629943755053,467.5787538189962,1007.9698696932379,508.91102590428176,499.05884378895615,2112.338756740974,408.61168365095773,599.3581860422802,459.5516192029994,1311.0783245520538,467.5787538189962,0.0,594.3442671286658,185.73258347770806,927.1303730219956,1236.1738306959942,309.04345767399855,599.3581860422802,199.7860620140934,2110.2225726084275,31.653338589126413,44.683902605321016,26.221566491041077,248.47046601528976,1045.5913768665782,4291.769944133868,1830.51809782466,1830.51809782466,0.0,0.0,0.0,0.0,0.0,0.0,4496.630088067684,23.9511476961177,0.0,0.0,0.0,0.0,0.0
2025-12-05 10:00:00+00:00,8,47.0,3249.987944525909,1009.4827112094645,1773.0822901385638,467.4229431778829,1009.4827112094645,508.73406846859524,500.7486427408692,2112.338756740974,0.0,1009.4827112094645,0.0,1773.0822901385638,467.422943177883,-5.684341886080802e-14,0.0,0.0,467.422943177883,623.2305909038439,155.80764772596098,1009.4827112094645,336.4942370698215,3119.05923841785,46.785888576267745,40.13587523455011,35.46164580277128,248.7882005868452,863.4734949962167,2819.697833283086,0.0,0.0,0.0,623.2305909038439,0.0,592.0690613586518,0.0,1293.76360623904,3132.883504884818,23.95071718167515,0.0,0.0,0.0,4.547473508864641e-13,0.0
2025-12-05 11:00:00+00:00,8,47.0,3187.5281264695495,986.418712629577,1740.6164600559612,460.49295378400944,986.418712629577,498.0158007132493,488.40291191632775,2112.338756740974,0.0,986.418712629577,0.0,1740.6164600559612,460.4929537840095,-5.684341886080802e-14,0.0,0.0,460.4929537840095,613.990605045346,153.4976512613365,986.4187126295769,328.8062375431923,3055.8414102287306,45.83762115343096,39.41725873895932,34.812329201119226,243.32380601175072,845.694903909789,1535.0952036750698,-1.1368683772161603e-13,0.0,0.0,613.9906050453461,0.0,1174.1759980290133,0.0,2498.1278267042685,499.6255653408537,23.953769521808848,0.0,0.0,0.0,0.0,0.0
2025-12-05 12:00:00+00:00,8,47.0,3315.267657587318,1027.430049108829,1810.0031730055452,477.83443547294416,1027.430049108829,518.5869898091506,508.8430592996785,2112.338756740974,0.0,1027.430049108829,0.0,1810.0031730055452,477.83443547294416,0.0,0.0,0.0,477.83443547294416,637.1125806305922,159.27814515764805,1027.430049108829,342.47668303627637,3179.909905150651,47.69864857725976,40.978407814840345,36.200063460110904,253.34030104845579,879.9722490945911,4195.239906681909,-2.2737367544323206e-13,0.0,0.0,637.1125806305924,0.0,1777.0845976320181,0.0,0.0,499.6255653408537,23.95190431849696,0.0,0.0,0.0,-1.1368683772161603e-13,0.0
2025-12-05 13:00:00+00:00,8,47.0,3332.0630603017357,1034.514534107441,1820.764826707379,476.7836994869178,1034.514534107441,520.3337657554214,514.1807683520196,2112.338756740974,11.492539223891157,1023.0219948835498,0.0,1820.764826707379,476.7836994869177,5.684341886080802e-14,16.71642068929623,5.223881465405071,476.7836994869177,635.7115993158902,158.92789982897256,1023.02199488355,341.00733162784996,3184.794153218779,47.77191229828168,41.18313352901676,36.41529653414758,254.84682661720663,885.3762819008804,4217.439342202617,0.0,0.0,0.0,652.4280200051865,0.0,2393.3370474416815,0.0,0.0,499.6255653408537,23.950376170091545,0.0,0.0,0.0,7.958078640513122e-13,0.0
2025-12-05 14:00:00+00:00,8,47.0,3276.583242998947,1015.6441979155024,1793.4840488966645,467.45499618678014,1015.6441979155024,509.71582351858126,505.9283743969212,2112.338756740974,408.6116836509578,607.0325142645447,1043.6530149582406,749.8310339384238,467.45499618678014,0.0,594.3442671286659,185.7325834777081,1511.1080111450208,2014.8106815266942,503.70267038167356,607.0325142645447,202.34417142151491,1559.2077196244836,23.388115794367252,50.9807610893835,14.996620678768478,250.16558854961087,1231.3105113930267,6222.978630958049,2609.1549486553604,2609.15494865536,4.547473508864641e-13,0.0,0.0,2388.550373346798,1715.0848765660746,0.0,2126.6979424781157,23.95223861894124,0.0,0.0,0.0,4.547473508864641e-13,0.0
2025-12-05 15:00:00+00:00,8,47.0,3241.7336253367407,1005.2990388816517,1776.0319162929977,460.40267016209026,1005.2990388816517,503.80885927720584,501.4901796044458,2112.338756740974,408.61168365095773,596.6873552306939,1019.6785348003754,756.3533814926224,460.40267016209026,0.0,594.3442671286658,185.73258347770806,1480.0812049624656,1973.4416066166207,493.36040165415517,596.6873552306939,198.89578507689797,1551.9365218002142,23.27904782700321,50.32145037548461,15.127067629852448,247.51270700311153,1214.2290430442129,6954.090495085221,2557.7187423331,2557.7187423331,0.0,10.067131412186331,0.0,2393.3370474416815,2498.1278267042685,0.0,4496.630088067684,23.9491929775715,0.0,0.0,0.0,-1.3642420526593924e-12,9.592326932761353e-14
2025-12-05 16:00:00+00:00,8,47.0,3285.9808779116343,1018.0840896063651,1802.1550515698873,465.74173673537996,1018.0840896063651,508.57169573465677,509.51239387170835,2112.338756740974,408.61168365095784,609.4724059554072,1391.0994141261526,411.05563744373467,465.74173673537996,0.0,594.3442671286659,185.7325834777081,1856.8411508615327,2475.78820114871,618.9470502871775,609.4724059554072,203.15746865180242,1223.6855120509445,18.355282680764166,54.611512540013074,8.221112748874694,250.647075581922,1339.672085968262,4625.652963879896,3850.12632853542,3850.12632853542,0.0,0.0,779.9938602580439,1567.5042046541203,0.0,0.0,4496.630088067684,23.944989780387772,0.0,0.0,0.0,-6.821210263296962e-13,0.0
2025-12-05 17:00:00+00:00,8,47.0,3258.13848750876,1010.3792486300384,1787.085068439413,460.67417043930806,1010.3792486300384,504.58897690254076,505.79027172749767,2112.338756740974,408.61168365095773,601.7675649790807,1396.1669804222245,390.91808801718844,460.67417043930806,0.0,594.3442671286658,185.73258347770806,1856.8411508615325,2475.78820114871,618.9470502871775,601.7675649790807,200.58918832636024,1193.2748413226295,17.899122619839442,54.31011287740358,7.818361760343769,248.67318052023526,1333.969599869068,4592.108087377827,4266.800991998216,5656.34345459717,0.0,0.0,1196.6685237208408,304.718118643927,0.0,0.0,4496.630088067684,23.943920790230415,0.0,0.0,0.0,-6.821210263296962e-13,0.0
2025-12-05 18:00:00+00:00,8,47.0,3197.7869855633876,992.7027124902113,1754.787888156958,450.29638491622,992.7027124902113,494.9764845772633,497.72622791294793,2112.338756740974,408.6116836509578,584.0910288392536,0.0,1754.787888156958,450.29638491622006,-5.684341886080802e-14,594.3442671286659,185.7325834777081,450.29638491622006,600.3951798882933,150.09879497207334,584.0910288392536,194.69700961308453,2533.575926609296,38.00363889913944,39.59872161230136,35.09575776313916,244.1985748460264,887.4250811834723,4085.2120667468603,1483.6426953032665,5292.86699193041,0.0,0.0,288.90324828630725,0.0,0.0,0.0,4496.630088067684,23.944528665946233,0.0,0.0,0.0,3.410605131648481e-13,0.0
2025-12-05 19:00:00+00:00,8,47.0,3215.358481917195,997.0749623356724,1765.2413762698327,453.04214331168794,997.0749623356724,497.2117533300161,499.8632090056562,2112.338756740974,408.61168365095773,588.4632786847146,0.0,1765.2413762698327,453.04214331168794,0.0,594.3442671286658,185.73258347770806,453.04214331168794,604.0561910822505,151.01404777056263,588.4632786847146,196.1544262282382,2549.8590811827853,38.24788621774178,39.83524895851353,35.304827525396654,245.29363603951126,891.582656217672,2813.177531895826,1198.4004582109164,4779.00251824529,0.0,0.0,0.0,0.0,0.0,1293.76360623904,3132.883504884818,23.94897765808683,0.0,0.0,0.0,-7.958078640513122e-13,0.0
2025-12-05 20:00:00+00:00,8,47.0,3350.7519629627786,1037.4680732281556,1840.5556474355278,472.7282422990928,1037.4680732281556,517.1622898301961,520.3057833979595,2112.338756740974,408.61168365095773,628.8563895771979,0.0,1840.5556474355278,472.7282422990928,0.0,594.3442671286658,185.73258347770806,472.7282422990928,630.3043230654571,157.57608076636427,628.8563895771979,209.61879652573262,2679.0308335384584,40.18546250307688,41.53839537170148,36.81111294871056,255.29096076743008,926.7533923607241,1779.3775286192329,1224.6485901941228,7987.78941259822,0.0,0.0,0.0,0.0,0.0,2498.1278267042685,499.6255653408537,23.950886233241533,0.0,0.0,0.0,-1.5916157281026244e-12,0.0
2025-12-05 21:00:00+00:00,8,47.0,3339.1010558841294,1034.506329137871,1833.4029169143662,471.191809831894,1034.506329137871,515.8595871639995,518.6467419738715,2112.338756740974,408.61168365095773,625.8946454869133,1385.6493410296384,447.75357588472775,471.19180983189403,-5.684341886080802e-14,594.3442671286658,185.73258347770806,1856.8411508615325,2475.78820114871,618.9470502871775,625.8946454869133,208.63154849563776,1282.279769867279,19.234196548009184,55.23646984690265,8.955071517694556,254.55140808823134,1351.288328261361,4690.38938414549,3070.1324682773757,7300.99573515421,0.0,0.0,0.0,0.0,0.0,0.0,499.6255653408537,23.950323549259892,0.0,0.0,0.0,-2.2737367544323206e-13,0.0
2025-12-05 22:00:00+00:00,8,47.0,3279.836809560675,1016.260270055585,1800.6046278580754,462.97191164701775,1016.2602700555851,506.8458511612609,509.41441889432417,2112.338756740974,408.61168365095773,607.6485864046273,1393.8692392145147,406.7353886435608,462.97191164701775,0.0,594.3442671286658,185.73258347770806,1856.8411508615325,2475.78820114871,618.9470502871775,607.6485864046273,202.54952880154244,1216.9335038497306,18.25400255774596,54.580504065776836,8.134707772871216,250.06897464670928,1338.2673516095313,4618.104161170205,3070.1324682773757,6045.7364459129,0.0,0.0,0.0,0.0,0.0,0.0,499.6255653408537,23.950472816206922,0.0,0.0,0.0,-1.5916157281026244e-12,0.0
2025-12-05 23:00:00+00:00,8,47.0,3122.4725653333685,966.49620022789,1714.8168856736268,441.1594794318544,966.4962002278899,481.60396363159566,484.89223659629425,2112.338756740974,408.6116836509578,557.8845165769321,1415.681671429678,299.13521424394867,441.1594794318544,0.0,594.3442671286659,185.7325834777081,1856.8411508615325,2475.78820114871,618.9470502871775,557.8845165769321,185.96150552564404,1042.9812363465248,15.644718545197872,52.864749222087866,5.982704284878974,237.8609743060553,1302.9942856487496,6140.551727548192,3070.1324682773757,3263.79891798476,0.0,0.0,0.0,0.0,1715.0848765660746,0.0,2126.6979424781157,23.95356629049189,0.0,0.0,0.0,-1.1368683772161603e-12,0.0
