timestamp_hour_utc,representative_day_id,day_weight,it_load_kw,q_air_kw,q_cp_kw,q_rdhx_kw,s_air_kw,s_air_old_kw,s_air_new_kw,old_ac_capacity_eff_kw,q_air_to_ashp_kw,q_air_to_reject_kw,q_cp_to_wshp_kw,q_cp_to_free_kw,q_rdhx_to_wshp_kw,q_rdhx_to_chiller_kw,q_ashp_out_kw,p_ashp_kw,q_wshp_in_kw,q_wshp_out_kw,p_wshp_kw,q_chiller_evap_kw,p_chiller_kw,q_tower_kw,p_tower_kw,p_pump_kw,p_cdu_free_kw,p_terminal_kw,p_cooling_kw,p_grid_kw,q_heat_kw,heating_demand_kw,heat_demand_upper_violation_kw,q_tes_ch_kw,q_tes_dis_kw,e_tes_kwh,p_bess_ch_kw,p_bess_dis_kw,e_bess_kwh,max_theta_c,hotspot_slack_c,hotspot_penalty_yuan,bess_degradation_cost_yuan,power_balance_residual_kw,heat_balance_residual_kw
2025-01-15 00:00:00+00:00,0,71.0,2808.3800211662774,776.3550802485773,1675.3721367126611,356.6528042050382,776.3550802485776,706.6585521269747,69.69652812160291,4864.653611779866,729.7065000997806,46.64858014879678,985.0202280254096,690.3519086872516,356.65280420503825,-5.684341886080802e-14,1061.391272872408,331.6847727726275,1341.673032230448,1788.8973763072638,447.22434407681595,46.648580148796725,15.549526716265575,752.5500155523139,11.288250233284709,46.924173056557706,13.807038173745031,178.46333556977697,1044.9414405990735,3853.321461765351,3093.4074654143697,3093.40746541437,0.0,0.0,243.11881623469822,353.74828427298996,0.0,0.0,1615.0122487139008,23.830708700485793,0.0,0.0,0.0,2.2737367544323206e-13,0.0
2025-01-15 01:00:00+00:00,0,71.0,2850.3519168317885,787.959197518531,1700.2431667123715,362.1495526008834,787.9591975185311,717.2416439520249,70.71755356650627,4864.653611779866,740.5549602548631,47.40423726366794,979.5234796295643,720.7196870828071,362.1495526008834,0.0,1077.170851279801,336.61589102493775,1341.6730322304477,1788.8973763072636,447.2243440768159,47.40423726366794,15.801412421222645,783.9253367676977,11.758880051515465,47.421593656551906,14.414393741656143,181.13255951144419,1054.369074484144,3904.7209913159327,3109.24803358969,3109.24803358969,0.0,0.0,243.17980600262536,97.0620445437857,0.0,0.0,1615.0122487139008,23.82823706603403,0.0,0.0,0.0,2.2737367544323206e-13,0.0
2025-01-15 02:00:00+00:00,0,71.0,2878.6567769324,795.7162992360221,1717.1947631876492,365.7457145087285,795.7162992360222,724.4710006866409,71.24529854938133,4864.653611779866,747.9186118438685,47.79768739215365,975.9273177217193,741.2674454659299,365.7457145087285,0.0,1087.881617227445,339.96300538357656,1341.673032230448,1788.8973763072638,447.22434407681595,47.79768739215365,15.932562464051216,804.9976953221347,12.074965429832021,47.760625586057465,14.825348909318597,182.91621620056455,1060.6970680502163,9483.271681429824,2968.803517966672,3126.30873543184,0.0,0.0,92.02452443196323,0.0,5543.917836447209,0.0,6874.434505915708,23.83017562899241,0.0,0.0,0.0,-1.8189894035458565e-12,0.0
2025-01-15 03:00:00+00:00,0,71.0,2848.0398182076824,787.4462389294549,1697.879831191437,362.7137480867905,787.446238929455,717.1780953297698,70.26814359968527,4864.653611779866,739.6424080112616,47.803830918193285,978.9592841436573,718.9205470477797,362.7137480867905,0.0,1075.843502561835,336.20109455057343,1341.673032230448,1788.8973763072638,447.22434407681595,47.803830918193285,15.934610306064428,782.6589882720374,11.73988482408056,47.37432694613322,14.378410940955593,181.0345782616769,1053.8872499063002,3901.9270681139815,2864.740878869099,3153.14539453754,0.0,0.0,0.0,0.0,0.0,0.0,6874.434505915708,23.83255682426489,0.0,0.0,0.0,-1.1368683772161603e-12,0.0
2025-01-15 04:00:00+00:00,0,71.0,2876.2462463172383,795.3080875357629,1714.4523814459149,366.4857773355613,795.3080875357629,724.1530415331372,71.15504600262567,4864.653611779866,746.8971547495402,48.4109327862227,975.1872548948865,739.2651265510284,366.4857773355613,0.0,1086.3958614538767,339.4987067043364,1341.6730322304477,1788.8973763072636,447.2243440768159,48.4109327862227,16.13697759540757,803.8130369326586,12.05719555398988,47.70577795122277,14.785302531020568,182.84539966206535,1060.2537040748584,3936.4999503920967,2875.2932377611405,4724.98616333848,0.0,0.0,0.0,0.0,0.0,0.0,6874.434505915708,23.828942985352487,0.0,0.0,0.0,0.0,0.0
2025-01-15 05:00:00+00:00,0,71.0,2860.627209702743,790.2203029104254,1705.7511804399367,364.65572635238016,790.2203029104255,719.6995659761875,70.520736934238,4864.653611779866,742.8958731645349,47.324429745890484,977.0173058780675,728.7338745618691,364.65572635238016,0.0,1080.575815512051,337.67994234751586,1341.6730322304477,1788.8973763072636,447.2243440768159,47.324429745890484,15.774809915296828,791.8331142230564,11.877496713345845,47.53175393110321,14.574677491237383,181.6902939990284,1056.3533184743435,11992.04177174659,2869.4731918193147,6506.07545272263,0.0,0.0,0.0,0.0,8075.061243569504,0.0,14535.110238425108,23.829844157452495,0.0,0.0,0.0,-9.094947017729282e-13,0.0
2025-01-15 06:00:00+00:00,0,71.0,2891.20752532406,798.2663164882123,1723.3583269520848,369.5828818837631,798.2663164882125,727.3734456778384,70.89287081037408,4864.653611779866,750.5420723347844,47.72424415342789,972.0901503466847,751.2681766054001,369.5828818837631,0.0,1091.6975597596863,341.15548742490193,1341.673032230448,1788.8973763072638,447.22434407681595,47.72424415342789,15.908081384475963,814.9005021433039,12.223507532149558,47.88389686134618,15.025363532108003,183.5721902528251,1062.9928710646227,3954.2003963886823,2880.59493606695,6069.99645352609,0.0,0.0,0.0,0.0,0.0,0.0,14535.110238425108,23.82804149781523,0.0,0.0,0.0,-4.547473508864641e-13,0.0
2025-01-15 07:00:00+00:00,0,71.0,2991.1255254053904,825.9835009847485,1787.0670925237057,378.074931896936,825.9835009847487,751.5203224949054,74.46317848984332,4864.653611779866,777.9287425760303,48.05475840871816,963.5981003335116,823.4689921901941,378.07493189693605,-5.684341886080802e-14,1131.532716474226,353.6039738981956,1341.6730322304477,1788.8973763072636,447.2243440768159,48.0547584087181,16.018252802906034,887.5420034018182,13.313130051027272,49.15807217277859,16.469379843803882,189.84064490518233,1085.6277977507095,4076.7533231560997,2920.4300927814893,4844.12799534811,0.0,0.0,0.0,0.0,0.0,0.0,14535.110238425108,23.82721295975435,0.0,0.0,0.0,-2.2737367544323206e-13,0.0
2025-01-15 08:00:00+00:00,0,71.0,2944.9752679612047,813.224597044235,1760.7771355689679,370.97353534800305,813.2245970442352,739.577096737747,73.64750030648821,4864.653611779866,766.3627495987247,46.86184744551031,970.6994968824448,790.0776386865231,370.97353534800305,0.0,1114.7094539617815,348.3467043630567,1341.673032230448,1788.8973763072638,447.22434407681595,46.86184744551031,15.620615815170103,852.5601019472035,12.788401529208052,48.63227303368384,15.801552773730462,186.87836799933908,1075.2922595910043,4020.267527552209,2903.6068302690455,4309.37483658353,0.0,0.0,0.0,0.0,0.0,0.0,14535.110238425108,23.831064965558568,0.0,0.0,0.0,-2.2737367544323206e-13,0.0
2025-01-15 09:00:00+00:00,0,71.0,2856.3171736067093,789.4832093245216,1707.6227800078777,359.2111842743096,789.4832093245216,717.4727254573493,72.01048386717233,4864.653611779866,743.389812764342,46.0933965601796,982.4618479561381,725.1609320517397,359.21118427430963,-5.684341886080802e-14,1081.29427311177,337.90446034742814,1341.6730322304477,1788.8973763072636,447.2243440768159,46.09339656017954,15.364465520059847,786.618794131979,11.799281911979685,47.56918592246204,14.503218641034794,181.39767083617278,1055.7626272559532,3912.079800862663,1836.24712872952,1836.24712872952,0.0,1033.9445206895136,0.0,982.2472946550379,0.0,0.0,14535.110238425108,23.831278842789818,0.0,0.0,0.0,4.547473508864641e-13,0.0
2025-01-15 10:00:00+00:00,0,71.0,2920.5415446704137,805.948494390105,1744.6564932563251,369.9365570239816,805.9484943901053,732.8940586959523,73.05443569415306,4864.653611779866,759.3804405666084,46.5680538234966,971.7364752064659,772.9200180498592,369.9365570239816,0.0,1104.553368096885,345.1729275302765,1341.6730322304475,1788.8973763072631,447.2243440768158,46.5680538234966,15.522684607832199,835.010756481188,12.52516134721782,48.30986018743098,15.458400360997185,185.26442206847273,1069.4778001790432,0.0,0.0,0.0,0.0,2893.4507444041483,0.0,3729.061007249669,0.0,3990.0193448494565,10329.260559139406,23.82814538987462,0.0,0.0,0.0,-4.547473508864641e-13,0.0
2025-01-15 11:00:00+00:00,0,71.0,2884.3580135951543,795.9878535175361,1722.1655770522052,366.2045830254128,795.9878535175365,724.0798493591494,71.90800415838702,4864.653611779866,749.6770807261755,46.31077279136059,975.468449205035,746.6971278471702,366.2045830254128,0.0,1090.4393901471644,340.76230942098886,1341.6730322304477,1788.8973763072636,447.2243440768159,46.31077279136059,15.436924263786864,808.4448249023177,12.126672373534765,47.860041863348584,14.933942556943405,182.99744647574138,1061.3416810311596,0.0,-4.547473508864641e-13,0.0,0.0,2879.3367664544285,0.0,6456.972813366877,0.0,3945.6996946263143,6170.1278931227425,23.83172734761438,0.0,0.0,0.0,4.547473508864641e-13,0.0
2025-01-15 12:00:00+00:00,0,71.0,2853.4237402053895,786.9004112058169,1703.9536143347736,362.56971466480076,786.9004112058171,715.8697492537481,71.03066195206901,4864.653611779866,741.6150513601316,45.28535984568532,979.103317565647,724.8502967691267,362.56971466480076,0.0,1078.7128019783731,337.0977506182416,1341.6730322304477,1788.8973763072636,447.2243440768159,45.28535984568532,15.095119948561774,785.2307765633738,11.778461648450605,47.49580260899995,14.497005935382534,180.92331638756082,1054.111801224013,0.0,9.094947017729282e-13,0.0,9.094947017729282e-13,2867.610178285636,0.0,9168.288537111499,0.0,3907.535541429402,2051.2237767973584,23.83376818240408,0.0,0.0,0.0,-4.547473508864641e-13,0.0
2025-01-15 13:00:00+00:00,0,71.0,2959.8028347531276,817.8091319205924,1766.3799394580897,375.6137633744461,817.8091319205927,743.7628216887198,74.04631023187291,4864.653611779866,769.2018117444068,48.60732017618568,966.0592688560018,800.3206706020878,375.61376337444614,-5.684341886080802e-14,1118.8389989009554,349.6371871565485,1341.673032230448,1788.8973763072638,447.22434407681595,48.607320176185624,16.20244005872854,865.130430837002,12.97695646255503,48.74432911146628,16.006413412041756,187.99648861965443,1078.7881588978105,9122.701506642736,9.094947017729282e-13,0.0,9.094947017729282e-13,2907.7363752082183,0.0,11912.301516485084,5084.110512991799,0.0,6874.434505915708,23.82989857233192,0.0,0.0,0.0,-9.094947017729282e-13,0.0
2025-01-15 14:00:00+00:00,0,71.0,2688.7827231125098,740.4639202814495,1600.8726547636288,347.44614806743135,740.4639202814499,674.2407645446046,66.22315573684517,4864.653611779866,696.9849434524564,43.478976828993154,994.2268841630166,606.6457706006122,347.4461480674313,5.684341886080802e-14,1013.7962813853911,316.8113379329347,1341.673032230448,1788.8973763072638,447.22434407681595,43.47897682899321,14.492992276331071,664.6177397059365,9.969266095589047,45.43418341757706,12.132915412012244,170.40497067809818,1016.4700098893583,3705.2527330018675,1787.2888565515404,1787.28885655154,4.547473508864641e-13,1015.4048011411146,0.0,12853.111474536172,0.0,0.0,6874.434505915708,23.834641575159125,0.0,0.0,0.0,-5.684341886080801e-13,0.0
2025-01-15 15:00:00+00:00,0,71.0,2904.154167839462,801.5721462498332,1731.4310842322693,371.15093735736,801.5721462498333,729.7854440414334,71.78670220839989,4864.653611779866,753.9715875512948,47.60055869853841,970.5220948730879,760.9089893591814,371.15093735736,0.0,1096.685945529156,342.71435797786125,1341.673032230448,1788.8973763072638,447.22434407681595,47.60055869853841,15.866852899512802,824.3764009572326,12.365646014358488,48.04535200694987,15.21817978718363,184.34183628080166,1065.7765690434835,12044.991980452449,1876.3107199021993,1876.3107199022,0.0,1009.2726019342202,0.0,13786.214223424608,8075.061243569504,0.0,14535.110238425108,23.833411873994148,0.0,0.0,0.0,-9.094947017729282e-13,1.1368683772161603e-13
2025-01-15 16:00:00+00:00,0,71.0,2899.9406730654787,801.1945708774646,1728.0332357934865,370.71286639452774,801.1945708774648,729.4012860430579,71.79328483440693,4864.653611779866,752.7315928676825,48.46297800978209,970.96016583592,757.0730699575665,370.71286639452774,0.0,1094.8823168984472,342.15072403076476,1341.6730322304477,1788.8973763072636,447.2243440768159,48.46297800978209,16.154326003260696,821.6903739706094,12.32535560955914,47.97739503817421,15.14146139915133,184.24683245136663,1065.2204386090928,3965.161111674571,2862.62871710077,2862.62871710077,0.0,21.150976104941037,0.0,13778.735222277453,0.0,0.0,14535.110238425108,23.83520654296483,0.0,0.0,0.0,-2.2737367544323206e-13,0.0
2025-01-15 17:00:00+00:00,0,71.0,2892.0617509044387,799.4262288248418,1723.0196439584513,369.61587812114345,799.4262288248422,727.7458270633825,71.68040176145956,4864.653611779866,750.6591991977259,48.7670296271159,972.0571541093043,750.962489849147,369.6158781211435,-5.684341886080802e-14,1091.8679261057832,341.20872690805726,1341.673032230448,1788.8973763072638,447.22434407681595,48.767029627115846,16.255676542371948,815.9851960186348,12.239777940279522,47.87712320147351,15.01924979698294,183.83096573238979,1063.6558641983709,3486.320856440472,4231.51293068912,4231.51293068912,0.0,0.0,1350.7476282760733,12329.338143121242,0.0,469.3967586623371,14040.322610533989,23.835521927940082,0.0,0.0,0.0,-2.2737367544323206e-13,0.0
2025-01-15 18:00:00+00:00,0,71.0,2844.1633228233004,786.4294070385662,1695.8736560524076,361.86025973232734,786.4294070385664,715.7497711995537,70.67963583901273,4864.653611779866,738.7521621062713,47.67724493229491,979.8127724981204,716.0608835542872,361.86025973232734,0.0,1074.5485994273038,335.7964373210324,1341.6730322304477,1788.8973763072636,447.2243440768159,47.67724493229491,15.892414977431637,779.6305434640137,11.694458151960205,47.334203443352635,14.321217671085744,180.79705547838043,1053.060131120059,0.0,4022.62309884896,4022.62309884896,0.0,0.0,1159.1771231143925,11084.493021451428,0.0,3897.2234539433603,9932.288388837542,23.839429460471848,0.0,0.0,0.0,9.094947017729282e-13,0.0
2025-01-15 19:00:00+00:00,0,71.0,2852.84069226675,791.6881783227922,1700.2477029422548,360.90481100170274,791.6881783227924,720.1302851689613,71.55789315383103,4864.653611779866,741.3050164808856,50.3831618419066,980.7682212287436,719.4794817135112,360.9048110017027,5.684341886080802e-14,1078.2618421540153,336.95682567312974,1341.6730322304463,1788.8973763072618,447.22434407681544,50.383161841906656,16.79438728063555,786.6570308360534,11.799855462540801,47.42168438114956,14.389589634270223,181.91425343801248,1056.500939946554,0.0,3676.175802454728,3676.17580245473,0.0,0.0,809.0165839934507,10210.727631204893,0.0,3909.341632213305,5811.4804856661,23.844032731890128,0.0,0.0,0.0,9.094947017729282e-13,0.0
2025-01-15 20:00:00+00:00,0,71.0,2910.839210415089,809.1626666604819,1734.212751537818,367.4637922167898,809.1626666604822,735.6700119507677,73.49265470971446,4864.653611779866,756.4463204497418,52.716346210740085,974.2092400136574,760.0035115241604,367.4637922167898,0.0,1100.2855570178062,343.83923656806445,1341.6730322304472,1788.897376307263,447.2243440768157,52.716346210740085,17.572115403580028,830.2919731384806,12.454379597077208,48.100985353060835,15.20007023048321,185.88898555186728,1070.2801167809487,0.0,6220.612403352169,6220.61240335217,0.0,0.0,3331.4294700271003,6683.538312756063,0.0,3981.119327196038,1615.0122487139008,23.83898407887311,0.0,0.0,0.0,2.2737367544323206e-13,0.0
2025-01-15 21:00:00+00:00,0,71.0,2858.059779910936,794.7127607440506,1702.363595995032,360.98342317185245,794.7127607440508,722.3917484105818,72.32101233346891,4864.653611779866,742.6363801293611,52.07638061468947,980.689609058595,721.673986936437,360.98342317185245,0.0,1080.1983710972524,337.56199096789135,1341.6730322304475,1788.8973763072631,447.2243440768158,52.07638061468947,17.358793538229822,791.1091610893563,11.866637416340344,47.46400224220511,14.43347973872874,182.56484944540432,1058.4740974256154,3916.5338773365515,6197.3650342825995,6197.3650342826,0.0,0.0,3328.269286878084,3166.7298815220415,0.0,0.0,1615.0122487139008,23.83672259579555,0.0,0.0,0.0,2.2737367544323206e-13,0.0
2025-01-15 22:00:00+00:00,0,71.0,2908.4096275591255,808.2705426609417,1733.2880225892502,366.85106230893314,808.2705426609418,734.7725370309337,73.49800563000821,4864.653611779866,755.9507940990259,52.319748561915844,974.8219699215146,758.4660526677357,366.85106230893314,0.0,1099.5647914167648,343.613997317739,1341.6730322304477,1788.8973763072636,447.2243440768159,52.319748561915844,17.439916187305283,828.2257174169567,12.42338576125435,48.08249077408948,15.169321053354713,185.67236112520436,1069.625816295763,3978.035443854888,5290.28648466948,5290.28648466948,0.0,0.0,2401.8243169454518,632.1602986585222,0.0,0.0,1615.0122487139008,23.83359933351295,0.0,0.0,0.0,-4.547473508864641e-13,0.0
2025-01-15 23:00:00+00:00,0,71.0,2895.535406614037,804.237796102826,1725.6204215569455,365.677188954267,804.2377961028261,731.4881355315825,72.74966057124358,4864.653611779866,752.5151237555575,51.722672347268485,975.9958432761808,749.6245782807647,365.677188954267,0.0,1094.5674527353565,342.05232897979886,1341.673032230448,1788.8973763072638,447.22434407681595,51.722672347268485,17.240890782422827,818.588141410456,12.278822121156841,47.92913875344339,14.992491565615294,184.76359525106798,1066.481611530321,3962.017018144358,2902.4756411726703,2902.47564117267,4.547473508864641e-13,0.0,19.01081213005,610.8845968716788,0.0,0.0,1615.0122487139008,23.83510111788678,0.0,0.0,0.0,0.0,0.0
2025-03-21 00:00:00+00:00,1,14.0,4576.190816440603,1261.7326345055326,2728.7363585391404,585.7218233959288,1261.7326345055328,1149.3220158347926,112.41061867074023,4864.653611779866,0.0,1261.7326345055326,0.0,2728.7363585391404,0.0,585.7218233959288,0.0,0.0,0.0,0.0,0.0,1847.4544579014614,615.8181526338204,5192.008969074423,77.88013453611633,54.57472717078281,54.57472717078281,290.1966706550416,1093.044412166544,5669.235228607146,0.0,0.0,0.0,0.0,0.0,18323.81288306669,0.0,0.0,1615.0122487139008,23.726478814455657,0.0,0.0,0.0,-6.821210263296962e-13,0.0
2025-03-21 01:00:00+00:00,1,14.0,3752.032514841168,1034.8346261809197,2236.8980406600986,480.2998480001493,1034.83462618092,942.754727121897,92.0798990590229,4864.653611779866,0.0,1034.8346261809197,0.0,2236.8980406600986,0.0,480.2998480001493,0.0,0.0,0.0,0.0,0.0,1515.134474181069,505.044824727023,4257.077339568191,63.85616009352286,44.73796081320197,44.73796081320197,238.0073939229399,896.3843003698898,12723.478058780562,0.0,0.0,0.0,0.0,0.0,18287.16525730056,8075.061243569504,0.0,9275.687981223302,23.776207278277997,0.0,0.0,0.0,0.0,0.0
2025-03-21 02:00:00+00:00,1,14.0,4490.833738574025,1237.8103099671061,2678.949431714879,574.0739968920366,1237.8103099671064,1127.5621711896897,110.24813877741668,4864.653611779866,0.0,1237.8103099671061,0.0,2678.949431714879,0.0,574.0739968920366,0.0,0.0,0.0,0.0,0.0,1811.8843068591427,603.9614356197143,5094.795174193736,76.42192761290603,53.57898863429759,53.57898863429759,284.68257249724786,1072.2239129984634,11106.975488019696,0.0,0.0,0.0,0.0,0.0,18250.59092678596,5543.917836447208,0.0,14535.110238425108,23.733002299352666,0.0,0.0,0.0,-9.094947017729282e-13,0.0
2025-03-21 03:00:00+00:00,1,14.0,3516.3896015150417,969.7563105585353,2098.019041721456,448.6142492350497,969.7563105585355,883.1351465444486,86.62116401408682,4864.653611779866,0.0,969.7563105585353,0.0,2098.019041721456,0.0,448.6142492350497,0.0,0.0,0.0,0.0,0.0,1418.370559793585,472.7901865978617,3989.1797881129023,59.837696821693534,41.96038083442912,41.96038083442912,223.0048736443331,839.5535187327465,4355.943120247788,0.0,0.0,0.0,0.0,0.0,18214.08974493239,0.0,0.0,14535.110238425108,23.791918587218166,0.0,0.0,0.0,-1.1368683772161603e-13,0.0
2025-03-21 04:00:00+00:00,1,14.0,3028.9048086142343,835.518198687456,1807.532828663357,385.85378126342357,835.5181986874561,760.6363757519839,74.8818229354722,4864.653611779866,0.0,835.518198687456,0.0,1807.532828663357,0.0,385.85378126342357,0.0,0.0,0.0,0.0,0.0,1221.3719799508794,407.1239933169598,3436.028801931196,51.54043202896794,36.15065657326714,36.15065657326714,192.11893404510786,723.0846725375699,3751.9894811518043,0.0,0.0,0.0,0.0,0.0,18177.661565442526,0.0,0.0,14535.110238425108,23.821883800108647,0.0,0.0,0.0,1.1368683772161603e-13,0.0
2025-03-21 05:00:00+00:00,1,14.0,4635.98210501564,1278.1438374699048,2767.4645620287283,590.3737055170081,1278.1438374699048,1163.6970743482068,114.44676312169805,4864.653611779866,0.0,1278.1438374699048,0.0,2767.4645620287283,0.0,590.3737055170081,0.0,0.0,0.0,0.0,0.0,1868.517542986913,622.8391809956377,5258.821286011279,78.88231929016918,55.349291240574566,55.349291240574566,293.9006483599825,1106.3207311269384,5742.302836142579,0.0,0.0,0.0,0.0,0.0,18141.306242311643,0.0,0.0,14535.110238425108,23.728035171514318,0.0,0.0,0.0,4.547473508864641e-13,0.0
2025-03-21 06:00:00+00:00,1,14.0,3635.065831251845,1002.4795172277949,2169.5906289009913,462.9956851230606,1002.479517227795,912.6879820941642,89.79153513363079,4864.653611779866,0.0,1002.4795172277949,0.0,2169.5906289009913,0.0,462.9956851230606,0.0,0.0,0.0,0.0,0.0,1465.4752023508554,488.4917341169518,4123.557565368798,61.853363480531975,43.391812578019824,43.391812578019824,230.51174785012813,867.6404706036517,4502.706301855496,0.0,0.0,0.0,0.0,0.0,18105.023629827025,0.0,0.0,14535.110238425108,23.786313320893456,0.0,0.0,0.0,-2.2737367544323206e-13,0.0
2025-03-21 07:00:00+00:00,1,14.0,2470.475698291082,682.1490503399717,1473.5812697719305,314.74537817918036,682.1490503399718,620.9774108011317,61.17163953884014,4864.653611779866,0.0,682.1490503399717,0.0,1473.5812697719305,0.0,314.74537817918036,0.0,0.0,0.0,0.0,0.0,996.8944285191521,332.2981428397174,2802.7738411308,42.041607616962,29.47162539543861,29.47162539543861,156.8445999346457,590.1276011822023,3060.603299473284,0.0,0.0,0.0,0.0,0.0,18068.81358256737,0.0,0.0,14535.110238425108,23.855171737269295,0.0,0.0,0.0,-3.410605131648481e-13,0.0
2025-03-21 08:00:00+00:00,1,14.0,2446.126005063638,675.0308304868738,1459.2519641001113,311.84321047665264,675.030830486874,614.5196166373016,60.51121384957241,4864.653611779866,0.0,675.0308304868738,0.0,1459.2519641001113,0.0,311.84321047665264,0.0,0.0,0.0,0.0,0.0,986.8740409635265,328.9580136545088,2775.0840187181466,41.6262602807722,29.185039282002226,29.185039282002226,155.2184391694309,584.1727916687164,3030.2987967323547,0.0,0.0,0.0,0.0,0.0,18032.67595540224,0.0,0.0,14535.110238425108,23.854648406320837,0.0,0.0,0.0,4.547473508864641e-13,0.0
2025-03-21 09:00:00+00:00,1,14.0,2455.700848684079,677.8872290925649,1464.9903712573469,312.82324833416675,677.8872290925652,616.9816983494084,60.90553074315687,4864.653611779866,0.0,677.8872290925649,0.0,1464.9903712573469,0.0,312.82324833416675,0.0,0.0,0.0,0.0,0.0,990.7104774267316,330.2368258089105,2785.9376744929887,41.78906511739483,29.299807425146938,29.299807425146938,155.864505948147,586.4900117247462,3042.190860408825,0.0,0.0,0.0,0.0,0.0,17996.610603491434,0.0,0.0,14535.110238425108,23.852652044924184,0.0,0.0,0.0,-4.547473508864641e-13,0.0
2025-03-21 10:00:00+00:00,1,14.0,2562.0348076078476,708.8922482973247,1532.142419410044,321.0001399004776,708.8922482973248,644.3438211846096,64.54842711271522,4864.653611779866,0.0,708.8922482973247,0.0,1532.142419410044,0.0,321.0001399004776,0.0,0.0,0.0,0.0,0.0,1029.8923881978023,343.29746273260076,2905.3322703404474,43.579984055106706,30.642848388200882,30.642848388200882,162.8367719149268,610.9999154790361,0.0,0.0,0.0,0.0,0.0,0.0,17960.617382284454,0.0,3173.034723086884,11190.437965173038,23.851695854178,0.0,0.0,0.0,1.1368683772161603e-13,0.0
2025-03-21 11:00:00+00:00,1,14.0,2488.264137829577,687.9831593541998,1486.129908676673,314.15106979870404,687.9831593541999,625.8251362435205,62.15802311067933,4864.653611779866,0.0,687.9831593541998,0.0,1486.129908676673,0.0,314.15106979870404,0.0,0.0,0.0,0.0,0.0,1002.1342291529038,334.04474305096795,2822.308880880545,42.33463321320817,29.722598173533463,29.722598173533463,158.10105734936255,593.9256299606056,0.0,0.0,0.0,0.0,0.0,0.0,17924.696147519884,0.0,3082.1897677901825,7941.524682812218,23.85546333555966,0.0,0.0,0.0,-2.2737367544323206e-13,0.0
2025-03-21 12:00:00+00:00,1,14.0,2638.836141428213,727.979402768231,1570.6463149361828,340.21042372379753,727.979402768231,662.566301248707,65.41310151952405,4864.653611779866,0.0,727.979402768231,0.0,1570.6463149361828,0.0,340.21042372379753,0.0,0.0,0.0,0.0,0.0,1068.1898264920285,356.06327549734283,2994.899416925554,44.923491253883306,31.412926298723654,31.412926298723654,167.48813281874394,631.3007521674174,0.0,0.0,0.0,0.0,0.0,0.0,17888.846755224848,0.0,3270.13689359563,4494.497734708924,23.84010715843194,0.0,0.0,0.0,-2.2737367544323206e-13,0.0
2025-03-21 13:00:00+00:00,1,14.0,2567.667681468264,710.5701603034565,1531.749527701564,325.347993463244,710.5701603034565,646.1724679799186,64.397692323538,4864.653611779866,0.0,710.5701603034565,0.0,1531.749527701564,0.0,325.347993463244,0.0,0.0,0.0,0.0,0.0,1035.9181537667005,345.30605125556684,2912.9737327238313,43.69460599085747,30.63499055403128,30.63499055403128,163.31044718319055,613.5810855376774,5689.922395072766,0.0,0.0,0.0,0.0,0.0,17853.069061714403,2508.6736280668247,0.0,6874.434505915708,23.848097267498932,0.0,0.0,0.0,0.0,0.0
2025-03-21 14:00:00+00:00,1,14.0,2514.518970629087,695.6598199717483,1499.983575831341,318.87557482599766,695.6598199717486,632.9404433726896,62.71937659905893,4864.653611779866,0.0,695.6598199717483,0.0,1499.983575831341,0.0,318.87557482599766,0.0,0.0,0.0,0.0,0.0,1014.535394797746,338.178464932582,2852.6974355616694,42.79046153342504,29.999671516626822,29.999671516626822,159.89308517657346,600.8613546758343,11190.441568874423,0.0,0.0,0.0,0.0,0.0,17817.362923590976,8075.061243569504,0.0,14535.110238425108,23.850959577423463,0.0,0.0,0.0,-2.7284841053187847e-12,0.0
2025-03-21 15:00:00+00:00,1,14.0,2476.830108709238,685.3198051184637,1478.6967766156652,312.8135269751116,685.3198051184637,623.4378792211696,61.881925897294124,4864.653611779866,0.0,685.3198051184637,0.0,1478.6967766156652,0.0,312.8135269751116,0.0,0.0,0.0,0.0,0.0,998.1333320935753,332.71111069785843,2809.5412194070987,42.143118291106475,29.573935532313303,29.573935532313303,157.48370933986945,591.4858093934611,3068.3159181026995,0.0,0.0,0.0,0.0,0.0,17781.728197743796,0.0,0.0,14535.110238425108,23.85438291647604,0.0,0.0,0.0,2.2737367544323206e-13,0.0
2025-03-21 16:00:00+00:00,1,14.0,2427.784647119749,671.285320595384,1449.1483918545412,307.3509346698247,671.2853205953841,610.8144100121227,60.47091058326134,4864.653611779866,0.0,671.285320595384,0.0,1449.1483918545412,0.0,307.3509346698247,0.0,0.0,0.0,0.0,0.0,978.6362552652087,326.2120850884029,2753.996732208153,41.30995098312229,28.982967837090825,28.982967837090825,154.28418235312932,579.7721540988362,3007.556801218585,0.0,0.0,0.0,0.0,0.0,17746.164741348308,0.0,0.0,14535.110238425108,23.859240090336193,0.0,0.0,0.0,-2.2737367544323206e-13,0.0
2025-03-21 17:00:00+00:00,1,14.0,2607.7242161239196,721.7914933695954,1556.9643185742539,328.96840418007093,721.7914933695956,656.4684502353883,65.32304313420732,4864.653611779866,0.0,721.7914933695954,0.0,1556.9643185742539,328.96840418007093,0.0,0.0,0.0,328.96840418007093,438.62453890676125,109.65613472669031,721.7914933695954,240.5971644565318,2519.352976400381,37.79029464600571,34.42897041328579,31.139286371485078,165.8539730912143,619.465823705213,3227.1900398291327,0.0,0.0,0.0,438.62453890676125,0.0,18127.365723827035,0.0,0.0,14535.110238425108,23.85280825570257,0.0,0.0,0.0,1.1368683772161603e-13,0.0
2025-03-21 18:00:00+00:00,1,14.0,3405.2650082195255,944.0831236122395,2033.1965824403233,427.98530216696196,944.0831236122399,858.5083350761217,85.5747885361181,4864.653611779866,2.5011104298755527e-12,944.083123612237,0.0,2033.1965824403233,270.85737616577353,157.12792600118843,3.637978807091713e-12,1.1368683772161603e-12,270.85737616577353,361.1431682210314,90.28579205525784,1101.2110496134255,367.07034987114184,3501.4779819248906,52.52216972887336,43.3725054104642,40.66393164880647,216.87003274456436,810.7847814591092,0.0,0.0,0.0,0.0,361.143168221035,0.0,18434.197002189365,0.0,4216.049789678635,10091.003550405661,23.80838190671797,0.0,0.0,0.0,-1.1368683772161603e-13,0.0
2025-03-21 19:00:00+00:00,1,14.0,3403.97539606335,944.9018963578441,2030.6418023460046,428.43169735950227,944.9018963578444,858.9386228844231,85.96327347342128,4864.653611779866,0.0,944.9018963578441,0.0,2030.6418023460046,29.10662684555973,399.32507051394253,0.0,0.0,29.10662684555973,38.80883579407964,9.70220894851991,1344.2269668717865,448.07565562392887,3822.9444248417203,57.3441663726258,40.90390231537569,40.612836046920094,217.0557971784034,813.6945664857737,4217.669962549124,0.0,0.0,0.0,38.80883579407964,0.0,18434.197002189365,0.0,0.0,10091.003550405661,23.804050926627593,0.0,0.0,0.0,-2.2737367544323206e-13,0.0
2025-03-21 20:00:00+00:00,1,14.0,2965.7143758801526,824.5163784554882,1766.7858356088218,374.41216181584247,824.5163784554882,750.0040229229716,74.51235553251657,4864.653611779866,0.0,824.5163784554882,0.0,1766.7858356088218,29.10662684555973,345.30553497028274,0.0,0.0,29.10662684555973,38.80883579407964,9.70220894851991,1169.8219134257708,389.9406378085903,3326.548386843183,49.898225802647744,35.62678298063203,35.335716712176435,189.41141948393633,709.9149917365028,1047.8332300828677,0.0,0.0,0.0,38.80883579407964,0.0,18434.197002189365,0.0,2627.796137533787,7321.063210005712,23.830606715889793,0.0,0.0,0.0,-1.1368683772161603e-12,0.0
2025-03-21 21:00:00+00:00,1,14.0,4367.399333036642,1212.7660249465619,2600.1800522749545,554.4532558151268,1212.7660249465623,1103.2886996085326,109.47732533802964,4864.653611779866,0.0,1212.7660249465619,0.0,2600.1800522749545,29.10662684555973,525.3466289695671,0.0,0.0,29.10662684555973,38.80883579407964,9.70220894851991,1738.112653916129,579.3708846387096,4917.663590829793,73.76495386244689,52.29466731395468,52.00360104549909,278.69959595684776,1045.835911765978,0.0,0.0,0.0,0.0,38.80883579407964,0.0,18434.197002189365,0.0,5413.2352448026195,1615.0122487139008,23.744120927971426,0.0,0.0,0.0,-4.547473508864641e-13,0.0
2025-03-21 22:00:00+00:00,1,14.0,4044.7511990677795,1122.4621982370802,2408.8732967143856,513.4157041163149,1122.4621982370804,1020.8259530210221,101.63624521605843,4864.653611779866,0.0,1122.4621982370802,0.0,2408.8732967143856,0.0,513.4157041163149,0.0,0.0,0.0,0.0,0.0,1635.8779023533953,545.2926341177985,4590.043833185579,68.85065749778369,48.17746593428771,48.17746593428771,257.9541441647215,968.4523676488791,5013.203566716657,0.0,0.0,0.0,0.0,0.0,18397.32860818499,0.0,0.0,1615.0122487139008,23.760282145619392,0.0,0.0,0.0,-1.1368683772161603e-12,0.0
2025-03-21 23:00:00+00:00,1,14.0,3180.2473885094764,884.6345160560074,1894.5103616533877,401.1025108000792,884.6345160560077,804.1455552476041,80.48896080840355,4864.653611779866,0.0,884.6345160560074,0.0,1894.5103616533877,0.0,401.1025108000792,0.0,0.0,0.0,0.0,0.0,1285.7370268560867,428.5790089520289,3608.8263974615033,54.13239596192255,37.890207233067756,37.890207233067756,203.20677678012248,761.6985961602094,3941.945984669686,0.0,0.0,0.0,0.0,0.0,18360.533950968624,0.0,0.0,1615.0122487139008,23.819385535328497,0.0,0.0,0.0,1.1368683772161603e-13,0.0
2025-03-23 00:00:00+00:00,2,1.0,3047.0827957348697,844.3288262023294,1816.9358034925533,385.8181660399863,844.3288262023295,768.1163726739038,76.21245352842574,4864.653611779866,0.0,844.3288262023294,0.0,1816.9358034925533,0.0,385.8181660399863,0.0,0.0,0.0,0.0,0.0,1230.1469922423157,410.04899741410526,3457.1317931489743,51.85697689723461,36.33871606985107,36.33871606985107,194.03105685553606,728.614463306578,11850.758502610952,0.0,0.0,0.0,0.0,0.0,18323.81288306669,8075.061243569504,0.0,9275.687981223302,23.82512600937722,0.0,0.0,0.0,0.0,0.0
2025-03-23 01:00:00+00:00,2,1.0,3689.539622469024,1021.1084697982285,2200.1731740865685,468.25797858422646,1021.1084697982286,929.0765939485148,92.03187584971383,4864.653611779866,0.0,1021.1084697982285,0.0,2200.1731740865685,0.0,468.25797858422646,0.0,0.0,0.0,0.0,0.0,1489.366448382455,496.4554827941517,4185.995105263175,62.78992657894762,44.00346348173137,44.00346348173137,234.70199609972565,881.9543324362877,4571.493954905311,0.0,0.0,0.0,0.0,0.0,18287.16525730056,0.0,0.0,9275.687981223302,23.78490012454028,0.0,0.0,0.0,-1.0231815394945443e-12,0.0
2025-03-23 02:00:00+00:00,2,1.0,4766.883972927061,1319.5911038053937,2841.3926572041255,605.9002119175461,1319.591103805394,1200.6196298309692,118.97147397442464,4864.653611779866,0.0,1319.5911038053937,0.0,2841.3926572041255,0.0,605.9002119175461,0.0,0.0,0.0,0.0,0.0,1925.4913157229398,641.8304385743132,5408.714411501378,81.13071617252066,56.82785314408251,56.82785314408251,303.32605112834284,1139.9429121633418,5906.826885090403,0.0,0.0,0.0,0.0,0.0,18250.59092678596,0.0,0.0,9275.687981223302,23.722317118279175,0.0,0.0,0.0,2.2737367544323206e-13,0.0
2025-03-23 03:00:00+00:00,2,1.0,5065.620620082867,1401.632338437337,3021.4859834613803,642.502298184148,1401.6323384373375,1275.3615626623164,126.27077577502101,4864.653611779866,0.0,1401.632338437337,0.0,3021.4859834613803,0.0,642.502298184148,0.0,0.0,0.0,0.0,0.0,2044.134636621485,681.3782122071617,5746.998832290027,86.20498248435041,60.42971966922761,60.42971966922761,322.1599817860242,1210.6026158159914,11820.141072346069,0.0,0.0,0.0,0.0,0.0,18214.08974493239,5543.917836447208,0.0,14535.110238425108,23.70483037292541,0.0,0.0,0.0,1.8189894035458565e-12,0.0
2025-03-23 04:00:00+00:00,2,1.0,4612.233252327111,1276.2027894230437,2750.885296290336,585.1451666137319,1276.202789423044,1161.4350649406429,114.76772448240105,4864.653611779866,0.0,1276.2027894230437,0.0,2750.885296290336,0.0,585.1451666137319,0.0,0.0,0.0,0.0,0.0,1861.3479560367755,620.4493186789251,5232.682571006037,78.49023856509055,55.01770592580672,55.01770592580672,293.3337720471367,1102.3087411427657,5714.541993469876,0.0,0.0,0.0,0.0,0.0,18177.661565442526,0.0,0.0,14535.110238425108,23.733494513115335,0.0,0.0,0.0,-6.821210263296962e-13,0.0
2025-03-23 05:00:00+00:00,2,1.0,4918.4003314097545,1360.4706558650944,2933.672046976184,624.2576285684747,1360.4706558650946,1238.053848276774,122.41680758832054,4864.653611779866,0.0,1360.4706558650944,0.0,2933.672046976184,0.0,624.2576285684747,0.0,0.0,0.0,0.0,0.0,1984.7282844335691,661.5760948111897,5579.976426220943,83.69964639331414,58.67344093952368,58.67344093952368,312.7159947043866,1175.338617787938,6093.738949197693,0.0,0.0,0.0,0.0,0.0,18141.306242311643,0.0,0.0,14535.110238425108,23.713572993286224,0.0,0.0,0.0,4.547473508864641e-13,0.0
2025-03-23 06:00:00+00:00,2,1.0,4640.041575661417,1283.8566376591252,2767.1467250850583,589.0382129172316,1283.8566376591255,1168.401960917155,115.4546767419703,4864.653611779866,0.0,1283.8566376591252,0.0,2767.1467250850583,0.0,589.0382129172316,0.0,0.0,0.0,0.0,0.0,1872.894850576357,624.2982835254523,5264.339859186868,78.96509788780303,55.342934501701166,55.342934501701166,295.10286821656035,1109.052118633218,5749.093694294635,0.0,0.0,0.0,0.0,0.0,18105.023629827025,0.0,0.0,14535.110238425108,23.731911782509606,0.0,0.0,0.0,0.0,0.0
2025-03-23 07:00:00+00:00,2,1.0,4423.780537253034,1224.6315178705809,2637.2878739302073,561.8611454522484,1224.631517870581,1114.5253985874124,110.10611928316874,4864.653611779866,0.0,1224.6315178705809,0.0,2637.2878739302073,0.0,561.8611454522484,0.0,0.0,0.0,0.0,0.0,1786.4926633228292,595.4975544409431,5019.278091693979,75.28917137540968,52.74575747860415,52.74575747860415,281.48739868651086,1057.7656394600717,5481.546176713106,0.0,0.0,0.0,0.0,0.0,18068.81358256737,0.0,0.0,14535.110238425108,23.743651314467463,0.0,0.0,0.0,9.094947017729282e-13,0.0
2025-03-23 08:00:00+00:00,2,1.0,2525.460535255602,699.9648473615586,1505.272360637674,320.22332725636954,699.9648473615587,636.9602832296368,63.00456413192183,4864.653611779866,0.0,699.9648473615586,0.0,1505.272360637674,0.0,320.22332725636954,0.0,0.0,0.0,0.0,0.0,1020.1881746179281,340.0627248726427,2865.523260128245,42.982848901923674,30.10544721275348,30.10544721275348,160.8664046526887,604.1228728527619,3129.5834081083635,0.0,0.0,0.0,0.0,0.0,18032.67595540224,0.0,0.0,14535.110238425108,23.85594180368682,0.0,0.0,0.0,-2.2737367544323206e-13,0.0
2025-03-23 09:00:00+00:00,2,1.0,4083.5344389885936,1130.4250306922052,2433.8122326270022,519.297175669385,1130.4250306922056,1028.676935138986,101.74809555321964,4864.653611779866,0.0,1130.4250306922052,0.0,2433.8122326270022,0.0,519.297175669385,0.0,0.0,0.0,0.0,0.0,1649.72220636159,549.90740212053,4633.441841109123,69.50162761663684,48.67624465254005,48.67624465254005,259.8523528303818,976.6138718726288,5060.148310861223,0.0,0.0,0.0,0.0,0.0,17996.610603491434,0.0,0.0,14535.110238425108,23.75983274236377,0.0,0.0,0.0,4.547473508864641e-13,0.0
2025-03-23 10:00:00+00:00,2,1.0,2599.533019262855,721.5409904793914,1546.5761544738864,331.41587430957844,721.5409904793916,656.664326111103,64.87666436828853,4864.653611779866,0.0,721.5409904793914,0.0,1546.5761544738864,0.0,331.41587430957844,0.0,0.0,0.0,0.0,0.0,1052.9568647889698,350.98562159632326,2950.5186408591794,44.25777961288769,30.93152308947773,30.93152308947773,165.85584565927704,622.9622930474434,0.0,0.0,0.0,0.0,0.0,0.0,17960.617382284454,0.0,3222.495312310298,11138.301926386383,23.849104549882203,0.0,0.0,0.0,-4.547473508864641e-13,0.0
2025-03-23 11:00:00+00:00,2,1.0,2678.3055703265177,742.1201238118488,1595.4450849283298,340.740361586339,742.1201238118489,675.4685339933486,66.6515898185003,4864.653611779866,0.0,742.1201238118488,0.0,1595.4450849283298,0.0,340.740361586339,0.0,0.0,0.0,0.0,0.0,1082.8604853981878,360.9534951327293,3039.259065459247,45.5888859818887,31.9089016985666,31.9089016985666,170.58443952359556,640.9446240353468,0.0,0.0,0.0,0.0,0.0,0.0,17924.696147519884,0.0,3319.2501943618645,7639.505013673024,23.84353211691086,0.0,0.0,0.0,0.0,0.0
2025-03-23 12:00:00+00:00,2,1.0,3707.387082912041,1025.2679747775521,2208.987566576882,473.1315415576058,1025.2679747775524,933.579935505489,91.68803927206345,4864.653611779866,0.0,1025.2679747775521,0.0,2208.987566576882,0.0,473.1315415576058,0.0,0.0,0.0,0.0,0.0,1498.3995163351578,499.46650544505263,4206.853588357092,63.10280382535638,44.17975133153764,44.17975133153764,235.73658671816293,886.6653986516473,0.0,0.0,0.0,0.0,0.0,0.0,17888.846755224848,0.0,4594.052481563689,2796.948502976371,23.782757542028722,0.0,0.0,0.0,7.958078640513122e-13,0.0
2025-03-23 13:00:00+00:00,2,1.0,4774.338456629509,1319.9448199456501,2844.836194594227,609.5574420896289,1319.9448199456504,1201.8617348108444,118.083085134806,4864.653611779866,0.0,1319.9448199456501,0.0,2844.836194594227,0.0,609.5574420896289,0.0,0.0,0.0,0.0,0.0,1929.502262035279,643.1674206784263,5417.505877307933,81.26258815961899,56.89672389188454,56.89672389188454,303.50179287942524,1141.7252495012397,10214.111338378858,0.0,0.0,0.0,0.0,0.0,17853.069061714403,4298.047632248107,0.0,6874.434505915708,23.719866567501196,0.0,0.0,0.0,1.8189894035458565e-12,0.0
2025-03-23 14:00:00+00:00,2,1.0,2979.168721184503,824.3077937539015,1775.2953667785778,379.5655606520255,824.3077937539017,751.0472602958175,73.2605334580842,4864.653611779866,0.0,824.3077937539015,0.0,1775.2953667785778,0.0,379.5655606520255,0.0,0.0,0.0,0.0,0.0,1203.8733544059269,401.291118135309,3380.459839319814,50.70689758979721,35.50590733557156,35.50590733557156,189.50712749706912,712.5169578933185,11766.746922647324,0.0,0.0,0.0,0.0,0.0,17817.362923590976,8075.061243569504,0.0,14535.110238425108,23.833092914621517,0.0,0.0,0.0,-1.8189894035458565e-12,0.0
2025-03-23 15:00:00+00:00,2,1.0,2661.2908495157944,734.4438588501961,1588.547402200757,338.2995884648388,734.4438588501962,669.3103182879977,65.13354056219856,4864.653611779866,0.0,734.4438588501961,0.0,1588.547402200757,0.0,338.2995884648388,0.0,0.0,0.0,0.0,0.0,1072.743447315035,357.58114910501166,3018.8719986208034,45.28307997931205,31.770948044015142,31.770948044015142,168.8531238852793,635.2592490576333,3296.550098573428,0.0,0.0,0.0,0.0,0.0,17781.728197743796,0.0,0.0,14535.110238425108,23.850095225853906,0.0,0.0,0.0,2.2737367544323206e-13,0.0
2025-03-23 16:00:00+00:00,2,1.0,2571.9426533617698,709.8371999784032,1534.977320122125,327.12813326123955,709.8371999784032,646.6977475775819,63.13945240082127,4864.653611779866,0.0,709.8371999784032,0.0,1534.977320122125,0.0,327.12813326123955,0.0,0.0,0.0,0.0,0.0,1036.9653332396429,345.65511107988095,2917.597764441649,43.76396646662473,30.699546402442504,30.699546402442504,163.20051539574985,614.0186857471405,3185.9613391089106,0.0,0.0,0.0,0.0,0.0,17746.164741348308,0.0,0.0,14535.110238425108,23.853775950447016,0.0,0.0,0.0,3.410605131648481e-13,0.0
2025-03-23 17:00:00+00:00,2,1.0,2694.2734470521896,742.9337082138725,1608.308224709606,343.0315141287118,742.9337082138725,676.6144043638049,66.31930385006767,4864.653611779866,0.0,742.9337082138725,0.0,1608.308224709606,343.03151412871176,5.684341886080802e-14,0.0,0.0,343.03151412871176,457.37535217161565,114.34383804290391,742.9337082138725,247.64456940462415,2598.886502328103,38.98329753492154,35.59647963547924,32.166164494192124,170.8269538461348,639.5613029582557,3333.8347500104455,-5.684341886080802e-14,0.0,0.0,457.3753521716157,0.0,18145.178996428647,0.0,0.0,14535.110238425108,23.844901716795924,0.0,0.0,0.0,2.2737367544323206e-13,0.0
2025-03-23 18:00:00+00:00,2,1.0,4148.013061258572,1144.2595476217948,2474.9183315633763,528.8351820734014,1144.259547621795,1041.8124883869398,102.44705923485527,4864.653611779866,0.0,1144.2595476217948,0.0,2474.9183315633763,256.82239243703134,272.01278963637003,0.0,0.0,256.82239243703134,342.42985658270845,85.60746414567711,1416.272337258165,472.09077908605497,4363.281447907596,65.44922171861394,52.066590555637845,49.49836663126753,263.1199462954995,987.832368432751,2571.939957378341,0.0,0.0,0.0,342.42985658270845,0.0,18434.197002189365,0.0,2563.905472312981,11832.516572465509,23.752807203095696,0.0,0.0,0.0,-3.410605131648481e-13,0.0
2025-03-23 19:00:00+00:00,2,1.0,4286.388019597032,1182.0631802602675,2557.709741031779,546.6150983049852,1182.0631802602677,1076.4218006635351,105.64137959673252,4864.653611779866,0.0,1182.0631802602675,0.0,2557.709741031779,29.10662684555973,517.5084714594254,0.0,0.0,29.10662684555973,38.80883579407964,9.70220894851991,1699.571651719693,566.5238839065643,4823.805276658036,72.35707914987053,51.44526108909117,51.154194820635574,271.82368295326796,1023.0063108679494,0.0,0.0,0.0,0.0,38.80883579407964,0.0,18434.197002189365,0.0,5309.394330464983,6235.923545714155,23.74632879415254,0.0,0.0,0.0,1.1368683772161603e-12,0.0
2025-03-23 20:00:00+00:00,2,1.0,3276.2455494626297,902.9517512583851,1955.486939505947,417.8068586982951,902.9517512583855,822.2330269087863,80.71872434959913,4864.653611779866,0.0,902.9517512583851,0.0,1955.486939505947,29.10662684555973,388.7002318527354,0.0,0.0,29.10662684555973,38.80883579407964,9.70220894851991,1291.6519831111204,430.55066103704013,3677.6895836541075,55.16534375481161,39.400805058574534,39.10973879011894,207.6466575687202,781.5754151577854,4057.820964620415,0.0,0.0,0.0,38.80883579407964,0.0,18434.197002189365,0.0,0.0,6235.923545714155,23.805031850881896,0.0,0.0,0.0,-1.1368683772161603e-13,0.0
2025-03-23 21:00:00+00:00,2,1.0,3539.052929292931,975.6754683140251,2111.1757023957657,452.2017585831416,975.6754683140252,888.1023512758,87.57311703822535,4864.653611779866,0.0,975.6754683140251,0.0,2111.1757023957657,29.10662684555973,423.0951317375819,0.0,0.0,29.10662684555973,38.80883579407964,9.70220894851991,1398.770600051607,466.256866683869,3976.203169131242,59.64304753696862,42.51458031637091,42.223514047915316,224.38822241050298,844.7284399441468,0.0,0.0,0.0,0.0,38.80883579407964,0.0,18434.197002189365,0.0,4383.781369237078,1615.0122487139008,23.787193657057827,0.0,0.0,0.0,5.684341886080801e-13,0.0
2025-03-23 22:00:00+00:00,2,1.0,4426.837872567179,1220.5890325922585,2638.7628520387284,567.4859879361918,1220.5890325922587,1110.6146611051595,109.9743714870993,4864.653611779866,0.0,1220.5890325922585,0.0,2638.7628520387284,0.0,567.4859879361918,0.0,0.0,0.0,0.0,0.0,1788.0750205284503,596.0250068428168,5022.862879409995,75.34294319114993,52.77525704077457,52.77525704077457,280.7575787309888,1057.6760428465047,5484.513915413684,0.0,0.0,0.0,0.0,0.0,18397.32860818499,0.0,0.0,1615.0122487139008,23.733071240251128,0.0,0.0,0.0,2.2737367544323206e-13,0.0
2025-03-23 23:00:00+00:00,2,1.0,4604.1904827817725,1269.791219148401,2743.025515206803,591.3737484265691,1269.791219148401,1155.4849166229785,114.30630252542257,4864.653611779866,0.0,1269.791219148401,0.0,2743.025515206803,0.0,591.3737484265691,0.0,0.0,0.0,0.0,0.0,1861.1649675749702,620.38832252499,5224.578805306763,78.36868207960144,54.860510304136064,54.860510304136064,292.10091971094516,1100.5789449238086,5704.769427705582,0.0,0.0,0.0,0.0,0.0,18360.533950968624,0.0,0.0,1615.0122487139008,23.722929545112184,0.0,0.0,0.0,4.547473508864641e-13,0.0
2025-04-12 00:00:00+00:00,3,40.0,3091.7851799709215,851.2444316029143,1848.946829994527,391.59391837348124,851.2444316029146,776.3501708392096,74.89426076370499,4864.653611779866,0.0,851.2444316029143,0.0,1848.946829994527,0.0,391.59391837348124,0.0,0.0,0.0,0.0,0.0,1242.8383499763956,414.2794499921319,3506.0646299630544,52.590969449445815,36.97893659989054,36.97893659989054,195.70142652460453,736.5297191659633,3828.3148991368844,0.0,0.0,0.0,0.0,0.0,18323.81288306669,0.0,0.0,6874.434505915708,23.821068074730462,0.0,0.0,0.0,-4.547473508864641e-13,0.0
2025-04-12 01:00:00+00:00,3,40.0,3069.36490939459,846.5820576036011,1835.3800528999452,387.4027988910433,846.5820576036015,771.5810201099475,75.00103749365395,4864.653611779866,0.0,846.5820576036011,0.0,1835.3800528999452,0.0,387.4027988910433,0.0,0.0,0.0,0.0,0.0,1233.9848564946444,411.3282854982148,3480.6931948928045,52.210397923392065,36.70760105799891,36.70760105799891,194.57503859398142,731.5289241315861,3800.8938335261764,0.0,0.0,0.0,0.0,0.0,18287.16525730056,0.0,0.0,6874.434505915708,23.824237284467674,0.0,0.0,0.0,2.2737367544323206e-13,0.0
2025-04-12 02:00:00+00:00,3,40.0,3040.409167427768,838.4213738935523,1816.9916146039866,384.99617893022804,838.4213738935524,764.0454724537828,74.37590143976955,4864.653611779866,0.0,838.4213738935523,0.0,1816.9916146039866,0.0,384.99617893022804,0.0,0.0,0.0,0.0,0.0,1223.4175528237804,407.80585094126013,3448.2150183690273,51.723225275535405,36.339832292079734,36.339832292079734,192.73309951573802,724.941840316693,3765.351007744461,0.0,0.0,0.0,0.0,0.0,18250.59092678596,0.0,0.0,6874.434505915708,23.822431430274307,0.0,0.0,0.0,3.410605131648481e-13,0.0
2025-04-12 03:00:00+00:00,3,40.0,3062.6154219436226,843.933230754325,1830.6343537262098,388.0478374630872,843.9332307543252,768.9684662211765,74.96476453314864,4864.653611779866,0.0,843.933230754325,0.0,1830.6343537262098,0.0,388.0478374630872,0.0,0.0,0.0,0.0,0.0,1231.9810682174123,410.66035607247073,3473.2757780160928,52.09913667024139,36.612687074524196,36.612687074524196,194.01429487067122,729.9991617624319,11867.675827275558,0.0,0.0,0.0,0.0,0.0,18214.08974493239,8075.061243569504,0.0,14535.110238425108,23.819188620941308,0.0,0.0,0.0,-9.094947017729282e-13,0.0
2025-04-12 04:00:00+00:00,3,40.0,3109.60323598824,856.8353010273229,1858.3725409981287,394.3953939627889,856.8353010273231,780.7334491780712,76.10185184925193,4864.653611779866,0.0,856.8353010273229,0.0,1858.3725409981287,0.0,394.3953939627889,0.0,0.0,0.0,0.0,0.0,1251.2306949901117,417.07689833003724,3526.680134318278,52.900202014774166,37.167450819962575,37.167450819962575,196.9909393487286,741.3029413334651,3850.906177321705,0.0,0.0,0.0,0.0,0.0,18177.661565442526,0.0,0.0,14535.110238425108,23.81468952827013,0.0,0.0,0.0,-3.410605131648481e-13,0.0
2025-04-12 05:00:00+00:00,3,40.0,3108.01247362187,856.1413245427734,1857.7975434140094,394.0736056650888,856.1413245427736,780.2201751762892,75.92114936648446,4864.653611779866,0.0,856.1413245427734,0.0,1857.7975434140094,0.0,394.0736056650888,0.0,0.0,0.0,0.0,0.0,1250.2149302078622,416.73831006928737,3524.750783691159,52.871261755367385,37.155950868280186,37.155950868280186,196.8322050127669,740.7536785739819,3848.766152195852,0.0,0.0,0.0,0.0,0.0,18141.306242311643,0.0,0.0,14535.110238425108,23.81543245864805,0.0,0.0,0.0,2.2737367544323206e-13,0.0
2025-04-12 06:00:00+00:00,3,40.0,3057.446493160741,842.6786946537759,1827.8100207895454,386.95777771741916,842.678694653776,768.089584793034,74.58910986074207,4864.653611779866,0.0,842.6786946537759,0.0,1827.8100207895454,0.0,386.95777771741916,0.0,0.0,0.0,0.0,0.0,1229.636472371195,409.87882412373165,3467.325317284472,52.00987975926708,36.55620041579091,36.55620041579091,193.71460416294371,728.7157088775242,3786.162202038265,0.0,0.0,0.0,0.0,0.0,18105.023629827025,0.0,0.0,14535.110238425108,23.823094235538413,0.0,0.0,0.0,1.1368683772161603e-13,0.0
2025-04-12 07:00:00+00:00,3,40.0,3070.6544380104815,847.2162172391218,1833.981151046946,389.4570697244143,847.2162172391219,772.1160426127317,75.10017462639023,4864.653611779866,0.0,847.2162172391218,0.0,1833.981151046946,0.0,389.4570697244143,0.0,0.0,0.0,0.0,0.0,1236.6732869635362,412.2244289878454,3482.878866998328,52.24318300497492,36.67962302093892,36.67962302093892,194.7664583317936,732.5933163664918,3803.2477543769733,0.0,0.0,0.0,0.0,0.0,18068.81358256737,0.0,0.0,14535.110238425108,23.823235406177375,0.0,0.0,0.0,0.0,0.0
2025-04-12 08:00:00+00:00,3,40.0,3024.258249840333,834.4953369417489,1806.2373054137806,383.5256074848003,834.4953369417491,760.3820224593933,74.11331448235576,4864.653611779866,0.0,834.4953369417489,0.0,1806.2373054137806,0.0,383.5256074848003,0.0,0.0,0.0,0.0,0.0,1218.0209444265492,406.0069814755164,3430.265231315846,51.453978469737685,36.124746108275616,36.124746108275616,191.84028774165077,721.5507399034561,3745.8089897437894,0.0,0.0,0.0,0.0,0.0,18032.67595540224,0.0,0.0,14535.110238425108,23.82684794977827,0.0,0.0,0.0,2.2737367544323206e-13,0.0
2025-04-12 09:00:00+00:00,3,40.0,2952.048198650281,813.9073991517809,1762.807323854558,375.3334756439405,813.907399151781,741.8051231554674,72.10227599631354,4864.653611779866,0.0,813.9073991517809,0.0,1762.807323854558,0.0,375.3334756439405,0.0,0.0,0.0,0.0,0.0,1189.2408747957213,396.4136249319071,3348.4618235821863,50.22692735373279,35.256146477091164,35.256146477091164,187.14167300201504,704.2945182418373,3656.342716892118,0.0,0.0,0.0,0.0,0.0,17996.610603491434,0.0,0.0,14535.110238425108,23.830297650011943,0.0,0.0,0.0,-2.2737367544323206e-13,0.0
2025-04-12 10:00:00+00:00,3,40.0,2929.163055665478,807.5078278145888,1748.5526676413485,373.1025602095399,807.5078278145888,735.7849509855707,71.72287682901815,4864.653611779866,0.0,807.5078278145888,0.0,1748.5526676413485,0.0,373.1025602095399,0.0,0.0,0.0,0.0,0.0,1180.6103880241287,393.5367960080429,3322.6998516735202,49.840497775102804,34.97105335282697,34.97105335282697,185.68958992099223,699.0089904097919,0.0,0.0,0.0,0.0,0.0,0.0,17960.617382284454,0.0,3628.17204607527,10710.681102241366,23.831668868751514,0.0,0.0,0.0,-1.1368683772161603e-13,0.0
2025-04-12 11:00:00+00:00,3,40.0,3018.0422265829366,831.6048203099585,1801.3976869208225,385.03971935215566,831.6048203099587,757.9602785823565,73.6445417276021,4864.653611779866,0.0,831.6048203099585,0.0,1801.3976869208225,0.0,385.03971935215566,0.0,0.0,0.0,0.0,0.0,1216.6445396621143,405.5481798873714,3423.590406470308,51.35385609705462,36.02795373841645,36.02795373841645,191.25025267399607,720.2081961352551,0.0,0.0,0.0,0.0,0.0,0.0,17924.696147519884,0.0,3738.250422718191,6770.21916894912,23.824540080043427,0.0,0.0,0.0,-4.547473508864641e-13,0.0
2025-04-12 12:00:00+00:00,3,40.0,2937.9634504198903,810.007535046017,1753.7551970757045,374.20071829816914,810.0075350460171,738.3178092273486,71.68972581866852,4864.653611779866,0.0,810.007535046017,0.0,1753.7551970757045,0.0,374.20071829816914,0.0,0.0,0.0,0.0,0.0,1184.2082533441862,394.73608444806206,3332.699534867953,49.99049302301929,35.075103941514094,35.075103941514094,186.26170498277523,701.1384903368847,0.0,0.0,0.0,0.0,0.0,0.0,17888.846755224848,0.0,3639.1019407567746,2934.268912172273,23.830653857922343,0.0,0.0,0.0,-3.410605131648481e-13,0.0
2025-04-12 13:00:00+00:00,3,40.0,2936.394018063023,809.8932007167426,1751.6323819529412,374.86843539333813,809.8932007167429,737.9292989460125,71.96390177073029,4864.653611779866,0.0,809.8932007167426,0.0,1751.6323819529412,0.0,374.86843539333813,0.0,0.0,0.0,0.0,0.0,1184.7616361100809,394.92054537002696,3331.314563433049,49.96971845149573,35.03264763905882,35.03264763905882,186.25088444935588,701.2064435489963,7790.899673098333,0.0,0.0,0.0,0.0,0.0,17853.069061714403,4153.299211486314,0.0,6874.434505915708,23.82595873745935,0.0,0.0,0.0,-9.094947017729282e-13,0.0
2025-04-12 14:00:00+00:00,3,40.0,3007.658007168605,829.9809520045767,1795.3226022997853,382.3544528642444,829.9809520045769,756.1080134077347,73.87293859684222,4864.653611779866,0.0,829.9809520045767,0.0,1795.3226022997853,0.0,382.3544528642444,0.0,0.0,0.0,0.0,0.0,1212.3354048688211,404.1118016229404,3411.769808791547,51.1765471318732,35.90645204599571,35.90645204599571,190.82227649659762,717.9235293434026,3725.581536512007,0.0,0.0,0.0,0.0,0.0,17817.362923590976,0.0,0.0,6874.434505915708,23.8206862521188,0.0,0.0,0.0,-4.547473508864641e-13,0.0
2025-04-12 15:00:00+00:00,3,40.0,3059.3822059163886,844.1996213417583,1827.5319103957706,387.6506741788612,844.1996213417584,769.1948936759056,75.00472766585278,4864.653611779866,0.0,844.1996213417583,0.0,1827.5319103957706,0.0,387.6506741788612,0.0,0.0,0.0,0.0,0.0,1231.8502955206195,410.6167651735398,3469.99897108993,52.04998456634895,36.55063820791541,36.55063820791541,194.06089421883746,729.828920374557,3789.2111262909452,0.0,0.0,0.0,0.0,0.0,17781.728197743796,0.0,0.0,6874.434505915708,23.818433470531506,0.0,0.0,0.0,-3.410605131648481e-13,0.0
2025-04-12 16:00:00+00:00,3,40.0,3006.305278603771,832.3016553608817,1794.1569145744395,379.84670866844925,832.3016553608818,758.0609542234411,74.2407011374408,4864.653611779866,0.0,832.3016553608817,0.0,1794.1569145744395,0.0,379.84670866844925,0.0,0.0,0.0,0.0,0.0,1212.1483640293309,404.04945467644364,3410.354733280214,51.15532099920321,35.88313829148879,35.88313829148879,191.25912127594557,718.23017353457,11799.596695707845,0.0,0.0,0.0,0.0,0.0,17746.164741348308,8075.061243569504,0.0,14535.110238425108,23.821383945904714,0.0,0.0,0.0,0.0,0.0
2025-04-12 17:00:00+00:00,3,40.0,3007.45062791119,831.1792393760231,1795.8032021668455,380.4681863683221,831.1792393760234,757.2734269941936,73.90581238182972,4864.653611779866,0.0,831.1792393760231,0.0,1795.8032021668455,380.4681863683221,0.0,0.0,0.0,380.4681863683221,507.2909151577628,126.8227287894407,831.1792393760231,277.0597464586744,2904.042188001543,43.560632820023145,39.72074590702013,35.91606404333691,191.031550184614,714.1114682031093,3721.5620961142995,4.547473508864641e-13,0.0,4.547473508864641e-13,507.29091515776236,0.0,18192.598781265486,0.0,0.0,14535.110238425108,23.81949153292561,0.0,0.0,0.0,0.0,0.0
2025-04-12 18:00:00+00:00,3,40.0,3066.3174869809536,848.1296839311382,1831.6739083867606,386.5138946630547,848.1296839311386,772.548106281063,75.58157765007556,4864.653611779866,0.0,848.1296839311382,0.0,1831.6739083867606,219.4605935419013,167.05330112115342,0.0,0.0,219.4605935419013,292.61412472253505,73.15353118063376,1015.1829850522915,338.39432835076383,3185.2512217898156,47.778768326847235,38.828084103154225,36.63347816773521,194.88212373861,729.6703138677442,2607.4999399048797,0.0,0.0,0.0,292.61412472253505,0.0,18434.197002189365,0.0,1188.4878609438179,13282.334034410462,23.818307130304433,0.0,0.0,0.0,-2.2737367544323206e-13,0.0
2025-04-12 19:00:00+00:00,3,40.0,3014.1137776552564,832.6717228923785,1801.1045979568564,380.33745680602345,832.6717228923785,759.1419857645755,73.52973712780312,4864.653611779866,0.0,832.6717228923785,0.0,1801.1045979568564,29.10662684555973,351.2308299604637,0.0,0.0,29.10662684555973,38.80883579407964,9.70220894851991,1183.9025528528423,394.63418428428076,3379.6413350939793,50.69462002640969,36.31315822759272,36.02209195913713,191.35415021975888,718.720413665699,0.0,0.0,0.0,0.0,38.80883579407964,0.0,18434.197002189365,0.0,3732.834191320955,9347.581310301477,23.82452771184845,0.0,0.0,0.0,-2.2737367544323206e-13,0.0
2025-04-12 20:00:00+00:00,3,40.0,2967.55226047756,819.5945337754112,1773.8766955939784,374.0810311081706,819.5945337754113,747.5021178845344,72.09241589087682,4864.653611779866,0.0,819.5945337754112,0.0,1773.8766955939784,29.10662684555973,344.97440426261085,0.0,0.0,29.10662684555973,38.80883579407964,9.70220894851991,1164.568938038022,388.189646012674,3326.6352796446745,49.899529194670116,35.76860018033516,35.47753391187957,188.34374872294106,707.3812669710198,0.0,0.0,0.0,0.0,38.80883579407964,0.0,18434.197002189365,0.0,3674.93352744858,5473.861244816668,23.82987752685469,0.0,0.0,0.0,2.2737367544323206e-13,0.0
2025-04-12 21:00:00+00:00,3,40.0,2956.3872331650873,815.5402176588974,1767.4924582133033,373.35455729288583,815.5402176588975,743.9188334781787,71.62138418071883,4864.653611779866,0.0,815.5402176588974,0.0,1767.4924582133033,29.10662684555973,344.2479304473261,0.0,0.0,29.10662684555973,38.80883579407964,9.70220894851991,1159.7881481062236,386.5960493687412,3313.8766556882683,49.70814983532402,35.64091543272166,35.34984916426607,187.4411863870261,704.438359136599,0.0,0.0,0.0,0.0,38.80883579407964,0.0,18434.197002189365,0.0,3660.825592301687,1615.0122487139008,23.828012042721983,0.0,0.0,0.0,4.547473508864641e-13,0.0
2025-04-12 22:00:00+00:00,3,40.0,2970.19408654103,820.0574709676779,1774.0239930936373,376.11262247971604,820.0574709676781,748.147700401716,71.90977056596213,4864.653611779866,0.0,820.0574709676779,0.0,1774.0239930936373,0.0,376.11262247971604,0.0,0.0,0.0,0.0,0.0,1196.1700934473938,398.7233644824646,3368.9174510234957,50.53376176535243,35.480479861872745,35.480479861872745,188.49372149744255,708.7118074690052,3678.9058940100354,0.0,0.0,0.0,0.0,0.0,18397.32860818499,0.0,0.0,1615.0122487139008,23.8270341948789,0.0,0.0,0.0,0.0,0.0
2025-04-12 23:00:00+00:00,3,40.0,3033.7416111196762,839.1030047070534,1810.278422838071,384.3601835745533,839.1030047070535,765.2845542494157,73.81845045763782,4864.653611779866,0.0,839.1030047070534,0.0,1810.278422838071,0.0,384.3601835745533,0.0,0.0,0.0,0.0,0.0,1223.4631882816066,407.82106276053554,3441.562673880213,51.62344010820319,36.20556845676142,36.20556845676142,192.85471327543678,724.7103530576983,9302.369800624583,0.0,0.0,0.0,0.0,0.0,18360.533950968624,5543.917836447209,0.0,6874.434505915708,23.822917294229676,0.0,0.0,0.0,-9.094947017729282e-13,0.0
2025-06-08 00:00:00+00:00,4,59.0,2668.226443465902,739.3886223047955,1597.2396166717353,331.59820448936983,739.3886223047955,671.5518268223908,67.83679548240465,4864.653611779866,0.0,739.3886223047955,0.0,1597.2396166717353,0.0,331.59820448936983,0.0,0.0,0.0,0.0,0.0,1070.9868267941654,356.99560893138846,3025.222052397289,45.378330785959335,31.94479233343471,31.94479233343471,169.75903766455613,636.0225620487734,3304.2490055146745,0.0,0.0,0.0,0.0,0.0,18323.81288306669,0.0,0.0,6874.434505915708,23.836612333771058,0.0,0.0,0.0,-6.821210263296962e-13,0.0
2025-06-08 01:00:00+00:00,4,59.0,2697.086106739959,744.7364276981111,1609.539375438886,342.8103036029605,744.7364276981114,674.6641238759144,70.07230382219696,4864.653611779866,0.0,744.7364276981111,0.0,1609.539375438886,0.0,342.8103036029605,0.0,0.0,0.0,0.0,0.0,1087.5467313010718,362.51557710035723,3059.6016838403148,45.89402525760472,32.190787508777724,32.190787508777724,171.21250889421754,644.0036862697349,3341.0897930096944,0.0,0.0,0.0,0.0,0.0,18287.16525730056,0.0,0.0,6874.434505915708,23.819170926097826,0.0,0.0,0.0,3.410605131648481e-13,0.0
2025-06-08 02:00:00+00:00,4,59.0,2748.2279820414296,758.7205839073873,1639.9370993186715,349.5702988153703,758.7205839073875,687.1859235582948,71.53466034909275,4864.653611779866,0.0,758.7205839073873,0.0,1639.9370993186715,0.0,349.5702988153703,0.0,0.0,0.0,0.0,0.0,1108.2908827227575,369.4302942409192,3117.658276282348,46.76487414423522,32.79874198637343,32.79874198637343,174.43484734320836,656.2274997011097,3404.455481742539,0.0,0.0,0.0,0.0,0.0,18250.59092678596,0.0,0.0,6874.434505915708,23.816632437848085,0.0,0.0,0.0,-1.1368683772161603e-13,0.0
2025-06-08 03:00:00+00:00,4,59.0,2787.1014940741543,769.3682397315492,1664.3976131316017,353.33564121100176,769.3682397315495,697.5828585944801,71.78538113706941,4864.653611779866,0.0,769.3682397315492,0.0,1664.3976131316017,0.0,353.33564121100176,0.0,0.0,0.0,0.0,0.0,1122.703880942551,374.23462698085035,3161.336121055003,47.420041815825044,33.28795226263203,33.28795226263203,176.8565817532247,665.0871550751642,11527.249892718823,0.0,0.0,0.0,0.0,0.0,18214.08974493239,8075.061243569504,0.0,14535.110238425108,23.816897459922934,0.0,0.0,0.0,9.094947017729282e-13,0.0
2025-06-08 04:00:00+00:00,4,59.0,2835.911021442252,781.8594785431238,1693.2677688201627,360.7837740789697,781.859478543124,709.7105853118899,72.14889323123418,4864.653611779866,0.0,781.8594785431238,0.0,1693.2677688201627,0.0,360.7837740789697,0.0,0.0,0.0,0.0,0.0,1142.6432526220935,380.8810842073645,3216.7921056496207,48.25188158474431,33.86535537640326,33.86535537640326,179.77306987099993,676.6367464159152,3512.5477678581674,0.0,0.0,0.0,0.0,0.0,18177.661565442526,0.0,0.0,14535.110238425108,23.818479452060494,0.0,0.0,0.0,0.0,0.0
2025-06-08 05:00:00+00:00,4,59.0,2864.877477365525,789.4818213596399,1711.1874468082085,364.2082091976786,789.4818213596401,716.4965068433984,72.98531451624169,4864.653611779866,0.0,789.4818213596399,0.0,1711.1874468082085,0.0,364.2082091976786,0.0,0.0,0.0,0.0,0.0,1153.6900305573186,384.5633435191062,3249.4408208846335,48.7416123132695,34.22374893616417,34.22374893616417,181.52447315875372,683.2769268634577,3548.1544042289825,0.0,0.0,0.0,0.0,0.0,18141.306242311643,0.0,0.0,14535.110238425108,23.819284168429867,0.0,0.0,0.0,-2.2737367544323206e-13,0.0
2025-06-08 06:00:00+00:00,4,59.0,2869.0960452254612,790.5070253954618,1714.6441927210544,363.9448271089451,790.5070253954618,716.8275424117887,73.67948298367313,4864.653611779866,0.0,790.5070253954618,0.0,1714.6441927210544,0.0,363.9448271089451,0.0,0.0,0.0,0.0,0.0,1154.4518525044068,384.8172841681356,3253.9133293935965,48.80869994090395,34.29288385442109,34.29288385442109,181.74052241843344,683.9522742363152,3553.048319461777,0.0,0.0,0.0,0.0,0.0,18105.023629827025,0.0,0.0,14535.110238425108,23.82104023870504,0.0,0.0,0.0,3.410605131648481e-13,0.0
2025-06-08 07:00:00+00:00,4,59.0,2935.153587802032,807.3562153549866,1753.8015938088115,373.9957786382338,807.3562153549868,733.3410919506939,74.0151234042929,4864.653611779866,0.0,807.3562153549866,0.0,1753.8015938088115,0.0,373.9957786382338,0.0,0.0,0.0,0.0,0.0,1181.3519939932203,393.7839979977401,3328.937585799772,49.93406378699658,35.07603187617623,35.07603187617623,185.67476449271763,699.5448900298068,3634.6984778318383,0.0,0.0,0.0,0.0,0.0,18068.81358256737,0.0,0.0,14535.110238425108,23.82158961975872,0.0,0.0,0.0,-2.2737367544323206e-13,0.0
2025-06-08 08:00:00+00:00,4,59.0,2902.079830330927,797.601994364831,1732.4629134742656,372.01492249183184,797.601994364831,725.0100303780612,72.59196398676983,4864.653611779866,0.0,797.601994364831,0.0,1732.4629134742656,0.0,372.01492249183184,0.0,0.0,0.0,0.0,0.0,1169.6169168566628,389.8723056188876,3291.952135949816,49.37928203924724,34.649258269485316,34.649258269485316,183.49600660796628,692.0461108050717,3594.1259411359997,0.0,0.0,0.0,0.0,0.0,18032.67595540224,0.0,0.0,14535.110238425108,23.82361418339764,0.0,0.0,0.0,9.094947017729282e-13,0.0
2025-06-08 09:00:00+00:00,4,59.0,2865.8243195745335,787.2067600562804,1707.6366681154666,370.98089140278637,787.2067600562804,716.5712888883792,70.63547116790117,4864.653611779866,0.0,787.2067600562804,0.0,1707.6366681154666,0.0,370.98089140278637,0.0,0.0,0.0,0.0,0.0,1158.1876514590667,386.0625504863556,3251.886870060889,48.77830305091334,34.152733362309334,34.152733362309334,181.20379811403873,684.3501183759263,3550.1744379504603,0.0,0.0,0.0,0.0,0.0,17996.610603491434,0.0,0.0,14535.110238425108,23.822252451553116,0.0,0.0,0.0,4.547473508864641e-13,0.0
2025-06-08 10:00:00+00:00,4,59.0,3004.936785739249,826.4243617607539,1790.644873770918,387.8675502075743,826.4243617607541,752.6512022308319,73.7731595299222,4864.653611779866,0.0,826.4243617607539,0.0,1790.644873770918,0.0,387.8675502075743,0.0,0.0,0.0,0.0,0.0,1214.2919119683281,404.7639706561094,3409.7007563953557,51.14551134593033,35.81289747541836,35.81289747541836,190.1886906645435,717.7239676174199,0.0,0.0,0.0,0.0,0.0,0.0,17960.617382284454,0.0,3722.6607533566685,10611.081259516646,23.81082098013822,0.0,0.0,0.0,-4.547473508864641e-13,0.0
2025-06-08 11:00:00+00:00,4,59.0,2992.4877938225673,822.9889964165851,1782.1401537773081,387.35864362867454,822.9889964165853,749.7666337300005,73.22236268658477,4864.653611779866,0.0,822.9889964165851,0.0,1782.1401537773081,0.0,387.35864362867454,0.0,0.0,0.0,0.0,0.0,1210.3476400452596,403.44921334841985,3395.9370071709873,50.939055107564805,35.64280307554616,35.64280307554616,189.42545399717383,715.0993286042508,0.0,0.0,0.0,0.0,0.0,0.0,17924.696147519884,0.0,3707.5871224268176,6702.941282723882,23.809680451392268,0.0,0.0,0.0,-4.547473508864641e-13,0.0
2025-06-08 12:00:00+00:00,4,59.0,2864.58811242164,788.6769032966256,1706.495765256023,369.4154438689896,788.6769032966257,717.6827498879215,70.99415340870414,4864.653611779866,0.0,788.6769032966256,0.0,1706.495765256023,0.0,369.4154438689896,0.0,0.0,0.0,0.0,0.0,1158.0923471656151,386.0307823885384,3250.6188948101767,48.75928342215265,34.12991530512046,34.12991530512046,181.48181412461628,684.5317105455482,0.0,0.0,0.0,0.0,0.0,0.0,17888.846755224848,0.0,3549.1198229671877,2961.8405062472516,23.815295132404096,0.0,0.0,0.0,-3.410605131648481e-13,0.0
2025-06-08 13:00:00+00:00,4,59.0,2798.9460515361766,769.5677053168209,1667.8906476534862,361.4876985658709,769.5677053168212,700.2212878391882,69.34641747763298,4864.653611779866,0.0,769.5677053168209,0.0,1667.8906476534862,0.0,361.4876985658709,0.0,0.0,0.0,0.0,0.0,1131.0554038826917,377.0184679608972,3175.9645194970753,47.63946779245613,33.357812953069725,33.357812953069725,177.11275488081964,668.4863165403124,7591.668567563291,0.0,0.0,0.0,0.0,0.0,17853.069061714403,4124.2361994868015,0.0,6874.434505915708,23.824641014285767,0.0,0.0,0.0,0.0,0.0
2025-06-08 14:00:00+00:00,4,59.0,2815.0490135332443,773.4318451252827,1676.8999248458047,364.71724356215447,773.4318451252828,704.668120974459,68.76372415082378,4864.653611779866,0.0,773.4318451252827,0.0,1676.8999248458047,0.0,364.71724356215447,0.0,0.0,0.0,0.0,0.0,1138.1490886874371,379.38302956247907,3194.432043095721,47.916480646435815,33.537998496916096,33.537998496916096,178.03903769779714,672.4145449005441,3487.463558433789,0.0,0.0,0.0,0.0,0.0,17817.362923590976,0.0,0.0,6874.434505915708,23.824262467695554,0.0,0.0,0.0,4.547473508864641e-13,0.0
2025-06-08 15:00:00+00:00,4,59.0,3010.6690789388085,832.4494228219787,1792.844344744174,385.37531137265705,832.4494228219789,758.4785012029345,73.97092161904446,4864.653611779866,0.0,832.4494228219787,0.0,1792.844344744174,0.0,385.37531137265705,0.0,0.0,0.0,0.0,0.0,1217.8247341946358,405.94157806487857,3416.610657003688,51.24915985505532,35.85688689488348,35.85688689488348,191.43763877502127,720.3421504847221,3731.0112294235314,0.0,0.0,0.0,0.0,0.0,17781.728197743796,0.0,0.0,6874.434505915708,23.822830482155897,0.0,0.0,0.0,7.958078640513122e-13,0.0
2025-06-08 16:00:00+00:00,4,59.0,3078.2069923204554,851.4746379086293,1833.700083644451,393.0322707673751,851.4746379086293,775.6404698803689,75.83416802826049,4864.653611779866,0.0,851.4746379086293,0.0,1833.700083644451,0.0,393.0322707673751,0.0,0.0,0.0,0.0,0.0,1244.5069086760045,414.83563622533484,3493.0426285457906,52.39563942818686,36.67400167288902,36.67400167288902,195.78037906451118,736.3596580638109,11889.62789395377,0.0,0.0,0.0,0.0,0.0,17746.164741348308,8075.061243569504,0.0,14535.110238425108,23.817174099920287,0.0,0.0,0.0,0.0,0.0
2025-06-08 17:00:00+00:00,4,59.0,3074.9395644076244,849.6899462369304,1832.0184125716046,393.23120559908915,849.6899462369306,773.8018741922156,75.88807204471507,4864.653611779866,4.689582056016661e-13,849.6899462369299,0.0,1832.0184125716046,393.23120559908915,0.0,6.821210263296962e-13,2.1316282072803006e-13,393.23120559908915,524.3082741321189,131.07706853302972,849.6899462369299,283.22998207897666,2964.938340887511,44.474075113312665,40.572680307422985,36.64036825143209,195.39770956831956,731.3918838524938,3806.3314482601177,0.0,0.0,0.0,524.3082741321195,0.0,18208.765272291126,0.0,0.0,14535.110238425108,23.814324693888217,0.0,0.0,0.0,-5.684341886080801e-13,0.0
2025-06-08 18:00:00+00:00,4,59.0,3058.9732310608524,846.185917863707,1823.3535487897882,389.4337644073599,846.1859178637071,770.5512458254219,75.63467203828519,4864.653611779866,0.0,846.185917863707,0.0,1823.3535487897882,206.72310034959446,182.71066405776543,0.0,0.0,206.72310034959446,275.63080046612595,68.90770011653149,1028.8965819214725,342.9655273071575,3195.2156580184183,47.92823487027627,38.53430197929171,36.467070975795764,194.53556480888108,729.3384000579339,0.0,0.0,0.0,0.0,275.63080046612595,0.0,18434.197002189365,0.0,3788.311631118786,10541.879158144118,23.81818360296179,0.0,0.0,0.0,-3.410605131648481e-13,0.0
2025-06-08 19:00:00+00:00,4,59.0,3062.354483484829,847.041755933138,1828.9441875825185,386.36853996917307,847.0417559331381,771.3802222333313,75.6615336998068,4864.653611779866,0.0,847.041755933138,0.0,1828.9441875825185,29.10662684555973,357.26191312361334,0.0,0.0,29.10662684555973,38.80883579407964,9.70220894851991,1204.3036690567515,401.43455635225047,3434.6824129915203,51.5202361948728,36.86995002010597,36.57888375165037,194.6473048550218,730.7531401224212,0.0,0.0,0.0,0.0,38.80883579407964,0.0,18434.197002189365,0.0,3793.10762360725,6543.592657894926,23.82075611684319,0.0,0.0,0.0,-2.2737367544323206e-13,0.0
2025-06-08 20:00:00+00:00,4,59.0,3034.895582970205,839.7944975666968,1812.427970149897,382.67311525360935,839.7944975666969,764.9464623371209,74.84803522957594,4864.653611779866,0.0,839.7944975666968,0.0,1812.427970149897,29.10662684555973,353.5664884080496,0.0,0.0,29.10662684555973,38.80883579407964,9.70220894851991,1193.3609859747464,397.7869953249155,3403.575951449559,51.053639271743386,36.539625671453535,36.24855940299794,192.97207858261595,724.3031072022462,0.0,0.0,0.0,0.0,38.80883579407964,0.0,18434.197002189365,0.0,3759.1986901724513,2581.0493118727336,23.8245810290576,0.0,0.0,0.0,1.1368683772161603e-13,0.0
2025-06-08 21:00:00+00:00,4,59.0,3007.7975109015924,833.4461121108824,1793.2967940446201,381.0546047460886,833.4461121108824,759.4480195480617,73.99809256282074,4864.653611779866,0.0,833.4461121108824,0.0,1793.2967940446201,29.10662684555973,351.9479779005289,0.0,0.0,29.10662684555973,38.80883579407964,9.70220894851991,1185.3940900114112,395.1313633371371,3373.8222473931683,50.60733371089752,36.157002149347996,35.8659358808924,191.5425082310448,719.0063522578398,2810.340636042878,0.0,0.0,0.0,38.80883579407964,0.0,18434.197002189365,0.0,916.463227116554,1615.0122487139008,23.828807690627222,0.0,0.0,0.0,-4.547473508864641e-13,0.0
2025-06-08 22:00:00+00:00,4,59.0,2975.856033715487,825.1656615173022,1771.2114769169123,379.4788952812733,825.1656615173024,751.4530539031017,73.71260761420064,4864.653611779866,0.0,825.1656615173022,0.0,1771.2114769169123,0.0,379.4788952812733,0.0,0.0,0.0,0.0,0.0,1204.6445567985754,401.54818559952514,3377.4042193150126,50.661063289725185,35.424229538338246,35.424229538338246,189.690795901126,712.7485038670528,3688.6045375825393,0.0,0.0,0.0,0.0,0.0,18397.32860818499,0.0,0.0,1615.0122487139008,23.827642819455527,0.0,0.0,0.0,-3.410605131648481e-13,0.0
2025-06-08 23:00:00+00:00,4,59.0,2972.2519996359006,822.7284328153773,1771.4145257124887,378.10904110803426,822.7284328153776,749.3081749403375,73.42025787504006,4864.653611779866,0.0,822.7284328153773,0.0,1771.4145257124887,0.0,378.10904110803426,0.0,0.0,0.0,0.0,0.0,1200.8374739234116,400.27915797447054,3372.531157610371,50.58796736415556,35.428290514249774,35.428290514249774,189.12764854117268,710.8513549082984,9227.021190991409,0.0,0.0,0.0,0.0,0.0,18360.533950968624,5543.917836447209,0.0,6874.434505915708,23.82807686692521,0.0,0.0,0.0,9.094947017729282e-13,0.0
2025-07-04 00:00:00+00:00,5,66.0,2818.240359639253,779.2027670936534,1699.9678667767316,339.06972576886744,779.2027670936535,709.282731057896,69.92003603575756,4864.653611779866,0.0,779.2027670936534,0.0,1699.9678667767316,0.0,339.06972576886744,0.0,0.0,0.0,0.0,0.0,1118.2724928625207,372.75749762084024,3190.9978572600926,47.86496785890139,33.99935733553463,33.99935733553463,178.6454716259601,667.2666517767709,3485.507011416024,0.0,0.0,0.0,0.0,0.0,18323.81288306669,0.0,0.0,1615.0122487139008,23.838463551679244,0.0,0.0,0.0,2.2737367544323206e-13,0.0
2025-07-04 01:00:00+00:00,5,66.0,2774.3114535455616,769.0038799154247,1675.2533248125628,330.05424881757193,769.0038799154248,699.2512712387844,69.75260867664045,4864.653611779866,0.0,769.0038799154247,0.0,1675.2533248125628,0.0,330.05424881757193,0.0,0.0,0.0,0.0,0.0,1099.0581287329967,366.35270957766556,3140.664163123225,47.10996244684837,33.50506649625126,33.50506649625126,176.18859901912742,656.661404036144,3430.9728575817053,0.0,0.0,0.0,0.0,0.0,18287.16525730056,0.0,0.0,1615.0122487139008,23.842088430533707,0.0,0.0,0.0,-2.2737367544323206e-13,0.0
2025-07-04 02:00:00+00:00,5,66.0,2760.9594491582247,764.5178711105071,1666.9840846582626,329.45749338945495,764.5178711105073,695.2044304229122,69.31344068759512,4864.653611779866,0.0,764.5178711105071,0.0,1666.9840846582626,0.0,329.45749338945495,0.0,0.0,0.0,0.0,0.0,1093.975364499962,364.6584548333207,3125.6179039915455,46.88426855987318,33.339681693165254,33.339681693165254,175.1957728648676,653.4178596443919,11489.438552372121,0.0,0.0,0.0,0.0,0.0,18250.59092678596,8075.061243569504,0.0,9275.687981223302,23.84131530801485,0.0,0.0,0.0,9.094947017729282e-13,0.0
2025-07-04 03:00:00+00:00,5,66.0,2753.5121730464352,762.8300652441532,1661.9735631716478,328.7085446306325,762.8300652441533,693.7749910580567,69.05507418609663,4864.653611779866,0.0,762.8300652441532,0.0,1661.9735631716478,0.0,328.7085446306325,0.0,0.0,0.0,0.0,0.0,1091.5386098747856,363.8462032915952,3117.3583763380284,46.760375645070425,33.239471263432954,33.239471263432954,174.80765641442267,651.8931778779543,3405.4053509243886,0.0,0.0,0.0,0.0,0.0,18214.08974493239,0.0,0.0,9275.687981223302,23.84137870278792,0.0,0.0,0.0,-9.094947017729282e-13,0.0
2025-07-04 04:00:00+00:00,5,66.0,2746.0345353449115,761.3793788175691,1656.8633857364523,327.7917707908898,761.3793788175693,692.5003743745706,68.87900444299869,4864.653611779866,0.0,761.3793788175691,0.0,1656.8633857364523,0.0,327.7917707908898,0.0,0.0,0.0,0.0,0.0,1089.171149608459,363.0570498694863,3109.0915852143976,46.63637377821596,33.13726771472905,33.13726771472905,174.46616197281773,650.4341210499781,8940.386492842097,0.0,0.0,0.0,0.0,0.0,18177.661565442526,5543.917836447208,0.0,14535.110238425108,23.842872157703948,0.0,0.0,0.0,-9.094947017729282e-13,0.0
2025-07-04 05:00:00+00:00,5,66.0,2742.154172633252,759.3870402460876,1656.1182291294183,326.6489032577475,759.3870402460877,690.7803637672815,68.60667647880625,4864.653611779866,0.0,759.3870402460876,0.0,1656.1182291294183,0.0,326.6489032577475,0.0,0.0,0.0,0.0,0.0,1086.0359435038351,362.01198116794507,3104.1661538011986,46.562492307017976,33.12236458258837,33.12236458258837,174.00478513570744,648.8239877758472,3390.9781604090995,0.0,0.0,0.0,0.0,0.0,18141.306242311643,0.0,0.0,14535.110238425108,23.842509413962457,0.0,0.0,0.0,2.2737367544323206e-13,0.0
2025-07-04 06:00:00+00:00,5,66.0,2725.883905048667,756.2108662377801,1645.7419515000945,323.931087310793,756.2108662377802,687.9186270451862,68.29223919259405,4864.653611779866,0.0,756.2108662377801,0.0,1645.7419515000945,0.0,323.931087310793,0.0,0.0,0.0,0.0,0.0,1080.1419535485732,360.0473178495244,3085.931222898192,46.28896834347288,32.91483903000189,32.91483903000189,173.2398622075313,645.4058264605324,3371.2897315091996,0.0,0.0,0.0,0.0,0.0,18105.023629827025,0.0,0.0,14535.110238425108,23.84612711817035,0.0,0.0,0.0,0.0,0.0
2025-07-04 07:00:00+00:00,5,66.0,2750.898024777563,762.7704897767195,1659.5616903610876,328.5658446397552,762.7704897767197,694.2539149623352,68.5165748143845,4864.653611779866,0.0,762.7704897767195,0.0,1659.5616903610876,0.0,328.5658446397552,0.0,0.0,0.0,0.0,0.0,1091.3363344164748,363.7787781388249,3114.6768029163873,46.720152043745806,33.19123380722175,33.19123380722175,174.7898082497121,651.6712060467264,3402.5692308242888,0.0,0.0,0.0,0.0,0.0,18068.81358256737,0.0,0.0,14535.110238425108,23.844765900311003,0.0,0.0,0.0,-6.821210263296962e-13,0.0
2025-07-04 08:00:00+00:00,5,66.0,2781.6229960812484,770.9418067463672,1678.1908161532072,332.4903731816734,770.9418067463674,701.8741073707403,69.06769937562719,4864.653611779866,0.0,770.9418067463672,0.0,1678.1908161532072,0.0,332.4903731816734,0.0,0.0,0.0,0.0,0.0,1103.4321799280406,367.8107266426802,3149.433722723928,47.24150584085892,33.563816323064145,33.563816323064145,176.67210734313804,658.8519724728054,3440.4749685540537,0.0,0.0,0.0,0.0,0.0,18032.67595540224,0.0,0.0,14535.110238425108,23.842936306427244,0.0,0.0,0.0,-1.1368683772161603e-13,0.0
2025-07-04 09:00:00+00:00,5,66.0,2776.4756009080784,769.8560236252735,1676.6390456806632,329.9805316021417,769.8560236252736,700.5426787376466,69.31334488762695,4864.653611779866,0.0,769.8560236252735,0.0,1676.6390456806632,0.0,329.9805316021417,0.0,0.0,0.0,0.0,0.0,1099.8365552274151,366.61218507580503,3143.0877859838834,47.146316789758245,33.532780913613266,33.532780913613266,176.37171901074586,657.1957827035357,3433.671383611614,0.0,0.0,0.0,0.0,0.0,17996.610603491434,0.0,0.0,14535.110238425108,23.84243997582838,0.0,0.0,0.0,1.1368683772161603e-13,0.0
2025-07-04 10:00:00+00:00,5,66.0,2749.9392623389845,763.4549858243458,1657.8782455200958,328.6060309945428,763.4549858243458,695.2373842582296,68.21760156611631,4864.653611779866,0.0,763.4549858243458,0.0,1657.8782455200958,0.0,328.6060309945428,0.0,0.0,0.0,0.0,0.0,1092.0610168188887,364.02033893962954,3113.959601278614,46.709394019179214,33.157564910401916,33.157564910401916,174.93643470339828,651.9812974830108,0.0,0.0,0.0,0.0,0.0,0.0,17960.617382284454,0.0,3401.9205598219955,10949.17110909424,23.845901386841362,0.0,0.0,0.0,2.2737367544323206e-13,0.0
2025-07-04 11:00:00+00:00,5,66.0,2729.8440828788735,756.6178244316908,1644.2990042178862,328.9272542292964,756.6178244316909,689.2999604548158,67.31786397687506,4864.653611779866,0.0,756.6178244316908,0.0,1644.2990042178862,0.0,328.9272542292964,0.0,0.0,0.0,0.0,0.0,1085.5450786609872,361.8483595536624,3091.692442432536,46.37538663648804,32.885980084357726,32.885980084357726,173.4560200764818,647.4517264353476,0.0,0.0,0.0,0.0,0.0,0.0,17924.696147519884,0.0,3377.2958093142215,7389.188745902691,23.845889021778554,0.0,0.0,0.0,4.547473508864641e-13,0.0
2025-07-04 12:00:00+00:00,5,66.0,2640.408421575164,732.0366665492429,1592.831272810799,315.5404822151212,732.0366665492431,666.8332687637433,65.20339778549985,4864.653611779866,0.0,732.0366665492429,0.0,1592.831272810799,0.0,315.5404822151212,0.0,0.0,0.0,0.0,0.0,1047.5771487643642,349.19238292145474,2989.600804496618,44.84401206744927,31.85662545621598,31.85662545621598,167.75365255833452,625.5032984596705,0.0,0.0,0.0,0.0,0.0,0.0,17888.846755224848,0.0,3265.9117200348346,3946.61552178661,23.85449286236104,0.0,0.0,0.0,0.0,0.0
2025-07-04 13:00:00+00:00,5,66.0,2663.4376508569358,736.3466695050298,1606.0279653994353,321.06301595247226,736.3466695050299,670.1182851272096,66.22838437782042,4864.653611779866,0.0,736.3466695050298,0.0,1606.0279653994353,0.0,321.06301595247226,0.0,0.0,0.0,0.0,0.0,1057.409685457502,352.46989515250067,3015.907546009438,45.23861319014157,32.12055930798871,32.12055930798871,168.83733131689164,630.7869582755112,6380.416797975221,0.0,0.0,0.0,0.0,0.0,17853.069061714403,3086.1921888427746,0.0,6874.434505915708,23.845357935903778,0.0,0.0,0.0,-4.547473508864641e-13,0.0
2025-07-04 14:00:00+00:00,5,66.0,2712.354349978731,747.7893708772883,1634.264883331903,330.3000957695396,747.7893708772884,680.3071136553533,67.48225722193513,4864.653611779866,0.0,747.7893708772883,0.0,1634.264883331903,0.0,330.3000957695396,0.0,0.0,0.0,0.0,0.0,1078.089466646828,359.36315554894264,3071.717505527674,46.075762582915104,32.685297666638064,32.685297666638064,171.57174578325032,642.3812592483841,11429.796852796619,0.0,0.0,0.0,0.0,0.0,17817.362923590976,8075.061243569504,0.0,14535.110238425108,23.84853473278135,0.0,0.0,0.0,0.0,0.0
2025-07-04 15:00:00+00:00,5,66.0,2751.8690673449673,758.611594748898,1658.3012759385633,334.9561966575045,758.6115947488983,690.0928905288346,68.51870422006371,4864.653611779866,0.0,758.611594748898,0.0,1658.3012759385633,0.0,334.9561966575045,0.0,0.0,0.0,0.0,0.0,1093.5677914064026,364.52259713546755,3116.3916644804335,46.745874967206504,33.166025518771264,33.166025518771264,174.05386890247846,651.6543920426951,3403.523459387662,0.0,0.0,0.0,0.0,0.0,17781.728197743796,0.0,0.0,14535.110238425108,23.846663112545063,0.0,0.0,0.0,-3.410605131648481e-13,0.0
2025-07-04 16:00:00+00:00,5,66.0,2760.8345873863886,760.3614772478427,1664.446162656161,336.02694748238406,760.3614772478427,691.5689652549435,68.79251199289928,4864.653611779866,0.0,760.3614772478427,0.0,1664.446162656161,336.02694748238406,0.0,0.0,0.0,336.02694748238406,448.0359299765121,112.00898249412802,760.3614772478427,253.4538257492809,2678.2614656532846,40.17392198479927,36.64919272794706,33.28892325312322,174.46483737199043,650.039683581269,0.0,4.320099833421409e-12,0.0,4.320099833421409e-12,448.03592997650776,0.0,18171.798874825996,0.0,3410.874270967658,10939.733068850397,23.84997025309095,0.0,0.0,0.0,4.547473508864641e-13,0.0
2025-07-04 17:00:00+00:00,5,66.0,2761.2847957782765,760.7819621279162,1664.9824177083121,335.5204159420482,760.7819621279165,691.7317141045232,69.05024802339322,4864.653611779866,0.0,760.7819621279162,0.0,1664.9824177083121,235.84873035238525,99.67168558966296,0.0,0.0,235.84873035238525,314.4649738031803,78.61624345079508,860.4536477175792,286.8178825725264,2812.253947998418,42.18380921997627,35.658135657690096,33.299648354166244,174.54425561268127,651.1199748678354,3412.4047706461115,3.637978807091713e-12,0.0,3.637978807091713e-12,314.4649738031767,0.0,18434.197002189365,0.0,0.0,10939.733068850397,23.84847982893502,0.0,0.0,0.0,-3.410605131648481e-13,0.0
2025-07-04 18:00:00+00:00,5,66.0,3000.193083244442,827.0418750124069,1814.5613547562568,358.5898534757762,827.0418750124071,751.2210915768503,75.82078343555678,4864.653611779866,0.0,827.0418750124069,0.0,1814.5613547562568,29.10662684555973,329.48322663021645,0.0,0.0,29.10662684555973,38.80883579407964,9.70220894851991,1156.5251016426232,385.50836721420774,3356.594823613088,50.34892235419632,36.58229336358073,36.29122709512514,189.58786166961335,708.0208806452431,0.0,0.0,0.0,0.0,38.80883579407964,0.0,18434.197002189365,0.0,3708.2139638896847,7030.93234313947,23.842760036941314,0.0,0.0,0.0,-2.2737367544323206e-13,0.0
2025-07-04 19:00:00+00:00,5,66.0,2979.2868905398427,821.0590587990332,1802.171537357209,356.05629438360177,821.0590587990334,745.735223135457,75.3238356635765,4864.653611779866,0.0,821.0590587990332,0.0,1802.171537357209,29.10662684555973,326.94966753804204,0.0,0.0,29.10662684555973,38.80883579407964,9.70220894851991,1148.0087263370751,382.6695754456917,3332.8498391399758,49.992747587099636,36.33449701559977,36.04343074714418,188.21756368022656,702.9600234242818,1956.2074803818625,0.0,0.0,0.0,38.80883579407964,0.0,18434.197002189365,0.0,1726.0394335822618,5211.527029343846,23.84508139294668,0.0,0.0,0.0,-1.1368683772161603e-13,0.0
2025-07-04 20:00:00+00:00,5,66.0,2756.4462746615827,755.6317455437817,1649.082237742425,351.73229137537896,755.6317455437817,687.0618015461598,68.5699439976219,4864.653611779866,0.0,755.6317455437817,0.0,1649.082237742425,29.10662684555973,322.62566452981923,0.0,0.0,29.10662684555973,38.80883579407964,9.70220894851991,1078.257410073601,359.4191366912003,3086.758784507226,46.30138176760839,33.27271102330409,32.981644754848496,173.83014572837322,655.5072289138545,0.0,0.0,0.0,0.0,38.80883579407964,0.0,18434.197002189365,0.0,3411.9535035754366,1615.0122487139008,23.84433814065181,0.0,0.0,0.0,-6.821210263296962e-13,0.0
2025-07-04 21:00:00+00:00,5,66.0,2678.48131628407,733.8993601795366,1599.0480103607533,345.5339457437826,733.8993601795366,668.0237931110044,65.87556706853233,4864.653611779866,0.0,733.8993601795366,0.0,1599.0480103607533,29.10662684555973,316.4273188982229,0.0,0.0,29.10662684555973,38.80883579407964,9.70220894851991,1050.3266790777595,350.1088930259198,2999.4835824644324,44.99225373696648,32.272026475670664,31.980960207215066,168.9302715342198,637.9866139285117,3316.4679302125815,0.0,0.0,0.0,38.80883579407964,0.0,18434.197002189365,0.0,0.0,1615.0122487139008,23.84475607505571,0.0,0.0,0.0,-3.410605131648481e-13,0.0
2025-07-04 22:00:00+00:00,5,66.0,2653.3286196868225,727.2342274058497,1583.1353703571272,342.9590219238453,727.2342274058499,662.4771871150875,64.75704029076239,4864.653611779866,0.0,727.2342274058497,0.0,1583.1353703571272,0.0,342.9590219238453,0.0,0.0,0.0,0.0,0.0,1070.193249329695,356.7310831098983,3010.0597027967206,45.15089554195081,31.662707407142545,31.662707407142545,167.41004009771433,632.6174335638485,3285.946053250671,0.0,0.0,0.0,0.0,0.0,18397.32860818499,0.0,0.0,1615.0122487139008,23.843748216899602,0.0,0.0,0.0,-1.1368683772161603e-13,0.0
2025-07-04 23:00:00+00:00,5,66.0,2639.941990440102,724.4224292491774,1576.1022307754513,339.4173304154726,724.4224292491775,659.9234530334735,64.49897621570403,4864.653611779866,0.0,724.4224292491774,0.0,1576.1022307754513,0.0,339.4173304154726,0.0,0.0,0.0,0.0,0.0,1063.83975966465,354.61325322155,2994.5552436616513,44.918328654924764,31.522044615509028,31.522044615509028,166.70464931745465,629.2803204249474,3269.2223108650496,0.0,0.0,0.0,0.0,0.0,18360.533950968624,0.0,0.0,1615.0122487139008,23.84262804032149,0.0,0.0,0.0,2.2737367544323206e-13,0.0
2025-09-25 00:00:00+00:00,6,31.0,2901.6103379852475,802.8828832622996,1715.7230671661453,383.0043875568049,802.8828832622999,731.3366429441464,71.54624031815347,4864.653611779866,0.0,802.8828832622996,0.0,1715.7230671661453,0.0,383.0043875568049,0.0,0.0,0.0,0.0,0.0,1185.8872708191045,395.2957569397015,3296.9060949249515,49.45359142387427,34.314461343322904,34.314461343322904,184.90468286001735,698.282953910239,9143.811128342695,0.0,0.0,0.0,0.0,0.0,18323.81288306669,5543.917836447209,0.0,6874.434505915708,23.82514719025186,0.0,0.0,0.0,-9.094947017729282e-13,0.0
2025-09-25 01:00:00+00:00,6,31.0,2813.053221362433,777.8336897837149,1663.1370396811312,372.08249189758766,777.8336897837153,708.3199745203628,69.51371526335244,4864.653611779866,0.0,777.8336897837149,0.0,1663.1370396811312,0.0,372.08249189758766,0.0,0.0,0.0,0.0,0.0,1149.9161816813025,383.30539389376753,3196.358615256201,47.94537922884302,33.262740793622626,33.262740793622626,179.1614293783381,676.9376840881939,3489.9909054506265,0.0,0.0,0.0,0.0,0.0,18287.16525730056,0.0,0.0,6874.434505915708,23.828118970152513,0.0,0.0,0.0,-2.2737367544323206e-13,0.0
2025-09-25 02:00:00+00:00,6,31.0,2778.8391508903856,768.6353010568281,1640.5042312763576,369.6996185571977,768.6353010568283,699.8872378085248,68.74806324830358,4864.653611779866,0.0,768.6353010568281,0.0,1640.5042312763576,0.0,369.6996185571977,0.0,0.0,0.0,0.0,0.0,1138.3349196140257,379.44497320467525,3158.2841240950584,47.37426186142587,32.81008462552715,32.81008462552715,177.09375369153128,669.5331580086868,3448.372308899072,0.0,0.0,0.0,0.0,0.0,18250.59092678596,0.0,0.0,6874.434505915708,23.828710815048613,0.0,0.0,0.0,-4.547473508864641e-13,0.0
2025-09-25 03:00:00+00:00,6,31.0,2801.830507389542,775.2773126462115,1653.1427306098128,373.41046413351705,775.2773126462116,705.9308551258845,69.34645752032714,4864.653611779866,0.0,775.2773126462115,0.0,1653.1427306098128,0.0,373.41046413351705,0.0,0.0,0.0,0.0,0.0,1148.6877767797287,382.8959255932429,3184.7264329827844,47.77089649474176,33.062854612196254,33.062854612196254,178.63757887784948,675.4301101902266,11552.321861149272,0.0,0.0,0.0,0.0,0.0,18214.08974493239,8075.061243569504,0.0,14535.110238425108,23.827931591950062,0.0,0.0,0.0,-9.094947017729282e-13,0.0
2025-09-25 04:00:00+00:00,6,31.0,2797.6655864432987,772.4438030773246,1653.7666036163814,371.4551797495922,772.4438030773248,703.6257477575666,68.81805531975817,4864.653611779866,0.0,772.4438030773246,0.0,1653.7666036163814,0.0,371.4551797495922,0.0,0.0,0.0,0.0,0.0,1143.8989828269168,381.2996609423056,3178.965247385604,47.684478710784056,33.075332072327626,33.075332072327626,177.97679092157543,673.1115947193204,3470.7771811626185,0.0,0.0,0.0,0.0,0.0,18177.661565442526,0.0,0.0,14535.110238425108,23.83187847072355,0.0,0.0,0.0,-5.684341886080801e-13,0.0
2025-09-25 05:00:00+00:00,6,31.0,2851.1160942723395,787.376172187949,1685.9264774566082,377.8134446277827,787.3761721879491,716.9124819721127,70.46369021583646,4864.653611779866,0.0,787.376172187949,0.0,1685.9264774566082,0.0,377.8134446277827,0.0,0.0,0.0,0.0,0.0,1165.1896168157318,388.3965389385773,3239.5126332109176,48.592689498163764,33.718529549132164,33.718529549132164,181.39759275718595,685.8238802921913,3536.939974564531,0.0,0.0,0.0,0.0,0.0,18141.306242311643,0.0,0.0,14535.110238425108,23.828586632862248,0.0,0.0,0.0,1.1368683772161603e-13,0.0
2025-09-25 06:00:00+00:00,6,31.0,2897.596325228168,799.2646860974344,1715.5485089551435,382.7831301755894,799.2646860974345,727.910792596281,71.35389350115345,4864.653611779866,0.0,799.2646860974344,0.0,1715.5485089551435,0.0,382.7831301755894,0.0,0.0,0.0,0.0,0.0,1182.0478162730237,394.0159387576746,3291.6122639858418,49.37418395978762,34.31097017910287,34.31097017910287,184.11999666151434,696.1320597371823,3593.72838496535,0.0,0.0,0.0,0.0,0.0,18105.023629827025,0.0,0.0,14535.110238425108,23.826562699942187,0.0,0.0,0.0,-4.547473508864641e-13,0.0
2025-09-25 07:00:00+00:00,6,31.0,2939.804260036653,811.0997957159552,1743.7990502225484,384.9054140981486,811.0997957159555,738.4925225249463,72.60727319100916,4864.653611779866,0.0,811.0997957159552,0.0,1743.7990502225484,0.0,384.9054140981486,0.0,0.0,0.0,0.0,0.0,1196.0052098141039,398.66840327136794,3338.47266330802,50.077089949620294,34.87598100445097,34.87598100445097,186.75786182810106,705.2553170579913,3645.0595770946434,0.0,0.0,0.0,0.0,0.0,18068.81358256737,0.0,0.0,14535.110238425108,23.828626224557727,0.0,0.0,0.0,-9.094947017729282e-13,0.0
2025-09-25 08:00:00+00:00,6,31.0,2945.080060947703,812.3106582842652,1749.8422735603388,382.9271291031009,812.3106582842654,740.4662145527358,71.84444373152957,4864.653611779866,0.0,812.3106582842652,0.0,1749.8422735603388,0.0,382.9271291031009,0.0,0.0,0.0,0.0,0.0,1195.237787387366,398.4125957957887,3343.4926567434936,50.1523898511524,34.996845471206775,34.996845471206775,186.97527293437338,705.5339495237281,3650.61401047143,0.0,0.0,0.0,0.0,0.0,18032.67595540224,0.0,0.0,14535.110238425108,23.83484630463603,0.0,0.0,0.0,-9.094947017729282e-13,0.0
2025-09-25 09:00:00+00:00,6,31.0,2930.317398884138,810.1425436142808,1740.3106552891536,379.86419998070426,810.1425436142808,738.1612550931221,71.98128852115872,4864.653611779866,0.0,810.1425436142808,0.0,1740.3106552891536,0.0,379.86419998070426,0.0,0.0,0.0,0.0,0.0,1190.006743594985,396.66891453166164,3326.9863134158004,49.904794701237,34.80621310578307,34.80621310578307,186.42083986081036,702.6069753052751,3632.9243741894134,0.0,0.0,0.0,0.0,0.0,17996.610603491434,0.0,0.0,14535.110238425108,23.836932108268755,0.0,0.0,0.0,1.1368683772161603e-13,0.0
2025-09-25 10:00:00+00:00,6,31.0,2948.936314313021,814.7155441410767,1753.5716926802895,380.6490774916555,814.7155441410769,741.9925978596193,72.72294628145757,4864.653611779866,0.0,814.7155441410767,0.0,1753.5716926802895,0.0,380.6490774916555,0.0,0.0,0.0,0.0,0.0,1195.3646216327322,398.4548738775774,3347.391188190599,50.21086782285899,35.07143385360579,35.07143385360579,187.43733380432553,706.2459432119736,0.0,0.0,0.0,0.0,0.0,0.0,17960.617382284454,0.0,3655.182257524995,10682.209839486735,23.833351000385107,0.0,0.0,0.0,4.547473508864641e-13,0.0
2025-09-25 11:00:00+00:00,6,31.0,2984.0348840763613,825.2170176952134,1772.5213465595227,386.2965198216244,825.2170176952136,751.570867249149,73.6461504460645,4864.653611779866,0.0,825.2170176952134,0.0,1772.5213465595227,0.0,386.2965198216244,0.0,0.0,0.0,0.0,0.0,1211.5135375168377,403.8378458389459,3387.872729915306,50.81809094872959,35.45042693119046,35.45042693119046,189.87093138477798,715.4277220348345,0.0,0.0,0.0,0.0,0.0,0.0,17924.696147519884,0.0,3699.462606111196,6782.633854842159,23.83149715189855,0.0,0.0,0.0,0.0,0.0
2025-09-25 12:00:00+00:00,6,31.0,2952.3289487971765,816.9242343387608,1751.0750474383894,384.3296670200245,816.9242343387609,744.3955567102853,72.52867762847566,4864.653611779866,0.0,816.9242343387608,0.0,1751.0750474383894,0.0,384.3296670200245,0.0,0.0,0.0,0.0,0.0,1201.2539013587852,400.41796711959506,3352.7469159167695,50.29120373875154,35.02150094876779,35.02150094876779,188.00535790801274,708.7575306638948,0.0,0.0,0.0,0.0,0.0,0.0,17888.846755224848,0.0,3661.0864794610716,2923.50985952741,23.83179602231556,0.0,0.0,0.0,2.2737367544323206e-13,0.0
2025-09-25 13:00:00+00:00,6,31.0,2912.9973999582544,806.4710301669888,1726.8776232865343,379.64874650473297,806.4710301669891,734.5568636362784,71.9141665307107,4864.653611779866,0.0,806.4710301669888,0.0,1726.8776232865343,0.0,379.64874650473297,0.0,0.0,0.0,0.0,0.0,1186.1197766717219,395.37325889057394,3308.3706588488303,49.62555988273245,34.53755246573069,34.53755246573069,185.6038428002276,699.6777665049954,11687.736410032752,0.0,0.0,0.0,0.0,0.0,17853.069061714403,8075.061243569504,0.0,10584.18559203681,23.834140856414315,0.0,0.0,0.0,-1.8189894035458565e-12,0.0
2025-09-25 14:00:00+00:00,6,31.0,2897.536658208427,804.307489196669,1717.5031970740279,375.7259719377306,804.3074891966692,732.2481482404254,72.05934095624383,4864.653611779866,0.0,804.307489196669,0.0,1717.5031970740279,0.0,375.7259719377306,0.0,0.0,0.0,0.0,0.0,1180.0334611343997,393.3444870447999,3290.8811452532273,49.36321717879841,34.350063941480556,34.350063941480556,185.03027818682378,696.4381102933833,3593.9747685018106,0.0,0.0,0.0,0.0,0.0,17817.362923590976,0.0,0.0,10584.18559203681,23.837889371089055,0.0,0.0,0.0,2.2737367544323206e-13,0.0
2025-09-25 15:00:00+00:00,6,31.0,2901.2151153021136,803.505879099139,1720.329745888479,377.3794903144959,803.5058790991392,731.3747616097144,72.13111748942477,4864.653611779866,0.0,803.505879099139,0.0,1720.329745888479,0.0,377.3794903144959,0.0,0.0,0.0,0.0,0.0,1180.8853694136349,393.6284564712116,3294.8435717733255,49.42265357659988,34.40659491776958,34.40659491776958,184.90033772824867,696.7646376115994,7762.620001674502,0.0,0.0,0.0,0.0,0.0,17781.728197743796,4164.640248760789,0.0,14535.110238425108,23.835113036494004,0.0,0.0,0.0,9.094947017729282e-13,0.0
2025-09-25 16:00:00+00:00,6,31.0,2901.737994427714,803.8129236907151,1720.0717972976531,377.853273439346,803.8129236907153,731.9049402503714,71.90798344034391,4864.653611779866,0.0,803.8129236907151,0.0,1720.0717972976531,0.0,377.853273439346,0.0,0.0,0.0,0.0,0.0,1181.6661971300612,393.8887323766871,3295.626726804401,49.43440090206602,34.40143594595306,34.40143594595306,184.97922299589618,697.1052281665553,3598.8432225942693,0.0,0.0,0.0,0.0,0.0,17746.164741348308,0.0,0.0,14535.110238425108,23.835708256687013,0.0,0.0,0.0,-1.1368683772161603e-13,0.0
2025-09-25 17:00:00+00:00,6,31.0,2922.2616041557385,809.942135546729,1732.1143250514056,380.20514355760497,809.9421355467291,737.6964646867265,72.24567086000262,4864.653611779866,0.0,809.942135546729,0.0,1732.1143250514056,380.20514355760497,0.0,0.0,0.0,380.20514355760497,506.94019141013996,126.73504785253499,809.942135546729,269.98071184890966,2812.037172447044,42.18055758670566,38.44433793660416,34.64228650102811,186.37558186583695,698.3585235916195,0.0,0.0,0.0,0.0,506.94019141013996,0.0,18192.265593705244,0.0,3620.620127747358,10718.641523114624,23.83447455825012,0.0,0.0,0.0,-1.1368683772161603e-13,0.0
2025-09-25 18:00:00+00:00,6,31.0,2984.318557264252,827.0280429522026,1770.1729100983425,387.1176042137077,827.0280429522029,752.8907537426362,74.13728920956665,4864.653611779866,0.0,827.0280429522026,0.0,1770.1729100983425,219.7231102669948,167.39449394671288,0.0,0.0,219.7231102669948,292.96414702265974,73.24103675566494,994.4225368989155,331.47417896630515,3096.0696259635633,46.441044389453445,37.600689304636795,35.40345820196685,190.27874014826705,714.4391477662942,0.0,-3.637978807091713e-12,0.0,0.0,292.9641470226634,0.0,18434.197002189365,0.0,3698.7577050305463,6819.808569450037,23.82781755501056,0.0,0.0,0.0,1.1368683772161603e-13,0.0
2025-09-25 19:00:00+00:00,6,31.0,3005.1735252236713,832.1939385781924,1783.388236788358,389.59134985712024,832.1939385781925,757.6195770674475,74.57436151074504,4864.653611779866,0.0,832.1939385781924,0.0,1783.388236788358,29.10662684555973,360.4847230115605,0.0,0.0,29.10662684555973,38.80883579407964,9.70220894851991,1192.678661589753,397.559553863251,3373.626452241362,50.60439678362043,35.95883100422275,35.66776473576716,191.4696940471729,720.9624493825542,0.0,0.0,0.0,0.0,38.80883579407964,0.0,18434.197002189365,0.0,3726.1359746062253,2892.1163857010374,23.824856084617604,0.0,0.0,0.0,-1.1368683772161603e-13,0.0
2025-09-25 20:00:00+00:00,6,31.0,3020.229052487607,837.4574284525938,1791.671112512112,391.10051152290123,837.4574284525941,762.0523657116065,75.40506274098752,4864.653611779866,0.0,837.4574284525938,0.0,1791.671112512112,29.10662684555973,361.9938846773415,0.0,0.0,29.10662684555973,38.80883579407964,9.70220894851991,1199.4513131299354,399.81710437664515,3390.9395300186925,50.86409295028039,36.12448851869783,35.833422250242236,192.6531157524101,724.9944327967955,2533.6561206534902,0.0,0.0,0.0,38.80883579407964,0.0,18434.197002189365,0.0,1211.567364630912,1615.0122487139008,23.823935247111883,0.0,0.0,0.0,-4.547473508864641e-13,0.0
2025-09-25 21:00:00+00:00,6,31.0,2950.7057417030483,818.4356382050707,1749.5239158297409,382.74618766823704,818.435638205071,744.8088105982655,73.62682760680553,4864.653611779866,0.0,818.4356382050707,0.0,1749.5239158297409,29.10662684555973,353.6395608226773,0.0,0.0,29.10662684555973,38.80883579407964,9.70220894851991,1172.075199027748,390.6917330092494,3312.2908478667387,49.684362718001076,35.28154458505041,34.99047831659482,188.2889593459796,708.6392869233952,3659.3450286264433,0.0,0.0,0.0,38.80883579407964,0.0,18434.197002189365,0.0,0.0,1615.0122487139008,23.827121720207955,0.0,0.0,0.0,-1.1368683772161603e-13,0.0
2025-09-25 22:00:00+00:00,6,31.0,3008.2873212151394,833.8799671631128,1785.0123310138779,389.3950230381462,833.8799671631131,758.6750808832775,75.20488627983556,4864.653611779866,0.0,833.8799671631128,0.0,1785.0123310138779,0.0,389.3950230381462,0.0,0.0,0.0,0.0,0.0,1223.274990201259,407.7583300670863,3416.045651282223,51.24068476923334,35.70024662027756,35.70024662027756,191.82926522549732,722.2287733023721,3730.516094517511,0.0,0.0,0.0,0.0,0.0,18397.32860818499,0.0,0.0,1615.0122487139008,23.823349803523087,0.0,0.0,0.0,-3.410605131648481e-13,0.0
2025-09-25 23:00:00+00:00,6,31.0,3018.9215469377955,836.7042191491897,1791.40711110362,390.8102166849853,836.7042191491897,761.6465539589407,75.05766519024908,4864.653611779866,0.0,836.7042191491897,0.0,1791.40711110362,0.0,390.8102166849853,0.0,0.0,0.0,0.0,0.0,1227.514435834175,409.17147861139165,3428.0930255491867,51.4213953832378,35.8281422220724,35.8281422220724,192.48396600071015,724.7331244394843,3743.65467137728,0.0,0.0,0.0,0.0,0.0,18360.533950968624,0.0,0.0,1615.0122487139008,23.825391444452254,0.0,0.0,0.0,2.2737367544323206e-13,0.0
2025-10-25 00:00:00+00:00,7,36.0,2528.7797424181535,701.9351426313018,1488.8739769004976,337.97062288635226,701.9351426313021,639.7590680732916,62.17607455801051,4864.653611779866,0.0,701.9351426313018,0.0,1488.8739769004976,0.0,337.97062288635226,0.0,0.0,0.0,0.0,0.0,1039.9057655176541,346.63525517255135,2875.414997590703,43.13122496386055,29.777479538009953,29.777479538009953,161.72572383386168,611.0471630462936,3139.826905464447,0.0,0.0,0.0,0.0,0.0,18323.81288306669,0.0,0.0,1615.0122487139008,23.847912221722112,0.0,0.0,0.0,-1.1368683772161603e-13,0.0
2025-10-25 01:00:00+00:00,7,36.0,2517.520352218336,699.6453442825308,1481.453215212485,336.4217927233216,699.645344282531,637.5203907203236,62.1249535622074,4864.653611779866,0.0,699.6453442825308,0.0,1481.453215212485,0.0,336.4217927233216,0.0,0.0,0.0,0.0,0.0,1036.0671370058524,345.3557123352841,2862.8760645536213,42.94314096830432,29.629064304249702,29.629064304249702,161.1845037498396,608.7414856619274,3126.261837880264,0.0,0.0,0.0,0.0,0.0,18287.16525730056,0.0,0.0,1615.0122487139008,23.849781880090067,0.0,0.0,0.0,5.684341886080801e-13,0.0
2025-10-25 02:00:00+00:00,7,36.0,2536.9740567440685,704.7659823152865,1493.399405734387,338.80866869439535,704.7659823152865,642.2134716486217,62.55251066666473,4864.653611779866,0.0,704.7659823152865,0.0,1493.399405734387,0.0,338.80866869439535,0.0,0.0,0.0,0.0,0.0,1043.574651009682,347.8582170032273,2884.8322737472963,43.27248410620944,29.86798811468774,29.86798811468774,162.36076034983185,613.2274376886442,3150.2014944327125,0.0,0.0,0.0,0.0,0.0,18250.59092678596,0.0,0.0,1615.0122487139008,23.849344667111236,0.0,0.0,0.0,-2.2737367544323206e-13,0.0
2025-10-25 03:00:00+00:00,7,36.0,2490.5298133950173,690.5144054085816,1466.2227520828437,333.79265590359046,690.5144054085818,629.6076599720172,60.90674543656445,4864.653611779866,0.0,690.5144054085816,0.0,1466.2227520828437,0.0,333.79265590359046,0.0,0.0,0.0,0.0,0.0,1024.3070613121722,341.4356871040574,2831.9655004990736,42.479482507486104,29.324455041656876,29.324455041656876,159.12764797421775,601.691727669075,8636.139377511301,0.0,0.0,0.0,0.0,0.0,18214.08974493239,5543.917836447209,0.0,6874.434505915708,23.850489477050598,0.0,0.0,0.0,0.0,0.0
2025-10-25 04:00:00+00:00,7,36.0,2491.2758855604698,691.1214890361866,1466.2906772202468,333.86371930403766,691.1214890361869,630.1183618794809,61.003127156706014,4864.653611779866,0.0,691.1214890361866,0.0,1466.2906772202468,0.0,333.86371930403766,0.0,0.0,0.0,0.0,0.0,1024.9852083402243,341.6617361134081,2832.937621673879,42.494064325108184,29.325813544404937,29.325813544404937,159.26072338632275,602.0681509136489,11168.405280043622,0.0,0.0,0.0,0.0,0.0,18177.661565442526,8075.061243569504,0.0,14535.110238425108,23.850814174770882,0.0,0.0,0.0,0.0,0.0
2025-10-25 05:00:00+00:00,7,36.0,2514.2272191741786,697.6601604087865,1479.6549327146738,336.91212605071803,697.6601604087866,636.148111498905,61.51204890988166,4864.653611779866,0.0,697.6601604087865,0.0,1479.6549327146738,0.0,336.91212605071803,0.0,0.0,0.0,0.0,0.0,1034.5722864595045,344.85742881983487,2859.0846479940133,42.886269719910196,29.593098654293478,29.593098654293478,160.76418652796775,607.6940823762998,3121.921301550478,0.0,0.0,0.0,0.0,0.0,18141.306242311643,0.0,0.0,14535.110238425108,23.8504575358754,0.0,0.0,0.0,-4.547473508864641e-13,0.0
2025-10-25 06:00:00+00:00,7,36.0,2544.3729493899773,706.1393863570415,1498.267194859264,339.9663681736724,706.1393863570416,643.8131592300945,62.326227126947124,4864.653611779866,0.0,706.1393863570415,0.0,1498.267194859264,0.0,339.9663681736724,0.0,0.0,0.0,0.0,0.0,1046.105754530714,348.70191817690466,2893.074867566883,43.39612301350324,29.96534389718528,29.96534389718528,162.6919770632155,614.720706047994,3159.093655437972,0.0,0.0,0.0,0.0,0.0,18105.023629827025,0.0,0.0,14535.110238425108,23.847979664655828,0.0,0.0,0.0,5.684341886080801e-13,0.0
2025-10-25 07:00:00+00:00,7,36.0,2526.457168777455,701.263120442441,1488.5502811720864,336.64376716292804,701.2631204424412,639.4265053725148,61.8366150699263,4864.653611779866,0.0,701.263120442441,0.0,1488.5502811720864,0.0,336.64376716292804,0.0,0.0,0.0,0.0,0.0,1037.906887605369,345.968962535123,2872.4261313125785,43.08639196968868,29.77100562344173,29.77100562344173,161.54258666185385,610.139952413549,3136.597121191004,0.0,0.0,0.0,0.0,0.0,18068.81358256737,0.0,0.0,14535.110238425108,23.8505435986806,0.0,0.0,0.0,0.0,0.0
2025-10-25 08:00:00+00:00,7,36.0,2488.024131698533,690.3588403748122,1466.095253606234,331.57003771748725,690.3588403748123,629.6433682510158,60.71547212379652,4864.653611779866,0.0,690.3588403748122,0.0,1466.095253606234,0.0,331.57003771748725,0.0,0.0,0.0,0.0,0.0,1021.9288780922994,340.6429593640998,2828.6670910626335,42.4300063659395,29.321905072124682,29.321905072124682,159.03459549394478,600.7513713682335,3088.775503066766,0.0,0.0,0.0,0.0,0.0,18032.67595540224,0.0,0.0,14535.110238425108,23.853875547886606,0.0,0.0,0.0,-6.821210263296962e-13,0.0
2025-10-25 09:00:00+00:00,7,36.0,2511.5316420559743,696.9356096325411,1480.5476065695864,334.04842585384574,696.9356096325412,635.698532101262,61.23707753127914,4864.653611779866,0.0,696.9356096325411,0.0,1480.5476065695864,0.0,334.04842585384574,0.0,0.0,0.0,0.0,0.0,1030.9840354863868,343.66134516212895,2855.192987218102,42.82789480827153,29.610952131391727,29.610952131391727,160.53244769285678,606.2435919260407,3117.7752339820145,0.0,0.0,0.0,0.0,0.0,17996.610603491434,0.0,0.0,14535.110238425108,23.854288471989538,0.0,0.0,0.0,-5.684341886080801e-13,0.0
2025-10-25 10:00:00+00:00,7,36.0,2528.253386990863,701.5409998722423,1489.9155737116107,336.7968134070088,701.5409998722425,639.7343312686021,61.80666860364039,4864.653611779866,0.0,701.5409998722423,0.0,1489.9155737116107,0.0,336.7968134070088,0.0,0.0,0.0,0.0,0.0,1038.3378132792511,346.112604426417,2874.3659914172786,43.11548987125918,29.798311474232214,29.798311474232214,161.60711137352337,610.431828619664,0.0,0.0,0.0,0.0,0.0,0.0,17960.617382284454,0.0,3138.6852156105274,11226.64552521646,23.85250296219508,0.0,0.0,0.0,4.547473508864641e-13,0.0
2025-10-25 11:00:00+00:00,7,36.0,2512.5000461809145,695.8239014768756,1481.2900550663112,335.3860896377286,695.8239014768758,634.8088734963469,61.01502798052887,4864.653611779866,0.0,695.8239014768756,0.0,1481.2900550663112,0.0,335.3860896377286,0.0,0.0,0.0,0.0,0.0,1031.2099911146042,343.7366637048681,2856.2367098857835,42.84355064828675,29.625801101326225,29.625801101326225,160.32661644348707,606.1584329992943,0.0,0.0,0.0,0.0,0.0,0.0,17924.696147519884,0.0,3118.6584791802084,7939.290845747704,23.85277141871065,0.0,0.0,0.0,-4.547473508864641e-13,0.0
2025-10-25 12:00:00+00:00,7,36.0,2404.621778597998,666.6888581740634,1415.3011072080028,322.63181321593134,666.6888581740635,607.9949804732522,58.69387770081134,4864.653611779866,0.0,666.6888581740634,0.0,1415.3011072080028,0.0,322.63181321593134,0.0,0.0,0.0,0.0,0.0,989.3206713899947,329.7735571299982,2734.3953357279956,41.015930035919936,28.306022144160057,28.306022144160057,153.64459996274726,581.0461314169855,0.0,0.0,0.0,0.0,0.0,0.0,17888.846755224848,0.0,2985.6679100149836,4792.120534907039,23.856710023290823,0.0,0.0,0.0,1.1368683772161603e-13,0.0
2025-10-25 13:00:00+00:00,7,36.0,2420.1149006663345,672.1570454158416,1424.1312780774645,323.82657717302834,672.1570454158418,612.8716268852077,59.285418530634146,4864.653611779866,0.0,672.1570454158416,0.0,1424.1312780774645,0.0,323.82657717302834,0.0,0.0,0.0,0.0,0.0,995.9836225888699,331.9945408629566,2752.109441529291,41.28164162293936,28.48262556154929,28.48262556154929,154.86474752132827,585.1061811303229,11080.28232536616,0.0,0.0,0.0,0.0,0.0,17853.069061714403,8075.061243569504,0.0,12452.79626741644,23.856957671176705,0.0,0.0,0.0,0.0,0.0
2025-10-25 14:00:00+00:00,7,36.0,2432.1762087706884,675.4717207779526,1431.676017627478,325.028470365258,675.4717207779527,615.9153306601579,59.556390117794756,4864.653611779866,0.0,675.4717207779526,0.0,1431.676017627478,0.0,325.028470365258,0.0,0.0,0.0,0.0,0.0,1000.5001911432105,333.5000637144035,2765.676272485092,41.485144087276375,28.63352035254956,28.63352035254956,155.618697580118,587.870946086897,5214.998805516659,0.0,0.0,0.0,0.0,0.0,17817.362923590976,2194.9516506590735,0.0,14535.110238425108,23.856049737038713,0.0,0.0,0.0,0.0,0.0
2025-10-25 15:00:00+00:00,7,36.0,2433.220030783311,675.8064132123279,1431.8030819518613,325.61053561912223,675.806413212328,616.205137913127,59.60127529920103,4864.653611779866,0.0,675.8064132123279,0.0,1431.8030819518613,0.0,325.61053561912223,0.0,0.0,0.0,0.0,0.0,1001.4169488314501,333.8056496104834,2767.0256803937946,41.50538520590692,28.636061639037226,28.636061639037226,155.70629676665575,588.2894548611205,3021.5094856444307,0.0,0.0,0.0,0.0,0.0,17781.728197743796,0.0,0.0,14535.110238425108,23.855387570815438,0.0,0.0,0.0,-6.821210263296962e-13,0.0
2025-10-25 16:00:00+00:00,7,36.0,2473.2096265882515,686.4789725727743,1455.2563528140183,331.47430120146015,686.4789725727744,625.867547988983,60.61142458379143,4864.653611779866,0.0,686.4789725727743,0.0,1455.2563528140183,0.0,331.47430120146015,0.0,0.0,0.0,0.0,0.0,1017.9532737742345,339.31775792474485,2812.5273845129977,42.187910767694966,29.105127056280367,29.105127056280367,158.1838425879729,597.8997653929734,3071.1093919812247,0.0,0.0,0.0,0.0,0.0,17746.164741348308,0.0,0.0,14535.110238425108,23.85174514929002,0.0,0.0,0.0,-2.2737367544323206e-13,0.0
2025-10-25 17:00:00+00:00,7,36.0,2468.5778610092766,686.2904484329205,1452.045056459194,330.24235611716307,686.2904484329206,625.4407968852329,60.84965154768764,4864.653611779866,0.0,686.2904484329205,0.0,1452.045056459194,330.24235611716307,0.0,0.0,0.0,330.24235611716307,440.3231414895507,110.08078537238768,686.2904484329205,228.7634828109735,2367.098987703088,35.506484815546315,32.34332469035551,29.04090112918388,158.10884338741016,593.8438222058571,0.0,1.7053025658242404e-12,0.0,1.7053025658242404e-12,440.323141489549,0.0,18128.979396280683,0.0,3062.421683215134,11307.03434680962,23.852742858068698,0.0,0.0,0.0,4.547473508864641e-13,0.0
2025-10-25 18:00:00+00:00,7,36.0,2443.485067689006,678.1198353468255,1438.1684512870543,327.19678105512673,678.1198353468257,618.0161887923533,60.103646554472334,4864.653611779866,0.0,678.1198353468255,0.0,1438.1684512870543,269.5859721325596,57.61080892256712,0.0,0.0,269.5859721325596,359.4479628434128,89.8619907108532,735.7306442693927,245.24354808979754,2419.1426436462443,36.28713965469366,31.459228747066682,28.763369025741085,156.25185013288225,587.8671263610345,3031.35219405004,0.0,0.0,0.0,359.4479628434128,0.0,18434.197002189365,0.0,0.0,11307.03434680962,23.852839709423435,0.0,0.0,0.0,-4.547473508864641e-13,0.0
2025-10-25 19:00:00+00:00,7,36.0,2479.0774094315857,687.7522641448322,1458.6492233097474,332.6759219770078,687.7522641448322,626.9831094428392,60.769154701993,4864.653611779866,0.0,687.7522641448322,0.0,1458.6492233097474,29.10662684555973,303.5692951314481,0.0,0.0,29.10662684555973,38.80883579407964,9.70220894851991,991.3215592762804,330.4405197587601,2780.411302344788,41.70616953517182,29.464050734650545,29.172984466194947,158.492496053933,598.9784294972303,0.0,0.0,0.0,0.0,38.80883579407964,0.0,18434.197002189365,0.0,3078.055838928816,8062.4786080778085,23.85276141971792,0.0,0.0,0.0,-2.2737367544323206e-13,0.0
2025-10-25 20:00:00+00:00,7,36.0,2499.227206624947,695.2638351609561,1470.0378557088989,333.9255157550927,695.2638351609562,633.2806749065263,61.98316025442987,4864.653611779866,0.0,695.2638351609561,0.0,1470.0378557088989,29.10662684555973,304.818888909533,0.0,0.0,29.10662684555973,38.80883579407964,9.70220894851991,1000.0827240704891,333.3609080234964,2803.4814878028847,42.05222231704327,29.691823382633576,29.400757114177978,160.15905238357905,604.3669721694502,140.10870751108996,0.0,0.0,0.0,38.80883579407964,0.0,18434.197002189365,0.0,2963.485471283307,4938.6906407202205,23.852327186320046,0.0,0.0,0.0,-1.1368683772161603e-13,0.0
2025-10-25 21:00:00+00:00,7,36.0,2539.409197134827,705.2125601780357,1494.1221895849044,340.0744473718878,705.2125601780359,642.3909567615478,62.82160341648803,4864.653611779866,0.0,705.2125601780357,0.0,1494.1221895849044,29.10662684555973,310.96782052632807,0.0,0.0,29.10662684555973,38.80883579407964,9.70220894851991,1016.1803807043638,338.72679356812125,2849.0293638573894,42.73544045786084,30.173510060153685,29.882443791698087,162.4885846266028,613.7089814529566,0.0,0.0,0.0,0.0,38.80883579407964,0.0,18434.197002189365,0.0,3153.118178587784,1615.0122487139008,23.847187428714967,0.0,0.0,0.0,2.2737367544323206e-13,0.0
2025-10-25 22:00:00+00:00,7,36.0,2719.374850323636,757.012027820268,1600.3732971298937,361.9895253734728,757.0120278202683,689.177774799674,67.83425302059425,4864.653611779866,0.0,757.012027820268,0.0,1600.3732971298937,0.0,361.9895253734728,0.0,0.0,0.0,0.0,0.0,1119.0015531937408,373.00051773124693,3092.3753680548816,46.38563052082322,32.007465942597875,32.007465942597875,174.34219726931425,657.7432774065802,3377.1181277302157,0.0,0.0,0.0,0.0,0.0,18397.32860818499,0.0,0.0,1615.0122487139008,23.838765804836157,0.0,0.0,0.0,-5.684341886080801e-13,0.0
2025-10-25 23:00:00+00:00,7,36.0,2665.5769577284495,742.2278721385467,1569.4651066444853,353.88397894541566,742.2278721385468,675.8749972652636,66.35287487328318,4864.653611779866,0.0,742.2278721385467,0.0,1569.4651066444853,0.0,353.88397894541566,0.0,0.0,0.0,0.0,0.0,1096.1118510839624,365.37061702798746,3030.947574756435,45.464213621346524,31.389302132889707,31.389302132889707,170.9123267624884,644.5257616776018,3310.1027194060507,0.0,0.0,0.0,0.0,0.0,18360.533950968624,0.0,0.0,1615.0122487139008,23.842588984091755,0.0,0.0,0.0,-6.821210263296962e-13,0.0
2025-12-05 00:00:00+00:00,8,47.0,3313.760256430499,917.8147368890831,1976.072726767012,419.872792774403,917.8147368890833,835.8964487513309,81.91828813775238,4864.653611779866,861.7264684715835,56.088268417499535,921.8002394560447,1054.2724873109673,419.872792774403,0.0,1253.4203177768488,391.69384930526525,1341.6730322304477,1788.8973763072636,447.2243440768159,56.088268417499535,18.696089472499846,1129.0568452009668,16.935852678014502,52.938184857644714,21.085449746219346,210.93365104035064,1159.50742117681,4473.2676776073085,2762.5781892270497,2762.57818922705,0.0,279.73950485706223,0.0,265.7525296142091,0.0,0.0,9275.687981223302,23.80219345384137,0.0,0.0,0.0,-4.547473508864641e-13,2.2737367544323206e-13
2025-12-05 01:00:00+00:00,8,47.0,3255.273607904799,901.1924321732777,1941.4942455595647,412.58693017195947,901.1924321732779,821.0312479941219,80.161184179156,4864.653611779866,846.5300108346737,54.66242133860396,929.0861020584882,1012.4081435010764,412.58693017195947,0.0,1231.316379395889,384.7863685612153,1341.6730322304477,1788.8973763072636,447.2243440768159,54.66242133860396,18.220807112867988,1085.2913719525484,16.279370579288226,52.246615233495774,20.248162870021527,207.11980432469917,1146.1254727584037,4401.399080663203,2838.66074077095,2838.66074077095,0.0,181.5530149322028,0.0,437.6963887405733,0.0,0.0,9275.687981223302,23.804848836821833,0.0,0.0,0.0,0.0,2.2737367544323206e-13
2025-12-05 02:00:00+00:00,8,47.0,3269.75182916589,905.5771037048797,1950.6139861330812,413.56073932792646,905.57710370488,824.660318794962,80.916784909918,4864.653611779866,850.5381765426403,55.038927162239474,928.1122929025212,1022.50169323056,413.56073932792646,0.0,1237.1464386074767,386.6082620648365,1341.6730322304477,1788.8973763072636,447.2243440768159,55.038927162239474,18.346309054079825,1095.8869294468793,16.43830394170319,52.429010044966105,20.4500338646112,208.09994868013084,1149.5962117271436,4419.348040893034,2901.54308665981,2901.54308665981,0.0,124.50072825493044,0.0,555.0966878052761,0.0,0.0,9275.687981223302,23.80286994277706,0.0,0.0,0.0,2.2737367544323206e-13,0.0
2025-12-05 03:00:00+00:00,8,47.0,3240.5741984163383,897.3851322559592,1933.2787310179215,409.9103351424576,897.3851322559594,817.266430109667,80.11870214629239,4864.653611779866,842.9493233353033,54.43580892065586,931.7626970879903,1001.5160339299312,409.91033514245754,5.684341886080802e-14,1226.1081066695322,383.15878333422876,1341.673032230448,1788.8973763072638,447.22434407681595,54.435808920655916,18.14526964021864,1074.0971124908058,16.111456687362086,52.08230494266291,20.030320678598624,206.22021821428223,1142.9726975741692,9927.464732437717,2942.07768465078,2942.07768465078,0.0,72.92779832601582,0.0,623.2679028393806,5543.917836447208,0.0,14535.110238425108,23.80514871831719,0.0,0.0,0.0,1.8189894035458565e-12,0.0
2025-12-05 04:00:00+00:00,8,47.0,3244.6578009155373,898.1985667594366,1934.8174119891305,411.64182216697026,898.1985667594369,818.3090494549828,79.88951730445407,4864.653611779866,843.641054563928,54.55751219550859,930.0312100634775,1004.786201925653,411.64182216697026,0.0,1227.1142611838955,383.4732066199673,1341.6730322304477,1788.8973763072636,447.2243440768159,54.55751219550859,18.185837398502866,1077.5295515196644,16.162943272794966,52.11307856208708,20.09572403851306,206.44282075836344,1143.6979547270446,4388.355755642581,3606.931936173176,4426.42226442819,0.0,0.0,590.9202986820168,0.0,0.0,0.0,14535.110238425108,23.806387110642248,0.0,0.0,0.0,-6.821210263296962e-13,0.0
2025-12-05 05:00:00+00:00,8,47.0,3213.546996667924,890.1358113744101,1917.1966342229432,406.21455107057113,890.1358113744104,810.6900089574954,79.44580241691504,4864.653611779866,835.9824658928084,54.15334548160172,935.4584811598768,981.7381530630664,406.21455107057113,0.0,1215.974495844085,379.9920299512765,1341.673032230448,1788.8973763072638,447.22434407681595,54.15334548160172,18.051115160533907,1053.9426137052021,15.809139205578031,51.760663006763345,19.634763061261328,204.54532166864928,1137.0173761308783,4350.564372798803,3004.8718721513487,6145.5900633261,0.0,0.0,0.0,0.0,0.0,0.0,14535.110238425108,23.807268578148026,0.0,0.0,0.0,4.547473508864641e-13,0.0
2025-12-05 06:00:00+00:00,8,47.0,3231.6086361001035,893.6336079108014,1926.8995011859224,411.0755270033804,893.6336079108017,813.8733222407542,79.76028567004755,4864.653611779866,840.0027153009485,53.630892609852935,930.5975052270676,996.3019959588548,411.07552700338033,5.684341886080802e-14,1221.822131346834,381.81941604588565,1341.673032230448,1788.8973763072638,447.22434407681595,53.63089260985299,17.87696420328433,1067.8098527719922,16.01714779157988,51.95472034602293,19.926039919177096,205.43341247765505,1140.252044860421,4371.860680960524,3010.719507654098,5783.5908478806,0.0,0.0,0.0,0.0,0.0,0.0,14535.110238425108,23.801350247184697,0.0,0.0,0.0,0.0,0.0
2025-12-05 07:00:00+00:00,8,47.0,3273.6988613332783,905.2483102823452,1954.0275959172586,414.4229551336737,905.2483102823455,823.8019109078546,81.44639937449094,4864.653611779866,851.6266868886138,53.6216233937314,927.2500770967742,1026.7775188204844,414.42295513367367,5.684341886080802e-14,1238.7297263834382,387.10303949482443,1341.673032230448,1788.8973763072638,447.22434407681595,53.621623393731454,17.873874464577153,1098.273016678793,16.474095250181897,52.49728224064965,20.535550376409688,208.0531775016293,1149.761363405088,4423.460224738366,3027.627102690702,4705.32990859721,0.0,0.0,0.0,0.0,0.0,0.0,14535.110238425108,23.79911431338302,0.0,0.0,0.0,0.0,0.0
2025-12-05 08:00:00+00:00,8,47.0,3289.965582270757,909.5311536058459,1963.6466033316908,416.78782533321885,909.531153605846,828.0401548764634,81.49099872938268,4864.653611779866,855.7827561272234,53.748397478622564,924.885206897229,1038.7613964344619,416.78782533321885,0.0,1244.774918003234,388.9921618760106,1341.673032230448,1788.8973763072638,447.22434407681595,53.748397478622564,17.916132492874187,1110.4259264059585,16.65638889608938,52.689662388938295,20.775227928689237,209.0506012986008,1153.3045189580184,4443.270101228775,3033.672294310498,4249.98488331008,0.0,0.0,0.0,0.0,0.0,0.0,14535.110238425108,23.799004464783273,0.0,0.0,0.0,0.0,0.0
2025-12-05 09:00:00+00:00,8,47.0,3246.17856726729,898.298392712352,1937.035559541568,410.8446150133673,898.298392712352,817.914360223175,80.38403248917703,4864.653611779866,844.4140795784846,53.88431313386741,930.8284172170803,1006.2071423244878,410.8446150133673,0.0,1228.2386612050684,383.82458162658384,1341.6730322304475,1788.8973763072631,447.2243440768158,53.88431313386741,17.961437711289136,1078.0528931696444,16.170793397544667,52.157441513135836,20.124142846489757,206.44642765523054,1143.9091688270896,4390.08773609438,1830.518097824659,1830.51809782466,0.0,1186.6179396876723,0.0,1127.2870427032888,0.0,0.0,14535.110238425108,23.80355915894932,0.0,0.0,0.0,0.0,0.0
2025-12-05 10:00:00+00:00,8,47.0,3249.987944525909,899.320343090084,1938.9049889165033,411.7626125193241,899.3203430900842,818.588487081625,80.73185600845918,4864.653611779866,845.2615290335954,54.058814056488586,929.9104197111237,1008.9945692053795,411.762612519324,5.684341886080802e-14,1229.471314957957,384.20978592436154,1341.6730322304477,1788.8973763072636,447.2243440768159,54.05881405648864,18.019604685496216,1081.0729879473645,16.21609481921047,52.19483010063455,20.17989138410759,206.6915183541467,1144.736069344773,0.0,4.547473508864641e-13,0.0,4.547473508864641e-13,3018.36869126522,0.0,3992.482725319842,0.0,4394.724013870682,9902.664381202185,23.801965415563423,0.0,0.0,0.0,2.2737367544323206e-13,0.0
2025-12-05 11:00:00+00:00,8,47.0,3187.5281264695495,881.697995057386,1905.1739885487614,400.6561428634003,881.6979950573862,802.1320306654145,79.56596439197169,4864.653611779866,830.1430385059502,51.554956551435794,941.0168893670475,964.1570991817139,400.6561428634003,0.0,1207.4807832813822,377.33774477543193,1341.673032230448,1788.8973763072638,447.22434407681595,51.554956551435794,17.184985517145265,1032.897041250295,15.493455618754423,51.52021009327971,19.283141983634277,202.56736825175017,1130.6112503168117,930.2912768429433,9.094947017729282e-13,0.0,9.094947017729282e-13,2996.378159588645,0.0,6831.057011478416,0.0,3387.8480999434178,6331.5589270371975,23.80964495787774,0.0,0.0,0.0,-2.2737367544323206e-13,0.0
2025-12-05 12:00:00+00:00,8,47.0,3315.267657587318,916.9158838174917,1980.1967055625726,418.15506820725415,916.915883817492,834.6319783369767,82.28390548051536,4864.653611779866,862.9370224706636,53.978861346828126,923.5179640231937,1056.6787415393787,418.15506820725415,0.0,1255.1811235936925,392.2441011230289,1341.673032230448,1788.8973763072638,447.22434407681595,53.978861346828126,17.992953782276043,1128.650556668483,16.929758350027242,53.020664433555936,21.133574830787577,210.6960040171314,1159.241400613623,0.0,1.8189894035458565e-12,0.0,1.8189894035458565e-12,3044.0784999009547,0.0,9709.269472361368,0.0,4474.509058200941,1615.0122487139008,23.80139289558226,0.0,0.0,0.0,-2.2737367544323206e-13,0.0
2025-12-05 13:00:00+00:00,8,47.0,3332.0630603017357,921.4735384688884,1986.8737679724313,423.7157538604181,921.4735384688887,839.4381708724615,82.03536759642724,4864.653611779866,866.1535467390291,55.319991729859225,917.9572783700296,1068.9164896024017,423.7157538604181,0.0,1259.8597043476789,393.7061576086496,1341.6730322304477,1788.8973763072636,447.2243440768159,55.319991729859225,18.43999724328641,1142.6764785755474,17.14014717863321,53.15420568175311,21.378329792048035,211.830114769932,1162.8732963511181,4494.936356652854,1.3642420526593924e-12,0.0,1.3642420526593924e-12,3048.757080654941,0.0,12586.17016003884,0.0,0.0,1615.0122487139008,23.799843546964755,0.0,0.0,0.0,-2.2737367544323206e-13,0.0
2025-12-05 14:00:00+00:00,8,47.0,3276.583242998947,905.1567448252538,1953.9079582728189,417.5185399008743,905.1567448252542,824.8528862143665,80.30385861088766,4864.653611779866,851.5675236251316,53.58922120012221,924.1544923295735,1029.7534659432454,417.5185399008743,0.0,1238.643670727464,387.07614710233247,1341.673032230448,1788.8973763072638,447.22434407681595,53.58922120012221,17.86307373337407,1101.2057608767416,16.518086413151124,52.49488948776086,20.59506931886491,208.11451425507082,1149.88612438737,9970.387203833525,2609.1549486553604,2609.15494865536,4.547473508864641e-13,418.3860983793677,0.0,12958.464613179161,5543.917836447209,0.0,6874.434505915708,23.804907018125554,0.0,0.0,0.0,-9.094947017729282e-13,-2.2737367544323206e-13
2025-12-05 15:00:00+00:00,8,47.0,3241.7336253367407,898.4407634806247,1933.4468536337745,409.8460082223404,898.440763480625,818.7385322662356,79.70223121438954,4864.653611779866,843.2281018886089,55.21266159201582,931.8270240081074,1001.6198296256671,409.8460082223404,0.0,1226.5136027470676,383.2855008584586,1341.673032230448,1788.8973763072638,447.22434407681595,55.21266159201582,18.40422053067194,1075.2367117483548,16.12855067622532,52.08566739497997,20.032396592513344,206.4479927217134,1143.6086728513785,12460.403541757623,2557.7187423331006,2557.7187423331,4.547473508864641e-13,457.6922367212311,0.0,13367.355308837974,8075.061243569504,0.0,14535.110238425108,23.814803084439287,0.0,0.0,0.0,0.0,-1.1368683772161603e-13
2025-12-05 16:00:00+00:00,8,47.0,3285.9808779116343,913.4975952629511,1960.8955082282368,411.5877744204444,913.4975952629513,831.2963755443375,82.20121971861386,4864.653611779866,855.6808878286485,57.81670743430266,930.0852578100036,1030.8102504182334,411.58777442044436,5.684341886080802e-14,1244.6267459325795,388.9458581039311,1341.673032230448,1788.8973763072638,447.22434407681595,57.816707434302714,19.27223581143424,1107.8991936639704,16.618487904959554,52.634640486869216,20.61620500836467,209.77136549885736,1155.083136891232,4441.064014802866,3850.1263285354203,3850.12632853542,4.547473508864641e-13,0.0,816.6022062955767,12481.03932843548,0.0,0.0,14535.110238425108,23.81698741702718,0.0,0.0,0.0,-2.2737367544323206e-13,0.0
2025-12-05 17:00:00+00:00,8,47.0,3258.13848750876,906.1546587906811,1942.835961514914,409.14786720316425,906.1546587906814,825.0245682314801,81.13009055920132,4864.653611779866,848.0241999468504,58.13045884383064,932.5251650272836,1010.3107964876305,409.1478672031642,5.684341886080802e-14,1233.489745377237,385.46554543038656,1341.673032230448,1788.8973763072638,447.22434407681595,58.130458843830695,19.37681961461023,1087.8180749460714,16.31727112419107,52.27344955260276,20.20621592975261,208.10649209077843,1148.9701378191376,4407.108625327897,5656.34345459717,5656.34345459717,0.0,0.0,2633.95633291267,9683.491636186325,0.0,0.0,14535.110238425108,23.81941976664815,0.0,0.0,0.0,-4.547473508864641e-13,0.0
2025-12-05 18:00:00+00:00,8,47.0,3197.7869855633876,889.6889665969156,1905.6990552175728,402.39896374890094,889.6889665969159,810.3391180162106,79.34984858070521,4864.653611779866,831.993418731893,57.695547865022604,0.0,1905.6990552175728,402.39896374890094,0.0,1210.172245428208,378.178826696315,402.39896374890094,536.5319516652012,134.1329879163003,57.695547865022604,19.231849288340868,1982.6264523709362,29.739396785564043,42.13797074184047,38.11398110435146,204.34074439552012,845.8757569282322,369.53857370978034,5292.86699193041,5292.86699193041,0.0,0.0,3546.1627948370005,5931.321710980267,0.0,3674.124168781839,10662.243311883933,23.823994712329366,0.0,0.0,0.0,-2.2737367544323206e-13,0.0
2025-12-05 19:00:00+00:00,8,47.0,3215.358481917195,891.4098091910262,1916.885805369135,407.062867357032,891.4098091910264,812.4560137776792,78.9537954133472,4864.653611779866,836.1447698943358,55.26503929669036,0.0,1916.885805369135,407.062867357032,0.0,1216.2105743917612,380.06580449742535,407.062867357032,542.750489809376,135.687622452344,55.26503929669036,18.421679765563454,1990.5725244313887,29.85858786647083,42.408344780953016,38.3377161073827,204.84070781114627,849.6204632812855,0.0,4779.00251824529,4779.00251824529,0.0,0.0,3020.0414540441534,2740.468063301303,0.0,4064.9789451984802,6377.379276065274,23.819436646577742,0.0,0.0,0.0,-4.547473508864641e-13,0.0
2025-12-05 20:00:00+00:00,8,47.0,3350.7519629627786,926.801993016611,2000.395746300632,423.5542236455332,926.801993016611,844.5076134478169,82.29437956879423,4864.653611779866,871.8515952300403,54.95039778657076,918.1188085849144,1082.2769377157176,423.55422364553317,5.684341886080802e-14,1268.1477748800587,396.2961796500183,1341.6730322304475,1788.8973763072631,447.2243440768158,54.95039778657082,18.316799262190273,1155.5441347644787,17.33316202146718,53.42464524831711,21.64553875431435,212.985426058821,1167.226095071944,0.0,5655.282922003287,7987.78941259822,0.0,0.0,2598.2377708159656,0.0,0.0,4517.978058034722,1615.0122487139008,23.809255692393176,0.0,0.0,0.0,-2.2737367544323206e-13,0.0
2025-12-05 21:00:00+00:00,8,47.0,3339.1010558841294,923.5471360359955,1992.0026462671478,423.5512735809881,923.5471360359955,841.6937435694979,81.85339246649771,4864.653611779866,868.3262265575422,55.220909478453336,918.1217586494598,1073.8808876176881,423.5512735809881,0.0,1263.0199659018797,394.69373934433736,1341.673032230448,1788.8973763072638,447.22434407681595,55.220909478453336,18.406969826151112,1147.5087669222926,17.212631503834388,53.25678324764744,21.477617752353762,212.2755567318482,1164.5476424829883,4503.648698367118,3051.9173422091435,7300.99573515421,0.0,0.0,0.0,0.0,0.0,0.0,1615.0122487139008,23.808572484504122,0.0,0.0,0.0,6.821210263296962e-13,0.0
2025-12-05 22:00:00+00:00,8,47.0,3279.836809560675,907.6274617019023,1956.7580353501348,415.4513125086411,907.6274617019026,827.0761037377771,80.55135796412554,4864.653611779866,853.0509835941893,54.576478107713,926.2217197218066,1030.5363156283283,415.4513125086411,0.0,1240.8014306824573,387.7504470882679,1341.6730322304477,1788.8973763072636,447.2243440768159,54.576478107713,18.192159369237668,1103.304953105279,16.549574296579184,52.55189102930717,20.610726312566566,208.59531224765803,1151.4744544204325,4431.311263981108,3029.6988069897207,6045.7364459129,0.0,0.0,0.0,0.0,0.0,0.0,1615.0122487139008,23.812263574163918,0.0,0.0,0.0,2.2737367544323206e-13,0.0
2025-12-05 23:00:00+00:00,8,47.0,3122.4725653333685,863.1111383163957,1861.9862135785456,397.37521343842957,863.1111383163958,786.4766792935274,76.63445902286843,4864.653611779866,811.6186017571911,51.49253655920461,944.2978187920183,917.6883947865273,397.37521343842957,0.0,1180.5361480104598,368.91754625326865,1341.673032230448,1788.8973763072638,447.22434407681595,51.49253655920461,17.164178853068204,986.3451101988001,14.795176652982,50.656454593875395,18.353767895730545,198.42536852752858,1115.5368368532695,12313.070645756143,2969.433524317724,3263.79891798476,0.0,0.0,0.0,0.0,8075.061243569504,0.0,9275.687981223302,23.81958578351422,0.0,0.0,0.0,1.8189894035458565e-12,0.0
