timestamp_hour_utc,representative_day_id,day_weight,it_load_kw,q_air_kw,q_cp_kw,q_rdhx_kw,s_air_kw,s_air_old_kw,s_air_new_kw,old_ac_capacity_eff_kw,q_air_to_ashp_kw,q_air_to_reject_kw,q_cp_to_wshp_kw,q_cp_to_free_kw,q_rdhx_to_wshp_kw,q_rdhx_to_chiller_kw,q_ashp_out_kw,p_ashp_kw,q_wshp_in_kw,q_wshp_out_kw,p_wshp_kw,q_chiller_evap_kw,p_chiller_kw,q_tower_kw,p_tower_kw,p_pump_kw,p_cdu_free_kw,p_terminal_kw,p_cooling_kw,p_grid_kw,q_heat_kw,heating_demand_kw,heat_demand_upper_violation_kw,q_tes_ch_kw,q_tes_dis_kw,e_tes_kwh,p_bess_ch_kw,p_bess_dis_kw,e_bess_kwh,max_theta_c,hotspot_slack_c,hotspot_penalty_yuan,bess_degradation_cost_yuan,power_balance_residual_kw,heat_balance_residual_kw
2025-01-15 00:00:00+00:00,0,71.0,2808.3800211662774,806.6508757249686,1800.510339807317,201.21880563399097,806.6508757249686,718.8037153264763,87.84716039849233,5144.250220661582,794.9610056449002,11.689870080068431,1800.510339807317,0.0,201.21880563399097,0.0,1156.3069173016731,361.34591165677284,2001.729145441308,2668.972193921744,667.243048480436,11.689870080068431,3.89662336002281,15.58649344009124,0.2337974016013686,56.02749825055942,0.0,180.9125343160429,1269.6594134654351,4078.0394346317125,3093.40746541437,3093.40746541437,0.0,731.8716458090471,0.0,1681.905232461673,0.0,0.0,4029.3737505078643,23.968395751373517,0.0,0.0,0.0,0.0,0.0
2025-01-15 01:00:00+00:00,0,71.0,2850.3519168317885,818.749100333354,1827.4163610864232,204.18645541200863,818.7491003333541,728.8296628300241,89.91943750333002,5144.250220661582,806.8697829552219,11.8793173781321,1827.4163610864232,0.0,204.18645541200863,0.0,1173.6287752075955,366.75899225237356,2031.6028164984318,2708.8037553312424,677.2009388328106,11.8793173781321,3.959772459377367,15.839089837509468,0.237586347562642,56.86435538671278,0.0,183.61841078140893,1288.640056060246,4138.991972892035,3109.24803358969,3109.24803358969,0.0,773.184496949148,0.0,2413.06669409844,0.0,0.0,4029.3737505078643,23.968496106303412,0.0,0.0,0.0,4.547473508864641e-13,1.1368683772161603e-13
2025-01-15 02:00:00+00:00,0,71.0,2878.6567769324,827.6058646646771,1847.3931460167757,203.65776625094696,827.605864664677,736.5247957371031,91.081068927574,5144.250220661582,815.6278656155157,11.97799904916144,1847.3931460167757,0.0,203.65776625094696,0.0,1186.3678045316592,370.7399389161435,2051.0509122677227,2734.7345496902967,683.6836374225742,11.97799904916144,3.99266634972048,15.97066539888192,0.23955998098322878,57.458372043012744,0.0,185.52934374290837,1301.6435184553427,4180.300295387742,3126.30873543184,3126.30873543184,0.0,794.7936187901158,0.0,3163.2944985608533,0.0,0.0,4029.3737505078643,23.96868241660813,0.0,0.0,0.0,-6.821210263296962e-13,1.1368683772161603e-13
2025-01-15 03:00:00+00:00,0,71.0,2848.0398182076824,818.9556736683516,1827.1984883134712,201.88565622585972,818.9556736683516,728.5349623322834,90.4207113360682,5144.250220661582,806.9760504534202,11.979623214931394,1827.1984883134712,0.0,201.88565622585972,0.0,1173.7833461140658,366.80729566064554,2029.084144539331,2705.445526052441,676.3613815131102,11.979623214931394,3.9932077383104647,15.972830953241859,0.23959246429862788,56.83481121166274,0.0,183.5970434442926,1287.8333320323204,4135.873150240003,3153.14539453754,3153.14539453754,0.0,726.0834776289666,0.0,3846.7472133112497,0.0,0.0,4029.3737505078643,23.968582609347376,0.0,0.0,0.0,4.547473508864641e-13,0.0
2025-01-15 04:00:00+00:00,0,71.0,2876.2462463172383,827.0038437698018,1844.914474308449,204.32792823898822,827.003843769802,735.6067500334411,91.39709373636077,5144.250220661582,814.8719953542255,12.131848415576314,1844.9144743084487,2.2737367544323206e-13,204.32792823898822,0.0,1185.2683568788736,370.396361524648,2049.242402547437,2732.3232033965824,683.0808008491456,12.131848415576314,4.043949471858771,16.175797887435312,0.24263696831152967,57.39071351164335,4.547473508864641e-15,185.4135155989574,1300.5679779245647,6585.101032764513,4724.986163338479,4724.98616333848,0.0,0.0,807.3946030630234,2989.164663028813,2408.2868085227105,0.0,6314.0752226687355,23.967974189132253,0.0,0.0,0.0,-9.094947017729282e-13,0.0
2025-01-15 05:00:00+00:00,0,71.0,2860.627209702743,822.0103425729834,1835.1651740873308,203.45169304242808,822.0103425729834,731.438757849143,90.57158472384037,5144.250220661582,810.150689596993,11.859652975990457,1835.1651740873308,0.0,203.45169304242808,0.0,1178.4010030501715,368.2503134531786,2038.616867129759,2718.1558228396784,679.5389557099196,11.859652975990457,3.9532176586634855,15.812870634653942,0.23719305951980912,57.089472153044206,0.0,184.3045261028574,1293.373678137183,4154.000887839927,6506.075452722631,6506.07545272263,9.094947017729282e-13,0.0,2609.5186268327807,236.32462124719677,0.0,0.0,6314.0752226687355,23.96935599206027,0.0,0.0,0.0,4.547473508864641e-13,0.0
2025-01-15 06:00:00+00:00,0,71.0,2891.20752532406,830.5859433605476,1854.474763878307,206.14681808520555,830.5859433605476,738.9843114789455,91.60163188160203,5144.250220661582,818.6260111480857,11.959932212461922,1854.474763878307,0.0,206.14681808520555,0.0,1190.7287434881248,372.102732340039,2060.6215819635127,2747.4954426180166,686.8738606545041,11.959932212461922,3.9866440708206405,15.946576283282562,0.23919864424923842,57.69571109720127,0.0,186.2407427116409,1307.138889518455,4198.346414842515,4162.283559510608,6069.99645352609,0.0,0.0,224.0593734044673,0.0,0.0,0.0,6314.0752226687355,23.969494570378526,0.0,0.0,0.0,-4.547473508864641e-13,0.0
2025-01-15 07:00:00+00:00,0,71.0,2991.1255254053904,860.6154578095708,1923.9648194623724,206.5452481334471,860.6154578095708,768.401762776436,92.2136950331347,5144.250220661582,848.5726120294145,12.042845780156313,1923.9648194623724,0.0,206.5452481334471,0.0,1234.2874356791483,385.71482364973383,2130.5100675958192,2840.680090127759,710.1700225319397,12.042845780156313,4.014281926718771,16.057127706875082,0.24085691560312622,59.78439706520564,0.0,192.8096670658316,1352.7340491550326,4343.859574560423,4074.9675258069074,4844.12799534811,0.0,0.0,0.0,0.0,0.0,0.0,6314.0752226687355,23.96918975150993,0.0,0.0,0.0,4.547473508864641e-13,0.0
2025-01-15 08:00:00+00:00,0,71.0,2944.9752679612047,847.6643018505639,1895.8339747056084,201.47699140503357,847.6643018505639,757.8699793825361,89.79432246802776,5144.250220661582,835.9203246385398,11.743977212024106,1895.8339747056082,2.2737367544323206e-13,201.47699140503357,0.0,1215.8841085651488,379.963783926609,2097.310966110642,2796.4146214808557,699.1036553702139,11.743977212024106,3.914659070674702,15.658636282699035,0.23487954424048552,58.88978915521859,4.547473508864641e-15,189.86469226489402,1331.9714593318506,4276.946727293052,4012.2987300460045,4309.37483658353,0.0,0.0,0.0,0.0,0.0,0.0,6314.0752226687355,23.96997333313679,0.0,0.0,0.0,-2.9558577807620168e-12,0.0
2025-01-15 09:00:00+00:00,0,71.0,2856.3171736067093,821.5774594391817,1836.3100219276796,198.4296922398474,821.5774594391817,734.619811513789,86.95764792539268,5144.250220661582,810.0259809639302,11.551478475251429,295.09094780118704,1541.2190741264926,198.4296922398474,0.0,1178.2196086748077,368.19362771087737,493.5206400410344,658.0275200547126,164.50688001367814,11.551478475251429,3.8504928250838097,1556.6210454268278,23.349315681402416,41.661406838963934,30.82438148252985,184.10868677693435,816.4947913294698,3672.811964936178,1836.2471287295202,1836.24712872952,2.2737367544323206e-13,0.0,0.0,0.0,0.0,0.0,6314.0752226687355,23.969494837842113,0.0,0.0,0.0,-1.1368683772161603e-12,0.0
2025-01-15 10:00:00+00:00,0,71.0,2920.5415446704137,840.5982497738239,1879.8606785940851,200.08261630250263,840.5982497738239,751.1079257204624,89.49032405336155,5144.250220661582,828.9277348884975,11.670514885326384,0.0,1879.8606785940851,200.08261630250263,0.0,1205.7130689287237,376.78533404022613,200.08261630250263,266.7768217366702,66.69420543416754,11.670514885326384,3.8901716284421277,1895.4213651078537,28.431320476617806,39.59803973490673,37.5972135718817,188.2861687737629,741.282453660005,3661.823998330418,0.0,0.0,0.0,1472.489890665394,0.0,1398.8653961321243,0.0,0.0,6314.0752226687355,23.9702646118159,0.0,0.0,0.0,-7.958078640513122e-13,0.0
2025-01-15 11:00:00+00:00,0,71.0,2884.3580135951543,830.7198721087066,1857.2614813962011,196.3766600902463,830.7198721087066,742.3649848794025,88.35488722930408,5144.250220661582,819.1137529763336,11.60611913237301,4.612068303024651e-13,1857.2614813962007,196.3766600902463,0.0,1191.4381861473944,372.3244331710607,196.37666009024676,261.8355467869957,65.45888669674892,11.60611913237301,3.86870637745767,1872.7363069060314,28.09104460359047,39.10899622882649,37.14522962792402,186.03742530686836,732.0347220124767,1799.7165647521217,2.2737367544323206e-13,0.0,2.2737367544323206e-13,1453.2737329343897,0.0,2776.6777116275307,0.0,1816.6761708555089,4399.130399049865,23.969978403290384,0.0,0.0,0.0,-3.410605131648481e-13,0.0
2025-01-15 12:00:00+00:00,0,71.0,2853.4237402053895,821.8012678069989,1838.2466701242695,193.37580227412298,821.801267806999,734.5932978987672,87.20796990823176,5144.250220661582,810.4520511617707,11.349216645228239,0.0,1838.2466701242695,193.37580227412298,0.0,1178.8393471443937,368.387295982623,193.37580227412298,257.83440303216395,64.45860075804099,11.349216645228239,3.78307221507608,1853.3789589845737,27.800684384768605,38.69869142522662,36.76493340248539,184.0172116910142,723.910489859235,69.51466191532701,2.2737367544323206e-13,0.0,2.2737367544323206e-13,1436.6737501765574,0.0,4135.964418872006,0.0,3507.8195681492975,701.5639136298596,23.971082131476784,0.0,0.0,0.0,0.0,0.0
2025-01-15 13:00:00+00:00,0,71.0,2959.8028347531276,853.7666702251911,1907.016102240929,199.02006228700805,853.7666702251912,762.63855933196,91.1281108932312,5144.250220661582,841.5848325342513,12.181837690939801,890.1848224496429,1016.8312797912862,199.02006228700805,0.0,1224.123392777093,382.5385602428415,1089.204884736651,1452.2731796488679,363.06829491221697,12.181837690939801,4.0606125636466,1033.0737300458727,15.49610595068809,49.03237089218509,20.336625595825723,191.12244617704434,1025.6550163344482,6393.744659610286,9.094947017729282e-13,0.0,9.094947017729282e-13,2676.3965724259597,0.0,6670.269233838924,2408.2868085227105,0.0,2986.2653857907308,23.968202747812263,0.0,0.0,0.0,0.0,0.0
2025-01-15 14:00:00+00:00,0,71.0,2688.7827231125098,773.670953609795,1729.1051567602078,186.0066127425068,773.670953609795,689.676040286791,83.99491332300396,5144.250220661582,762.7742907703225,10.89666283947247,1729.1051567602078,0.0,186.0066127425068,0.0,1109.4898774841056,346.71558671378295,1915.1117695027147,2553.482359336953,638.3705898342382,10.89666283947247,3.6322209464908233,14.528883785963293,0.2179332567894494,53.7332208302313,0.0,173.32893193282413,1215.998483514357,3904.781206626867,1787.288856551541,1787.28885655154,9.094947017729282e-13,1875.6833802695178,0.0,8438.827906627288,0.0,0.0,2986.2653857907308,23.972836252125777,0.0,0.0,0.0,2.2737367544323206e-13,0.0
2025-01-15 15:00:00+00:00,0,71.0,2904.154167839462,837.5296685487731,1870.8922513272169,195.73224796347262,837.529668548773,747.6905677247249,89.83910082404806,5144.250220661582,825.5999742398795,11.929694308893545,1870.8922513272166,2.2737367544323206e-13,195.7322479634726,2.842170943040401e-14,1200.8726898034613,375.27271556358164,2066.624499290689,2755.499332387585,688.8748330968963,11.929694308893573,3.976564769631191,15.906259078524991,0.23859388617787486,58.084090019451224,4.547473508864641e-15,187.49478937623934,1313.9415867119776,7725.915322700737,1876.3107199021997,1876.3107199022,0.0,2080.0613022888465,0.0,10398.00848798844,3507.8195681492975,0.0,6314.0752226687355,23.969384139224548,0.0,0.0,0.0,-4.547473508864641e-13,0.0
2025-01-15 16:00:00+00:00,0,71.0,2899.9406730654787,837.1699787652617,1868.5428444489742,194.22784985124295,837.1699787652617,746.9866738160018,90.18330494925985,5144.250220661582,825.0240583805022,12.145920384759506,1868.5428444489742,0.0,194.22784985124298,-2.842170943040401e-14,1200.0349940080032,375.010935627501,2062.770694300217,2750.360925733623,687.5902314334057,12.145920384759478,4.048640128253159,16.194560513012636,0.24291840769518952,57.998563831981656,0.0,187.37406008375967,1312.2653495125965,4212.206022578075,2862.6287171007702,2862.62871710077,4.547473508864641e-13,1087.7672026408559,0.0,11410.591313521276,0.0,0.0,6314.0752226687355,23.96794035409314,0.0,0.0,0.0,0.0,0.0
2025-01-15 17:00:00+00:00,0,71.0,2892.0617509044387,834.9626129245974,1862.8598358087095,194.23930217112976,834.9626129245974,744.4864490640408,90.47616386055651,5144.250220661582,822.7404039947793,12.222208929818066,1862.8598358087095,0.0,194.23930217112976,0.0,1196.7133149014971,373.97291090671786,2057.0991379798393,2742.7988506397855,685.6997126599464,12.222208929818066,4.074069643272689,16.296278573090756,0.24444417859636133,57.828188095972585,0.0,186.890241168152,1308.709566652658,4200.771317557097,4231.51293068912,4231.51293068912,0.0,0.0,292.0007651478379,11080.400904422826,0.0,0.0,6314.0752226687355,23.96761588565663,0.0,0.0,0.0,4.547473508864641e-13,0.0
2025-01-15 18:00:00+00:00,0,71.0,2844.1633228233004,820.8647312943551,1831.8727623010352,191.42582922791058,820.8647312943551,732.1256190689948,88.73911222536042,5144.250220661582,808.9155646391157,11.949166655239424,0.0,1831.8727623010352,191.42582922791058,0.0,1176.6044576568956,367.6888930177799,191.42582922791058,255.23443897054744,63.80860974263686,11.949166655239424,3.9830555517464745,1847.804984508021,27.717074767620314,38.551713538299815,36.63745524602071,183.74922802402227,722.1360298881264,1749.623181855917,4022.6230988489597,4022.62309884896,0.0,0.0,2590.7842022215164,8331.098837117646,0.0,1816.6761708555089,4399.130399049865,23.968669298925857,0.0,0.0,0.0,-9.094947017729282e-13,0.0
2025-01-15 19:00:00+00:00,0,71.0,2852.84069226675,825.3608763725148,1837.6258379741646,189.85397792007038,825.3608763725149,735.2433573708773,90.11751900163752,5144.250220661582,812.7334468668816,12.627429505633131,0.0,1837.6258379741646,189.8539779200704,-2.842170943040401e-14,1182.1577408972823,369.4242940304007,189.8539779200704,253.13863722676052,63.28465930669013,12.627429505633103,4.209143168544368,1854.462410648342,27.81693615972513,38.651056538683996,36.75251675948329,184.68182614608335,724.8204321096109,69.84155622706318,3676.1758024547294,3676.17580245473,0.0,0.0,2240.8794243306866,5955.616192779531,0.0,3507.8195681492975,701.5639136298596,23.964814675914482,0.0,0.0,0.0,0.0,0.0
2025-01-15 20:00:00+00:00,0,71.0,2910.839210415089,842.1584093895597,1872.7347591212692,195.94604190426062,842.1584093895597,749.2814304519312,92.87697893762848,5144.250220661582,828.9461253131685,13.212284076391143,0.0,1872.7347591212692,195.9460419042606,2.842170943040401e-14,1205.7398186373362,376.7936933241675,195.9460419042606,261.26138920568076,65.31534730142019,13.212284076391171,4.40409469213039,1890.3511378897908,28.355267068346862,39.41415560146799,37.45469518242538,188.49478173772843,740.2320349076869,3651.0712453227757,6220.61240335217,6220.61240335217,0.0,0.0,4753.611195509154,939.9037019632842,0.0,0.0,701.5639136298596,23.962221037542015,0.0,0.0,0.0,-1.1368683772161603e-13,0.0
2025-01-15 21:00:00+00:00,0,71.0,2858.059779910936,825.6923624297674,1835.4343712724708,196.93304620869657,825.6923624297674,732.8125869174967,92.87977551227075,5144.250220661582,812.6403805839916,13.0519818457758,1835.4343712724708,0.0,196.93304620869657,0.0,1182.0223717585334,369.38199117454167,2032.3674174811674,2709.823223308223,677.4558058270558,13.0519818457758,4.3506606152586,17.4026424610344,0.261039636915516,57.0323616002611,0.0,184.9242250481844,1293.406083902217,4151.465863813153,4782.968294898146,6197.3650342826,0.0,0.0,891.1226998313899,0.0,0.0,0.0,701.5639136298596,23.963188018732527,0.0,0.0,0.0,2.2737367544323206e-13,0.0
2025-01-15 22:00:00+00:00,0,71.0,2908.4096275591255,839.5530890540966,1867.3498171488916,201.5067213561368,839.5530890540967,745.2786091526996,94.27447990139716,5144.250220661582,826.4400189218924,13.113070132204257,1867.3498171488916,0.0,201.50672135613678,2.842170943040401e-14,1202.094572977298,375.6545540554056,2068.8565385050283,2758.475384673371,689.6188461683428,13.113070132204285,4.371023377401428,17.484093509605714,0.2622614026440857,58.035561728028114,0.0,188.0630740148595,1316.0053207466815,4224.414948305807,3960.569957650669,5290.28648466948,0.0,0.0,0.0,0.0,0.0,0.0,701.5639136298596,23.96348863402232,0.0,0.0,0.0,2.2737367544323206e-13,0.0
2025-01-15 23:00:00+00:00,0,71.0,2895.535406614037,835.3452842934681,1858.5769029803716,201.61321934019887,835.3452842934681,741.535085301792,93.81019899167606,5144.250220661582,822.3817697766017,12.96351451686644,1858.5769029803716,0.0,201.61321934019887,0.0,1196.1916651296026,373.8098953530008,2060.1901223205705,2746.920163094094,686.7300407735235,12.96351451686644,4.3211715056221465,17.284686022488586,0.2592702903373288,57.77343928281314,0.0,187.14887732076974,1310.0426945260667,7713.3976692894,2902.4756411726703,2902.47564117267,4.547473508864641e-13,1040.6361870510266,0.0,988.6043776984752,3507.8195681492975,0.0,4029.3737505078643,23.964058123368805,0.0,0.0,0.0,-1.3642420526593924e-12,-2.2737367544323206e-13
2025-03-21 00:00:00+00:00,1,14.0,4576.190816440603,1316.0158834784286,2941.50772762849,318.6672053336827,1316.0158834784286,1172.2126036620648,143.80327981636373,5144.250220661582,0.0,1316.0158834784286,0.0,2941.50772762849,0.0,318.6672053336827,0.0,0.0,0.0,0.0,0.0,1634.6830888121112,544.8943629373704,5121.085179377971,76.81627769066957,58.8301545525698,58.8301545525698,294.8842705102536,1034.255220243433,5610.446036684038,0.0,0.0,0.0,0.0,0.0,11342.264601451185,0.0,0.0,4029.3737505078643,23.951216819295848,0.0,0.0,0.0,1.3642420526593924e-12,0.0
2025-03-21 01:00:00+00:00,1,14.0,3752.032514841168,1079.0360714164492,2411.1111650547905,261.8852783699282,1079.0360714164492,960.892269271593,118.14380214485615,5144.250220661582,0.0,1079.0360714164492,0.0,2411.1111650547905,0.0,261.8852783699282,0.0,0.0,0.0,0.0,0.0,1340.9213497863775,446.97378326212583,4199.006298103293,62.985094471549395,48.22222330109581,48.22222330109581,241.79756723871526,848.2008915745821,4600.233406415749,0.0,0.0,0.0,0.0,0.0,11319.580072248284,0.0,0.0,4029.3737505078643,23.95931736891516,0.0,0.0,0.0,-6.821210263296962e-13,0.0
2025-03-21 02:00:00+00:00,1,14.0,4490.833738574025,1291.2816760305748,2887.414000800786,312.1380617426609,1291.2816760305748,1150.800115562287,140.48156046828782,5144.250220661582,0.0,1291.2816760305748,0.0,2887.414000800786,0.0,312.1380617426609,0.0,0.0,0.0,0.0,0.0,1603.4197377732357,534.4732459244119,5025.306984498434,75.37960476747651,57.74828001601573,57.74828001601573,289.331947273171,1014.681357997091,7913.8019050938265,0.0,0.0,0.0,0.0,0.0,11296.94091210379,2408.2868085227105,0.0,6314.0752226687355,23.95307408233575,0.0,0.0,0.0,-4.547473508864641e-13,0.0
2025-03-21 03:00:00+00:00,1,14.0,3516.3896015150417,1011.5428493996176,2261.4099427435303,243.43680937189293,1011.5428493996176,902.0280722073938,109.51477719222373,5144.250220661582,0.0,1011.5428493996176,0.0,2261.4099427435303,0.0,243.43680937189293,0.0,0.0,0.0,0.0,0.0,1254.9796587715105,418.3265529238368,3934.7161544388773,59.02074231658316,45.228198854870605,45.228198854870605,226.62852877368508,794.4322217238462,4310.821823238887,0.0,0.0,0.0,0.0,0.0,11274.347030279583,0.0,0.0,6314.0752226687355,23.96229844879462,0.0,0.0,0.0,-6.821210263296962e-13,0.0
2025-03-21 04:00:00+00:00,1,14.0,3028.9048086142343,871.8972531722131,1949.2131251315668,207.79443031045653,871.8972531722131,777.7684976700442,94.12875550216894,5144.250220661582,0.0,871.8972531722131,0.0,1949.2131251315668,0.0,207.79443031045653,0.0,0.0,0.0,0.0,0.0,1079.6916834826698,359.8972278275566,3388.8020364417935,50.8320305466269,38.98426250263134,38.98426250263134,195.29054111925336,683.9883244986995,3712.8931331129334,0.0,0.0,0.0,0.0,0.0,11251.798336219024,0.0,0.0,6314.0752226687355,23.967185895006075,0.0,0.0,0.0,-4.547473508864641e-13,0.0
2025-03-21 05:00:00+00:00,1,14.0,4635.98210501564,1334.1891469887921,2984.17323536228,317.6197226645695,1334.189146988792,1190.5725290692844,143.6166179195075,5144.250220661582,0.0,1334.1891469887921,0.0,2984.17323536228,0.0,317.6197226645695,0.0,0.0,0.0,0.0,0.0,1651.8088696533616,550.6029565511205,5186.585061566762,77.79877592350144,59.683464707245605,59.683464707245605,298.8292743114588,1046.597936200572,5682.580041216212,0.0,0.0,0.0,0.0,0.0,11229.294739546587,0.0,0.0,6314.0752226687355,23.95131417423432,0.0,0.0,0.0,0.0,0.0
2025-03-21 06:00:00+00:00,1,14.0,3635.065831251845,1046.200717955004,2339.4084786428216,249.4566346540213,1046.2007179550037,933.4640556181965,112.73666233680724,5144.250220661582,0.0,1046.200717955004,0.0,2339.4084786428216,0.0,249.4566346540213,0.0,0.0,0.0,0.0,0.0,1295.657352609025,431.88578420300837,4066.951615454855,61.004274231822826,46.78816957285643,46.78816957285643,234.33616210598197,820.802559686526,4455.868390938372,0.0,0.0,0.0,0.0,0.0,11206.836150067496,0.0,0.0,6314.0752226687355,23.96118724904259,0.0,0.0,0.0,7.958078640513122e-13,0.0
2025-03-21 07:00:00+00:00,1,14.0,2470.475698291082,711.5872244572334,1589.50360181812,169.38487201572923,711.5872244572334,634.3866601551857,77.20056430204775,5144.250220661582,0.0,711.5872244572334,0.0,1589.50360181812,0.0,169.38487201572923,0.0,0.0,0.0,0.0,0.0,880.9720964729627,293.65736549098756,2764.13306378207,41.46199595673105,31.7900720363624,31.7900720363624,159.37600259465128,558.0755081150947,3028.551206406176,0.0,0.0,0.0,0.0,0.0,11184.422477767363,0.0,0.0,6314.0752226687355,23.971876199417267,0.0,0.0,0.0,-1.0231815394945443e-12,0.0
2025-03-21 08:00:00+00:00,1,14.0,2446.126005063638,703.8834518195267,1572.8961817645024,169.34637147960868,703.8834518195267,627.680378044813,76.20307377471376,5144.250220661582,0.0,703.8834518195267,0.0,1572.8961817645024,0.0,169.34637147960868,0.0,0.0,0.0,0.0,0.0,873.2298232991354,291.07660776637846,2737.2026128300163,41.058039192450245,31.45792363529005,31.45792363529005,157.69953270618782,552.7500269355967,2998.876031999235,0.0,0.0,0.0,0.0,0.0,11162.05363281183,0.0,0.0,6314.0752226687355,23.97279137586986,0.0,0.0,0.0,2.2737367544323206e-13,0.0
2025-03-21 09:00:00+00:00,1,14.0,2455.700848684079,706.4044515419365,1578.2225443161701,171.07385282597187,706.4044515419364,629.4521394226285,76.95231211930792,5144.250220661582,0.0,706.4044515419365,0.0,1578.2225443161701,0.0,171.07385282597187,0.0,0.0,0.0,0.0,0.0,877.4783043679083,292.4927681226361,2748.1936168067145,41.22290425210072,31.564450886323403,31.564450886323403,158.2910755813524,555.1356497287361,3010.836498412815,0.0,0.0,0.0,0.0,0.0,11139.729525546207,0.0,0.0,6314.0752226687355,23.972474550673127,0.0,0.0,0.0,0.0,0.0
2025-03-21 10:00:00+00:00,1,14.0,2562.0348076078476,737.6025932291486,1647.902112061759,176.5301023169389,737.6025932291486,658.6622334482747,78.94035978087385,5144.250220661582,6.057376822354854e-13,737.602593229148,0.0,1647.902112061759,176.5301023169389,0.0,8.810729923425242e-13,2.753353101070388e-13,176.5301023169389,235.3734697559185,58.84336743897963,737.602593229148,245.86753107638268,2631.3722363672896,39.47058354550934,34.723343264404576,32.958042241235184,165.24010623261861,577.1029737991304,3139.1377814069774,2.842170943040401e-14,0.0,2.842170943040401e-14,235.37346975591936,0.0,11341.05486276324,0.0,0.0,6314.0752226687355,23.970316268216646,0.0,0.0,0.0,-5.684341886080801e-13,0.0
2025-03-21 11:00:00+00:00,1,14.0,2488.264137829577,716.5841878235696,1600.5245374315405,171.15541257446688,716.5841878235696,639.3196293446264,77.26455847894314,5144.250220661582,0.0,716.5841878235696,0.0,1600.5245374315405,72.80412669754833,98.35128587691855,0.0,0.0,72.80412669754833,97.07216893006444,24.26804223251611,814.935473700488,271.6451579001627,2687.105169032191,40.306577535482866,32.73853201560629,32.01049074863081,160.51623901278762,561.4850394451863,0.0,0.0,0.0,0.0,97.07216893006444,0.0,11410.591313521276,0.0,3049.749177274764,3099.357325197775,23.97115486219781,0.0,0.0,0.0,5.684341886080801e-13,0.0
2025-03-21 12:00:00+00:00,1,14.0,2638.836141428213,761.0012166617771,1698.878870641955,178.95605412447912,761.0012166617771,676.4020624559467,84.5991542058304,5144.250220661582,0.0,761.0012166617771,0.0,1698.878870641955,18.01672312661094,160.93933099786818,0.0,0.0,18.01672312661094,24.02229750214792,6.00557437553698,921.9405476596453,307.31351588654843,2928.1329341881487,43.92199401282223,34.157744644105215,33.9775774128391,170.36890705095726,595.7453133828092,959.8348930809792,0.0,0.0,0.0,24.02229750214792,0.0,11410.591313521276,0.0,2274.7465617300427,701.5639136298596,23.970048234906283,0.0,0.0,0.0,-2.2737367544323206e-13,0.0
2025-03-21 13:00:00+00:00,1,14.0,2567.667681468264,739.8852597067378,1650.643265105717,177.13915665580976,739.8852597067378,658.94849274863,80.93676695810774,5144.250220661582,0.0,739.8852597067378,0.0,1650.643265105717,0.0,177.13915665580976,0.0,0.0,0.0,0.0,0.0,917.0244163625475,305.6748054541825,2873.3424869224473,43.10013730383671,33.01286530211434,33.01286530211434,165.73897093103264,580.5396442932805,3148.2073257615443,0.0,0.0,0.0,0.0,0.0,11387.770130894236,0.0,0.0,701.5639136298596,23.968857600132118,0.0,0.0,0.0,-3.410605131648481e-13,0.0
2025-03-21 14:00:00+00:00,1,14.0,2514.518970629087,723.9339716353169,1615.2386658213406,175.34633317242964,723.9339716353168,644.7037398953591,79.23023173995765,5144.250220661582,0.0,723.9339716353169,0.0,1615.2386658213406,0.0,175.34633317242964,0.0,0.0,0.0,0.0,0.0,899.2803048077465,299.76010160258215,2814.2790722316695,42.21418608347504,32.30477331642681,32.30477331642681,162.21857944577548,568.8024137646863,6591.14095254307,0.0,0.0,0.0,0.0,0.0,11364.994590632448,3507.8195681492975,0.0,4029.3737505078643,23.969797042497746,0.0,0.0,0.0,-9.094947017729282e-13,0.0
2025-03-21 15:00:00+00:00,1,14.0,2476.830108709238,712.7557883276993,1590.860336602138,173.21398377940318,712.7557883276993,635.3152805381245,77.4405077895748,5144.250220661582,0.0,712.7557883276993,0.0,1590.860336602138,0.0,173.21398377940318,0.0,0.0,0.0,0.0,0.0,885.9697721071025,295.32325736903414,2772.1533660782743,41.58230049117412,31.81720673204276,31.81720673204276,159.7338562106605,560.2738275349542,3037.1039362441925,0.0,0.0,0.0,0.0,0.0,11342.264601451185,0.0,0.0,4029.3737505078643,23.970974573513637,0.0,0.0,0.0,1.1368683772161603e-13,0.0
2025-03-21 16:00:00+00:00,1,14.0,2427.784647119749,699.3699832116389,1561.5462166378743,166.86844727023663,699.3699832116389,623.5348521447952,75.8351310668437,5144.250220661582,0.0,699.3699832116389,0.0,1561.5462166378743,0.0,166.86844727023663,0.0,0.0,0.0,0.0,0.0,866.2384304818755,288.7461434939585,2716.5307906137086,40.74796185920563,31.230924332757485,31.230924332757485,156.65176003497123,548.6077140536504,5384.67916969611,0.0,0.0,0.0,0.0,0.0,11319.580072248284,2408.2868085227105,0.0,6314.0752226687355,23.971756933772728,0.0,0.0,0.0,0.0,0.0
2025-03-21 17:00:00+00:00,1,14.0,2607.7242161239196,752.5877324850026,1679.701304319223,175.4351793196945,752.5877324850026,671.4086170468576,81.179115438145,5144.250220661582,0.0,752.5877324850026,0.0,1679.701304319223,89.72400111906836,85.71117820062614,0.0,0.0,89.72400111906836,119.63200149209115,29.908000373022787,838.2989106856287,279.4329702285429,2797.4331852333944,41.96149777850091,34.49126609757514,33.59402608638446,168.46618345929448,587.8539440233208,0.0,-1.8189894035458565e-12,0.0,0.0,119.63200149209297,0.0,11410.591313521276,0.0,3195.578160147241,2945.6400802835383,23.968819828625712,0.0,0.0,0.0,4.547473508864641e-13,0.0
2025-03-21 18:00:00+00:00,1,14.0,3405.2650082195255,982.6386606144571,2191.0154582308783,231.61088937418924,982.6386606144571,876.0790567560362,106.55960385842091,5144.250220661582,0.0,982.6386606144571,0.0,2191.0154582308783,18.01672312661094,213.5941662475783,0.0,0.0,18.01672312661094,24.02229750214792,6.00557437553698,1196.2328268620354,398.7442756206785,3785.992560713592,56.789888410703874,44.00047639588368,43.82030916461757,220.0280382980891,769.3885622655097,4174.653570485034,0.0,0.0,0.0,24.02229750214792,0.0,11410.591313521276,0.0,0.0,2945.6400802835383,23.957060274435978,0.0,0.0,0.0,-1.2505552149377763e-12,0.0
2025-03-21 19:00:00+00:00,1,14.0,3403.97539606335,982.2668650323817,2187.4685251937535,234.24000583721573,982.2668650323817,874.6588603949474,107.60800463743429,5144.250220661582,0.0,982.2668650323817,0.0,2187.4685251937535,18.01672312661094,216.2232827106048,0.0,0.0,18.01672312661094,24.02229750214792,6.00557437553698,1198.4901477429864,399.49671591432883,3785.455388851069,56.78183083276603,43.92953773514118,43.74937050387507,220.01084229011397,769.973871651762,4173.949267715112,0.0,0.0,0.0,24.02229750214792,0.0,11410.591313521276,0.0,0.0,2945.6400802835383,23.955037663265973,0.0,0.0,0.0,-2.2737367544323206e-13,0.0
2025-03-21 20:00:00+00:00,1,14.0,2965.7143758801526,856.1409287588813,1903.4017845281512,206.17166259311998,856.1409287588814,760.7132716231758,95.4276571357055,5144.250220661582,0.0,856.1409287588813,0.0,1903.4017845281512,18.01672312661094,188.15493946650903,0.0,0.0,18.01672312661094,24.02229750214792,6.00557437553698,1044.2958682253902,348.09862274179676,3295.7962754953383,49.43694413243007,38.24820292182913,38.06803569056302,191.8012488830083,671.6586287451643,3637.3730046253163,0.0,0.0,0.0,24.02229750214792,0.0,11410.591313521276,0.0,0.0,2945.6400802835383,23.958520454261603,0.0,0.0,0.0,-5.684341886080801e-13,0.0
2025-03-21 21:00:00+00:00,1,14.0,4367.399333036642,1260.037511060765,2802.310026545091,305.0517954307868,1260.037511060765,1119.5729681431421,140.4645429176228,5144.250220661582,0.0,1260.037511060765,0.0,2802.310026545091,18.01672312661094,287.03507230417586,0.0,0.0,18.01672312661094,24.02229750214792,6.00557437553698,1547.0725833649408,515.6908611216469,4865.073471031679,72.97610206547519,56.22636776216794,56.04620053090183,282.3282182765486,989.2733241322774,3227.7550783113547,0.0,0.0,0.0,24.02229750214792,0.0,11410.591313521276,0.0,2128.9175788575662,701.5639136298596,23.94043597728515,0.0,0.0,0.0,2.0463630789890885e-12,0.0
2025-03-21 22:00:00+00:00,1,14.0,4044.7511990677795,1166.4278446815267,2595.5298752131434,282.7934791731106,1166.4278446815267,1036.6231508808646,129.80469380066205,5144.250220661582,0.0,1166.4278446815267,0.0,2595.5298752131434,0.0,282.7934791731106,0.0,0.0,0.0,0.0,0.0,1449.2213238546374,483.07377461821244,4527.824973685993,67.9173746052899,51.91059750426287,51.91059750426287,261.3665994015199,916.1789436335481,4960.930142701328,0.0,0.0,0.0,0.0,0.0,11387.770130894236,0.0,0.0,701.5639136298596,23.946161036984087,0.0,0.0,0.0,3.410605131648481e-13,0.0
2025-03-21 23:00:00+00:00,1,14.0,3180.2473885094764,919.4425914310307,2043.5742544347981,217.23054264364535,919.4425914310308,817.3117888662645,102.13080256476628,5144.250220661582,0.0,919.4425914310307,0.0,2043.5742544347981,0.0,217.23054264364535,0.0,0.0,0.0,0.0,0.0,1136.673134074676,378.89104469155865,3559.138433201033,53.387076498015496,40.87148508869596,40.87148508869596,205.87555261009774,719.8966439770638,7407.963600635838,0.0,0.0,0.0,0.0,0.0,11364.994590632448,3507.8195681492975,0.0,4029.3737505078643,23.954806923291194,0.0,0.0,0.0,-4.547473508864641e-13,0.0
2025-03-23 00:00:00+00:00,2,1.0,3047.0827957348697,879.1355509028812,1959.408534939909,208.53870989207894,879.1355509028812,782.5950960683655,96.54045483451569,5144.250220661582,0.0,879.1355509028812,0.0,1959.408534939909,0.0,208.53870989207894,0.0,0.0,0.0,0.0,0.0,1087.67426079496,362.55808693165335,3409.6408826665224,51.14461323999783,39.18817069879818,39.18817069879818,196.87692134666324,688.9559629159107,7243.858326800078,0.0,0.0,0.0,0.0,0.0,11342.264601451185,3507.8195681492975,0.0,4029.3737505078643,23.962666671559017,0.0,0.0,0.0,0.0,0.0
2025-03-23 01:00:00+00:00,2,1.0,3689.539622469024,1063.5510235070276,2372.160524529051,253.82807443294456,1063.5510235070276,947.478921027712,116.07210247931569,5144.250220661582,0.0,1063.5510235070276,0.0,2372.160524529051,0.0,253.82807443294456,0.0,0.0,0.0,0.0,0.0,1317.379097939972,439.1263659799907,4128.665988449014,61.9299898267352,47.44321049058102,47.44321049058102,238.2214708985881,834.1642476864761,4523.7038701555,0.0,0.0,0.0,0.0,0.0,11319.580072248284,0.0,0.0,4029.3737505078643,23.95594301418264,0.0,0.0,0.0,2.2737367544323206e-13,0.0
2025-03-23 02:00:00+00:00,2,1.0,4766.883972927061,1374.9406656500928,3065.5891473515144,326.35415992545774,1374.9406656500928,1224.231783834524,150.70888181556882,5144.250220661582,0.0,1374.9406656500928,0.0,3065.5891473515144,0.0,326.35415992545774,0.0,0.0,0.0,0.0,0.0,1701.2948255755505,567.0982751918501,5333.982248118915,80.00973372178372,61.31178294703029,61.31178294703029,307.9160483217244,1077.647623129419,5844.531596056479,0.0,0.0,0.0,0.0,0.0,11296.94091210379,0.0,0.0,4029.3737505078643,23.94227736870045,0.0,0.0,0.0,-6.821210263296962e-13,0.0
2025-03-23 03:00:00+00:00,2,1.0,5065.620620082867,1459.7382036277909,3256.6476704108572,349.23474604421756,1459.738203627791,1300.7707272351238,158.96747639266724,5144.250220661582,0.0,1459.7382036277909,0.0,3256.6476704108572,0.0,349.23474604421756,0.0,0.0,0.0,0.0,0.0,1808.9729496720083,602.9909832240028,5668.611603306868,85.02917404960303,65.13295340821715,65.13295340821715,326.9871902978489,1145.2732543878892,6210.893874470757,0.0,0.0,0.0,0.0,0.0,11274.347030279583,0.0,0.0,4029.3737505078643,23.940453800394494,0.0,0.0,0.0,0.0,0.0
2025-03-23 04:00:00+00:00,2,1.0,4612.233252327111,1329.4649865474698,2965.9190602738336,316.8492055058087,1329.4649865474698,1184.492184493162,144.9728020543077,5144.250220661582,0.0,1329.4649865474698,0.0,2965.9190602738336,0.0,316.8492055058087,0.0,0.0,0.0,0.0,0.0,1646.3141920532785,548.7713973510928,5161.004649678205,77.41506974517307,59.31838120547667,59.31838120547667,297.7707635010571,1042.5939930082764,8063.114053858098,0.0,0.0,0.0,0.0,0.0,11251.798336219024,2408.2868085227105,0.0,6314.0752226687355,23.945770198379726,0.0,0.0,0.0,0.0,0.0
2025-03-23 05:00:00+00:00,2,1.0,4918.4003314097545,1417.2067542204147,3162.346076918886,338.84750027045226,1417.2067542204147,1262.971201435782,154.2355527846328,5144.250220661582,0.0,1417.2067542204147,0.0,3162.346076918886,0.0,338.84750027045226,0.0,0.0,0.0,0.0,0.0,1756.054254490867,585.3514181636223,5503.7517495733755,82.55627624360064,63.24692153837772,63.24692153837772,317.45438234436523,1111.8559198283435,6030.256251238097,0.0,0.0,0.0,0.0,0.0,11229.294739546587,0.0,0.0,6314.0752226687355,23.942685247504993,0.0,0.0,0.0,-6.821210263296962e-13,0.0
2025-03-23 06:00:00+00:00,2,1.0,4640.041575661417,1337.711037143243,2984.2012064263818,318.12933209179056,1337.711037143243,1191.7821215737133,145.92891556952964,5144.250220661582,0.0,1337.711037143243,0.0,2984.2012064263818,0.0,318.12933209179056,0.0,0.0,0.0,0.0,0.0,1655.8403692350334,551.9467897450112,5191.988365406427,77.8798254810964,59.68402412852764,59.68402412852764,299.5989286836898,1048.7935921668527,5688.835167828269,0.0,0.0,0.0,0.0,0.0,11206.836150067496,0.0,0.0,6314.0752226687355,23.945254343401256,0.0,0.0,0.0,-4.547473508864641e-13,0.0
2025-03-23 07:00:00+00:00,2,1.0,4423.780537253034,1275.396859412607,2843.801792521042,304.5818853193875,1275.396859412607,1135.665629252076,139.7312301605309,5144.250220661582,0.0,1275.396859412607,0.0,2843.801792521042,0.0,304.5818853193875,0.0,0.0,0.0,0.0,0.0,1579.9787447319945,526.6595815773316,4950.440118830368,74.25660178245552,56.87603585042084,56.87603585042084,285.67257617026667,1000.3408312308954,5424.121368483929,0.0,0.0,0.0,0.0,0.0,11184.422477767363,0.0,0.0,6314.0752226687355,23.946730548965313,0.0,0.0,0.0,-6.821210263296962e-13,0.0
2025-03-23 08:00:00+00:00,2,1.0,2525.460535255602,728.8965287644036,1623.9637460350411,172.6002604561574,728.8965287644036,649.1108558265431,79.78567293786043,5144.250220661582,0.0,728.8965287644036,0.0,1623.9637460350411,0.0,172.6002604561574,0.0,0.0,0.0,0.0,0.0,901.4967892205609,300.49892974018695,2825.959464995789,42.389391974936835,32.479274920700824,32.479274920700824,163.22563026308464,571.0725018196101,3096.5330370752113,0.0,0.0,0.0,0.0,0.0,11162.05363281183,0.0,0.0,6314.0752226687355,23.96817480315564,0.0,0.0,0.0,-6.821210263296962e-13,0.0
2025-03-23 09:00:00+00:00,2,1.0,4083.5344389885936,1176.916299461307,2623.8184534766406,282.7996860506443,1176.916299461307,1048.4753078881495,128.4409915731576,5144.250220661582,0.0,1176.916299461307,0.0,2623.8184534766406,0.0,282.7996860506443,0.0,0.0,0.0,0.0,0.0,1459.7159855119514,486.5719951706505,4570.106434159243,68.55159651238864,52.476369069532815,52.476369069532815,263.66516873273235,923.7414985548371,5007.27593754343,0.0,0.0,0.0,0.0,0.0,11139.729525546207,0.0,0.0,6314.0752226687355,23.950191692062464,0.0,0.0,0.0,-9.094947017729282e-13,0.0
2025-03-23 10:00:00+00:00,2,1.0,2599.533019262855,750.8150396683051,1669.6820784131723,179.03590118137873,750.8150396683051,667.5220565393815,83.29298312892357,5144.250220661582,5.861977570020827e-13,750.8150396683045,0.0,1669.6820784131723,179.03590118137873,0.0,8.526512829121202e-13,2.6645352591003757e-13,179.03590118137873,238.71453490850496,59.67863372712624,750.8150396683045,250.27167988943484,2670.7687979709117,40.061531969563674,35.18400058007723,33.39364156826345,168.15943232528727,586.748920059753,3186.2819393226077,0.0,0.0,0.0,238.7145349085058,0.0,11344.228874658196,0.0,0.0,6314.0752226687355,23.964588154009334,0.0,0.0,0.0,-1.1368683772161603e-13,0.0
2025-03-23 11:00:00+00:00,2,1.0,2678.3055703265177,772.1996228160698,1720.0900556725117,186.01589183793624,772.1996228160697,686.9800635579978,85.21955925807191,5144.250220661582,9.769962616701378e-15,772.1996228160698,0.0,1720.0900556725117,70.30333943083815,115.71255240709809,1.4210854715202004e-14,4.440892098500626e-15,70.30333943083815,93.7377859077842,23.43444647694605,887.9121752231679,295.9707250743893,2903.972955970069,43.55959433955103,35.10483450775862,34.40180111345023,173.00130940083298,605.4727109129282,0.0,1.4210854715202004e-14,0.0,1.4210854715202004e-14,93.7377859077842,0.0,11410.591313521276,0.0,3283.7782812394466,2852.6689894321953,23.966281325333,0.0,0.0,0.0,7.958078640513122e-13,0.0
2025-03-23 12:00:00+00:00,2,1.0,3707.387082912041,1068.2943637307703,2382.693526743982,256.3991924372871,1068.2943637307703,951.7084438685044,116.58591986226595,5144.250220661582,0.0,1068.2943637307703,0.0,2382.693526743982,18.01672312661094,238.38246931067619,0.0,0.0,18.01672312661094,24.02229750214792,6.00557437553698,1306.6768330414466,435.55894434714884,4124.929304132577,61.87393956198866,47.834037766145755,47.653870534879644,239.32014538930622,838.2465119750061,2504.916137121687,0.0,0.0,0.0,24.02229750214792,0.0,11410.591313521276,0.0,2040.7174577653602,701.5639136298596,23.955652217344074,0.0,0.0,0.0,2.2737367544323206e-13,0.0
2025-03-23 13:00:00+00:00,2,1.0,4774.338456629509,1375.8194410800743,3069.2106072617617,329.30840828766975,1375.8194410800743,1225.5564613789165,150.26297970115783,5144.250220661582,0.0,1375.8194410800743,0.0,3069.2106072617617,0.0,329.30840828766975,0.0,0.0,0.0,0.0,0.0,1705.1278493677441,568.375949789248,5342.714406418754,80.14071609628131,61.38421214523523,61.38421214523523,308.18696736031944,1079.4720575363192,5853.810514165829,0.0,0.0,0.0,0.0,0.0,11387.770130894236,0.0,0.0,701.5639136298596,23.94340354839259,0.0,0.0,0.0,6.821210263296962e-13,0.0
2025-03-23 14:00:00+00:00,2,1.0,2979.168721184503,859.6944651027941,1917.0914084898743,202.3828475918363,859.6944651027941,765.1774201163138,94.51704498648024,5144.250220661582,0.0,859.6944651027941,0.0,1917.0914084898743,0.0,202.3828475918363,0.0,0.0,0.0,0.0,0.0,1062.0773126946303,354.0257708982101,3333.1944920827145,49.99791738124072,38.34182816979749,38.34182816979749,192.47700446153186,673.1843490805777,6060.639878787791,0.0,0.0,0.0,0.0,0.0,11364.994590632448,2408.2868085227105,0.0,2986.2653857907308,23.964159753180805,0.0,0.0,0.0,-4.547473508864641e-13,0.0
2025-03-23 15:00:00+00:00,2,1.0,2661.2908495157944,766.3718794897896,1713.1007745556976,181.8181954703046,766.3718794897896,682.8457078025167,83.52617168727294,5144.250220661582,0.0,766.3718794897896,0.0,1713.1007745556976,0.0,181.8181954703046,0.0,0.0,0.0,0.0,0.0,948.1900749600943,316.06335832003145,2977.354207835823,44.66031311753735,34.26201549111396,34.26201549111396,171.6241473627293,600.871849782526,6769.982267447618,0.0,0.0,0.0,0.0,0.0,11342.264601451185,3507.8195681492975,0.0,6314.0752226687355,23.971704859497464,0.0,0.0,0.0,0.0,0.0
2025-03-23 16:00:00+00:00,2,1.0,2571.9426533617698,740.7622960751546,1655.6525737736033,175.5277835130099,740.7622960751545,660.2000772212998,80.56221885385473,5144.250220661582,0.0,740.7622960751546,0.0,1655.6525737736033,0.0,175.5277835130099,0.0,0.0,0.0,0.0,0.0,916.2900795881645,305.43002652938816,2877.3726798911557,43.16059019836733,33.11305147547207,33.11305147547207,165.88532921844163,580.7020488971413,3152.6447022589114,0.0,0.0,0.0,0.0,0.0,11319.580072248284,0.0,0.0,6314.0752226687355,23.972397126835293,0.0,0.0,0.0,3.410605131648481e-13,0.0
2025-03-23 17:00:00+00:00,2,1.0,2694.2734470521896,775.8267450466874,1735.1328205474908,183.31388145801208,775.8267450466874,691.5836064064843,84.24313864020313,5144.250220661582,0.0,775.8267450466874,0.0,1735.1328205474908,89.72400111906836,93.58988033894371,0.0,0.0,89.72400111906836,119.63200149209115,29.908000373022787,869.416625385631,289.80554179521033,2894.354987728332,43.41532481592498,35.5998964221405,34.70265641094982,173.72479473186547,607.1562145491139,0.0,-1.8189894035458565e-12,0.0,0.0,119.63200149209297,0.0,11410.591313521276,0.0,3301.429661601303,2834.0628008357176,23.97254405401062,0.0,0.0,0.0,-4.547473508864641e-13,0.0
2025-03-23 18:00:00+00:00,2,1.0,4148.013061258572,1193.0140618905677,2666.675689271145,288.32331009685987,1193.0140618905677,1063.8675117912226,129.1465500993452,5144.250220661582,0.0,1193.0140618905677,0.0,2666.675689271145,18.01672312661094,270.30658697024893,0.0,0.0,18.01672312661094,24.02229750214792,6.00557437553698,1463.3206488608166,487.7735496202722,4617.769887752234,69.26654831628352,53.51368101668901,53.3335137854229,267.31920710014776,937.2120742143525,5085.225135472923,0.0,0.0,0.0,24.02229750214792,0.0,11410.591313521276,0.0,0.0,2834.0628008357176,23.956011648766253,0.0,0.0,0.0,-9.094947017729282e-13,0.0
2025-03-23 19:00:00+00:00,2,1.0,4286.388019597032,1232.9573693802101,2756.626176015982,296.80447420083914,1232.95736938021,1100.2009927207457,132.75637665946428,5144.250220661582,0.0,1232.9573693802101,0.0,2756.626176015982,18.01672312661094,278.7877510742282,0.0,0.0,18.01672312661094,24.02229750214792,6.00557437553698,1511.7451204544384,503.91504015147945,4772.2863366219,71.58429504932849,55.31269075158575,55.13252352031964,276.2428733270953,968.1929971753457,5254.581016772378,0.0,0.0,0.0,24.02229750214792,0.0,11410.591313521276,0.0,0.0,2834.0628008357176,23.95451788113447,0.0,0.0,0.0,-4.547473508864641e-13,0.0
2025-03-23 20:00:00+00:00,2,1.0,3276.2455494626297,941.88648418769,2106.8859651399425,227.47310013499492,941.88648418769,840.4449794166875,101.44150477100251,5144.250220661582,0.0,941.88648418769,0.0,2106.8859651399425,18.01672312661094,209.45637700838398,0.0,0.0,18.01672312661094,24.02229750214792,6.00557437553698,1151.342861196074,383.78095373202467,3642.0097800680414,54.63014670102062,42.31788653406496,42.13771930279885,211.04775869875166,739.9200393441977,4016.165588806827,0.0,0.0,0.0,24.02229750214792,0.0,11410.591313521276,0.0,0.0,2834.0628008357176,23.96623724029761,0.0,0.0,0.0,-2.2737367544323206e-13,0.0
2025-03-23 21:00:00+00:00,2,1.0,3539.052929292931,1018.2559230048744,2276.680549796464,244.11645649159368,1018.2559230048745,908.1743636382774,110.08155936659702,5144.250220661582,0.0,1018.2559230048744,0.0,2276.680549796464,18.01672312661094,226.09973336498274,0.0,0.0,18.01672312661094,24.02229750214792,6.00557437553698,1244.3556563698571,414.78521878995235,3935.8214249562734,59.037321374344096,45.7137782271954,45.53361099592929,228.1098063907884,799.1853101537465,2315.1721620431736,0.0,0.0,0.0,24.02229750214792,0.0,11410.591313521276,0.0,2023.0660774035039,701.5639136298596,23.962687657895636,0.0,0.0,0.0,2.2737367544323206e-13,0.0
2025-03-23 22:00:00+00:00,2,1.0,4426.837872567179,1275.787565936914,2851.2584352721783,299.79187135808667,1275.787565936914,1137.1274995468605,138.66006639005352,5144.250220661582,0.0,1275.787565936914,0.0,2851.2584352721783,0.0,299.79187135808667,0.0,0.0,0.0,0.0,0.0,1575.5794372950006,525.1931457650002,4952.031018332179,74.28046527498269,57.02516870544357,57.02516870544357,285.63556501246796,999.1595134633379,5425.997386030516,0.0,0.0,0.0,0.0,0.0,11387.770130894236,0.0,0.0,701.5639136298596,23.952397462720263,0.0,0.0,0.0,-7.958078640513122e-13,0.0
2025-03-23 23:00:00+00:00,2,1.0,4604.1904827817725,1327.7547655165995,2966.1891447136272,310.2465725515466,1327.7547655165995,1183.2210155451605,144.53374997143902,5144.250220661582,0.0,1327.7547655165995,0.0,2966.1891447136272,0.0,310.2465725515466,0.0,0.0,0.0,0.0,0.0,1638.0013380681462,546.0004460227154,5150.190928804489,77.25286393206733,59.32378289427255,59.32378289427255,297.22188443782795,1039.1227601811556,5643.3132429629295,0.0,0.0,0.0,0.0,0.0,11364.994590632448,0.0,0.0,701.5639136298596,23.94924799750499,0.0,0.0,0.0,1.3642420526593924e-12,0.0
2025-04-12 00:00:00+00:00,3,40.0,3091.7851799709215,885.9793884448821,1984.9008739035553,220.90491762248496,885.9793884448823,791.8355187242039,94.14386972067832,5144.250220661582,0.0,885.9793884448821,0.0,1984.9008739035553,0.0,220.90491762248496,0.0,0.0,0.0,0.0,0.0,1106.884306067367,368.96143535578904,3460.7466153267114,51.91119922990067,39.69801747807111,39.69801747807111,198.71152345778188,698.9801929996138,3790.7653729705353,0.0,0.0,0.0,0.0,0.0,11342.264601451185,0.0,0.0,701.5639136298596,23.971017639268098,0.0,0.0,0.0,0.0,0.0
2025-04-12 01:00:00+00:00,3,40.0,3069.36490939459,880.9885474615699,1971.642629718521,216.7337322144988,880.9885474615699,787.2666792606257,93.7218682009442,5144.250220661582,0.0,880.9885474615699,0.0,1971.642629718521,0.0,216.7337322144988,0.0,0.0,0.0,0.0,0.0,1097.7222796760686,365.90742655868956,3435.2723359532793,51.52908503929919,39.432852594370424,39.432852594370424,197.51556128187457,693.8177780686042,7271.002255612492,0.0,0.0,0.0,0.0,0.0,11319.580072248284,3507.8195681492975,0.0,4029.3737505078643,23.96885980407067,0.0,0.0,0.0,0.0,0.0
2025-04-12 02:00:00+00:00,3,40.0,3040.409167427768,872.595327794293,1952.450388532264,215.36345110120976,872.5953277942931,779.5035124692997,93.09181532499332,5144.250220661582,0.0,872.595327794293,0.0,1952.450388532264,0.0,215.36345110120976,0.0,0.0,0.0,0.0,0.0,1087.9587788955027,362.6529262985009,3403.0620937262674,51.04593140589401,39.04900777064528,39.04900777064528,195.6506721986858,687.4475454443714,3727.8567128721397,0.0,0.0,0.0,0.0,0.0,11296.94091210379,0.0,0.0,4029.3737505078643,23.969105029553383,0.0,0.0,0.0,4.547473508864641e-13,0.0
2025-04-12 03:00:00+00:00,3,40.0,3062.6154219436226,878.5401810267424,1966.790810099606,217.2844308172734,878.5401810267425,785.0121290736158,93.52805195312665,5144.250220661582,0.0,878.5401810267424,0.0,1966.790810099606,0.0,217.2844308172734,0.0,0.0,0.0,0.0,0.0,1095.8246118440159,365.27487061467195,3427.890292558294,51.418354388374404,39.335816201992124,39.335816201992124,196.99712830979567,692.3619857168263,6163.26421618316,0.0,0.0,0.0,0.0,0.0,11274.347030279583,2408.2868085227105,0.0,6314.0752226687355,23.970058111695266,0.0,0.0,0.0,4.547473508864641e-13,0.0
2025-04-12 04:00:00+00:00,3,40.0,3109.60323598824,891.6975638796531,1996.0712018878723,221.83447022071502,891.6975638796532,796.6776541861509,95.01990969350229,5144.250220661582,0.0,891.6975638796531,0.0,1996.0712018878723,0.0,221.83447022071502,0.0,0.0,0.0,0.0,0.0,1113.532034100368,371.17734470012266,3480.780580688363,52.211708710325446,39.92142403775745,39.92142403775745,199.98143943158678,703.2133409175498,3812.8165769057896,0.0,0.0,0.0,0.0,0.0,11251.798336219026,0.0,0.0,6314.0752226687355,23.969152854094652,0.0,0.0,0.0,-3.410605131648481e-13,0.0
2025-04-12 05:00:00+00:00,3,40.0,3108.01247362187,891.0448115019108,1995.1747546891204,221.79290743084042,891.0448115019108,796.3054490833964,94.73936241851438,5144.250220661582,0.0,891.0448115019108,0.0,1995.1747546891204,0.0,221.79290743084042,0.0,0.0,0.0,0.0,0.0,1112.8377189327512,370.94590631091705,3478.9583799327884,52.18437569899182,39.90349509378241,39.90349509378241,199.83936421639976,702.7766364138733,3810.7891100357438,0.0,0.0,0.0,0.0,0.0,11229.294739546589,0.0,0.0,6314.0752226687355,23.96964585551408,0.0,0.0,0.0,4.547473508864641e-13,0.0
2025-04-12 06:00:00+00:00,3,40.0,3057.446493160741,877.4138371231404,1964.2244178585308,215.80823817906938,877.4138371231403,784.4960780867832,92.91775903635714,5144.250220661582,0.0,877.4138371231404,0.0,1964.2244178585308,0.0,215.80823817906938,0.0,0.0,0.0,0.0,0.0,1093.2220753022098,364.4073584340699,3421.8538515948103,51.32780777392215,39.284488357170616,39.284488357170616,196.71580890129474,691.019951823628,3748.4664449843685,0.0,0.0,0.0,0.0,0.0,11206.836150067496,0.0,0.0,6314.0752226687355,23.96951029573167,0.0,0.0,0.0,-3.410605131648481e-13,0.0
2025-04-12 07:00:00+00:00,3,40.0,3070.6544380104815,882.437716038858,1973.2966123995484,214.92010957207566,882.4377160388581,788.3978641627198,94.03985187613824,5144.250220661582,0.0,882.437716038858,0.0,1973.2966123995484,0.0,214.92010957207566,0.0,0.0,0.0,0.0,0.0,1097.3578256109336,365.7859418703112,3436.4403798807934,51.5466056982119,39.46593224799097,39.46593224799097,197.78186036760016,694.0462724321052,3764.700710442587,0.0,0.0,0.0,0.0,0.0,11184.422477767363,0.0,0.0,6314.0752226687355,23.967446644395068,0.0,0.0,0.0,3.410605131648481e-13,0.0
2025-04-12 08:00:00+00:00,3,40.0,3024.258249840333,869.7256052326668,1944.7980858101469,209.73455879751612,869.7256052326667,777.1881344604329,92.53747077223377,5144.250220661582,0.0,869.7256052326668,0.0,1944.7980858101469,0.0,209.73455879751612,0.0,0.0,0.0,0.0,0.0,1079.460164030183,359.8200546767277,3384.0783045170574,50.76117456775586,38.89596171620294,38.89596171620294,194.87844170220842,683.2515943790978,3707.509844219431,0.0,0.0,0.0,0.0,0.0,11162.05363281183,0.0,0.0,6314.0752226687355,23.96787466361248,0.0,0.0,0.0,3.410605131648481e-13,0.0
2025-04-12 09:00:00+00:00,3,40.0,2952.048198650281,848.7960378790741,1898.727893432491,204.52426733871417,848.7960378790741,758.7308052180422,90.06523266103193,5144.250220661582,0.0,848.7960378790741,0.0,1898.727893432491,0.0,204.52426733871417,0.0,0.0,0.0,0.0,0.0,1053.3203052177882,351.1067684059294,3303.154967056209,49.547324505843136,37.974557868649825,37.974557868649825,190.18541011096283,666.788618760035,3618.8368174103157,0.0,0.0,0.0,0.0,0.0,11139.729525546207,0.0,0.0,6314.0752226687355,23.969495510277202,0.0,0.0,0.0,-2.2737367544323206e-13,0.0
2025-04-12 10:00:00+00:00,3,40.0,2929.163055665478,843.0544037061403,1885.7373991506352,200.37125280870168,843.0544037061402,753.7754617427653,89.27894196337496,5144.250220661582,0.0,843.0544037061403,0.0,1885.7373991506352,200.37125280870168,0.0,0.0,0.0,200.37125280870168,267.16167041160224,66.79041760290056,843.0544037061403,281.01813456871344,3009.809937425489,45.14714906138233,39.71846051109972,37.71474798301271,188.82687354894222,659.2157832760511,1771.7026680860201,0.0,0.0,0.0,267.16167041160224,0.0,11371.253653386138,0.0,1816.6761708555089,4399.130399049865,23.969460982502838,0.0,0.0,0.0,-2.2737367544323206e-13,0.0
2025-04-12 11:00:00+00:00,3,40.0,3018.0422265829366,867.9325911606525,1941.757466381132,208.35216904115242,867.9325911606525,775.5087812233038,92.42380993734865,5144.250220661582,0.0,867.9325911606525,0.0,1941.757466381132,49.01065850676969,159.34151053438273,0.0,0.0,49.01065850676969,65.34754467569292,16.33688616892323,1027.2741016950351,342.42470056501173,3311.456268641179,49.67184402961769,39.32525591269034,38.83514932762264,194.44940620901673,681.0432422128824,191.26590064652146,0.0,0.0,0.0,65.34754467569292,0.0,11410.591313521276,0.0,3507.8195681492975,701.5639136298596,23.96899617147035,0.0,0.0,0.0,0.0,0.0
2025-04-12 12:00:00+00:00,3,40.0,2937.9634504198903,845.0448258523012,1890.0035878979565,202.91503666963274,845.0448258523012,755.1365179220483,89.90830793025292,5144.250220661582,0.0,845.0448258523012,0.0,1890.0035878979565,18.01672312661094,184.8983135430218,0.0,0.0,18.01672312661094,24.02229750214792,6.00557437553698,1029.943139395323,343.314379798441,3263.2611070917205,48.9489166063758,37.98023898922524,37.80007175795913,189.32400368405814,663.3731852115964,3601.3366356314864,0.0,0.0,0.0,24.02229750214792,0.0,11410.591313521276,0.0,0.0,701.5639136298596,23.96952323809829,0.0,0.0,0.0,-2.2737367544323206e-13,0.0
2025-04-12 13:00:00+00:00,3,40.0,2936.394018063023,844.2601706896573,1887.058960362472,205.07488701089267,844.2601706896573,753.5937009110393,90.66646977861804,5144.250220661582,0.0,844.2601706896573,0.0,1887.058960362472,0.0,205.07488701089267,0.0,0.0,0.0,0.0,0.0,1049.33505770055,349.77835256684995,3286.1723706298717,49.29258555944807,37.74117920724944,37.74117920724944,189.20556771995425,663.7588642607511,6008.439690846484,0.0,0.0,0.0,0.0,0.0,11387.770130894236,2408.2868085227105,0.0,2986.2653857907308,23.96902179713566,0.0,0.0,0.0,-4.547473508864641e-13,0.0
2025-04-12 14:00:00+00:00,3,40.0,3007.658007168605,863.6994456792441,1930.5083047696628,213.4502567196995,863.6994456792441,770.8092246755069,92.89022100373722,5144.250220661582,0.0,863.6994456792441,0.0,1930.5083047696628,0.0,213.4502567196995,0.0,0.0,0.0,0.0,0.0,1077.1497023989436,359.0499007996479,3366.7079079682544,50.50061861952381,38.610166095393254,38.610166095393254,193.65921525432267,680.4300668642809,3688.088074032885,0.0,0.0,0.0,0.0,0.0,11364.994590632448,0.0,0.0,2986.2653857907308,23.96842076470932,0.0,0.0,0.0,-9.094947017729282e-13,0.0
2025-04-12 15:00:00+00:00,3,40.0,3059.3822059163886,877.7370833490053,1962.6821625308653,218.96296003651952,877.7370833490053,784.0149536166313,93.72212973237397,5144.250220661582,0.0,877.7370833490053,0.0,1962.6821625308653,0.0,218.96296003651952,0.0,0.0,0.0,0.0,0.0,1096.7000433855249,365.56668112850826,3424.9488870448986,51.37423330567348,39.25364325061731,39.25364325061731,196.86615570761774,692.3143566430341,7259.516130708719,0.0,0.0,0.0,0.0,0.0,11342.264601451185,3507.8195681492975,0.0,6314.0752226687355,23.968654441465304,0.0,0.0,0.0,-9.094947017729282e-13,0.0
2025-04-12 16:00:00+00:00,3,40.0,3006.305278603771,863.1591688828374,1925.2987558375178,217.84735388341522,863.1591688828374,769.5486110639017,93.61055781893576,5144.250220661582,0.0,863.1591688828374,0.0,1925.2987558375178,0.0,217.84735388341522,0.0,0.0,0.0,0.0,0.0,1081.0065227662526,360.3355075887509,3366.6407861925213,50.49961179288782,38.505975116750356,38.505975116750356,193.65549670053812,681.5025663156775,3687.807844919448,0.0,0.0,0.0,0.0,0.0,11319.580072248284,0.0,0.0,6314.0752226687355,23.964797705911753,0.0,0.0,0.0,-4.547473508864641e-13,0.0
2025-04-12 17:00:00+00:00,3,40.0,3007.45062791119,862.361620445207,1925.9972804368954,219.0917270290884,862.361620445207,768.9726372472751,93.38898319793188,5144.250220661582,0.0,862.361620445207,0.0,1925.9972804368954,89.72400111906836,129.36772591002003,0.0,0.0,89.72400111906836,119.63200149209115,29.908000373022787,991.729346355227,330.5764487850757,3248.303075577198,48.72454613365797,39.41718561992859,38.519945608737906,193.51439753829905,680.660524058722,3688.111151969912,-1.8189894035458565e-12,0.0,0.0,119.63200149209297,0.0,11410.591313521276,0.0,0.0,6314.0752226687355,23.967062494283052,0.0,0.0,0.0,-1.1368683772161603e-13,0.0
2025-04-12 18:00:00+00:00,3,40.0,3066.3174869809536,879.6081224953865,1964.0306373196631,222.67872716590384,879.6081224953866,784.3091203895391,95.2990021058475,5144.250220661582,0.0,879.6081224953865,0.0,1964.0306373196631,18.01672312661094,204.6620040392929,0.0,0.0,18.01672312661094,24.02229750214792,6.00557437553698,1084.2701265346793,361.42337551155975,3409.7241393659024,51.145862090488535,39.46077997765938,39.28061274639327,197.36374251529787,694.6799472169358,253.17786604859157,0.0,0.0,0.0,24.02229750214792,0.0,11410.591313521276,0.0,3507.8195681492975,2616.50873724873,23.9657847128389,0.0,0.0,0.0,-3.410605131648481e-13,0.0
2025-04-12 19:00:00+00:00,3,40.0,3014.1137776552564,864.1856781590111,1931.3449024717415,218.58319702450586,864.1856781590111,770.6458999271832,93.53977823182791,5144.250220661582,0.0,864.1856781590111,0.0,1931.3449024717415,18.01672312661094,200.56647389789492,0.0,0.0,18.01672312661094,24.02229750214792,6.00557437553698,1064.752152056906,354.9173840189687,3351.014438547616,50.265216578214236,38.80706528070094,38.62689804943483,193.89606334138819,682.5182016442438,1879.9558084439907,0.0,0.0,0.0,24.02229750214792,0.0,11410.591313521276,0.0,1816.6761708555093,701.5639136298596,23.968054140673605,0.0,0.0,0.0,-2.2737367544323206e-13,0.0
2025-04-12 20:00:00+00:00,3,40.0,2967.55226047756,850.7937547183917,1902.0686472356133,214.68985852355502,850.7937547183917,759.2405405497036,91.55321416868816,5144.250220661582,0.0,850.7937547183917,0.0,1902.0686472356133,18.01672312661094,196.67313539694408,0.0,0.0,18.01672312661094,24.02229750214792,6.00557437553698,1047.466890115336,349.1556300384453,3298.6911673893946,49.48036751084092,38.221540175978376,38.041372944712265,190.88101668323267,671.7855017287466,3639.3377622063067,0.0,0.0,0.0,24.02229750214792,0.0,11410.591313521276,0.0,0.0,701.5639136298596,23.968821679551212,0.0,0.0,0.0,0.0,0.0
2025-04-12 21:00:00+00:00,3,40.0,2956.3872331650873,846.6790863747806,1894.3134817545229,215.39466503578288,846.6790863747806,755.4604488616195,91.21863751316111,5144.250220661582,0.0,846.6790863747806,0.0,1894.3134817545229,18.01672312661094,197.37794190917194,0.0,0.0,18.01672312661094,24.02229750214792,6.00557437553698,1044.0570282839526,348.0190094279842,3286.3895194664597,49.29584279199689,38.06643686635657,37.88626963509046,190.0025555281313,669.2756886250964,3625.662921790183,0.0,0.0,0.0,24.02229750214792,0.0,11410.591313521276,0.0,0.0,701.5639136298596,23.970542440894192,0.0,0.0,0.0,-5.684341886080801e-13,0.0
2025-04-12 22:00:00+00:00,3,40.0,2970.19408654103,851.1505110617624,1902.3412646921659,216.70231078710302,851.1505110617624,758.3241346081667,92.82637645359567,5144.250220661582,0.0,851.1505110617624,0.0,1902.3412646921659,0.0,216.70231078710302,0.0,0.0,0.0,0.0,0.0,1067.8528218488655,355.9509406162885,3326.14502715732,49.892175407359794,38.04682529384332,38.04682529384332,191.00197974805036,672.9387463593853,3643.1328329004155,0.0,0.0,0.0,0.0,0.0,11387.770130894236,0.0,0.0,701.5639136298596,23.96902754148609,0.0,0.0,0.0,0.0,0.0
2025-04-12 23:00:00+00:00,3,40.0,3033.7416111196762,870.2117161119563,1941.905696943354,221.6241980643673,870.2117161119563,774.2558459144688,95.95587019748757,5144.250220661582,0.0,870.2117161119563,0.0,1941.905696943354,0.0,221.6241980643673,0.0,0.0,0.0,0.0,0.0,1091.8359141763235,363.9453047254412,3397.686915845119,50.965303737676784,38.83811393886708,38.83811393886708,195.27488306149476,687.8617194023469,3721.6033305220226,0.0,0.0,0.0,0.0,0.0,11364.994590632448,0.0,0.0,701.5639136298596,23.96573732354018,0.0,0.0,0.0,-5.684341886080801e-13,0.0
2025-06-08 00:00:00+00:00,4,59.0,2668.226443465902,765.1098554664741,1708.4396606212144,194.67692737821224,765.109855466474,684.1801404349488,80.92971503152515,5144.250220661582,0.0,765.1098554664741,0.0,1708.4396606212144,0.0,194.67692737821224,0.0,0.0,0.0,0.0,0.0,959.7867828446863,319.92892761489543,2988.155371080796,44.82233056621194,34.16879321242429,34.16879321242429,171.7208425486509,604.8096871546069,3273.0361306205086,0.0,0.0,0.0,0.0,0.0,11342.264601451185,0.0,0.0,701.5639136298596,23.969850288959822,0.0,0.0,0.0,-1.1368683772161603e-13,0.0
2025-06-08 01:00:00+00:00,4,59.0,2697.086106739959,773.5363990799148,1727.9944952625642,195.5552123974788,773.5363990799148,690.9234174242462,82.61298165566856,5144.250220661582,0.0,773.5363990799148,0.0,1727.9944952625642,0.0,195.5552123974788,0.0,0.0,0.0,0.0,0.0,969.0916114773936,323.0305371591312,3020.116643899089,45.30174965848634,34.55988990525128,34.55988990525128,173.57609695097543,611.0281635790956,3308.1142703190535,0.0,0.0,0.0,0.0,0.0,11319.580072248284,0.0,0.0,701.5639136298596,23.968827775942565,0.0,0.0,0.0,-1.2505552149377763e-12,0.0
2025-06-08 02:00:00+00:00,4,59.0,2748.2279820414296,787.432607977243,1759.079507385386,201.71586667880004,787.432607977243,703.1313427488102,84.30126522843281,5144.250220661582,0.0,787.432607977243,0.0,1759.079507385386,0.0,201.71586667880004,0.0,0.0,0.0,0.0,0.0,989.148474656043,329.716158218681,3077.94414026011,46.16916210390165,35.18159014770772,35.18159014770772,176.76388430711472,623.0123849251129,3371.240366966541,0.0,0.0,0.0,0.0,0.0,11296.94091210379,0.0,0.0,701.5639136298596,23.968897545131597,0.0,0.0,0.0,-1.5916157281026244e-12,0.0
2025-06-08 03:00:00+00:00,4,59.0,2787.1014940741543,797.6417399332956,1782.6703508226424,206.7894033182147,797.6417399332958,713.0084651289608,84.63327480433493,5144.250220661582,0.0,797.6417399332956,0.0,1782.6703508226424,0.0,206.7894033182147,0.0,0.0,0.0,0.0,0.0,1004.4311432515103,334.8103810838368,3121.9118751579895,46.82867812736984,35.653407016452846,35.653407016452846,179.12515142029835,632.0710246644106,5827.459327261275,0.0,0.0,0.0,0.0,0.0,11274.347030279583,2408.2868085227105,0.0,2986.2653857907308,23.969668061795264,0.0,0.0,0.0,-9.094947017729282e-13,0.0
2025-06-08 04:00:00+00:00,4,59.0,2835.911021442252,808.9034452600063,1808.7819815233258,218.2255946589242,808.9034452600063,722.902784096232,86.00066116377417,5144.250220661582,0.0,808.9034452600063,0.0,1808.7819815233258,0.0,218.2255946589242,0.0,0.0,0.0,0.0,0.0,1027.1290399189304,342.3763466396435,3178.2873680819,47.67431052122849,36.17563963046652,36.17563963046652,181.8779646403378,644.2799010621429,6988.010490653692,0.0,0.0,0.0,0.0,0.0,11251.798336219024,3507.8195681492975,0.0,6314.0752226687355,23.97163615782142,0.0,0.0,0.0,-4.547473508864641e-13,0.0
2025-06-08 05:00:00+00:00,4,59.0,2864.877477365525,816.7787288031782,1827.2381816934753,220.8605668688735,816.7787288031781,730.3449469540823,86.43378184909582,5144.250220661582,0.0,816.7787288031782,0.0,1827.2381816934753,0.0,220.8605668688735,0.0,0.0,0.0,0.0,0.0,1037.6392956720517,345.87976522401726,3210.757242589544,48.16135863884316,36.54476363386951,36.54476363386951,183.66563470402178,650.7962858346211,3515.673763200146,0.0,0.0,0.0,0.0,0.0,11229.294739546587,0.0,0.0,6314.0752226687355,23.972287369506837,0.0,0.0,0.0,-2.2737367544323206e-13,0.0
2025-06-08 06:00:00+00:00,4,59.0,2869.0960452254612,817.5823999415943,1829.7523071809412,221.7613381029256,817.5823999415943,731.1855893559183,86.39681058567606,5144.250220661582,0.0,817.5823999415943,0.0,1829.7523071809412,0.0,221.7613381029256,0.0,0.0,0.0,0.0,0.0,1039.3437380445198,346.4479126815066,3215.5439579069675,48.23315936860451,36.59504614361882,36.59504614361882,183.8671218790381,651.7382862163869,3520.834331441848,0.0,0.0,0.0,0.0,0.0,11206.836150067496,0.0,0.0,6314.0752226687355,23.97279655877696,0.0,0.0,0.0,-1.1368683772161603e-13,0.0
2025-06-08 07:00:00+00:00,4,59.0,2935.153587802032,836.8927353421539,1874.7153055673534,223.54554689252467,836.8927353421539,748.119494058338,88.77324128381593,5144.250220661582,0.0,836.8927353421539,0.0,1874.7153055673534,0.0,223.54554689252467,0.0,0.0,0.0,0.0,0.0,1060.4382822346786,353.4794274115595,3288.6330152135915,49.32949522820387,37.49430611134707,37.49430611134707,188.11003697178472,665.9075718342424,3601.0611596362746,0.0,0.0,0.0,0.0,0.0,11184.422477767363,0.0,0.0,6314.0752226687355,23.973544208694307,0.0,0.0,0.0,4.547473508864641e-13,0.0
2025-06-08 08:00:00+00:00,4,59.0,2902.079830330927,827.8048081621529,1854.3630201055996,219.91200206317603,827.8048081621528,739.2399823326568,88.56482582949599,5144.250220661582,0.0,827.8048081621529,0.0,1854.3630201055996,0.0,219.91200206317603,0.0,0.0,0.0,0.0,0.0,1047.716810225329,349.23893674177634,3251.3187670727048,48.76978150609057,37.087260402111994,37.087260402111994,186.02718318877382,658.2104222408648,3560.2902525717914,0.0,0.0,0.0,0.0,0.0,11162.05363281183,0.0,0.0,6314.0752226687355,23.973907548193594,0.0,0.0,0.0,-4.547473508864641e-13,0.0
2025-06-08 09:00:00+00:00,4,59.0,2865.8243195745335,817.4386952106881,1829.8329254758278,218.55269888801743,817.438695210688,729.478513734217,87.96018147647105,5144.250220661582,0.0,817.4386952106881,0.0,1829.8329254758278,0.0,218.55269888801743,0.0,0.0,0.0,0.0,0.0,1035.9913940987055,345.3304646995685,3211.154784274102,48.16732176411153,36.59665850951656,36.59665850951656,183.72818922483793,650.419292707551,3516.2436122820845,0.0,0.0,0.0,0.0,0.0,11139.729525546207,0.0,0.0,6314.0752226687355,23.97320533374414,0.0,0.0,0.0,0.0,0.0
2025-06-08 10:00:00+00:00,4,59.0,3004.936785739249,856.9594027496146,1916.9470949539345,231.0302880356968,856.9594027496147,764.3902570713569,92.56914567825773,5144.250220661582,0.0,856.9594027496146,0.0,1916.9470949539345,231.0302880356968,0.0,0.0,0.0,231.0302880356968,308.0403840475957,77.01009601189892,856.9594027496146,285.6531342498715,3059.5596319534206,45.89339447930131,40.64924477943566,38.33894189907869,192.6588489034321,680.2036603230183,3685.140446062267,1.1368683772161603e-13,0.0,1.1368683772161603e-13,308.0403840475956,0.0,11410.088431340331,0.0,0.0,6314.0752226687355,23.971679957189984,0.0,0.0,0.0,-2.2737367544323206e-13,0.0
2025-06-08 11:00:00+00:00,4,59.0,2992.4877938225673,853.9492041720341,1909.6299092727875,228.9086803777463,853.9492041720341,761.1580306379351,92.79117353409903,5144.250220661582,0.0,853.9492041720341,0.0,1909.6299092727875,18.41294135022963,210.49573902751666,0.0,0.0,18.41294135022963,24.55058846697284,6.13764711674321,1064.4449431995508,354.81498106651696,3328.8898335388553,49.93334750308283,38.37672759895805,38.19259818545575,191.9420927902813,679.3973942610381,164.06561993430705,0.0,0.0,0.0,24.55058846697284,0.0,11410.591313521276,0.0,3507.8195681492975,2616.50873724873,23.971102278310166,0.0,0.0,0.0,-7.958078640513122e-13,0.0
2025-06-08 12:00:00+00:00,4,59.0,2864.58811242164,817.525955658465,1827.2931879329433,219.76896883022988,817.525955658465,729.2347544018133,88.29120125665169,5144.250220661582,0.0,817.525955658465,0.0,1827.2931879329433,18.01672312661094,201.75224570361894,0.0,0.0,18.01672312661094,24.02229750214792,6.00557437553698,1019.278201362084,339.759400454028,3186.3307897490554,47.79496184623583,36.72603098992498,36.54586375865887,183.779329870221,650.6111612946057,1698.5231028607348,0.0,0.0,0.0,24.02229750214792,0.0,11410.591313521276,0.0,1816.6761708555093,701.5639136298596,23.971550623038286,0.0,0.0,0.0,-1.4779288903810084e-12,0.0
2025-06-08 13:00:00+00:00,4,59.0,2798.9460515361766,798.6142211491351,1786.7563767364322,213.57545365061077,798.6142211491351,712.7695308657917,85.8446902833434,5144.250220661582,0.0,798.6142211491351,0.0,1786.7563767364322,0.0,213.57545365061077,0.0,0.0,0.0,0.0,0.0,1012.189674799746,337.39655826658196,3136.3426098027603,47.045139147041404,35.73512753472865,35.73512753472865,179.5009559569177,635.4129084399983,3434.3589599761744,0.0,0.0,0.0,0.0,0.0,11387.770130894236,0.0,0.0,701.5639136298596,23.973917955069755,0.0,0.0,0.0,-4.547473508864641e-13,0.0
2025-06-08 14:00:00+00:00,4,59.0,2815.0490135332443,803.4852218464588,1798.1178093712492,213.44598231553383,803.4852218464588,716.7923123182076,86.69290952825119,5144.250220661582,0.0,803.4852218464588,0.0,1798.1178093712492,0.0,213.44598231553383,0.0,0.0,0.0,0.0,0.0,1016.9312041619926,338.9770680539975,3154.0260815872393,47.31039122380859,35.96235618742499,35.96235618742499,180.55160909399484,638.7637807466509,5862.099602802606,0.0,0.0,0.0,0.0,0.0,11364.994590632448,2408.2868085227105,0.0,2986.2653857907308,23.97354532417223,0.0,0.0,0.0,0.0,0.0
2025-06-08 15:00:00+00:00,4,59.0,3010.6690789388085,867.7711475919732,1935.0575440810987,207.84038726573752,867.7711475919732,774.094306671535,93.6768409204382,5144.250220661582,0.0,867.7711475919732,0.0,1935.0575440810987,0.0,207.84038726573752,0.0,0.0,0.0,0.0,0.0,1075.6115348577107,358.53717828590356,3369.206257224713,50.538093858370694,38.70115088162198,38.70115088162198,194.39347678513738,680.8710506926556,3691.540129631465,0.0,0.0,0.0,0.0,0.0,11342.264601451185,0.0,0.0,2986.2653857907308,23.963403387013134,0.0,0.0,0.0,7.958078640513122e-13,0.0
2025-06-08 16:00:00+00:00,4,59.0,3078.2069923204554,886.4074523779431,1976.4199366498892,215.37960329262324,886.4074523779431,790.128088828876,96.27936354906709,5144.250220661582,0.0,886.4074523779431,0.0,1976.4199366498892,0.0,215.37960329262324,0.0,0.0,0.0,0.0,0.0,1101.7870556705664,367.26235189018877,3445.4693442106445,51.68204016315966,39.528398732997786,39.528398732997786,198.6464971122962,696.6476866316402,7282.674247101393,0.0,0.0,0.0,0.0,0.0,11319.580072248284,3507.8195681492975,0.0,6314.0752226687355,23.962538097969137,0.0,0.0,0.0,0.0,0.0
2025-06-08 17:00:00+00:00,4,59.0,3074.9395644076244,885.1237076516006,1974.9144108053683,214.90144595065524,885.1237076516006,789.3462803369084,95.77742731469222,5144.250220661582,1.2603251775544777e-12,885.1237076515994,0.0,1974.9144108053683,89.72400111906836,125.17744483158688,1.8332002582610585e-12,5.728750807065808e-13,89.72400111906836,119.63200149209115,29.908000373022787,1010.3011524831862,336.7670508277287,3321.982614116283,49.82973921174424,40.39552822729805,39.49828821610737,198.35718862748067,694.7557954833824,3769.6953598910072,1.4210854715202004e-14,0.0,1.4210854715202004e-14,119.63200149209297,0.0,11410.591313521276,0.0,0.0,6314.0752226687355,23.96405036288454,0.0,0.0,0.0,4.547473508864641e-13,0.0
2025-06-08 18:00:00+00:00,4,59.0,3058.9732310608524,880.6665313794816,1964.220985127127,214.08571455424638,880.6665313794816,785.5624105457018,95.1041208337798,5144.250220661582,0.0,880.6665313794816,0.0,1964.220985127127,18.01672312661094,196.06899142763544,0.0,0.0,18.01672312661094,24.02229750214792,6.00557437553698,1076.7355228071171,358.9118409357057,3399.86834886995,50.99802523304925,39.464586933808654,39.28441970254254,197.36767363572017,692.0321208163633,3751.0053518772156,0.0,0.0,0.0,24.02229750214792,0.0,11410.591313521276,0.0,0.0,6314.0752226687355,23.963362355320314,0.0,0.0,0.0,-1.1368683772161603e-13,0.0
2025-06-08 19:00:00+00:00,4,59.0,3062.354483484829,880.0604652551658,1964.9634968810954,217.33052134856828,880.0604652551659,786.6299032718352,93.43056198333063,5144.250220661582,0.0,880.0604652551658,0.0,1964.9634968810954,18.01672312661094,199.31379822195734,0.0,0.0,18.01672312661094,24.02229750214792,6.00557437553698,1079.3742634771231,359.791421159041,3404.1291815172594,51.06193772275889,39.47943716888802,39.29926993762191,197.33470407864363,692.9723444424905,1938.6506570718102,0.0,0.0,0.0,24.02229750214792,0.0,11410.591313521276,0.0,1816.6761708555089,4399.130399049865,23.96494780478343,0.0,0.0,0.0,-5.684341886080801e-13,0.0
2025-06-08 20:00:00+00:00,4,59.0,3034.895582970205,872.5449350186119,1947.6637354685192,214.686912483072,872.544935018612,779.9536477307491,92.59128728786283,5144.250220661582,0.0,872.5449350186119,0.0,1947.6637354685192,18.01672312661094,196.67018935646107,0.0,0.0,18.01672312661094,24.02229750214792,6.00557437553698,1069.215124375073,356.40504145835763,3373.2839013019498,50.59925851952924,39.133441940636494,38.95327470937038,195.62850016736368,686.7250911707944,3721.6206741409997,0.0,0.0,0.0,24.02229750214792,0.0,11410.591313521276,0.0,0.0,4399.130399049865,23.96471037837618,0.0,0.0,0.0,3.410605131648481e-13,0.0
2025-06-08 21:00:00+00:00,4,59.0,3007.7975109015924,866.5024682696272,1930.973118243964,210.32192438799976,866.5024682696272,773.1846754009945,93.31779286863274,5144.250220661582,0.0,866.5024682696272,0.0,1930.973118243964,18.01672312661094,192.30520126138882,0.0,0.0,18.01672312661094,24.02229750214792,6.00557437553698,1058.807669531016,352.935889843672,3342.7166776186523,50.14075016427978,38.799629596145394,38.61946236487928,194.18631590733978,680.6876222518532,180.665565004148,0.0,0.0,0.0,24.02229750214792,0.0,11410.591313521276,0.0,3507.8195681492975,701.5639136298596,23.962151260572302,0.0,0.0,0.0,-1.1368683772161603e-13,0.0
2025-06-08 22:00:00+00:00,4,59.0,2975.856033715487,859.0035448496284,1911.8167084790894,205.0357803867701,859.0035448496284,764.7473151269368,94.25622972269157,5144.250220661582,0.0,859.0035448496284,0.0,1911.8167084790894,0.0,205.0357803867701,0.0,0.0,0.0,0.0,0.0,1064.0393252363986,354.67977507879954,3330.5358087942877,49.95803713191432,38.23633416958179,38.23633416958179,192.40125134768786,673.5117318975653,3649.3677656130517,0.0,0.0,0.0,0.0,0.0,11387.770130894236,0.0,0.0,701.5639136298596,23.96102995625317,0.0,0.0,0.0,-3.410605131648481e-13,0.0
2025-06-08 23:00:00+00:00,4,59.0,2972.2519996359006,856.9214579680412,1910.4932075776355,204.83733409022352,856.9214579680413,763.9322646672118,92.98919330082943,5144.250220661582,0.0,856.9214579680412,0.0,1910.4932075776355,0.0,204.83733409022352,0.0,0.0,0.0,0.0,0.0,1061.7587920582646,353.91959735275486,3326.171596988655,49.89257395482982,38.209864151552715,38.209864151552715,191.94953430411903,672.1814339148091,3644.433433550709,0.0,0.0,0.0,0.0,0.0,11364.994590632448,0.0,0.0,701.5639136298596,23.964075873058302,0.0,0.0,0.0,-4.547473508864641e-13,0.0
2025-07-04 00:00:00+00:00,5,66.0,2818.240359639253,801.0318696629777,1798.1529258451303,219.05556413114442,801.0318696629777,720.9181265691886,80.11374309378897,5144.250220661582,0.0,801.0318696629777,0.0,1798.1529258451303,0.0,219.05556413114442,0.0,0.0,0.0,0.0,0.0,1020.087433794122,340.02914459804066,3158.269504237293,47.37404256355939,35.963058516902606,35.963058516902606,180.21946494565128,639.5487691410565,3457.7891287803086,0.0,0.0,0.0,0.0,0.0,11139.729525546207,0.0,0.0,4029.3737505078643,23.973916696666794,0.0,0.0,0.0,-6.821210263296962e-13,0.0
2025-07-04 01:00:00+00:00,5,66.0,2774.3114535455616,788.5461076410392,1768.4690508262388,217.29629507828156,788.5461076410393,710.3288913800178,78.21721626102145,5144.250220661582,0.0,788.5461076410392,0.0,1768.4690508262388,0.0,217.29629507828156,0.0,0.0,0.0,0.0,0.0,1005.8424027193207,335.2808009064402,3109.592254452,46.64388381678,35.36938101652478,35.36938101652478,177.46318557786768,630.1266323341374,3404.4380858796985,0.0,0.0,0.0,0.0,0.0,11117.450066495116,0.0,0.0,4029.3737505078643,23.97218380709915,0.0,0.0,0.0,-4.547473508864641e-13,0.0
2025-07-04 02:00:00+00:00,5,66.0,2760.9594491582247,784.5864520821927,1760.5490577516334,215.8239393243985,784.5864520821927,706.8098766015378,77.77657548065494,5144.250220661582,0.0,784.5864520821927,0.0,1760.5490577516334,0.0,215.8239393243985,0.0,0.0,0.0,0.0,0.0,1000.4103914065913,333.4701304688638,3094.4295796270885,46.416443694406325,35.21098115503267,35.21098115503267,176.56159320261617,626.8701296759516,3387.829578834176,0.0,0.0,0.0,0.0,0.0,11095.215166362126,0.0,0.0,4029.3737505078643,23.973229385505512,0.0,0.0,0.0,-2.2737367544323206e-13,0.0
2025-07-04 03:00:00+00:00,5,66.0,2753.5121730464352,782.3245062503278,1754.6276282398446,216.5600385562611,782.3245062503278,704.5255838807161,77.79892236961167,5144.250220661582,0.0,782.3245062503278,0.0,1754.6276282398446,0.0,216.5600385562611,0.0,0.0,0.0,0.0,0.0,998.8845448065889,332.96151493552964,3086.473687981963,46.29710531972944,35.0925525647969,35.0925525647969,176.0869889113857,625.5307142962386,3379.042887342672,0.0,0.0,0.0,0.0,0.0,11073.024736029403,0.0,0.0,4029.3737505078643,23.97262418844744,0.0,0.0,0.0,-1.5916157281026244e-12,0.0
2025-07-04 04:00:00+00:00,5,66.0,2746.0345353449115,780.5515746287098,1749.455369871091,216.02759084511047,780.5515746287098,702.4936038445769,78.05797078413288,5144.250220661582,0.0,780.5515746287098,0.0,1749.455369871091,0.0,216.02759084511047,0.0,0.0,0.0,0.0,0.0,996.5791654738202,332.1930551579401,3078.2275905028514,46.17341385754277,34.989107397421826,34.989107397421826,175.68375310522228,624.0284369155488,3370.062972260461,0.0,0.0,0.0,0.0,0.0,11050.878686557346,0.0,0.0,4029.3737505078643,23.97173770656638,0.0,0.0,0.0,4.547473508864641e-13,0.0
2025-07-04 05:00:00+00:00,5,66.0,2742.154172633252,778.275577582872,1746.4874896382428,217.39110541213867,778.275577582872,701.1988346190649,77.07674296380705,5144.250220661582,0.0,778.275577582872,0.0,1746.4874896382428,0.0,217.39110541213867,0.0,0.0,0.0,0.0,0.0,995.6666829950107,331.8888943316702,3074.0430669649236,46.11064600447385,34.92974979276486,34.92974979276486,175.2296465044356,623.0886864261095,3365.2428590593613,0.0,0.0,0.0,0.0,0.0,11028.776929184232,0.0,0.0,4029.3737505078643,23.973786558225147,0.0,0.0,0.0,-2.2737367544323206e-13,0.0
2025-07-04 06:00:00+00:00,5,66.0,2725.883905048667,774.2806926973585,1735.3865039250732,216.21670842623607,774.2806926973585,697.0760943471877,77.2045983501709,5144.250220661582,0.0,774.2806926973585,0.0,1735.3865039250732,0.0,216.21670842623607,0.0,0.0,0.0,0.0,0.0,990.4974011235946,330.16580037453156,3056.049705423199,45.84074558134799,34.70773007850146,34.70773007850146,174.3254069179857,619.7474130308682,5753.918126602244,0.0,0.0,0.0,0.0,0.0,11006.719375325865,2408.2868085227105,0.0,6314.0752226687355,23.971945857542707,0.0,0.0,0.0,-1.8189894035458565e-12,0.0
2025-07-04 07:00:00+00:00,5,66.0,2750.898024777563,781.6058538989856,1751.5866814513913,217.70548942718537,781.6058538989856,703.3822249407514,78.22362895823424,5144.250220661582,0.0,781.6058538989856,0.0,1751.5866814513913,0.0,217.70548942718537,0.0,0.0,0.0,0.0,0.0,999.311343326171,333.1037811087237,3084.001805886286,46.26002708829429,35.031733629027826,35.031733629027826,175.95621216576367,625.3834876208373,3376.2815123984,0.0,0.0,0.0,0.0,0.0,10984.705936575216,0.0,0.0,6314.0752226687355,23.971779883885354,0.0,0.0,0.0,-2.2737367544323206e-13,0.0
2025-07-04 08:00:00+00:00,5,66.0,2781.6229960812484,790.0156204285465,1770.9470285973505,220.66034705535097,790.0156204285465,710.6471247059595,79.36849572258703,5144.250220661582,0.0,790.0156204285465,0.0,1770.9470285973505,0.0,220.66034705535097,0.0,0.0,0.0,0.0,0.0,1010.6759674838975,336.89198916129914,3118.514985242547,46.7777247786382,35.41894057194701,35.41894057194701,177.86264765083223,632.3702427346636,3413.993238815912,0.0,0.0,0.0,0.0,0.0,10962.736524702066,0.0,0.0,6314.0752226687355,23.97180321115059,0.0,0.0,0.0,-2.2737367544323206e-13,0.0
2025-07-04 09:00:00+00:00,5,66.0,2776.4756009080784,787.895125391127,1766.5883878551326,221.99208766181866,787.895125391127,709.4401648487818,78.4549605423451,5144.250220661582,0.0,787.895125391127,0.0,1766.5883878551326,0.0,221.99208766181866,0.0,0.0,0.0,0.0,0.0,1009.8872130529456,336.6290710176485,3113.1046719257265,46.6965700788859,35.331767757102654,35.331767757102654,177.44333865444443,631.4325152651842,3407.9081161732624,0.0,0.0,0.0,0.0,0.0,10940.811051652663,0.0,0.0,6314.0752226687355,23.972229240642548,0.0,0.0,0.0,-1.1368683772161603e-13,0.0
2025-07-04 10:00:00+00:00,5,66.0,2749.9392623389845,781.1709524113892,1748.603024934624,220.16528499297124,781.1709524113892,701.8516872218875,79.31926518950178,5144.250220661582,0.0,781.1709524113892,0.0,1748.603024934624,0.0,220.16528499297124,0.0,0.0,0.0,0.0,0.0,1001.3362374043604,333.77874580145345,3083.7180081404376,46.25577012210656,34.97206049869248,34.97206049869248,175.91807305863406,625.8967099795791,3375.835972318564,0.0,0.0,0.0,0.0,0.0,10918.92942954936,0.0,0.0,6314.0752226687355,23.970648084420514,0.0,0.0,0.0,4.547473508864641e-13,0.0
2025-07-04 11:00:00+00:00,5,66.0,2729.8440828788735,775.867368888922,1737.6528408742163,216.32387311573524,775.867368888922,697.1910502660785,78.67631862284348,5144.250220661582,0.0,775.867368888922,0.0,1737.6528408742163,216.32387311573524,0.0,0.0,0.0,216.32387311573524,288.4318308209803,72.10795770524507,775.867368888922,258.62245629630735,2772.1426660594457,41.58213999089168,36.91629554864168,34.75305681748433,174.6602488746258,618.6421552331959,1262.5346975159443,1.7053025658242404e-12,0.0,1.7053025658242404e-12,288.4318308209786,0.0,11171.101809970192,0.0,2085.9515405961242,4115.28923699509,23.971829492409537,0.0,0.0,0.0,-1.0231815394945443e-12,0.0
2025-07-04 12:00:00+00:00,5,66.0,2640.408421575164,750.2677155534489,1681.4542073769417,208.68649864477268,750.2677155534489,675.2406623732303,75.0270531802186,5144.250220661582,0.0,750.2677155534489,0.0,1681.4542073769417,206.70924250343887,1.977256141333811,0.0,0.0,206.70924250343887,275.6123233379185,68.90308083447962,752.2449716947826,250.74832389826088,2684.447502969985,40.266712544549776,35.69617657257322,33.62908414753883,168.89239883611663,598.135776833519,0.0,0.0,0.0,0.0,275.6123233379185,0.0,11410.591313521276,0.0,3238.544198408683,701.5639136298596,23.973207348922564,0.0,0.0,0.0,-2.2737367544323206e-13,0.0
2025-07-04 13:00:00+00:00,5,66.0,2663.4376508569358,756.9753180864797,1698.98977386999,207.4725589004677,756.9753180864797,681.4880177623103,75.48730032416935,5144.250220661582,0.0,756.9753180864797,0.0,1698.98977386999,0.0,207.4725589004677,0.0,0.0,0.0,0.0,0.0,964.4478769869473,321.4826256623158,2984.920276519253,44.773804147788795,33.9797954773998,33.9797954773998,170.32221022194247,604.5382309868467,5676.262690366493,0.0,0.0,0.0,0.0,0.0,11387.770130894236,2408.2868085227105,0.0,2986.2653857907308,23.9750331300906,0.0,0.0,0.0,4.547473508864641e-13,0.0
2025-07-04 14:00:00+00:00,5,66.0,2712.354349978731,770.7830031941495,1732.130308444467,209.44103834011474,770.7830031941496,693.8526332830872,76.93036991106236,5144.250220661582,0.0,770.7830031941495,0.0,1732.130308444467,0.0,209.44103834011474,0.0,0.0,0.0,0.0,0.0,980.2240415342642,326.74134717808806,3039.0956971568194,45.58643545735229,34.64260616888934,34.64260616888934,173.37923205936372,614.9922270325828,6835.1661451606105,0.0,0.0,0.0,0.0,0.0,11364.994590632448,3507.8195681492975,0.0,6314.0752226687355,23.97713227375174,0.0,0.0,0.0,-9.094947017729282e-13,0.0
2025-07-04 15:00:00+00:00,5,66.0,2751.8690673449673,782.2804247872936,1758.2281538741208,211.36048868355124,782.2804247872936,704.8740917112392,77.40633307605434,5144.250220661582,0.0,782.2804247872936,0.0,1758.2281538741208,0.0,211.36048868355124,0.0,0.0,0.0,0.0,0.0,993.6409134708448,331.21363782361493,3083.0827051685806,46.24624057752871,35.16456307748242,35.16456307748242,175.93871661165468,623.7277211677631,3375.59678851273,0.0,0.0,0.0,0.0,0.0,11342.264601451185,0.0,0.0,6314.0752226687355,23.976671788815498,0.0,0.0,0.0,-2.2737367544323206e-13,0.0
2025-07-04 16:00:00+00:00,5,66.0,2760.8345873863886,784.0360931627165,1763.562125443668,213.23636878000332,784.0360931627165,706.9977124508297,77.03838071188684,5144.250220661582,0.0,784.0360931627165,0.0,1763.562125443668,0.0,213.23636878000332,0.0,0.0,0.0,0.0,0.0,997.2724619427198,332.4241539809066,3093.2587413672945,46.398881120509415,35.271242508873364,35.271242508873364,176.37514963778415,625.7406697569469,0.0,0.0,0.0,0.0,0.0,0.0,11319.580072248284,0.0,3386.575257143336,2744.31146262095,23.977576589152214,0.0,0.0,0.0,3.410605131648481e-13,0.0
2025-07-04 17:00:00+00:00,5,66.0,2761.2847957782765,784.4051097395617,1764.1561642876457,212.7235217510692,784.4051097395617,707.7112069479718,76.69390279158986,5144.250220661582,0.0,784.4051097395617,0.0,1764.1561642876457,0.0,212.7235217510692,0.0,0.0,0.0,0.0,0.0,997.1286314906308,332.3762104968769,3093.6610062751533,46.4049150941273,35.283123285752914,35.283123285752914,176.4456674218981,625.7930395844082,3387.0778353626847,0.0,0.0,0.0,0.0,0.0,11296.94091210379,0.0,0.0,2744.31146262095,23.976595607110696,0.0,0.0,0.0,0.0,0.0
2025-07-04 18:00:00+00:00,5,66.0,3000.193083244442,849.5788048737857,1913.2108170585336,237.40346131212078,849.5788048737855,767.7393726387195,81.8394322350661,5144.250220661582,0.0,849.5788048737857,0.0,1913.2108170585336,0.0,237.40346131212078,0.0,0.0,0.0,0.0,0.0,1086.9822661859064,362.3274220619688,3362.5205053064087,50.43780757959613,38.26421634117067,38.26421634117067,191.30467985814698,680.5983421820532,3680.7914254264947,0.0,0.0,0.0,0.0,0.0,11274.347030279583,0.0,0.0,2744.31146262095,23.97673248821321,0.0,0.0,0.0,-3.410605131648481e-13,0.0
2025-07-04 19:00:00+00:00,5,66.0,2979.2868905398427,843.4590398137537,1899.8736566342081,235.9541940918822,843.4590398137536,762.1271551890908,81.3318846246629,5144.250220661582,0.0,843.4590398137537,0.0,1899.8736566342081,0.0,235.9541940918822,0.0,0.0,0.0,0.0,0.0,1079.413233905636,359.80441130187864,3339.0913018417227,50.08636952762584,37.99747313268416,37.99747313268416,189.9328713623262,675.818598457199,3655.105488997042,0.0,0.0,0.0,0.0,0.0,11251.798336219024,0.0,0.0,2744.31146262095,23.977218166714287,0.0,0.0,0.0,2.2737367544323206e-13,0.0
2025-07-04 20:00:00+00:00,5,66.0,2756.4462746615827,786.4959554035421,1766.7043805347594,203.24593872328398,786.495955403542,704.7497666967528,81.74618870678925,5144.250220661582,0.0,786.4959554035421,0.0,1766.7043805347594,0.0,203.24593872328398,0.0,0.0,0.0,0.0,0.0,989.7418941268261,329.91396470894205,3086.360239370528,46.29540359055792,35.334087610695185,35.334087610695185,176.60788901067812,623.4854325315684,1442.01122533168,0.0,0.0,0.0,0.0,0.0,11229.294739546587,0.0,1937.920481861471,701.5639136298596,23.97696792274072,0.0,0.0,0.0,-2.2737367544323206e-13,0.0
2025-07-04 21:00:00+00:00,5,66.0,2678.48131628407,766.968624821574,1721.5455122028504,189.9671792596481,766.968624821574,686.0009695720248,80.96765524954925,5144.250220661582,0.0,766.968624821574,0.0,1721.5455122028504,0.0,189.9671792596481,0.0,0.0,0.0,0.0,0.0,956.9358040812222,318.97860136040737,2997.45991764448,44.9618987646672,34.43091024405701,34.43091024405701,171.9909929386452,604.7933135518338,3283.2746298359025,0.0,0.0,0.0,0.0,0.0,11206.836150067496,0.0,0.0,701.5639136298596,23.976620330229032,0.0,0.0,0.0,-1.3642420526593924e-12,0.0
2025-07-04 22:00:00+00:00,5,66.0,2653.3286196868225,760.4473133960897,1706.1126595709998,186.76864671973266,760.4473133960897,679.7288116910689,80.71850170502077,5144.250220661582,0.0,760.4473133960897,0.0,1706.1126595709998,0.0,186.76864671973266,0.0,0.0,0.0,0.0,0.0,947.2159601158223,315.73865337194076,2969.067273058763,44.53600909588145,34.12225319141999,34.12225319141999,170.481468412609,599.0006372632712,3252.329256950094,0.0,0.0,0.0,0.0,0.0,11184.422477767363,0.0,0.0,701.5639136298596,23.97603012201154,0.0,0.0,0.0,3.410605131648481e-13,0.0
2025-07-04 23:00:00+00:00,5,66.0,2639.941990440102,757.7739704717129,1699.5914144831654,182.5766054852228,757.7739704717129,677.2531101819601,80.52086028975286,5144.250220661582,0.0,757.7739704717129,0.0,1699.5914144831654,0.0,182.5766054852228,0.0,0.0,0.0,0.0,0.0,940.3505759569357,313.45019198564523,2953.3921824257463,44.30088273638619,33.99182828966331,33.99182828966331,169.78725514588544,595.5219864472435,6743.283545036642,0.0,0.0,0.0,0.0,0.0,11162.05363281183,3507.8195681492975,0.0,4029.3737505078643,23.975462245269654,0.0,0.0,0.0,-1.3642420526593924e-12,0.0
2025-09-25 00:00:00+00:00,6,31.0,2901.6103379852475,843.5480740678746,1873.6370341644397,184.4252297529354,843.5480740678746,744.3407070977887,99.20736697008594,5144.250220661582,0.0,843.5480740678746,0.0,1873.6370341644397,0.0,184.4252297529354,0.0,0.0,0.0,0.0,0.0,1027.97330382081,342.65776794027005,3244.26810592552,48.6640215888828,37.4727406832888,37.4727406832888,188.43185627012443,654.6991271658549,7064.1290333004,0.0,0.0,0.0,0.0,0.0,11342.264601451185,3507.8195681492975,0.0,4029.3737505078643,23.95938308894638,0.0,0.0,0.0,0.0,0.0
2025-09-25 01:00:00+00:00,6,31.0,2813.053221362433,817.8396358648059,1817.1693973999659,178.0441880976621,817.8396358648059,721.2945974675813,96.54503839722467,5144.250220661582,0.0,817.8396358648059,0.0,1817.1693973999659,0.0,178.0441880976621,0.0,0.0,0.0,0.0,0.0,995.883823962468,331.961274654156,3145.01449601659,47.175217440248844,36.34338794799932,36.34338794799932,182.66629367135306,634.4895616617565,3447.54278302419,0.0,0.0,0.0,0.0,0.0,11319.580072248284,0.0,0.0,4029.3737505078643,23.961284439467764,0.0,0.0,0.0,7.958078640513122e-13,0.0
2025-09-25 02:00:00+00:00,6,31.0,2778.8391508903856,808.9569666097369,1795.7409263152078,174.14125796543868,808.9569666097369,713.0024724886252,95.95449412111167,5144.250220661582,0.0,808.9569666097369,0.0,1795.7409263152078,0.0,174.14125796543868,0.0,0.0,0.0,0.0,0.0,983.0982245751757,327.69940819172524,3106.538559082109,46.59807838623163,35.91481852630416,35.91481852630416,180.6265962368479,626.7537198674131,5813.879679280509,0.0,0.0,0.0,0.0,0.0,11296.94091210379,2408.2868085227105,0.0,6314.0752226687355,23.960436444461646,0.0,0.0,0.0,-4.547473508864641e-13,0.0
2025-09-25 03:00:00+00:00,6,31.0,2801.830507389542,816.3964105172495,1811.3831852947867,174.05091157750542,816.3964105172495,719.5709941342933,96.82541638295623,5144.250220661582,0.0,816.3964105172495,0.0,1811.3831852947867,0.0,174.05091157750542,0.0,0.0,0.0,0.0,0.0,990.4473220947549,330.1491073649183,3131.97961475446,46.9796942213169,36.227663705895736,36.227663705895736,182.2428345217313,631.826963519758,3433.6574709092993,0.0,0.0,0.0,0.0,0.0,11274.347030279583,0.0,0.0,6314.0752226687355,23.959233220169203,0.0,0.0,0.0,-9.094947017729282e-13,0.0
2025-09-25 04:00:00+00:00,6,31.0,2797.6655864432987,814.5826394688814,1811.494101014072,171.588845960345,814.5826394688814,719.9703629808466,94.6122764880348,5144.250220661582,0.0,814.5826394688814,0.0,1811.494101014072,0.0,171.588845960345,0.0,0.0,0.0,0.0,0.0,986.1714854292264,328.7238284764088,3126.389414919707,46.89584122379561,36.22988202028144,36.22988202028144,181.79619712024123,629.8756308610085,3427.5412173043073,0.0,0.0,0.0,0.0,0.0,11251.798336219024,0.0,0.0,6314.0752226687355,23.962657219701327,0.0,0.0,0.0,1.1368683772161603e-13,0.0
2025-09-25 05:00:00+00:00,6,31.0,2851.1160942723395,830.4869067614299,1846.9939832247194,173.63520428619051,830.4869067614299,734.6447069441479,95.842199817282,5144.250220661582,0.0,830.4869067614299,0.0,1846.9939832247194,0.0,173.63520428619051,0.0,0.0,0.0,0.0,0.0,1004.1221110476204,334.70737034920677,3185.8234646215465,47.7873519693232,36.93987966449439,36.93987966449439,185.31676067510105,641.6912423226198,3492.807336594958,0.0,0.0,0.0,0.0,0.0,11229.294739546587,0.0,0.0,6314.0752226687355,23.96196070238359,0.0,0.0,0.0,-1.2505552149377763e-12,0.0
2025-09-25 06:00:00+00:00,6,31.0,2897.596325228168,842.9245640332833,1877.144948418713,177.52681277617063,842.9245640332834,746.3899008291313,96.5346632041521,5144.250220661582,0.0,842.9245640332833,0.0,1877.144948418713,0.0,177.52681277617063,0.0,0.0,0.0,0.0,0.0,1020.4513768094539,340.15045893648465,3237.7467841646517,48.566201762469774,37.54289896837426,37.54289896837426,188.1310390194008,651.9334976551038,3549.5298228832717,0.0,0.0,0.0,0.0,0.0,11206.836150067496,0.0,0.0,6314.0752226687355,23.963196196187713,0.0,0.0,0.0,-2.2737367544323206e-13,0.0
2025-09-25 07:00:00+00:00,6,31.0,2939.804260036653,854.8387086840762,1905.3259425364458,179.6396088161302,854.8387086840763,758.196894243771,96.6418144403053,5144.250220661582,0.0,854.8387086840762,0.0,1905.3259425364458,0.0,179.6396088161302,0.0,0.0,0.0,0.0,0.0,1034.4783175002065,344.82610583340215,3284.6303658700544,49.269455488050816,38.10651885072892,38.10651885072892,190.78994419202292,661.0985432149337,3600.9028032515876,0.0,0.0,0.0,0.0,0.0,11184.422477767363,0.0,0.0,6314.0752226687355,23.963816128594917,0.0,0.0,0.0,9.094947017729282e-13,0.0
2025-09-25 08:00:00+00:00,6,31.0,2945.080060947703,854.8817416984805,1907.3578812183944,182.84043803083017,854.8817416984805,759.5065024777923,95.37523922068813,5144.250220661582,0.0,854.8817416984805,0.0,1907.3578812183944,0.0,182.84043803083017,0.0,0.0,0.0,0.0,0.0,1037.7221797293107,345.90739324310357,3290.9874541908084,49.36481181286212,38.147157624367885,38.147157624367885,190.8919198702018,662.4584401749032,3607.5385011226062,0.0,0.0,0.0,0.0,0.0,11162.05363281183,0.0,0.0,6314.0752226687355,23.96458692617925,0.0,0.0,0.0,2.2737367544323206e-13,0.0
2025-09-25 09:00:00+00:00,6,31.0,2930.317398884138,851.4395204995666,1896.6412879567845,182.23659042778763,851.4395204995665,756.0359968387786,95.40352366078791,5144.250220661582,0.0,851.4395204995666,0.0,1896.6412879567845,0.0,182.23659042778763,0.0,0.0,0.0,0.0,0.0,1033.6761109273543,344.55870364245146,3274.8761025265903,49.12314153789885,37.93282575913569,37.93282575913569,190.1258514530941,659.6733481517158,3589.9907470358526,0.0,0.0,0.0,0.0,0.0,11139.729525546207,0.0,0.0,6314.0752226687355,23.961918822773285,0.0,0.0,0.0,-1.3642420526593924e-12,0.0
2025-09-25 10:00:00+00:00,6,31.0,2948.936314313021,855.5268500872008,1907.7334563192976,185.67600790652332,855.5268500872008,759.6826107006463,95.84423938655463,5144.250220661582,0.0,855.5268500872008,0.0,1907.7334563192976,185.6760079065233,2.842170943040401e-14,0.0,0.0,185.6760079065233,247.56801054203106,61.892002635507765,855.5268500872008,285.1756166957336,3048.4359231022318,45.72653884653347,40.011429205451186,38.154669126385954,191.10773207506733,662.0679885846793,3611.0043028977007,4.547473508864641e-13,0.0,4.547473508864641e-13,247.5680105420306,0.0,11352.639676510045,0.0,0.0,6314.0752226687355,23.963735938752997,0.0,0.0,0.0,5.684341886080801e-13,0.0
2025-09-25 11:00:00+00:00,6,31.0,2984.0348840763613,866.7353740695512,1930.5530021399366,186.74650786687263,866.7353740695513,769.0885576713483,97.64681639820296,5144.250220661582,0.0,866.7353740695512,0.0,1930.5530021399366,63.67651291914444,123.06999494772819,0.0,0.0,63.67651291914444,84.90201722552592,21.22550430638148,989.8053690172794,329.9351230057598,3250.2934941629755,48.754402412444634,39.24782517199018,38.611060042798734,193.57153797137605,671.3454529107509,147.56076883781407,0.0,0.0,0.0,84.90201722552592,0.0,11410.591313521276,0.0,3507.8195681492975,2616.50873724873,23.961318624197702,0.0,0.0,0.0,-5.684341886080801e-13,0.0
2025-09-25 12:00:00+00:00,6,31.0,2952.3289487971765,857.5315825529236,1907.8190697942177,186.97829645003338,857.5315825529236,758.6791240665475,98.8524584863761,5144.250220661582,0.0,857.5315825529236,0.0,1907.8190697942177,18.01672312661094,168.96157332342244,0.0,0.0,18.01672312661094,24.02229750214792,6.00557437553698,1026.493155876346,342.16438529211536,3276.476610962679,49.14714916444018,38.336548627150464,38.15638139588435,191.55658493553318,665.3666237906605,1801.0194017323272,0.0,0.0,0.0,24.02229750214792,0.0,11410.591313521276,0.0,1816.6761708555093,701.5639136298596,23.960341758548388,0.0,0.0,0.0,-4.547473508864641e-13,0.0
2025-09-25 13:00:00+00:00,6,31.0,2912.9973999582544,847.1319181912038,1883.6692581886555,182.1962235783969,847.1319181912038,748.9837428204091,98.14817537079468,5144.250220661582,0.0,847.1319181912038,0.0,1883.6692581886555,0.0,182.1962235783969,0.0,0.0,0.0,0.0,0.0,1029.3281417696007,343.10938058986693,3256.1067805481234,48.84160170822185,37.67338516377311,37.67338516377311,189.16360575721626,656.4613583828512,5977.745566863816,0.0,0.0,0.0,0.0,0.0,11387.770130894236,2408.2868085227105,0.0,2986.2653857907308,23.95998494275418,0.0,0.0,0.0,-4.547473508864641e-13,0.0
2025-09-25 14:00:00+00:00,6,31.0,2897.536658208427,843.7087801897055,1873.0851396886226,180.7427383300994,843.7087801897054,746.1749719156156,97.53380827408982,5144.250220661582,0.0,843.7087801897055,0.0,1873.0851396886226,0.0,180.7427383300994,0.0,0.0,0.0,0.0,0.0,1024.451518519805,341.48383950660167,3239.0204977150293,48.585307465725435,37.46170279377245,37.46170279377245,188.3843295845571,653.3768821444291,7058.733108502153,0.0,0.0,0.0,0.0,0.0,11364.994590632448,3507.8195681492975,0.0,6314.0752226687355,23.95702025722868,0.0,0.0,0.0,-4.547473508864641e-13,0.0
2025-09-25 15:00:00+00:00,6,31.0,2901.2151153021136,844.4899022053864,1877.7271164258773,178.99809667085034,844.4899022053864,747.2977644962364,97.19213770915005,5144.250220661582,0.0,844.4899022053864,0.0,1877.7271164258773,0.0,178.99809667085034,0.0,0.0,0.0,0.0,0.0,1023.4879988762368,341.16266629207894,3242.377781594193,48.63566672391289,37.55454232851755,37.55454232851755,188.5100878474872,653.417505520514,3554.632620822628,0.0,0.0,0.0,0.0,0.0,11342.264601451185,0.0,0.0,6314.0752226687355,23.959794898571005,0.0,0.0,0.0,1.1368683772161603e-13,0.0
2025-09-25 16:00:00+00:00,6,31.0,2901.737994427714,844.6319526108318,1877.4736820597104,179.632359757172,844.631952610832,747.2384483829018,97.39350422793014,5144.250220661582,0.0,844.6319526108318,0.0,1877.4736820597104,0.0,179.632359757172,0.0,0.0,0.0,0.0,0.0,1024.2643123680039,341.4214374560013,3243.1594318837156,48.647391478255734,37.54947364119421,37.54947364119421,188.55589969231045,653.7236759089558,3555.46167033667,0.0,0.0,0.0,0.0,0.0,11319.580072248284,0.0,0.0,6314.0752226687355,23.959295683781686,0.0,0.0,0.0,2.2737367544323206e-13,0.0
2025-09-25 17:00:00+00:00,6,31.0,2922.2616041557385,850.1165066724246,1888.915017237705,183.23008024560986,850.1165066724246,751.9575629133935,98.15894375903113,5144.250220661582,0.0,850.1165066724246,0.0,1888.915017237705,89.72400111906836,93.5060791265415,0.0,0.0,89.72400111906836,119.63200149209115,29.908000373022787,943.6225857989662,314.5408619329887,3147.0784649696598,47.206176974544896,38.67554035594478,37.7783003447541,189.84396003880545,657.9528400200608,3580.214444175799,-1.8189894035458565e-12,0.0,0.0,119.63200149209297,0.0,11410.591313521276,0.0,0.0,6314.0752226687355,23.958608819494867,0.0,0.0,0.0,-1.1368683772161603e-13,0.0
2025-09-25 18:00:00+00:00,6,31.0,2984.318557264252,867.1495315104366,1927.5731581776038,189.59586757621236,867.1495315104366,767.3246193142431,99.82491219619354,5144.250220661582,0.0,867.1495315104366,0.0,1927.5731581776038,18.01672312661094,171.57914444960142,0.0,0.0,18.01672312661094,24.02229750214792,6.00557437553698,1038.7286759600381,346.24289198667935,3312.544726124321,49.688170891864814,38.73163039481819,38.55146316355208,193.72304680474284,672.9427776171942,149.44176673214815,0.0,0.0,0.0,24.02229750214792,0.0,11410.591313521276,0.0,3507.8195681492975,2616.50873724873,23.958526928444815,0.0,0.0,0.0,-4.547473508864641e-13,0.0
2025-09-25 19:00:00+00:00,6,31.0,3005.1735252236713,872.2319022553403,1940.1292499533722,192.81237301495798,872.2319022553403,772.1108971224916,100.12100513284877,5144.250220661582,0.0,872.2319022553403,0.0,1940.1292499533722,18.01672312661094,174.79564988834704,0.0,0.0,18.01672312661094,24.02229750214792,6.00557437553698,1047.0275521436874,349.0091840478958,3336.1659861449552,50.04248979217433,38.98275223033355,38.80258499906744,194.91644320048582,677.7590286454939,3682.932553869165,0.0,0.0,0.0,24.02229750214792,0.0,11410.591313521276,0.0,0.0,2616.50873724873,23.959612935213734,0.0,0.0,0.0,-1.1368683772161603e-13,0.0
2025-09-25 20:00:00+00:00,6,31.0,3020.229052487607,877.2767823799585,1949.5004594721884,193.4518106354599,877.2767823799585,775.9473871116105,101.32939526834798,5144.250220661582,0.0,877.2767823799585,0.0,1949.5004594721884,18.01672312661094,175.43508750884897,0.0,0.0,18.01672312661094,24.02229750214792,6.00557437553698,1052.7118698888075,350.90395662960253,3353.1162859905985,50.29674428985898,39.17017642070988,38.99000918944377,196.02799300427947,681.3944539094316,1884.947335541529,0.0,0.0,0.0,24.02229750214792,0.0,11410.591313521276,0.0,1816.6761708555093,701.5639136298596,23.957784625678393,0.0,0.0,0.0,-6.821210263296962e-13,0.0
2025-09-25 21:00:00+00:00,6,31.0,2950.7057417030483,857.112328043489,1903.7928102422284,189.8006034173312,857.112328043489,757.487695969744,99.62463207374503,5144.250220661582,0.0,857.112328043489,0.0,1903.7928102422284,18.01672312661094,171.78388029072025,0.0,0.0,18.01672312661094,24.02229750214792,6.00557437553698,1028.8962083342092,342.96540277806974,3275.6544213545076,49.13481632031761,38.25602343611068,38.07585620484457,191.5386031422131,665.9762762570926,3616.6820179601414,0.0,0.0,0.0,24.02229750214792,0.0,11410.591313521276,0.0,0.0,701.5639136298596,23.958070130715296,0.0,0.0,0.0,4.547473508864641e-13,0.0
2025-09-25 22:00:00+00:00,6,31.0,3008.2873212151394,873.4353247400729,1941.5506442842493,193.30135219081444,873.4353247400729,772.6013457079123,100.83397903216064,5144.250220661582,0.0,873.4353247400729,0.0,1941.5506442842493,0.0,193.30135219081444,0.0,0.0,0.0,0.0,0.0,1066.7366769308874,355.57889231029577,3363.8662135254326,50.45799320288149,38.831012885684984,38.831012885684984,195.18879531810703,678.8877066026542,3687.1750278177938,0.0,0.0,0.0,0.0,0.0,11387.770130894236,0.0,0.0,701.5639136298596,23.958590785118485,0.0,0.0,0.0,1.1368683772161603e-13,0.0
2025-09-25 23:00:00+00:00,6,31.0,3018.9215469377955,876.64345948165,1948.9191495693522,193.35893788679294,876.64345948165,775.9893370502562,100.6541224313938,5144.250220661582,0.0,876.64345948165,0.0,1948.9191495693522,0.0,193.35893788679294,0.0,0.0,0.0,0.0,0.0,1070.0023973684429,356.66746578948096,3375.589012727276,50.63383519090914,38.97838299138704,38.97838299138704,195.89143578272626,681.1495027458905,3700.071049683685,0.0,0.0,0.0,0.0,0.0,11364.994590632448,0.0,0.0,701.5639136298596,23.958391636921707,0.0,0.0,0.0,-9.094947017729282e-13,0.0
2025-10-25 00:00:00+00:00,7,36.0,2528.7797424181535,737.9813949833978,1632.528555213747,158.26979222100678,737.9813949833979,647.6301427715454,90.35125221185245,5144.250220661582,0.0,737.9813949833978,0.0,1632.528555213747,0.0,158.26979222100678,0.0,0.0,0.0,0.0,0.0,896.2511872044046,298.75039573480154,2827.5301381529534,42.4129520722943,32.65057110427494,32.65057110427494,164.74051177173843,571.2050017873842,3099.984744205538,0.0,0.0,0.0,0.0,0.0,11342.264601451185,0.0,0.0,701.5639136298596,23.960057352515612,0.0,0.0,0.0,2.2737367544323206e-13,0.0
2025-10-25 01:00:00+00:00,7,36.0,2517.520352218336,735.5725028246659,1625.6604563092421,156.28739308442945,735.5725028246658,645.0067266536012,90.56577617106461,5144.250220661582,0.0,735.5725028246659,0.0,1625.6604563092421,0.0,156.28739308442945,0.0,0.0,0.0,0.0,0.0,891.8598959090954,297.2866319696985,2814.806984188036,42.22210476282054,32.51320912618484,32.51320912618484,164.16055369829598,568.6957086831846,6594.035629050819,0.0,0.0,0.0,0.0,0.0,11319.580072248284,3507.8195681492975,0.0,4029.3737505078643,23.95884183689734,0.0,0.0,0.0,4.547473508864641e-13,0.0
2025-10-25 02:00:00+00:00,7,36.0,2536.9740567440685,741.2897120069673,1638.9994231808319,156.68492155626973,741.2897120069673,649.5862437980833,91.70346820888403,5144.250220661582,0.0,741.2897120069673,0.0,1638.9994231808319,0.0,156.68492155626973,0.0,0.0,0.0,0.0,0.0,897.974633563237,299.32487785441236,2836.2989345984815,42.54448401897722,32.77998846361664,32.77998846361664,165.41070736727647,572.8400461678993,3109.8141029119674,0.0,0.0,0.0,0.0,0.0,11296.94091210379,0.0,0.0,4029.3737505078643,23.959167717996003,0.0,0.0,0.0,-4.547473508864641e-13,0.0
2025-10-25 03:00:00+00:00,7,36.0,2490.5298133950173,726.7903913259269,1608.8156460565303,154.9237760125586,726.790391325927,637.37485836199,89.41553296393688,5144.250220661582,0.0,726.7903913259269,0.0,1608.8156460565303,0.0,154.9237760125586,0.0,0.0,0.0,0.0,0.0,881.7141673384855,293.9047224461618,2784.4345358411774,41.76651803761766,32.17631292113061,32.17631292113061,162.21205039462774,562.2359167206685,3052.7657301156855,0.0,0.0,0.0,0.0,0.0,11274.347030279583,0.0,0.0,4029.3737505078643,23.96207416263186,0.0,0.0,0.0,-2.2737367544323206e-13,0.0
2025-10-25 04:00:00+00:00,7,36.0,2491.2758855604698,727.2700967185126,1609.1253970477214,154.88039179423717,727.2700967185126,637.5029479109137,89.76714880759889,5144.250220661582,0.0,727.2700967185126,0.0,1609.1253970477214,0.0,154.88039179423717,0.0,0.0,0.0,0.0,0.0,882.1504885127498,294.0501628375833,2785.326048398055,41.77989072597082,32.18250794095443,32.18250794095443,162.313385687853,562.508455133316,3053.784340693786,0.0,0.0,0.0,0.0,0.0,11251.798336219024,0.0,0.0,4029.3737505078643,23.96150519094613,0.0,0.0,0.0,1.1368683772161603e-13,0.0
2025-10-25 05:00:00+00:00,7,36.0,2514.2272191741786,734.0747154163379,1623.8666963208261,156.28580743701445,734.0747154163379,643.2555369806332,90.81917843570467,5144.250220661582,0.0,734.0747154163379,0.0,1623.8666963208261,0.0,156.28580743701445,0.0,0.0,0.0,0.0,0.0,890.3605228533523,296.7868409511174,2811.014060125296,42.16521090187944,32.47733392641652,32.47733392641652,163.82936102821938,567.7360807340493,3081.963299908228,0.0,0.0,0.0,0.0,0.0,11229.294739546587,0.0,0.0,4029.3737505078643,23.96082497785946,0.0,0.0,0.0,-1.1368683772161603e-13,0.0
2025-10-25 06:00:00+00:00,7,36.0,2544.3729493899773,742.0932305658108,1641.8726571559246,160.40706166824276,742.0932305658108,650.5810713753534,91.51215919045738,5144.250220661582,0.0,742.0932305658108,0.0,1641.8726571559246,0.0,160.40706166824276,0.0,0.0,0.0,0.0,0.0,902.5002922340536,300.83343074468456,2845.206380134663,42.678095702019945,32.837453143118495,32.837453143118495,165.68626232674285,574.8726950596844,5527.532452972373,0.0,0.0,0.0,0.0,0.0,11206.836150067496,2408.2868085227105,0.0,6314.0752226687355,23.96014141768352,0.0,0.0,0.0,9.094947017729282e-13,0.0
2025-10-25 07:00:00+00:00,7,36.0,2526.457168777455,736.7219051884686,1630.3366629172212,159.3986006717659,736.7219051884686,645.7495436985052,90.9723614899633,5144.250220661582,0.0,736.7219051884686,0.0,1630.3366629172212,0.0,159.3986006717659,0.0,0.0,0.0,0.0,0.0,896.1205058602345,298.7068352867448,2825.1640040642005,42.377460060963,32.60673325834443,32.60673325834443,164.48977675253434,570.787538616931,3097.244707394386,0.0,0.0,0.0,0.0,0.0,11184.422477767363,0.0,0.0,6314.0752226687355,23.960986525177532,0.0,0.0,0.0,-2.2737367544323206e-13,0.0
2025-10-25 08:00:00+00:00,7,36.0,2488.024131698533,725.4837399795101,1605.9081130520208,156.63227866700265,725.4837399795101,635.7403225578126,89.74341742169742,5144.250220661582,0.0,725.4837399795101,0.0,1605.9081130520208,0.0,156.63227866700265,0.0,0.0,0.0,0.0,0.0,882.1160186465128,294.03867288217094,2782.0628045807043,41.73094206871056,32.11816226104042,32.11816226104042,161.96973154120886,561.9756710141712,3049.999802712703,0.0,0.0,0.0,0.0,0.0,11162.05363281183,0.0,0.0,6314.0752226687355,23.962089779121733,0.0,0.0,0.0,-1.1368683772161603e-12,0.0
2025-10-25 09:00:00+00:00,7,36.0,2511.5316420559743,732.3069343859814,1621.2925671338332,157.93214053615858,732.3069343859814,641.8772836259623,90.42965076001919,5144.250220661582,0.0,732.3069343859814,0.0,1621.2925671338332,0.0,157.93214053615858,0.0,0.0,0.0,0.0,0.0,890.23907492214,296.74635830738004,2808.2780003633534,42.1241700054503,32.425851342676665,32.425851342676665,163.4894272365801,567.2116582347637,3078.743300290738,0.0,0.0,0.0,0.0,0.0,11139.729525546207,0.0,0.0,6314.0752226687355,23.961831722912738,0.0,0.0,0.0,-2.2737367544323206e-13,0.0
2025-10-25 10:00:00+00:00,7,36.0,2528.253386990863,737.6171169810613,1632.8558185257116,157.78045148408899,737.6171169810614,646.5109851106254,91.10613187043597,5144.250220661582,0.0,737.6171169810613,0.0,1632.8558185257116,157.78045148408899,0.0,0.0,0.0,157.78045148408899,210.37393531211865,52.59348382802966,737.6171169810613,245.87237232702043,2616.3453078337934,39.2451796175069,34.23492088535512,32.65711637051423,164.64059993248276,569.2436729609092,3097.497059951772,4.547473508864641e-13,0.0,4.547473508864641e-13,210.3739353121182,0.0,11317.30530504163,0.0,0.0,6314.0752226687355,23.961312666687572,0.0,0.0,0.0,-2.2737367544323206e-13,0.0
2025-10-25 11:00:00+00:00,7,36.0,2512.5000461809145,732.330233865654,1623.3497469069039,156.82006540835744,732.330233865654,642.225725236577,90.10450862907705,5144.250220661582,0.0,732.330233865654,0.0,1623.3497469069039,91.51627822873343,65.30378717962401,0.0,0.0,91.51627822873343,122.0217043049779,30.505426076244476,797.634021045278,265.8780070150927,2686.861774967275,40.30292662450912,33.38215772042541,32.46699493813808,163.46603157340448,566.0015439478143,0.0,0.0,0.0,0.0,122.0217043049779,0.0,11410.591313521276,0.0,3078.501590128729,3069.049620916431,23.96329250892864,0.0,0.0,0.0,0.0,0.0
2025-10-25 12:00:00+00:00,7,36.0,2404.621778597998,701.8886537634984,1553.5156568113694,149.21746802312964,701.8886537634984,614.8535396118158,87.03511415168262,5144.250220661582,0.0,701.8886537634984,0.0,1553.5156568113694,18.01672312661094,131.2007448965187,0.0,0.0,18.01672312661094,24.02229750214792,6.00557437553698,833.0893986600171,277.6964662200057,2664.301521691392,39.96452282537088,31.2504803674935,31.070313136227387,156.6381884004687,542.6255453251031,701.2531750470232,0.0,0.0,0.0,24.02229750214792,0.0,11410.591313521276,0.0,2245.994148876078,701.5639136298596,23.962755413223046,0.0,0.0,0.0,2.2737367544323206e-13,0.0
2025-10-25 13:00:00+00:00,7,36.0,2420.1149006663345,706.680744089429,1562.3386908228247,151.0954657540806,706.680744089429,618.5099799987686,88.17076409066038,5144.250220661582,0.0,706.680744089429,0.0,1562.3386908228247,0.0,151.0954657540806,0.0,0.0,0.0,0.0,0.0,857.7762098435096,285.92540328116985,2706.040303947504,40.59060455921256,31.246773816456493,31.246773816456493,157.72741143279185,546.7369669060872,5375.138676095133,0.0,0.0,0.0,0.0,0.0,11387.770130894236,2408.2868085227105,0.0,2986.2653857907308,23.961140238553746,0.0,0.0,0.0,4.547473508864641e-13,0.0
2025-10-25 14:00:00+00:00,7,36.0,2432.1762087706884,709.8373352164151,1569.5903052047288,152.74856834954437,709.8373352164152,621.4508268871298,88.38650832928543,5144.250220661582,0.0,709.8373352164151,0.0,1569.5903052047288,0.0,152.74856834954437,0.0,0.0,0.0,0.0,0.0,862.5859035659595,287.5286345219865,2719.704843292675,40.795572649390124,31.391806104094577,31.391806104094577,158.45936454307443,549.5671839226402,6489.562960842625,0.0,0.0,0.0,0.0,0.0,11364.994590632448,3507.8195681492975,0.0,6314.0752226687355,23.961410158276554,0.0,0.0,0.0,-9.094947017729282e-13,0.0
2025-10-25 15:00:00+00:00,7,36.0,2433.220030783311,710.3102858520685,1570.3013276052166,152.60841732602643,710.3102858520685,621.7218760913224,88.58840976074607,5144.250220661582,0.0,710.3102858520685,0.0,1570.3013276052166,0.0,152.60841732602643,0.0,0.0,0.0,0.0,0.0,862.918703178095,287.63956772603166,2720.8595985093434,40.81289397764015,31.406026552104333,31.406026552104333,158.55748377407568,549.8219985819561,2983.042029365266,0.0,0.0,0.0,0.0,0.0,11342.264601451185,0.0,0.0,6314.0752226687355,23.96102066057039,0.0,0.0,0.0,-1.0231815394945443e-12,0.0
2025-10-25 16:00:00+00:00,7,36.0,2473.2096265882515,721.9571803734904,1596.6073644051116,154.64508180965083,721.9571803734904,631.8500881760779,90.10709219741246,5144.250220661582,0.0,721.9571803734904,0.0,1596.6073644051116,0.0,154.64508180965083,0.0,0.0,0.0,0.0,0.0,876.6022621831412,292.20075406104706,2765.4103806493,41.4811557097395,31.932147288102232,31.932147288102232,161.14427471286766,558.6904790598586,3031.90010564811,0.0,0.0,0.0,0.0,0.0,11319.580072248284,0.0,0.0,6314.0752226687355,23.960952473605712,0.0,0.0,0.0,1.1368683772161603e-13,0.0
2025-10-25 17:00:00+00:00,7,36.0,2468.5778610092766,721.2893081527085,1593.3853370925733,153.9032157639957,721.2893081527085,630.8669160543363,90.42239209837214,5144.250220661582,1.2603251775544777e-12,721.2893081527072,0.0,1593.3853370925733,89.72400111906836,64.17921464492733,1.8332002582610585e-12,5.728750807065808e-13,89.72400111906836,119.63200149209115,29.908000373022787,785.4685227976346,261.82284093254486,2640.6767008227525,39.610150512341285,32.76494675304215,31.867706741851467,160.97754956849258,556.9511948812958,3025.529055890572,1.4210854715202004e-14,0.0,1.4210854715202004e-14,119.63200149209297,0.0,11410.591313521276,0.0,0.0,6314.0752226687355,23.959526545981088,0.0,0.0,0.0,-2.2737367544323206e-13,0.0
2025-10-25 18:00:00+00:00,7,36.0,2443.485067689006,713.3902617813405,1578.068626153454,152.02617975421202,713.3902617813405,624.5677086075736,88.8225531737669,5144.250220661582,0.0,713.3902617813405,0.0,1578.068626153454,18.01672312661094,134.00945662760108,0.0,0.0,18.01672312661094,24.02229750214792,6.00557437553698,847.3997184089417,282.4665728029806,2707.9349173653764,40.619023760480644,31.741539754335193,31.561372523069082,159.21341651586204,551.6074997322645,0.0,0.0,0.0,0.0,24.02229750214792,0.0,11410.591313521276,0.0,2995.092567421269,3156.970450637857,23.96171014700148,0.0,0.0,0.0,-1.4779288903810084e-12,0.0
2025-10-25 19:00:00+00:00,7,36.0,2479.0774094315857,724.3584919336265,1602.4636372123632,152.25528028559776,724.3584919336264,633.938624364734,90.41986756889244,5144.250220661582,0.0,724.3584919336265,0.0,1602.4636372123632,18.01672312661094,134.23855715898682,0.0,0.0,18.01672312661094,24.02229750214792,6.00557437553698,858.5970490926134,286.19901636420445,2747.259702669181,41.208895540037716,32.22943997551337,32.04927274424726,161.60226119028155,559.2944601898214,708.9686980378691,0.0,0.0,0.0,24.02229750214792,0.0,11410.591313521276,0.0,2329.403171583538,701.5639136298596,23.961247509244,0.0,0.0,0.0,2.2737367544323206e-13,0.0
2025-10-25 20:00:00+00:00,7,36.0,2499.227206624947,731.0251350890159,1614.3343221646915,153.86774937124036,731.0251350890159,639.4081577636638,91.61697732535208,5144.250220661582,0.0,731.0251350890159,0.0,1614.3343221646915,18.01672312661094,135.85102624462942,0.0,0.0,18.01672312661094,24.02229750214792,6.00557437553698,866.8761613336453,288.9587204445484,2770.1692039428854,41.55253805914328,32.46685367455994,32.28668644329383,163.09519032241184,564.3655633194943,3063.592769944441,0.0,0.0,0.0,24.02229750214792,0.0,11410.591313521276,0.0,0.0,701.5639136298596,23.958722307741883,0.0,0.0,0.0,-3.410605131648481e-13,0.0
2025-10-25 21:00:00+00:00,7,36.0,2539.409197134827,742.01840252102,1640.507909945982,156.88288466782595,742.01840252102,649.5790261783994,92.4393763426206,5144.250220661582,0.0,742.01840252102,0.0,1640.507909945982,18.01672312661094,138.866161541215,0.0,0.0,18.01672312661094,24.02229750214792,6.00557437553698,880.884564062235,293.628188020745,2815.020662028962,42.22530993043443,32.99032543018575,32.81015819891964,165.56997297027723,573.229528926099,3112.638726060923,0.0,0.0,0.0,24.02229750214792,0.0,11410.591313521276,0.0,0.0,701.5639136298596,23.959825977750718,0.0,0.0,0.0,-2.9558577807620168e-12,0.0
2025-10-25 22:00:00+00:00,7,36.0,2719.374850323636,795.2076769058267,1755.8433605917387,168.3238128260692,795.2076769058267,695.9097464969369,99.29793040888978,5144.250220661582,0.0,795.2076769058267,0.0,1755.8433605917387,0.0,168.3238128260692,0.0,0.0,0.0,0.0,0.0,963.5314897318959,321.1771632439653,3040.5520135675997,45.60828020351399,35.11686721183477,35.11686721183477,177.44395417781342,614.4631320489623,3333.837982372598,0.0,0.0,0.0,0.0,0.0,11387.770130894236,0.0,0.0,701.5639136298596,23.95464758276881,0.0,0.0,0.0,-2.2737367544323206e-13,0.0
2025-10-25 23:00:00+00:00,7,36.0,2665.5769577284495,778.8194875909791,1719.7581921869062,166.99927795056237,778.8194875909791,682.1108128527044,96.70867473827465,5144.250220661582,0.0,778.8194875909791,0.0,1719.7581921869062,0.0,166.99927795056237,0.0,0.0,0.0,0.0,0.0,945.8187655415414,315.2729218471805,2980.849879575628,44.71274819363442,34.395163843738125,34.395163843738125,173.84840262110978,602.624400349401,3268.2013580778494,0.0,0.0,0.0,0.0,0.0,11364.994590632448,0.0,0.0,701.5639136298596,23.95553148278329,0.0,0.0,0.0,-1.1368683772161603e-12,0.0
2025-12-05 00:00:00+00:00,8,47.0,3313.760256430499,953.1350536389018,2124.62741979765,235.9977829939462,953.1350536389017,850.1497650080277,102.98528863087408,5144.250220661582,938.2968966388951,14.838157000006731,2043.595911844344,81.03150795330589,235.9977829939462,0.0,1364.795486020211,426.4985893813159,2279.5936948382905,3039.4582597843873,759.8645649460968,14.838157000006731,4.946052333335577,100.8157172866482,1.5122357592997229,65.28848534433591,1.6206301590661178,213.72155974454188,1473.4521176679918,4787.21237409849,2762.5781892270506,2762.57818922705,4.547473508864641e-13,1641.6755565775477,0.0,2497.013138136997,0.0,0.0,2986.2653857907308,23.958822661260985,0.0,0.0,0.0,-9.094947017729282e-13,-2.2737367544323206e-13
2025-12-05 01:00:00+00:00,8,47.0,3255.273607904799,935.2344624982611,2085.384960597121,234.65418480941986,935.2344624982611,833.5842833672086,101.65017913105245,5144.250220661582,920.7734140462582,14.461048452002956,2044.9395100288702,40.445450568250635,234.65418480941986,0.0,1339.3067840672845,418.53337002102637,2279.59369483829,3039.4582597843864,759.8645649460966,14.461048452002956,4.820349484000985,59.726848504254576,0.8959027275638186,64.50363616032533,0.8089090113650127,209.78416995099667,1459.2109023013745,4714.484510206174,2838.6607407709494,2838.66074077095,0.0,1540.1043030807218,0.0,3955.1181997874087,0.0,0.0,2986.2653857907308,23.96047728210677,0.0,0.0,0.0,0.0,0.0
2025-12-05 02:00:00+00:00,8,47.0,3269.75182916589,939.3504710928067,2094.3218898862065,236.07946818687424,939.3504710928067,837.2436730681665,102.10679802464028,5144.250220661582,924.7897171786301,14.560753914176644,2043.5142266514156,50.80766323479088,236.0794681868742,2.842170943040401e-14,1345.148679532553,420.3589623539228,2279.5936948382896,3039.458259784386,759.8645649460965,14.560753914176672,4.853584638058891,70.22200178702644,1.0533300268053967,64.68237474610703,1.0161532646958176,210.71911053871727,1462.5480805144039,8240.11947782959,2901.543086659809,2901.54308665981,0.0,1483.06385265713,0.0,5356.118623412107,3507.8195681492975,0.0,6314.0752226687355,23.960137282227688,0.0,0.0,0.0,-9.094947017729282e-13,2.2737367544323206e-13
2025-12-05 03:00:00+00:00,8,47.0,3240.5741984163383,930.9754078071053,2075.8482900568983,233.75050055233476,930.9754078071053,829.8553883953953,101.12001941171003,5144.250220661582,916.5741120509114,14.401295756193917,2045.8431942859559,30.00509577094249,233.75050055233476,0.0,1333.1987084376892,416.62459638677785,2279.5936948382905,3039.4582597843873,759.8645649460968,14.401295756193917,4.800431918731306,49.20682344586771,0.7381023516880156,64.31290274952087,0.6001019154188498,208.83475377838568,1455.7754540466194,4696.349652462957,2942.0776846507806,2942.07768465078,4.547473508864641e-13,1430.5792835712957,0.0,6704.456705558014,0.0,0.0,6314.0752226687355,23.960803888561983,0.0,0.0,0.0,-4.547473508864641e-13,-2.2737367544323206e-13
2025-12-05 04:00:00+00:00,8,47.0,3244.6578009155373,932.7050981242076,2079.6685001837363,232.28420260759367,932.7050981242076,831.2824944907826,101.42260363342494,5144.250220661582,918.2715058413355,14.433592282872041,2047.3094922306964,32.35900795303996,232.28420260759367,0.0,1335.6676448601245,417.39613901878886,2279.59369483829,3039.4582597843864,759.8645649460966,14.433592282872041,4.8111974276240135,51.603797663536014,0.7740569649530402,64.38930695205764,0.6471801590607993,209.1700186756173,1457.0524641441982,4701.710265059735,4426.422264428189,4426.42226442819,0.0,0.0,51.29635978367833,6637.051623953552,0.0,0.0,6314.0752226687355,23.96066439842951,0.0,0.0,0.0,-2.2737367544323206e-13,0.0
2025-12-05 05:00:00+00:00,8,47.0,3213.546996667924,923.1998614321581,2058.205409593407,232.1417256423597,923.1998614321581,823.2124294319827,99.98743200017536,5144.250220661582,908.8730959206114,14.326765511546682,2047.451969195931,10.753440397475742,232.1417256423597,0.0,1321.9972304299802,413.1241345093688,2279.5936948382905,3039.4582597843873,759.8645649460968,14.326765511546682,4.775588503848894,29.85579441287132,0.44783691619306976,63.96004514025104,0.21506880794951486,207.10220637650198,1449.48944520021,4663.036441868135,6145.590063326101,6145.5900633261,9.094947017729282e-13,0.0,1784.1345731117335,4745.741127956451,0.0,0.0,6314.0752226687355,23.960801983185558,0.0,0.0,0.0,9.094947017729282e-13,0.0
2025-12-05 06:00:00+00:00,8,47.0,3231.6086361001035,928.0182332962288,2070.3736077191857,233.21679508468972,928.0182332962288,827.173154215349,100.84507908087983,5144.250220661582,913.8295899321046,14.188643364124232,2046.3768997536006,23.996707965585074,233.21679508468972,0.0,1329.2066762648794,415.3770863327748,2279.5936948382905,3039.4582597843873,759.8645649460968,14.188643364124232,4.729547788041411,42.91489911775072,0.6437234867662608,64.20340910276661,0.47993415931170147,208.17593727766317,1453.4742030934208,4685.082839193524,5783.5908478805995,5783.5908478806,0.0,0.0,1414.9259118313335,3246.8539490359767,0.0,0.0,6314.0752226687355,23.962553713562947,0.0,0.0,0.0,-4.547473508864641e-13,0.0
2025-12-05 07:00:00+00:00,8,47.0,3273.6988613332783,940.4673636367127,2099.437852026771,233.79364566979405,940.4673636367127,838.9417418174149,101.52562181929775,5144.250220661582,926.2810749983528,14.186288638359883,2045.8000491684963,53.637802858274654,233.79364566979402,2.842170943040401e-14,1347.3179272703314,421.03685227197855,2279.5936948382905,3039.4582597843873,759.8645649460968,14.186288638359912,4.728762879453304,72.55285437608786,1.0882928156413179,64.78469398891832,1.072756057165493,210.90750387769558,1463.483426836949,4737.182288170227,4705.32990859721,4705.32990859721,0.0,0.0,318.55372154249244,2905.0405342510708,0.0,0.0,6314.0752226687355,23.963252896437538,0.0,0.0,0.0,0.0,0.0
2025-12-05 08:00:00+00:00,8,47.0,3289.965582270757,944.9068401299523,2109.571914943325,235.48682719747848,944.9068401299525,843.4851974369622,101.42164269299028,5144.250220661582,930.6869140020252,14.219926127927124,1936.707020010145,172.8648949331798,235.48682719747845,2.842170943040401e-14,1353.7264203665823,423.0395063645569,2172.1938472076235,2896.2584629434978,724.0646157358744,14.219926127927152,4.7399753759757175,191.82479643708268,2.87737194655624,63.91337677094273,3.4572978986635965,211.92253559414493,1434.0146796867145,4723.980261957471,4249.9848833100805,4249.98488331008,9.094947017729282e-13,0.0,0.0,2899.2304531825685,0.0,0.0,6314.0752226687355,23.96327032983427,0.0,0.0,0.0,-2.2737367544323206e-13,0.0
2025-12-05 09:00:00+00:00,8,47.0,3246.17856726729,932.69576356493,2080.838493159982,232.64431054237542,932.69576356493,832.1415916860051,100.55417187892486,5144.250220661582,918.4397809328318,14.255982632098153,138.30995635393936,1942.5285368060427,232.64431054237545,-2.842170943040401e-14,1335.9124086295735,417.4726276967417,370.95426689631483,494.6056891950864,123.6514222987716,14.255982632098124,4.751994210699375,1961.5365136488401,29.4230477047326,45.32631253216279,38.85057073612085,209.18587215503706,868.661847334266,4114.840414601556,1830.51809782466,1830.51809782466,0.0,0.0,0.0,2893.4319922762033,0.0,0.0,6314.0752226687355,23.962156383612193,0.0,0.0,0.0,4.547473508864641e-13,0.0
2025-12-05 10:00:00+00:00,8,47.0,3249.987944525909,934.1073806343718,2083.8230050544275,232.05755883711166,934.1073806343718,833.0423028384785,101.06507779589333,5144.250220661582,919.8051325649923,14.302248069379516,0.0,2083.8230050544275,232.05755883711166,0.0,1337.8983746399888,418.09324207499645,232.05755883711166,309.41007844948217,77.35251961237054,14.302248069379516,4.767416023126505,2102.8926691469337,31.543390037204006,43.997035689459665,41.67646010108855,209.4752263265751,826.9052898648208,2260.2170635352204,6.821210263296962e-13,0.0,6.821210263296962e-13,1647.3084530894703,0.0,4452.5881587266485,0.0,1816.6761708555089,4399.130399049865,23.9618034624911,0.0,0.0,0.0,-6.821210263296962e-13,0.0
2025-12-05 11:00:00+00:00,8,47.0,3187.5281264695495,916.2095878037878,2046.4967321385836,224.82180652717614,916.2095878037878,818.772286805344,97.43730099844376,5144.250220661582,902.5696872473069,13.639900556480939,0.0,2046.4967321385836,224.82180652717614,0.0,1312.8286359960828,410.2589487487758,224.82180652717614,299.7624087029015,74.94060217572537,13.639900556480939,4.5466335188269795,2064.6832662138913,30.97024899320837,43.17815270804344,40.92993464277168,205.4010165729784,810.22553736033,489.93409568058087,-1.3642420526593924e-12,0.0,0.0,1612.5910446989856,0.0,5975.644474873232,0.0,3507.8195681492975,701.5639136298596,23.96425883374628,0.0,0.0,0.0,-1.1368683772161603e-12,0.0
2025-12-05 12:00:00+00:00,8,47.0,3315.267657587318,952.5874717766375,2127.0845534920168,235.59563231866423,952.5874717766375,850.6302322972688,101.95723947936874,5144.250220661582,938.3061802613622,14.281291515275257,7.557590916721065e-13,2127.084553492016,235.59563231866423,0.0,1364.8089894710724,426.5028092097101,235.595632318665,314.12750975821996,78.53187743955499,14.281291515275257,4.760430505091752,2146.126275512383,32.191894132685746,44.897647393026986,42.54169106984032,213.59948333821043,843.0258330881204,4158.293490675438,2.2737367544323206e-13,0.0,2.2737367544323206e-13,1678.9364992292922,0.0,7558.682860191313,0.0,0.0,701.5639136298596,23.962829237282243,0.0,0.0,0.0,-2.2737367544323206e-13,0.0
2025-12-05 13:00:00+00:00,8,47.0,3332.0630603017357,958.0291836340677,2137.4060175085115,236.62785915915836,958.0291836340677,854.0233660137998,104.00581762026796,5144.250220661582,943.3929660260807,14.636217607987078,0.0,2137.4060175085115,236.6278591591584,-2.842170943040401e-14,1372.2079505833901,428.8149845573094,236.6278591591584,315.5038122122112,78.8759530530528,14.63621760798705,4.8787392026623495,2156.920974319161,32.35381461478741,45.11439894176182,42.74812035017023,214.79795529662601,847.58396601637,4179.647026318105,0.0,0.0,0.0,1687.7117627956013,0.0,9146.891669126753,0.0,0.0,701.5639136298596,23.961656244391918,0.0,0.0,0.0,-3.410605131648481e-13,0.0
2025-12-05 14:00:00+00:00,8,47.0,3276.583242998947,942.4696200294587,2104.1661593888366,229.94746358065157,942.4696200294587,840.3326537091061,102.13696632035264,5144.250220661582,928.2912213783924,14.178398651066345,773.7581636369844,1330.4079957518522,229.94746358065157,0.0,1350.241776550389,421.95055517199654,1003.705627217636,1338.2741696235146,334.56854240587865,14.178398651066345,4.7261328836887815,1349.3125272866073,20.239687909299107,52.12037945995309,26.608159915037046,211.23341883782692,1071.4468765836803,6756.316928105338,2609.1549486553604,2609.15494865536,4.547473508864641e-13,79.36099751854324,0.0,9203.990833431115,2408.2868085227105,0.0,2986.2653857907308,23.96319164008502,0.0,0.0,0.0,4.547473508864641e-13,-7.105427357601002e-14
2025-12-05 15:00:00+00:00,8,47.0,3241.7336253367407,933.5657020857703,2080.5143874162995,227.65353583466992,933.5657020857703,831.7523998701936,101.81330221557671,5144.250220661582,918.9576803259221,14.60802175984827,2051.94015900362,28.57422841267953,227.65353583466992,0.0,1336.6657168377048,417.7080365117827,2279.59369483829,3039.4582597843864,759.8645649460966,14.60802175984827,4.86934058661609,48.05159075914389,0.7207738613871584,64.4062246967089,0.5714845682535906,209.23092482787564,1457.3713499987207,8206.924543484758,2557.7187423330997,2557.7187423331,0.0,1818.4052342889918,0.0,10913.067824338797,3507.8195681492975,0.0,6314.0752226687355,23.95973787694841,0.0,0.0,0.0,-1.3642420526593924e-12,0.0
2025-12-05 16:00:00+00:00,8,47.0,3285.9808779116343,948.4765190873844,2110.693240996213,226.8111178280352,948.4765190873844,844.7645311866094,103.7119879007751,5144.250220661582,933.1794204994092,15.297098587975256,2052.782577010255,57.910663985957854,226.8111178280352,0.0,1357.351884362777,424.17246386336774,2279.59369483829,3039.4582597843864,759.8645649460966,15.297098587975256,5.099032862658419,78.30679543659153,1.174601931548873,65.00980176830716,1.158213279719157,212.4558449364822,1468.9345235881801,4754.915401499814,3850.1263285354194,3850.12632853542,0.0,546.6838156117442,0.0,11410.591313521276,0.0,0.0,6314.0752226687355,23.9555480802912,0.0,0.0,0.0,-4.547473508864641e-13,0.0
2025-12-05 17:00:00+00:00,8,47.0,3258.13848750876,940.6814076260822,2091.9486984698233,225.508381412854,940.6814076260823,837.2532805197676,103.42812710631469,5144.250220661582,925.3011911856237,15.380216440458526,2054.085313425436,37.86338504438709,225.50838141285396,2.842170943040401e-14,1345.8926417245436,420.59145053891984,2279.59369483829,3039.4582597843864,759.8645649460966,15.380216440458554,5.126738813486185,58.370340298331826,0.8755551044749773,64.63491091777937,0.7572677008877418,210.71956308184443,1462.570051103489,4720.708538612248,5656.34345459717,5656.34345459717,0.0,0.0,1270.9925530882397,10049.883232906614,0.0,0.0,6314.0752226687355,23.95439117407244,0.0,0.0,0.0,-1.1368683772161603e-12,0.0
2025-12-05 18:00:00+00:00,8,47.0,3197.7869855633876,923.4507733511116,2052.514146436724,221.82206577555368,923.4507733511116,821.1827523738335,102.26802097727804,5144.250220661582,908.1855211410357,15.265252210075914,0.0,2052.514146436724,221.82206577555365,2.842170943040401e-14,1320.9971216596882,412.81160051865254,221.82206577555365,295.76275436740485,73.94068859185121,15.265252210075943,5.088417403358648,2072.8678160501586,31.093017240752378,43.26850358649001,41.050282928734475,206.86522687959527,814.1177371494347,4011.9047227128203,5292.86699193041,5292.86699193041,0.0,0.0,3676.1071159033168,6160.197028647835,0.0,0.0,6314.0752226687355,23.954776876598796,0.0,0.0,0.0,-1.9326762412674725e-12,0.0
2025-12-05 19:00:00+00:00,8,47.0,3215.358481917195,926.9184333294075,2064.9107077951394,223.52934079264597,926.9184333294075,824.9082731892452,102.01016014016237,5144.250220661582,912.2961514504154,14.622281878992112,0.0,2064.9107077951394,223.52934079264594,2.842170943040401e-14,1326.9762202915133,414.68006884109786,223.52934079264594,298.03912105686123,74.50978026421531,14.62228187899214,4.874093959664047,2084.4070836337955,31.266106254506933,43.53350756382925,41.29821415590279,207.66680340164262,817.8285744408588,2216.5108855025446,4779.00251824529,4779.00251824529,0.0,0.0,3153.987176896915,2827.8901325937873,0.0,1816.6761708555089,4399.130399049865,23.95941388666001,0.0,0.0,0.0,-6.821210263296962e-13,0.0
2025-12-05 20:00:00+00:00,8,47.0,3350.7519629627786,964.5578941794053,2153.2933368334157,232.9007319499552,964.5578941794053,859.3383479984606,105.21954618094468,5144.250220661582,946.4251100850332,18.132784094372028,2046.6929628883356,106.60037394508004,232.90073194995523,-2.842170943040401e-14,1376.6183419418664,430.1932318568332,2279.593694838291,3039.458259784388,759.864564946097,18.132784094372,6.044261364790667,130.7774194042427,1.9616612910636404,65.86180368505123,2.132007478901601,216.11377310918976,1482.1713037319269,1325.1036985454061,7097.199236438424,7987.78941259822,0.0,0.0,2681.1226347121697,0.0,0.0,3507.8195681492975,701.5639136298596,23.961730033275852,0.0,0.0,0.0,-1.8189894035458565e-12,0.0
2025-12-05 21:00:00+00:00,8,47.0,3339.1010558841294,961.4260893102061,2145.5064444180116,232.1685221559137,961.4260893102061,856.2663915286721,105.15969778153398,5144.250220661582,946.4251100850331,15.000979225172955,2047.4251726823763,98.08127173563526,232.1685221559137,0.0,1376.6183419418664,430.1932318568332,2279.59369483829,3039.4582597843864,759.8645649460966,15.000979225172955,5.000326408390985,118.0825773691992,1.771238660537988,65.70606583674314,1.9616254347127051,215.41029675464264,1479.9073498979571,4819.008405782086,4416.076601726253,7300.99573515421,0.0,0.0,0.0,0.0,0.0,0.0,701.5639136298596,23.961171522250577,0.0,0.0,0.0,-6.821210263296962e-13,0.0
2025-12-05 22:00:00+00:00,8,47.0,3279.836809560675,944.5240415207921,2107.2097623797135,228.1030056601728,944.5240415207923,841.1806102177667,103.34343130302551,5144.250220661582,930.0836445052321,14.440397015560052,2051.4906891781175,55.719073201596075,228.1030056601728,0.0,1352.8489374621558,422.7652929569237,2279.5936948382905,3039.4582597843873,759.8645649460968,14.440397015560052,4.813465671853351,74.97293588900948,1.124594038335142,64.94013219597717,1.1143814640319216,211.6241633668198,1466.246594640038,4746.083404200713,4392.307197246543,6045.7364459129,0.0,0.0,0.0,0.0,0.0,0.0,701.5639136298596,23.961166501498887,0.0,0.0,0.0,-4.547473508864641e-13,0.0
2025-12-05 23:00:00+00:00,8,47.0,3122.4725653333685,899.7155713708482,2008.1195827002389,214.63741126228376,899.7155713708482,801.4592452193027,98.25632615154558,5144.250220661582,886.0910611473199,13.624510223528318,2008.1195827002389,0.0,214.63741126228376,0.0,1288.8597253051926,402.76866415787265,2222.7569939625228,2963.67599195003,740.9189979875075,13.624510223528318,4.5415034078427725,18.16601363137109,0.2724902044705663,62.389961593630005,0.0,201.51509494429342,1412.406712295617,6943.166086151696,3263.7989179847596,3263.79891798476,0.0,988.7367992704636,0.0,939.2999593069404,2408.2868085227105,0.0,2986.2653857907308,23.96375047473603,0.0,0.0,0.0,-4.547473508864641e-13,-1.1368683772161603e-13
