timestamp_hour_utc,representative_day_id,day_weight,it_load_kw,q_air_kw,q_cp_kw,q_rdhx_kw,s_air_kw,s_air_old_kw,s_air_new_kw,old_ac_capacity_eff_kw,q_air_to_ashp_kw,q_air_to_reject_kw,q_cp_to_wshp_kw,q_cp_to_free_kw,q_rdhx_to_wshp_kw,q_rdhx_to_chiller_kw,q_ashp_out_kw,p_ashp_kw,q_wshp_in_kw,q_wshp_out_kw,p_wshp_kw,q_chiller_evap_kw,p_chiller_kw,q_tower_kw,p_tower_kw,p_pump_kw,p_cdu_free_kw,p_terminal_kw,p_cooling_kw,p_grid_kw,q_heat_kw,heating_demand_kw,heat_demand_upper_violation_kw,q_tes_ch_kw,q_tes_dis_kw,e_tes_kwh,p_bess_ch_kw,p_bess_dis_kw,e_bess_kwh,max_theta_c,hotspot_slack_c,hotspot_penalty_yuan,bess_degradation_cost_yuan,power_balance_residual_kw,heat_balance_residual_kw
2025-01-15 00:00:00+00:00,0,71.0,2808.3800211662774,671.2324538038396,1457.347250156592,679.800317205845,671.2324538038397,646.0014263307667,25.23102747307299,4484.876528729382,636.2135226998479,35.01893110399169,1200.562950437824,256.7842997187681,679.800317205845,0.0,925.4014875634151,289.18796486356723,1880.363267643669,2507.1510235248916,626.7877558812229,35.01893110399169,11.672977034663896,303.47620785742373,4.552143117861355,47.950577679568525,5.135685994375363,164.2349508520665,1149.5220554233256,6457.2199130785,3093.40746541437,3093.40746541437,0.0,339.1450456739367,0.0,852.8461337793758,2499.3178364888972,0.0,6552.741462977522,23.823292328417473,0.0,0.0,0.0,0.0,0.0
2025-01-15 01:00:00+00:00,0,71.0,2850.3519168317885,681.2085966358497,1478.8614260442127,690.2818941517235,681.2085966358497,655.5776946726608,25.630901963188986,4484.876528729382,645.6222980132959,35.58629862255384,1190.0813734919457,288.7800525522671,690.2818941517235,0.0,939.0869789284304,293.46468091513447,1880.3632676436691,2507.151023524892,626.787755881223,35.58629862255384,11.86209954085128,336.2284507156722,5.043426760735082,48.38086119732095,5.775601051045341,166.68359140210663,1157.9980167484168,4008.349933580205,3109.2480335896903,3109.24803358969,4.547473508864641e-13,336.98996886363193,0.0,1171.2809119322674,0.0,0.0,6552.741462977522,23.820700515876855,0.0,0.0,0.0,-4.547473508864641e-13,0.0
2025-01-15 02:00:00+00:00,0,71.0,2878.6567769324,687.7387996349894,1493.180341942492,697.7376353549184,687.7387996349894,662.0602426289245,25.67855700606497,4484.876528729382,651.8570394201735,35.88176021481593,1182.6256322887502,310.55470965374184,697.7376353549184,0.0,948.1556937020705,296.29865428189703,1880.3632676436687,2507.1510235248916,626.7877558812229,35.88176021481593,11.960586738271976,358.3970566068297,5.3759558491024455,48.66723951528653,6.211094193074837,168.3031517628519,1163.6044382217076,4042.261215154108,3126.30873543184,3126.30873543184,0.0,328.9979817951221,0.0,1481.4864328137687,0.0,0.0,6552.741462977522,23.822576485139702,0.0,0.0,0.0,2.2737367544323206e-13,0.0
2025-01-15 03:00:00+00:00,0,71.0,2848.0398182076824,680.2720305570979,1475.7434976455481,692.0242900050366,680.272030557098,654.6971776977907,25.57485285930722,4484.876528729382,644.3855592820568,35.88647127504112,1188.3389776386323,287.40452000691585,692.0242900050366,0.0,937.2880862284462,292.9025269463894,1880.363267643669,2507.1510235248916,626.7877558812229,35.88647127504112,11.962157091680373,335.2531483736373,5.02879722560456,48.31850262934765,5.748090400138317,166.5228731918077,1157.270703366191,4005.310521573873,3153.1453945375406,3153.14539453754,4.547473508864641e-13,291.2937152157974,0.0,1755.2524894031487,0.0,0.0,6552.741462977522,23.824956662544068,0.0,0.0,0.0,-4.547473508864641e-13,0.0
2025-01-15 04:00:00+00:00,0,71.0,2876.2462463172383,687.0911703945363,1490.238007541919,698.9170683807837,687.0911703945363,661.1237012620386,25.96746913249779,4484.876528729382,650.7488456582847,36.34232473625161,1181.446199262885,308.79180827903383,698.9170683807836,1.1368683772161603e-13,946.5437755029596,295.79492984467487,1880.3632676436687,2507.1510235248916,626.7877558812229,36.342324736251726,12.114108245417242,357.2482412607028,5.358723618910542,48.60839282727507,6.175836165580677,168.1907723208063,1163.0305189038875,4039.2767652211255,4724.98616333848,4724.98616333848,0.0,0.0,1271.2913643106283,413.54054830789164,0.0,0.0,6552.741462977522,23.82124626099805,0.0,0.0,0.0,-2.2737367544323206e-13,0.0
2025-01-15 05:00:00+00:00,0,71.0,2860.627209702743,682.6803978990423,1482.4816894628125,695.4651223408873,682.6803978990424,657.1276487521027,25.552749146939714,4484.876528729382,647.1536182086737,35.526779690368585,1184.8981453027816,297.5835441600309,695.4651223408873,0.0,941.3143537580709,294.16073554939715,1880.363267643669,2507.1510235248916,626.7877558812229,35.526779690368585,11.842259896789528,344.952583747189,5.174288756207835,48.453266465692934,5.951670883200618,167.13920064346507,1159.5091780759758,4020.1363877787194,3840.5431711336746,6506.07545272263,0.0,0.0,392.0777938507121,0.0,0.0,0.0,6552.741462977522,23.82232013257868,0.0,0.0,0.0,4.547473508864641e-13,0.0
2025-01-15 06:00:00+00:00,0,71.0,2891.20752532406,689.2948341574264,1496.9822961014982,704.9303950651355,689.2948341574264,663.4954991913133,25.79933496611311,4484.876528729382,653.4678120554123,35.8270221020141,1175.4328725785335,321.5494235229646,704.9303950651355,0.0,950.4986357169633,297.03082366155104,1880.3632676436691,2507.151023524892,626.787755881223,35.8270221020141,11.942340700671366,369.3187863256501,5.539781794884751,48.74327859846666,6.430988470459292,168.82905099696575,1165.3040201042218,4056.511545428281,3457.6496592418553,6069.99645352609,0.0,0.0,0.0,0.0,0.0,0.0,6552.741462977522,23.820453866109514,0.0,0.0,0.0,-9.094947017729282e-13,0.0
2025-01-15 07:00:00+00:00,0,71.0,2991.1255254053904,714.4513859814457,1554.909561575037,721.7645778489074,714.4513859814457,688.5006523833514,25.950733598094267,4484.876528729382,678.3761442052264,36.075241776219286,1158.5986897947614,396.31087178027565,721.7645778489074,0.0,986.7289370257839,308.35279282055745,1880.3632676436687,2507.1510235248916,626.7877558812229,36.075241776219286,12.025080592073095,444.41119414856803,6.66616791222852,49.90182390793743,7.926217435605513,174.76988206562518,1186.42972061525,4177.555246020641,3493.8799605506756,4844.12799534811,0.0,0.0,0.0,0.0,0.0,0.0,6552.741462977522,23.81957273855282,0.0,0.0,0.0,4.547473508864641e-13,0.0
2025-01-15 08:00:00+00:00,0,71.0,2944.9752679612047,703.7890037542088,1532.814478085845,708.371786121152,703.7890037542089,678.4677817422308,25.321222011978044,4484.876528729382,668.6091963523356,35.17980740187318,1171.991481522517,360.82299656332793,708.371786121152,0.0,972.5224674215791,303.9132710692435,1880.3632676436691,2507.151023524892,626.787755881223,35.17980740187318,11.726602467291059,407.72940643249217,6.115941096487382,49.459922238153595,7.2164599312665585,172.09725002522237,1177.3172027088874,4122.292470670092,3479.6734909464712,4309.37483658353,0.0,0.0,0.0,0.0,0.0,0.0,6552.741462977522,23.82361436482542,0.0,0.0,0.0,2.2737367544323206e-13,0.0
2025-01-15 09:00:00+00:00,0,71.0,2856.3171736067093,683.6571056327028,1487.6333116805163,685.0267562934898,683.6571056327027,658.6423595486704,25.014746084032396,4484.876528729382,649.0540888887506,34.60301674395225,1195.3365113501789,292.2968003303374,685.0267562934898,0.0,944.0786747472736,295.024585858523,1880.3632676436687,2507.1510235248916,626.7877558812229,34.60301674395225,11.534338914650752,338.4341559889404,5.076512339834106,48.55629891004702,5.845936006606748,167.0937363086611,1159.9191642195456,4016.236337826255,1836.2471287295198,1836.24712872952,0.0,1614.9825695426453,0.0,1534.2334410655128,0.0,0.0,6552.741462977522,23.8239503789825,0.0,0.0,0.0,0.0,0.0
2025-01-15 10:00:00+00:00,0,71.0,2920.5415446704137,697.0094633936545,1517.6810764852441,705.8510047915131,697.0094633936544,671.6489534787837,25.36050991487074,4484.876528729382,662.0500176445826,34.95944574907196,0.0,1517.6810764852441,705.8510047915131,0.0,962.9818438466656,300.93182620208296,705.8510047915131,941.1346730553507,235.28366826383768,34.95944574907196,11.653148583023986,1564.2936708173402,23.464405062260102,37.412131577620016,30.353621529704885,170.55045891070714,809.6492601292368,1844.8459443472825,-4.547473508864641e-13,0.0,0.0,1904.1165169020169,0.0,3340.075665240298,0.0,1885.3448604523671,4565.413485003592,23.820741419467062,0.0,0.0,0.0,-1.1368683772161603e-12,0.0
2025-01-15 11:00:00+00:00,0,71.0,2884.3580135951543,688.01131584934,1497.2857623997943,699.0609353460196,688.01131584934,662.9367527651727,25.074563084167263,4484.876528729382,653.2449194186552,34.766396430684836,0.0,1497.2857623997943,699.0609353460196,0.0,950.1744282453167,296.92950882666145,699.0609353460196,932.0812471280261,233.02031178200653,34.766396430684836,11.588798810228278,1543.6409576407075,23.154614364610612,36.93632460145608,29.945715247995885,168.40922354436051,799.9844971773194,43.93058689607233,0.0,0.0,0.0,1882.255675373343,0.0,5121.538405514493,0.0,3640.411923876401,728.0823847752803,23.824364243104938,0.0,0.0,0.0,-3.410605131648481e-13,0.0
2025-01-15 12:00:00+00:00,0,71.0,2853.4237402053895,680.0673899537529,1481.1428650347334,692.213485216905,680.0673899537529,655.4530568539426,24.614333099810374,4484.876528729382,646.0706970444669,33.996692909286025,620.9702855172217,860.1725795175117,692.213485216905,0.0,939.7391957010428,293.6684986565759,1313.1837707341267,1750.911694312169,437.72792357804224,33.996692909286025,11.332230969762008,905.5015033965598,13.582522550948395,42.75469500803594,17.203451590350234,166.4977443918263,982.7670667455411,3836.1908069509304,-4.547473508864641e-13,0.0,0.0,2690.650890013212,0.0,7667.413674216016,0.0,0.0,728.0823847752803,23.82656807275608,0.0,0.0,0.0,-2.2737367544323206e-13,0.0
2025-01-15 13:00:00+00:00,0,71.0,2959.8028347531276,706.7477341335823,1535.6445982863195,717.4105023332265,706.7477341335824,680.7843691761634,25.963364957418953,4484.876528729382,670.2570734321189,36.49066070146341,1162.9527653104424,372.6918329758771,717.4105023332264,1.1368683772161603e-13,974.9193795376275,304.66230610550855,1880.3632676436687,2507.1510235248916,626.7877558812229,36.490660701463526,12.163553567154509,421.34604724449514,6.320190708667427,49.51652464216308,7.453836659517542,172.97648134655756,1179.8806489107915,4139.683483663919,9.094947017729282e-13,0.0,9.094947017729282e-13,3482.0704030625184,0.0,10960.045729776977,0.0,0.0,728.0823847752803,23.822170248424538,0.0,0.0,0.0,0.0,0.0
2025-01-15 14:00:00+00:00,0,71.0,2688.7827231125098,638.391786069021,1388.1152054449144,662.2757315985743,638.391786069021,614.4520883635481,23.939697705472884,4484.876528729382,605.7510034251404,32.640782643880584,1218.0875360450943,170.02766939982007,662.2757315985743,0.0,881.0923686183861,275.3413651932456,1880.3632676436687,2507.1510235248916,626.7877558812229,32.640782643880584,10.880260881293529,213.5487129249942,3.2032306938749127,46.565936785334976,3.4005533879964016,156.61280086136188,1122.7919036843302,3811.574626796839,1787.28885655154,1787.28885655154,0.0,1600.9545355917376,0.0,12459.032447129575,0.0,0.0,728.0823847752803,23.82772859510779,0.0,0.0,0.0,-1.1368683772161603e-12,0.0
2025-01-15 15:00:00+00:00,0,71.0,2904.154167839462,691.8330610076315,1503.1930513929672,709.1280554388641,691.8330610076315,666.3904213084793,25.44263969915222,4484.876528729382,656.098002493656,35.735058513975446,1171.235212204805,331.9578391881621,709.1280554388641,0.0,954.3243672634998,298.22636476984366,1880.3632676436691,2507.151023524892,626.787755881223,35.735058513975446,11.91168617132515,379.6045838734627,5.69406875810194,48.86749370429604,6.639156783763242,169.50277891441502,1167.629304982968,6571.101309311327,1876.3107199022004,1876.3107199022,4.547473508864641e-13,1585.1646708861915,0.0,13940.020819577201,2499.3178364888972,0.0,3099.143472772042,23.82584353826779,0.0,0.0,0.0,0.0,0.0
2025-01-15 16:00:00+00:00,0,71.0,2899.9406730654787,691.352690353797,1500.0595358736257,708.5284468380562,691.352690353797,665.7136046733,25.639085680496983,4484.876528729382,654.9700892864013,36.38260106739574,1171.8348208056127,328.224715068013,708.5284468380562,0.0,952.6837662347655,297.7136769483642,1880.363267643669,2507.1510235248916,626.7877558812229,36.38260106739574,12.127533689131914,376.7348498245406,5.651022747368109,48.8048233939092,6.56449430136026,169.3807873070829,1167.0300942684394,7707.3826912103195,2862.62871710077,2862.62871710077,0.0,597.2060726588873,0.0,14479.48654696399,3640.411923876401,0.0,6552.741462977522,23.827501043638257,0.0,0.0,0.0,0.0,-2.2737367544323206e-13
2025-01-15 17:00:00+00:00,0,71.0,2892.0617509044387,689.8530794142432,1495.8508394845974,706.357832005596,689.8530794142432,664.1224769096914,25.73060250455185,4484.876528729382,653.2421166338664,36.61096278037678,1174.0054356380729,321.8454038465245,706.357832005596,0.0,950.1703514674421,296.92823483357563,1880.363267643669,2507.1510235248916,626.7877558812229,36.61096278037678,12.203654260125594,370.66002088702686,5.559900313305403,48.720649466128634,6.43690807693049,168.9949841538879,1165.6320869851766,4057.6938378896148,4231.51293068912,4231.51293068912,0.0,0.0,774.191555696787,13635.589094189236,0.0,0.0,6552.741462977522,23.827768043157313,0.0,0.0,0.0,-4.547473508864641e-13,0.0
2025-01-15 18:00:00+00:00,0,71.0,2844.1633228233004,679.1455802157286,1473.4098307186543,691.607911888918,679.1455802157286,653.9970252894956,25.14855492623304,4484.876528729382,643.3526546763301,35.79292553939854,0.0,1473.4098307186543,691.6079118889179,1.1368683772161603e-13,935.7856795292074,292.4330248528773,691.6079118889179,922.1438825185571,230.53597062963928,35.79292553939865,11.930975179799551,1521.1337314378525,22.817005971567788,36.38427573326227,29.46819661437309,166.27408454395902,789.8435335254783,1748.6619958964116,4022.62309884896,4022.62309884896,0.0,0.0,2164.6935368011955,11329.693140420653,0.0,1885.3448604523671,4565.413485003592,23.831848808798227,0.0,0.0,0.0,-2.2737367544323206e-13,0.0
2025-01-15 19:00:00+00:00,0,71.0,2852.84069226675,684.0006002301338,1478.4234316584839,690.4166603781322,684.0006002301338,658.1869628023055,25.81363742782829,4484.876528729382,646.1761465920578,37.82445363807608,0.0,1478.4234316584839,690.4166603781321,1.1368683772161603e-13,939.8925768611749,293.71643026911715,690.4166603781321,920.5555471708427,230.13888679271068,37.82445363807619,12.608151212692064,1528.8560365092521,22.932840547638783,36.472635236951,29.56846863316968,167.29909716201476,792.736509854294,5.16527824464325,3676.17580245473,3676.17580245473,0.0,0.0,1815.727678422712,9395.741461063273,0.0,3640.411923876401,728.0823847752803,23.836021797789705,0.0,0.0,0.0,1.1368683772161603e-13,0.0
2025-01-15 20:00:00+00:00,0,71.0,2910.839210415089,699.4053021690206,1508.922789150406,702.5111190956628,699.4053021690206,672.5249144780713,26.8803876909493,4484.876528729382,659.8291337233775,39.576168445643134,0.0,1508.922789150406,702.5111190956628,0.0,959.7514672340036,299.9223335106261,702.5111190956628,936.6814921275504,234.1703730318876,39.576168445643134,13.192056148547712,1561.6910137445968,23.42536520616895,37.20356697396475,30.178455783008122,170.9732113900489,809.0653620442522,3719.9045724593407,6220.61240335217,6220.61240335217,0.0,0.0,4324.179443990616,4825.182142361552,0.0,0.0,728.0823847752803,23.830602122567623,0.0,0.0,0.0,-4.547473508864641e-13,0.0
2025-01-15 21:00:00+00:00,0,71.0,2858.059779910936,687.1139310173967,1481.7363456560317,689.2095032375065,687.1139310173967,660.3389990233344,26.774931994062264,4484.876528729382,648.0181011445959,39.09582987280078,1191.153764406162,290.5825812498697,689.2095032375065,0.0,942.5717834830486,294.5536823384527,1880.3632676436687,2507.1510235248916,626.7877558812229,39.09582987280078,13.031943290933592,342.7103544136041,5.140655316204061,48.43835958955732,5.811651624997394,167.9376002547163,1161.7016482960842,4019.76142820702,6197.3650342826,6197.3650342826,0.0,0.0,2747.6422272746604,1923.2768019982395,0.0,0.0,728.0823847752803,23.8284423499016,0.0,0.0,0.0,-2.2737367544323206e-13,0.0
2025-01-15 22:00:00+00:00,0,71.0,2908.4096275591255,699.056392990237,1509.0340972876875,700.3191372812004,699.056392990237,672.0156449099298,27.04074808030714,4484.876528729382,659.7777485544145,39.27864443582246,1180.0441303624684,328.98996692521905,700.3191372812005,-1.1368683772161603e-13,959.6767251700576,299.898976615643,1880.363267643669,2507.1510235248916,626.7877558812229,39.27864443582234,13.092881478607447,381.36149283964886,5.720422392594733,48.98431462219044,6.579799338504381,170.83447839269857,1171.8986287214616,4080.308256280587,5290.28648466948,5290.28648466948,0.0,0.0,1823.458735974531,0.0,0.0,0.0,728.0823847752803,23.825280346618825,0.0,0.0,0.0,0.0,0.0
2025-01-15 23:00:00+00:00,0,71.0,2895.535406614037,695.4148354210683,1501.930463692182,698.1901075007881,695.4148354210683,668.6372818564012,26.777553564667134,4484.876528729382,656.5843340754496,38.8305013456187,1182.1731601428805,319.75730354930147,698.1901075007881,0.0,955.0317586551995,298.44742457974985,1880.3632676436687,2507.1510235248916,626.7877558812229,38.8305013456187,12.943500448539567,371.53130534345974,5.572969580151896,48.842241950280325,6.39514607098603,169.98377308766558,1168.972811598596,7704.920142089034,2902.4756411726703,2902.47564117267,4.547473508864641e-13,559.7071410074211,0.0,531.72178395705,3640.411923876401,0.0,4181.6803749807605,23.826877023277866,0.0,0.0,0.0,-4.547473508864641e-13,-2.2737367544323206e-13
2025-03-21 00:00:00+00:00,1,14.0,4576.190816440603,1088.9907106047176,2369.05938571228,1118.140720123604,1088.9907106047176,1048.8971633242315,40.093547280485964,4484.876528729382,0.0,1088.9907106047176,0.0,2369.05938571228,0.0,1118.140720123604,0.0,0.0,0.0,0.0,0.0,2207.131430728322,735.7104769094407,5311.901293350043,79.67851940025064,47.3811877142456,47.3811877142456,266.85017223458294,1177.0015439727654,5753.192360413367,0.0,0.0,0.0,0.0,0.0,15272.63063244698,0.0,0.0,728.0823847752803,23.71467531826866,0.0,0.0,0.0,-1.3642420526593924e-12,0.0
2025-03-21 01:00:00+00:00,1,14.0,3752.032514841168,893.0967146995478,1941.9888757873039,916.946924354316,893.0967146995479,860.1075493885072,32.98916531104061,4484.876528729382,0.0,893.0967146995478,0.0,1941.9888757873039,0.0,916.946924354316,0.0,0.0,0.0,0.0,0.0,1810.043639053864,603.3478796846213,4355.380394525789,65.33070591788683,38.83977751574608,38.83977751574608,218.84490368006968,965.2030443140699,4717.23555915524,0.0,0.0,0.0,0.0,0.0,15242.085371182087,0.0,0.0,728.0823847752803,23.766464516736757,0.0,0.0,0.0,1.7053025658242404e-12,0.0
2025-03-21 02:00:00+00:00,1,14.0,4490.833738574025,1068.5511364154434,2326.183704619598,1096.0988975389807,1068.5511364154434,1029.506392669557,39.04474374588638,4484.876528729382,0.0,1068.5511364154434,0.0,2326.183704619598,0.0,1096.0988975389807,0.0,0.0,0.0,0.0,0.0,2164.650033954424,721.5500113181414,5212.383749892164,78.18575624838246,46.52367409239196,46.52367409239196,261.81637884184715,1154.599494593155,5645.43323316718,0.0,0.0,0.0,0.0,0.0,15211.601200439725,0.0,0.0,728.0823847752803,23.721529388466383,0.0,0.0,0.0,2.2737367544323206e-13,0.0
2025-03-21 03:00:00+00:00,1,14.0,3516.3896015150417,837.3833387658696,1822.3479218792086,856.6583408699628,837.3833387658696,806.7675873072902,30.61575145857931,4484.876528729382,0.0,837.3833387658696,0.0,1822.3479218792086,0.0,856.6583408699628,0.0,0.0,0.0,0.0,0.0,1694.0416796358322,564.6805598786108,4081.0701613936517,61.216052420904774,36.44695843758417,36.44695843758417,205.1170637260493,903.9075929007332,6919.61503090467,0.0,0.0,0.0,0.0,0.0,15181.177998038847,2499.3178364888972,0.0,3099.143472772042,23.78288681848319,0.0,0.0,0.0,-2.2737367544323206e-12,0.0
2025-03-21 04:00:00+00:00,1,14.0,3028.9048086142343,721.600456258577,1570.3423109838095,736.9620413718501,721.6004562585771,695.2774991362563,26.322957122320712,4484.876528729382,0.0,721.600456258577,0.0,1570.3423109838095,0.0,736.9620413718501,0.0,0.0,0.0,0.0,0.0,1458.562497630427,486.18749921014233,3515.0923078243786,52.726384617365675,31.40684621967619,31.40684621967619,176.72492248936888,778.4524987562291,7447.769231246864,0.0,0.0,0.0,0.0,0.0,15150.815642042771,3640.411923876401,0.0,6552.741462977522,23.81409844737229,0.0,0.0,0.0,4.547473508864641e-13,0.0
2025-03-21 05:00:00+00:00,1,14.0,4635.98210501564,1103.9533498304627,2404.3207243450224,1127.7080308401564,1103.9533498304625,1063.9871587917735,39.966191038689075,4484.876528729382,0.0,1103.9533498304627,0.0,2404.3207243450224,0.0,1127.7080308401564,0.0,0.0,0.0,0.0,0.0,2231.661380670619,743.8871268902063,5379.869231905848,80.69803847858772,48.08641448690045,48.08641448690045,270.37414273963753,1191.1321370822325,5827.114242097871,0.0,0.0,0.0,0.0,0.0,15120.514010758687,0.0,0.0,6552.741462977522,23.71625531163765,0.0,0.0,0.0,-9.094947017729282e-13,0.0
2025-03-21 06:00:00+00:00,1,14.0,3635.065831251845,865.8317290209645,1884.909112899313,884.3249893315696,865.8317290209645,834.3521521123333,31.479576908631216,4484.876528729382,0.0,865.8317290209645,0.0,1884.909112899313,0.0,884.3249893315696,0.0,0.0,0.0,0.0,0.0,1750.156718352534,583.385572784178,4218.4514040360245,63.27677106054037,37.69818225798626,37.69818225798626,212.05048591992156,934.1091942806123,4569.175025532458,0.0,0.0,0.0,0.0,0.0,15090.272982737171,0.0,0.0,6552.741462977522,23.777019249945685,0.0,0.0,0.0,5.684341886080801e-13,0.0
2025-03-21 07:00:00+00:00,1,14.0,2470.475698291082,589.073839610737,1280.2053474276886,601.1965112526569,589.073839610737,567.3694109372295,21.70442867350745,4484.876528729382,0.0,589.073839610737,0.0,1280.2053474276886,0.0,601.1965112526569,0.0,0.0,0.0,0.0,0.0,1190.270350863394,396.7567836211313,2867.232481912214,43.00848722868321,25.604106948553774,25.604106948553774,144.25576356295517,635.2292483098772,3105.7049466009585,0.0,0.0,0.0,0.0,0.0,15060.0924367717,0.0,0.0,6552.741462977522,23.848697107000525,0.0,0.0,0.0,-9.094947017729282e-13,0.0
2025-03-21 08:00:00+00:00,1,14.0,2446.126005063638,582.9891193370585,1267.8281911711572,595.3086945554223,582.9891193370585,561.5170752714075,21.472044065650962,4484.876528729382,0.0,582.9891193370585,0.0,1267.8281911711572,0.0,595.3086945554223,0.0,0.0,0.0,0.0,0.0,1178.297813892481,392.7659379641603,2838.8919430277983,42.58337914541697,25.356563823423144,25.356563823423144,142.77450776337218,628.8369525197957,3074.9629575834338,0.0,0.0,0.0,0.0,0.0,15029.972251898158,0.0,0.0,6552.741462977522,23.848298741289934,0.0,0.0,0.0,2.2737367544323206e-13,0.0
2025-03-21 09:00:00+00:00,1,14.0,2455.700848684079,585.6035431690217,1273.188797891676,596.9085076233808,585.6035431690217,563.9258511877366,21.67769198128503,4484.876528729382,0.0,585.6035431690217,0.0,1273.188797891676,0.0,596.9085076233808,0.0,0.0,0.0,0.0,0.0,1182.5120507924025,394.17068359746753,2849.871532281546,42.748072984223185,25.46377595783352,25.46377595783352,143.3854142747925,631.2317227721503,3086.932571456229,0.0,0.0,0.0,0.0,0.0,14999.912307394363,0.0,0.0,6552.741462977522,23.846251559282816,0.0,0.0,0.0,-2.2737367544323206e-13,0.0
2025-03-21 10:00:00+00:00,1,14.0,2562.0348076078476,613.9227762792375,1335.120613837456,612.9914174911529,613.9227762792375,591.5976810563739,22.325095222863638,4484.876528729382,0.0,613.9227762792375,0.0,1335.120613837456,311.6223963816561,301.3690211094968,0.0,0.0,311.6223963816561,415.49652850887475,103.87413212721869,915.2917973887343,305.09726579624476,2555.509677022435,38.33264515533652,29.81863624056568,26.70241227674912,149.99121038752753,653.8163019836422,3215.85110959149,5.684341886080802e-14,0.0,5.684341886080802e-14,415.4965285088747,0.0,15364.634184863007,0.0,0.0,6552.741462977522,23.845010642331072,0.0,0.0,0.0,2.2737367544323206e-13,0.0
2025-03-21 11:00:00+00:00,1,14.0,2488.264137829577,595.0202664855327,1293.2309161351088,600.0129552089353,595.0202664855327,573.2252656666801,21.795000818852625,4484.876528729382,0.0,595.0202664855327,0.0,1293.2309161351088,24.25994871293915,575.7530064959961,0.0,0.0,24.25994871293915,32.346598283918865,8.086649570979716,1170.7732729815289,390.25775766050964,2854.2619467771474,42.81392920165721,26.10721780983157,25.864618322702178,145.52449478524767,638.6546673509281,919.6894335827367,0.0,0.0,0.0,32.346598283918865,0.0,15364.634184863007,0.0,2207.229371597768,4226.117418753818,23.848930254428346,0.0,0.0,0.0,-2.2737367544323206e-13,0.0
2025-03-21 12:00:00+00:00,1,14.0,2638.836141428213,627.5409538392803,1362.0795156319355,649.2156719569954,627.5409538392803,603.8694932858488,23.67146055343154,4484.876528729382,0.0,627.5409538392803,0.0,1362.0795156319355,24.25994871293915,624.9557232440562,0.0,0.0,24.25994871293915,32.346598283918865,8.086649570979716,1252.4966770833366,417.4988923611122,3032.0750850763843,45.481126276145766,27.484189799768103,27.24159031263871,153.8988229821427,679.6912713027871,0.0,0.0,0.0,0.0,32.346598283918865,0.0,15364.634184863007,0.0,3318.5274127310004,728.0823847752803,23.833091148911514,0.0,0.0,0.0,2.2737367544323206e-13,0.0
2025-03-21 13:00:00+00:00,1,14.0,2567.667681468264,614.2391020546445,1332.4191550696787,621.0094243439414,614.2391020546446,591.2231813199843,23.01592073466026,4484.876528729382,0.0,614.2391020546445,0.0,1332.4191550696787,0.0,621.0094243439414,0.0,0.0,0.0,0.0,0.0,1235.248526398586,411.74950879952866,2979.4171902677936,44.691257854016904,26.648383101393573,26.648383101393573,150.26311377996157,660.0006466362943,3227.6683281045575,0.0,0.0,0.0,0.0,0.0,15333.904916493284,0.0,0.0,728.0823847752803,23.84117579062792,0.0,0.0,0.0,-9.094947017729282e-13,0.0
2025-03-21 14:00:00+00:00,1,14.0,2514.518970629087,601.2777851861886,1304.5914398869998,608.6497455558989,601.2777851861885,578.7700301443903,22.50775504179824,4484.876528729382,0.0,601.2777851861886,0.0,1304.5914398869998,0.0,608.6497455558989,0.0,0.0,0.0,0.0,0.0,1209.9275307420876,403.3091769140292,2917.8281475431168,43.76742221314675,26.091828797739996,26.091828797739996,147.11099434414547,646.3712510668014,3160.890221695889,0.0,0.0,0.0,0.0,0.0,15303.2371066603,0.0,0.0,728.0823847752803,23.84420390978205,0.0,0.0,0.0,5.684341886080801e-13,0.0
2025-03-21 15:00:00+00:00,1,14.0,2476.830108709238,592.7498209914461,1286.960539778077,597.1197479397173,592.749820991446,570.7367694522725,22.013051539173514,4484.876528729382,0.0,592.7498209914461,0.0,1286.960539778077,0.0,597.1197479397173,0.0,0.0,0.0,0.0,0.0,1189.8695689311635,396.62318964372116,2873.4532983529616,43.10179947529442,25.73921079556154,25.73921079556154,144.95074522562527,636.1541559357638,5612.302101133899,0.0,0.0,0.0,0.0,0.0,15272.63063244698,2499.3178364888972,0.0,3099.143472772042,23.847782920016193,0.0,0.0,0.0,-4.547473508864641e-13,0.0
2025-03-21 16:00:00+00:00,1,14.0,2427.784647119749,580.2709317457296,1260.3973366870957,587.1163786869245,580.2709317457296,558.9011674660308,21.369764279698895,4484.876528729382,0.0,580.2709317457296,0.0,1260.3973366870957,0.0,587.1163786869245,0.0,0.0,0.0,0.0,0.0,1167.387310432654,389.1291034775513,2816.9137505973013,42.25370625895952,25.207946733741917,25.207946733741917,141.96718751252484,623.7658907165195,6691.96246171267,0.0,0.0,0.0,0.0,0.0,15242.08537118209,3640.411923876401,0.0,6552.741462977522,23.85281544000545,0.0,0.0,0.0,4.547473508864641e-13,0.0
2025-03-21 17:00:00+00:00,1,14.0,2607.7242161239196,624.0668635221544,1354.5778255262721,629.0795270754935,624.0668635221544,601.1677507216874,22.899112800467062,4484.876528729382,0.0,624.0668635221544,0.0,1354.5778255262721,120.81551401837942,508.2640130571141,0.0,0.0,120.81551401837942,161.0873520245059,40.27183800612647,1132.3308765792685,377.44362552642286,2864.352327631964,42.965284914479454,28.299711650709238,27.091556510525443,152.62277329820364,668.6947899064671,0.0,0.0,0.0,0.0,161.0873520245059,0.0,15364.634184863007,0.0,3276.419006030387,3099.0925869371954,23.84583358071595,0.0,0.0,0.0,4.547473508864641e-13,0.0
2025-03-21 18:00:00+00:00,1,14.0,3405.2650082195255,816.719178477561,1770.206354810111,818.3394749318529,816.719178477561,786.4449418027309,30.274236674829993,4484.876528729382,0.0,816.719178477561,0.0,1770.206354810111,24.25994871293915,794.0795262189138,0.0,0.0,24.25994871293915,32.346598283918865,8.086649570979716,1610.7987046964747,536.9329015654915,3917.937961072077,58.76906941608115,35.646726583331606,35.40412709620222,199.60638888101653,874.4458631131029,4279.710871332628,0.0,0.0,0.0,32.346598283918865,0.0,15364.634184863007,0.0,0.0,3099.0925869371954,23.799079949672084,0.0,0.0,0.0,-4.547473508864641e-13,0.0
2025-03-21 19:00:00+00:00,1,14.0,3403.97539606335,817.3694156786466,1768.158343497876,818.4476368868283,817.3694156786466,786.3662830594653,31.003132619181308,4484.876528729382,0.0,817.3694156786466,0.0,1768.158343497876,24.25994871293915,794.1876881738891,0.0,0.0,24.25994871293915,32.346598283918865,8.086649570979716,1611.5571038525359,537.1857012841787,3916.9011486345908,58.753517229518856,35.605766357086914,35.363166869957524,199.74677819451742,874.7415795062391,4278.716975569589,0.0,0.0,0.0,32.346598283918865,0.0,15364.634184863007,0.0,0.0,3099.0925869371954,23.79450412118984,0.0,0.0,0.0,-6.821210263296962e-13,0.0
2025-03-21 20:00:00+00:00,1,14.0,2965.7143758801526,712.7069704015842,1537.5548744650296,715.4525310135386,712.706970401584,685.1251578854227,27.581812516161378,4484.876528729382,0.0,712.7069704015842,0.0,1537.5548744650296,24.25994871293915,691.1925823005995,0.0,0.0,24.25994871293915,32.346598283918865,8.086649570979716,1403.8995527021837,467.96651756739453,3409.4209447346075,51.14131417101911,30.993696976429984,30.75109748930059,174.2096598180601,763.1489355931841,3728.863311473336,0.0,0.0,0.0,32.346598283918865,0.0,15364.634184863007,0.0,0.0,3099.0925869371954,23.82199430675864,0.0,0.0,0.0,-5.684341886080801e-13,0.0
2025-03-21 21:00:00+00:00,1,14.0,4367.399333036642,1047.620757867513,2261.1142996823023,1058.6642754868276,1047.620757867513,1006.862007845248,40.758750022265,4484.876528729382,0.0,1047.620757867513,0.0,2261.1142996823023,24.25994871293915,1034.4043267738884,0.0,0.0,24.25994871293915,32.346598283918865,8.086649570979716,2082.0250846414015,694.0083615471339,5037.147745870838,75.55721618806257,45.464885480775436,45.22228599364605,256.25667825183666,1124.5960770324346,3242.6576317706963,0.0,0.0,0.0,32.346598283918865,0.0,15364.634184863007,0.0,2249.3377782983807,728.0823847752803,23.73153238562141,0.0,0.0,0.0,9.094947017729282e-13,0.0
2025-03-21 22:00:00+00:00,1,14.0,4044.7511990677795,969.8311543617183,2095.097408853617,979.8226358524455,969.8311543617183,932.2147622791045,37.616392082613714,4484.876528729382,0.0,969.8311543617183,0.0,2095.097408853617,0.0,979.8226358524455,0.0,0.0,0.0,0.0,0.0,1949.6537902141638,649.8845967380546,4694.635795805835,70.41953693708753,41.901948177072335,41.901948177072335,237.2242622322488,1041.3322922615355,5086.083491329314,0.0,0.0,0.0,0.0,0.0,15333.904916493284,0.0,0.0,728.0823847752803,23.748757308893826,0.0,0.0,0.0,-1.1368683772161603e-12,0.0
2025-03-21 23:00:00+00:00,1,14.0,3180.2473885094764,764.7288466282549,1648.9179723018976,766.6005695793217,764.728846628255,735.0790342725093,29.649812355745745,4484.876528729382,0.0,764.7288466282549,0.0,1648.9179723018976,0.0,766.6005695793217,0.0,0.0,0.0,0.0,0.0,1531.3294162075767,510.4431387358589,3690.690527245333,55.360357908679994,32.978359446037956,32.978359446037956,186.89965397432002,818.6598695109349,3998.907258020411,0.0,0.0,0.0,0.0,0.0,15303.2371066603,0.0,0.0,728.0823847752803,23.81008488548445,0.0,0.0,0.0,-2.2737367544323206e-13,0.0
2025-03-23 00:00:00+00:00,2,1.0,3047.0827957348697,729.610291677043,1580.1301101257275,737.3423939320986,729.610291677043,702.1785514918737,27.431740185169375,4484.876528729382,0.0,729.610291677043,0.0,1580.1301101257275,0.0,737.3423939320986,0.0,0.0,0.0,0.0,0.0,1466.9526856091416,488.9842285363805,3536.0670242712495,53.04100536406874,31.60260220251455,31.60260220251455,178.4765545192138,783.7069928246921,7471.201712435963,0.0,0.0,0.0,0.0,0.0,15272.63063244698,3640.411923876401,0.0,4181.6803749807605,23.816727639741305,0.0,0.0,0.0,-4.547473508864641e-13,0.0
2025-03-23 01:00:00+00:00,2,1.0,3689.539622469024,882.2200219636519,1912.8662896809942,894.4533108243771,882.2200219636519,849.1850044584338,33.035017505218114,4484.876528729382,0.0,882.2200219636519,0.0,1912.8662896809942,0.0,894.4533108243771,0.0,0.0,0.0,0.0,0.0,1776.673332788029,592.2244442626763,4281.764066731699,64.22646100097549,38.257325793619884,38.257325793619884,215.88543156361254,948.8509884145042,4638.390610883528,0.0,0.0,0.0,0.0,0.0,15242.085371182087,0.0,0.0,4181.6803749807605,23.77489795633562,0.0,0.0,0.0,0.0,0.0
2025-03-23 02:00:00+00:00,2,1.0,4766.883972927061,1139.7495919908847,2469.662666973052,1157.4717139631282,1139.7495919908845,1096.855410876102,42.89418111478251,4484.876528729382,0.0,1139.7495919908847,0.0,2469.662666973052,0.0,1157.4717139631282,0.0,0.0,0.0,0.0,0.0,2297.2213059540127,765.7404353180042,5532.6244082450685,82.98936612367602,49.39325333946105,49.39325333946105,278.95274507323484,1226.4690531938372,5993.353026120898,0.0,0.0,0.0,0.0,0.0,15211.601200439725,0.0,0.0,4181.6803749807605,23.709285953468562,0.0,0.0,0.0,-4.547473508864641e-13,0.0
2025-03-23 03:00:00+00:00,2,1.0,5065.620620082867,1211.1493036648021,2627.210843604532,1227.2604728135316,1211.1493036648021,1165.9554288841014,45.19387478070067,4484.876528729382,0.0,1211.1493036648021,0.0,2627.210843604532,0.0,1227.2604728135316,0.0,0.0,0.0,0.0,0.0,2438.4097764783337,812.8032588261112,5878.423878908977,88.17635818363465,52.54421687209064,52.54421687209064,296.3599831317383,1302.4280338856654,6368.0486539685335,0.0,0.0,0.0,0.0,0.0,15181.177998038847,0.0,0.0,4181.6803749807605,23.6911775587432,0.0,0.0,0.0,6.821210263296962e-13,0.0
2025-03-23 04:00:00+00:00,2,1.0,4612.233252327111,1102.602144235537,2391.5545935171745,1118.0765145744006,1102.602144235537,1061.5432047678075,41.0589394677295,4484.876528729382,0.0,1102.602144235537,0.0,2391.5545935171745,0.0,1118.0765145744006,0.0,0.0,0.0,0.0,0.0,2220.6786588099376,740.2262196033125,5352.459471930424,80.28689207895636,47.83109187034349,47.83109187034349,269.81966392945606,1185.994959352412,5798.228211679522,0.0,0.0,0.0,0.0,0.0,15150.815642042771,0.0,0.0,4181.6803749807605,23.721051716403274,0.0,0.0,0.0,-4.547473508864641e-13,0.0
2025-03-23 05:00:00+00:00,2,1.0,4918.4003314097545,1175.4494034714185,2550.482647502844,1192.468280435491,1175.4494034714185,1131.6885544583356,43.760849013082925,4484.876528729382,0.0,1175.4494034714185,0.0,2550.482647502844,0.0,1192.468280435491,0.0,0.0,0.0,0.0,0.0,2367.9176839069096,789.3058946356365,5707.7062260453895,85.61559339068084,51.00965295005688,51.00965295005688,287.6609364494377,1264.6017303758688,8682.31989827452,0.0,0.0,0.0,0.0,0.0,15120.514010758687,2499.3178364888972,0.0,6552.741462977522,23.70037134889034,0.0,0.0,0.0,-9.094947017729282e-13,0.0
2025-03-23 06:00:00+00:00,2,1.0,4640.041575661417,1109.0810250818136,2405.396792761171,1125.5637578184303,1109.0810250818136,1067.750402220712,41.3306228611015,4484.876528729382,0.0,1109.0810250818136,0.0,2405.396792761171,0.0,1125.5637578184303,0.0,0.0,0.0,0.0,0.0,2234.6447829002436,744.8815943000812,5384.923169961496,80.77384754942243,48.107935855223424,48.107935855223424,271.42896407654473,1193.3002776364951,5833.341853297911,0.0,0.0,0.0,0.0,0.0,15090.272982737171,0.0,0.0,6552.741462977522,23.71938128805723,0.0,0.0,0.0,-4.547473508864641e-13,0.0
2025-03-23 07:00:00+00:00,2,1.0,4423.780537253034,1057.8326018033226,2292.470805287266,1073.477130162448,1057.8326018033226,1018.1178533654016,39.71474843792109,4484.876528729382,0.0,1057.8326018033226,0.0,2292.470805287266,0.0,1073.477130162448,0.0,0.0,0.0,0.0,0.0,2131.309731965771,710.4365773219237,5134.217114574961,77.0132567186244,45.84941610574532,45.84941610574532,258.88222163149777,1138.0308878835365,5561.81142513657,0.0,0.0,0.0,0.0,0.0,15060.0924367717,0.0,0.0,6552.741462977522,23.73157770544601,0.0,0.0,0.0,-6.821210263296962e-13,0.0
2025-03-23 08:00:00+00:00,2,1.0,2525.460535255602,604.6510133766744,1308.6688253262337,612.140696552694,604.6510133766743,581.8410302546306,22.80998312204374,4484.876528729382,0.0,604.6510133766744,0.0,1308.6688253262337,0.0,612.140696552694,0.0,0.0,0.0,0.0,0.0,1216.7917099293684,405.5972366431228,2931.057771898725,43.96586657848088,26.173376506524676,26.173376506524676,147.93762248808355,649.8474787227366,3175.3080139783383,0.0,0.0,0.0,0.0,0.0,15029.972251898158,0.0,0.0,6552.741462977522,23.848924208363826,0.0,0.0,0.0,-1.1368683772161603e-13,0.0
2025-03-23 09:00:00+00:00,2,1.0,4083.5344389885936,976.4012559239112,2115.5107795756658,991.6224034890151,976.4012559239112,939.5002699164393,36.900986007471914,4484.876528729382,0.0,976.4012559239112,0.0,2115.5107795756658,0.0,991.6224034890151,0.0,0.0,0.0,0.0,0.0,1968.0236594129265,656.0078864709754,4739.542325459568,71.09313488189352,42.31021559151332,42.31021559151332,238.9750175804452,1050.6964701163408,5134.230909104934,0.0,0.0,0.0,0.0,0.0,14999.912307394363,0.0,0.0,6552.741462977522,23.748655001007272,0.0,0.0,0.0,-6.821210263296962e-13,0.0
2025-03-23 10:00:00+00:00,2,1.0,2599.533019262855,622.7142342585913,1343.5982283669155,633.2205566373494,622.7142342585913,598.5055326760945,24.208701582496836,4484.876528729382,3.907985046680551e-14,622.7142342585913,0.0,1343.5982283669155,311.622396381656,321.5981602556934,5.684341886080802e-14,1.7763568394002505e-14,311.622396381656,415.4965285088747,103.87413212721867,944.3123945142847,314.7707981714282,2602.681421052628,39.040221315789424,29.98818853115487,26.87196456733831,152.42505955724164,666.9703642701712,1108.313169346824,5.684341886080802e-14,0.0,5.684341886080802e-14,415.4965285088747,0.0,15364.634184863007,0.0,2158.190214186202,4277.809229405843,23.841591166348604,0.0,0.0,0.0,-1.1368683772161603e-13,0.0
2025-03-23 11:00:00+00:00,2,1.0,2678.3055703265177,640.8662967416635,1386.6325828066713,650.8066907781829,640.8662967416635,616.4330062285318,24.43329051313173,4484.876528729382,0.0,640.8662967416635,0.0,1386.6325828066713,24.25994871293915,626.5467420652437,0.0,0.0,24.25994871293915,32.346598283918865,8.086649570979716,1267.4130388069073,422.47101293563577,3076.5166345492144,46.147749518238214,27.97525114326282,27.732651656133427,156.84768499179873,689.2609998160486,0.0,0.0,0.0,0.0,32.346598283918865,0.0,15364.634184863007,0.0,3367.5665701425664,728.0823847752803,23.836065365351413,0.0,0.0,0.0,1.1368683772161603e-13,0.0
2025-03-23 12:00:00+00:00,2,1.0,3707.387082912041,884.9900889524763,1918.6198757054258,903.7771182541378,884.9900889524763,851.7285099950963,33.26157895738,4484.876528729382,0.0,884.9900889524763,0.0,1918.6198757054258,24.25994871293915,879.5171695411987,0.0,0.0,24.25994871293915,32.346598283918865,8.086649570979716,1764.507258493675,588.1690861645583,4271.296220363659,64.06944330545488,38.6149970012379,38.37239751410851,216.73206039403328,954.0446339503727,4661.431716862412,0.0,0.0,0.0,32.346598283918865,0.0,15364.634184863007,0.0,0.0,728.0823847752803,23.772706074468214,0.0,0.0,0.0,-1.7053025658242404e-12,0.0
2025-03-23 13:00:00+00:00,2,1.0,4774.338456629509,1139.2856206593221,2470.672615768923,1164.3802202012607,1139.2856206593221,1096.5556408722518,42.72997978707023,4484.876528729382,0.0,1139.2856206593221,0.0,2470.672615768923,0.0,1164.3802202012607,0.0,0.0,0.0,0.0,0.0,2303.6658408605826,767.8886136201942,5542.2270702497,83.13340605374549,49.413452315378464,49.413452315378464,279.0323541708125,1228.8812784755091,8502.537571593915,0.0,0.0,0.0,0.0,0.0,15333.904916493284,2499.3178364888972,0.0,3099.143472772042,23.706978405148323,0.0,0.0,0.0,0.0,0.0
2025-03-23 14:00:00+00:00,2,1.0,2979.168721184503,711.3336119727394,1541.5385366452665,726.2965725664988,711.3336119727394,684.9207009035425,26.412911069196852,4484.876528729382,0.0,711.3336119727394,0.0,1541.5385366452665,0.0,726.2965725664988,0.0,0.0,0.0,0.0,0.0,1437.6301845392381,479.2100615130794,3458.378782697584,51.87568174046376,30.830770732905332,30.830770732905332,174.19838955190167,766.9456742712554,7386.526319332159,0.0,0.0,0.0,0.0,0.0,15303.237106660301,3640.411923876401,0.0,6552.741462977522,23.82497238596536,0.0,0.0,0.0,-4.547473508864641e-13,0.0
2025-03-23 15:00:00+00:00,2,1.0,2661.2908495157944,634.2021751940689,1379.8770412439367,647.2116330777862,634.2021751940689,611.3786241854696,22.823551008599384,4484.876528729382,0.0,634.2021751940689,0.0,1379.8770412439367,0.0,647.2116330777862,0.0,0.0,0.0,0.0,0.0,1281.413808271855,427.1379360906183,3088.42878560641,46.32643178409615,27.597540824878735,27.597540824878735,155.30461932824494,683.9640688527169,3345.2549183685114,0.0,0.0,0.0,0.0,0.0,15272.630632446982,0.0,0.0,6552.741462977522,23.84323229259026,0.0,0.0,0.0,1.1368683772161603e-13,0.0
2025-03-23 16:00:00+00:00,2,1.0,2571.9426533617698,612.9424295025568,1333.3414092923492,625.6588145668617,612.9424295025568,590.7762945050133,22.16613499754347,4484.876528729382,0.0,612.9424295025568,0.0,1333.3414092923492,0.0,625.6588145668617,0.0,0.0,0.0,0.0,0.0,1238.6012440694185,412.86708135647285,2984.8097347182406,44.772146020773604,26.666828185846985,26.666828185846985,150.10288630416326,661.0757700531037,3233.0184234148733,0.0,0.0,0.0,0.0,0.0,15242.085371182091,0.0,0.0,6552.741462977522,23.84712385834484,0.0,0.0,0.0,-2.2737367544323206e-13,0.0
2025-03-23 17:00:00+00:00,2,1.0,2694.2734470521896,641.5402204855156,1396.9603620774546,655.77286448922,641.5402204855158,618.4241645783063,23.116055907209418,4484.876528729382,0.0,641.5402204855156,0.0,1396.9603620774546,120.81551401837805,534.9573504708419,0.0,0.0,120.81551401837805,161.08735202450407,40.27183800612602,1176.4975709563575,392.16585698545254,2965.6237900192646,44.48435685028897,29.147362381732876,27.939207241549095,157.13151262557855,691.1401340907281,3385.413581142917,0.0,0.0,0.0,161.08735202450407,0.0,15364.634184863007,0.0,0.0,6552.741462977522,23.83803605185269,0.0,0.0,0.0,-7.958078640513122e-13,0.0
2025-03-23 18:00:00+00:00,2,1.0,4148.013061258572,988.255544710242,2150.2188597756353,1009.5386567726955,988.255544710242,951.9708880604611,36.28465664978092,4484.876528729382,0.0,988.255544710242,0.0,2150.2188597756353,24.25994871293915,985.2787080597564,0.0,0.0,24.25994871293915,32.346598283918865,8.086649570979716,1973.5342527699984,657.8447509233328,4781.597863468966,71.7239679520345,43.2469766826421,43.00437719551271,242.03492044248725,1065.941642766989,5213.954704025561,0.0,0.0,0.0,32.346598283918865,0.0,15364.634184863007,0.0,0.0,6552.741462977522,23.742113023735165,0.0,0.0,0.0,4.547473508864641e-13,0.0
2025-03-23 19:00:00+00:00,2,1.0,4286.388019597032,1020.7891455256083,2221.8055940383947,1043.7932800330284,1020.7891455256082,983.5073691941034,37.28177633150485,4484.876528729382,0.0,1020.7891455256083,0.0,2221.8055940383947,24.25994871293915,1019.5333313200892,0.0,0.0,24.25994871293915,32.346598283918865,8.086649570979716,2040.3224768456976,680.1074922818992,4942.235563165992,74.13353344748988,44.678711367897286,44.436111880767896,250.03163456756985,1101.474133116604,3502.517292261268,0.0,0.0,0.0,32.346598283918865,0.0,15364.634184863007,0.0,1885.3448604523671,4565.413485003592,23.735337520267848,0.0,0.0,0.0,-1.5916157281026244e-12,0.0
2025-03-23 20:00:00+00:00,2,1.0,3276.2455494626297,779.8452125482391,1698.7560462824617,797.6442906319267,779.8452125482391,751.4919115985211,28.35330094971801,4484.876528729382,0.0,779.8452125482391,0.0,1698.7560462824617,24.25994871293915,773.3843419189875,0.0,0.0,24.25994871293915,32.346598283918865,8.086649570979716,1553.2295544672265,517.7431848224088,3769.728785572097,56.54593178358145,34.217720412778625,33.975120925649236,191.0211065812555,841.5897140966532,4117.835263559284,0.0,0.0,0.0,32.346598283918865,0.0,15364.634184863007,0.0,0.0,4565.413485003592,23.796729565978687,0.0,0.0,0.0,7.958078640513122e-13,0.0
2025-03-23 21:00:00+00:00,2,1.0,3539.052929292931,842.4194268386353,1833.5847207200286,863.0487817342685,842.4194268386353,811.488203028538,30.931223810097322,4484.876528729382,0.0,842.4194268386353,0.0,1833.5847207200286,24.25994871293915,838.7888330213293,0.0,0.0,24.25994871293915,32.346598283918865,8.086649570979716,1681.2082598599645,560.4027532866548,4075.195733866648,61.127936007999715,36.91429390152996,36.67169441440057,206.38423373660592,909.5875609181707,808.2285663347016,0.0,0.0,0.0,32.346598283918865,0.0,15364.634184863007,0.0,3640.411923876401,728.0823847752803,23.778123629069462,0.0,0.0,0.0,1.0231815394945443e-12,0.0
2025-03-23 22:00:00+00:00,2,1.0,4426.837872567179,1053.2072244331825,2290.3897097756626,1083.2409383583336,1053.2072244331825,1014.2486156967914,38.95860873639128,4484.876528729382,0.0,1053.2072244331825,0.0,2290.3897097756626,0.0,1083.2409383583336,0.0,0.0,0.0,0.0,0.0,2136.448162791516,712.149387597172,5138.987260164351,77.08480890246527,45.80779419551325,45.80779419551325,258.1347525355392,1138.984537426203,5565.822409993381,0.0,0.0,0.0,0.0,0.0,15333.904916493284,0.0,0.0,728.0823847752803,23.721595046944614,0.0,0.0,0.0,-6.821210263296962e-13,0.0
2025-03-23 23:00:00+00:00,2,1.0,4604.1904827817725,1095.1911801351303,2379.935058823794,1129.0642438228492,1095.1911801351303,1054.4617422035753,40.72943793155493,4484.876528729382,0.0,1095.1911801351303,0.0,2379.935058823794,0.0,1129.0642438228492,0.0,0.0,0.0,0.0,0.0,2224.2554239579795,741.4184746526598,5345.608957434433,80.1841343615165,47.59870117647588,47.59870117647588,268.4926795362736,1185.2926909034018,5789.483173685174,0.0,0.0,0.0,0.0,0.0,15303.2371066603,0.0,0.0,728.0823847752803,23.710875188271405,0.0,0.0,0.0,-4.547473508864641e-13,0.0
2025-04-12 00:00:00+00:00,3,40.0,3091.7851799709215,735.9251519783065,1607.5922903278083,748.2677376648076,735.9251519783064,710.0500542351282,25.875097743178273,4484.876528729382,0.0,735.9251519783065,0.0,1607.5922903278083,0.0,748.2677376648076,0.0,0.0,0.0,0.0,0.0,1484.192889643114,494.73096321437134,3586.516143185294,53.79774214777941,32.15184580655617,32.15184580655617,180.14909429687435,792.9814912721374,3884.766671243059,0.0,0.0,0.0,0.0,0.0,15272.63063244698,0.0,0.0,728.0823847752803,23.81352587012396,0.0,0.0,0.0,2.2737367544323206e-13,0.0
2025-04-12 01:00:00+00:00,3,40.0,3069.36490939459,732.146046658027,1596.6293685638864,740.5894941726764,732.146046658027,706.173440076995,25.972606581032018,4484.876528729382,0.0,732.146046658027,0.0,1596.6293685638864,0.0,740.5894941726764,0.0,0.0,0.0,0.0,0.0,1472.7355408307035,490.9118469435678,3560.2767563381576,53.404151345072364,31.932587371277727,31.932587371277727,179.12377998037718,787.3049530115728,7497.081786282564,0.0,0.0,0.0,0.0,0.0,15242.085371182087,3640.411923876401,0.0,4181.6803749807605,23.816547386225956,0.0,0.0,0.0,9.094947017729282e-13,0.0
2025-04-12 02:00:00+00:00,3,40.0,3040.409167427768,724.8152255120599,1580.045490914678,735.5484510010289,724.8152255120599,698.8416868806806,25.973538631379235,4484.876528729382,0.0,724.8152255120599,0.0,1580.045490914678,0.0,735.5484510010289,0.0,0.0,0.0,0.0,0.0,1460.3636765130886,486.78789217102957,3527.1970595987964,52.90795589398194,31.600909818293562,31.600909818293562,177.3913105286209,780.2889782302195,3820.6981456579874,0.0,0.0,0.0,0.0,0.0,15211.601200439725,0.0,0.0,4181.6803749807605,23.814777383997527,0.0,0.0,0.0,0.0,0.0
2025-04-12 03:00:00+00:00,3,40.0,3062.6154219436226,729.6259446483916,1591.8944898901461,741.0949874050842,729.6259446483917,703.5695929326034,26.056351715788267,4484.876528729382,0.0,729.6259446483916,0.0,1591.8944898901461,0.0,741.0949874050842,0.0,0.0,0.0,0.0,0.0,1470.7209320534757,490.24031068449193,3552.855732628114,53.292835989421704,31.837889797802923,31.837889797802923,178.5871357036532,785.7960619731728,6347.729320405691,0.0,0.0,0.0,0.0,0.0,15181.177998038847,2499.3178364888972,0.0,6552.741462977522,23.811577490847405,0.0,0.0,0.0,-9.094947017729282e-13,0.0
2025-04-12 04:00:00+00:00,3,40.0,3109.60323598824,740.7498430461764,1615.9616368649286,752.8917560771356,740.7498430461764,714.1780825181148,26.5717605280615,4484.876528729382,0.0,740.7498430461764,0.0,1615.9616368649286,0.0,752.8917560771356,0.0,0.0,0.0,0.0,0.0,1493.641599123312,497.880533041104,3607.4837690293443,54.11225653544016,32.31923273729857,32.31923273729857,181.3223151281686,797.9535701793098,3907.5568061675503,0.0,0.0,0.0,0.0,0.0,15150.815642042771,0.0,0.0,6552.741462977522,23.806948351674016,0.0,0.0,0.0,3.410605131648481e-13,0.0
2025-04-12 05:00:00+00:00,3,40.0,3108.01247362187,740.1742548345635,1615.4521090287808,752.3861097585274,740.1742548345636,713.7586729027277,26.41558193183591,4484.876528729382,0.0,740.1742548345635,0.0,1615.4521090287808,0.0,752.3861097585274,0.0,0.0,0.0,0.0,0.0,1492.560364593091,497.5201215310303,3605.532595152902,54.08298892729353,32.30904218057562,32.30904218057562,181.18416388228152,797.4053587017565,3905.417832323626,0.0,0.0,0.0,0.0,0.0,15120.514010758687,0.0,0.0,6552.741462977522,23.80774862153248,0.0,0.0,0.0,-4.547473508864641e-13,0.0
2025-04-12 06:00:00+00:00,3,40.0,3057.446493160741,728.5219528451652,1589.4009744087784,739.523565906797,728.5219528451652,702.6781804004042,25.84377244476098,4484.876528729382,0.0,728.5219528451652,0.0,1589.4009744087784,0.0,739.523565906797,0.0,0.0,0.0,0.0,0.0,1468.0455187519622,489.34850625065405,3546.7949994113947,53.20192499117092,31.788019488175568,31.788019488175568,178.3063467438779,784.432816962054,3841.879310122795,0.0,0.0,0.0,0.0,0.0,15090.272982737171,0.0,0.0,6552.741462977522,23.815488669530076,0.0,0.0,0.0,0.0,0.0
2025-04-12 07:00:00+00:00,3,40.0,3070.6544380104815,732.0555047610992,1594.1214742782604,744.4774589711224,732.0555047610992,705.704598161498,26.350906599601213,4484.876528729382,0.0,732.0555047610992,0.0,1594.1214742782604,0.0,744.4774589711224,0.0,0.0,0.0,0.0,0.0,1476.5329637322216,492.17765457740717,3562.832092587889,53.44248138881833,31.882429485565208,31.882429485565208,179.20467608937093,788.5896710267268,3859.244109037209,0.0,0.0,0.0,0.0,0.0,15060.0924367717,0.0,0.0,6552.741462977522,23.81538718191361,0.0,0.0,0.0,6.821210263296962e-13,0.0
2025-04-12 08:00:00+00:00,3,40.0,3024.258249840333,721.0113621329259,1569.8987245264864,733.3481631809174,721.0113621329259,695.0906799402277,25.92068219269823,4484.876528729382,0.0,721.0113621329259,0.0,1569.8987245264864,0.0,733.3481631809174,0.0,0.0,0.0,0.0,0.0,1454.3595253138433,484.78650843794776,3509.044758278277,52.63567137417416,31.397974490529727,31.397974490529727,176.50471383468437,776.7228426278657,3800.981092468198,0.0,0.0,0.0,0.0,0.0,15029.972251898158,0.0,0.0,6552.741462977522,23.819106175806773,0.0,0.0,0.0,-9.094947017729282e-13,0.0
2025-04-12 09:00:00+00:00,3,40.0,2952.048198650281,702.9385531547767,1531.4068275340117,717.7028179614911,702.9385531547766,677.7412527313837,25.197300423392953,4484.876528729382,0.0,702.9385531547767,0.0,1531.4068275340117,0.0,717.7028179614911,0.0,0.0,0.0,0.0,0.0,1420.6413711162677,473.54712370542256,3425.5953223557017,51.38392983533552,30.628136550680235,30.628136550680235,172.15267960820563,758.3400062503241,3710.388204900605,0.0,0.0,0.0,0.0,0.0,14999.912307394363,0.0,0.0,6552.741462977522,23.822809030320336,0.0,0.0,0.0,1.1368683772161603e-13,0.0
2025-04-12 10:00:00+00:00,3,40.0,2929.163055665478,697.1644383550082,1518.474825860213,713.523791450256,697.1644383550082,672.1231756896246,25.041262665383503,4484.876528729382,0.0,697.1644383550082,0.0,1518.474825860213,311.622396381656,401.9013950686,0.0,0.0,311.622396381656,415.4965285088747,103.87413212721867,1099.0658334236082,366.3552778078694,2983.895937091691,44.758439056375366,33.48572048102082,30.36949651720426,170.78450265810787,749.6275686477965,1793.4457638609076,0.0,0.0,0.0,415.4965285088747,0.0,15364.634184863007,0.0,1885.3448604523671,4565.413485003592,23.824217450033522,0.0,0.0,0.0,1.1368683772161603e-13,0.0
2025-04-12 11:00:00+00:00,3,40.0,3018.0422265829366,717.8634530233453,1564.0741720029753,736.1046015566162,717.8634530233453,692.0591242958566,25.804328727488773,4484.876528729382,0.0,717.8634530233453,0.0,1564.0741720029753,24.25994871293915,711.8446528436771,0.0,0.0,24.25994871293915,32.346598283918865,8.086649570979716,1429.7081058670224,476.5693686223408,3470.3516464923387,52.05527469738508,31.5240829271889,31.281483440059507,175.88971139323397,775.4065706511881,153.0368733577236,0.0,0.0,0.0,32.346598283918865,0.0,15364.634184863007,0.0,3640.411923876401,728.0823847752803,23.81690286823235,0.0,0.0,0.0,2.2737367544323206e-13,0.0
2025-04-12 12:00:00+00:00,3,40.0,2937.9634504198903,699.3273002074451,1523.0188484465787,715.6173017658667,699.3273002074451,674.1786369863751,25.14866322107003,4484.876528729382,0.0,699.3273002074451,0.0,1523.0188484465787,24.25994871293915,691.3573530529276,0.0,0.0,24.25994871293915,32.346598283918865,8.086649570979716,1390.6846532603727,463.56155108679087,3377.265052793742,50.65897579190613,30.702976456060966,30.460376968931573,171.3092605286771,754.7797904033463,3692.743240823236,0.0,0.0,0.0,32.346598283918865,0.0,15364.634184863007,0.0,0.0,728.0823847752803,23.82316776238788,0.0,0.0,0.0,-3.410605131648481e-13,0.0
2025-04-12 13:00:00+00:00,3,40.0,2936.394018063023,699.1627767351658,1521.1538525624355,716.0773887654204,699.1627767351658,673.5509534624531,25.611823272712794,4484.876528729382,0.0,699.1627767351658,0.0,1521.1538525624355,0.0,716.0773887654204,0.0,0.0,0.0,0.0,0.0,1415.2401655005863,471.74672183352874,3408.1407398965503,51.12211109844825,30.42307705124871,30.42307705124871,171.28242856289398,754.9974155973683,6190.709270149288,0.0,0.0,0.0,0.0,0.0,15333.904916493284,2499.3178364888972,0.0,3099.143472772042,23.818370643640225,0.0,0.0,0.0,0.0,0.0
2025-04-12 14:00:00+00:00,3,40.0,3007.658007168605,717.1355069670699,1560.5515666321246,729.9709335694121,717.1355069670699,690.8555089099422,26.27999805712772,4484.876528729382,0.0,717.1355069670699,0.0,1560.5515666321246,0.0,729.9709335694121,0.0,0.0,0.0,0.0,0.0,1447.1064405364818,482.3688135121606,3490.026820680767,52.3504023102115,31.21103133264249,31.21103133264249,175.56683581691115,772.7081143045683,3780.3661214731733,0.0,0.0,0.0,0.0,0.0,15303.237106660301,0.0,0.0,3099.143472772042,23.812923355665863,0.0,0.0,0.0,1.1368683772161603e-13,0.0
2025-04-12 15:00:00+00:00,3,40.0,3059.3822059163886,729.8221761940274,1589.3817220873011,740.1783076350617,729.8221761940274,703.3020751785613,26.520101015466125,4484.876528729382,0.0,729.8221761940274,0.0,1589.3817220873011,0.0,740.1783076350617,0.0,0.0,0.0,0.0,0.0,1470.0004838290893,490.0001612763631,3549.3823671927535,53.2407355078913,31.78763444174602,31.78763444174602,178.60385071396476,785.4200163817112,7485.214146174501,0.0,0.0,0.0,0.0,0.0,15272.630632446982,3640.411923876401,0.0,6552.741462977522,23.81061738476762,0.0,0.0,0.0,4.547473508864641e-13,0.0
2025-04-12 16:00:00+00:00,3,40.0,3006.305278603771,719.7818560144192,1561.4748977186189,725.0485248707325,719.7818560144192,692.7953885218525,26.986467492566675,4484.876528729382,0.0,719.7818560144192,0.0,1561.4748977186189,0.0,725.0485248707325,0.0,0.0,0.0,0.0,0.0,1444.8303808851517,481.61012696171724,3487.915405565488,52.31873108348232,31.229497954372377,31.229497954372377,176.01137169246294,772.3992256464073,3778.7045042501777,0.0,0.0,0.0,0.0,0.0,15242.08537118209,0.0,0.0,6552.741462977522,23.813259448719023,0.0,0.0,0.0,-6.821210263296962e-13,0.0
2025-04-12 17:00:00+00:00,3,40.0,3007.45062791119,718.8171012748055,1562.6278138811776,726.0057127552077,718.8171012748054,692.2227738261624,26.59432744864297,4484.876528729382,0.0,718.8171012748055,0.0,1562.6278138811776,120.81551401837942,605.1901987368283,0.0,0.0,120.81551401837942,161.0873520245059,40.27183800612647,1324.0073000116338,441.3357666705446,3327.9708805633563,49.91956320845034,32.460711417807346,31.252556277623555,175.82677791710563,771.067213497658,3778.5178414088477,0.0,0.0,0.0,161.0873520245059,0.0,15364.634184863007,0.0,0.0,6552.741462977522,23.811601336627522,0.0,0.0,0.0,-4.547473508864641e-13,0.0
2025-04-12 18:00:00+00:00,3,40.0,3066.3174869809536,733.8201474012708,1594.6979474221928,737.79939215749,733.8201474012707,706.7303457942082,27.08980160706247,4484.876528729382,0.0,733.8201474012708,0.0,1594.6979474221928,24.25994871293915,713.5394434445509,0.0,0.0,24.25994871293915,32.346598283918865,8.086649570979716,1447.3595908458217,482.45319694860723,3524.5107352166215,52.86766102824932,32.13655843557325,31.893958948443856,179.4089673533115,786.8469922851649,212.75255538971737,0.0,0.0,0.0,32.346598283918865,0.0,15364.634184863007,0.0,3640.411923876401,2715.4103627492104,23.810214705067562,0.0,0.0,0.0,-3.410605131648481e-13,0.0
2025-04-12 19:00:00+00:00,3,40.0,3014.1137776552564,720.2045942827376,1567.3171252160437,726.592058156477,720.2045942827376,694.0750414420345,26.12955284070315,4484.876528729382,0.0,720.2045942827376,0.0,1567.3171252160437,24.25994871293915,702.3321094435379,0.0,0.0,24.25994871293915,32.346598283918865,8.086649570979716,1422.5367037262754,474.1789012420918,3464.032730184411,51.96049095276616,31.588941991450266,31.346342504320873,176.14516385968125,773.30649012129,1902.07540732418,0.0,0.0,0.0,32.346598283918865,0.0,15364.634184863007,0.0,1885.3448604523667,728.0823847752803,23.816737386244768,0.0,0.0,0.0,5.684341886080801e-13,0.0
2025-04-12 20:00:00+00:00,3,40.0,2967.55226047756,708.903648321017,1543.5703833588464,715.0782287976969,708.903648321017,683.4367946036762,25.466853717340847,4484.876528729382,0.0,708.903648321017,0.0,1543.5703833588464,24.25994871293915,690.8182800847577,0.0,0.0,24.25994871293915,32.346598283918865,8.086649570979716,1399.7219284057746,466.5739761352582,3409.8662878998794,51.147994318498185,31.11400715430632,30.87140766717693,173.37977316116053,761.17380800738,3728.7260684849393,0.0,0.0,0.0,32.346598283918865,0.0,15364.634184863007,0.0,0.0,728.0823847752803,23.822267679899568,0.0,0.0,0.0,-7.958078640513122e-13,0.0
2025-04-12 21:00:00+00:00,3,40.0,2956.3872331650873,705.3567322651493,1537.7490178557891,713.281483044148,705.3567322651493,680.1398007609545,25.216931504194804,4484.876528729382,0.0,705.3567322651493,0.0,1537.7490178557891,24.25994871293915,689.0215343312088,0.0,0.0,24.25994871293915,32.346598283918865,8.086649570979716,1394.3782665963581,464.7927555321194,3396.9200399842666,50.953800599763994,30.997579844245177,30.754980357115784,172.5587052709154,758.1444711751394,3714.5317043402274,0.0,0.0,0.0,32.346598283918865,0.0,15364.634184863007,0.0,0.0,728.0823847752803,23.820571154463373,0.0,0.0,0.0,6.821210263296962e-13,0.0
2025-04-12 22:00:00+00:00,3,40.0,2970.19408654103,708.8811816836323,1542.773692265732,718.5392125916668,708.8811816836322,683.1472636659453,25.733918017686985,4484.876528729382,0.0,708.8811816836323,0.0,1542.773692265732,0.0,718.5392125916668,0.0,0.0,0.0,0.0,0.0,1427.4203942752993,475.80679809176644,3446.000884632798,51.69001326949196,30.85547384531464,30.85547384531464,173.4609053518365,762.6686644037243,3732.862750944753,0.0,0.0,0.0,0.0,0.0,15333.904916493284,0.0,0.0,728.0823847752803,23.819373034096866,0.0,0.0,0.0,-1.5916157281026244e-12,0.0
2025-04-12 23:00:00+00:00,3,40.0,3033.7416111196762,725.2231136103755,1574.3728518094117,734.1456456998902,725.2231136103757,698.3184557646008,26.904657845774835,4484.876528729382,0.0,725.2231136103755,0.0,1574.3728518094117,0.0,734.1456456998902,0.0,0.0,0.0,0.0,0.0,1459.368759310266,486.45625310342194,3520.1978642230997,52.8029679633465,31.487457036188236,31.487457036188236,177.43067710081547,779.6648122399605,3813.406423359636,0.0,0.0,0.0,0.0,0.0,15303.2371066603,0.0,0.0,728.0823847752803,23.814806401292408,0.0,0.0,0.0,-7.958078640513122e-13,0.0
2025-06-08 00:00:00+00:00,4,59.0,2668.226443465902,641.4607330624758,1394.728124828323,632.037585575102,641.4607330624758,617.6718589649262,23.78887409754962,4484.876528729382,0.0,641.4607330624758,0.0,1394.728124828323,0.0,632.037585575102,0.0,0.0,0.0,0.0,0.0,1273.4983186375778,424.4994395458593,3092.72588301176,46.3908882451764,27.89456249656646,27.89456249656646,156.49998889791678,683.1794416820853,5850.723721636885,0.0,0.0,0.0,0.0,0.0,15272.63063244698,2499.3178364888972,0.0,3099.143472772042,23.829542639655333,0.0,0.0,0.0,4.547473508864641e-13,0.0
2025-06-08 01:00:00+00:00,4,59.0,2697.086106739959,644.7824916822184,1402.3367727529155,649.9668423048237,644.7824916822183,619.6417066372169,25.14078504500144,4484.876528729382,0.0,644.7824916822184,0.0,1402.3367727529155,0.0,649.9668423048237,0.0,0.0,0.0,0.0,0.0,1294.749333987042,431.583111329014,3128.6692180689715,46.93003827103457,28.04673545505831,28.04673545505831,157.6934109042533,692.3000314144185,3389.386138154377,0.0,0.0,0.0,0.0,0.0,15242.085371182087,0.0,0.0,3099.143472772042,23.8135091603726,0.0,0.0,0.0,-6.821210263296962e-13,0.0
2025-06-08 02:00:00+00:00,4,59.0,2748.2279820414296,657.0037704819595,1429.0743609149704,662.1498506444993,657.0037704819595,631.2094164550155,25.794354026943957,4484.876528729382,0.0,657.0037704819595,0.0,1429.0743609149704,0.0,662.1498506444993,0.0,0.0,0.0,0.0,0.0,1319.1536211264588,439.7178737088196,3187.9458557502485,47.819187836253725,28.581487218299408,28.581487218299408,160.67797392503059,705.3780099067028,7094.017915824532,0.0,0.0,0.0,0.0,0.0,15211.601200439725,3640.411923876401,0.0,6552.741462977522,23.810869050651647,0.0,0.0,0.0,-1.3642420526593924e-12,0.0
2025-06-08 03:00:00+00:00,4,59.0,2787.1014940741543,666.444480182093,1450.7967351484808,669.8602787435789,666.444480182093,640.6571868437525,25.7872933383405,4484.876528729382,0.0,666.444480182093,0.0,1450.7967351484808,0.0,669.8602787435789,0.0,0.0,0.0,0.0,0.0,1336.3047589256719,445.43491964189064,3232.536413716043,48.488046205740645,29.015934702969616,29.015934702969616,162.94080629450053,714.8956415480711,3501.997135622224,0.0,0.0,0.0,0.0,0.0,15181.177998038847,0.0,0.0,6552.741462977522,23.811172126950225,0.0,0.0,0.0,-1.3642420526593924e-12,0.0
2025-06-08 04:00:00+00:00,4,59.0,2835.911021442252,677.1605323583301,1475.5809411314372,683.1695479524888,677.1605323583302,650.868653258609,26.291879099721182,4484.876528729382,0.0,677.1605323583301,0.0,1475.5809411314372,0.0,683.1695479524888,0.0,0.0,0.0,0.0,0.0,1360.3300803108189,453.44336010360627,3289.3543815458625,49.340315723187935,29.511618822628744,29.511618822628744,165.6246708430489,727.4315843151005,3563.342605757352,0.0,0.0,0.0,0.0,0.0,15150.815642042771,0.0,0.0,6552.741462977522,23.8127969024472,0.0,0.0,0.0,-6.821210263296962e-13,0.0
2025-06-08 05:00:00+00:00,4,59.0,2864.877477365525,683.9380500904261,1491.5022160598805,689.4372112152204,683.9380500904261,657.4799308591964,26.458119231229738,4484.876528729382,0.0,683.9380500904261,0.0,1491.5022160598805,0.0,689.4372112152204,0.0,0.0,0.0,0.0,0.0,1373.3752613056465,457.79175376854886,3322.6692311340757,49.840038467011134,29.83004432119761,29.83004432119761,167.26911762339753,734.5609985013527,3599.438475866877,0.0,0.0,0.0,0.0,0.0,15120.514010758687,0.0,0.0,6552.741462977522,23.813603858776364,0.0,0.0,0.0,-6.821210263296962e-13,0.0
2025-06-08 06:00:00+00:00,4,59.0,2869.0960452254612,685.2998401404692,1495.5282901910302,688.2679148939618,685.2998401404692,658.7714761350765,26.528364005392717,4484.876528729382,0.0,685.2998401404692,0.0,1495.5282901910302,0.0,688.2679148939618,0.0,0.0,0.0,0.0,0.0,1373.567755034431,457.85591834481033,3326.951963570272,49.904279453554075,29.910565803820607,29.910565803820607,167.5371760879364,735.118505493942,3604.2145507194036,0.0,0.0,0.0,0.0,0.0,15090.272982737171,0.0,0.0,6552.741462977522,23.815404073476653,0.0,0.0,0.0,3.410605131648481e-13,0.0
2025-06-08 07:00:00+00:00,4,59.0,2935.153587802032,698.9831617269526,1527.3307195521418,708.8397065229374,698.9831617269526,672.5452366080232,26.437925118929456,4484.876528729382,0.0,698.9831617269526,0.0,1527.3307195521418,0.0,708.8397065229374,0.0,0.0,0.0,0.0,0.0,1407.82286824989,469.27428941663,3404.4278772186617,51.06641815827992,30.546614391042837,30.546614391042837,171.05938145747308,752.4933178144686,3687.6469056165006,0.0,0.0,0.0,0.0,0.0,15060.0924367717,0.0,0.0,6552.741462977522,23.815945650195854,0.0,0.0,0.0,2.2737367544323206e-13,0.0
2025-06-08 08:00:00+00:00,4,59.0,2902.079830330927,689.7177829619297,1506.8442366279621,705.5178107410367,689.7177829619297,663.6007893191403,26.116993642789453,4484.876528729382,0.0,689.7177829619297,0.0,1506.8442366279621,0.0,705.5178107410367,0.0,0.0,0.0,0.0,0.0,1395.2355937029665,465.07853123432216,3367.1583615652507,50.507375423478756,30.136884732559242,30.136884732559242,168.94782173589104,744.8074978588104,3646.8873281897368,0.0,0.0,0.0,0.0,0.0,15029.972251898158,0.0,0.0,6552.741462977522,23.818031635010307,0.0,0.0,0.0,-6.821210263296962e-13,0.0
2025-06-08 09:00:00+00:00,4,59.0,2865.8243195745335,679.4792422211863,1482.4995799548922,703.8454973984551,679.4792422211862,653.4168472137554,26.06239500743076,4484.876528729382,0.0,679.4792422211863,0.0,1482.4995799548922,0.0,703.8454973984551,0.0,0.0,0.0,0.0,0.0,1383.3247396196414,461.10824653988044,3326.932566114414,49.903988491716206,29.649991599097845,29.649991599097845,166.6658726927247,736.9780909225169,3602.80241049705,0.0,0.0,0.0,0.0,0.0,14999.912307394363,0.0,0.0,6552.741462977522,23.816648446094995,0.0,0.0,0.0,-4.547473508864641e-13,0.0
2025-06-08 10:00:00+00:00,4,59.0,3004.936785739249,713.5304668203819,1555.178667238767,736.2276516800971,713.530466820382,686.1319212640299,27.398545556352108,4484.876528729382,0.0,713.5304668203819,0.0,1555.178667238767,311.622396381656,424.6052552984411,0.0,0.0,311.622396381656,415.4965285088747,103.87413212721867,1138.135722118823,379.37857403960766,3072.6929633971977,46.090394450957966,34.2197973085919,31.10357334477534,174.94031816187254,769.606789433024,134.13165129587193,0.0,0.0,0.0,415.4965285088747,0.0,15364.634184863007,0.0,3640.411923876401,2715.4103627492104,23.804820778425047,0.0,0.0,0.0,0.0,0.0
2025-06-08 11:00:00+00:00,4,59.0,2992.4877938225673,710.1299892201462,1546.8547162046054,735.5030883978163,710.1299892201463,682.7919864926778,27.338002727468456,4484.876528729382,0.0,710.1299892201462,0.0,1546.8547162046054,24.25994871293915,711.2431396848772,0.0,0.0,24.25994871293915,32.346598283918865,8.086649570979716,1421.3731289050233,473.7910429683411,3442.0188880779697,51.63028332116954,31.1796938112215,30.937094324092108,174.1773565085202,769.8021205043242,1876.945053874524,0.0,0.0,0.0,32.346598283918865,0.0,15364.634184863007,0.0,1885.3448604523667,728.0823847752803,23.80365497915807,0.0,0.0,0.0,-9.094947017729282e-13,0.0
2025-06-08 12:00:00+00:00,4,59.0,2864.58811242164,681.1375348092515,1482.7261044618863,700.7244731505004,681.1375348092515,654.6424369536998,26.495097855551727,4484.876528729382,0.0,681.1375348092515,0.0,1482.7261044618863,24.25994871293915,676.4645244375613,0.0,0.0,24.25994871293915,32.346598283918865,8.086649570979716,1357.6020592468128,452.5340197489376,3292.862183457637,49.39293275186456,29.89712157636712,29.654522089237727,166.94440143357414,736.509647170961,3601.0977595926,0.0,0.0,0.0,32.346598283918865,0.0,15364.634184863007,0.0,0.0,728.0823847752803,23.809456134370603,0.0,0.0,0.0,-6.821210263296962e-13,0.0
2025-06-08 13:00:00+00:00,4,59.0,2798.9460515361766,664.563558914926,1448.8218666217344,685.5606259995175,664.563558914926,638.9440395918922,25.619519323033877,4484.876528729382,0.0,664.563558914926,0.0,1448.8218666217344,0.0,685.5606259995175,0.0,0.0,0.0,0.0,0.0,1350.1241849144435,450.04139497148117,3248.987446507659,48.73481169761489,28.97643733243469,28.97643733243469,162.93362342722497,719.6627047611903,3518.608756297366,0.0,0.0,0.0,0.0,0.0,15333.904916493284,0.0,0.0,728.0823847752803,23.81906134714126,0.0,0.0,0.0,-6.821210263296962e-13,0.0
2025-06-08 14:00:00+00:00,4,59.0,2815.0490135332443,667.2034216584425,1454.9760297651314,692.869562109668,667.2034216584425,641.7740560427629,25.42936561567959,4484.876528729382,0.0,667.2034216584425,0.0,1454.9760297651314,0.0,692.869562109668,0.0,0.0,0.0,0.0,0.0,1360.0729837681106,453.35766125603686,3268.406674789279,49.02610012183918,29.09952059530263,29.09952059530263,163.69874925137069,724.281551819852,7179.742489229497,0.0,0.0,0.0,0.0,0.0,15303.237106660301,3640.411923876401,0.0,4181.6803749807605,23.81868434481244,0.0,0.0,0.0,-4.547473508864641e-13,0.0
2025-06-08 15:00:00+00:00,4,59.0,3010.6690789388085,717.8464983278573,1555.798727817061,737.0238527938914,717.8464983278571,690.8585624925304,26.98793583532679,4484.876528729382,0.0,717.8464983278573,0.0,1555.798727817061,0.0,737.0238527938914,0.0,0.0,0.0,0.0,0.0,1454.8703511217486,484.95678370724954,3495.6258626460594,52.434387939690886,31.11597455634122,31.11597455634122,175.9041874562863,775.5273082159092,6285.514223643615,0.0,0.0,0.0,0.0,0.0,15272.630632446982,2499.3178364888972,0.0,6552.741462977522,23.814570770133745,0.0,0.0,0.0,0.0,0.0
2025-06-08 16:00:00+00:00,4,59.0,3078.2069923204554,734.7282401027734,1592.371165306699,751.1075869109832,734.7282401027734,707.0084386701382,27.719801432635272,4484.876528729382,0.0,734.7282401027734,0.0,1592.371165306699,0.0,751.1075869109832,0.0,0.0,0.0,0.0,0.0,1485.8358270137564,495.27860900458546,3573.485601325041,53.60228401987561,31.84742330613398,31.84742330613398,179.95417516873758,792.5299148054668,3870.736907125922,0.0,0.0,0.0,0.0,0.0,15242.08537118209,0.0,0.0,6552.741462977522,23.808719020197834,0.0,0.0,0.0,-3.410605131648481e-13,0.0
2025-06-08 17:00:00+00:00,4,59.0,3074.9395644076244,733.1554068203766,1590.6798940185047,751.104263568743,733.1554068203766,705.5728896432805,27.582517177096094,4484.876528729382,0.0,733.1554068203766,0.0,1590.6798940185047,120.81551401837942,630.2887495503636,0.0,0.0,120.81551401837942,161.0873520245059,40.27183800612647,1363.44415637074,454.48138545691336,3408.605435846158,51.129081537692365,33.02175302055389,31.813597880370093,179.61272704514846,790.3303829468048,3865.2699473544294,0.0,0.0,0.0,161.0873520245059,0.0,15364.634184863007,0.0,0.0,6552.741462977522,23.806006709177417,0.0,0.0,0.0,2.2737367544323206e-13,0.0
2025-06-08 18:00:00+00:00,4,59.0,3058.9732310608524,730.5625210234628,1584.2403925456617,744.1703174917305,730.5625210234628,703.1265982821918,27.435922741270943,4484.876528729382,0.0,730.5625210234628,0.0,1584.2403925456617,24.25994871293915,719.9103687787914,0.0,0.0,24.25994871293915,32.346598283918865,8.086649570979716,1450.472889802254,483.490963267418,3518.204245615334,52.77306368423001,31.927407338042627,31.684807850913234,178.86615092858855,786.8290426401721,3845.8022737010247,0.0,0.0,0.0,32.346598283918865,0.0,15364.634184863007,0.0,0.0,6552.741462977522,23.809838586734315,0.0,0.0,0.0,1.1368683772161603e-13,0.0
2025-06-08 19:00:00+00:00,4,59.0,3062.354483484829,732.4327390555685,1591.468386803938,738.4533576253231,732.4327390555685,705.5170913756273,26.915647679941223,4484.876528729382,0.0,732.4327390555685,0.0,1591.468386803938,24.25994871293915,714.1934089123839,0.0,0.0,24.25994871293915,32.346598283918865,8.086649570979716,1446.6261479679524,482.20871598931745,3520.303250761208,52.80454876141812,32.071967223208155,31.829367736078762,179.1299640229946,786.1312133039968,1963.140836336459,0.0,0.0,0.0,32.346598283918865,0.0,15364.634184863007,0.0,1885.3448604523671,4565.413485003592,23.81260956825023,0.0,0.0,0.0,5.684341886080801e-13,0.0
2025-06-08 20:00:00+00:00,4,59.0,3034.895582970205,726.0895128559217,1576.9816871512755,731.8243829630059,726.0895128559217,699.4322812178035,26.65723163811822,4484.876528729382,0.0,726.0895128559217,0.0,1576.9816871512755,24.25994871293915,707.5644342500667,0.0,0.0,24.25994871293915,32.346598283918865,8.086649570979716,1433.6539471059884,477.88464903532946,3488.5202832925934,52.3278042493889,31.782233230154905,31.53963374302551,177.5722804074884,779.1932502363669,173.67690933017116,0.0,0.0,0.0,32.346598283918865,0.0,15364.634184863007,0.0,3640.411923876401,728.0823847752803,23.816456214561967,0.0,0.0,0.0,5.684341886080801e-13,0.0
2025-06-08 21:00:00+00:00,4,59.0,3007.7975109015924,719.7721687870767,1558.7998344968148,729.2255076176996,719.7721687870767,692.8659052221429,26.906263564933752,4484.876528729382,0.0,719.7721687870767,0.0,1558.7998344968148,24.25994871293915,704.9655589047604,0.0,0.0,24.25994871293915,32.346598283918865,8.086649570979716,1424.737727691837,474.91257589727905,3458.450138085931,51.87675207128896,31.41859617706569,31.175996689936298,176.12051542878748,773.5910858353371,3781.3885967369292,0.0,0.0,0.0,32.346598283918865,0.0,15364.634184863007,0.0,0.0,728.0823847752803,23.82044431881056,0.0,0.0,0.0,-3.410605131648481e-13,0.0
2025-06-08 22:00:00+00:00,4,59.0,2975.856033715487,711.852642474031,1538.1180489266012,725.8853423148557,711.8526424740309,684.5831355431369,27.269506930894,4484.876528729382,0.0,711.852642474031,0.0,1538.1180489266012,0.0,725.8853423148557,0.0,0.0,0.0,0.0,0.0,1437.7379847888867,479.2459949296289,3455.1020286451167,51.82653042967675,30.762360978532026,30.762360978532026,174.30008830794247,766.8973356243122,3742.753369339798,0.0,0.0,0.0,0.0,0.0,15333.904916493284,0.0,0.0,728.0823847752803,23.819126726600764,0.0,0.0,0.0,-7.958078640513122e-13,0.0
2025-06-08 23:00:00+00:00,4,59.0,2972.2519996359006,710.1275901143987,1538.787074933297,723.3373345882046,710.1275901143987,683.54967989444,26.57791021995868,4484.876528729382,0.0,710.1275901143987,0.0,1538.787074933297,0.0,723.3373345882046,0.0,0.0,0.0,0.0,0.0,1433.4649247026032,477.8216415675344,3450.073641203435,51.75110461805152,30.77574149866594,30.77574149866594,173.861394195424,764.9856233783419,3737.237623014242,0.0,0.0,0.0,0.0,0.0,15303.2371066603,0.0,0.0,728.0823847752803,23.81988608050354,0.0,0.0,0.0,-2.2737367544323206e-13,0.0
2025-07-04 00:00:00+00:00,5,66.0,2818.240359639253,679.4022982519451,1491.1499872651189,647.6880741221886,679.4022982519451,656.8090573773607,22.593240874584424,4484.876528729382,0.0,679.4022982519451,0.0,1491.1499872651189,0.0,647.6880741221886,0.0,0.0,0.0,0.0,0.0,1327.0903723741337,442.3634574580446,3260.603817097297,48.909057256459455,29.82299974530238,29.82299974530238,165.20223476277923,716.120748967888,3534.3611086071405,0.0,0.0,0.0,0.0,0.0,14999.912307394363,0.0,0.0,3099.143472772042,23.831920824543474,0.0,0.0,0.0,-2.2737367544323206e-13,0.0
2025-07-04 01:00:00+00:00,5,66.0,2774.3114535455616,671.6506979541546,1472.3325279531923,630.3282276382128,671.6506979541546,649.1437097824951,22.50698817165948,4484.876528729382,0.0,671.6506979541546,0.0,1472.3325279531923,0.0,630.3282276382128,0.0,0.0,0.0,0.0,0.0,1301.9789255923674,433.9929751974558,3208.3044287430157,48.12456643114523,29.446650559063848,29.446650559063848,163.05891317531925,704.069755922048,3478.3812094676096,0.0,0.0,0.0,0.0,0.0,14969.912482779575,0.0,0.0,3099.143472772042,23.835494899320054,0.0,0.0,0.0,0.0,0.0
2025-07-04 02:00:00+00:00,5,66.0,2760.9594491582247,667.5073284051961,1464.415518729095,629.0366020239336,667.5073284051961,645.2101395645553,22.297188840640768,4484.876528729382,0.0,667.5073284051961,0.0,1464.415518729095,0.0,629.0366020239336,0.0,0.0,0.0,0.0,0.0,1296.5439304291297,432.1813101430432,3193.140759301268,47.89711138951902,29.2883103745819,29.2883103745819,162.12137883474145,700.7764211164675,7102.147794151093,0.0,0.0,0.0,0.0,0.0,14939.972657814018,3640.411923876401,0.0,6552.741462977522,23.83484345326556,0.0,0.0,0.0,-4.547473508864641e-13,0.0
2025-07-04 03:00:00+00:00,5,66.0,2753.5121730464352,665.9901140341775,1460.021370898496,627.50068811376,665.9901140341775,643.5770198677488,22.41309416642866,4484.876528729382,0.0,665.9901140341775,0.0,1460.021370898496,0.0,627.50068811376,0.0,0.0,0.0,0.0,0.0,1293.4908021479375,431.16360071597916,3184.6757737624125,47.77013660643619,29.20042741796992,29.20042741796992,161.74864786373672,699.083240022092,3452.5954130685254,0.0,0.0,0.0,0.0,0.0,14910.092712498392,0.0,0.0,6552.741462977522,23.834847452614124,0.0,0.0,0.0,-1.8189894035458565e-12,0.0
2025-07-04 04:00:00+00:00,5,66.0,2746.0345353449115,664.6675679890893,1455.5614009509272,625.8055664048946,664.6675679890893,642.1336078625927,22.533960126496588,4484.876528729382,0.0,664.6675679890893,0.0,1455.5614009509272,0.0,625.8055664048946,0.0,0.0,0.0,0.0,0.0,1290.4731343939839,430.1577114646613,3176.1922468095727,47.642883702143585,29.111228019018544,29.111228019018544,161.41388166753921,697.4369328723812,3443.4714682172926,0.0,0.0,0.0,0.0,0.0,14880.272527073395,0.0,0.0,6552.741462977522,23.836245360589924,0.0,0.0,0.0,-2.2737367544323206e-13,0.0
2025-07-04 05:00:00+00:00,5,66.0,2742.154172633252,663.2888310646639,1455.4536087664642,623.4117328021255,663.2888310646639,641.1630343371002,22.125796727563735,4484.876528729382,0.0,663.2888310646639,0.0,1455.4536087664642,0.0,623.4117328021255,0.0,0.0,0.0,0.0,0.0,1286.7005638667893,428.90018795559644,3171.0543605888497,47.56581540883274,29.109072175329285,29.109072175329285,161.053044811046,695.7371925261338,3437.891365159386,0.0,0.0,0.0,0.0,0.0,14850.51198201925,0.0,0.0,6552.741462977522,23.836098724535084,0.0,0.0,0.0,3.410605131648481e-13,0.0
2025-07-04 06:00:00+00:00,5,66.0,2725.883905048667,660.5782087291661,1446.7671907791694,618.5385055403323,660.5782087291661,638.3005357795214,22.277672949644725,4484.876528729382,0.0,660.5782087291661,0.0,1446.7671907791694,0.0,618.5385055403323,0.0,0.0,0.0,0.0,0.0,1279.1167142694985,426.3722380898328,3152.2561431385006,47.28384214707751,28.935343815583387,28.935343815583387,160.3317030595761,691.8584709276531,3417.7423759763196,0.0,0.0,0.0,0.0,0.0,14820.810958055214,0.0,0.0,6552.741462977522,23.839552227949795,0.0,0.0,0.0,-6.821210263296962e-13,0.0
2025-07-04 07:00:00+00:00,5,66.0,2750.898024777563,665.7233383037774,1457.5889807589904,627.5857057147945,665.7233383037774,643.2012303225472,22.52210798123025,4484.876528729382,0.0,665.7233383037774,0.0,1457.5889807589904,0.0,627.5857057147945,0.0,0.0,0.0,0.0,0.0,1293.309044018572,431.10301467285734,3182.0010394504197,47.73001559175629,29.15177961517981,29.15177961517981,161.68955223889753,698.8261417338708,3449.7241665114334,0.0,0.0,0.0,0.0,0.0,14791.169336139104,0.0,0.0,6552.741462977522,23.83810870543112,0.0,0.0,0.0,-4.547473508864641e-13,0.0
2025-07-04 08:00:00+00:00,5,66.0,2781.6229960812484,672.7969382009229,1473.745858172577,635.0801997077479,672.7969382009229,650.1307604106262,22.666177790296686,4484.876528729382,0.0,672.7969382009229,0.0,1473.745858172577,0.0,635.0801997077479,0.0,0.0,0.0,0.0,0.0,1307.8771379086706,435.9590459695569,3217.5820420508044,48.26373063076206,29.474917163451543,29.474917163451543,163.42828895074,706.600899877962,3488.223895959211,0.0,0.0,0.0,0.0,0.0,14761.586997466828,0.0,0.0,6552.741462977522,23.836254874375776,0.0,0.0,0.0,5.684341886080801e-13,0.0
2025-07-04 09:00:00+00:00,5,66.0,2776.4756009080784,672.5235498815088,1473.8899675622695,630.0620834643001,672.5235498815086,649.9405237223241,22.58302615918458,4484.876528729382,0.0,672.5235498815088,0.0,1473.8899675622695,0.0,630.0620834643001,0.0,0.0,0.0,0.0,0.0,1302.585633345809,434.1952111152696,3210.670812023348,48.16006218035022,29.47779935124539,29.47779935124539,163.23988960599684,704.5507616041075,3481.026362512185,0.0,0.0,0.0,0.0,0.0,14732.063823471897,0.0,0.0,6552.741462977522,23.835812873983325,0.0,0.0,0.0,-6.821210263296962e-13,0.0
2025-07-04 10:00:00+00:00,5,66.0,2749.9392623389845,666.193666124577,1456.0737764791168,627.6718197352906,666.193666124577,643.3481610326008,22.845505091976158,4484.876528729382,0.0,666.193666124577,0.0,1456.0737764791168,0.0,627.6718197352906,0.0,0.0,0.0,0.0,0.0,1293.8654858598675,431.2884952866225,3181.2277576256065,47.7184163643841,29.121475529582337,29.121475529582337,161.78949505026452,699.0393577604357,3448.97862009942,0.0,0.0,0.0,0.0,0.0,14702.599695824956,0.0,0.0,6552.741462977522,23.83906247289083,0.0,0.0,0.0,-2.2737367544323206e-13,0.0
2025-07-04 11:00:00+00:00,5,66.0,2729.8440828788735,659.4394393214338,1442.204951663106,628.1996918943338,659.4394393214338,636.8631996790338,22.57623964240014,4484.876528729382,0.0,659.4394393214338,0.0,1442.204951663106,545.8734382339726,82.3262536603612,0.0,0.0,545.8734382339726,727.8312509786301,181.95781274465753,741.765692981795,247.2552309939317,2431.225875638833,36.46838813458249,34.302833415601846,28.84409903326212,160.32965973750638,689.1580240595421,1204.2836041348023,0.0,0.0,0.0,727.8312509786301,0.0,15364.634184863007,0.0,2214.7185028036124,4218.223181318381,23.83918153365392,0.0,0.0,0.0,-7.958078640513122e-13,0.0
2025-07-04 12:00:00+00:00,5,66.0,2640.408421575164,638.7107411635238,1398.5279686695587,603.1697117420805,638.7107411635238,617.2948545381498,21.415886625374064,4484.876528729382,0.0,638.7107411635238,0.0,1398.5279686695587,24.25994871293915,578.9097630291413,0.0,0.0,24.25994871293915,32.346598283918865,8.086649570979716,1217.620504192665,405.873501397555,3022.0219742597787,45.33032961389668,28.21315886052057,27.970559373391175,155.1556611336488,670.629859949992,0.0,0.0,0.0,0.0,32.346598283918865,0.0,15364.634184863007,0.0,3311.0382815251555,728.0823847752803,23.8481113762123,0.0,0.0,0.0,-5.684341886080801e-13,0.0
2025-07-04 13:00:00+00:00,5,66.0,2663.4376508569358,641.9572900669388,1408.6042831243217,612.8760776656767,641.9572900669386,620.4358721580696,21.521417908869058,4484.876528729382,0.0,641.9572900669388,0.0,1408.6042831243217,0.0,612.8760776656767,0.0,0.0,0.0,0.0,0.0,1254.8333677326154,418.27778924420517,3081.715440101142,46.22573160151713,28.172085662486435,28.172085662486435,156.12082696763733,676.9685191383325,3340.406169995267,0.0,0.0,0.0,0.0,0.0,15333.904916493284,0.0,0.0,728.0823847752803,23.83915028457507,0.0,0.0,0.0,-1.0231815394945443e-12,0.0
2025-07-04 14:00:00+00:00,5,66.0,2712.354349978731,651.1866934689663,1431.364049367362,629.8036071424028,651.1866934689663,629.3302836794152,21.856409789551105,4484.876528729382,0.0,651.1866934689663,0.0,1431.364049367362,0.0,629.8036071424028,0.0,0.0,0.0,0.0,0.0,1280.990300611369,426.9967668704564,3139.3511168491877,47.09026675273781,28.62728098734724,28.62728098734724,158.5786421417896,689.9202377396783,7042.6865115948085,0.0,0.0,0.0,0.0,0.0,15303.2371066603,3640.411923876401,0.0,4181.6803749807605,23.84290209760081,0.0,0.0,0.0,-1.8189894035458565e-12,0.0
2025-07-04 15:00:00+00:00,5,66.0,2751.8690673449673,660.6439009731772,1452.4628718938816,638.7622944779068,660.6439009731772,638.5595447456232,22.084356227554103,4484.876528729382,0.0,660.6439009731772,0.0,1452.4628718938816,0.0,638.7622944779068,0.0,0.0,0.0,0.0,0.0,1299.406195451084,433.13539848369464,3185.00446582866,47.7750669874299,29.049257437877632,29.049257437877632,160.87904939541664,699.8880297422966,5951.07493357616,0.0,0.0,0.0,0.0,0.0,15272.63063244698,2499.3178364888972,0.0,6552.741462977522,23.840971143235368,0.0,0.0,0.0,-9.094947017729282e-13,0.0
2025-07-04 16:00:00+00:00,5,66.0,2760.8345873863886,662.3552528344513,1458.098301152697,640.3810333992394,662.3552528344513,640.3396769242794,22.015575910171933,4484.876528729382,0.0,662.3552528344513,0.0,1458.098301152697,0.0,640.3810333992394,0.0,0.0,0.0,0.0,0.0,1302.7362862336909,434.24542874456364,3195.0800161309517,47.926200241964274,29.161966023053942,29.161966023053942,161.29693342844834,701.7924944610842,0.0,0.0,0.0,0.0,0.0,0.0,15242.085371182087,0.0,3462.6270818474727,2902.8120408374257,23.844374306873224,0.0,0.0,0.0,-1.1368683772161603e-13,0.0
2025-07-04 17:00:00+00:00,5,66.0,2761.2847957782765,662.8806492198261,1458.9699819577438,639.4341646007068,662.8806492198261,640.8199223235915,22.060726896234574,4484.876528729382,0.0,662.8806492198261,0.0,1458.9699819577438,0.0,639.4341646007068,0.0,0.0,0.0,0.0,0.0,1302.314813820533,434.10493794017765,3195.3897337184544,47.930846005776814,29.179399639154877,29.179399639154877,161.38825877499124,701.7828419992554,3463.0676377775317,0.0,0.0,0.0,0.0,0.0,15211.601200439727,0.0,0.0,2902.8120408374257,23.842865495106377,0.0,0.0,0.0,-2.2737367544323206e-13,0.0
2025-07-04 18:00:00+00:00,5,66.0,3000.193083244442,722.771132296106,1594.7102570649713,682.7116938833625,722.771132296106,699.2320705830876,23.539061713018285,4484.876528729382,0.0,722.771132296106,0.0,1594.7102570649713,0.0,682.7116938833625,0.0,0.0,0.0,0.0,0.0,1405.4828261794685,468.49427539315616,3468.687358637596,52.030310379563936,31.894205141299427,31.894205141299427,175.59546993283135,759.9084659881503,3760.1015492325923,0.0,0.0,0.0,0.0,0.0,15181.17799803885,0.0,0.0,2902.8120408374257,23.83690464088852,0.0,0.0,0.0,2.2737367544323206e-13,0.0
2025-07-04 19:00:00+00:00,5,66.0,2979.2868905398427,717.5962175233981,1583.8860726514108,677.8046003650351,717.5962175233981,694.2749347503941,23.321282773004043,4484.876528729382,0.0,717.5962175233981,0.0,1583.8860726514108,0.0,677.8046003650351,0.0,0.0,0.0,0.0,0.0,1395.4008178884333,465.1336059628111,3444.420496502655,51.66630744753983,31.677721453028216,31.677721453028216,174.33774319045375,754.493099506861,3733.7799900467044,0.0,0.0,0.0,0.0,0.0,15150.815642042773,0.0,0.0,2902.8120408374257,23.839289978032163,0.0,0.0,0.0,6.821210263296962e-13,0.0
2025-07-04 20:00:00+00:00,5,66.0,2756.4462746615827,653.5991313843132,1434.2206763013173,668.626466975955,653.5991313843131,630.0994601406792,23.49967124363392,4484.876528729382,0.0,653.5991313843132,0.0,1434.2206763013173,0.0,668.626466975955,0.0,0.0,0.0,0.0,0.0,1322.2255983602681,440.74186612008936,3197.1881407816745,47.957822111725115,28.684413526026347,28.684413526026347,160.11154743011133,706.1800627139785,1399.4966348942655,0.0,0.0,0.0,0.0,0.0,15120.514010758689,0.0,2063.129702481295,728.0823847752803,23.83852497540172,0.0,0.0,0.0,-2.2737367544323206e-13,0.0
2025-07-04 21:00:00+00:00,5,66.0,2678.48131628407,633.1948431683571,1387.1481147432091,658.1383583725064,633.1948431683571,610.379407353343,22.815435815014116,4484.876528729382,0.0,633.1948431683571,0.0,1387.1481147432091,0.0,658.1383583725064,0.0,0.0,0.0,0.0,0.0,1291.3332015408637,430.44440051362125,3108.925716797694,46.63388575196541,27.742962294864185,27.742962294864185,155.3805816370485,687.9447924923635,3366.426108776432,0.0,0.0,0.0,0.0,0.0,15090.272982737173,0.0,0.0,728.0823847752803,23.838991991098375,0.0,0.0,0.0,-1.4779288903810084e-12,0.0
2025-07-04 22:00:00+00:00,5,66.0,2653.3286196868225,626.9919716005404,1372.3875809868832,653.9490670993983,626.9919716005405,604.434523201899,22.557448398641526,4484.876528729382,0.0,626.9919716005404,0.0,1372.3875809868832,0.0,653.9490670993983,0.0,0.0,0.0,0.0,0.0,1280.9410386999389,426.98034623331296,3080.308965920135,46.20463448880202,27.447751619737666,27.447751619737666,153.91535300552724,681.9958369671175,3335.32445665394,0.0,0.0,0.0,0.0,0.0,15060.092436771702,0.0,0.0,728.0823847752803,23.837966820757067,0.0,0.0,0.0,1.1368683772161603e-13,0.0
2025-07-04 23:00:00+00:00,5,66.0,2639.941990440102,624.8345902933064,1366.9776285959583,648.1297715508364,624.8345902933065,602.614694525605,22.219895767701438,4484.876528729382,0.0,624.8345902933064,0.0,1366.9776285959583,0.0,648.1297715508364,0.0,0.0,0.0,0.0,0.0,1272.9643618441428,424.3214539480476,3064.263444388149,45.96395166582223,27.339552571919167,27.339552571919167,153.29274641820743,678.2572571759156,5817.517084104914,0.0,0.0,0.0,0.0,0.0,15029.97225189816,2499.3178364888972,0.0,3099.143472772042,23.836819535151914,0.0,0.0,0.0,-9.094947017729282e-13,0.0
2025-09-25 00:00:00+00:00,6,31.0,2901.6103379852475,688.1128830403568,1480.2625085624154,733.2349463824776,688.1128830403568,660.528090439968,27.584792600388855,4484.876528729382,0.0,688.1128830403568,0.0,1480.2625085624154,0.0,733.2349463824776,0.0,0.0,0.0,0.0,0.0,1421.3478294228344,473.78260980761144,3375.3929477928614,50.63089421689292,29.605250171248308,29.605250171248308,169.2931143784411,752.9171187454419,7294.939380607091,0.0,0.0,0.0,0.0,0.0,15272.63063244698,3640.411923876401,0.0,4181.6803749807605,23.816350209758294,0.0,0.0,0.0,4.547473508864641e-13,0.0
2025-09-25 01:00:00+00:00,6,31.0,2813.053221362433,666.5123933561134,1434.5213383111573,712.0194896951632,666.5123933561134,639.7738893597408,26.73850399637262,4484.876528729382,0.0,666.5123933561134,0.0,1434.5213383111573,0.0,712.0194896951632,0.0,0.0,0.0,0.0,0.0,1378.5318830512765,459.51062768375886,3272.5638490461924,49.088457735692884,28.690426766223144,28.690426766223144,164.02569595134142,730.0056349032394,3543.0588562656717,0.0,0.0,0.0,0.0,0.0,15242.085371182087,0.0,0.0,4181.6803749807605,23.819649023788294,0.0,0.0,0.0,-5.684341886080801e-13,0.0
2025-09-25 02:00:00+00:00,6,31.0,2778.8391508903856,657.8889772507225,1413.4701852367086,707.4799884029522,657.8889772507225,631.059749719501,26.82922753122145,4484.876528729382,0.0,657.8889772507225,0.0,1413.4701852367086,0.0,707.4799884029522,0.0,0.0,0.0,0.0,0.0,1365.3689656536749,455.122988551225,3233.9621394416085,48.50943209162413,28.269403704734174,28.269403704734174,162.0236815729961,722.1949096253136,6000.351897004596,0.0,0.0,0.0,0.0,0.0,15211.601200439727,2499.3178364888972,0.0,6552.741462977522,23.820175562818456,0.0,0.0,0.0,0.0,0.0
2025-09-25 03:00:00+00:00,6,31.0,2801.830507389542,663.263973701606,1423.738894403373,714.8276392845626,663.263973701606,636.0726586210412,27.191315080564788,4484.876528729382,0.0,663.263973701606,0.0,1423.738894403373,0.0,714.8276392845626,0.0,0.0,0.0,0.0,0.0,1378.0916129861685,459.3638709953895,3261.194378384931,48.91791567577396,28.47477788806746,28.47477788806746,163.3881773946709,728.6195198419693,3530.450027231511,0.0,0.0,0.0,0.0,0.0,15181.17799803885,0.0,0.0,6552.741462977522,23.819236762091105,0.0,0.0,0.0,-6.821210263296962e-13,0.0
2025-09-25 04:00:00+00:00,6,31.0,2797.6655864432987,661.2160863871985,1424.7121014161405,711.7373986399593,661.2160863871985,635.0428432733739,26.17324311382454,4484.876528729382,0.0,661.2160863871985,0.0,1424.7121014161405,0.0,711.7373986399593,0.0,0.0,0.0,0.0,0.0,1372.953485027158,457.6511616757193,3255.3167481190176,48.82975122178526,28.494242028322812,28.494242028322812,162.8681814245396,726.3375783786898,3524.0031648219883,0.0,0.0,0.0,0.0,0.0,15150.815642042773,0.0,0.0,6552.741462977522,23.82358730180731,0.0,0.0,0.0,-2.2737367544323206e-13,0.0
2025-09-25 05:00:00+00:00,6,31.0,2851.1160942723395,674.2091156457327,1452.8970849688933,724.0098936577136,674.2091156457327,647.5507204533842,26.65839519234847,4484.876528729382,0.0,674.2091156457327,0.0,1452.8970849688933,0.0,724.0098936577136,0.0,0.0,0.0,0.0,0.0,1398.2190093034465,466.0730031011488,3317.1890973734885,49.75783646060233,29.057941699377867,29.057941699377867,166.02629051679838,739.9730134773054,3591.0891077496444,0.0,0.0,0.0,0.0,0.0,15120.514010758689,0.0,0.0,6552.741462977522,23.82014577321726,0.0,0.0,0.0,-4.547473508864641e-13,0.0
2025-09-25 06:00:00+00:00,6,31.0,2897.596325228168,684.8183772959204,1479.1482971631888,733.6296507690579,684.8183772959204,658.2449369949863,26.573440300934063,4484.876528729382,0.0,684.8183772959204,0.0,1479.1482971631888,0.0,733.6296507690579,0.0,0.0,0.0,0.0,0.0,1418.4480280649782,472.81600935499273,3370.4123345831595,50.55618501874739,29.582965943263776,29.582965943263776,168.5953042132245,751.1334304734921,3648.7297557016605,0.0,0.0,0.0,0.0,0.0,15090.272982737173,0.0,0.0,6552.741462977522,23.818226822985256,0.0,0.0,0.0,2.2737367544323206e-13,0.0
2025-09-25 07:00:00+00:00,6,31.0,2939.804260036653,696.0314867993596,1505.8173300839744,737.9554431533184,696.0314867993596,669.6119707450828,26.41951605427682,4484.876528729382,0.0,696.0314867993596,0.0,1505.8173300839744,0.0,737.9554431533184,0.0,0.0,0.0,0.0,0.0,1433.986929952678,477.99564331755937,3417.799903354212,51.266998550313176,30.11634660167949,30.11634660167949,171.1599270912697,760.6552621625012,3700.4595221991544,0.0,0.0,0.0,0.0,0.0,15060.092436771702,0.0,0.0,6552.741462977522,23.82032576140724,0.0,0.0,0.0,2.2737367544323206e-13,0.0
2025-09-25 08:00:00+00:00,6,31.0,2945.080060947703,697.7162810152905,1512.3065463547455,735.0572335776692,697.7162810152904,671.9810302346411,25.735250780649313,4484.876528729382,0.0,697.7162810152905,0.0,1512.3065463547455,0.0,735.0572335776692,0.0,0.0,0.0,0.0,0.0,1432.7735145929596,477.5911715309865,3422.6712324786913,51.34006848718037,30.24613092709491,30.24613092709491,171.45478909137233,760.8782909637291,3705.9583519114312,0.0,0.0,0.0,0.0,0.0,15029.972251898158,0.0,0.0,6552.741462977522,23.826725351838775,0.0,0.0,0.0,-6.821210263296962e-13,0.0
2025-09-25 09:00:00+00:00,6,31.0,2930.317398884138,696.0686650290178,1504.9068596885568,729.3418741665639,696.0686650290178,669.9448689536348,26.123796075382966,4484.876528729382,0.0,696.0686650290178,0.0,1504.9068596885568,0.0,729.3418741665639,0.0,0.0,0.0,0.0,0.0,1425.4105391955818,475.13684639852727,3405.454245282666,51.081813679239986,30.098137193771137,30.098137193771137,170.9439307436475,757.358865208957,3687.6762640930942,0.0,0.0,0.0,0.0,0.0,14999.912307394363,0.0,0.0,6552.741462977522,23.828561569008997,0.0,0.0,0.0,-9.094947017729282e-13,0.0
2025-09-25 10:00:00+00:00,6,31.0,2948.936314313021,700.7593930039145,1517.9113729746753,730.2655483344322,700.7593930039145,674.7268714637927,26.032521540121856,4484.876528729382,0.0,700.7593930039145,0.0,1517.9113729746753,311.622396381656,418.6431519527762,0.0,0.0,311.622396381656,415.4965285088747,103.87413212721867,1119.4025449566907,373.1341816522302,3010.448099583596,45.15672149375394,33.474451423310065,30.358227459493506,171.9929811046495,757.9906952606559,3706.9270095736774,0.0,0.0,0.0,415.4965285088747,0.0,15364.634184863007,0.0,0.0,6552.741462977522,23.82512497897975,0.0,0.0,0.0,6.821210263296962e-13,0.0
2025-09-25 11:00:00+00:00,6,31.0,2984.0348840763613,709.32334983639,1533.479326493481,741.2322077464895,709.32334983639,682.5725026050854,26.750847231304554,4484.876528729382,0.0,709.32334983639,0.0,1533.479326493481,24.25994871293915,716.9722590335504,0.0,0.0,24.25994871293915,32.346598283918865,8.086649570979716,1426.2956088699402,475.4318696233134,3435.206804986735,51.52810207480102,30.912186016999016,30.669586529869623,174.14586158493458,770.7742554008973,114.3972156008583,0.0,0.0,0.0,32.346598283918865,0.0,15364.634184863007,0.0,3640.411923876401,2715.4103627492104,23.822961220791136,0.0,0.0,0.0,4.547473508864641e-13,0.0
2025-09-25 12:00:00+00:00,6,31.0,2952.3289487971765,701.5139389727399,1513.5909952193738,737.224014605061,701.5139389727399,674.5379718965889,26.975967076150987,4484.876528729382,0.0,701.5139389727399,0.0,1513.5909952193738,24.25994871293915,712.9640658921219,0.0,0.0,24.25994871293915,32.346598283918865,8.086649570979716,1414.4780048648618,471.49266828828723,3399.561668372523,50.99342502558784,30.51441939151687,30.271819904387478,172.3285927438539,763.687574924613,1830.6716632694229,0.0,0.0,0.0,32.346598283918865,0.0,15364.634184863007,0.0,1885.3448604523667,728.0823847752803,23.82314308362699,0.0,0.0,0.0,2.2737367544323206e-13,0.0
2025-09-25 13:00:00+00:00,6,31.0,2912.9973999582544,692.358698573318,1492.3826122939074,728.2560890910307,692.358698573318,665.5409002395342,26.817798333783777,4484.876528729382,0.0,692.358698573318,0.0,1492.3826122939074,0.0,728.2560890910307,0.0,0.0,0.0,0.0,0.0,1420.6147876643486,473.5382625547829,3386.535662513039,50.79803493769558,29.847652245878148,29.847652245878148,170.0956885945196,754.1272905787545,6166.442527025905,0.0,0.0,0.0,0.0,0.0,15333.904916493284,2499.3178364888972,0.0,3099.143472772042,23.825498674759327,0.0,0.0,0.0,-9.094947017729282e-13,0.0
2025-09-25 14:00:00+00:00,6,31.0,2897.536658208427,690.8738780526116,1485.479275770382,721.1835043854339,690.8738780526115,663.7879557234054,27.085922329206184,4484.876528729382,0.0,690.8738780526116,0.0,1485.479275770382,0.0,721.1835043854339,0.0,0.0,0.0,0.0,0.0,1412.0573824380456,470.6857941460152,3368.222452354443,50.52333678531664,29.70958551540764,29.70958551540764,169.58701344913865,750.2153154112858,7288.163897496113,0.0,0.0,0.0,0.0,0.0,15303.2371066603,3640.411923876401,0.0,6552.741462977522,23.829005771501066,0.0,0.0,0.0,-4.547473508864641e-13,0.0
2025-09-25 15:00:00+00:00,6,31.0,2901.2151153021136,689.993514768787,1487.1588497144162,724.0627508189109,689.993514768787,663.2939163914037,26.69959837738324,4484.876528729382,0.0,689.993514768787,0.0,1487.1588497144162,0.0,724.0627508189109,0.0,0.0,0.0,0.0,0.0,1414.056265587698,471.3520885292326,3372.567203831347,50.5885080574702,29.743176994288323,29.743176994288323,169.47308094808793,750.9000315233674,3652.115146825481,0.0,0.0,0.0,0.0,0.0,15272.63063244698,0.0,0.0,6552.741462977522,23.826491478486314,0.0,0.0,0.0,1.1368683772161603e-13,0.0
2025-09-25 16:00:00+00:00,6,31.0,2901.737994427714,690.0673715619168,1486.556763711645,725.1138591541524,690.067371561917,663.2858415281793,26.781530033737635,4484.876528729382,0.0,690.0673715619168,0.0,1486.556763711645,0.0,725.1138591541524,0.0,0.0,0.0,0.0,0.0,1415.1812307160692,471.7270769053564,3373.4650713330707,50.601976069996056,29.7311352742329,29.7311352742329,169.5153489383517,751.3066724621699,3653.0446668898844,0.0,0.0,0.0,0.0,0.0,15242.085371182087,0.0,0.0,6552.741462977522,23.827032297891975,0.0,0.0,0.0,4.547473508864641e-13,0.0
2025-09-25 17:00:00+00:00,6,31.0,2922.2616041557385,695.4164148647302,1497.2423348959248,729.6028543950843,695.4164148647302,668.3158900582938,27.10052480643644,4484.876528729382,0.0,695.4164148647302,0.0,1497.2423348959248,120.81551401837942,608.7873403767048,0.0,0.0,120.81551401837942,161.0873520245059,40.27183800612647,1304.203755241435,434.7345850804783,3236.180675217838,48.54271012826757,31.15300183810229,29.944846697918496,170.79839727091309,755.4453790218063,3677.7069831775448,-1.8189894035458565e-12,0.0,0.0,161.0873520245077,0.0,15364.634184863007,0.0,0.0,6552.741462977522,23.82567252232408,0.0,0.0,0.0,0.0,0.0
2025-09-25 18:00:00+00:00,6,31.0,2984.318557264252,710.6528040901646,1531.3564332669898,742.3093199070984,710.6528040901646,682.9870326219886,27.665771468176032,4484.876528729382,0.0,710.6528040901646,0.0,1531.3564332669898,24.25994871293915,718.0493711941592,0.0,0.0,24.25994871293915,32.346598283918865,8.086649570979716,1428.7021752843239,476.23405842810797,3436.2926669794215,51.54439000469132,30.86972815246919,30.627128665339796,174.4563697500476,771.8183245716357,115.7249579594861,0.0,0.0,0.0,32.346598283918865,0.0,15364.634184863007,0.0,3640.411923876401,2715.4103627492104,23.818914574033087,0.0,0.0,0.0,-6.821210263296962e-13,0.0
2025-09-25 19:00:00+00:00,6,31.0,3005.1735252236713,715.3005749649805,1543.1246875139232,746.748262744767,715.3005749649803,687.5908762939989,27.709698670981457,4484.876528729382,0.0,715.3005749649805,0.0,1543.1246875139232,24.25994871293915,722.4883140318278,0.0,0.0,24.25994871293915,32.346598283918865,8.086649570979716,1437.7888889968083,479.2629629989361,3460.1765395096672,51.90264809264501,31.105093237407857,30.862493750278464,175.58746642178284,776.8073140720301,3781.9808392957007,0.0,0.0,0.0,32.346598283918865,0.0,15364.634184863007,0.0,0.0,2715.4103627492104,23.816017882315677,0.0,0.0,0.0,-6.821210263296962e-13,0.0
2025-09-25 20:00:00+00:00,6,31.0,3020.229052487607,719.9714271733167,1550.8449897463008,749.4126355679894,719.9714271733167,691.7543014444545,28.217125728862136,4484.876528729382,0.0,719.9714271733167,0.0,1550.8449897463008,24.25994871293915,725.1526868550502,0.0,0.0,24.25994871293915,32.346598283918865,8.086649570979716,1445.1241140283669,481.7080380094556,3477.6771417841233,52.16515712676185,31.259499282055412,31.01689979492602,176.67429224104922,780.9105360252279,1915.7947280604678,0.0,0.0,0.0,32.346598283918865,0.0,15364.634184863007,0.0,1885.3448604523667,728.0823847752803,23.814873897882496,0.0,0.0,0.0,-4.547473508864641e-13,0.0
2025-09-25 21:00:00+00:00,6,31.0,2950.7057417030483,703.4242142951833,1514.013122383385,733.2684050244802,703.4242142951833,675.6448393545655,27.779374940617807,4484.876528729382,0.0,703.4242142951833,0.0,1514.013122383385,24.25994871293915,709.0084563115411,0.0,0.0,24.25994871293915,32.346598283918865,8.086649570979716,1412.4326706067245,470.8108902022415,3397.2566831923514,50.958850247885266,30.522861934797096,30.280262447667702,172.6395733116206,763.299087715192,3714.0048294182393,0.0,0.0,0.0,32.346598283918865,0.0,15364.634184863007,0.0,0.0,728.0823847752803,23.818185155287804,0.0,0.0,0.0,-9.094947017729282e-13,0.0
2025-09-25 22:00:00+00:00,6,31.0,3008.2873212151394,717.0608184728827,1545.396108311056,745.8303944311981,717.0608184728827,689.0028996784525,28.057918794430144,4484.876528729382,0.0,717.0608184728827,0.0,1545.396108311056,0.0,745.8303944311981,0.0,0.0,0.0,0.0,0.0,1462.891212904081,487.63040430136033,3495.9177255164973,52.438765882747454,30.90792216622112,30.90792216622112,175.9461051081964,777.8311196247465,3786.1184408398854,0.0,0.0,0.0,0.0,0.0,15333.904916493284,0.0,0.0,728.0823847752803,23.814382607271764,0.0,0.0,0.0,-5.684341886080801e-13,0.0
2025-09-25 23:00:00+00:00,6,31.0,3018.9215469377955,719.3368007400245,1550.5517431345354,749.0330030632351,719.3368007400245,691.3683604261104,27.96844031391415,4484.876528729382,0.0,719.3368007400245,0.0,1550.5517431345354,0.0,749.0330030632351,0.0,0.0,0.0,0.0,0.0,1468.3698038032596,489.45660126775323,3508.3781482055483,52.62567222308322,31.01103486269071,31.01103486269071,176.52752522865163,780.6318684448695,3799.553415382665,0.0,0.0,0.0,0.0,0.0,15303.2371066603,0.0,0.0,728.0823847752803,23.81641332526269,0.0,0.0,0.0,2.2737367544323206e-13,0.0
2025-10-25 00:00:00+00:00,7,36.0,2528.7797424181535,599.8006591195934,1281.1971514402956,647.7819318582626,599.8006591195934,574.51080225438,25.289856865213423,4484.876528729382,0.0,599.8006591195934,0.0,1281.1971514402956,0.0,647.7819318582626,0.0,0.0,0.0,0.0,0.0,1247.582590977856,415.8608636592853,2944.640606077437,44.169609091161554,25.62394302880591,25.62394302880591,147.77885980806803,659.0572186161266,3187.83696103428,0.0,0.0,0.0,0.0,0.0,15272.63063244698,0.0,0.0,728.0823847752803,23.83957748900298,0.0,0.0,0.0,0.0,0.0
2025-10-25 01:00:00+00:00,7,36.0,2517.520352218336,597.7720199145043,1274.8132039874208,644.9351283164123,597.7720199145043,572.3529140249875,25.419105889516775,4484.876528729382,0.0,597.7720199145043,0.0,1274.8132039874208,0.0,644.9351283164123,0.0,0.0,0.0,0.0,0.0,1242.7071482309166,414.2357160769722,2931.75606829531,43.976341024429644,25.496264079748418,25.496264079748418,147.26019324946384,656.4647785103625,6814.397054605099,0.0,0.0,0.0,0.0,0.0,15242.085371182087,3640.411923876401,0.0,4181.6803749807605,23.841330862294672,0.0,0.0,0.0,-1.3642420526593924e-12,0.0
2025-10-25 02:00:00+00:00,7,36.0,2536.9740567440685,602.1720479515034,1285.0784937415194,649.7235150510462,602.1720479515034,576.7414083372933,25.43063961421015,4484.876528729382,0.0,602.1720479515034,0.0,1285.0784937415194,0.0,649.7235150510462,0.0,0.0,0.0,0.0,0.0,1251.8955630025496,417.29852100084986,2954.2725777449186,44.31408866617378,25.70156987483039,25.70156987483039,148.34451039080466,661.3602598074891,5697.652153040455,0.0,0.0,0.0,0.0,0.0,15211.601200439725,2499.3178364888972,0.0,6552.741462977522,23.84089350715552,0.0,0.0,0.0,4.547473508864641e-13,0.0
2025-10-25 03:00:00+00:00,7,36.0,2490.5298133950173,589.7223412634163,1260.85655451046,639.9509176211395,589.7223412634163,565.0346975921267,24.687643671289628,4484.876528729382,0.0,589.7223412634163,0.0,1260.85655451046,0.0,639.9509176211395,0.0,0.0,0.0,0.0,0.0,1229.6732588845557,409.8910862948519,2900.420899689868,43.50631349534802,25.2171310902092,25.2171310902092,145.37442712633919,649.2060890969575,3139.7359024919733,0.0,0.0,0.0,0.0,0.0,15181.177998038847,0.0,0.0,6552.741462977522,23.842378281984907,0.0,0.0,0.0,-1.4779288903810084e-12,0.0
2025-10-25 04:00:00+00:00,7,36.0,2491.2758855604698,590.2118256183894,1260.9275424918558,640.1365174502259,590.2118256183894,565.3880016994189,24.8238239189706,4484.876528729382,0.0,590.2118256183894,0.0,1260.9275424918558,0.0,640.1365174502259,0.0,0.0,0.0,0.0,0.0,1230.3483430686153,410.1161143562051,2901.3919999166765,43.52087999875015,25.218550849837115,25.218550849837115,145.4850727371628,649.5591687917923,3140.8350543522615,0.0,0.0,0.0,0.0,0.0,15150.815642042771,0.0,0.0,6552.741462977522,23.84262749689655,0.0,0.0,0.0,-5.684341886080801e-13,0.0
2025-10-25 05:00:00+00:00,7,36.0,2514.2272191741786,595.8065492898331,1272.4786019722533,645.942067912092,595.8065492898331,570.731954681948,25.074594607885203,4484.876528729382,0.0,595.8065492898331,0.0,1272.4786019722533,0.0,645.942067912092,0.0,0.0,0.0,0.0,0.0,1241.7486172019253,413.9162057339751,2928.143424908154,43.922151373622306,25.449572039445066,25.449572039445066,146.85664437814205,655.5941455646296,3169.821364738808,0.0,0.0,0.0,0.0,0.0,15120.514010758689,0.0,0.0,6552.741462977522,23.84216493640496,0.0,0.0,0.0,-2.2737367544323206e-13,0.0
2025-10-25 06:00:00+00:00,7,36.0,2544.3729493899773,603.5316662586779,1289.572545677065,651.2687374542353,603.5316662586778,578.1837886472797,25.347877611398108,4484.876528729382,0.0,603.5316662586779,0.0,1289.572545677065,0.0,651.2687374542353,0.0,0.0,0.0,0.0,0.0,1254.800403712913,418.2668012376377,2962.6397506276157,44.43959625941424,25.791450913541297,25.791450913541297,148.68200370544977,662.9713030295844,3207.344252419561,0.0,0.0,0.0,0.0,0.0,15090.272982737173,0.0,0.0,6552.741462977522,23.839621428336883,0.0,0.0,0.0,-5.684341886080801e-13,0.0
2025-10-25 07:00:00+00:00,7,36.0,2526.457168777455,599.5603635497731,1281.6257243302748,645.2710808974077,599.5603635497731,574.551382296474,25.00898125329916,4484.876528729382,0.0,599.5603635497731,0.0,1281.6257243302748,0.0,645.2710808974077,0.0,0.0,0.0,0.0,0.0,1244.8314444471807,414.9438148157269,2941.4009835931824,44.12101475389773,25.632514486605498,25.632514486605498,147.6588281026643,657.9886866454999,3184.445855422954,0.0,0.0,0.0,0.0,0.0,15060.092436771702,0.0,0.0,6552.741462977522,23.842278263689824,0.0,0.0,0.0,-9.094947017729282e-13,0.0
2025-10-25 08:00:00+00:00,7,36.0,2488.024131698533,590.2064958951814,1262.1738739581767,635.6437618451754,590.2064958951814,565.711294830427,24.495201064754397,4484.876528729382,0.0,590.2064958951814,0.0,1262.1738739581767,0.0,635.6437618451754,0.0,0.0,0.0,0.0,0.0,1225.850257740357,408.616752580119,2896.6408842786527,43.44961326417979,25.243477479163534,25.243477479163534,145.36622842905487,647.9195492316807,3135.943680930213,0.0,0.0,0.0,0.0,0.0,15029.97225189816,0.0,0.0,6552.741462977522,23.845777373400672,0.0,0.0,0.0,-7.958078640513122e-13,0.0
2025-10-25 09:00:00+00:00,7,36.0,2511.5316420559743,596.0020648444447,1274.9872843132734,640.5422928982553,596.0020648444447,571.4086081902045,24.593456654240185,4484.876528729382,0.0,596.0020648444447,0.0,1274.9872843132734,0.0,640.5422928982553,0.0,0.0,0.0,0.0,0.0,1236.5443577427,412.1814525809,2923.7130946368734,43.8556964195531,25.49974568626547,25.49974568626547,146.7590765469261,653.7957169199101,3165.3273589758846,0.0,0.0,0.0,0.0,0.0,14999.912307394365,0.0,0.0,6552.741462977522,23.846140279233275,0.0,0.0,0.0,2.2737367544323206e-13,0.0
2025-10-25 10:00:00+00:00,7,36.0,2528.253386990863,599.7695307785149,1282.6835968324438,645.8002593799031,599.769530778515,574.9265035492948,24.843027229220155,4484.876528729382,0.0,599.7695307785149,0.0,1282.6835968324438,311.62239638165465,334.17786299824843,0.0,0.0,311.62239638165465,415.49652850887287,103.87413212721822,933.9473937767633,311.3157979255878,2527.946788534795,37.91920182802192,28.769895900465425,25.653671936648877,147.7185645444287,655.2512642623709,0.0,0.0,0.0,0.0,415.49652850887287,0.0,15364.634184863007,0.0,3183.504651253234,3197.032916410779,23.844277643202307,0.0,0.0,0.0,1.1368683772161603e-13,0.0
2025-10-25 11:00:00+00:00,7,36.0,2512.5000461809145,594.7304904660364,1274.6707663140069,643.098789400872,594.7304904660364,570.4367305830356,24.29375988300082,4484.876528729382,0.0,594.7304904660364,0.0,1274.6707663140069,24.25994871293915,618.8388406879328,0.0,0.0,24.25994871293915,32.346598283918865,8.086649570979716,1213.5693311539692,404.5231103846564,2892.763207852632,43.39144811778948,25.736014813409533,25.49341532628014,146.5501349303107,653.7807731434259,824.0286862488067,0.0,0.0,0.0,32.346598283918865,0.0,15364.634184863007,0.0,2342.252133075534,728.0823847752803,23.844809836148777,0.0,0.0,0.0,4.547473508864641e-13,0.0
2025-10-25 12:00:00+00:00,7,36.0,2404.621778597998,569.3025563707705,1216.9220050416507,618.3972171855762,569.3025563707704,545.4788709603379,23.823685410432553,4484.876528729382,0.0,569.3025563707705,0.0,1216.9220050416507,24.25994871293915,594.1372684726371,0.0,0.0,24.25994871293915,32.346598283918865,8.086649570979716,1163.4398248434077,387.81327494780254,2768.1751048328606,41.52262657249291,24.581039587962408,24.338440100833015,140.35472268210236,626.696753462173,3031.318532060171,0.0,0.0,0.0,32.346598283918865,0.0,15364.634184863007,0.0,0.0,728.0823847752803,23.848859908375065,0.0,0.0,0.0,1.1368683772161603e-13,0.0
2025-10-25 13:00:00+00:00,7,36.0,2420.1149006663345,574.1370506107927,1225.081702570097,620.8961474854448,574.1370506107927,549.8682833728284,24.26876723796436,4484.876528729382,0.0,574.1370506107927,0.0,1225.081702570097,0.0,620.8961474854448,0.0,0.0,0.0,0.0,0.0,1195.0331980962374,398.34439936541247,2818.459300031747,42.2768895004762,24.50163405140194,24.50163405140194,141.47260231817015,631.0971592868627,3051.2120599531972,0.0,0.0,0.0,0.0,0.0,15333.904916493284,0.0,0.0,728.0823847752803,23.848887702223088,0.0,0.0,0.0,0.0,0.0
2025-10-25 14:00:00+00:00,7,36.0,2432.1762087706884,577.1101451426722,1231.8685070784002,623.1975565496159,577.1101451426723,552.768501759877,24.341643382795212,4484.876528729382,0.0,577.1101451426722,0.0,1231.8685070784002,0.0,623.1975565496159,0.0,0.0,0.0,0.0,0.0,1200.307701692288,400.10256723076265,2832.2787760014508,42.48418164002176,24.637370141568002,24.637370141568002,142.18179907928118,634.0432882332016,6706.6314208802905,0.0,0.0,0.0,0.0,0.0,15303.2371066603,3640.411923876401,0.0,4181.6803749807605,23.8479691345651,0.0,0.0,0.0,-4.547473508864641e-13,0.0
2025-10-25 15:00:00+00:00,7,36.0,2433.220030783311,577.2654588976559,1231.711614920273,624.2429569653827,577.2654588976559,552.8262757724139,24.439183125242025,4484.876528729382,0.0,577.2654588976559,0.0,1231.711614920273,0.0,624.2429569653827,0.0,0.0,0.0,0.0,0.0,1201.5084158630386,400.50280528767956,2833.7228360709914,42.50584254106487,24.63423229840546,24.63423229840546,142.24246723716024,634.5195796627155,3067.7396104460263,0.0,0.0,0.0,0.0,0.0,15272.63063244698,0.0,0.0,4181.6803749807605,23.847270352347632,0.0,0.0,0.0,-1.1368683772161603e-13,0.0
2025-10-25 16:00:00+00:00,7,36.0,2473.2096265882515,586.2719680466472,1251.5756328687555,635.3620256728501,586.2719680466471,561.4708513174475,24.801116729199663,4484.876528729382,0.0,586.2719680466472,0.0,1251.5756328687555,0.0,635.3620256728501,0.0,0.0,0.0,0.0,0.0,1221.6339937194973,407.2113312398324,2880.420957828085,43.20631436742128,25.03151265737511,25.03151265737511,144.49798668377937,644.9786576057833,5617.506120682931,0.0,0.0,0.0,0.0,0.0,15242.08537118209,2499.3178364888972,0.0,6552.741462977522,23.843546806704094,0.0,0.0,0.0,-4.547473508864641e-13,0.0
2025-10-25 17:00:00+00:00,7,36.0,2468.5778610092766,586.2249792680669,1249.264683379963,633.0881983612479,586.2249792680669,561.169980467927,25.054998800139966,4484.876528729382,0.0,586.2249792680669,0.0,1249.264683379963,120.81551401837942,512.2726843428685,0.0,0.0,120.81551401837942,161.0873520245059,40.27183800612647,1098.4976636109354,366.1658878703118,2713.92823486121,40.70892352291815,26.193448807783053,24.985293667599258,144.42698126339045,642.7523731381292,3111.3302341474055,0.0,0.0,0.0,161.0873520245059,0.0,15364.634184863007,0.0,0.0,6552.741462977522,23.84438942142613,0.0,0.0,0.0,-3.410605131648481e-13,0.0
2025-10-25 18:00:00+00:00,7,36.0,2443.485067689006,579.2676015640433,1237.1520484746318,627.0654176503313,579.2676015640433,554.8077649414167,24.45983662262659,4484.876528729382,0.0,579.2676015640433,0.0,1237.1520484746318,24.25994871293915,602.8054689373921,0.0,0.0,24.25994871293915,32.346598283918865,8.086649570979716,1182.0730705014353,394.02435683381174,2813.2494758098787,42.19874213714818,24.98564045662203,24.743040969492636,142.75445074255273,636.792880710607,3080.2779483996123,0.0,0.0,0.0,32.346598283918865,0.0,15364.634184863007,0.0,0.0,6552.741462977522,23.844776524361134,0.0,0.0,0.0,-6.821210263296962e-13,0.0
2025-10-25 19:00:00+00:00,7,36.0,2479.0774094315857,587.1673951398798,1254.0004022623045,637.9096120294032,587.1673951398798,562.4685443696201,24.698850770259696,4484.876528729382,0.0,587.1673951398798,0.0,1254.0004022623045,24.25994871293915,613.6496633164641,0.0,0.0,24.25994871293915,32.346598283918865,8.086649570979716,1200.8170584563438,400.27235281878126,2855.0898135374296,42.826347203061445,25.322607532375486,25.080008045246093,144.7604952580157,646.3484604284597,0.0,0.0,0.0,0.0,32.346598283918865,0.0,15364.634184863007,0.0,3125.425869860045,3258.2533273872737,23.844586586808834,0.0,0.0,0.0,-2.2737367544323206e-13,0.0
2025-10-25 20:00:00+00:00,7,36.0,2499.227206624947,593.9824545204907,1265.0264201831314,640.2183319213257,593.9824545204906,568.543580204785,25.438874315705576,4484.876528729382,0.0,593.9824545204907,0.0,1265.0264201831314,24.25994871293915,615.9583832083865,0.0,0.0,24.25994871293915,32.346598283918865,8.086649570979716,1209.9408377288773,403.3136125762924,2878.280870488301,43.174213057324515,25.54312789079202,25.30052840366263,146.30604795518724,651.7241794542385,750.6204716104625,0.0,0.0,0.0,32.346598283918865,0.0,15364.634184863007,0.0,2400.3309144687228,728.0823847752803,23.84380887096071,0.0,0.0,0.0,-2.2737367544323206e-13,0.0
2025-10-25 21:00:00+00:00,7,36.0,2539.409197134827,602.3804866434655,1285.313526238003,651.7151842533594,602.3804866434656,576.7599081250387,25.620578518426846,4484.876528729382,0.0,602.3804866434655,0.0,1285.313526238003,24.25994871293915,627.4552355404203,0.0,0.0,24.25994871293915,32.346598283918865,8.086649570979716,1229.8357221838858,409.9452407279619,2925.0944891498507,43.87641733724776,25.948870011889454,25.70627052476006,148.44057112688074,662.0040192997196,3201.4132164345447,0.0,0.0,0.0,32.346598283918865,0.0,15364.634184863007,0.0,0.0,728.0823847752803,23.838717794859964,0.0,0.0,0.0,-2.0463630789890885e-12,0.0
2025-10-25 22:00:00+00:00,7,36.0,2719.374850323636,647.2210807285637,1378.3330991368782,693.8206704581928,647.2210807285637,619.4828049659442,27.7382757626195,4484.876528729382,0.0,647.2210807285637,0.0,1378.3330991368782,0.0,693.8206704581928,0.0,0.0,0.0,0.0,0.0,1341.0417511867565,447.0139170622522,3166.388767385887,47.49583151078831,27.566661982737564,27.566661982737564,159.3219838945286,708.9650564330441,3428.33990675668,0.0,0.0,0.0,0.0,0.0,15333.904916493284,0.0,0.0,728.0823847752803,23.829478438405907,0.0,0.0,0.0,0.0,0.0
2025-10-25 23:00:00+00:00,7,36.0,2665.5769577284495,634.8519550920108,1352.3221286593337,678.4028739771032,634.8519550920108,607.7147869859973,27.137168106013505,4484.876528729382,0.0,634.8519550920108,0.0,1352.3221286593337,0.0,678.4028739771032,0.0,0.0,0.0,0.0,0.0,1313.254829069114,437.7516096897047,3103.3285674181525,46.549928511272284,27.046442573186674,27.046442573186674,156.2219324325416,694.6163557798919,3360.1933135083414,0.0,0.0,0.0,0.0,0.0,15303.2371066603,0.0,0.0,728.0823847752803,23.833502348460602,0.0,0.0,0.0,-1.1368683772161603e-13,0.0
2025-12-05 00:00:00+00:00,8,47.0,3313.760256430499,792.4755664462612,1717.7765854471575,803.5081045370794,792.4755664462613,762.6510085139889,29.82455793227232,4484.876528729382,749.465957978699,43.0096084675622,1076.8551631065893,640.9214223405681,803.5081045370795,-1.1368683772161603e-13,1090.1323025144711,340.6663445357722,1880.3632676436687,2507.1510235248916,626.7877558812229,43.00960846756209,14.336536155854029,698.2675669639842,10.474013504459762,53.15916438537984,12.818428446811364,193.9264099298302,1252.1686528393304,4565.928909269829,2762.5781892270497,2762.57818922705,0.0,834.7051368123127,0.0,1047.9117641110392,0.0,0.0,3099.143472772042,23.792899763788533,0.0,0.0,0.0,-2.2737367544323206e-13,2.2737367544323206e-13
2025-12-05 01:00:00+00:00,8,47.0,3255.273607904799,778.1722643522905,1687.7408375297632,789.360506022748,778.1722643522905,748.9466453116844,29.22561904060614,4484.876528729382,736.2559106694978,41.91635368279276,1091.0027616209206,596.7380759088426,789.3605060227482,-1.1368683772161603e-13,1070.9176882465422,334.6617775770444,1880.3632676436687,2507.1510235248916,626.7877558812229,41.916353682792646,13.972117894264215,652.6265474858994,9.789398212288491,52.55844942703196,11.934761518176852,190.4331648018807,1240.1374253119093,4495.411033216708,2838.66074077095,2838.66074077095,0.0,739.4079710004842,0.0,1748.2535130332772,0.0,0.0,3099.143472772042,23.79579135883849,0.0,0.0,0.0,0.0,-2.2737367544323206e-13
2025-12-05 02:00:00+00:00,8,47.0,3269.75182916589,782.3212730254952,1696.5401945093295,790.8903616310628,782.3212730254952,752.8658886641903,29.455384361304922,4484.876528729382,740.1160922338073,42.205180791687894,1089.472906012606,607.0672884967234,790.8903616310628,0.0,1076.5324977946289,336.4164055608215,1880.3632676436687,2507.1510235248916,626.7877558812229,42.205180791687894,14.068393597229297,663.3408628856406,9.950112943284608,52.73443656662327,12.14134576993447,191.3788535163777,1243.4773038354938,8153.641056877786,2901.54308665981,2901.54308665981,0.0,682.1404346597105,0.0,2392.7904189339356,3640.411923876401,0.0,6552.741462977522,23.7937500307062,0.0,0.0,0.0,9.094947017729282e-13,0.0
2025-12-05 03:00:00+00:00,8,47.0,3240.5741984163383,775.221206216861,1681.3855424940355,783.967449705442,775.221206216861,746.0933769227478,29.127829294113194,4484.876528729382,733.4783982173776,41.742807999483375,1096.3958179382269,584.9897245558086,783.967449705442,0.0,1066.8776701343675,333.3992719169898,1880.363267643669,2507.1510235248916,626.7877558812229,41.742807999483375,13.914269333161124,640.6468018884531,9.609702028326796,52.43134352631739,11.699794491116172,189.648914526379,1237.491051703513,4478.065250119852,2942.0776846507806,2942.07768465078,4.547473508864641e-13,631.9510090084789,0.0,2988.3582966541226,0.0,0.0,6552.741462977522,23.796128695383416,0.0,0.0,0.0,6.821210263296962e-13,-2.2737367544323206e-13
2025-12-05 04:00:00+00:00,8,47.0,3244.6578009155373,775.4515073270558,1681.6378800364657,787.568413552016,775.4515073270558,746.359125667854,29.092381659201802,4484.876528729382,733.6152609421905,41.83624638486526,1092.794854091653,588.8430259448128,787.568413552016,0.0,1067.0767431886406,333.4614822464502,1880.363267643669,2507.1510235248916,626.7877558812229,41.83624638486526,13.945415461621755,644.6246877912998,9.669370316869497,52.436390277166,11.776860518896255,189.7927023388119,1237.8699770410385,4482.527777956576,4426.42226442819,4426.42226442819,0.0,0.0,852.1944977146575,2085.334740361175,0.0,0.0,6552.741462977522,23.797346874212025,0.0,0.0,0.0,0.0,0.0
2025-12-05 05:00:00+00:00,8,47.0,3213.546996667924,769.0401172848765,1667.6242877341122,776.8825916489359,769.0401172848766,740.1315856434081,28.908531641468418,4484.876528729382,727.5136851096026,41.52643217527384,1103.4806759947328,564.1436117393794,776.8825916489359,0.0,1058.2017237957857,330.688038686183,1880.3632676436687,2507.1510235248916,626.7877558812229,41.52643217527384,13.842144058424614,619.5121879730779,9.292682819596168,52.15611843111893,11.282872234787588,188.1155961857996,1232.165208297133,4445.712204965057,5542.458614657107,6145.5900633261,0.0,0.0,1977.1058673364305,0.0,0.0,0.0,6552.741462977522,23.798295265669186,0.0,0.0,0.0,2.2737367544323206e-13,0.0
2025-12-05 06:00:00+00:00,8,47.0,3231.6086361001035,771.5065633180321,1674.6026199623147,785.4994528197574,771.506563318032,742.4448888932728,29.061674424759204,4484.876528729382,730.3806526966177,41.12591062141439,1094.8638148239115,579.7388051384032,785.4994528197575,-1.1368683772161603e-13,1062.3718584678077,331.99120577118987,1880.3632676436691,2507.151023524892,626.787755881223,41.12591062141428,13.708636873804759,634.5733526336222,9.518600289504333,52.29568507568299,11.594776102768064,188.87855258605424,1234.7752125802272,4466.383848680331,3569.5228819926997,5783.5908478806,0.0,0.0,0.0,0.0,0.0,0.0,6552.741462977522,23.792463459701214,0.0,0.0,0.0,0.0,0.0
2025-12-05 07:00:00+00:00,8,47.0,3273.6988613332783,782.1176822480107,1699.3835448556836,792.1976342295832,782.1176822480107,752.9583047542638,29.159377493746895,4484.876528729382,740.9987683853113,41.1189138626994,1088.1656334140857,611.2179114415978,792.1976342295832,0.0,1077.8163903786347,336.8176219933233,1880.363267643669,2507.1510235248916,626.7877558812229,41.1189138626994,13.7063046208998,666.043129925197,9.990646948877956,52.791303573550366,12.224358228831957,191.373392397462,1243.6913836441681,4517.390244977446,3584.967413903526,4705.32990859721,0.0,0.0,0.0,0.0,0.0,0.0,6552.741462977522,23.790229015401845,0.0,0.0,0.0,-4.547473508864641e-13,0.0
2025-12-05 08:00:00+00:00,8,47.0,3289.965582270757,785.66091276167,1707.354177790343,796.9504917187423,785.66091276167,756.4465977456617,29.214315016008243,4484.876528729382,744.4446727094894,41.21624005218064,1083.4127759249266,623.9414018654165,796.9504917187423,0.0,1082.8286148501663,338.38394214067694,1880.363267643669,2507.1510235248916,626.7877558812229,41.21624005218064,13.738746684060212,678.8963886016573,10.18344582902486,52.95071623224355,12.47882803730833,192.2719459382211,1246.795380742758,4536.760963013515,3589.979638375058,4249.98488331008,0.0,0.0,0.0,0.0,0.0,0.0,6552.741462977522,23.790098113332952,0.0,0.0,0.0,0.0,0.0
2025-12-05 09:00:00+00:00,8,47.0,3246.17856726729,775.9182367042523,1684.3029563255557,785.9573742374795,775.9182367042523,746.9271001135908,28.99113659066152,4484.876528729382,734.5976598269311,41.32057687732117,1094.4058934061895,589.8970629193661,785.9573742374794,1.1368683772161603e-13,1068.5056870209908,333.90802719405957,1880.363267643669,2507.1510235248916,626.7877558812229,41.32057687732129,13.773525625773763,644.9911654224612,9.674867481336918,52.4896918029478,11.797941258387324,189.85662516694936,1238.2884344106774,4484.467001677967,1830.51809782466,1830.51809782466,0.0,1745.1386127212227,0.0,1657.8816820851614,0.0,0.0,6552.741462977522,23.794630239002988,0.0,0.0,0.0,0.0,0.0
2025-12-05 10:00:00+00:00,8,47.0,3249.987944525909,776.7651220041082,1685.8703616149926,787.3524609068104,776.7651220041082,747.6326824649457,29.132439539162583,4484.876528729382,735.3106189815971,41.45450302251106,0.0,1685.8703616149926,787.3524609068104,0.0,1069.5427185186868,334.2320995370896,787.3524609068104,1049.8032812090805,262.45082030227013,41.45450302251106,13.818167674170354,1741.143032311674,26.11714548467511,41.59093184136796,33.717407232299855,190.0772257599907,902.0037978318637,2266.646881905404,-4.547473508864641e-13,0.0,0.0,2119.345999727768,0.0,3667.9446184623707,0.0,1885.3448604523671,4565.413485003592,23.793007533066316,0.0,0.0,0.0,-1.8189894035458565e-12,0.0
2025-12-05 11:00:00+00:00,8,47.0,3187.5281264695495,762.5113492050866,1658.474419260759,766.5423580037018,762.5113492050867,734.6269515765513,27.88439762853541,4484.876528729382,722.9767993271287,39.53454987795794,861.7195903125786,796.7548289481805,766.5423580037018,0.0,1051.6026172030963,328.6258178759676,1628.2619483162803,2171.0159310883737,542.7539827720934,39.53454987795794,13.178183292652648,849.4675621187911,12.742013431781865,49.452107868377986,15.935096578963611,186.43007843434896,1149.117280254186,696.2334828473346,-4.547473508864641e-13,0.0,0.0,3222.6185482914702,0.0,6722.096350102343,0.0,3640.411923876401,728.0823847752803,23.801101935535502,0.0,0.0,0.0,0.0,0.0
2025-12-05 12:00:00+00:00,8,47.0,3315.267657587318,792.5229112203152,1722.825635345699,799.9191110213043,792.5229112203152,763.3508086579996,29.172102562315683,4484.876528729382,751.129495359934,41.3934158603812,1080.4441566223645,642.3814787233346,799.9191110213043,0.0,1092.5519932508132,341.42249789087913,1880.3632676436687,2507.1510235248916,626.7877558812229,41.3934158603812,13.797805286793732,697.5726998705095,10.463590498057641,53.260145383350675,12.847629574466692,193.8484216155317,1252.4278461303024,4567.695503717621,0.0,0.0,0.0,3599.703016775705,0.0,10128.37002333906,0.0,0.0,728.0823847752803,23.792448168263654,0.0,0.0,0.0,9.094947017729282e-13,0.0
2025-12-05 13:00:00+00:00,8,47.0,3332.0630603017357,795.2473393399112,1726.0422445456395,810.7734764161869,795.2473393399112,765.5623167173654,29.685022622545706,4484.876528729382,752.8253697534383,42.42196958647287,1069.589791227482,656.4524533181575,810.7734764161869,0.0,1095.018719641365,342.1933498879265,1880.363267643669,2507.1510235248916,626.7877558812229,42.42196958647287,14.14065652882429,713.0150794334546,10.695226191501819,53.324477567349476,13.12904906636315,194.72060634771304,1254.9911214709014,4587.054181772637,4.547473508864641e-13,0.0,4.547473508864641e-13,3602.169743166256,0.0,13530.174539300326,0.0,0.0,728.0823847752803,23.790676535754958,0.0,0.0,0.0,0.0,0.0
2025-12-05 14:00:00+00:00,8,47.0,3276.583242998947,780.8076693025822,1696.4023210292771,799.3732526670876,780.8076693025822,751.9845222374015,28.823147065180727,4484.876528729382,739.7128247909475,41.09484451163473,1080.9900149765813,615.4123060526958,799.3732526670876,0.0,1075.9459269686508,336.23310217770336,1880.363267643669,2507.1510235248916,626.7877558812229,41.09484451163473,13.698281503878244,670.2054320682088,10.053081481023131,52.73167909702224,12.308246121053918,191.2729925843447,1243.0851388462484,7018.986218334092,2609.15494865536,2609.15494865536,0.0,973.9420018381825,0.0,14428.359091967997,2499.3178364888972,0.0,3099.143472772042,23.796026764473876,0.0,0.0,0.0,-4.547473508864641e-13,0.0
2025-12-05 15:00:00+00:00,8,47.0,3241.7336253367407,775.5558521797604,1680.3466434874258,785.8311296695535,775.5558521797604,746.7287414655277,28.827110714232752,4484.876528729382,733.2159594351432,42.33989274461726,1094.5321379741151,585.8145055133107,785.8311296695535,0.0,1066.495940996572,333.2799815614287,1880.3632676436687,2507.1510235248916,626.7877558812229,42.33989274461726,14.113297581539086,642.267695839467,9.634015437592005,52.41056554618521,11.716290110266213,189.76978645450941,1237.7116925727435,8119.857241785885,2557.7187423331006,2557.7187423331,4.547473508864641e-13,1015.9282221883634,0.0,15364.634184863007,3640.411923876401,0.0,6552.741462977522,23.805653763160375,0.0,0.0,0.0,-4.547473508864641e-13,-2.2737367544323206e-13
2025-12-05 16:00:00+00:00,8,47.0,3285.9808779116343,789.6236915294069,1707.0740148426714,789.283171539554,789.6236915294069,760.0666025298075,29.55708899959938,4484.876528729382,745.2867633745385,44.33692815486836,1091.0800961041148,615.9939187385567,789.283171539554,0.0,1084.0534739993288,338.7667106247902,1880.3632676436687,2507.1510235248916,626.7877558812229,44.33692815486836,14.778976051622786,675.1098229450478,10.126647344175716,52.94511297329012,12.319878374771134,192.93002516818026,1248.6551064180533,4534.635984329687,3850.1263285354203,3850.12632853542,4.547473508864641e-13,0.0,258.92183101119963,15061.355620692018,0.0,0.0,6552.741462977522,23.80740652777828,0.0,0.0,0.0,-6.821210263296962e-13,0.0
2025-12-05 17:00:00+00:00,8,47.0,3258.13848750876,782.8434147788471,1690.5186397436512,784.7764329862612,782.8434147788471,753.3245434652129,29.51887131363422,4484.876528729382,738.2657648201873,44.57764995865978,1095.5868346574075,594.9318050862437,784.7764329862612,0.0,1073.841112465727,335.5753476455397,1880.3632676436687,2507.1510235248916,626.7877558812229,44.57764995865978,14.859216652886593,654.3686716977901,9.815530075466851,52.61400547130971,11.898636101724874,191.32981716469212,1242.8803089928426,4501.018796501602,5656.34345459717,5656.34345459717,0.0,0.0,2075.3513186065516,12846.652574075317,0.0,0.0,6552.741462977522,23.809786834867474,0.0,0.0,0.0,-6.821210263296962e-13,0.0
2025-12-05 18:00:00+00:00,8,47.0,3197.7869855633876,768.3033799710626,1657.610201024432,771.8734045678949,768.3033799710626,739.1588316820823,29.144548288980218,4484.876528729382,724.0591241738293,44.24425579723322,0.0,1657.610201024432,771.8734045678949,0.0,1053.1769078892064,329.11778371537696,771.8734045678949,1029.1645394238599,257.29113485596497,44.24425579723322,14.748085265744407,1716.6025420874096,25.749038131311142,40.87093806616759,33.15220402048864,187.81674359248765,888.7459276475413,4086.532913210929,5292.86699193041,5292.86699193041,0.0,0.0,3210.525544617344,9441.458695645752,0.0,0.0,6552.741462977522,23.814433800684814,0.0,0.0,0.0,2.2737367544323206e-13,0.0
2025-12-05 19:00:00+00:00,8,47.0,3215.358481917195,769.2417531710108,1665.4908655979204,780.6258631482618,769.2417531710108,740.6399956109169,28.601757560093894,4484.876528729382,726.8612361850039,42.38051698600691,0.0,1665.4908655979204,780.6258631482618,0.0,1057.2527071781876,330.3914709931836,780.6258631482618,1040.8344841976823,260.2086210494206,42.38051698600691,14.126838995335637,1721.998221579263,25.829973323688943,41.11607594344103,33.30981731195841,188.25317714934422,893.2359747663725,2223.2495962312005,4779.00251824529,4779.00251824529,0.0,0.0,2680.91532686942,6600.559644707702,0.0,1885.3448604523671,4565.413485003592,23.810278454336302,0.0,0.0,0.0,2.2737367544323206e-13,0.0
2025-12-05 20:00:00+00:00,8,47.0,3350.7519629627786,800.3376025858103,1738.7845420585923,811.6298183183737,800.3376025858103,771.2605841059399,29.077018479870347,4484.876528729382,758.1982574792136,42.13934510659669,0.0,1738.7845420585923,811.6298183183737,0.0,1102.8338290606744,344.63557158146074,811.6298183183737,1082.173091091165,270.5432727727912,42.13934510659669,14.046448368865564,1794.9703355340546,26.92455503301082,42.89198902435558,34.775690841171844,195.8537710598559,929.6712986815116,640.0113377678888,7987.78941259822,7987.78941259822,0.0,0.0,5802.782492446381,479.16642810630765,0.0,3640.411923876401,728.0823847752803,23.80014959308009,0.0,0.0,0.0,-6.821210263296962e-13,0.0
2025-12-05 21:00:00+00:00,8,47.0,3339.1010558841294,797.0489963192316,1730.477648401958,811.5744111629418,797.0489963192316,767.8535925599679,29.195403759263733,4484.876528729382,754.702091714576,42.346904604655606,1068.788856480727,661.6887919212311,811.5744111629418,0.0,1097.7484970393832,343.0464053248072,1880.3632676436687,2507.1510235248916,626.7877558812229,42.346904604655606,14.115634868218535,718.1513313941052,10.772269970911578,53.413185644475845,13.233775838424622,195.13328383083535,1256.5023113588961,4595.603367243026,4059.1972110518655,7300.99573515421,0.0,0.0,454.29769048759033,0.0,0.0,0.0,728.0823847752803,23.799421509557057,0.0,0.0,0.0,2.2737367544323206e-13,0.0
2025-12-05 22:00:00+00:00,8,47.0,3279.836809560675,783.4754788425496,1700.3150275396056,796.0463031785231,783.4754788425496,754.7158910102492,28.759587832300433,4484.876528729382,741.6226520321054,41.852826810444185,1084.3169644651455,615.9980630744601,796.0463031785232,-1.1368683772161603e-13,1078.7238575012443,337.10120546913885,1880.3632676436687,2507.1510235248916,626.7877558812229,41.85282681044407,13.950942270148024,671.8018321550522,10.077027482325784,52.8099332272288,12.319961261489203,191.76544025755348,1244.812265849107,4524.649075409781,3585.874881026136,6045.7364459129,0.0,0.0,0.0,0.0,0.0,0.0,728.0823847752803,23.80321934439103,0.0,0.0,0.0,-9.094947017729282e-13,0.0
2025-12-05 23:00:00+00:00,8,47.0,3122.4725653333685,744.5505426031424,1616.7113741692708,761.2106485609577,744.5505426031424,717.2431556322043,27.307386970938076,4484.876528729382,705.0625778955396,39.48796470760283,1119.152619082711,497.5587550865598,761.2106485609577,0.0,1025.5455678480575,320.482989952518,1880.3632676436687,2507.1510235248916,626.7877558812229,39.48796470760283,13.162654902534277,550.209374696697,8.253140620450454,51.13786015982211,9.951175101731197,182.36245092436477,1212.1380275426438,6833.928429364909,3263.79891798476,3263.79891798476,0.0,268.8976733881891,0.0,255.45278971877963,2499.3178364888972,0.0,3099.143472772042,23.811052569538074,0.0,0.0,0.0,-9.094947017729282e-13,0.0
