timestamp_hour_utc,representative_day_id,day_weight,it_load_kw,q_air_kw,q_cp_kw,q_rdhx_kw,s_air_kw,s_air_old_kw,s_air_new_kw,old_ac_capacity_eff_kw,q_air_to_ashp_kw,q_air_to_reject_kw,q_cp_to_wshp_kw,q_cp_to_free_kw,q_rdhx_to_wshp_kw,q_rdhx_to_chiller_kw,q_ashp_out_kw,p_ashp_kw,q_wshp_in_kw,q_wshp_out_kw,p_wshp_kw,q_chiller_evap_kw,p_chiller_kw,q_tower_kw,p_tower_kw,p_pump_kw,p_cdu_free_kw,p_terminal_kw,p_cooling_kw,p_grid_kw,q_heat_kw,heating_demand_kw,heat_demand_upper_violation_kw,q_tes_ch_kw,q_tes_dis_kw,e_tes_kwh,p_bess_ch_kw,p_bess_dis_kw,e_bess_kwh,max_theta_c,hotspot_slack_c,hotspot_penalty_yuan,bess_degradation_cost_yuan,power_balance_residual_kw,heat_balance_residual_kw
2025-01-15 00:00:00+00:00,0,71.0,2808.3800211662774,624.2891882865712,1139.6402967838276,1044.4505360958779,624.2891882865712,475.48640147728696,148.8027868092842,3252.9471371423247,555.6502056333776,68.63898265319358,835.9127315477908,303.72756523603675,1044.4505360958779,0.0,808.2184809212765,252.5682752878989,1880.3632676436687,2507.1510235248916,626.7877558812229,68.63898265319358,22.87966088439786,395.2462087736282,5.928693131604423,41.59643861211324,6.074551304720735,163.08562271803905,1118.9209978199972,3927.301018986274,3093.40746541437,3093.40746541437,0.0,221.9620390317981,0.0,1136.6852566209195,0.0,0.0,701.5639136298596,23.961295158446994,0.0,0.0,0.0,-6.821210263296962e-13,1.1368683772161603e-13
2025-01-15 01:00:00+00:00,0,71.0,2850.3519168317885,633.6703573273885,1156.5961078730081,1060.0854516313893,633.6703573273884,482.644424274283,151.02593305310543,3252.9471371423247,563.9487336870241,69.72162364036444,820.277816012279,336.3182918607291,1060.0854516313893,0.0,820.2890671811259,256.34033349410186,1880.3632676436682,2507.1510235248907,626.7877558812227,69.72162364036444,23.240541213454815,429.2804567145484,6.439206850718226,41.935554833896845,6.7263658372145825,165.53344265619404,1127.003200766803,7485.174685747888,3109.248033589689,3109.24803358969,0.0,218.19205711632776,0.0,1341.694340368189,3507.8195681492975,0.0,4029.3737505078643,23.961235916490402,0.0,0.0,0.0,-1.3642420526593924e-12,0.0
2025-01-15 02:00:00+00:00,0,71.0,2878.6567769324,638.4453410645999,1168.91137860677,1071.30005726103,638.4453410645999,487.70841061373903,150.73693045086083,3252.9471371423247,568.6937199096814,69.75162115491855,809.0632103826389,359.8481682241312,1071.30005726103,0.0,827.1908653231729,258.4971454134915,1880.3632676436687,2507.1510235248916,626.7877558812229,69.75162115491855,23.25054038497285,452.8503297640226,6.792754946460339,42.18186024857209,7.196963364482624,166.8705824953179,1131.5776027345203,6418.521188189631,3126.30873543184,3126.30873543184,0.0,208.03315341622465,0.0,1536.642447432866,2408.2868085227105,0.0,6314.0752226687355,23.961533974206915,0.0,0.0,0.0,4.547473508864641e-13,0.0
2025-01-15 03:00:00+00:00,0,71.0,2848.0398182076824,632.0386909394023,1156.4163616310898,1059.5847656371902,632.0386909394024,483.2317533143438,148.80693762505854,3252.9471371423247,562.6330612592791,69.40562968012318,820.7785020064782,335.63785962461156,1059.5847656371905,-2.2737367544323206e-13,818.3753618316787,255.74230057239959,1880.3632676436687,2507.1510235248916,626.7877558812229,69.40562968012296,23.13520989337432,428.17869919810886,6.422680487971633,41.931959909058484,6.712757192492232,165.1703135695198,1125.902977506039,3973.942795713721,3153.14539453754,3153.14539453754,0.0,172.3809908190301,0.0,1697.331103816079,0.0,0.0,6314.0752226687355,23.961643513614124,0.0,0.0,0.0,-4.547473508864641e-13,0.0
2025-01-15 04:00:00+00:00,0,71.0,2876.2462463172383,639.0194743546572,1167.0830583524046,1070.1437136101772,639.0194743546572,487.71959003805136,151.29988431660578,3252.9471371423247,568.507136800372,70.51233755428518,810.2195540334916,356.863504318913,1070.1437136101772,0.0,826.919471709632,258.41233490926,1880.3632676436687,2507.1510235248916,626.7877558812229,70.51233755428518,23.50411251809506,450.8799543912932,6.7631993158693975,42.14529384348478,7.13727008637826,166.9610911110119,1131.7110576653222,4007.957303982561,4724.986163338481,4724.98616333848,9.094947017729282e-13,0.0,1390.915668103957,229.81468570954485,0.0,0.0,6314.0752226687355,23.960878929164753,0.0,0.0,0.0,4.547473508864641e-13,0.0
2025-01-15 05:00:00+00:00,0,71.0,2860.627209702743,635.053334158329,1161.1771618219027,1064.3967137225104,635.0533341583289,484.6720436661632,150.38129049216576,3252.9471371423247,565.5631028345886,69.49023132374043,815.9665539211583,345.21060790074444,1064.3967137225104,0.0,822.6372404866743,257.0741376520857,1880.3632676436687,2507.1510235248916,626.7877558812229,69.49023132374043,23.16341044124681,437.8642496657317,6.567963744985975,42.02717591287474,6.9042121580148885,165.9488072268244,1128.4734630172554,3989.100672719999,3547.6755675327854,6506.07545272263,0.0,0.0,217.88730352121948,0.0,0.0,0.0,6314.0752226687355,23.962296794879677,0.0,0.0,0.0,2.2737367544323206e-13,0.0
2025-01-15 06:00:00+00:00,0,71.0,2891.20752532406,641.9051769806421,1173.737473706205,1075.5648746372128,641.9051769806421,490.2004041214614,151.70477285918062,3252.9471371423247,571.7248469841919,70.18032999645015,804.7983930064559,368.9390806997492,1075.564874637213,-2.2737367544323206e-13,831.5997774315518,259.87493044735993,1880.363267643669,2507.1510235248916,626.7877558812229,70.18032999644993,23.393443332149975,462.51285402834907,6.937692810425236,42.27838215056079,7.378781613994984,167.73051733695436,1134.3815035726682,4025.5890288967285,3338.7508009564435,6069.99645352609,0.0,0.0,0.0,0.0,0.0,0.0,6314.0752226687355,23.9623751435724,0.0,0.0,0.0,2.2737367544323206e-13,0.0
2025-01-15 07:00:00+00:00,0,71.0,2991.1255254053904,660.4335444018735,1215.357019965717,1115.3349610377998,660.4335444018735,504.83308118655253,155.60046321532096,3252.9471371423247,589.8567756489583,70.5767687529152,765.0283066058687,450.3287133598483,1115.3349610377998,0.0,857.9734918530303,268.11671620407196,1880.3632676436685,2507.151023524891,626.7877558812228,70.5767687529152,23.525589584305067,544.4310716970685,8.166466075456029,43.11077307575103,9.006574267196966,172.81383513814797,1151.5277102261516,4142.653235631542,3365.1245153779214,4844.12799534811,0.0,0.0,0.0,0.0,0.0,0.0,6314.0752226687355,23.96206912988417,0.0,0.0,0.0,0.0,0.0
2025-01-15 08:00:00+00:00,0,71.0,2944.9752679612047,649.1972358496614,1196.8827957620178,1098.8952363495266,649.1972358496615,496.29282560008323,152.90441024957826,3252.9471371423247,580.3244298414733,68.87280600818815,781.4680312941421,415.4147644678758,1098.8952363495266,0.0,844.1082615875974,263.7838317461242,1880.3632676436687,2507.1510235248916,626.7877558812229,68.87280600818815,22.957602002729384,507.24517247879334,7.6086775871819,42.74128859167705,8.308295289357515,169.94406231349646,1142.1315134117895,4087.1067813729937,3351.259285112489,4309.37483658353,0.0,0.0,0.0,0.0,0.0,0.0,6314.0752226687355,23.96297375136113,0.0,0.0,0.0,-4.547473508864641e-13,0.0
2025-01-15 09:00:00+00:00,0,71.0,2856.3171736067093,631.9782285155471,1159.377457854978,1064.9614872361838,631.9782285155471,481.02837337342083,150.9498551421263,3252.9471371423247,563.8726810011362,68.10554751441089,815.4017804074849,343.9756774474931,1064.9614872361838,0.0,820.1784450925618,256.30576409142554,1880.3632676436687,2507.1510235248916,626.7877558812229,68.10554751441089,22.701849171470297,434.7830741333743,6.521746112000614,41.991181833536245,6.879513548949863,165.3036916783386,1126.491502316944,3982.8086759236535,1836.2471287295198,1836.24712872952,0.0,1491.0823398879334,0.0,1416.5282228935366,0.0,0.0,6314.0752226687355,23.96243741058955,0.0,0.0,0.0,2.2737367544323206e-13,0.0
2025-01-15 10:00:00+00:00,0,71.0,2920.5415446704137,645.2200715079532,1184.97658533667,1090.3448878257884,645.2200715079532,491.62338707841747,153.59668442953577,3252.9471371423247,576.1195030542619,69.10056845369127,0.0,1184.97658533667,1090.3448878257886,-2.2737367544323206e-13,837.9920044425628,261.87250138830086,1090.3448878257886,1453.7931837677181,363.44829594192953,69.10056845369104,23.033522817897012,1277.110676608258,19.15666014912387,34.602980584991286,23.699531706733403,168.8459370935267,894.6594296825027,307.38140620361827,0.0,0.0,0.0,2291.785188210281,0.0,3590.8910952475167,0.0,3507.8195681492975,2616.50873724873,23.963129136653748,0.0,0.0,0.0,-7.958078640513122e-13,0.0
2025-01-15 11:00:00+00:00,0,71.0,2884.3580135951543,636.7837299724124,1170.4565292196023,1077.1177544031393,636.7837299724124,486.08720863391903,150.6965213384934,3252.9471371423247,568.5497198793181,68.2340100930943,0.0,1170.4565292196023,1077.1177544031393,0.0,826.9814107335536,258.4316908542355,1077.1177544031393,1436.1570058708523,359.0392514677131,68.2340100930943,22.744670031031433,1261.435209343728,18.92152814015592,34.18030812842344,23.409130584392045,166.66735120632728,883.3939304122789,1951.0757731519238,4.547473508864641e-13,0.0,4.547473508864641e-13,2263.1384166044054,0.0,5733.6908088312075,0.0,1816.6761708555093,701.5639136298596,23.962964964848805,0.0,0.0,0.0,-2.2737367544323206e-13,0.0
2025-01-15 12:00:00+00:00,0,71.0,2853.4237402053895,629.3856042307349,1157.9607816203034,1066.0773543543532,629.385604230735,480.4543250957651,148.93127913496983,3252.9471371423247,562.3461141029917,67.03949012774319,0.0,1157.9607816203034,1066.0773543543532,0.0,817.9579841498061,255.61187004681437,1066.0773543543532,1421.436472472471,355.35911811811775,67.03949012774319,22.34649670924773,1247.3467684572943,18.710201526859414,33.8199891759496,23.159215632406067,164.76999872985616,873.7768899392511,3727.20063014464,-9.094947017729282e-13,0.0,0.0,2239.394456622278,0.0,7849.648161004709,0.0,0.0,701.5639136298596,23.964120340414382,0.0,0.0,0.0,-6.821210263296962e-13,0.0
2025-01-15 13:00:00+00:00,0,71.0,2959.8028347531276,653.002729574193,1200.9270831818794,1105.873021997056,653.002729574193,499.44997177143796,153.5527578027551,3252.9471371423247,582.5657445827317,70.43698499146137,774.4902456466127,426.4368375352667,1105.8730219970557,2.2737367544323206e-13,847.3683557567007,264.80261117396896,1880.3632676436685,2507.151023524891,626.7877558812228,70.4369849914616,23.478994997153865,520.3528175238822,7.805292262858233,42.82217434007427,8.528736750705335,170.95004397735596,1145.1756093833394,4104.978444136467,0.0,0.0,0.0,3354.5193792815917,0.0,11020.742275000213,0.0,0.0,701.5639136298596,23.96107892603818,0.0,0.0,0.0,2.2737367544323206e-13,0.0
2025-01-15 14:00:00+00:00,0,71.0,2688.7827231125098,597.0068564003658,1087.62969353756,1004.146173174584,597.0068564003658,453.23516575068675,143.77169064967904,3252.9471371423247,531.6151729807209,65.39168341964489,876.2170944690849,211.41259906847495,1004.1461731745839,1.1368683772161603e-13,773.2584334265032,241.64326044578223,1880.3632676436687,2507.1510235248916,626.7877558812229,65.391683419645,21.797227806548335,298.6015102946683,4.4790226544200245,40.55622654718789,4.228251981369499,156.0870609947064,1095.5788063112373,3784.361529423747,1787.2888565515398,1787.28885655154,0.0,1493.1206003998548,0.0,12417.165360830075,0.0,0.0,701.5639136298596,23.966084622021583,0.0,0.0,0.0,0.0,0.0
2025-01-15 15:00:00+00:00,0,71.0,2904.154167839462,640.7144820883085,1178.541304913469,1084.8983808376852,640.7144820883084,490.9202731187156,149.79420896959283,3252.9471371423247,571.6787862640842,69.03569582422426,795.4648868059838,383.0764181074852,1084.898380837685,2.2737367544323206e-13,831.5327800204861,259.8539937564019,1880.3632676436687,2507.1510235248916,626.7877558812229,69.03569582422449,23.01189860807483,475.12401253978453,7.126860188096768,42.37445877470607,7.661528362149705,167.72765055023473,1134.544146120887,6446.985122483059,1876.3107199021995,1876.3107199022,0.0,1462.373083643178,0.0,13781.585459569435,2408.2868085227105,0.0,2986.2653857907308,23.962457666974863,0.0,0.0,0.0,-4.547473508864641e-13,0.0
2025-01-15 16:00:00+00:00,0,71.0,2899.9406730654787,639.7479172383484,1176.71846888589,1083.4742869412403,639.7479172383485,490.9134283324733,148.8344889058751,3252.9471371423247,570.3419055565041,69.40601168184423,796.8889807024284,379.82948818346154,1083.4742869412405,-2.2737367544323206e-13,829.588226264006,259.24632070750187,1880.363267643669,2507.1510235248916,626.7877558812229,69.406011681844,23.135337227281337,472.3708370925869,7.085562556388803,42.33800205415449,7.596589763669231,167.48177266213105,1133.6713408523497,7541.431582067125,2862.62871710077,2862.62871710077,0.0,474.11053268812793,0.0,14204.427294704017,3507.8195681492975,0.0,6314.0752226687355,23.96110301427336,0.0,0.0,0.0,-9.094947017729282e-13,0.0
2025-01-15 17:00:00+00:00,0,71.0,2892.0617509044387,638.4714933227422,1173.3725315120628,1080.2177260696317,638.4714933227422,489.8906514007437,148.58084192199848,3252.9471371423247,568.8600612197367,69.61143210300543,800.145541574037,373.2269899380258,1080.2177260696317,0.0,827.4328163196171,258.57275509988034,1880.3632676436687,2507.1510235248916,626.7877558812229,69.61143210300543,23.20381070100181,466.04223274203304,6.990633491130495,42.271083306677944,7.464539798760516,167.117801135818,1132.4083794144922,4024.4701303189304,4231.51293068912,4231.51293068912,0.0,0.0,896.9290908446119,13231.882555015018,0.0,0.0,6314.0752226687355,23.960839577023627,0.0,0.0,0.0,-4.547473508864641e-13,0.0
2025-01-15 18:00:00+00:00,0,71.0,2844.1633228233004,627.4009450261217,1154.7762712781848,1061.9861065189946,627.4009450261217,481.6017288422311,145.79921618389054,3252.9471371423247,559.3687248080169,68.03222021810484,0.0,1154.7762712781848,1061.9861065189943,2.2737367544323206e-13,813.6272360843882,254.2585112763713,1061.9861065189943,1415.981475358659,353.99536883966476,68.03222021810507,22.677406739368354,1245.4858982356582,18.68228847353487,33.715386490753644,23.095525425563697,164.23655867282338,870.6610459180799,1898.148197885871,4022.62309884896,4022.62309884896,0.0,0.0,1793.0143874059127,11318.035224214555,0.0,1816.6761708555089,4399.130399049865,23.96203900943674,0.0,0.0,0.0,-6.821210263296962e-13,0.0
2025-01-15 19:00:00+00:00,0,71.0,2852.84069226675,629.0674751380604,1158.906822261998,1064.8663948666915,629.0674751380604,484.9916030790241,144.07587205903627,3252.9471371423247,559.7166081591793,69.35086697888119,0.0,1158.906822261998,1064.8663948666913,2.2737367544323206e-13,814.1332482315335,254.4166400723542,1064.8663948666913,1419.821859822255,354.95546495556374,69.35086697888141,23.116955659627138,1251.3746449005066,18.7706196735076,33.82680039390687,23.17813644523996,164.68229939487395,872.9469165950734,217.96804071252592,3676.17580245473,3676.17580245473,0.0,0.0,1442.2206944009415,9777.272107028293,0.0,3507.8195681492975,701.5639136298596,23.95827857751521,0.0,0.0,0.0,2.2737367544323206e-13,0.0
2025-01-15 20:00:00+00:00,0,71.0,2910.839210415089,643.6768452615055,1181.689641348466,1085.472723805118,643.6768452615056,495.46706905715934,148.2097762043462,3252.9471371423247,571.5431718234199,72.13367343808557,0.0,1181.689641348466,1085.472723805118,0.0,831.3355226522472,259.79235082882724,1085.472723805118,1447.2969650734906,361.82424126837265,72.13367343808557,24.04455781269519,1277.8678725992468,19.1680180889887,34.4885200650205,23.63379282696932,168.39464947098165,891.3461303618552,3802.1853407769445,6220.61240335217,6220.61240335217,0.0,0.0,3941.9799156264326,5608.26502004957,0.0,0.0,701.5639136298596,23.955454945942037,0.0,0.0,0.0,3.410605131648481e-13,0.0
2025-01-15 21:00:00+00:00,0,71.0,2858.059779910936,634.5418584811126,1159.1145435656983,1064.4033778641237,634.5418584811127,486.4302116869322,148.1116467941805,3252.9471371423247,562.5497169811302,71.99214149998238,815.9598897795449,343.1546537861534,1064.4033778641237,0.0,818.254133790735,255.70441680960465,1880.3632676436687,2507.1510235248916,626.7877558812229,71.99214149998238,23.997380499994126,439.1441757861299,6.587162636791948,41.98592354775066,6.863093075723068,165.84553198876307,1127.7712644398505,3985.831044350786,6197.3650342826,6197.3650342826,0.0,0.0,2871.9598769669738,2573.9328300442353,0.0,0.0,701.5639136298596,23.956248683643487,0.0,0.0,0.0,-2.2737367544323206e-13,0.0
2025-01-15 22:00:00+00:00,0,71.0,2908.4096275591255,645.5600887845359,1180.0396854901092,1082.8098532844801,645.5600887845359,494.65159064138203,150.90849814315388,3252.9471371423247,572.7621485029948,72.79794028154106,797.5534143591885,382.4862711309206,1082.8098532844801,0.0,833.1085796407198,260.3464311377249,1880.3632676436687,2507.1510235248916,626.7877558812229,72.79794028154106,24.26598009384702,479.5501915063087,7.1932528725946305,42.40442638623887,7.649725422618412,168.72362878009375,1137.3712005743405,4045.7808281334655,5290.28648466948,5290.28648466948,0.0,0.0,1950.026881503869,516.1250891169166,0.0,0.0,701.5639136298596,23.956459973772326,0.0,0.0,0.0,-4.547473508864641e-13,0.0
2025-01-15 23:00:00+00:00,0,71.0,2895.535406614037,642.4863377911596,1175.5309951508777,1077.5180736720015,642.4863377911596,492.800395911439,149.68594187972056,3252.9471371423247,570.3660807792832,72.12025701187645,802.8451939716672,372.68580117921056,1077.5180736720015,0.0,829.6233902244119,259.25730944512867,1880.3632676436687,2507.1510235248916,626.7877558812229,72.12025701187645,24.040085670625484,468.8461438617125,7.032692157925688,42.31425257945425,7.453716023584211,167.91792420800596,1134.803735965947,4030.339142579984,2902.4756411726703,2902.47564117267,4.547473508864641e-13,434.2987725766334,0.0,927.6766728864843,0.0,0.0,701.5639136298596,23.95721631376117,0.0,0.0,0.0,0.0,0.0
2025-03-21 00:00:00+00:00,1,14.0,4576.190816440603,1014.4227946017663,1857.029021103633,1704.7390007352021,1014.4227946017663,773.6359714010019,240.78682320076436,3252.9471371423247,0.0,1014.4227946017663,0.0,1857.029021103633,0.0,1704.7390007352021,0.0,0.0,0.0,0.0,0.0,2719.1617953369687,906.3872651123229,5482.578081552925,82.23867122329388,37.14058042207267,37.14058042207267,265.1978328979458,1328.1049300777079,5904.295746518312,0.0,0.0,0.0,0.0,0.0,15272.630632446982,0.0,0.0,701.5639136298596,23.941888462290063,0.0,0.0,0.0,6.821210263296962e-13,0.0
2025-03-21 01:00:00+00:00,1,14.0,3752.032514841168,831.9713435209758,1522.7934510377156,1397.2677202824764,831.9713435209759,634.8770149712923,197.09432854968358,3252.9471371423247,0.0,831.9713435209758,0.0,1522.7934510377156,0.0,1397.2677202824764,0.0,0.0,0.0,0.0,0.0,2229.239063803452,743.079687934484,4495.112202775652,67.42668304163477,30.455869020754314,30.455869020754314,217.47808130885866,1088.896190326486,7249.215513690362,0.0,0.0,0.0,0.0,0.0,15242.085371182091,2408.2868085227105,0.0,2986.2653857907308,23.951732280722094,0.0,0.0,0.0,-2.2737367544323206e-12,0.0
2025-03-21 02:00:00+00:00,1,14.0,4490.833738574025,994.5317107181572,1823.2025521707073,1673.0994756851574,994.5317107181572,758.8409044599603,235.69080625819697,3252.9471371423247,0.0,994.5317107181572,0.0,1823.2025521707073,0.0,1673.0994756851574,0.0,0.0,0.0,0.0,0.0,2667.6311864033146,889.2103954677715,5380.044134041793,80.70066201062689,36.464051043414145,36.464051043414145,260.0482621753614,1302.8874217405883,9301.54072846391,0.0,0.0,0.0,0.0,0.0,15211.601200439727,3507.8195681492975,0.0,6314.0752226687355,23.94397784711341,0.0,0.0,0.0,-1.3642420526593924e-12,0.0
2025-03-21 03:00:00+00:00,1,14.0,3516.3896015150417,778.4575086898318,1427.674358297018,1310.257734528191,778.4575086898317,594.163014296911,184.29449439292074,3252.9471371423247,0.0,778.4575086898318,0.0,1427.674358297018,0.0,1310.257734528191,0.0,0.0,0.0,0.0,0.0,2088.715243218023,696.2384144060076,4212.628015921048,63.18942023881572,28.55348716594036,28.55348716594036,203.56949905585205,1020.1043080325561,4536.493909547597,0.0,0.0,0.0,0.0,0.0,15181.177998038851,0.0,0.0,6314.0752226687355,23.955243353764015,0.0,0.0,0.0,-1.2505552149377763e-12,0.0
2025-03-21 04:00:00+00:00,1,14.0,3028.9048086142343,669.9295593587655,1229.6668921097607,1129.3083571457103,669.9295593587655,511.44750660830505,158.48205275046044,3252.9471371423247,0.0,669.9295593587655,0.0,1229.6668921097607,0.0,1129.3083571457103,0.0,0.0,0.0,0.0,0.0,1799.2379165044758,599.7459721681586,3628.650780782395,54.42976171173592,24.593337842195215,24.593337842195215,175.23593988807863,878.5983494523635,3907.503158066597,0.0,0.0,0.0,0.0,0.0,15150.815642042775,0.0,0.0,6314.0752226687355,23.9611841960705,0.0,0.0,0.0,-1.0231815394945443e-12,0.0
2025-03-21 05:00:00+00:00,1,14.0,4635.98210501564,1024.5200780093937,1882.7129198196153,1728.7491071866325,1024.5200780093935,782.3356225846552,242.1844554247384,3252.9471371423247,0.0,1024.5200780093937,0.0,1882.7129198196153,0.0,1728.7491071866325,0.0,0.0,0.0,0.0,0.0,2753.2691851960262,917.7563950653421,5553.738500080984,83.30607750121474,37.65425839639231,37.65425839639231,268.0341825965323,1344.4051719558738,5980.387276971513,0.0,0.0,0.0,0.0,0.0,15120.514010758689,0.0,0.0,6314.0752226687355,23.942081616704534,0.0,0.0,0.0,-9.094947017729282e-13,0.0
2025-03-21 06:00:00+00:00,1,14.0,3635.065831251845,803.7603394005997,1475.9997658932214,1355.305725958026,803.7603394005996,613.6594385284184,190.10090087218128,3252.9471371423247,0.0,803.7603394005997,0.0,1475.9997658932214,0.0,1355.305725958026,0.0,0.0,0.0,0.0,0.0,2159.0660653586256,719.6886884528752,4354.754519704722,65.32131779557083,29.519995317864428,29.519995317864428,210.25366642670429,1054.303663310879,4689.369494562723,0.0,0.0,0.0,0.0,0.0,15090.272982737173,0.0,0.0,6314.0752226687355,23.95394819362703,0.0,0.0,0.0,-9.094947017729282e-13,0.0
2025-03-21 07:00:00+00:00,1,14.0,2470.475698291082,546.7766351742735,1002.7993359829535,920.8997271338557,546.7766351742735,417.7539167851425,129.02271838913097,3252.9471371423247,0.0,546.7766351742735,0.0,1002.7993359829535,0.0,920.8997271338557,0.0,0.0,0.0,0.0,0.0,1467.6763623081292,489.22545410270976,2959.7011523937927,44.39551728590689,20.05598671965907,20.05598671965907,143.00134392274543,716.7342887506802,3187.2099870417615,0.0,0.0,0.0,0.0,0.0,15060.0924367717,0.0,0.0,6314.0752226687355,23.967051344981176,0.0,0.0,0.0,-9.094947017729282e-13,0.0
2025-03-21 08:00:00+00:00,1,14.0,2446.126005063638,542.0361889226579,992.6485235394047,911.4412926015754,542.0361889226579,413.2998274774055,128.73636144525233,3252.9471371423247,0.0,542.0361889226579,0.0,992.6485235394047,0.0,911.4412926015754,0.0,0.0,0.0,0.0,0.0,1453.477481524233,484.49249384141103,2930.618498905049,43.95927748357573,19.852970470788094,19.852970470788094,141.719888106928,709.8776003734911,3156.0036054371285,0.0,0.0,0.0,0.0,0.0,15029.972251898158,0.0,0.0,6314.0752226687355,23.9679281210424,0.0,0.0,0.0,-4.547473508864641e-13,0.0
2025-03-21 09:00:00+00:00,1,14.0,2455.700848684079,544.8253711798645,996.1988099398044,914.6766675644095,544.8253711798645,414.84753259143775,129.9778385884268,3252.9471371423247,0.0,544.8253711798645,0.0,996.1988099398044,0.0,914.6766675644095,0.0,0.0,0.0,0.0,0.0,1459.5020387442742,486.5006795814247,2942.2015282655034,44.13302292398255,19.923976198796087,19.923976198796087,142.40841618615167,712.8900710891512,3168.59091977323,0.0,0.0,0.0,0.0,0.0,14999.912307394363,0.0,0.0,6314.0752226687355,23.967501786376253,0.0,0.0,0.0,-4.547473508864641e-13,0.0
2025-03-21 10:00:00+00:00,1,14.0,2562.0348076078476,566.3226301763475,1041.4593143311001,954.2528631003987,566.3226301763475,432.45446112636813,133.86816904997934,3252.9471371423247,0.0,566.3226301763475,0.0,1041.4593143311001,311.622396381656,642.6304667187427,0.0,0.0,311.622396381656,415.4965285088747,103.87413212721867,1208.9530968950903,402.9843656316968,2653.3967768578873,39.80095165286831,23.945410250438563,20.829186286622004,148.13288345273057,739.5669294015748,3301.601737009422,0.0,0.0,0.0,415.4965285088747,0.0,15364.634184863007,0.0,0.0,6314.0752226687355,23.965220315452406,0.0,0.0,0.0,-5.684341886080801e-13,0.0
2025-03-21 11:00:00+00:00,1,14.0,2488.264137829577,550.3122591865036,1010.9851970229835,926.9666816200897,550.3122591865035,420.6141172833632,129.69814190314037,3252.9471371423247,0.0,550.3122591865036,0.0,1010.9851970229835,24.25994871293915,902.7067329071506,0.0,0.0,24.25994871293915,32.346598283918865,8.086649570979716,1453.018992093654,484.33966403121804,2948.3438531478555,44.22515779721783,20.462303427589063,20.21970394045967,143.934106822087,721.2675855895513,0.0,0.0,0.0,0.0,32.346598283918865,0.0,15364.634184863007,0.0,3209.531723419129,2930.931733145392,23.966229828357278,0.0,0.0,0.0,4.547473508864641e-13,0.0
2025-03-21 12:00:00+00:00,1,14.0,2638.836141428213,585.8357984926577,1067.5304908716564,985.4698520638973,585.8357984926577,445.5101099200743,140.32568857258343,3252.9471371423247,0.0,585.8357984926577,0.0,1067.5304908716564,24.25994871293915,961.2099033509581,0.0,0.0,24.25994871293915,32.346598283918865,8.086649570979716,1547.045701843616,515.6819006145387,3130.2580933298113,46.95387139994717,21.59320930456252,21.350609817433128,153.16897256280473,766.8352132702659,1290.7073391128004,0.0,0.0,0.0,32.346598283918865,0.0,15364.634184863007,0.0,2114.9640155856778,701.5639136298596,23.964646396947355,0.0,0.0,0.0,-5.684341886080801e-13,0.0
2025-03-21 13:00:00+00:00,1,14.0,2567.667681468264,569.6186248520828,1041.4975305641638,956.5515260520181,569.6186248520828,434.3240769933036,135.29454785877917,3252.9471371423247,0.0,569.6186248520828,0.0,1041.4975305641638,0.0,956.5515260520181,0.0,0.0,0.0,0.0,0.0,1526.1701509041009,508.72338363470027,3076.3910651029646,46.14586597654447,20.829950611283277,20.829950611283277,148.8990095763648,745.4281604101761,3313.0958418784408,0.0,0.0,0.0,0.0,0.0,15333.904916493284,0.0,0.0,701.5639136298596,23.96364984229841,0.0,0.0,0.0,4.547473508864641e-13,0.0
2025-03-21 14:00:00+00:00,1,14.0,2514.518970629087,558.0947163876657,1020.5187332435884,935.9055209978332,558.0947163876657,425.80773751575714,132.2869788719086,3252.9471371423247,0.0,558.0947163876657,0.0,1020.5187332435884,0.0,935.9055209978332,0.0,0.0,0.0,0.0,0.0,1494.0002373854988,498.00007912849964,3012.519049757587,45.1877857463638,20.410374664871767,20.410374664871767,145.85308841496166,729.8617026195687,3244.380673248655,0.0,0.0,0.0,0.0,0.0,15303.237106660301,0.0,0.0,701.5639136298596,23.964677652236368,0.0,0.0,0.0,-7.958078640513122e-13,0.0
2025-03-21 15:00:00+00:00,1,14.0,2476.830108709238,549.3148867025474,1005.9843423279909,921.530879678702,549.3148867025474,419.25906202013897,130.0558246824084,3252.9471371423247,0.0,549.3148867025474,0.0,1005.9843423279909,0.0,921.530879678702,0.0,0.0,0.0,0.0,0.0,1470.8457663812494,490.28192212708313,2967.1120308363234,44.50668046254485,20.11968684655982,20.11968684655982,143.57090552082747,718.5988818035751,6703.2485586621115,0.0,0.0,0.0,0.0,0.0,15272.630632446982,3507.8195681492975,0.0,4029.3737505078643,23.966045661797,0.0,0.0,0.0,4.547473508864641e-13,0.0
2025-03-21 16:00:00+00:00,1,14.0,2427.784647119749,537.1439338002475,986.2532598392149,904.3874534802873,537.1439338002475,410.8189594044201,126.32497439582738,3252.9471371423247,0.0,537.1439338002475,0.0,986.2532598392149,0.0,904.3874534802873,0.0,0.0,0.0,0.0,0.0,1441.5313872805348,480.5104624268449,2908.2951095465946,43.624426643198916,19.7250651967843,19.7250651967843,140.4784977758752,704.0635172394876,5540.134972881948,0.0,0.0,0.0,0.0,0.0,15242.085371182091,2408.2868085227105,0.0,6314.0752226687355,23.966978893755897,0.0,0.0,0.0,4.547473508864641e-13,0.0
2025-03-21 17:00:00+00:00,1,14.0,2607.7242161239196,575.4352435969175,1059.7614130346572,972.5275594923455,575.4352435969175,441.3282989086813,134.10694468823624,3252.9471371423247,0.0,575.4352435969175,0.0,1059.7614130346572,120.81551401837805,851.7120454739675,0.0,0.0,120.81551401837805,161.08735202450407,40.27183800612602,1427.147289070885,475.71576302362837,2962.624465129171,44.43936697693756,22.403383400876923,21.195228260693142,150.5957108217748,754.6212904900368,0.0,0.0,0.0,0.0,161.08735202450407,0.0,15364.634184863007,0.0,3362.345506613957,2769.851862224453,23.963909363399953,0.0,0.0,0.0,3.410605131648481e-13,0.0
2025-03-21 18:00:00+00:00,1,14.0,3405.2650082195255,752.4300973219147,1384.4670912387985,1268.3678196588114,752.4300973219147,577.4934970165511,174.93660030536356,3252.9471371423247,0.0,752.4300973219147,0.0,1384.4670912387985,24.25994871293915,1244.1078709458723,0.0,0.0,24.25994871293915,32.346598283918865,8.086649570979716,1996.537968267787,665.5126560892624,4046.517715595848,60.69776573393772,27.931941311905362,27.68934182477597,196.8320672558379,986.750421786699,4392.015430006226,0.0,0.0,0.0,32.346598283918865,0.0,15364.634184863007,0.0,0.0,2769.851862224453,23.95066384942687,0.0,0.0,0.0,1.3642420526593924e-12,0.0
2025-03-21 19:00:00+00:00,1,14.0,3403.97539606335,754.9247351862539,1382.0547334116272,1266.99592746547,754.9247351862538,577.8556617923465,177.0690733939073,3252.9471371423247,0.0,754.9247351862539,0.0,1382.0547334116272,24.25994871293915,1242.7359787525309,0.0,0.0,24.25994871293915,32.346598283918865,8.086649570979716,1997.6607139387847,665.8869046462615,4045.6023519966734,60.6840352799501,27.883694155361937,27.641094668232544,197.32929595715527,987.5116742779411,4391.487070341292,0.0,0.0,0.0,32.346598283918865,0.0,15364.634184863007,0.0,0.0,2769.851862224453,23.94842139030585,0.0,0.0,0.0,3.410605131648481e-13,0.0
2025-03-21 20:00:00+00:00,1,14.0,2965.7143758801526,658.9727908383023,1204.3448706007403,1102.39671444111,658.9727908383022,505.789304971446,153.1834858668563,3252.9471371423247,0.0,658.9727908383023,0.0,1204.3448706007403,24.25994871293915,1078.1367657281708,0.0,0.0,24.25994871293915,32.346598283918865,8.086649570979716,1737.1095565664732,579.0365188554911,3520.4909460227045,52.807364190340564,24.3294968991442,24.086897412014807,172.15477092888153,860.5016978568517,3826.2160737370045,0.0,0.0,0.0,32.346598283918865,0.0,15364.634184863007,0.0,0.0,2769.851862224453,23.952926541776055,0.0,0.0,0.0,2.2737367544323206e-13,0.0
2025-03-21 21:00:00+00:00,1,14.0,4367.399333036642,972.2556287003413,1771.1927287191631,1623.9509756171385,972.2556287003413,743.8214518679499,228.43417683239136,3252.9471371423247,0.0,972.2556287003413,0.0,1771.1927287191631,24.25994871293915,1599.6910269041994,0.0,0.0,24.25994871293915,32.346598283918865,8.086649570979716,2571.946655604541,857.3155518681803,5200.454936191884,78.00682404287826,35.66645406151265,35.42385457438326,253.91977293807574,1268.41910705601,3673.6682077018017,0.0,0.0,0.0,32.346598283918865,0.0,15364.634184863007,0.0,1962.15023239085,701.5639136298596,23.93187115839171,0.0,0.0,0.0,0.0,0.0
2025-03-21 22:00:00+00:00,1,14.0,4044.7511990677795,900.7662251989786,1639.4675375646982,1504.517436304104,900.7662251989786,687.54581762054,213.2204075784387,3252.9471371423247,0.0,900.7662251989786,0.0,1639.4675375646982,0.0,1504.517436304104,0.0,0.0,0.0,0.0,0.0,2405.283661503083,801.7612205010277,4846.512419568809,72.69768629353213,32.789350751293966,32.789350751293966,235.24382400817132,1175.281432305319,5220.0326313730975,0.0,0.0,0.0,0.0,0.0,15333.904916493284,0.0,0.0,701.5639136298596,23.938155221045005,0.0,0.0,0.0,-9.094947017729282e-13,0.0
2025-03-21 23:00:00+00:00,1,14.0,3180.2473885094764,705.9322467683661,1290.5599707711503,1183.7551709699578,705.9322467683661,541.7491927780457,164.18305399032047,3252.9471371423247,0.0,705.9322467683661,0.0,1290.5599707711503,0.0,1183.7551709699578,0.0,0.0,0.0,0.0,0.0,1889.6874177383238,629.8958059127746,3810.1431944222486,57.152147916333725,25.811199415423008,25.811199415423008,184.49729404295223,923.1676467029067,4103.4150352123825,0.0,0.0,0.0,0.0,0.0,15303.237106660301,0.0,0.0,701.5639136298596,23.948886398136143,0.0,0.0,0.0,-6.821210263296962e-13,0.0
2025-03-23 00:00:00+00:00,2,1.0,3047.0827957348697,674.9115896028118,1237.2735056212066,1134.8977005108507,674.9115896028118,517.1189966683017,157.79259293451003,3252.9471371423247,0.0,674.9115896028118,0.0,1237.2735056212066,0.0,1134.8977005108507,0.0,0.0,0.0,0.0,0.0,1809.8092901136624,603.2697633712208,3650.3525591060898,54.755288386591346,24.745470112424133,24.745470112424133,176.47106747307188,883.9870594557325,3931.069855190602,0.0,0.0,0.0,0.0,0.0,15272.630632446982,0.0,0.0,701.5639136298596,23.956707756635613,0.0,0.0,0.0,-1.1368683772161603e-13,0.0
2025-03-23 01:00:00+00:00,2,1.0,3689.539622469024,817.7373393179753,1497.5512809215056,1374.251002229542,817.7373393179752,625.2426329092204,192.49470640875475,3252.9471371423247,0.0,817.7373393179753,0.0,1497.5512809215056,0.0,1374.251002229542,0.0,0.0,0.0,0.0,0.0,2191.9883415475174,730.6627805158391,4420.202402984862,66.30303604477292,29.951025618430112,29.951025618430112,213.7900209022643,1070.6578886997365,4760.197511168761,0.0,0.0,0.0,0.0,0.0,15242.085371182091,0.0,0.0,701.5639136298596,23.94858118138662,0.0,0.0,0.0,2.2737367544323206e-13,0.0
2025-03-23 02:00:00+00:00,2,1.0,4766.883972927061,1056.6331385681517,1934.0851255993744,1776.165708759539,1056.6331385681517,808.0994329408895,248.53370562726218,3252.9471371423247,0.0,1056.6331385681517,0.0,1934.0851255993744,0.0,1776.165708759539,0.0,0.0,0.0,0.0,0.0,2832.798847327691,944.2662824425637,5711.150255369629,85.66725383054444,38.68170251198749,38.68170251198749,276.2569611140204,1383.5539024111033,9658.25744348746,0.0,0.0,0.0,0.0,0.0,15211.601200439727,3507.8195681492975,0.0,4029.3737505078643,23.932821318395757,0.0,0.0,0.0,-1.3642420526593924e-12,0.0
2025-03-23 03:00:00+00:00,2,1.0,5065.620620082867,1122.5046184433556,2056.5291297996737,1886.586871839836,1122.5046184433556,858.215224163373,264.2893942799826,3252.9471371423247,0.0,1122.5046184433556,0.0,2056.5291297996737,0.0,1886.586871839836,0.0,0.0,0.0,0.0,0.0,3009.091490283192,1003.030496761064,6068.65111684393,91.02976675265894,41.130582595993474,41.130582595993474,293.4738154572657,1469.7952441629755,6535.415864245842,0.0,0.0,0.0,0.0,0.0,15181.17799803885,0.0,0.0,4029.3737505078643,23.930418698185672,0.0,0.0,0.0,-4.547473508864641e-13,0.0
2025-03-23 04:00:00+00:00,2,1.0,4612.233252327111,1021.231417199284,1873.105562479612,1717.896272648216,1021.231417199284,781.8419227633307,239.38949443595337,3252.9471371423247,0.0,1021.231417199284,0.0,1873.105562479612,0.0,1717.896272648216,0.0,0.0,0.0,0.0,0.0,2739.1276898475,913.0425632824999,5525.2758156096115,82.87913723414417,37.46211124959224,37.46211124959224,267.03959542116513,1337.8855184369938,5950.118770764104,0.0,0.0,0.0,0.0,0.0,15150.815642042773,0.0,0.0,4029.3737505078643,23.936732144178233,0.0,0.0,0.0,-6.821210263296962e-13,0.0
2025-03-23 05:00:00+00:00,2,1.0,4918.4003314097545,1089.5853452445924,1996.9059772542955,1831.9090089108652,1089.5853452445926,833.16750218184,256.4178430627526,3252.9471371423247,0.0,1089.5853452445924,0.0,1996.9059772542955,0.0,1831.9090089108652,0.0,0.0,0.0,0.0,0.0,2921.4943541554576,973.8314513851525,5892.2317827949055,88.38347674192357,39.93811954508591,39.93811954508591,284.88444978821417,1426.9756170054623,8753.662756937927,0.0,0.0,0.0,0.0,0.0,15120.514010758689,2408.2868085227105,0.0,6314.0752226687355,23.932949104391096,0.0,0.0,0.0,-4.547473508864641e-13,0.0
2025-03-23 06:00:00+00:00,2,1.0,4640.041575661417,1027.3498303558067,1884.1576654659157,1728.5340798396926,1027.3498303558067,786.5342915612033,240.81553879460336,3252.9471371423247,0.0,1027.3498303558067,0.0,1884.1576654659157,0.0,1728.5340798396926,0.0,0.0,0.0,0.0,0.0,2755.883910195499,918.6279700651663,5558.669545726581,83.38004318589871,37.683153309318314,37.683153309318314,268.6480100792536,1346.0223299489553,5986.063905610371,0.0,0.0,0.0,0.0,0.0,15090.272982737173,0.0,0.0,6314.0752226687355,23.93615212814353,0.0,0.0,0.0,-9.094947017729282e-13,0.0
2025-03-23 07:00:00+00:00,2,1.0,4423.780537253034,980.4650465521413,1795.991744681748,1647.3237460191474,980.4650465521413,750.5481632531806,229.91688329896067,3252.9471371423247,0.0,980.4650465521413,0.0,1795.991744681748,0.0,1647.3237460191474,0.0,0.0,0.0,0.0,0.0,2627.7887925712885,875.9295975237628,5299.710134776799,79.49565202165199,35.91983489363496,35.91983489363496,256.3246671430172,1283.589586475702,5707.370123728735,0.0,0.0,0.0,0.0,0.0,15060.0924367717,0.0,0.0,6314.0752226687355,23.938065846001322,0.0,0.0,0.0,-6.821210263296962e-13,0.0
2025-03-23 08:00:00+00:00,2,1.0,2525.460535255602,559.3540299143164,1025.6508911994665,940.4556141418193,559.3540299143164,429.1458500520372,130.20817986227917,3252.9471371423247,0.0,559.3540299143164,0.0,1025.6508911994665,0.0,940.4556141418193,0.0,0.0,0.0,0.0,0.0,1499.8096440561358,499.9365480187119,3025.3970832743144,45.38095624911471,20.51301782398933,20.51301782398933,146.2541300890795,732.5976700048848,3258.0582052604864,0.0,0.0,0.0,0.0,0.0,15029.972251898158,0.0,0.0,6314.0752226687355,23.963312938475596,0.0,0.0,0.0,-2.2737367544323206e-13,0.0
2025-03-23 09:00:00+00:00,2,1.0,4083.5344389885936,906.4607749032621,1656.779015036254,1520.2946490490763,906.460774903262,692.6269302582325,213.83384464502944,3252.9471371423247,0.0,906.4607749032621,0.0,1656.779015036254,0.0,1520.2946490490763,0.0,0.0,0.0,0.0,0.0,2426.7554239523383,808.9184746507794,4892.452913639372,73.38679370459057,33.13558030072508,33.13558030072508,236.90201487198243,1185.4784438288027,5269.012882817397,0.0,0.0,0.0,0.0,0.0,14999.912307394363,0.0,0.0,6314.0752226687355,23.942022061442746,0.0,0.0,0.0,1.1368683772161603e-12,0.0
2025-03-23 10:00:00+00:00,2,1.0,2599.533019262855,577.8859911573605,1054.175536273676,967.4714918318198,577.8859911573605,443.0262083987692,134.8597827585913,3252.9471371423247,0.0,577.8859911573605,0.0,1054.175536273676,311.622396381656,655.8490954501638,0.0,0.0,311.622396381656,415.4965285088747,103.87413212721867,1233.7350866075244,411.2450288691748,2699.155651750375,40.48733477625562,24.19973468929008,21.08351072547352,150.98464717278813,751.8743883602008,3351.4074076230554,0.0,0.0,0.0,415.4965285088747,0.0,15364.634184863007,0.0,0.0,6314.0752226687355,23.95948543109518,0.0,0.0,0.0,-2.2737367544323206e-13,0.0
2025-03-23 11:00:00+00:00,2,1.0,2678.3055703265177,594.8616974814853,1086.8570131817335,996.586859663299,594.8616974814853,455.2710935551947,139.5906039262906,3252.9471371423247,0.0,594.8616974814853,0.0,1086.8570131817335,24.25994871293915,972.3269109503599,0.0,0.0,24.25994871293915,32.346598283918865,8.086649570979716,1567.1886084318453,522.3962028106151,3176.4418244241942,47.646627366362914,21.97973975076406,21.737140263634668,155.43779501216218,777.2841547745187,0.0,0.0,0.0,0.0,32.346598283918865,0.0,15364.634184863007,0.0,3455.5897251010356,2671.563825870603,23.960954863515724,0.0,0.0,0.0,-7.958078640513122e-13,0.0
2025-03-23 12:00:00+00:00,2,1.0,3707.387082912041,822.2885988065709,1504.6246729725492,1380.4738111329195,822.2885988065709,629.0612119238652,193.22738688270573,3252.9471371423247,0.0,822.2885988065709,0.0,1504.6246729725492,24.25994871293915,1356.2138624199804,0.0,0.0,24.25994871293915,32.346598283918865,8.086649570979716,2178.5024612265515,726.1674870755172,4409.294621274618,66.13941931911927,30.335092946580378,30.092493459450985,214.93989549834433,1075.761037869992,2914.2421068782623,0.0,0.0,0.0,32.346598283918865,0.0,15364.634184863007,0.0,1868.906013903771,701.5639136298596,23.948281055075242,0.0,0.0,0.0,4.547473508864641e-13,0.0
2025-03-23 13:00:00+00:00,2,1.0,4774.338456629509,1058.6455475551272,1937.410219325284,1778.2826897490947,1058.6455475551272,809.6429609485392,249.00258660658793,3252.9471371423247,0.0,1058.6455475551272,0.0,1937.410219325284,0.0,1778.2826897490947,0.0,0.0,0.0,0.0,0.0,2836.928237304222,945.642745768074,5719.98120239758,85.79971803596369,38.748204386505684,38.748204386505684,276.74715083842136,1385.6860234154706,6160.024480044979,0.0,0.0,0.0,0.0,0.0,15333.904916493284,0.0,0.0,701.5639136298596,23.933898629956314,0.0,0.0,0.0,-4.547473508864641e-13,0.0
2025-03-23 14:00:00+00:00,2,1.0,2979.168721184503,658.0015500668994,1211.4556209845914,1109.7115501330138,658.0015500668994,506.80003688905293,151.20151317784652,3252.9471371423247,0.0,658.0015500668994,0.0,1211.4556209845914,0.0,1109.7115501330138,0.0,0.0,0.0,0.0,0.0,1767.7131001999132,589.2377000666378,3568.4064212511425,53.52609631876714,24.22911241969183,24.22911241969183,172.14113954728856,863.363160772077,6250.81869047929,0.0,0.0,0.0,0.0,0.0,15303.237106660301,2408.2868085227105,0.0,2986.2653857907308,23.95846693001046,0.0,0.0,0.0,-4.547473508864641e-13,0.0
2025-03-23 15:00:00+00:00,2,1.0,2661.2908495157944,586.5281956070326,1083.2276480717578,991.5350058370014,586.5281956070326,451.0413772897351,135.48681831729746,3252.9471371423247,0.0,586.5281956070326,0.0,1083.2276480717578,0.0,991.5350058370014,0.0,0.0,0.0,0.0,0.0,1578.063201444034,526.0210671480113,3187.311916663803,47.809678749957044,21.664552961435156,21.664552961435156,153.50564675301868,770.6654985738572,3431.9563480896522,0.0,0.0,0.0,0.0,0.0,15272.630632446982,0.0,0.0,2986.2653857907308,23.966533145121637,0.0,0.0,0.0,5.684341886080801e-13,0.0
2025-03-23 16:00:00+00:00,2,1.0,2571.9426533617698,567.3035425745207,1046.1207409119324,958.5183698753145,567.3035425745209,435.57510777693426,131.72843479758654,3252.9471371423247,0.0,567.3035425745207,0.0,1046.1207409119324,0.0,958.5183698753145,0.0,0.0,0.0,0.0,0.0,1525.8219124498353,508.6073041499451,3080.549957511713,46.20824936267569,20.92241481823865,20.92241481823865,148.45813183956707,745.1185149886651,6824.880736499733,0.0,0.0,0.0,0.0,0.0,15242.085371182091,3507.8195681492975,0.0,6314.0752226687355,23.96730421440932,0.0,0.0,0.0,4.547473508864641e-13,0.0
2025-03-23 17:00:00+00:00,2,1.0,2694.2734470521896,594.4105291815993,1094.9360722218232,1004.926845648768,594.4105291815993,455.1752060940238,139.2353230875754,3252.9471371423247,0.0,594.4105291815993,0.0,1094.9360722218232,120.81551401837808,884.1113316303899,0.0,0.0,120.81551401837808,161.0873520245041,40.271838006126025,1478.5218608119892,492.84062027066307,3066.2985533044757,45.994478299567135,23.106876584620245,21.898721444436465,155.56359422897884,779.6761288343919,0.0,2.842170943040401e-14,0.0,2.842170943040401e-14,161.08735202450407,0.0,15364.634184863007,0.0,3473.9495758865814,2652.210843876218,23.967159306200806,0.0,0.0,0.0,0.0,0.0
2025-03-23 18:00:00+00:00,2,1.0,4148.013061258572,919.2001677781896,1683.4789355170844,1545.3339579632986,919.2001677781896,700.6888558656916,218.5113119124979,3252.9471371423247,0.0,919.2001677781896,0.0,1683.4789355170844,24.25994871293915,1521.0740092503595,0.0,0.0,24.25994871293915,32.346598283918865,8.086649570979716,2440.2741770285493,813.4247256761831,4937.177838221817,74.05766757332725,33.91217819747108,33.66957871034169,240.32360177184654,1203.4744015001495,5351.4874627587205,0.0,0.0,0.0,32.346598283918865,0.0,15364.634184863007,0.0,0.0,2652.210843876218,23.9475134088359,0.0,0.0,0.0,-6.821210263296962e-13,0.0
2025-03-23 19:00:00+00:00,2,1.0,4286.388019597032,948.9269468384297,1740.2927699208115,1597.1683028377902,948.9269468384298,724.0943598599665,224.8325869784632,3252.9471371423247,0.0,948.9269468384297,0.0,1740.2927699208115,24.25994871293915,1572.908354124851,0.0,0.0,24.25994871293915,32.346598283918865,8.086649570979716,2521.8353009632806,840.6117669877602,5102.739837871853,76.54109756807779,35.04845488554562,34.80585539841623,248.14817798699465,1243.2420023977743,5529.630021994806,0.0,0.0,0.0,32.346598283918865,0.0,15364.634184863007,0.0,0.0,2652.210843876218,23.945870711858255,0.0,0.0,0.0,-4.547473508864641e-13,0.0
2025-03-23 20:00:00+00:00,2,1.0,3276.2455494626297,725.3281652944162,1330.0377461863063,1220.8796379819048,725.3281652944163,552.8620661281145,172.46609916630177,3252.9471371423247,0.0,725.3281652944162,0.0,1330.0377461863063,24.25994871293915,1196.6196892689657,0.0,0.0,24.25994871293915,32.346598283918865,8.086649570979716,1921.947854563382,640.6492848544607,3892.634885604149,58.389523284062236,26.84335441085552,26.60075492372613,189.67577963142435,950.2453466755087,4226.490896138139,0.0,0.0,0.0,32.346598283918865,0.0,15364.634184863007,0.0,0.0,2652.210843876218,23.95952804421158,0.0,0.0,0.0,4.547473508864641e-13,0.0
2025-03-23 21:00:00+00:00,2,1.0,3539.052929292931,784.2750125943534,1435.0714284615365,1319.7064882370428,784.2750125943534,596.8504017261387,187.4246108682147,3252.9471371423247,0.0,784.2750125943534,0.0,1435.0714284615365,24.25994871293915,1295.4465395241036,0.0,0.0,24.25994871293915,32.346598283918865,8.086649570979716,2079.721552118457,693.240517372819,4208.0334979528125,63.120502469292184,28.94402805636012,28.70142856923073,205.07498811050334,1027.1681141491852,2715.6748803238893,0.0,0.0,0.0,32.346598283918865,0.0,15364.634184863007,0.0,1850.5461631182256,701.5639136298596,23.955362885873498,0.0,0.0,0.0,-1.1368683772161603e-12,0.0
2025-03-23 22:00:00+00:00,2,1.0,4426.837872567179,980.7337819946871,1792.8299103636093,1653.2741802088824,980.7337819946872,746.0045795581937,234.7292024364935,3252.9471371423247,0.0,980.7337819946871,0.0,1792.8299103636093,0.0,1653.2741802088824,0.0,0.0,0.0,0.0,0.0,2634.0079622035696,878.0026540678565,5304.8405266350355,79.57260789952554,35.856598207272185,35.856598207272185,256.51939164940165,1285.8078500313281,5712.645722598507,0.0,0.0,0.0,0.0,0.0,15333.904916493284,0.0,0.0,701.5639136298596,23.943268978769055,0.0,0.0,0.0,-4.547473508864641e-13,0.0
2025-03-23 23:00:00+00:00,2,1.0,4604.1904827817725,1020.0918968813011,1864.1363533382669,1719.9622325622054,1020.0918968813011,776.4526899507525,243.63920693054854,3252.9471371423247,0.0,1020.0918968813011,0.0,1864.1363533382669,0.0,1719.9622325622054,0.0,0.0,0.0,0.0,0.0,2740.0541294435066,913.3513764811688,5517.541859262942,82.76312788894413,37.28272706676534,37.28272706676534,266.82242110188326,1337.5023796055268,5941.692862387298,0.0,0.0,0.0,0.0,0.0,15303.237106660301,0.0,0.0,701.5639136298596,23.939810354833615,0.0,0.0,0.0,-1.1368683772161603e-12,0.0
2025-04-12 00:00:00+00:00,3,40.0,3091.7851799709215,683.0633211505789,1260.5490258002867,1148.172833020057,683.0633211505789,523.161344627712,159.9019765228669,3252.9471371423247,0.0,683.0633211505789,0.0,1260.5490258002867,0.0,1148.172833020057,0.0,0.0,0.0,0.0,0.0,1831.236154170636,610.412051390212,3702.197231361135,55.53295847041702,25.210980516005733,25.210980516005733,178.5963931810797,894.9633640737202,3986.7485440446408,0.0,0.0,0.0,0.0,0.0,15272.630632446982,0.0,0.0,701.5639136298596,23.965308968288078,0.0,0.0,0.0,-9.094947017729282e-13,0.0
2025-04-12 01:00:00+00:00,3,40.0,3069.36490939459,677.7261989966204,1251.1722131584781,1140.4664972394912,677.7261989966204,519.7720961411134,157.95410285550702,3252.9471371423247,0.0,677.7261989966204,0.0,1251.1722131584781,0.0,1140.4664972394912,0.0,0.0,0.0,0.0,0.0,1818.1926962361117,606.0642320787039,3675.4291414732934,55.1314371220994,25.023444263169562,25.023444263169562,177.2379468748942,888.4805046020367,7465.664982145924,0.0,0.0,0.0,0.0,0.0,15242.085371182091,3507.8195681492975,0.0,4029.3737505078643,23.96325196468929,0.0,0.0,0.0,-4.547473508864641e-13,0.0
2025-04-12 02:00:00+00:00,3,40.0,3040.409167427768,672.6180025976086,1237.898286306868,1129.8928785232904,672.6180025976086,514.5594984149699,158.05850418263864,3252.9471371423247,0.0,672.6180025976086,0.0,1237.898286306868,0.0,1129.8928785232904,0.0,0.0,0.0,0.0,0.0,1802.5108811208988,600.8369603736329,3641.2461278014,54.618691917020996,24.75796572613736,24.75796572613736,175.84328192871237,880.8148656716411,3921.2240330994086,0.0,0.0,0.0,0.0,0.0,15211.601200439727,0.0,0.0,4029.3737505078643,23.96332955715017,0.0,0.0,0.0,-3.410605131648481e-13,0.0
2025-04-12 03:00:00+00:00,3,40.0,3062.6154219436226,677.7867321608874,1246.4059148851443,1138.4227748975902,677.7867321608874,517.5133933720597,160.27333878882774,3252.9471371423247,0.0,677.7867321608874,0.0,1246.4059148851443,0.0,1138.4227748975902,0.0,0.0,0.0,0.0,0.0,1816.2095070584776,605.4031690194926,3668.0185909631145,55.020278864446716,24.928118297702888,24.928118297702888,177.18722272275613,887.4669072021012,6358.369137668435,0.0,0.0,0.0,0.0,0.0,15181.177998038851,2408.2868085227105,0.0,6314.0752226687355,23.96413217492342,0.0,0.0,0.0,4.547473508864641e-13,0.0
2025-04-12 04:00:00+00:00,3,40.0,3109.60323598824,688.9744496574784,1265.124385197551,1155.504401133211,688.9744496574784,525.4603439998086,163.51410565766977,3252.9471371423247,0.0,688.9744496574784,0.0,1265.124385197551,0.0,1155.504401133211,0.0,0.0,0.0,0.0,0.0,1844.4788507906896,614.8262835968966,3724.4295195851373,55.86644279377706,25.30248770395102,25.30248770395102,180.06410289548023,901.3618046940559,4010.965040682296,0.0,0.0,0.0,0.0,0.0,15150.815642042775,0.0,0.0,6314.0752226687355,23.96311077445593,0.0,0.0,0.0,1.1368683772161603e-13,0.0
2025-04-12 05:00:00+00:00,3,40.0,3108.01247362187,688.2190640169118,1264.9613449897436,1154.8320646152163,688.2190640169118,525.1711918031182,163.04787221379365,3252.9471371423247,0.0,688.2190640169118,0.0,1264.9613449897436,0.0,1154.8320646152163,0.0,0.0,0.0,0.0,0.0,1843.051128632128,614.3503762107093,3722.3628498325807,55.835442747488706,25.29922689979487,25.29922689979487,179.88393123011593,900.6682039879038,4008.6806776097737,0.0,0.0,0.0,0.0,0.0,15120.514010758689,0.0,0.0,6314.0752226687355,23.963641197954132,0.0,0.0,0.0,0.0,0.0
2025-04-12 06:00:00+00:00,3,40.0,3057.446493160741,675.4202996656612,1245.668862609227,1136.3573308858522,675.4202996656611,517.3297325111837,158.09056715447744,3252.9471371423247,0.0,675.4202996656612,0.0,1245.668862609227,0.0,1136.3573308858522,0.0,0.0,0.0,0.0,0.0,1811.7776305515135,603.9258768505046,3661.372370011245,54.920585550168674,24.913377252184542,24.913377252184542,176.62581908546835,885.2990359905107,3942.745529151251,0.0,0.0,0.0,0.0,0.0,15090.272982737173,0.0,0.0,6314.0752226687355,23.963870813354664,0.0,0.0,0.0,-4.547473508864641e-13,0.0
2025-04-12 07:00:00+00:00,3,40.0,3070.6544380104815,678.6881318829295,1250.1367558713873,1141.829550256165,678.6881318829295,520.2828332459104,158.4052986370191,3252.9471371423247,0.0,678.6881318829295,0.0,1250.1367558713873,0.0,1141.829550256165,0.0,0.0,0.0,0.0,0.0,1820.5176821390946,606.8392273796982,3677.49366539018,55.1624049808527,25.002735117427747,25.002735117427747,177.4788397311387,889.485942326545,3960.1403803370263,0.0,0.0,0.0,0.0,0.0,15060.0924367717,0.0,0.0,6314.0752226687355,23.961871753489756,0.0,0.0,0.0,-2.2737367544323206e-13,0.0
2025-04-12 08:00:00+00:00,3,40.0,3024.258249840333,667.8501449201924,1231.0665687240116,1125.3415361961258,667.8501449201924,512.2114148345039,155.6387300856885,3252.9471371423247,0.0,667.8501449201924,0.0,1231.0665687240116,0.0,1125.3415361961258,0.0,0.0,0.0,0.0,0.0,1793.1916811163183,597.7305603721061,3621.988810212436,54.32983215318654,24.621331374480235,24.621331374480235,174.69181402535872,875.9948692996118,3900.253119139945,0.0,0.0,0.0,0.0,0.0,15029.972251898158,0.0,0.0,6314.0752226687355,23.962366901958205,0.0,0.0,0.0,0.0,0.0
2025-04-12 09:00:00+00:00,3,40.0,2952.048198650281,651.8142915648646,1201.4533345919444,1098.7805724934703,651.8142915648646,499.7349526620263,152.07933890283834,3252.9471371423247,0.0,651.8142915648646,0.0,1201.4533345919444,0.0,1098.7805724934703,0.0,0.0,0.0,0.0,0.0,1750.594864058335,583.5316213527783,3535.5798200030576,53.033697300045866,24.02906669183889,24.02906669183889,170.50794998637213,855.1314020228742,3807.1796006731556,0.0,0.0,0.0,0.0,0.0,14999.912307394363,0.0,0.0,6314.0752226687355,23.96406317229944,0.0,0.0,0.0,4.547473508864641e-13,0.0
2025-04-12 10:00:00+00:00,3,40.0,2929.163055665478,646.4335520499088,1191.26433650179,1091.4651671137785,646.4335520499088,495.4224436725455,151.0111083773633,3252.9471371423247,0.0,646.4335520499088,0.0,1191.26433650179,311.622396381656,779.8427707321225,0.0,0.0,311.622396381656,415.4965285088747,103.87413212721867,1426.2763227820315,475.4254409273438,3092.966100211165,46.39449150316748,26.941510693852358,23.8252867300358,169.1453432023972,845.6062051840154,1958.0930899939847,0.0,0.0,0.0,415.4965285088747,0.0,15364.634184863007,0.0,1816.6761708555089,4399.130399049865,23.964127770329135,0.0,0.0,0.0,0.0,0.0
2025-04-12 11:00:00+00:00,3,40.0,3018.0422265829366,666.6549977817125,1227.3323644565303,1124.0548643446941,666.6549977817125,510.5064860847975,156.14851169691502,3252.9471371423247,0.0,666.6549977817125,0.0,1227.3323644565303,24.25994871293915,1099.794915631755,0.0,0.0,24.25994871293915,32.346598283918865,8.086649570979716,1766.4499134134676,588.8166378044892,3582.598915674487,53.73898373511731,24.78924677626,24.546647289130608,174.3926242780903,874.3707894540673,384.5934478877068,0.0,0.0,0.0,32.346598283918865,0.0,15364.634184863007,0.0,3507.8195681492975,701.5639136298596,23.9633745568858,0.0,0.0,0.0,2.2737367544323206e-13,0.0
2025-04-12 12:00:00+00:00,3,40.0,2937.9634504198903,648.7231646886542,1195.3911907485335,1093.8490949827028,648.7231646886542,497.47857268686033,151.24459200179382,3252.9471371423247,0.0,648.7231646886542,0.0,1195.3911907485335,24.25994871293915,1069.5891462697637,0.0,0.0,24.25994871293915,32.346598283918865,8.086649570979716,1718.3123109584178,572.7707703194726,3486.474272026424,52.297114080396355,24.150423302100062,23.90782381497067,169.70577301673825,850.9185541046577,3788.8820045245475,0.0,0.0,0.0,32.346598283918865,0.0,15364.634184863007,0.0,0.0,701.5639136298596,23.96404698399048,0.0,0.0,0.0,-4.547473508864641e-13,0.0
2025-04-12 13:00:00+00:00,3,40.0,2936.394018063023,650.6693238403135,1192.870024477776,1092.8546697449324,650.6693238403135,497.03011669581787,153.63920714449563,3252.9471371423247,0.0,650.6693238403135,0.0,1192.870024477776,0.0,1092.8546697449324,0.0,0.0,0.0,0.0,0.0,1743.523993585246,581.1746645284153,3517.568682591437,52.76353023887155,23.85740048955552,23.85740048955552,170.09286783051863,851.7458635769165,6196.426690162649,0.0,0.0,0.0,0.0,0.0,15333.904916493284,2408.2868085227105,0.0,2986.2653857907308,23.963317313016585,0.0,0.0,0.0,-1.3642420526593924e-12,0.0
2025-04-12 14:00:00+00:00,3,40.0,3007.658007168605,667.333288975113,1222.4302578982047,1117.8944602952888,667.333288975113,509.18952924365436,158.14375973145854,3252.9471371423247,0.0,667.333288975113,0.0,1222.4302578982047,0.0,1117.8944602952888,0.0,0.0,0.0,0.0,0.0,1785.2277492704018,595.0759164234672,3602.7339235920736,54.0410088538811,24.448605157964096,24.448605157964096,174.37130888810017,872.3854444813767,3880.0434516499818,0.0,0.0,0.0,0.0,0.0,15303.237106660301,0.0,0.0,2986.2653857907308,23.962521202070814,0.0,0.0,0.0,2.2737367544323206e-13,0.0
2025-04-12 15:00:00+00:00,3,40.0,3059.3822059163886,678.4850287287084,1244.7405880797226,1136.1565891079592,678.4850287287085,518.0827188947525,160.402309833956,3252.9471371423247,0.0,678.4850287287084,0.0,1244.7405880797226,0.0,1136.1565891079592,0.0,0.0,0.0,0.0,0.0,1814.6416178366676,604.8805392788892,3664.2627451952794,54.963941177929186,24.89481176159445,24.89481176159445,177.27829436485976,886.9123983448671,7454.114172410553,0.0,0.0,0.0,0.0,0.0,15272.630632446982,3507.8195681492975,0.0,6314.0752226687355,23.96263551555145,0.0,0.0,0.0,-4.547473508864641e-13,0.0
2025-04-12 16:00:00+00:00,3,40.0,3006.305278603771,669.0144848556247,1222.7227591809892,1114.5680345671567,669.0144848556247,511.2091881219292,157.80529673369546,3252.9471371423247,0.0,669.0144848556247,0.0,1222.7227591809892,0.0,1114.5680345671567,0.0,0.0,0.0,0.0,0.0,1783.5825194227814,594.5275064742605,3600.832785078031,54.012491776170464,24.454455183619785,24.454455183619785,174.65233366967917,872.1012422873496,3878.4065208911206,0.0,0.0,0.0,0.0,0.0,15242.085371182091,0.0,0.0,6314.0752226687355,23.958982465266978,0.0,0.0,0.0,0.0,0.0
2025-04-12 17:00:00+00:00,3,40.0,3007.45062791119,668.9877668095564,1223.4647996463277,1114.9980614553067,668.9877668095564,510.46535635673354,158.52241045282284,3252.9471371423247,0.0,668.9877668095564,0.0,1223.4647996463277,120.81551401837805,994.1825474369286,0.0,0.0,120.81551401837805,161.08735202450407,40.27183800612602,1663.170314246485,554.3901047488283,3441.025218641641,51.615378279624615,25.677451133110335,24.469295992926554,174.6554415286771,871.0795096892929,3878.5301376004836,0.0,0.0,0.0,161.08735202450407,0.0,15364.634184863007,0.0,0.0,6314.0752226687355,23.961084495440883,0.0,0.0,0.0,5.684341886080801e-13,0.0
2025-04-12 18:00:00+00:00,3,40.0,3066.3174869809536,681.4355859912882,1248.1468365148762,1136.735064474789,681.4355859912882,520.7252796099972,160.710306381291,3252.9471371423247,0.0,681.4355859912882,0.0,1248.1468365148762,24.25994871293915,1112.4751157618498,0.0,0.0,24.25994871293915,32.346598283918865,8.086649570979716,1793.910701753138,597.9702339177127,3640.027772185727,54.600416582785904,25.205536217426918,24.962936730297525,177.93572624831472,888.7614992675175,447.2594180991732,0.0,0.0,0.0,32.346598283918865,0.0,15364.634184863007,0.0,3507.8195681492975,2616.50873724873,23.959780043666434,0.0,0.0,0.0,-3.410605131648481e-13,0.0
2025-04-12 19:00:00+00:00,3,40.0,3014.1137776552564,668.1663253110169,1228.7437568836356,1117.2036954606058,668.1663253110169,512.2141831094125,155.9521422016044,3252.9471371423247,0.0,668.1663253110169,0.0,1228.7437568836356,24.25994871293915,1092.9437467476666,0.0,0.0,24.25994871293915,32.346598283918865,8.086649570979716,1761.1100720586835,587.0366906862279,3576.890519628547,53.6533577944282,24.817474624802106,24.574875137672713,174.5451074752928,872.7141552894034,2070.15176208915,0.0,0.0,0.0,32.346598283918865,0.0,15364.634184863007,0.0,1816.6761708555093,701.5639136298596,23.96226275902742,0.0,0.0,0.0,-2.2737367544323206e-13,0.0
2025-04-12 20:00:00+00:00,3,40.0,2967.55226047756,656.7160347876402,1211.0312039135383,1099.8050217763816,656.7160347876402,504.6286588607865,152.08737592685364,3252.9471371423247,0.0,656.7160347876402,0.0,1211.0312039135383,24.25994871293915,1075.5450730634425,0.0,0.0,24.25994871293915,32.346598283918865,8.086649570979716,1732.2611078510827,577.4203692836942,3520.712681048315,52.810690215724726,24.46322356540016,24.220624078270767,171.6055074295492,858.6070641436189,3826.159324621178,0.0,0.0,0.0,32.346598283918865,0.0,15364.634184863007,0.0,0.0,701.5639136298596,23.963255228352814,0.0,0.0,0.0,-1.2505552149377763e-12,0.0
2025-04-12 21:00:00+00:00,3,40.0,2956.3872331650873,654.7045230311543,1206.1373572502614,1095.5453528836706,654.7045230311543,502.0319932714131,152.67252975974117,3252.9471371423247,0.0,654.7045230311543,0.0,1206.1373572502614,24.25994871293915,1071.2854041707315,0.0,0.0,24.25994871293915,32.346598283918865,8.086649570979716,1725.9899272018856,575.3299757339619,3507.457260186109,52.61185890279163,24.36534663213462,24.122747145005228,171.05201204906396,855.568590033937,3811.9558231990245,0.0,0.0,0.0,32.346598283918865,0.0,15364.634184863007,0.0,0.0,701.5639136298596,23.964870562567256,0.0,0.0,0.0,2.2737367544323206e-13,0.0
2025-04-12 22:00:00+00:00,3,40.0,2970.19408654103,658.6597829157615,1211.1675533534408,1100.366750271829,658.6597829157615,505.37010444429575,153.2896784714658,3252.9471371423247,0.0,658.6597829157615,0.0,1211.1675533534408,0.0,1100.366750271829,0.0,0.0,0.0,0.0,0.0,1759.0265331875905,586.3421777291968,3556.536264270228,53.34804396405342,24.223351067068815,24.223351067068815,172.03569748022696,860.1726213076149,3830.366707848645,0.0,0.0,0.0,0.0,0.0,15333.904916493284,0.0,0.0,701.5639136298596,23.963338523527238,0.0,0.0,0.0,0.0,0.0
2025-04-12 23:00:00+00:00,3,40.0,3033.7416111196762,674.1485614514651,1236.066574149902,1123.5264755183105,674.148561451465,517.2299567438631,156.9186047076019,3252.9471371423247,0.0,674.1485614514651,0.0,1236.066574149902,0.0,1123.5264755183105,0.0,0.0,0.0,0.0,0.0,1797.6750369697756,599.2250123232585,3632.966623442936,54.49449935164404,24.72133148299804,24.72133148299804,176.00714523141977,879.1693198723185,3912.910930991994,0.0,0.0,0.0,0.0,0.0,15303.237106660301,0.0,0.0,701.5639136298596,23.960010207247763,0.0,0.0,0.0,-6.821210263296962e-13,0.0
2025-06-08 00:00:00+00:00,4,59.0,2668.226443465902,595.58749516334,1083.8582586763753,988.7806896261854,595.58749516334,450.3274345850103,145.26006057832976,3252.9471371423247,0.0,595.58749516334,0.0,1083.8582586763753,0.0,988.7806896261854,0.0,0.0,0.0,0.0,0.0,1584.3681847895255,528.1227282631752,3196.3491717290763,47.94523757593614,21.677165173527506,21.677165173527506,155.38562846697616,774.8079246531427,3443.0343681190443,0.0,0.0,0.0,0.0,0.0,15272.63063244698,0.0,0.0,4029.3737505078643,23.965164843639275,0.0,0.0,0.0,-2.2737367544323206e-13,0.0
2025-06-08 01:00:00+00:00,4,59.0,2697.086106739959,608.8382489170476,1083.9093865454438,1004.3384712774663,608.8382489170476,449.49920600544647,159.33904291160115,3252.9471371423247,0.0,608.8382489170476,0.0,1083.9093865454438,0.0,1004.3384712774663,0.0,0.0,0.0,0.0,0.0,1613.176720194514,537.7255733981714,3234.8116801381293,48.522175202071935,21.678187730908878,21.678187730908878,158.62420028539043,788.2283243474516,3485.3144310874104,0.0,0.0,0.0,0.0,0.0,15242.085371182087,0.0,0.0,4029.3737505078643,23.964027754581778,0.0,0.0,0.0,-3.410605131648481e-13,0.0
2025-06-08 02:00:00+00:00,4,59.0,2748.2279820414296,621.9040206764952,1103.5165088553556,1022.8074525095783,621.9040206764952,457.6178099765534,164.2862106999418,3252.9471371423247,0.0,621.9040206764952,0.0,1103.5165088553556,0.0,1022.8074525095783,0.0,0.0,0.0,0.0,0.0,1644.7114731860734,548.2371577286912,3296.46513977012,49.4469770965518,22.070330177107113,22.070330177107113,161.94107314303332,803.7658683224906,3551.9938503639205,0.0,0.0,0.0,0.0,0.0,15211.601200439727,0.0,0.0,4029.3737505078643,23.96385688030978,0.0,0.0,0.0,2.2737367544323206e-13,0.0
2025-06-08 03:00:00+00:00,4,59.0,2787.1014940741543,629.485504037765,1122.2881458050372,1035.3278442313504,629.485504037765,465.47417567786425,164.0113283599008,3252.9471371423247,0.0,629.485504037765,0.0,1122.2881458050372,0.0,1035.3278442313504,0.0,0.0,0.0,0.0,0.0,1664.8133482691155,554.9377827563718,3342.0392768305246,50.130589152457866,22.445762916100744,22.445762916100744,163.9272800005727,813.8871777416039,6009.275480338468,0.0,0.0,0.0,0.0,0.0,15181.17799803885,2408.2868085227105,0.0,6314.0752226687355,23.964746459578635,0.0,0.0,0.0,-9.094947017729282e-13,0.0
2025-06-08 04:00:00+00:00,4,59.0,2835.911021442252,643.0492809510705,1142.596479708221,1050.2652607829646,643.0492809510706,474.3567400272049,168.69254092386564,3252.9471371423247,0.0,643.0492809510705,0.0,1142.596479708221,0.0,1050.2652607829646,0.0,0.0,0.0,0.0,0.0,1693.3145417340352,564.4381805780117,3400.349202020268,51.00523803030402,22.85192959416442,22.85192959416442,167.25941804039644,828.406695837041,3664.3177172792934,0.0,0.0,0.0,0.0,0.0,15150.815642042773,0.0,0.0,6314.0752226687355,23.966340506123288,0.0,0.0,0.0,3.410605131648481e-13,0.0
2025-06-08 05:00:00+00:00,4,59.0,2864.877477365525,649.7053638490402,1154.0552574947856,1061.1168560217016,649.7053638490402,478.5529502275655,171.1524136214747,3252.9471371423247,0.0,649.7053638490402,0.0,1154.0552574947856,0.0,1061.1168560217016,0.0,0.0,0.0,0.0,0.0,1710.8222198707417,570.2740732902472,3435.1515506557744,51.52727325983661,23.081105149895713,23.081105149895713,168.9888487500802,836.9524055999555,3701.8298829654805,0.0,0.0,0.0,0.0,0.0,15120.514010758689,0.0,0.0,6314.0752226687355,23.96681646626877,0.0,0.0,0.0,0.0,0.0
2025-06-08 06:00:00+00:00,4,59.0,2869.0960452254612,651.4951742590794,1154.5246558422978,1063.0762151240842,651.4951742590795,477.8789497075075,173.61622455157192,3252.9471371423247,0.0,651.4951742590794,0.0,1154.5246558422978,0.0,1063.0762151240842,0.0,0.0,0.0,0.0,0.0,1714.5713893831635,571.5237964610545,3440.619841686516,51.609297625297735,23.090493116845956,23.090493116845956,169.42352604215054,838.7376063621948,3707.833651587656,0.0,0.0,0.0,0.0,0.0,15090.272982737173,0.0,0.0,6314.0752226687355,23.96716631395978,0.0,0.0,0.0,-2.2737367544323206e-13,0.0
2025-06-08 07:00:00+00:00,4,59.0,2935.153587802032,663.0790825957922,1183.9229207047956,1088.1515845014442,663.0790825957922,490.08996513878594,172.98911745700622,3252.9471371423247,0.0,663.0790825957922,0.0,1183.9229207047956,0.0,1088.1515845014442,0.0,0.0,0.0,0.0,0.0,1751.2306670972364,583.7435556990788,3518.897143501111,52.78345715251666,23.678458414095914,23.678458414095914,172.60906319124302,856.4929928710303,3791.6465806730625,0.0,0.0,0.0,0.0,0.0,15060.092436771702,0.0,0.0,6314.0752226687355,23.96798103846034,0.0,0.0,0.0,4.547473508864641e-13,0.0
2025-06-08 08:00:00+00:00,4,59.0,2902.079830330927,655.2655058709902,1170.380197996581,1076.4341264633572,655.2655058709902,485.06018427842264,170.20532159256754,3252.9471371423247,0.0,655.2655058709902,0.0,1170.380197996581,0.0,1076.4341264633572,0.0,0.0,0.0,0.0,0.0,1731.6996323343474,577.2332107781158,3479.313041109044,52.18969561663566,23.40760395993162,23.40760395993162,170.60261509458618,846.8407294092009,3748.920559740128,0.0,0.0,0.0,0.0,0.0,15029.972251898158,0.0,0.0,6314.0752226687355,23.968372521924607,0.0,0.0,0.0,-1.1368683772161603e-13,0.0
2025-06-08 09:00:00+00:00,4,59.0,2865.8243195745335,647.9044480005609,1155.6215850196809,1062.2982865542917,647.9044480005609,480.8027818489265,167.10166615163442,3252.9471371423247,0.0,647.9044480005609,0.0,1155.6215850196809,0.0,1062.2982865542917,0.0,0.0,0.0,0.0,0.0,1710.2027345548527,570.0675781849509,3435.8918977594844,51.53837846639227,23.112431700393618,23.112431700393618,168.630422702425,836.4612427545553,3702.285562329089,0.0,0.0,0.0,0.0,0.0,14999.912307394363,0.0,0.0,6314.0752226687355,23.967734805657415,0.0,0.0,0.0,0.0,0.0
2025-06-08 10:00:00+00:00,4,59.0,3004.936785739249,679.0604573747071,1213.633657692927,1112.242670671612,679.0604573747071,505.8771606868008,173.1832966879063,3252.9471371423247,0.0,679.0604573747071,0.0,1213.633657692927,311.622396381656,800.6202742899559,0.0,0.0,311.622396381656,415.4965285088747,103.87413212721867,1479.680731664663,493.22691055488764,3186.5412999124774,47.79811949868716,27.3888971176751,24.27267315385854,176.71697963536647,873.2777120876937,370.39492967764545,0.0,0.0,0.0,415.4965285088747,0.0,15364.634184863007,0.0,3507.8195681492975,2616.50873724873,23.96617507791642,0.0,0.0,0.0,3.410605131648481e-13,0.0
2025-06-08 11:00:00+00:00,4,59.0,2992.4877938225673,675.8667667847395,1208.5830910066868,1108.0379360311415,675.8667667847395,504.34801320143714,171.51875358330238,3252.9471371423247,0.0,675.8667667847395,0.0,1208.5830910066868,24.25994871293915,1083.7779873182023,0.0,0.0,24.25994871293915,32.346598283918865,8.086649570979716,1759.644754102942,586.5482513676474,3554.776096477276,53.32164144715914,24.41426130726313,24.171661820133735,175.9135900454133,872.4560555585963,2048.2676785256535,0.0,0.0,0.0,32.346598283918865,0.0,15364.634184863007,0.0,1816.6761708555093,701.5639136298596,23.965697602976345,0.0,0.0,0.0,-4.547473508864641e-13,0.0
2025-06-08 12:00:00+00:00,4,59.0,2864.58811242164,648.3793130923477,1155.4670427732337,1060.7417565560568,648.3793130923477,481.91445693056795,166.46485616177978,3252.9471371423247,0.0,648.3793130923477,0.0,1155.4670427732337,24.25994871293915,1036.4818078431176,0.0,0.0,24.25994871293915,32.346598283918865,8.086649570979716,1684.8611209354654,561.6203736451552,3401.9485373538546,51.029228060307815,23.35194034259407,23.109340855464676,168.6962430034811,835.8937754779824,3700.481887899623,0.0,0.0,0.0,32.346598283918865,0.0,15364.634184863007,0.0,0.0,701.5639136298596,23.966261245760098,0.0,0.0,0.0,6.821210263296962e-13,0.0
2025-06-08 13:00:00+00:00,4,59.0,2798.9460515361766,633.0720902878012,1128.498905813663,1037.3750554347139,633.0720902878011,469.70250957915925,163.36958070864188,3252.9471371423247,0.0,633.0720902878012,0.0,1128.498905813663,0.0,1037.3750554347139,0.0,0.0,0.0,0.0,0.0,1670.447145722515,556.8157152408384,3355.7617667770164,50.33642650165525,22.56997811627326,22.56997811627326,164.75506866735157,817.0471666423916,7123.812786327866,0.0,0.0,0.0,0.0,0.0,15333.904916493284,3507.8195681492975,0.0,4029.3737505078643,23.96860251280319,0.0,0.0,0.0,-4.547473508864641e-13,0.0
2025-06-08 14:00:00+00:00,4,59.0,2815.0490135332443,634.8360684478728,1136.9746268414244,1043.2383182439448,634.8360684478728,473.74801900585413,161.08804944201862,3252.9471371423247,0.0,634.8360684478728,0.0,1136.9746268414244,0.0,1043.2383182439448,0.0,0.0,0.0,0.0,0.0,1678.0743866918176,559.3581288972725,3374.407142430515,50.61610713645772,22.73949253682849,22.73949253682849,165.29979663915915,820.7530177465463,3635.80203127979,0.0,0.0,0.0,0.0,0.0,15303.2371066603,0.0,0.0,4029.3737505078643,23.968308774459928,0.0,0.0,0.0,-7.958078640513122e-13,0.0
2025-06-08 15:00:00+00:00,4,59.0,3010.6690789388085,668.5501589585273,1222.2934125752097,1119.8255074050726,668.5501589585272,511.8299070608972,156.72025189763002,3252.9471371423247,0.0,668.5501589585273,0.0,1222.2934125752097,0.0,1119.8255074050726,0.0,0.0,0.0,0.0,0.0,1788.3756663636,596.1252221212,3606.7943010600093,54.101914515900134,24.445868251504194,24.445868251504194,174.6864023639382,873.8052755040467,6292.761162965566,0.0,0.0,0.0,0.0,0.0,15272.63063244698,2408.2868085227105,0.0,6314.0752226687355,23.95874250681436,0.0,0.0,0.0,0.0,0.0
2025-06-08 16:00:00+00:00,4,59.0,3078.2069923204554,684.6371715811412,1249.749454022168,1143.8203667171463,684.6371715811412,523.2948293132497,161.34234226789147,3252.9471371423247,0.0,684.6371715811412,0.0,1249.749454022168,0.0,1143.8203667171463,0.0,0.0,0.0,0.0,0.0,1828.4575382982875,609.4858460994292,3687.6928384198845,55.315392576298265,24.99498908044336,24.99498908044336,178.8095936737864,893.6008105104005,3971.807802830855,0.0,0.0,0.0,0.0,0.0,15242.085371182087,0.0,0.0,6314.0752226687355,23.957780331207186,0.0,0.0,0.0,-7.958078640513122e-13,0.0
2025-06-08 17:00:00+00:00,4,59.0,3074.9395644076244,684.2628908665541,1247.2742995998726,1143.4023739411975,684.2628908665541,521.4465469326309,162.8163439339232,3252.9471371423247,0.0,684.2628908665541,0.0,1247.2742995998726,120.81551401837942,1022.5868599228181,0.0,0.0,120.81551401837942,161.0873520245059,40.27183800612647,1706.8497507893721,568.9499169297907,3523.0739673190355,52.84610950978553,26.15364113218125,24.945485991997455,178.71183603719763,891.878827607079,3966.8183920147035,-1.8189894035458565e-12,0.0,0.0,161.0873520245077,0.0,15364.634184863007,0.0,0.0,6314.0752226687355,23.959120409952433,0.0,0.0,0.0,1.1368683772161603e-13,0.0
2025-06-08 18:00:00+00:00,4,59.0,3058.9732310608524,680.1848837505198,1242.0388477087763,1136.7494996015591,680.1848837505198,519.4216151029169,160.76326864760293,3252.9471371423247,0.0,680.1848837505198,0.0,1242.0388477087763,24.25994871293915,1112.48955088862,0.0,0.0,24.25994871293915,32.346598283918865,8.086649570979716,1792.6744346391397,597.5581448797133,3632.2714272276294,54.48407140841444,25.08337644130492,24.840776954175528,177.65724210725307,887.710261361841,3946.6834924226932,0.0,0.0,0.0,32.346598283918865,0.0,15364.634184863007,0.0,0.0,6314.0752226687355,23.9586265196413,0.0,0.0,0.0,-2.2737367544323206e-13,0.0
2025-06-08 19:00:00+00:00,4,59.0,3062.354483484829,679.7868596531481,1246.2494153654557,1136.3182084662258,679.7868596531481,519.842083817857,159.94477583529115,3252.9471371423247,0.0,679.7868596531481,0.0,1246.2494153654557,24.25994871293915,1112.0582597532866,0.0,0.0,24.25994871293915,32.346598283918865,8.086649570979716,1791.8451194064346,597.2817064688115,3635.376241240702,54.530643618610526,25.167587794438507,24.924988307309114,177.56940180464417,887.5609775647936,2133.239290194113,0.0,0.0,0.0,32.346598283918865,0.0,15364.634184863007,0.0,1816.6761708555089,4399.130399049865,23.9602649827407,0.0,0.0,0.0,-9.094947017729282e-13,0.0
2025-06-08 20:00:00+00:00,4,59.0,3034.895582970205,673.034567294478,1235.8318710638457,1126.0291446118795,673.0345672944782,515.8499877809427,157.18457951353543,3252.9471371423247,0.0,673.034567294478,0.0,1235.8318710638457,24.25994871293915,1101.7691958989403,0.0,0.0,24.25994871293915,32.346598283918865,8.086649570979716,1774.8037631934185,591.6012543978062,3602.2368886550703,54.033553329826056,24.959236908406307,24.716637421276914,175.83621947776817,879.2335511060634,406.3095659269711,0.0,0.0,0.0,32.346598283918865,0.0,15364.634184863007,0.0,3507.8195681492975,701.5639136298596,23.960152834435352,0.0,0.0,0.0,3.410605131648481e-13,0.0
2025-06-08 21:00:00+00:00,4,59.0,3007.7975109015924,667.0725185072968,1224.4144584712799,1116.3105339230142,667.0725185072969,513.0861117924399,153.98640671485703,3252.9471371423247,0.0,667.0725185072968,0.0,1224.4144584712799,24.25994871293915,1092.050585210075,0.0,0.0,24.25994871293915,32.346598283918865,8.086649570979716,1759.1231037173718,586.3743679057906,3569.911930094442,53.54867895141663,24.730888656554992,24.4882891694256,174.2866037699834,871.5154780241508,3879.3129889257434,0.0,0.0,0.0,32.346598283918865,0.0,15364.634184863007,0.0,0.0,701.5639136298596,23.957830911795597,0.0,0.0,0.0,2.2737367544323206e-13,0.0
2025-06-08 22:00:00+00:00,4,59.0,2975.856033715487,661.4588004806208,1208.1798827419905,1106.2173504928767,661.4588004806208,507.4283459949215,154.03045448569932,3252.9471371423247,0.0,661.4588004806208,0.0,1208.1798827419905,0.0,1106.2173504928767,0.0,0.0,0.0,0.0,0.0,1767.6761509734974,589.2253836578325,3565.0814173733206,53.47622126059981,24.16359765483981,24.16359765483981,172.79051337777602,863.8193136058879,3839.675347321375,0.0,0.0,0.0,0.0,0.0,15333.904916493284,0.0,0.0,701.5639136298596,23.956661666788396,0.0,0.0,0.0,1.1368683772161603e-13,0.0
2025-06-08 23:00:00+00:00,4,59.0,2972.2519996359006,659.2923713109891,1207.7688132510925,1105.1908150738186,659.2923713109891,505.4503120636816,153.84205924730745,3252.9471371423247,0.0,659.2923713109891,0.0,1207.7688132510925,0.0,1105.1908150738186,0.0,0.0,0.0,0.0,0.0,1764.4831863848076,588.1610621282692,3560.4130617641695,53.40619592646254,24.15537626502185,24.15537626502185,172.29528971007528,862.1733002948506,7342.24486808005,0.0,0.0,0.0,0.0,0.0,15303.2371066603,3507.8195681492975,0.0,4029.3737505078643,23.959616632786233,0.0,0.0,0.0,1.3642420526593924e-12,0.0
2025-07-04 00:00:00+00:00,5,66.0,2818.240359639253,623.5003185354476,1157.8312781251802,1036.9087629786245,623.5003185354476,476.5699398359175,146.9303786995301,3252.9471371423247,0.0,623.5003185354476,0.0,1157.8312781251802,0.0,1036.9087629786245,0.0,0.0,0.0,0.0,0.0,1660.409081514072,553.469693838024,3371.7100534772762,50.57565080215914,23.156625562503606,23.156625562503606,162.75644806251748,813.1150438277077,3631.35540346696,0.0,0.0,0.0,0.0,0.0,15120.51401075869,0.0,0.0,701.5639136298596,23.970116236188773,0.0,0.0,0.0,-4.547473508864641e-13,0.0
2025-07-04 01:00:00+00:00,5,66.0,2774.3114535455616,614.3445499336473,1140.3472441405047,1019.6196594714075,614.3445499336472,469.3710379296407,144.97351200400652,3252.9471371423247,0.0,614.3445499336473,0.0,1140.3472441405047,0.0,1019.6196594714075,0.0,0.0,0.0,0.0,0.0,1633.9642094050548,544.6547364683516,3318.9661900139113,49.784492850208665,22.806944882810093,22.806944882810093,160.31700213658075,800.3701212207612,7082.50114291562,0.0,0.0,0.0,0.0,0.0,15090.272982737175,3507.8195681492975,0.0,4029.3737505078643,23.96856977345936,0.0,0.0,0.0,0.0,0.0
2025-07-04 02:00:00+00:00,5,66.0,2760.9594491582247,611.4448261034919,1134.19351975783,1015.3211032969028,611.444826103492,466.44733737601274,144.9974887274792,3252.9471371423247,0.0,611.4448261034919,0.0,1134.19351975783,0.0,1015.3211032969028,0.0,0.0,0.0,0.0,0.0,1626.7659294003947,542.2553098001316,3303.2147589583565,49.548221384375346,22.6838703951566,22.6838703951566,159.57032410682365,796.7415960816438,3557.7010452398686,0.0,0.0,0.0,0.0,0.0,15060.092436771702,0.0,0.0,4029.3737505078643,23.969534993838128,0.0,0.0,0.0,0.0,0.0
2025-07-04 03:00:00+00:00,5,66.0,2753.5121730464352,610.4356667697275,1131.2064037156756,1011.8701025610304,610.4356667697275,465.79775128342817,144.63791548629928,3252.9471371423247,0.0,610.4356667697275,0.0,1131.2064037156756,0.0,1011.8701025610304,0.0,0.0,0.0,0.0,0.0,1622.3057693307578,540.7685897769193,3294.2807628233527,49.414211442350286,22.624128074313514,22.624128074313514,159.25979988200842,794.690857249905,5956.48983881905,0.0,0.0,0.0,0.0,0.0,15029.97225189816,2408.2868085227105,0.0,6314.0752226687355,23.968931357412696,0.0,0.0,0.0,-4.547473508864641e-13,0.0
2025-07-04 04:00:00+00:00,5,66.0,2746.0345353449115,608.9597605851861,1128.3144495924391,1008.7603251672858,608.9597605851861,465.2750805449603,143.6846800402258,3252.9471371423247,0.0,608.9597605851861,0.0,1128.3144495924391,0.0,1008.7603251672858,0.0,0.0,0.0,0.0,0.0,1617.720085752472,539.2400285841574,3285.274563929069,49.27911845893603,22.566288991848783,22.566288991848783,158.85853070304148,792.5102557298324,3538.5447910747444,0.0,0.0,0.0,0.0,0.0,14999.912307394365,0.0,0.0,6314.0752226687355,23.9681556489165,0.0,0.0,0.0,4.547473508864641e-13,0.0
2025-07-04 05:00:00+00:00,5,66.0,2742.154172633252,607.793439273331,1127.468130783338,1006.8926025765845,607.793439273331,463.8538358321962,143.93960344113484,3252.9471371423247,0.0,607.793439273331,0.0,1127.468130783338,0.0,1006.8926025765845,0.0,0.0,0.0,0.0,0.0,1614.6860418499155,538.2286806166385,3280.382853249892,49.205742798748375,22.54936261566676,22.54936261566676,158.55654934304206,791.0896979897624,3533.243870623014,0.0,0.0,0.0,0.0,0.0,14969.912482779577,0.0,0.0,6314.0752226687355,23.97011132819147,0.0,0.0,0.0,-3.410605131648481e-13,0.0
2025-07-04 06:00:00+00:00,5,66.0,2725.883905048667,604.2498769794765,1121.47081429698,1000.1632137722111,604.2498769794765,462.4628742056057,141.78700277387085,3252.9471371423247,0.0,604.2498769794765,0.0,1121.47081429698,0.0,1000.1632137722111,0.0,0.0,0.0,0.0,0.0,1604.4130907516876,534.8043635838959,3260.6882686325634,48.91032402948845,22.429416285939602,22.429416285939602,157.61390386320608,786.1874240484697,3512.0713290971353,0.0,0.0,0.0,0.0,0.0,14939.97265781402,0.0,0.0,6314.0752226687355,23.968564391165756,0.0,0.0,0.0,-1.5916157281026244e-12,0.0
2025-07-04 07:00:00+00:00,5,66.0,2750.898024777563,609.7820814456254,1131.5306556117273,1009.5852877202096,609.7820814456254,467.15494661000884,142.62713483561654,3252.9471371423247,0.0,609.7820814456254,0.0,1131.5306556117273,0.0,1009.5852877202096,0.0,0.0,0.0,0.0,0.0,1619.367369165835,539.7891230552783,3290.6871478328403,49.360307217492604,22.630613112234546,22.630613112234546,159.06274908719942,793.4734055844394,3544.3714303620022,0.0,0.0,0.0,0.0,0.0,14910.092712498394,0.0,0.0,6314.0752226687355,23.968347078070984,0.0,0.0,0.0,-2.2737367544323206e-13,0.0
2025-07-04 08:00:00+00:00,5,66.0,2781.6229960812484,616.489557146495,1144.4706438555197,1020.6627950792329,616.489557146495,472.40064571835495,144.0889114281401,3252.9471371423247,0.0,616.489557146495,0.0,1144.4706438555197,0.0,1020.6627950792329,0.0,0.0,0.0,0.0,0.0,1637.152352225728,545.7174507419094,3327.3404468231574,49.91010670234736,22.889412877110395,22.889412877110395,160.81142947525805,802.2178126737356,3583.8408087549838,0.0,0.0,0.0,0.0,0.0,14880.272527073399,0.0,0.0,6314.0752226687355,23.96831213163663,0.0,0.0,0.0,-2.2737367544323206e-13,0.0
2025-07-04 09:00:00+00:00,5,66.0,2776.4756009080784,615.7046787371469,1142.6605814577008,1018.1103407132306,615.7046787371469,471.0600038287713,144.64467490837555,3252.9471371423247,0.0,615.7046787371469,0.0,1142.6605814577008,0.0,1018.1103407132306,0.0,0.0,0.0,0.0,0.0,1633.8150194503773,544.6050064834591,3321.0806073915373,49.81620911087306,22.853211629154018,22.853211629154018,160.57466664132576,800.7023054939658,3577.1779064020443,0.0,0.0,0.0,0.0,0.0,14850.511982019254,0.0,0.0,6314.0752226687355,23.9686839992455,0.0,0.0,0.0,1.1368683772161603e-13,0.0
2025-07-04 10:00:00+00:00,5,66.0,2749.9392623389845,610.5645550301463,1131.845631075323,1007.5290762335151,610.5645550301463,468.70415680291893,141.8603982272274,3252.9471371423247,0.0,610.5645550301463,0.0,1131.845631075323,0.0,1007.5290762335151,0.0,0.0,0.0,0.0,0.0,1618.0936312636613,539.3645437545538,3289.303806093538,49.339557091403066,22.636912621506458,22.636912621506458,159.1794524339115,793.1573785228812,3543.0966408618656,0.0,0.0,0.0,0.0,0.0,14820.810958055217,0.0,0.0,6314.0752226687355,23.96740128527249,0.0,0.0,0.0,-1.1368683772161603e-13,0.0
2025-07-04 11:00:00+00:00,5,66.0,2729.8440828788735,605.8266642708744,1122.5544943015332,1001.4629243064659,605.8266642708745,464.78682789431366,141.03983637656083,3252.9471371423247,0.0,605.8266642708744,0.0,1122.5544943015332,452.73540688728826,548.7275174191776,0.0,0.0,452.73540688728826,603.647209183051,150.91180229576275,1154.554181690052,384.851393896684,2661.960069888269,39.92940104832404,26.978443954903547,22.451089886030665,157.98616257814373,783.1082936598488,5.132808389424605,0.0,0.0,0.0,603.647209183051,0.0,15364.634184863007,0.0,3507.8195681492975,2616.50873724873,23.96858862432223,0.0,0.0,0.0,-1.1368683772161603e-13,0.0
2025-07-04 12:00:00+00:00,5,66.0,2640.408421575164,584.2352738011696,1087.7752538534244,968.3978939205692,584.2352738011696,449.43068449251473,134.80458930865487,3252.9471371423247,0.0,584.2352738011696,0.0,1087.7752538534244,24.25994871293915,944.1379452076301,0.0,0.0,24.25994871293915,32.346598283918865,8.086649570979716,1528.3732190087997,509.4577396695999,3125.606212531824,46.884093187977356,21.99810456419788,21.755505077068488,152.43432441631364,760.616416486137,1584.3486672057911,0.0,0.0,0.0,32.346598283918865,0.0,15364.634184863007,0.0,1816.6761708555093,701.5639136298596,23.97002007273024,0.0,0.0,0.0,-9.094947017729282e-13,0.0
2025-07-04 13:00:00+00:00,5,66.0,2663.4376508569358,590.2042615759385,1093.2435246695436,979.9898646114549,590.2042615759385,450.10591990751243,140.09834166842603,3252.9471371423247,0.0,590.2042615759385,0.0,1093.2435246695436,0.0,979.9898646114549,0.0,0.0,0.0,0.0,0.0,1570.1941261873935,523.3980420624645,3186.8356929194015,47.80253539379102,21.86487049339087,21.86487049339087,154.02004392118587,768.9503623642231,3432.388013221158,0.0,0.0,0.0,0.0,0.0,15333.904916493284,0.0,0.0,701.5639136298596,23.971364470305307,0.0,0.0,0.0,-9.094947017729282e-13,0.0
2025-07-04 14:00:00+00:00,5,66.0,2712.354349978731,601.9816024440208,1109.9747004714202,1000.39804706329,601.9816024440208,455.99166973773424,145.98993270628657,3252.9471371423247,0.0,601.9816024440208,0.0,1109.9747004714202,0.0,1000.39804706329,0.0,0.0,0.0,0.0,0.0,1602.379649507311,534.1265498357703,3246.4808998145018,48.697213497217525,22.199494009428403,22.199494009428403,157.10104419486058,784.3237955467051,7004.497713674732,0.0,0.0,0.0,0.0,0.0,15303.237106660301,3507.8195681492975,0.0,4029.3737505078643,23.973006069408655,0.0,0.0,0.0,-1.8189894035458565e-12,0.0
2025-07-04 15:00:00+00:00,5,66.0,2751.8690673449673,610.2423495533565,1126.2721562602667,1015.3545615313427,610.2423495533565,462.44883943264676,147.79351012070967,3252.9471371423247,0.0,610.2423495533565,0.0,1126.2721562602667,0.0,1015.3545615313427,0.0,0.0,0.0,0.0,0.0,1625.596911084699,541.865637028233,3293.734704373199,49.406020565597984,22.525443125205335,22.525443125205335,159.2912094969066,795.6137533411483,5955.769629208825,0.0,0.0,0.0,0.0,0.0,15272.630632446982,2408.2868085227105,0.0,6314.0752226687355,23.97252646877479,0.0,0.0,0.0,-1.3642420526593924e-12,0.0
2025-07-04 16:00:00+00:00,5,66.0,2760.8345873863886,612.6672726414922,1129.4894479398877,1018.6778668050079,612.6672726414922,462.991749096148,149.67552354534428,3252.9471371423247,0.0,612.6672726414922,0.0,1129.4894479398877,96.74906343230305,921.9288033727048,0.0,0.0,96.74906343230305,128.99875124307073,32.24968781076768,1534.596076014197,511.5320253380657,3175.61754929215,47.63426323938225,23.557279593120786,22.589788958797755,159.90201263382437,797.4650575739586,50.48007681104895,0.0,0.0,0.0,128.99875124307073,0.0,15364.634184863007,0.0,3507.8195681492975,2616.50873724873,23.97327499431781,0.0,0.0,0.0,-6.821210263296962e-13,0.0
2025-07-04 17:00:00+00:00,5,66.0,2761.2847957782765,612.7723855505468,1129.4764663940566,1019.0359438336731,612.7723855505468,462.8626542091588,149.90973134138804,3252.9471371423247,0.0,612.7723855505468,0.0,1129.4764663940566,0.0,1019.0359438336731,0.0,0.0,0.0,0.0,0.0,1631.8083293842199,543.93610979474,3305.2209055730164,49.578313583595246,22.589529327881134,22.589529327881134,159.93475629454593,798.6282383286434,3559.91303410692,0.0,0.0,0.0,0.0,0.0,15333.904916493284,0.0,0.0,2616.50873724873,23.972311227000116,0.0,0.0,0.0,0.0,0.0
2025-07-04 18:00:00+00:00,5,66.0,3000.193083244442,666.0097732000058,1229.1310392788691,1105.0522707655648,666.0097732000058,501.51577846475004,164.4939947352558,3252.9471371423247,0.0,666.0097732000058,0.0,1229.1310392788691,0.0,1105.0522707655648,0.0,0.0,0.0,0.0,0.0,1771.0620439655706,590.3540146551902,3590.54709789963,53.85820646849445,24.582620785577383,24.582620785577383,173.7684724632012,867.1459351580407,3867.3390184024825,0.0,0.0,0.0,0.0,0.0,15303.2371066603,0.0,0.0,2616.50873724873,23.971827820281465,0.0,0.0,0.0,-1.1368683772161603e-13,0.0
2025-07-04 19:00:00+00:00,5,66.0,2979.2868905398427,661.4234513769057,1220.4179178585878,1097.4455213043507,661.4234513769057,497.6957065435512,163.72774483335456,3252.9471371423247,0.0,661.4234513769057,0.0,1220.4179178585878,0.0,1097.4455213043507,0.0,0.0,0.0,0.0,0.0,1758.8689726812563,586.2896575604187,3565.5765481002627,53.48364822150394,24.408358357171757,24.408358357171757,172.5706753585176,861.1606978547838,3840.4475883946266,0.0,0.0,0.0,0.0,0.0,15272.63063244698,0.0,0.0,2616.50873724873,23.972287632289785,0.0,0.0,0.0,0.0,0.0
2025-07-04 20:00:00+00:00,5,66.0,2756.4462746615827,617.2805337159471,1114.1824953010866,1024.9832456445517,617.2805337159471,459.11744113441944,158.1630925815276,3252.9471371423247,0.0,617.2805337159471,0.0,1114.1824953010866,0.0,1024.9832456445517,0.0,0.0,0.0,0.0,0.0,1642.2637793604988,547.4212597868329,3303.867534448418,49.55801301672627,22.283649906021733,22.283649906021733,161.0156813466436,802.5622539622464,3559.008528623829,0.0,0.0,0.0,0.0,0.0,15242.085371182087,0.0,0.0,2616.50873724873,23.971962714804324,0.0,0.0,0.0,0.0,0.0
2025-07-04 21:00:00+00:00,5,66.0,2678.48131628407,597.5078564278697,1082.6220152078463,998.3514446483566,597.5078564278697,447.4147259925343,150.0931304353354,3252.9471371423247,0.0,597.5078564278697,0.0,1082.6220152078463,0.0,998.3514446483566,0.0,0.0,0.0,0.0,0.0,1595.8593010762263,531.9531003587421,3210.4344166428145,48.156516249642216,21.652440304156926,21.652440304156926,156.02479827638345,779.4392954930815,1641.2444409216414,0.0,0.0,0.0,0.0,0.0,15211.601200439727,0.0,1816.6761708555093,701.5639136298596,23.972243411667584,0.0,0.0,0.0,-6.821210263296962e-13,0.0
2025-07-04 22:00:00+00:00,5,66.0,2653.3286196868225,590.7595462375969,1073.6390974674125,988.9299759818126,590.7595462375969,444.52113161058725,146.2384146270096,3252.9471371423247,0.0,590.7595462375969,0.0,1073.6390974674125,0.0,988.9299759818126,0.0,0.0,0.0,0.0,0.0,1579.6895222194094,526.5631740731365,3179.891793759958,47.69837690639937,21.47278194934825,21.47278194934825,154.31727844607695,771.5243933243094,3424.853013011132,0.0,0.0,0.0,0.0,0.0,15181.177998038851,0.0,0.0,701.5639136298596,23.971911546032505,0.0,0.0,0.0,2.2737367544323206e-13,0.0
2025-07-04 23:00:00+00:00,5,66.0,2639.941990440102,585.4985469514655,1070.1303562172864,984.3130872713493,585.4985469514655,443.05065393302846,142.4478930184371,3252.9471371423247,0.0,585.4985469514655,0.0,1070.1303562172864,0.0,984.3130872713493,0.0,0.0,0.0,0.0,0.0,1569.811634222815,523.2705447409384,3163.21253518104,47.4481880277156,21.402607124345728,21.402607124345728,153.06428651697883,766.5882335343242,3406.5302239744265,0.0,0.0,0.0,0.0,0.0,15150.815642042775,0.0,0.0,701.5639136298596,23.971708913910106,0.0,0.0,0.0,2.2737367544323206e-13,0.0
2025-09-25 00:00:00+00:00,6,31.0,2901.6103379852475,647.0391014534503,1169.5453972200426,1085.025839311757,647.0391014534503,494.3888486742419,152.65025277920842,3252.9471371423247,0.0,647.0391014534503,0.0,1169.5453972200426,0.0,1085.025839311757,0.0,0.0,0.0,0.0,0.0,1732.0649407652072,577.3549802550691,3478.965318240319,52.184479773604785,23.39090794440085,23.39090794440085,169.06417157011066,845.3854474875864,3746.995785472833,0.0,0.0,0.0,0.0,0.0,15272.630632446982,0.0,0.0,701.5639136298596,23.95753322337441,0.0,0.0,0.0,-6.821210263296962e-13,0.0
2025-09-25 01:00:00+00:00,6,31.0,2813.053221362433,627.5517654331811,1132.5863269474808,1052.915128981772,627.5517654331811,478.3418443786488,149.20992105453234,3252.9471371423247,0.0,627.5517654331811,0.0,1132.5863269474808,0.0,1052.915128981772,0.0,0.0,0.0,0.0,0.0,1680.4668944149532,560.1556314716511,3373.208852834085,50.59813279251127,22.651726538949614,22.651726538949614,163.98207454131295,820.0392918833744,7140.912081395105,0.0,0.0,0.0,0.0,0.0,15242.085371182091,3507.8195681492975,0.0,4029.3737505078643,23.959332240038165,0.0,0.0,0.0,0.0,0.0
2025-09-25 02:00:00+00:00,6,31.0,2778.8391508903856,620.8361467211105,1116.9606165585844,1041.0423876106886,620.8361467211105,472.78287116992163,148.05327555118885,3252.9471371423247,0.0,620.8361467211105,0.0,1116.9606165585844,0.0,1041.0423876106886,0.0,0.0,0.0,0.0,0.0,1661.878534331799,553.959511443933,3332.7986623343168,49.99197993501475,22.33921233117169,22.33921233117169,162.20580592274106,810.8357219640322,3589.674872854418,0.0,0.0,0.0,0.0,0.0,15211.601200439727,0.0,0.0,4029.3737505078643,23.958545138863805,0.0,0.0,0.0,2.2737367544323206e-13,0.0
2025-09-25 03:00:00+00:00,6,31.0,2801.830507389542,625.917472996513,1125.7462300492912,1050.1668043437373,625.917472996513,476.99218564278993,148.92528735372304,3252.9471371423247,0.0,625.917472996513,0.0,1125.7462300492912,0.0,1050.1668043437373,0.0,0.0,0.0,0.0,0.0,1676.0842773402503,558.6947591134168,3360.5252665029584,50.40787899754437,22.514924600985825,22.514924600985825,163.54931142270684,817.6817987356397,6027.799114647893,0.0,0.0,0.0,0.0,0.0,15181.177998038851,2408.2868085227105,0.0,6314.0752226687355,23.957371427201327,0.0,0.0,0.0,0.0,0.0
2025-09-25 04:00:00+00:00,6,31.0,2797.6655864432987,622.0009667272578,1126.4508960120354,1049.213723704005,622.000966727258,474.99223284069035,147.00873388656754,3252.9471371423247,0.0,622.0009667272578,0.0,1126.4508960120354,0.0,1049.213723704005,0.0,0.0,0.0,0.0,0.0,1671.2146904312626,557.0715634770876,3354.7371499203855,50.32105724880578,22.529017920240708,22.529017920240708,162.68277087758656,815.1334274439613,3612.79901388726,0.0,0.0,0.0,0.0,0.0,15150.815642042775,0.0,0.0,6314.0752226687355,23.960742473182965,0.0,0.0,0.0,1.1368683772161603e-13,0.0
2025-09-25 05:00:00+00:00,6,31.0,2851.1160942723395,633.6333542276492,1147.5968717471299,1069.8858682975606,633.6333542276493,483.492824427756,150.14052979989327,3252.9471371423247,0.0,633.6333542276492,0.0,1147.5968717471299,0.0,1069.8858682975606,0.0,0.0,0.0,0.0,0.0,1703.51922252521,567.8397408417367,3418.9558351140768,51.28433752671115,22.951937434942597,22.951937434942597,165.75331850265036,830.7812717409834,3681.8973660133224,0.0,0.0,0.0,0.0,0.0,15120.514010758689,0.0,0.0,6314.0752226687355,23.959976138302004,0.0,0.0,0.0,-4.547473508864641e-13,0.0
2025-09-25 06:00:00+00:00,6,31.0,2897.596325228168,642.8129557003318,1167.784268762489,1086.9991007653462,642.8129557003318,490.70467454963875,152.1082811506931,3252.9471371423247,0.0,642.8129557003318,0.0,1167.784268762489,0.0,1086.9991007653462,0.0,0.0,0.0,0.0,0.0,1729.8120564656779,576.6040188218926,3474.2003440500594,52.11300516075089,23.35568537524978,23.35568537524978,168.20105794199065,843.6294526751337,3741.2257779033016,0.0,0.0,0.0,0.0,0.0,15090.272982737173,0.0,0.0,6314.0752226687355,23.96109399847966,0.0,0.0,0.0,-2.2737367544323206e-13,0.0
2025-09-25 07:00:00+00:00,6,31.0,2939.804260036653,650.1941233597881,1187.3559988739873,1102.2541378028768,650.1941233597881,497.5237577487089,152.67036561107926,3252.9471371423247,0.0,650.1941233597881,0.0,1187.3559988739873,0.0,1102.2541378028768,0.0,0.0,0.0,0.0,0.0,1752.448261162665,584.149420387555,3523.953680424207,52.8593052063631,23.74711997747975,23.74711997747975,170.21650154771737,854.719467096595,3794.523727133247,0.0,0.0,0.0,0.0,0.0,15060.0924367717,0.0,0.0,6314.0752226687355,23.961830943457848,0.0,0.0,0.0,-9.094947017729282e-13,0.0
2025-09-25 08:00:00+00:00,6,31.0,2945.080060947703,649.1417859951763,1194.1640628560247,1101.7742120965042,649.1417859951763,499.7543311183308,149.38745487684545,3252.9471371423247,0.0,649.1417859951763,0.0,1194.1640628560247,0.0,1101.7742120965042,0.0,0.0,0.0,0.0,0.0,1750.9159980916806,583.6386660305602,3528.7187269782653,52.93078090467398,23.883281257120494,23.883281257120494,169.9914727668949,854.3274822163701,3799.407543164072,0.0,0.0,0.0,0.0,0.0,15029.972251898158,0.0,0.0,6314.0752226687355,23.96278709228798,0.0,0.0,0.0,-6.821210263296962e-13,0.0
2025-09-25 09:00:00+00:00,6,31.0,2930.317398884138,646.7345151401198,1187.957058168939,1095.6258255750797,646.7345151401198,498.43842511936043,148.29609002075938,3252.9471371423247,0.0,646.7345151401198,0.0,1187.957058168939,0.0,1095.6258255750797,0.0,0.0,0.0,0.0,0.0,1742.3603407151995,580.7867802383998,3511.1041791225384,52.66656268683808,23.759141163378782,23.759141163378782,169.30884128405174,850.2804665360472,3780.5978654201854,0.0,0.0,0.0,0.0,0.0,14999.912307394363,0.0,0.0,6314.0752226687355,23.96032158638084,0.0,0.0,0.0,0.0,0.0
2025-09-25 10:00:00+00:00,6,31.0,2948.936314313021,651.1154820110074,1195.5589831166556,1102.2618491853589,651.1154820110074,500.22321559545395,150.8922664155535,3252.9471371423247,0.0,651.1154820110074,0.0,1195.5589831166556,311.622396381656,790.6394528037029,0.0,0.0,311.622396381656,415.4965285088747,103.87413212721867,1441.7549348147104,480.58497827157015,3117.898896202936,46.76848344304404,27.02740362614967,23.91117966233311,170.4324151177197,852.5985922480354,1984.8587357055474,0.0,0.0,0.0,415.4965285088747,0.0,15364.634184863007,0.0,1816.6761708555089,4399.130399049865,23.961887355724354,0.0,0.0,0.0,0.0,0.0
2025-09-25 11:00:00+00:00,6,31.0,2984.0348840763613,659.4180260586534,1208.9428932879653,1115.6739647297418,659.4180260586534,507.0831071584115,152.33491890024186,3252.9471371423247,0.0,659.4180260586534,0.0,1208.9428932879653,24.25994871293915,1091.4140160168026,0.0,0.0,24.25994871293915,32.346598283918865,8.086649570979716,1750.832042075456,583.6106806918186,3543.3856160552396,53.15078424082859,24.421457352888698,24.178857865759305,172.5876465674754,866.0360762897503,342.2513922168141,0.0,0.0,0.0,32.346598283918865,0.0,15364.634184863007,0.0,3507.8195681492975,701.5639136298596,23.959563273290406,0.0,0.0,0.0,0.0,0.0
2025-09-25 12:00:00+00:00,6,31.0,2952.3289487971765,654.0311282332327,1195.1814104117257,1103.1164101522165,654.0311282332327,503.10846254587165,150.92266568736102,3252.9471371423247,0.0,654.0311282332327,0.0,1195.1814104117257,24.25994871293915,1078.8564614392774,0.0,0.0,24.25994871293915,32.346598283918865,8.086649570979716,1732.88758967251,577.6291965575034,3505.6981966417393,52.58547294962609,24.14622769536391,23.903628208234515,171.0810422951842,857.4322172768918,3809.761166074067,0.0,0.0,0.0,32.346598283918865,0.0,15364.634184863007,0.0,0.0,701.5639136298596,23.95871586552803,0.0,0.0,0.0,-1.1368683772161603e-12,0.0
2025-09-25 13:00:00+00:00,6,31.0,2912.9973999582544,645.3903091366267,1178.1945570435162,1089.4125337781134,645.3903091366267,496.24064081326213,149.14966832336458,3252.9471371423247,0.0,645.3903091366267,0.0,1178.1945570435162,0.0,1089.4125337781134,0.0,0.0,0.0,0.0,0.0,1734.80284291474,578.2676143049133,3491.265014263169,52.368975213947536,23.563891140870325,23.563891140870325,168.84151434088446,846.6058861414859,6167.890094622451,0.0,0.0,0.0,0.0,0.0,15333.904916493284,2408.2868085227105,0.0,2986.2653857907308,23.958477109903505,0.0,0.0,0.0,4.547473508864641e-13,0.0
2025-09-25 14:00:00+00:00,6,31.0,2897.536658208427,642.1117904864577,1172.414018177356,1083.0108495446138,642.1117904864577,494.935286751789,147.1765037346687,3252.9471371423247,0.0,642.1117904864577,0.0,1172.414018177356,0.0,1083.0108495446138,0.0,0.0,0.0,0.0,0.0,1725.1226400310716,575.0408800103572,3472.577538218785,52.08866307328177,23.44828036354712,23.44828036354712,167.96735161056765,841.993455421301,3739.5301136297276,0.0,0.0,0.0,0.0,0.0,15303.237106660301,0.0,0.0,2986.2653857907308,23.95578392259397,0.0,0.0,0.0,-4.547473508864641e-13,0.0
2025-09-25 15:00:00+00:00,6,31.0,2901.2151153021136,642.262445885509,1172.7642404794617,1086.1884289371435,642.262445885509,493.4997778958686,148.76266798964042,3252.9471371423247,0.0,642.262445885509,0.0,1172.7642404794617,0.0,1086.1884289371435,0.0,0.0,0.0,0.0,0.0,1728.4508748226526,576.1502916075509,3477.3654069096656,52.16048110364498,23.455284809589234,23.455284809589234,168.07818213751534,843.2995244678897,7252.334207919301,0.0,0.0,0.0,0.0,0.0,15272.630632446982,3507.8195681492975,0.0,6314.0752226687355,23.958266479692295,0.0,0.0,0.0,4.547473508864641e-13,0.0
2025-09-25 16:00:00+00:00,6,31.0,2901.737994427714,642.5163198050282,1173.3354961826913,1085.8861784399949,642.5163198050282,494.28637090159293,148.22994890343526,3252.9471371423247,0.0,642.5163198050282,0.0,1173.3354961826913,0.0,1085.8861784399949,0.0,0.0,0.0,0.0,0.0,1728.402498245023,576.1341660816744,3477.872160509389,52.16808240764083,23.466709923653827,23.466709923653827,168.12637969411455,843.3620480307375,3745.1000424584513,0.0,0.0,0.0,0.0,0.0,15242.085371182091,0.0,0.0,6314.0752226687355,23.95784798827149,0.0,0.0,0.0,-2.2737367544323206e-13,0.0
2025-09-25 17:00:00+00:00,6,31.0,2922.2616041557385,647.6766369766613,1182.2688454378085,1092.3161217412696,647.6766369766613,498.64341915759013,149.03321781907113,3252.9471371423247,0.0,647.6766369766613,0.0,1182.2688454378085,120.81551401837805,971.5006077228916,0.0,0.0,120.81551401837805,161.08735202450407,40.27183800612602,1619.1772446995528,539.7257482331843,3341.1718383705456,50.11757757555818,24.85353204893995,23.64537690875617,169.41766088624453,848.0317336588091,3770.293337814548,0.0,0.0,0.0,161.08735202450407,0.0,15364.634184863007,0.0,0.0,6314.0752226687355,23.95713967926728,0.0,0.0,0.0,4.547473508864641e-13,0.0
2025-09-25 18:00:00+00:00,6,31.0,2984.318557264252,662.4121366237235,1206.9221982414617,1114.9842223990677,662.4121366237234,508.298274163648,154.1138624600755,3252.9471371423247,0.0,662.4121366237235,0.0,1206.9221982414617,24.25994871293915,1090.7242736861285,0.0,0.0,24.25994871293915,32.346598283918865,8.086649570979716,1753.1364103098522,584.3788034366174,3544.4374119879312,53.16656117981896,24.38104345195863,24.138443964829236,173.21103551010515,867.362537114309,343.86152622926284,0.0,0.0,0.0,32.346598283918865,0.0,15364.634184863007,0.0,3507.8195681492975,2616.50873724873,23.956832551236776,0.0,0.0,0.0,-5.684341886080801e-13,0.0
2025-09-25 19:00:00+00:00,6,31.0,3005.1735252236713,667.3612682646273,1215.419305764393,1122.3929511946503,667.3612682646273,511.2660411864607,156.09522707816652,3252.9471371423247,0.0,667.3612682646273,0.0,1215.419305764393,24.25994871293915,1098.1330024817112,0.0,0.0,24.25994871293915,32.346598283918865,8.086649570979716,1765.4942707463383,588.4980902487795,3569.411666759511,53.54117500139266,24.550985602417253,24.30838611528786,174.47901443697071,873.4643009758275,2061.9616553439887,0.0,0.0,0.0,32.346598283918865,0.0,15364.634184863007,0.0,1816.6761708555093,701.5639136298596,23.957746347082708,0.0,0.0,0.0,-1.0231815394945443e-12,0.0
2025-09-25 20:00:00+00:00,6,31.0,3020.229052487607,671.4513762604724,1220.801944282278,1127.9757319448563,671.4513762604724,514.2003005694844,157.25107569098805,3252.9471371423247,0.0,671.4513762604724,0.0,1220.801944282278,24.25994871293915,1103.7157832319172,0.0,0.0,24.25994871293915,32.346598283918865,8.086649570979716,1775.1671594923896,591.7223864974632,3587.691490272131,53.815372354081966,24.658638372774956,24.416038885645563,175.5128883128071,878.2119739937525,3898.441026481359,0.0,0.0,0.0,32.346598283918865,0.0,15364.634184863007,0.0,0.0,701.5639136298596,23.95607284250374,0.0,0.0,0.0,-4.547473508864641e-13,0.0
2025-09-25 21:00:00+00:00,6,31.0,2950.7057417030483,656.7057295117683,1192.2792170633377,1101.7207951279424,656.7057295117684,502.81666462914086,153.88906488262745,3252.9471371423247,0.0,656.7057295117683,0.0,1192.2792170633377,24.25994871293915,1077.4608464150033,0.0,0.0,24.25994871293915,32.346598283918865,8.086649570979716,1734.1665759267717,578.0555253089238,3504.5013182990333,52.5675197744855,24.088183828396147,23.845584341266754,171.61718654798085,858.2606493720328,3808.9663910750805,0.0,0.0,0.0,32.346598283918865,0.0,15364.634184863007,0.0,0.0,701.5639136298596,23.95640034738429,0.0,0.0,0.0,-5.684341886080801e-13,0.0
2025-09-25 22:00:00+00:00,6,31.0,3008.2873212151394,669.0377029712081,1215.7770480014647,1123.472570242464,669.0377029712081,511.68876213459754,157.34894083661052,3252.9471371423247,0.0,669.0377029712081,0.0,1215.7770480014647,0.0,1123.472570242464,0.0,0.0,0.0,0.0,0.0,1792.510273213672,597.5034244045573,3605.790745619694,54.08686118429541,24.315540960029296,24.315540960029296,174.86840219992183,875.089769708833,3883.3770909239724,0.0,0.0,0.0,0.0,0.0,15333.904916493284,0.0,0.0,701.5639136298596,23.956825424980156,0.0,0.0,0.0,0.0,0.0
2025-09-25 23:00:00+00:00,6,31.0,3018.9215469377955,670.3693863591299,1221.3757274194722,1127.176433159193,670.3693863591299,514.1881334618786,156.18125289725128,3252.9471371423247,0.0,670.3693863591299,0.0,1221.3757274194722,0.0,1127.176433159193,0.0,0.0,0.0,0.0,0.0,1797.5458195183228,599.1819398394409,3618.103486777236,54.27155230165854,24.427514548389446,24.427514548389446,175.26092451085736,877.5694457487357,3896.490992686531,0.0,0.0,0.0,0.0,0.0,15303.237106660301,0.0,0.0,701.5639136298596,23.956701298056963,0.0,0.0,0.0,0.0,0.0
2025-10-25 00:00:00+00:00,7,36.0,2528.7797424181535,566.0498422609163,1016.7872523128267,945.9426478444086,566.0498422609164,434.03424208671834,132.01560017419803,3252.9471371423247,0.0,566.0498422609163,0.0,1016.7872523128267,0.0,945.9426478444086,0.0,0.0,0.0,0.0,0.0,1511.992490105325,503.997496701775,3032.777239119927,45.4916585867989,20.335745046256534,20.335745046256534,147.8088907769197,737.9695361580067,3266.7492785761606,0.0,0.0,0.0,0.0,0.0,0.0,0.0,0.0,701.5639136298596,23.959315708256092,0.0,0.0,0.0,3.410605131648481e-13,0.0
2025-10-25 01:00:00+00:00,7,36.0,2517.520352218336,563.6182667302359,1012.0001003494251,941.9019851386763,563.618266730236,432.6706905291487,130.9475762010872,3252.9471371423247,0.0,563.6182667302359,0.0,1012.0001003494251,0.0,941.9019851386763,0.0,0.0,0.0,0.0,0.0,1505.520251868912,501.840083956304,3019.360436174641,45.290406542619614,20.2400020069885,20.2400020069885,147.17522714655826,734.7857216594587,3252.306073877795,0.0,0.0,0.0,0.0,0.0,0.0,0.0,0.0,701.5639136298596,23.958218524656445,0.0,0.0,0.0,2.2737367544323206e-13,0.0
2025-10-25 02:00:00+00:00,7,36.0,2536.9740567440685,567.2765647514324,1020.1741380133591,949.5233539792774,567.2765647514324,435.7446970606814,131.53186769075097,3252.9471371423247,0.0,567.2765647514324,0.0,1020.1741380133591,0.0,949.5233539792774,0.0,0.0,0.0,0.0,0.0,1516.7999187307098,505.5999729102366,3042.5740296543054,45.63861044481458,20.40348276026718,20.40348276026718,148.17097000856575,740.2165188841512,3277.1905756282204,0.0,0.0,0.0,0.0,0.0,0.0,0.0,0.0,701.5639136298596,23.958466255987855,0.0,0.0,0.0,5.684341886080801e-13,0.0
2025-10-25 03:00:00+00:00,7,36.0,2490.5298133950173,556.8245385728848,1001.5475650605306,932.1577097616006,556.8245385728848,427.219133632842,129.60540494004277,3252.9471371423247,0.0,556.8245385728848,0.0,1001.5475650605306,0.0,932.1577097616006,0.0,0.0,0.0,0.0,0.0,1488.9822483344853,496.3274161114951,2986.857229506511,44.80285844259766,20.030951301210614,20.030951301210614,145.4420608725408,726.6342380290548,3217.164051424071,0.0,0.0,0.0,0.0,0.0,0.0,0.0,0.0,701.5639136298596,23.961126771015284,0.0,0.0,0.0,-9.094947017729282e-13,0.0
2025-10-25 04:00:00+00:00,7,36.0,2491.2758855604698,557.1852355132899,1001.7370247943103,932.3536252528711,557.1852355132899,427.66076348278796,129.5244720305019,3252.9471371423247,0.0,557.1852355132899,0.0,1001.7370247943103,0.0,932.3536252528711,0.0,0.0,0.0,0.0,0.0,1489.538860766161,496.51295358872034,2987.7888391491915,44.81683258723787,20.034740495886208,20.034740495886208,145.52560549431035,726.924872662041,3218.2007582225106,0.0,0.0,0.0,0.0,0.0,0.0,0.0,0.0,701.5639136298596,23.96064305754317,0.0,0.0,0.0,-2.2737367544323206e-13,0.0
2025-10-25 05:00:00+00:00,7,36.0,2514.2272191741786,562.2609085021626,1011.2730787419263,940.6932319300895,562.2609085021627,431.9241754939761,130.3367330081865,3252.9471371423247,0.0,562.2609085021626,0.0,1011.2730787419263,0.0,940.6932319300895,0.0,0.0,0.0,0.0,0.0,1502.9541404322522,500.9847134774174,3015.211932651596,45.22817898977394,20.225461574838526,20.225461574838526,146.84832367880995,733.5121392956783,3247.739358469856,0.0,0.0,0.0,0.0,0.0,0.0,0.0,0.0,701.5639136298596,23.96014459707705,0.0,0.0,0.0,-6.821210263296962e-13,0.0
2025-10-25 06:00:00+00:00,7,36.0,2544.3729493899773,569.549112858571,1023.9085639680894,950.9152725633177,569.5491128585709,437.06836563887526,132.48074721969564,3252.9471371423247,0.0,569.549112858571,0.0,1023.9085639680894,0.0,950.9152725633177,0.0,0.0,0.0,0.0,0.0,1520.4643854218887,506.8214618072962,3051.1944111972743,45.767916167959115,20.47817127936179,20.47817127936179,148.70027635237142,742.2459968863502,3286.6189462763277,0.0,0.0,0.0,0.0,0.0,0.0,0.0,0.0,701.5639136298596,23.95938874807122,0.0,0.0,0.0,2.2737367544323206e-13,0.0
2025-10-25 07:00:00+00:00,7,36.0,2526.457168777455,564.9425219885791,1017.5700404540269,943.9446063348497,564.9425219885791,434.1008673047289,130.84165468385018,3252.9471371423247,0.0,564.9425219885791,0.0,1017.5700404540269,0.0,943.9446063348497,0.0,0.0,0.0,0.0,0.0,1508.887128323429,502.96237610780963,3029.419544885265,45.44129317327898,20.351400809080538,20.351400809080538,147.51953107835374,736.6260019776034,3263.0831707550587,0.0,0.0,0.0,0.0,0.0,0.0,0.0,0.0,701.5639136298596,23.96015666851247,0.0,0.0,0.0,2.2737367544323206e-13,0.0
2025-10-25 08:00:00+00:00,7,36.0,2488.024131698533,555.8482818189028,1002.6512349694893,929.5246149101415,555.8482818189028,427.5943653301223,128.25391648878053,3252.9471371423247,0.0,555.8482818189028,0.0,1002.6512349694893,0.0,929.5246149101415,0.0,0.0,0.0,0.0,0.0,1485.3728967290444,495.1242989096815,2983.148430608215,44.747226459123226,20.053024699389788,20.053024699389788,145.1666792895868,725.144254057171,3213.168385755704,0.0,0.0,0.0,0.0,0.0,0.0,0.0,0.0,701.5639136298596,23.961276706885798,0.0,0.0,0.0,1.1368683772161603e-13,0.0
2025-10-25 09:00:00+00:00,7,36.0,2511.5316420559743,560.4695214077854,1012.8939113378356,938.1682093103524,560.4695214077854,431.7794839276915,128.69003748009382,3252.9471371423247,0.0,560.4695214077854,0.0,1012.8939113378356,0.0,938.1682093103524,0.0,0.0,0.0,0.0,0.0,1498.6377307181378,499.5459102393793,3011.0775522953527,45.16616328443029,20.257878226756713,20.257878226756713,146.40100995333393,731.6288399306568,3243.160481986632,0.0,0.0,0.0,0.0,0.0,0.0,0.0,0.0,701.5639136298596,23.961158649133278,0.0,0.0,0.0,9.094947017729282e-13,0.0
2025-10-25 10:00:00+00:00,7,36.0,2528.253386990863,564.3506126895444,1018.7735382597176,945.1292360415999,564.3506126895443,434.31284028995645,130.03777239958788,3252.9471371423247,0.0,564.3506126895444,0.0,1018.7735382597176,0.0,945.1292360415999,0.0,0.0,0.0,0.0,0.0,1509.4798487311443,503.1599495770481,3031.41333656791,45.47120004851865,20.375470765194354,20.375470765194354,147.4246737481707,736.8067649041261,3265.060151894989,0.0,0.0,0.0,0.0,0.0,0.0,0.0,0.0,701.5639136298596,23.96063127677094,0.0,0.0,0.0,-2.2737367544323206e-13,0.0
2025-10-25 11:00:00+00:00,7,36.0,2512.5000461809145,560.1489489929895,1012.7907977972166,939.560299390709,560.1489489929895,430.84099930344456,129.30794968954498,3252.9471371423247,0.0,560.1489489929895,0.0,1012.7907977972166,0.0,939.560299390709,0.0,0.0,0.0,0.0,0.0,1499.7092483836987,499.9030827945662,3012.403128975481,45.186046934632216,20.255815955944332,20.255815955944332,146.36496023567076,731.9657218767578,3244.4657680576724,0.0,0.0,0.0,0.0,0.0,0.0,0.0,0.0,701.5639136298596,23.96245558386274,0.0,0.0,0.0,1.1368683772161603e-13,0.0
2025-10-25 12:00:00+00:00,7,36.0,2404.621778597998,537.4788513795103,967.2480305215987,899.8948966968885,537.4788513795103,412.72570688846764,124.7531444910426,3252.9471371423247,0.0,537.4788513795103,0.0,967.2480305215987,0.0,899.8948966968885,0.0,0.0,0.0,0.0,0.0,1437.373748076399,479.12458269213295,2883.7463612901306,43.256195419351954,19.344960610431976,19.344960610431976,140.39222362219527,701.4629229545441,3106.084701552542,0.0,0.0,0.0,0.0,0.0,0.0,0.0,0.0,701.5639136298596,23.96195199885534,0.0,0.0,0.0,-1.1368683772161603e-13,0.0
2025-10-25 13:00:00+00:00,7,36.0,2420.1149006663345,541.4998755543021,973.6540579083847,904.9609672036474,541.4998755543022,416.2733857892318,125.2264897650704,3252.9471371423247,0.0,541.4998755543021,0.0,973.6540579083847,0.0,904.9609672036474,0.0,0.0,0.0,0.0,0.0,1446.4608427579496,482.1536142526499,2902.2685149189842,43.53402772378476,19.473081158167695,19.473081158167695,141.40025408701672,706.0340583797868,3126.148959046121,0.0,0.0,0.0,0.0,0.0,0.0,0.0,0.0,701.5639136298596,23.960480085486584,0.0,0.0,0.0,-2.2737367544323206e-13,0.0
2025-10-25 14:00:00+00:00,7,36.0,2432.1762087706884,544.2840408739436,978.7594894020777,909.1326784946672,544.2840408739435,418.3070980509376,125.9769428230059,3252.9471371423247,0.0,544.2840408739436,0.0,978.7594894020777,0.0,909.1326784946672,0.0,0.0,0.0,0.0,0.0,1453.4167193686108,484.4722397895369,2916.6484485602255,43.74972672840338,19.575189788041556,19.575189788041556,142.11504345243725,709.4873895464607,3141.6635983171486,0.0,0.0,0.0,0.0,0.0,0.0,0.0,0.0,701.5639136298596,23.960730309761804,0.0,0.0,0.0,-4.547473508864641e-13,0.0
2025-10-25 15:00:00+00:00,7,36.0,2433.220030783311,544.7817727213668,978.7548365781417,909.6834214838029,544.7817727213668,418.5148058954047,126.26696682596209,3252.9471371423247,0.0,544.7817727213668,0.0,978.7548365781417,0.0,909.6834214838029,0.0,0.0,0.0,0.0,0.0,1454.4651942051696,484.8217314017232,2918.0417621850347,43.77062643277552,19.575096731562834,19.575096731562834,142.23613013418034,709.9786814318046,3143.198712215115,0.0,0.0,0.0,0.0,0.0,0.0,0.0,0.0,701.5639136298596,23.960329972474216,0.0,0.0,0.0,-5.684341886080801e-13,0.0
2025-10-25 16:00:00+00:00,7,36.0,2473.2096265882515,553.8086012301875,994.2486946775421,925.1523306805232,553.8086012301874,424.8412709282409,128.96733030194656,3252.9471371423247,0.0,553.8086012301875,0.0,994.2486946775421,0.0,925.1523306805232,0.0,0.0,0.0,0.0,0.0,1478.9609319107108,492.98697730357026,2966.196603891823,44.49294905837734,19.884973893550843,19.884973893550843,144.60064873642054,721.8505228854699,3195.0601494737216,0.0,0.0,0.0,0.0,0.0,0.0,0.0,0.0,701.5639136298596,23.96012613915689,0.0,0.0,0.0,2.2737367544323206e-13,0.0
2025-10-25 17:00:00+00:00,7,36.0,2468.5778610092766,553.1646061739746,992.0964732164214,923.3167816188817,553.1646061739746,424.600925096449,128.5636810775256,3252.9471371423247,0.0,553.1646061739746,0.0,992.0964732164214,0.0,923.3167816188817,0.0,0.0,0.0,0.0,0.0,1476.4813877928564,492.1604625976188,2960.7383236068963,44.41107485410344,19.841929464328427,19.841929464328427,144.4132398887743,720.6686362691535,3189.2464972784296,0.0,0.0,0.0,0.0,0.0,0.0,0.0,0.0,701.5639136298596,23.958836544951915,0.0,0.0,0.0,-4.547473508864641e-13,0.0
2025-10-25 18:00:00+00:00,7,36.0,2443.485067689006,547.0375799722636,981.8991729296049,914.548314787138,547.0375799722636,419.1245317728061,127.9130481994575,3252.9471371423247,0.0,547.0375799722636,0.0,981.8991729296049,0.0,914.548314787138,0.0,0.0,0.0,0.0,0.0,1461.5858947594015,487.19529825313384,2930.6803659421403,43.9602054891321,19.6379834585921,19.6379834585921,142.85036260061452,713.2818332600647,3156.76690094907,0.0,0.0,0.0,0.0,0.0,0.0,0.0,0.0,701.5639136298596,23.96082833864851,0.0,0.0,0.0,-5.684341886080801e-13,0.0
2025-10-25 19:00:00+00:00,7,36.0,2479.0774094315857,554.11485177103,996.4939387693618,928.4686188911959,554.11485177103,425.4304836845491,128.68436808648087,3252.9471371423247,0.0,554.11485177103,0.0,996.4939387693618,0.0,928.4686188911959,0.0,0.0,0.0,0.0,0.0,1482.5834706622259,494.19449022074195,2973.2718996523295,44.59907849478494,19.929878775387234,19.929878775387234,144.75520578640695,723.4085320527083,3202.4859414842945,0.0,0.0,0.0,0.0,0.0,0.0,0.0,0.0,701.5639136298596,23.96045677826029,0.0,0.0,0.0,4.547473508864641e-13,0.0
2025-10-25 20:00:00+00:00,7,36.0,2499.227206624947,559.712113758855,1003.9939244107087,935.521168455384,559.712113758855,429.6713180543767,130.04079570447834,3252.9471371423247,0.0,559.712113758855,0.0,1003.9939244107087,0.0,935.521168455384,0.0,0.0,0.0,0.0,0.0,1495.233282214239,498.41109407141295,2997.6383006963606,44.96457451044541,20.079878488214174,20.079878488214174,146.15672891733598,729.6921544756226,3228.9193611005685,0.0,0.0,0.0,0.0,0.0,0.0,0.0,0.0,701.5639136298596,23.958191334244056,0.0,0.0,0.0,-1.1368683772161603e-12,0.0
2025-10-25 21:00:00+00:00,7,36.0,2539.409197134827,568.8451485896152,1019.5697601177628,950.99428842745,568.8451485896152,435.47641775108974,133.36873083852544,3252.9471371423247,0.0,568.8451485896152,0.0,1019.5697601177628,0.0,950.99428842745,0.0,0.0,0.0,0.0,0.0,1519.8394370170652,506.6131456723551,3046.022342807183,45.69033514210774,20.391395202355255,20.391395202355255,148.54310903017605,741.6293802493494,3281.0385773841754,0.0,0.0,0.0,0.0,0.0,0.0,0.0,0.0,701.5639136298596,23.959071900824373,0.0,0.0,0.0,-1.1368683772161603e-12,0.0
2025-10-25 22:00:00+00:00,7,36.0,2719.374850323636,609.3236528118015,1092.394760338658,1017.6564371731752,609.3236528118016,467.3104315548922,142.01322125690933,3252.9471371423247,0.0,609.3236528118015,0.0,1092.394760338658,0.0,1017.6564371731752,0.0,0.0,0.0,0.0,0.0,1626.9800899849765,542.3266966616588,3261.701546985293,48.925523204779395,21.84789520677316,21.84789520677316,159.0917580151283,794.0397682951129,3513.4146186187486,0.0,0.0,0.0,0.0,0.0,0.0,0.0,0.0,701.5639136298596,23.9541303162921,0.0,0.0,0.0,-4.547473508864641e-13,0.0
2025-10-25 23:00:00+00:00,7,36.0,2665.5769577284495,597.3315777768623,1071.7924100709406,996.4529698806448,597.3315777768623,458.5162397768969,138.81533799996544,3252.9471371423247,0.0,597.3315777768623,0.0,1071.7924100709406,0.0,996.4529698806448,0.0,0.0,0.0,0.0,0.0,1593.7845476575071,531.2615158858357,3196.8384736142834,47.95257710421425,21.435848201418814,21.435848201418814,155.9332188780515,778.0190082709391,3443.595965999388,0.0,0.0,0.0,0.0,0.0,0.0,0.0,0.0,701.5639136298596,23.955006409927545,0.0,0.0,0.0,-4.547473508864641e-13,0.0
2025-12-05 00:00:00+00:00,8,47.0,3313.760256430499,740.5458282474006,1347.0103531594839,1226.2040750236135,740.5458282474006,564.4292461825032,176.1165820648973,3252.9471371423247,657.2705939704888,83.27523427691176,654.1591926200551,692.8511605394287,1226.2040750236135,0.0,956.0299548661656,298.7593608956767,1880.3632676436687,2507.1510235248916,626.7877558812229,83.27523427691176,27.758411425637252,803.8848062419778,12.058272093629666,45.74383973962637,13.857023210788576,193.1169912560756,1218.081654502657,4531.841910933155,2762.5781892270506,2762.57818922705,4.547473508864641e-13,700.6027891640067,0.0,799.8473824272116,0.0,0.0,2986.2653857907308,23.958436040529836,0.0,0.0,0.0,-6.821210263296962e-13,-2.2737367544323206e-13
2025-12-05 01:00:00+00:00,8,47.0,3255.273607904799,727.9419918615608,1323.675445224155,1203.656170819086,727.9419918615608,554.642111333628,173.29988052793288,3252.9471371423247,646.2548273628619,81.68716449869896,676.7070968245828,646.9683483995723,1203.656170819086,0.0,940.0070216187082,293.7521942558463,1880.3632676436687,2507.1510235248916,626.7877558812229,81.68716449869896,27.229054832899653,755.8845677311709,11.338268515967563,45.27714158091979,12.939366967991447,189.78453743415466,1207.1083194690023,4462.381927373801,2838.66074077095,2838.66074077095,0.0,608.49730437265,0.0,1376.3201268163748,0.0,0.0,2986.2653857907308,23.960041225479657,0.0,0.0,0.0,-4.547473508864641e-13,0.0
2025-12-05 02:00:00+00:00,8,47.0,3269.75182916589,731.6809230844003,1329.1754313771758,1208.8954747043115,731.6809230844003,556.7177887014778,174.96313438292248,3252.9471371423247,649.3453509128891,82.33557217151122,671.4677929393573,657.7076384378184,1208.8954747043115,0.0,944.502328600566,295.15697768767683,1880.3632676436687,2507.1510235248916,626.7877558812229,82.33557217151122,27.445190723837072,767.4884013331667,11.5123260199975,45.3871413039802,13.154152768756369,190.73286843392899,1210.1764128194,7987.747810134587,2901.54308665981,2901.54308665981,0.0,550.1102654656477,0.0,1896.1722387551072,3507.8195681492975,0.0,6314.0752226687355,23.959662554202414,0.0,0.0,0.0,-4.547473508864641e-13,2.2737367544323206e-13
2025-12-05 03:00:00+00:00,8,47.0,3240.5741984163383,724.9449915751767,1317.5391591886598,1198.0900476525019,724.9449915751767,551.7742780799142,173.1707134952625,3252.9471371423247,643.496606736306,81.44838483887065,682.2732199911671,635.2659391974927,1198.0900476525019,0.0,935.9950643437179,292.4984576074118,1880.3632676436691,2507.151023524892,626.787755881223,81.44838483887065,27.149461612956884,743.8637856493202,11.157956784739802,45.15441586020989,12.705318783949854,188.98622050254653,1204.4395870330377,4445.013785449376,2942.0776846507806,2942.07768465078,4.547473508864641e-13,501.0684032178292,0.0,2368.3948773345346,0.0,0.0,6314.0752226687355,23.96033718329831,0.0,0.0,0.0,0.0,0.0
2025-12-05 04:00:00+00:00,8,47.0,3244.6578009155373,725.1281078087474,1319.3474482890954,1200.1822448176947,725.1281078087472,552.8317981028612,172.29630970588607,3252.9471371423247,643.8102922692924,81.31781553945495,680.1810228259741,639.1664254631213,1200.1822448176945,2.2737367544323206e-13,936.4513342098799,292.64104194058746,1880.3632676436687,2507.1510235248916,626.7877558812229,81.31781553945518,27.105938513151727,747.5901795157282,11.213852692735923,45.190581642218596,12.783328509262427,189.08249822477944,1204.8049974039586,4449.462798319495,4426.42226442819,4426.42226442819,0.0,0.0,982.8199066934185,1329.110817376267,0.0,0.0,6314.0752226687355,23.960283255316117,0.0,0.0,0.0,-9.094947017729282e-13,0.0
2025-12-05 05:00:00+00:00,8,47.0,3213.546996667924,718.9669937335565,1306.862949203333,1187.7170537310349,718.9669937335564,547.4443188534395,171.52267488011688,3252.9471371423247,638.1230661685006,80.84392756505588,692.646213912634,614.216735290699,1187.7170537310349,0.0,928.1790053360008,290.05593916750024,1880.363267643669,2507.1510235248916,626.7877558812229,80.84392756505588,26.947975855018626,722.0086387107735,10.830129580661602,44.940891660503354,12.284334705813981,187.4162167197551,1199.2632435704759,4412.8102402384,4695.459994815332,6145.5900633261,0.0,0.0,1260.1299659544388,0.0,0.0,0.0,6314.0752226687355,23.960384580727528,0.0,0.0,0.0,4.547473508864641e-13,0.0
2025-12-05 06:00:00+00:00,8,47.0,3231.6086361001035,723.9447896273695,1312.103676859615,1195.5601696131198,723.9447896273693,549.1438917370745,174.80089789029495,3252.9471371423247,642.4656502367452,81.47913939062425,684.8030980305489,627.3005788290661,1195.56016961312,-2.2737367544323206e-13,934.4954912534477,292.0298410167024,1880.363267643669,2507.1510235248916,626.7877558812229,81.47913939062403,27.159713130208008,735.9394313498982,11.039091470248472,45.04570621362899,12.546011576581323,188.6930243207944,1203.3011436093866,4434.90977970949,3441.646514778339,5783.5908478806,0.0,0.0,0.0,0.0,0.0,0.0,6314.0752226687355,23.961799338491822,0.0,0.0,0.0,0.0,0.0
2025-12-05 07:00:00+00:00,8,47.0,3273.6988613332783,732.0452495222194,1328.9629143751129,1212.6906974359454,732.0452495222194,554.6893233642854,177.35592615793394,3252.9471371423247,650.3440124836919,81.70123703852744,667.6725702077235,661.2903441673893,1212.6906974359454,0.0,945.9549272490065,295.6109147653145,1880.363267643669,2507.1510235248916,626.7877558812229,81.70123703852744,27.233745679509145,770.2253268854259,11.553379903281389,45.38289096393895,13.225806883347786,190.9054625162426,1210.6999565928572,4484.398817926136,3453.1059507738983,4705.32990859721,0.0,0.0,0.0,0.0,0.0,0.0,6314.0752226687355,23.962203037791742,0.0,0.0,0.0,4.547473508864641e-13,0.0
2025-12-05 08:00:00+00:00,8,47.0,3289.965582270757,735.4595973811782,1336.2653990251815,1218.2405858643958,735.4595973811782,557.8899441100195,177.56965327115867,3252.9471371423247,653.6009307216806,81.85866665949766,662.1226817792726,674.1427172459089,1218.240585864396,-2.2737367544323206e-13,950.6922628678991,297.09133214621846,1880.3632676436687,2507.1510235248916,626.7877558812229,81.85866665949743,27.286222219832478,783.2876061252388,11.749314091878581,45.52894065694032,13.482854344918179,191.79553417098757,1213.7219535119984,4503.687535782755,3457.8432863927906,4249.98488331008,0.0,0.0,0.0,0.0,0.0,0.0,6314.0752226687355,23.962189037456422,0.0,0.0,0.0,-4.547473508864641e-13,0.0
2025-12-05 09:00:00+00:00,8,47.0,3246.17856726729,725.6052966343011,1319.0576494387456,1201.5156211942406,725.6052966343011,551.549801515509,174.05549511879218,3252.9471371423247,644.5542039926329,81.05109264166822,678.8476464494281,640.2100029893174,1201.5156211942403,2.2737367544323206e-13,937.5333876256478,292.97918363301494,1880.3632676436685,2507.151023524891,626.7877558812228,81.05109264166845,27.01703088055615,748.278126511542,11.22417189767313,45.18478566521159,12.80420005978635,189.21865509664585,1205.2157831141108,4451.394350381401,1830.5180978246594,1830.51809782466,0.0,1614.1663133258794,0.0,1533.4579976595853,0.0,0.0,6314.0752226687355,23.96105101257983,0.0,0.0,0.0,0.0,0.0
2025-12-05 10:00:00+00:00,8,47.0,3249.987944525909,726.7993507986932,1319.6767415014924,1203.5118522257255,726.7993507986932,551.7211483182526,175.07820248044064,3252.9471371423247,645.353586104728,81.4457646939652,30.070213489779007,1289.6065280117134,1203.5118522257255,0.0,938.6961252432408,293.34253913851273,1233.5820657155045,1644.7760876206726,411.19402190516814,81.4457646939652,27.148588231321735,1398.2008809370004,20.973013214055005,38.7293554871849,25.79213056023427,189.52691956694505,1006.7065681034218,2440.0183417738212,0.0,0.0,0.0,2583.4722128639132,0.0,3984.689683884984,0.0,1816.6761708555089,4399.130399049865,23.96067199108813,0.0,0.0,0.0,-3.410605131648481e-13,0.0
2025-12-05 11:00:00+00:00,8,47.0,3187.5281264695495,710.1853471407214,1296.1685065435581,1181.174272785268,710.1853471407215,539.737706993605,170.44764014711654,3252.9471371423247,632.1683328979314,78.01701424279008,699.1889948584011,596.979511685157,1181.174272785268,0.0,919.5175751242638,287.3492422263324,1880.3632676436691,2507.151023524892,626.787755881223,78.01701424279008,26.00567141426336,701.0021973422105,10.515032960133157,44.727002807307855,11.939590233703141,185.34025132278373,1192.6645468457466,872.3731051659993,0.0,0.0,0.0,3426.6685986491557,0.0,7232.055473233912,0.0,3507.8195681492975,701.5639136298596,23.963274677026316,0.0,0.0,0.0,6.821210263296962e-13,0.0
2025-12-05 12:00:00+00:00,8,47.0,3315.267657587318,739.4938442379264,1348.0898652776204,1227.6839480717717,739.4938442379264,562.2574119083002,177.23643232962615,3252.9471371423247,657.8681254794402,81.62571875848619,652.6793195718968,695.4105457057236,1227.6839480717717,0.0,956.8990916064586,299.0309661270183,1880.3632676436687,2507.1510235248916,626.7877558812229,81.62571875848619,27.208572919495396,804.2448373837052,12.063672560755577,45.7654299819891,13.908210914114473,192.92791238628922,1217.692520770885,4532.960178358202,0.0,0.0,0.0,3464.05011513135,0.0,10508.438971662228,0.0,0.0,701.5639136298596,23.961853696422985,0.0,0.0,0.0,-9.094947017729282e-13,0.0
2025-12-05 13:00:00+00:00,8,47.0,3332.0630603017357,744.0331487719324,1353.9502981303247,1234.0796133994806,744.0331487719324,566.5434235232891,177.48972524864325,3252.9471371423247,661.0932889651634,82.93985980676894,646.2836542441881,707.6666438861365,1234.0796133994806,0.0,961.5902384947832,300.4969495296197,1880.3632676436687,2507.1510235248916,626.7877558812229,82.93985980676894,27.646619935589644,818.2531236284951,12.273796854427427,45.88263863904318,14.15333287772273,194.07789116095785,1221.3189848785833,4553.382045180319,-9.094947017729282e-13,0.0,0.0,3468.7412620196756,0.0,13782.726292637597,0.0,0.0,701.5639136298596,23.960576468769524,0.0,0.0,0.0,4.547473508864641e-13,0.0
2025-12-05 14:00:00+00:00,8,47.0,3276.583242998947,730.0525820724373,1331.76779692505,1214.7628640014598,730.0525820724373,556.6637469055627,173.38883516687463,3252.9471371423247,649.4889204768893,80.56366159554796,665.6004036422091,666.167393282841,1214.7628640014595,2.2737367544323206e-13,944.7111570572936,295.2222365804042,1880.3632676436687,2507.1510235248916,626.7877558812229,80.56366159554818,26.854553865182726,773.5856087435719,11.603784131153578,45.43898861493769,13.32334786565682,190.5352080277566,1209.7658749663146,6894.63592648797,2609.15494865536,2609.15494865536,0.0,842.707231926825,0.0,14555.732710382807,2408.2868085227105,0.0,2986.2653857907308,23.962118296502553,0.0,0.0,0.0,-1.8189894035458565e-12,0.0
2025-12-05 15:00:00+00:00,8,47.0,3241.7336253367407,721.4400295050403,1320.1018606682592,1200.1917351634402,721.4400295050405,553.4921999356985,167.9478295693419,3252.9471371423247,641.2220395037106,80.21799000132978,680.1715324802288,639.9303281880303,1200.19173516344,2.2737367544323206e-13,932.6866029144882,291.46456341077754,1880.3632676436687,2507.1510235248916,626.7877558812229,80.21799000133001,26.739330000443335,746.8876481898037,11.203314722847056,45.20566988980187,12.798606563760607,188.29519508982992,1202.494435558683,7952.04762904472,2557.7187423331,2557.7187423331,0.0,882.1188841062794,0.0,15364.634184863007,3507.8195681492975,0.0,6314.0752226687355,23.95931944674976,0.0,0.0,0.0,-1.3642420526593924e-12,0.0
2025-12-05 16:00:00+00:00,8,47.0,3285.9808779116343,730.330818976758,1338.3684714692517,1217.2815874656226,730.330818976758,561.4950330134706,168.83578596328744,3252.9471371423247,648.4239349809823,81.90688399577573,663.0816801780461,675.2867912912056,1217.2815874656226,0.0,943.1620872450651,294.7381522640828,1880.3632676436687,2507.1510235248916,626.7877558812229,81.90688399577573,27.302294665258575,784.49596995224,11.7674395492836,45.57100210582172,13.505735825824113,190.6845690871937,1210.3569493786874,4496.33782729032,3850.12632853542,3850.12632853542,0.0,0.0,399.8132177654634,14913.048897792793,0.0,0.0,6314.0752226687355,23.955598413400992,0.0,0.0,0.0,-1.5916157281026244e-12,0.0
2025-12-05 17:00:00+00:00,8,47.0,3258.13848750876,724.4596174884098,1327.3816271168178,1206.297242903532,724.4596174884098,558.0613166110539,166.3983008773558,3252.9471371423247,642.7861855797923,81.67343190861743,674.0660247401366,653.3156023766811,1206.2972429035322,-2.2737367544323206e-13,934.961724479698,292.1755388999056,1880.3632676436687,2507.1510235248916,626.7877558812229,81.6734319086172,27.2244773028724,762.2135115881707,11.43320267382256,45.351265218773044,13.066312047533623,189.121331402186,1205.1598834263161,4463.2983709350765,5656.34345459717,5656.34345459717,0.0,0.0,2214.2307065925806,12552.453635162912,0.0,0.0,6314.0752226687355,23.954582014615553,0.0,0.0,0.0,2.2737367544323206e-13,0.0
2025-12-05 18:00:00+00:00,8,47.0,3197.7869855633876,711.2925506840487,1303.048702093882,1183.4457327854586,711.2925506840488,548.7669576557523,162.52559302829644,3252.9471371423247,630.7472867836935,80.54526390035517,0.0,1303.048702093882,1183.4457327854586,0.0,917.4505989580997,286.70331217440616,1183.4457327854586,1577.9276437139447,394.4819109284862,80.54526390035517,26.84842130011839,1410.4423872943555,21.15663580941533,37.89543136973222,26.06097404187764,185.66020772029142,978.8068933443274,4176.593878907715,5292.86699193041,5292.86699193041,0.0,0.0,2797.4887492583657,9582.623728673254,0.0,0.0,6314.0752226687355,23.95511560677787,0.0,0.0,0.0,4.547473508864641e-13,0.0
2025-12-05 19:00:00+00:00,8,47.0,3215.358481917195,714.6958508945863,1309.7612827033074,1190.9013483192991,714.6958508945863,549.7395094760194,164.95634141856686,3252.9471371423247,635.2165989413987,79.4792519531876,0.0,1309.7612827033074,1190.9013483192991,0.0,923.9514166420346,288.7348177006358,1190.9013483192991,1587.868464425732,396.967116106433,79.4792519531876,26.493083984395867,1415.7336186408909,21.23600427961336,38.10423913725914,26.19522565406615,186.5887539235752,984.3192407859785,2383.0015518476653,4779.00251824529,4779.00251824529,0.0,0.0,2267.1826371775232,7176.950442081674,0.0,1816.6761708555089,4399.130399049865,23.959180682767514,0.0,0.0,0.0,6.821210263296962e-13,0.0
2025-12-05 20:00:00+00:00,8,47.0,3350.7519629627786,743.9470554930066,1365.0678913841414,1241.7370160856283,743.9470554930065,570.2460123385738,173.70104315443274,3252.9471371423247,662.7501041021561,81.19695139085047,0.0,1365.0678913841414,1241.7370160856283,0.0,964.000151421318,301.25004731916187,1241.7370160856283,1655.6493547808377,413.9123386952094,81.19695139085047,27.065650463616823,1473.3304932386086,22.09995739857913,39.718727988539115,27.30135782768283,194.27708393997133,1025.6251636327604,868.5575584462414,7987.789412598221,7987.78941259822,9.094947017729282e-13,0.0,5368.139906396065,1511.9229555174416,0.0,3507.8195681492975,701.5639136298596,23.96113118839506,0.0,0.0,0.0,2.2737367544323206e-13,0.0
2025-12-05 21:00:00+00:00,8,47.0,3339.1010558841294,742.0946937175725,1359.512027638806,1237.4943345277527,742.0946937175726,568.6336720646718,173.4610216529007,3252.9471371423247,660.5777328013186,81.51696091625388,642.8689331159162,716.6430945228899,1237.4943345277527,0.0,960.8403386200998,300.2626058187812,1880.363267643669,2507.1510235248916,626.7877558812229,81.51696091625388,27.17232030541796,825.3323757445618,12.379985636168426,45.99387322921281,14.332861890457798,193.7598148365927,1220.6892175978537,4559.790273481983,4901.445516271078,7300.99573515421,0.0,0.0,1433.4541541260865,0.0,0.0,0.0,701.5639136298596,23.96061064613883,0.0,0.0,0.0,-4.547473508864641e-13,0.0
2025-12-05 22:00:00+00:00,8,47.0,3279.836809560675,728.9589871633007,1335.5270570404614,1215.3507653569163,728.9589871633007,558.7691732635346,170.18981389976608,3252.9471371423247,648.7447730866689,80.21421407663172,665.0125022867525,670.5145547537089,1215.3507653569163,0.0,943.6287608533366,294.8839877666677,1880.3632676436687,2507.1510235248916,626.7877558812229,80.21421407663172,26.73807135887724,777.4668401892179,11.662002602838268,45.51417381724592,13.410291095074179,190.3251331722918,1209.321415694218,4489.158225254892,3450.779784378228,6045.7364459129,0.0,0.0,0.0,0.0,0.0,0.0,701.5639136298596,23.96063486816645,0.0,0.0,0.0,-9.094947017729282e-13,0.0
2025-12-05 23:00:00+00:00,8,47.0,3122.4725653333685,693.8497595470295,1270.1204288631684,1158.5023769231732,693.8497595470296,531.0060013857901,162.84375816123946,3252.9471371423247,617.5626658611217,76.28709368590785,721.8608907204956,548.2595381426728,1158.5023769231732,0.0,898.2729685252679,280.7103026641462,1880.3632676436687,2507.1510235248916,626.7877558812229,76.28709368590785,25.42903122863595,649.9756630572166,9.749634945858249,44.20604125370006,10.965190762853457,181.1978308425924,1179.0457875790091,6709.805161435087,3263.79891798476,3263.79891798476,0.0,141.62507406539953,0.0,134.54382036212954,2408.2868085227105,0.0,2986.2653857907308,23.96318297435998,0.0,0.0,0.0,-1.3642420526593924e-12,0.0
