timestamp_hour_utc,representative_day_id,day_weight,it_load_kw,q_air_kw,q_cp_kw,q_rdhx_kw,s_air_kw,q_air_to_ashp_kw,q_air_to_reject_kw,q_cp_to_wshp_kw,q_cp_to_free_kw,q_rdhx_to_wshp_kw,q_rdhx_to_chiller_kw,q_ashp_out_kw,p_ashp_kw,q_wshp_in_kw,q_wshp_out_kw,p_wshp_kw,q_chiller_evap_kw,p_chiller_kw,q_tower_kw,p_tower_kw,p_pump_kw,p_cdu_free_kw,p_terminal_kw,p_cooling_kw,p_grid_kw,q_heat_kw,q_heat_unserved_kw,q_tes_ch_kw,q_tes_dis_kw,e_tes_kwh,p_bess_ch_kw,p_bess_dis_kw,e_bess_kwh,max_theta_c,hotspot_slack_c,hotspot_penalty_yuan,heat_unserved_penalty_yuan,bess_degradation_cost_yuan,power_balance_residual_kw,heat_balance_residual_kw
2025-01-15 00:00:00+00:00,0,70.0,558.7860315656566,167.635809469697,391.1502220959596,0.0,167.6358094696969,167.63580946969697,0.0,347.10141872919655,44.048803366763025,0.0,0.0,243.83390468319558,76.19809521349862,347.10141872919655,462.80189163892874,115.70047290973218,0.0,0.0,44.048803366763025,0.6607320505014453,11.294018629211157,0.8809760673352605,35.823772483674226,240.5580673539529,799.3440989196095,706.6357963221243,0.0,0.0,0.0,0.0,0.0,0.0,3021.136439688819,23.968702615858565,0.0,0.0,0.0,0.0,-2.842170943040401e-14,0.0
2025-01-15 01:00:00+00:00,0,70.0,567.1325940170941,170.1397782051282,396.9928158119658,0.0,170.1397782051281,170.1397782051282,0.0,347.1014187291966,49.891397082769174,0.0,0.0,247.47604102564102,77.33626282051281,347.10141872919655,462.80189163892874,115.70047290973218,0.0,0.0,49.891397082769174,0.7483709562415376,11.41087050353128,0.9978279416553835,36.35887060243587,242.55267573410904,809.6852697512031,710.2779326645698,0.0,0.0,0.0,0.0,0.0,0.0,3021.136439688819,23.96880603518564,0.0,0.0,0.0,0.0,-2.842170943040401e-14,0.0
2025-01-15 02:00:00+00:00,0,70.0,572.756701324189,171.82701039725677,400.9296909269323,0.0,171.82701039725666,171.82701039725677,0.0,347.10141872919655,53.828272197735785,0.0,0.0,249.9301969414644,78.10318654420763,347.10141872919655,462.80189163892874,115.70047290973218,0.0,0.0,53.828272197735785,0.8074240829660367,11.489608005830611,1.0765654439547157,36.719432121893746,243.8966891085849,816.6533904327738,712.7320885803931,0.0,0.0,0.0,0.0,0.0,0.0,3021.136439688819,23.968994310045147,0.0,0.0,0.0,0.0,-5.684341886080802e-14,0.0
2025-01-15 03:00:00+00:00,0,70.0,566.6574103535354,169.99722310606063,396.6601872474747,0.0,169.99722310606055,169.9972231060606,0.0,347.10141872919655,49.55876851827816,0.0,0.0,247.26868815426997,77.27146504820936,347.10141872919655,462.80189163892874,115.70047290973218,0.0,0.0,49.55876851827816,0.7433815277741723,11.40421793224146,0.9911753703655631,36.328406577765136,242.43911936608788,809.0965297196233,710.0705797931987,0.0,0.0,0.0,0.0,0.0,0.0,3021.136439688819,23.968895129673292,0.0,0.0,0.0,0.0,0.0,0.0
2025-01-15 04:00:00+00:00,0,70.0,572.2605287356321,171.6781586206897,400.5823701149425,0.0,171.67815862068963,171.6781586206897,0.0,347.1014187291965,53.48095138574598,0.0,0.0,249.71368526645773,78.03552664576804,347.10141872919655,462.80189163892874,115.70047290973218,0.0,0.0,53.48095138574598,0.8022142707861897,11.482661589590816,1.0696190277149196,36.68762249724137,243.7781169408335,2155.468259374933,712.5155769053865,0.0,0.0,0.0,0.0,1339.4296136984672,0.0,4291.830943118806,23.96829264156709,0.0,0.0,0.0,0.0,2.2737367544323206e-13,0.0
2025-01-15 05:00:00+00:00,0,70.0,569.1438808268199,170.74316424804596,398.4007165787738,0.0,170.74316424804587,170.74316424804596,0.0,347.10141872919655,51.29929784957727,0.0,0.0,248.3536934517032,77.61052920365725,347.10141872919655,462.80189163892874,115.70047290973218,0.0,0.0,51.29929784957727,0.769489467743659,11.439028518867442,1.0259859569915455,36.4878141998074,243.03332025679947,812.1772010836194,711.1555850906319,0.0,0.0,0.0,0.0,0.0,0.0,4291.830943118806,23.96966459612059,0.0,0.0,0.0,0.0,0.0,0.0
2025-01-15 06:00:00+00:00,0,70.0,575.2209285714287,172.5662785714286,402.65465,0.0,172.56627857142854,172.56627857142857,0.0,347.10141872919655,55.55323127080342,0.0,0.0,251.0054961038961,78.43921753246752,347.10141872919655,462.80189163892874,115.70047290973218,0.0,0.0,55.55323127080342,0.8332984690620513,11.524107187291964,1.1110646254160685,36.877413730714274,244.4855744546841,819.7065030261126,713.8073877428249,0.0,0.0,0.0,0.0,0.0,0.0,4291.830943118806,23.969804961345226,0.0,0.0,0.0,0.0,-1.4210854715202004e-13,0.0
2025-01-15 07:00:00+00:00,0,70.0,595.0878313492063,178.52634940476196,416.5614819444444,0.0,178.52634940476187,178.52634940476196,0.0,347.10141872919655,69.46006321524786,0.0,0.0,259.6746900432901,81.14834063852817,347.10141872919655,462.80189163892874,115.70047290973218,0.0,0.0,69.46006321524786,1.0419009482287178,11.802243826180852,1.389201264304957,38.15108086779761,249.23324045477247,844.3210718039788,722.4765816822189,0.0,0.0,0.0,0.0,0.0,0.0,4291.830943118806,23.969505138620768,0.0,0.0,0.0,0.0,2.842170943040401e-14,0.0
2025-01-15 08:00:00+00:00,0,70.0,585.8920697959447,175.76762093878347,410.1244488571613,0.0,175.76762093878335,175.76762093878347,0.0,347.10141872919655,63.023030127964795,0.0,0.0,255.66199409277596,79.89437315399249,347.10141872919655,462.80189163892874,115.70047290973218,0.0,0.0,63.023030127964795,0.9453454519194718,11.673503164435193,1.260460602559296,37.561540594618,247.03569587725667,832.9277656732014,718.4638857317047,0.0,0.0,0.0,0.0,0.0,0.0,4291.830943118806,23.970281309263797,0.0,0.0,0.0,0.0,0.0,0.0
2025-01-15 09:00:00+00:00,0,70.0,568.2448662982006,170.4734598894602,397.77140640874035,0.0,170.47345988946006,170.47345988946017,0.0,347.10141872919655,50.669987679543794,0.0,0.0,247.96139620285115,77.48793631339099,347.10141872919655,462.80189163892874,115.70047290973218,0.0,0.0,50.669987679543794,0.7600498151931568,11.426442315466772,1.0133997535908759,36.43017837837761,242.8184794857516,811.0633457839522,710.7632878417799,0.0,0.0,0.0,0.0,0.0,0.0,4291.830943118806,23.969803606236038,0.0,0.0,0.0,0.0,0.0,0.0
2025-01-15 10:00:00+00:00,0,70.0,581.0144916006232,174.30434748018698,406.71014412043615,0.0,174.30434748018692,174.304347480187,0.0,347.1014187291966,59.60872539123959,0.0,0.0,253.53359633481747,79.22924885463046,347.10141872919655,462.80189163892874,115.70047290973218,0.0,0.0,59.60872539123959,0.8941308808685938,11.60521706970069,1.1921745078247918,37.24883905651594,245.87008327927268,0.0,716.3354879737462,0.0,0.0,0.0,0.0,0.0,826.8845748798959,3420.218070225299,23.97057196849701,0.0,0.0,0.0,0.0,8.526512829121202e-14,0.0
2025-01-15 11:00:00+00:00,0,70.0,573.8076919609014,172.14230758827046,401.6653843726309,0.0,172.14230758827037,172.14230758827046,0.0,347.1014187291966,54.563965643434344,0.0,0.0,250.3888110374843,78.24650344921383,347.10141872919655,462.80189163892874,115.70047290973218,0.0,0.0,54.563965643434344,0.8184594846515151,11.504321874744583,1.0912793128686868,36.786811131613376,244.14784816282418,0.0,713.190702676413,0.0,0.0,0.0,0.0,0.0,817.9555401237255,2558.0172263772265,23.970287674541947,0.0,0.0,0.0,0.0,0.0,0.0
2025-01-15 12:00:00+00:00,0,70.0,567.6426806659601,170.29280419978804,397.349876466172,0.0,170.29280419978792,170.29280419978807,0.0,347.10141872919655,50.248457736975475,0.0,0.0,247.69862429060078,77.40582009081274,347.10141872919655,462.80189163892874,115.70047290973218,0.0,0.0,50.248457736975475,0.7537268660546321,11.418011716615407,1.0049691547395097,36.39157225749468,242.67457299544915,0.0,710.5005159295295,0.0,0.0,0.0,0.0,0.0,810.3172536614094,1703.867843409737,23.971382306408646,0.0,0.0,0.0,0.0,8.526512829121202e-14,0.0
2025-01-15 13:00:00+00:00,0,70.0,588.7972485966046,176.63917457898143,412.1580740176232,0.0,176.6391745789813,176.63917457898143,0.0,347.10141872919655,65.05665528842667,0.0,0.0,256.9297084785184,80.29053389953701,347.10141872919655,462.80189163892874,115.70047290973218,0.0,0.0,65.05665528842667,0.9758498293264,11.71417566764443,1.3011331057685334,37.747791607528306,247.7299570195369,836.5272056161414,719.7316001174472,0.0,0.0,0.0,0.0,0.0,0.0,1703.867843409737,23.96853090908819,0.0,0.0,0.0,0.0,-1.4210854715202004e-13,0.0
2025-01-15 14:00:00+00:00,0,70.0,534.8794444444445,160.46383333333335,374.4156111111111,0.0,160.46383333333327,160.46383333333338,0.0,347.10141872919655,27.314192381914552,0.0,0.0,233.40193939393947,72.93810606060609,347.10141872919655,462.80189163892874,115.70047290973218,0.0,0.0,27.314192381914552,0.4097128857287183,10.959326409514189,0.5462838476382911,34.29112118333332,234.84502329655277,3451.616665196304,696.2038310328683,0.0,0.0,0.0,0.0,2681.892197455307,0.0,4248.134178307577,23.97312210945321,0.0,0.0,0.0,0.0,-4.547473508864641e-13,0.0
2025-01-15 15:00:00+00:00,0,70.0,577.711758234519,173.31352747035575,404.3982307641633,0.0,173.31352747035572,173.31352747035578,0.0,347.10141872919655,57.29681203496676,0.0,0.0,252.09240359324474,78.77887612288899,347.10141872919655,462.80189163892874,115.70047290973218,0.0,0.0,57.29681203496676,0.8594521805245015,11.558978802575231,1.1459362406993352,37.03710082041501,245.08081707683527,868.8530097060819,714.8942952321735,0.0,0.0,0.0,0.0,46.060434394727615,0.0,4291.830943118806,23.969704898349807,0.0,0.0,0.0,0.0,7.105427357601002e-15,0.0
2025-01-15 16:00:00+00:00,0,70.0,576.8650467171717,173.05951401515154,403.8055327020202,0.0,173.05951401515145,173.05951401515154,0.0,347.1014187291966,56.704113972823556,0.0,0.0,251.72292947658406,78.66341546143252,347.10141872919655,462.80189163892874,115.70047290973218,0.0,0.0,56.704113972823556,0.8505617095923533,11.547124841332367,1.134082279456471,36.982818145037854,244.87847534658374,821.7435220637554,714.5248211155129,0.0,0.0,0.0,0.0,0.0,0.0,4291.830943118806,23.96827303803535,0.0,0.0,0.0,0.0,0.0,0.0
2025-01-15 17:00:00+00:00,0,70.0,575.2903560606061,172.58710681818184,402.7032492424242,0.0,172.58710681818178,172.58710681818187,0.0,347.1014187291965,55.601830513227696,0.0,0.0,251.03579173553726,78.4486849173554,347.10141872919655,462.80189163892874,115.70047290973218,0.0,0.0,55.601830513227696,0.8340274576984155,11.525079172140451,1.112036610264554,36.881864727045446,244.50216579423645,454.42796979616645,713.837683374466,0.0,0.0,0.0,0.0,0.0,365.3645520586761,3906.70288952128,23.96795208390555,0.0,0.0,0.0,0.0,2.842170943040401e-14,0.0
2025-01-15 18:00:00+00:00,0,70.0,565.7533888888888,169.72601666666668,396.0273722222222,0.0,169.72601666666657,169.72601666666668,0.0,347.10141872919655,48.92595349302568,0.0,0.0,246.87420606060607,77.14818939393939,347.10141872919655,462.80189163892874,115.70047290973218,0.0,0.0,48.92595349302568,0.7338893023953852,11.391561631736412,0.9785190698605136,36.27044976166664,242.2230820693305,0.0,709.6760976995348,0.0,0.0,0.0,0.0,0.0,807.9764709582194,3055.020908170326,23.968996727351175,0.0,0.0,0.0,0.0,2.842170943040401e-14,0.0
2025-01-15 19:00:00+00:00,0,70.0,567.4678333333334,170.24035000000003,397.2274833333333,0.0,170.24035,170.24035,0.0,347.10141872919655,50.126064604136765,0.0,0.0,247.6223272727273,77.38197727272728,347.10141872919655,462.80189163892874,115.70047290973218,0.0,0.0,50.126064604136765,0.7518909690620514,11.415563853958632,1.0025212920827353,36.380362794999996,242.63278909256292,0.0,710.424218911656,0.0,0.0,0.0,0.0,0.0,810.1006224258963,2201.099874575022,23.965172591831028,0.0,0.0,0.0,0.0,0.0,0.0
2025-01-15 20:00:00+00:00,0,70.0,578.9941906565657,173.69825719696973,405.2959334595959,0.0,173.69825719696962,173.69825719696973,0.0,347.10141872919655,58.19451473039937,0.0,0.0,252.65201046831962,78.95375327134988,347.10141872919655,462.80189163892874,115.70047290973218,0.0,0.0,58.19451473039937,0.8729177209559905,11.576932856483884,1.1638902946079874,37.1193175629924,245.38728461612234,0.0,715.4539021072484,0.0,0.0,0.0,0.0,0.0,824.3814752726881,1332.1255003378644,23.962601661696414,0.0,0.0,0.0,0.0,8.526512829121202e-14,0.0
2025-01-15 21:00:00+00:00,0,70.0,568.4895555555556,170.5468666666667,397.9426888888888,0.0,170.54686666666663,170.5468666666667,0.0,347.10141872919655,50.84127015969227,0.0,0.0,248.06816969696973,77.52130303030305,347.10141872919655,462.80189163892874,115.70047290973218,0.0,0.0,50.84127015969227,0.7626190523953841,11.429867965069743,1.0168254031938455,36.445865406666655,242.87695376736087,0.0,710.8700613358985,0.0,0.0,0.0,0.0,0.0,811.3665093229165,476.8701047909785,23.96356149247036,0.0,0.0,0.0,0.0,0.0,0.0
2025-01-15 22:00:00+00:00,0,70.0,578.4975555555556,173.54926666666668,404.94828888888884,0.0,173.5492666666666,173.54926666666668,0.0,347.1014187291965,57.846870159692344,0.0,0.0,252.435296969697,78.88603030303031,347.10141872919655,462.80189163892874,115.70047290973218,0.0,0.0,57.846870159692344,0.8677030523953851,11.569979965069743,1.1569374031938469,37.08747828666665,245.26860192008812,823.7661574756437,715.2371886086257,0.0,0.0,0.0,0.0,0.0,0.0,476.8701047909785,23.96386262465959,0.0,0.0,0.0,0.0,2.842170943040401e-14,0.0
2025-01-15 23:00:00+00:00,0,70.0,575.9300000000001,172.77900000000002,403.151,0.0,172.7789999999999,172.77900000000005,0.0,347.10141872919655,56.04958127080344,0.0,0.0,251.31490909090917,78.53590909090912,347.10141872919655,462.80189163892874,115.70047290973218,0.0,0.0,56.04958127080344,0.8407437190620516,11.534034187291965,1.1209916254160688,36.92287229999998,244.65502383241142,3502.477221287718,714.1168007298379,0.0,0.0,0.0,0.0,2681.892197455307,0.0,3021.136439688819,23.9644289308354,0.0,0.0,0.0,0.0,-9.094947017729282e-13,0.0
2025-03-21 00:00:00+00:00,1,20.0,888.9409444444444,266.6822833333334,622.2586611111111,0.0,266.6822833333332,266.6822833333334,0.0,347.10141872919644,275.15724238191467,0.0,0.0,387.9015030303031,121.21921969696972,347.10141872919655,462.80189163892874,115.70047290973218,0.0,0.0,275.15724238191467,4.1273586357287195,15.91618740951419,5.503144847638294,56.9900039483333,319.4563874479164,1208.3973318923609,850.7033946692318,0.0,0.0,0.0,0.0,0.0,0.0,476.8701047909785,23.953895845104462,0.0,0.0,0.0,0.0,0.0,0.0
2025-03-21 01:00:00+00:00,1,20.0,728.8360555555555,218.6508166666667,510.1852388888889,0.0,218.65081666666663,218.65081666666666,0.0,347.10141872919655,163.08382015969235,0.0,0.0,318.03755151515156,99.38673484848486,347.10141872919655,462.80189163892874,115.70047290973218,0.0,0.0,163.08382015969232,2.446257302395385,13.674718965069744,3.2616764031938468,46.72567952166665,281.19553995054264,2349.4612092045654,780.8394431540803,0.0,0.0,0.0,0.0,1339.4296136984672,0.0,1747.564608220966,23.961543183960885,0.0,0.0,0.0,0.0,0.0,0.0
2025-03-21 02:00:00+00:00,1,20.0,872.3286111111111,261.6985833333334,610.6300277777777,0.0,261.69858333333315,261.6985833333333,0.0,347.10141872919667,263.52860904858113,0.0,0.0,380.65248484848485,118.95390151515151,347.10141872919655,462.80189163892874,115.70047290973218,0.0,0.0,263.52860904858113,3.952929135728717,15.68361474284752,5.270572180971623,55.924987258333296,315.48647774276486,1187.815088853876,843.4543764874136,0.0,0.0,0.0,0.0,0.0,0.0,1747.564608220966,23.955664952972057,0.0,0.0,0.0,0.0,5.684341886080802e-14,0.0
2025-03-21 03:00:00+00:00,1,20.0,683.0305555555556,204.9091666666667,478.1213888888889,0.0,204.9091666666666,204.9091666666667,0.0,347.10141872919655,131.01997015969232,0.0,0.0,298.049696969697,93.1405303030303,347.10141872919655,462.80189163892874,115.70047290973218,0.0,0.0,131.01997015969232,1.9652995523953847,13.033441965069743,2.6203994031938467,43.78908891666665,270.2492330500881,3635.1719860609505,760.8515886086257,0.0,0.0,0.0,0.0,2681.892197455307,0.0,4291.830943118806,23.96436273587408,0.0,0.0,0.0,0.0,0.0,0.0
2025-03-21 04:00:00+00:00,1,20.0,588.3298333333333,176.49895000000004,411.8308833333333,0.0,176.49894999999992,176.49895000000006,0.0,347.10141872919655,64.72946460413675,0.0,0.0,256.7257454545456,80.2267954545455,347.10141872919655,462.80189163892874,115.70047290973218,0.0,0.0,64.72946460413675,0.9709419690620512,11.707631853958631,1.294589292082735,37.71782561499998,247.6182570943811,835.9480904277144,719.5276370934744,0.0,0.0,0.0,0.0,0.0,0.0,4291.830943118806,23.968976342511056,0.0,0.0,0.0,0.0,-2.842170943040401e-14,0.0
2025-03-21 05:00:00+00:00,1,20.0,900.4637777777778,270.13913333333335,630.3246444444444,0.0,270.1391333333333,270.13913333333335,0.0,347.1014187291966,283.2232257152478,0.0,0.0,392.9296484848485,122.79051515151515,347.10141872919655,462.80189163892874,115.70047290973218,0.0,0.0,283.2232257152478,4.2483483857287165,16.07750707618085,5.664464514304956,57.72873279333332,322.21004083079515,1222.673818608573,855.7315401237772,0.0,0.0,0.0,0.0,0.0,0.0,4291.830943118806,23.953993429677222,0.0,0.0,0.0,0.0,0.0,0.0
2025-03-21 06:00:00+00:00,1,20.0,706.0415921717172,211.8124776515152,494.22911452020196,0.0,211.81247765151505,211.8124776515152,0.0,347.1014187291966,147.12769579100535,0.0,0.0,308.0908765840221,96.27839893250692,347.10141872919655,462.80189163892874,115.70047290973218,0.0,0.0,147.12769579100535,2.20691543686508,13.355596477696004,2.942553915820107,45.264326474128765,275.748264146749,981.7898563184663,770.8927682229508,0.0,0.0,0.0,0.0,0.0,0.0,4291.830943118806,23.963315916039953,0.0,0.0,0.0,0.0,5.684341886080802e-14,0.0
2025-03-21 07:00:00+00:00,1,20.0,479.84220580808073,143.95266174242428,335.88954406565654,0.0,143.95266174242423,143.95266174242428,0.0,335.8895440656567,0.0,0.0,0.0,209.3856898071626,65.43302806473831,335.8895440656567,447.8527254208756,111.9631813552189,0.0,0.0,0.0,0.0,10.076686321969698,0.0,30.762683814356055,218.23557955628294,698.0777853643636,657.2384152280382,0.0,0.0,0.0,0.0,0.0,0.0,4291.830943118806,23.97339481276468,0.0,0.0,0.0,0.0,-2.842170943040401e-14,0.0
2025-03-21 08:00:00+00:00,1,20.0,475.1079979203803,142.53239937611409,332.57559854426614,0.0,142.53239937611403,142.53239937611409,0.0,332.5755985442663,0.0,0.0,0.0,207.31985363798412,64.78745426187004,332.5755985442663,443.4341313923551,110.85853284808877,0.0,0.0,0.0,0.0,9.977267956327987,0.0,30.459173746675564,216.08242881296235,691.1904267333426,650.7539850303392,0.0,0.0,0.0,0.0,0.0,0.0,4291.830943118806,23.974270515185765,0.0,0.0,0.0,0.0,0.0,0.0
2025-03-21 09:00:00+00:00,1,20.0,476.9575555555556,143.0872666666667,333.87028888888887,0.0,143.0872666666666,143.0872666666667,0.0,333.870288888889,0.0,0.0,0.0,208.12693333333337,65.03966666666668,333.8702888888889,445.1603851851852,111.2900962962963,0.0,0.0,0.0,0.0,10.016108666666666,0.0,30.577748886666654,216.9236205162963,693.8811760718519,653.2873185185185,0.0,0.0,0.0,0.0,0.0,0.0,4291.830943118806,23.97397000335918,0.0,0.0,0.0,0.0,0.0,0.0
2025-03-21 10:00:00+00:00,1,20.0,497.55061111111115,149.26518333333334,348.2854277777778,0.0,149.26518333333328,149.26518333333328,0.0,347.10141872919655,1.1840090485812311,0.0,0.0,217.1129939393939,67.84781060606059,347.10141872919655,462.80189163892874,115.70047290973218,0.0,0.0,1.1840090485812311,0.017760135728718467,10.436722742847522,0.023680180971624623,31.89796967833332,225.92441625367397,0.0,679.9148855783226,0.0,0.0,0.0,0.0,0.0,723.4750273647851,3529.221304210351,23.971903924353484,0.0,0.0,0.0,0.0,-2.842170943040401e-14,0.0
2025-03-21 11:00:00+00:00,1,20.0,483.2366805555555,144.9710041666667,338.26567638888883,0.0,144.9710041666666,144.97100416666666,0.0,338.265676388889,0.0,0.0,0.0,210.86691515151514,65.89591098484848,338.265676388889,451.020901851852,112.755225462963,0.0,0.0,0.0,0.0,10.147970291666667,0.0,30.980303590416646,219.7794103298948,0.0,661.8878170033671,0.0,0.0,0.0,0.0,0.0,703.0160908854502,2788.17727789503,23.97270270149858,0.0,0.0,0.0,0.0,-5.684341886080802e-14,0.0
2025-03-21 12:00:00+00:00,1,20.0,512.4991597222222,153.74974791666668,358.74941180555555,0.0,153.74974791666656,153.7497479166667,0.0,347.10141872919655,11.647993076359,0.0,0.0,223.63599696969703,69.88624905303033,347.10141872919655,462.80189163892874,115.70047290973218,0.0,0.0,11.647993076359,0.174719896145385,10.646002423403077,0.23295986152718,32.856321129791645,229.4967252736298,0.0,686.4378886086258,0.0,0.0,0.0,0.0,0.0,741.9958849958521,2006.0449408752802,23.9716809563331,0.0,0.0,0.0,0.0,5.684341886080802e-14,0.0
2025-03-21 13:00:00+00:00,1,20.0,498.6522272897897,149.59566818693696,349.0565591028528,0.0,149.59566818693688,149.59566818693696,0.0,347.10141872919655,1.9551403736562634,0.0,0.0,217.5936991809992,67.99803099406225,347.10141872919655,462.80189163892874,115.70047290973218,0.0,0.0,1.9551403736562634,0.02932710560484395,10.452145369349022,0.03910280747312527,31.968594291548406,226.1876734777698,724.8399007675595,680.395590819928,0.0,0.0,0.0,0.0,0.0,0.0,2006.0449408752802,23.970513203413653,0.0,0.0,0.0,0.0,-5.684341886080802e-14,0.0
2025-03-21 14:00:00+00:00,1,20.0,488.3239145092108,146.49717435276327,341.82674015644756,0.0,146.49717435276318,146.49717435276327,0.0,341.8267401564478,0.0,0.0,0.0,213.08679905856476,66.58962470580148,341.8267401564478,455.7689868752637,113.94224671881592,0.0,0.0,0.0,0.0,10.25480220469343,0.0,31.306446159185487,222.09311978849632,710.4170342977071,668.8557859338284,0.0,0.0,0.0,0.0,0.0,0.0,2006.0449408752802,23.971407379510108,0.0,0.0,0.0,0.0,0.0,0.0
2025-03-21 15:00:00+00:00,1,20.0,481.01074166111675,144.303222498335,336.70751916278164,0.0,144.30322249833492,144.30322249833503,0.0,336.7075191627818,0.0,0.0,0.0,209.8955963612146,65.59237386287955,336.7075191627818,448.94335888370904,112.23583972092726,0.0,0.0,0.0,0.0,10.10122557488345,0.0,30.837598647894172,218.76703780658443,699.7777794677012,658.8389552449237,0.0,0.0,0.0,0.0,0.0,0.0,2006.0449408752802,23.97253474365656,0.0,0.0,0.0,0.0,0.0,0.0
2025-03-21 16:00:00+00:00,1,20.0,471.4551557440516,141.4365467232155,330.01860902083615,0.0,141.43654672321546,141.4365467232155,0.0,330.01860902083627,0.0,0.0,0.0,205.72588614285894,64.28933941964343,330.01860902083627,440.02481202778165,110.00620300694541,0.0,0.0,0.0,0.0,9.900558270625087,0.0,30.22499003475114,214.42109073196505,3095.3062500827805,645.7506981706406,0.0,0.0,0.0,0.0,2409.430003606764,0.0,4291.830943118806,23.973273363461267,0.0,0.0,0.0,0.0,0.0,0.0
2025-03-21 17:00:00+00:00,1,20.0,506.3876581196581,151.91629743589746,354.4713606837606,0.0,151.91629743589735,151.91629743589746,0.0,347.1014187291965,7.369941954564126,0.0,0.0,220.96915990675996,69.0528624708625,347.10141872919655,462.80189163892874,115.70047290973218,0.0,0.0,7.369941954564126,0.11054912931846189,10.56044140096718,0.14739883909128254,32.464512762051264,228.0362375120229,734.4238956316809,683.7710515456887,0.0,0.0,0.0,0.0,0.0,0.0,4291.830943118806,23.970478410485317,0.0,0.0,0.0,0.0,-8.526512829121202e-14,0.0
2025-03-21 18:00:00+00:00,1,20.0,661.2437539682539,198.37312619047623,462.8706277777777,0.0,198.3731261904761,198.37312619047623,0.0,347.10141872919667,115.76920904858106,0.0,0.0,288.54272900432903,90.16960281385282,347.10141872919655,462.80189163892874,115.70047290973218,0.0,0.0,115.76920904858106,1.736538135728716,12.72842674284752,2.315384180971621,42.392337066904744,265.0427618500376,0.0,751.3446206432577,0.0,0.0,0.0,0.0,0.0,926.2865158182917,3315.439224489677,23.959315548162618,0.0,0.0,0.0,0.0,1.7053025658242404e-13,0.0
2025-03-21 19:00:00+00:00,1,20.0,660.9889503968254,198.29668511904762,462.6922652777778,0.0,198.2966851190475,198.2966851190476,0.0,347.10141872919655,115.59084654858124,0.0,0.0,288.431541991342,90.13485687229436,347.10141872919655,462.80189163892874,115.70047290973218,0.0,0.0,115.59084654858124,1.7338626982287186,12.724859492847521,2.3118169309716246,42.37600160994045,264.9818705140148,0.0,751.2334336302707,0.0,0.0,0.0,0.0,0.0,925.9708209108403,2339.380277511635,23.95737970151812,0.0,0.0,0.0,0.0,5.684341886080802e-14,0.0
2025-03-21 20:00:00+00:00,1,20.0,575.8912777777778,172.76738333333336,403.12389444444443,0.0,172.7673833333333,172.76738333333336,0.0,347.10141872919655,56.02247571524788,0.0,0.0,251.2980121212122,78.53062878787881,347.10141872919655,462.80189163892874,115.70047290973218,0.0,0.0,56.02247571524788,0.8403371357287182,11.533492076180854,1.1204495143049575,36.92038981833332,244.64577024215885,0.0,714.0999037601409,0.0,0.0,0.0,0.0,0.0,820.5370480199366,1474.4582854136502,23.960659515063746,0.0,0.0,0.0,0.0,0.0,0.0
2025-03-21 21:00:00+00:00,1,20.0,848.0591111111111,254.41773333333336,593.6413777777777,0.0,254.41773333333313,254.4177333333334,0.0,347.1014187291965,246.53995904858124,0.0,0.0,370.0621575757577,115.64442424242428,347.10141872919655,462.80189163892874,115.70047290973218,0.0,0.0,246.53995904858124,3.6980993857287183,15.34384174284752,4.930799180971625,54.36906961333329,309.68670707503765,211.35057289682095,832.8640492146865,0.0,0.0,0.0,0.0,0.0,946.3952452893277,476.8701047909785,23.94353269560662,0.0,0.0,0.0,0.0,-5.684341886080802e-14,0.0
2025-03-21 22:00:00+00:00,1,20.0,785.4006111111112,235.62018333333336,549.7804277777777,0.0,235.6201833333333,235.62018333333336,0.0,347.10141872919667,202.6790090485811,0.0,0.0,342.72026666666676,107.10008333333336,347.10141872919655,462.80189163892874,115.70047290973218,0.0,0.0,202.6790090485811,3.0401851357287164,14.466622742847518,4.053580180971622,50.352033178333315,294.71297748094673,1080.113588592058,805.5221583055954,0.0,0.0,0.0,0.0,0.0,0.0,476.8701047909785,23.948976366837698,0.0,0.0,0.0,0.0,1.1368683772161603e-13,0.0
2025-03-21 23:00:00+00:00,1,20.0,617.5177777777778,185.25533333333337,432.2624444444444,0.0,185.25533333333323,185.25533333333337,0.0,347.1014187291965,85.16102571524792,0.0,0.0,269.4623030303031,84.20696969696971,347.10141872919655,462.80189163892874,115.70047290973218,0.0,0.0,85.16102571524792,1.2774153857287187,12.116263076180854,1.7032205143049584,39.58906473333331,254.5934063162497,872.1111840940275,732.2641946692318,0.0,0.0,0.0,0.0,0.0,0.0,476.8701047909785,23.957132314773276,0.0,0.0,0.0,0.0,-2.842170943040401e-14,0.0
2025-03-23 00:00:00+00:00,2,1.0,591.4327222222223,177.42981666666668,414.0029055555555,0.0,177.42981666666662,177.42981666666668,0.0,347.10141872919655,66.90148682635896,0.0,0.0,258.07973333333337,80.64991666666668,347.10141872919655,462.80189163892874,115.70047290973218,0.0,0.0,66.90148682635896,1.0035223023953843,11.751072298403075,1.3380297365271792,37.91675182166665,248.35976573539114,839.7924879576135,720.8816249722621,0.0,0.0,0.0,0.0,0.0,0.0,476.8701047909785,23.96469363662716,0.0,0.0,0.0,0.0,5.684341886080802e-14,0.0
2025-03-23 01:00:00+00:00,2,1.0,716.1225,214.83675000000002,501.28575,0.0,214.8367499999999,214.83675000000002,0.0,347.10141872919655,154.18433127080343,0.0,0.0,312.48981818181824,97.6530681818182,347.10141872919655,462.80189163892874,115.70047290973218,0.0,0.0,154.1843312708034,2.312764969062051,13.496729187291965,3.0836866254160684,45.91061347499998,278.1573353483205,2333.7094490467875,775.291709820747,0.0,0.0,0.0,0.0,1339.4296136984672,0.0,1747.564608220966,23.95834718531555,0.0,0.0,0.0,0.0,0.0,0.0
2025-03-23 02:00:00+00:00,2,1.0,925.211111111111,277.5633333333334,647.6477777777777,0.0,277.5633333333331,277.56333333333333,0.0,347.10141872919655,300.54635904858117,0.0,0.0,403.7284848484849,126.16515151515154,347.10141872919655,462.80189163892874,115.70047290973218,0.0,0.0,300.5463590485812,4.508195385728718,16.42396974284752,6.010927180971623,59.31528433333328,328.1240010677649,1253.3351121788758,866.5303764874136,0.0,0.0,0.0,0.0,0.0,0.0,1747.564608220966,23.94542129455514,0.0,0.0,0.0,0.0,-1.1368683772161603e-13,0.0
2025-03-23 03:00:00+00:00,2,1.0,983.1763888888888,294.95291666666674,688.2234722222222,0.0,294.9529166666666,294.9529166666667,0.0,347.10141872919655,341.12205349302565,0.0,0.0,429.0224242424243,134.0695075757576,347.10141872919655,462.80189163892874,115.70047290973218,0.0,0.0,341.12205349302565,5.116830802395384,17.23548363173641,6.8224410698605125,63.03143829166665,341.97617428114876,4007.0447606253447,891.824315881353,0.0,0.0,0.0,0.0,2681.892197455307,0.0,4291.830943118806,23.943719717913496,0.0,0.0,0.0,0.0,0.0,0.0
2025-03-23 04:00:00+00:00,2,1.0,895.1717777777778,268.55153333333334,626.6202444444444,0.0,268.55153333333317,268.5515333333334,0.0,347.10141872919655,279.5188257152479,0.0,0.0,390.6204121212122,122.06887878787882,347.10141872919655,462.80189163892874,115.70047290973218,0.0,0.0,279.5188257152479,4.1927823857287185,16.003419076180855,5.590376514304957,57.3894626733333,320.9453923471589,1216.1171701249366,853.422303760141,0.0,0.0,0.0,0.0,0.0,0.0,4291.830943118806,23.948747766823566,0.0,0.0,0.0,0.0,-1.1368683772161603e-13,0.0
2025-03-23 05:00:00+00:00,2,1.0,954.5763333333333,286.3729,668.2034333333334,0.0,286.37289999999985,286.3729,0.0,347.1014187291965,321.1020146041368,0.0,0.0,416.54240000000004,130.16950000000003,347.10141872919655,462.80189163892874,115.70047290973218,0.0,0.0,321.1020146041368,4.816530219062051,16.835082853958635,6.422040292082735,61.19788872999997,335.14151500483564,1289.717848338169,879.3442916389288,0.0,0.0,0.0,0.0,0.0,0.0,4291.830943118806,23.94583784266333,0.0,0.0,0.0,0.0,5.684341886080802e-14,0.0
2025-03-23 06:00:00+00:00,2,1.0,900.5412765151516,270.16238295454554,630.378893560606,0.0,270.1623829545454,270.16238295454554,0.0,347.1014187291966,283.27747483140945,0.0,0.0,392.9634661157025,122.80108316115702,347.10141872919655,462.80189163892874,115.70047290973218,0.0,0.0,283.27747483140945,4.249162122471142,16.078592058504086,5.66554949662819,57.73370123738635,322.22856098587897,1222.7698375010305,855.7653577546312,0.0,0.0,0.0,0.0,0.0,0.0,4291.830943118806,23.94825894943876,0.0,0.0,0.0,0.0,-1.1368683772161603e-13,0.0
2025-03-23 07:00:00+00:00,2,1.0,858.559,257.5677,600.9912999999999,0.0,257.56769999999983,257.5677,0.0,347.10141872919655,253.88988127080341,0.0,0.0,374.64392727272735,117.0762272727273,347.10141872919655,462.80189163892874,115.70047290973218,0.0,0.0,253.88988127080341,3.8083482190620512,15.490840187291964,5.077797625416068,55.04221748999996,312.1959037042295,1170.7549037042293,837.445818911656,0.0,0.0,0.0,0.0,0.0,0.0,4291.830943118806,23.949641459494135,0.0,0.0,0.0,0.0,-2.2737367544323206e-13,0.0
2025-03-23 08:00:00+00:00,2,1.0,490.1247222222222,147.0374166666667,343.08730555555553,0.0,147.03741666666664,147.03741666666667,0.0,343.08730555555576,0.0,0.0,0.0,213.87260606060607,66.8351893939394,343.08730555555576,457.449740740741,114.36243518518525,0.0,0.0,0.0,0.0,10.292619166666668,0.0,31.421895941666662,222.91213968745797,713.0368619096802,671.3223468013471,0.0,0.0,0.0,0.0,0.0,0.0,4291.830943118806,23.969892064043655,0.0,0.0,0.0,0.0,0.0,0.0
2025-03-23 09:00:00+00:00,2,1.0,792.4803333333334,237.74410000000003,554.7362333333333,0.0,237.74409999999983,237.74410000000003,0.0,347.10141872919655,207.63481460413672,0.0,0.0,345.80960000000005,108.06550000000001,347.10141872919655,462.80189163892874,115.70047290973218,0.0,0.0,207.63481460413672,3.1145222190620507,14.565738853958631,4.152696292082735,50.80591416999996,296.4048444448356,1088.885177778169,808.6114916389288,0.0,0.0,0.0,0.0,0.0,0.0,4291.830943118806,23.95290068562519,0.0,0.0,0.0,0.0,0.0,0.0
2025-03-23 10:00:00+00:00,2,1.0,504.46869584679456,151.34060875403839,353.1280870927561,0.0,151.34060875403827,151.34060875403839,0.0,347.1014187291965,6.026668363559622,0.0,0.0,220.13179455132857,68.79118579729018,347.10141872919655,462.80189163892874,115.70047290973218,0.0,0.0,6.026668363559622,0.09040002545339433,10.533575929147089,0.12053336727119245,32.341488090737975,227.577656119632,0.0,682.9336861902573,0.0,0.0,0.0,0.0,0.0,732.0463519664264,3520.186334775077,23.966468584135367,0.0,0.0,0.0,0.0,-1.4210854715202004e-13,0.0
2025-03-23 11:00:00+00:00,2,1.0,519.7610682660537,155.92832047981614,363.8327477862376,0.0,155.92832047981602,155.9283204798161,0.0,347.10141872919655,16.731329057041023,0.0,0.0,226.80482978882344,70.87650930900733,347.10141872919655,462.80189163892874,115.70047290973218,0.0,0.0,16.731329057041023,0.25096993585561533,10.747669143016717,0.33462658114082044,33.32188208653668,231.23212996528935,0.0,689.6067214277522,0.0,0.0,0.0,0.0,0.0,750.9931982313432,2728.5699968732833,23.968110088517662,0.0,0.0,0.0,0.0,1.1368683772161603e-13,0.0
2025-03-23 12:00:00+00:00,2,1.0,719.4712083333334,215.84136250000003,503.62984583333326,0.0,215.8413625,215.84136250000003,0.0,347.10141872919655,156.5284271041367,0.0,0.0,313.9510727272728,98.10971022727274,347.10141872919655,462.80189163892874,115.70047290973218,0.0,0.0,156.5284271041367,2.3479264065620504,13.54361110395863,3.130568542082734,46.125299166249995,278.9575883558583,0.0,776.7529643662015,0.0,0.0,0.0,0.0,0.0,998.4287966891916,1676.1336371936075,23.9580831046479,0.0,0.0,0.0,0.0,-1.1368683772161603e-13,0.0
2025-03-23 13:00:00+00:00,2,1.0,926.5099027777778,277.9529708333334,648.5569319444444,0.0,277.95297083333327,277.9529708333333,0.0,347.1014187291965,301.4555132152479,0.0,0.0,404.2952303030303,126.34225946969696,347.10141872919655,462.80189163892874,115.70047290973218,0.0,0.0,301.4555132152479,4.521832698228718,16.442152826180855,6.0291102643049586,59.39854986708331,328.434378035227,1254.9442808130048,867.097121941959,0.0,0.0,0.0,0.0,0.0,0.0,1676.1336371936075,23.946512403474543,0.0,0.0,0.0,0.0,-5.684341886080802e-14,0.0
2025-03-23 14:00:00+00:00,2,1.0,578.127949074074,173.43838472222225,404.6895643518518,0.0,173.43838472222214,173.43838472222225,0.0,347.1014187291965,57.588145622655304,0.0,0.0,252.2740141414142,78.83562941919193,347.10141872919655,462.80189163892874,115.70047290973218,0.0,0.0,57.588145622655304,0.8638221843398295,11.564805474329003,1.1517629124531061,37.06378281513887,245.18027571518493,823.3082247892589,715.075905780343,0.0,0.0,0.0,0.0,0.0,0.0,1676.1336371936075,23.96612846401658,0.0,0.0,0.0,0.0,2.842170943040401e-14,0.0
2025-03-23 15:00:00+00:00,2,1.0,516.4356807631967,154.93070422895903,361.50497653423764,0.0,154.93070422895897,154.930704228959,0.0,347.1014187291965,14.403557805041146,0.0,0.0,225.35375160575856,70.42304737679954,347.10141872919655,462.80189163892874,115.70047290973218,0.0,0.0,14.403557805041146,0.21605336707561718,10.70111371797672,0.2880711561008229,33.10869149372853,230.43745002141338,3428.765328239917,688.1556432446873,0.0,0.0,0.0,0.0,2681.892197455307,0.0,4220.399972091448,23.97330959834973,0.0,0.0,0.0,0.0,0.0,0.0
2025-03-23 16:00:00+00:00,2,1.0,499.09041011691886,149.72712303507566,349.36328708184317,0.0,149.72712303507564,149.72712303507566,0.0,347.10141872919655,2.2618683526466157,0.0,0.0,217.78490623283733,68.05778319776167,347.10141872919655,462.80189163892874,115.70047290973218,0.0,0.0,2.2618683526466157,0.03392802528969923,10.45827992892883,0.04523736705293231,31.996686192595657,226.29238762136094,800.6776523795965,680.5867978717661,0.0,0.0,0.0,0.0,75.29485464131662,0.0,4291.830943118806,23.973953509353578,0.0,0.0,0.0,0.0,2.842170943040401e-14,0.0
2025-03-23 17:00:00+00:00,2,1.0,522.8236454909506,156.84709364728522,365.97655184366545,0.0,156.8470936472851,156.8470936472852,0.0,347.10141872919655,18.875133114468895,0.0,0.0,228.14122712332392,71.29413347603872,347.10141872919655,462.80189163892874,115.70047290973218,0.0,0.0,18.875133114468895,0.2831269967170334,10.790545224165275,0.3775026622893779,33.51822391242482,231.9640051813674,754.787650672318,690.9431187622527,0.0,0.0,0.0,0.0,0.0,0.0,4291.830943118806,23.97411946809617,0.0,0.0,0.0,0.0,-2.842170943040401e-14,0.0
2025-03-23 18:00:00+00:00,2,1.0,804.8981580154264,241.4694474046279,563.4287106107984,0.0,241.46944740462777,241.4694474046279,0.0,347.10141872919655,216.3272918816018,0.0,0.0,351.22828713400423,109.75883972937632,347.10141872919655,462.80189163892874,115.70047290973218,0.0,0.0,216.3272918816018,3.244909378224027,14.739588399507932,4.326545837632037,51.60202091036895,299.37237716484145,0.0,814.0301787729329,0.0,0.0,0.0,0.0,0.0,1104.2705351802679,3127.8275950578927,23.95850338610552,0.0,0.0,0.0,0.0,5.684341886080802e-14,0.0
2025-03-23 19:00:00+00:00,2,1.0,831.7235000000001,249.51705,582.20645,0.0,249.51704999999995,249.51705000000004,0.0,347.10141872919655,235.10503127080344,0.0,0.0,362.93389090909096,113.41684090909092,347.10141872919655,462.80189163892874,115.70047290973218,0.0,0.0,235.10503127080344,3.526575469062051,15.115143187291967,4.702100625416069,53.32179358499998,305.78292668559317,0.0,825.7357825480196,0.0,0.0,0.0,0.0,0.0,1137.5064266855934,1928.790541255955,23.95708724033813,0.0,0.0,0.0,0.0,1.7053025658242404e-13,0.0
2025-03-23 20:00:00+00:00,2,1.0,635.7152124183008,190.71456372549022,445.0006486928104,0.0,190.7145637254901,190.71456372549022,0.0,347.10141872919655,97.89922996361386,0.0,0.0,277.40300178253125,86.68843805704101,347.10141872919655,462.80189163892874,115.70047290973218,0.0,0.0,97.89922996361386,1.4684884494542079,12.371027161148174,1.9579845992722775,40.755702268137235,258.94211344478504,0.0,740.2048934214599,0.0,0.0,0.0,0.0,0.0,894.6573258630859,985.7389162283488,23.968165405771543,0.0,0.0,0.0,0.0,1.1368683772161603e-13,0.0
2025-03-23 21:00:00+00:00,2,1.0,686.6984315245478,206.00952945736435,480.68890206718345,0.0,206.00952945736427,206.00952945736435,0.0,347.10141872919655,133.5874833379869,0.0,0.0,299.6502246652572,93.64069520789288,347.10141872919655,462.80189163892874,115.70047290973218,0.0,0.0,133.5874833379869,2.0038122500698035,13.084792228635635,2.6717496667597382,44.02423644503874,271.125758708129,475.0688479232273,762.4521163041859,0.0,0.0,0.0,0.0,0.0,482.7553423094495,476.8701047909785,23.964808773726674,0.0,0.0,0.0,0.0,-5.684341886080802e-14,0.0
2025-03-23 22:00:00+00:00,2,1.0,858.9541666666667,257.68625000000003,601.2679166666666,0.0,257.68624999999986,257.68625000000003,0.0,347.10141872919644,254.16649793747018,0.0,0.0,374.8163636363637,117.13011363636366,347.10141872919655,462.80189163892874,115.70047290973218,0.0,0.0,254.1664979374702,3.8124974690620532,15.496372520625298,5.083329958749404,55.06755162499997,312.2903381195326,1171.2445047861993,837.6182552752924,0.0,0.0,0.0,0.0,0.0,0.0,476.8701047909785,23.955093282432035,0.0,0.0,0.0,0.0,5.684341886080802e-14,0.0
2025-03-23 23:00:00+00:00,2,1.0,893.3551666666667,268.00655000000006,625.3486166666665,0.0,268.00654999999983,268.00655,0.0,347.1014187291965,278.2471979374701,0.0,0.0,389.8277090909091,121.82115909090909,347.10141872919655,462.80189163892874,115.70047290973218,0.0,0.0,278.2471979374701,4.173707969062051,15.977986520625299,5.564943958749401,57.27299973499996,320.511270184078,1213.8664368507445,852.6296007298379,0.0,0.0,0.0,0.0,0.0,0.0,476.8701047909785,23.952102661198676,0.0,0.0,0.0,0.0,-1.7053025658242404e-13,0.0
2025-04-12 00:00:00+00:00,3,36.0,595.6929484236589,178.70788452709772,416.98506389656126,0.0,178.70788452709758,178.7078845270977,0.0,347.10141872919655,69.88364516736468,0.0,0.0,259.93874113032393,81.23085660322623,347.10141872919655,462.80189163892874,115.70047290973218,0.0,0.0,69.88364516736468,1.0482546775104702,11.81071546522319,1.3976729033472934,38.18987492344075,249.3778474824801,845.070795906139,722.7406327692527,0.0,0.0,0.0,0.0,0.0,0.0,476.8701047909785,23.973096300166837,0.0,0.0,0.0,0.0,0.0,0.0
2025-04-12 01:00:00+00:00,3,36.0,591.338061868687,177.4014185606061,413.93664330808076,0.0,177.401418560606,177.4014185606061,0.0,347.1014187291965,66.83522457888427,0.0,0.0,258.0384269972452,80.63700843663912,347.10141872919655,462.80189163892874,115.70047290973218,0.0,0.0,66.83522457888427,1.002528368683264,11.749747053453582,1.3367044915776853,37.9106831464015,248.33714440648734,839.6752062751743,720.840318636174,0.0,0.0,0.0,0.0,0.0,0.0,476.8701047909785,23.971040278995684,0.0,0.0,0.0,0.0,2.842170943040401e-14,0.0
2025-04-12 02:00:00+00:00,3,36.0,585.7620702372564,175.72862107117692,410.0334491660794,0.0,175.72862107117678,175.72862107117692,0.0,347.10141872919655,62.93203043688285,0.0,0.0,255.60526701262097,79.87664594144405,347.10141872919655,462.80189163892874,115.70047290973218,0.0,0.0,62.93203043688285,0.9439804565532427,11.671683170613553,1.258640608737657,37.553206322910476,247.0046294099912,2172.1963133457148,718.4071586515497,0.0,0.0,0.0,0.0,1339.4296136984672,0.0,1747.564608220966,23.971275572159993,0.0,0.0,0.0,0.0,0.0,0.0
2025-04-12 03:00:00+00:00,3,36.0,590.0336500469814,177.01009501409445,413.023555032887,0.0,177.0100950140944,177.01009501409447,0.0,347.10141872919655,65.92213630369045,0.0,0.0,257.46922911141013,80.45913409731567,347.10141872919655,462.80189163892874,115.70047290973218,0.0,0.0,65.92213630369045,0.9888320445553567,11.731485287949704,1.318442726073809,37.82705730451197,248.0254243701387,3519.951271872427,720.2711207503389,0.0,0.0,0.0,0.0,2681.892197455307,0.0,4291.830943118806,23.972192806268026,0.0,0.0,0.0,0.0,-4.547473508864641e-13,0.0
2025-04-12 04:00:00+00:00,3,36.0,599.0596209394611,179.71788628183836,419.3417346576227,0.0,179.71788628183825,179.71788628183833,0.0,347.10141872919655,72.24031592842613,0.0,0.0,261.40783459176487,81.68994830992652,347.10141872919655,462.80189163892874,115.70047290973218,0.0,0.0,72.24031592842613,1.0836047389263919,11.857848880444418,1.4448063185685225,38.40571229842883,250.18239345602686,849.2420143954879,724.2097262306936,0.0,0.0,0.0,0.0,0.0,0.0,4291.830943118806,23.971333852460518,0.0,0.0,0.0,0.0,-2.842170943040401e-14,0.0
2025-04-12 05:00:00+00:00,3,36.0,598.7374468522434,179.62123405567303,419.1162127965703,0.0,179.62123405567291,179.62123405567303,0.0,347.10141872919655,72.01479406737378,0.0,0.0,261.2672495355244,81.64601547985137,347.10141872919655,462.80189163892874,115.70047290973218,0.0,0.0,72.01479406737377,1.0802219110106066,11.853338443223372,1.4402958813474755,38.38505771769729,250.1054023428623,848.8428491951056,724.0691411744531,0.0,0.0,0.0,0.0,0.0,0.0,4291.830943118806,23.9717986385329,0.0,0.0,0.0,0.0,-5.684341886080802e-14,0.0
2025-04-12 06:00:00+00:00,3,36.0,588.9834368393235,176.69503105179706,412.2884057875264,0.0,176.69503105179697,176.69503105179706,0.0,347.1014187291966,65.1869870583298,0.0,0.0,257.01095425715937,80.31592320536231,347.10141872919655,462.80189163892874,115.70047290973218,0.0,0.0,65.1869870583298,0.977804805874947,11.716782303042493,1.303739741166596,37.75972813576901,247.77445110094754,836.7578879402711,719.8128458960881,0.0,0.0,0.0,0.0,0.0,0.0,4291.830943118806,23.97165896766209,0.0,0.0,0.0,0.0,0.0,0.0
2025-04-12 07:00:00+00:00,3,36.0,591.525695648344,177.4577086945032,414.0679869538407,0.0,177.45770869450305,177.4577086945032,0.0,347.1014187291966,66.96656822464412,0.0,0.0,258.120303555641,80.6625948611378,347.10141872919655,462.80189163892874,115.70047290973218,0.0,0.0,66.96656822464412,1.0044985233696617,11.75237392636878,1.3393313644928826,37.9227123480153,248.38198393311663,839.9076795814607,720.9221951945697,0.0,0.0,0.0,0.0,0.0,0.0,4291.830943118806,23.969704566206588,0.0,0.0,0.0,0.0,2.842170943040401e-14,0.0
2025-04-12 08:00:00+00:00,3,36.0,582.5819444444444,174.77458333333337,407.80736111111105,0.0,174.77458333333328,174.7745833333334,0.0,347.10141872919655,60.7059423819145,0.0,0.0,254.21757575757584,79.44299242424245,347.10141872919655,462.80189163892874,115.70047290973218,0.0,0.0,60.7059423819145,0.9105891357287175,11.627161409514187,1.21411884763829,37.34932845833332,246.24466318518915,828.8266076296335,717.0194673965045,0.0,0.0,0.0,0.0,0.0,0.0,4291.830943118806,23.970104965382095,0.0,0.0,0.0,0.0,-5.684341886080802e-14,0.0
2025-04-12 09:00:00+00:00,3,36.0,568.6415,170.59245,398.04904999999997,0.0,170.59244999999996,170.59244999999999,0.0,347.10141872919655,50.94763127080345,0.0,0.0,248.1344727272727,77.54202272727272,347.10141872919655,462.80189163892874,115.70047290973218,0.0,0.0,50.94763127080345,0.7642144690620517,11.431995187291966,1.018952625416069,36.45560656499999,242.91326448377498,811.5547644837749,710.9363643662015,0.0,0.0,0.0,0.0,0.0,0.0,4291.830943118806,23.9716312557495,0.0,0.0,0.0,0.0,-5.684341886080802e-14,0.0
2025-04-12 10:00:00+00:00,3,36.0,564.2147222222222,169.26441666666668,394.95030555555553,0.0,169.2644166666666,169.26441666666668,0.0,347.1014187291965,47.84888682635905,0.0,0.0,246.2027878787879,76.93837121212121,347.10141872919655,462.80189163892874,115.70047290973218,0.0,0.0,47.84888682635905,0.7177333023953857,11.370020298403078,0.956977736527181,36.17180584166665,241.8553813008457,0.0,709.0046795177166,0.0,0.0,0.0,0.0,0.0,806.070103523068,3442.1584494852696,23.971593845564854,0.0,0.0,0.0,0.0,1.1368683772161603e-13,0.0
2025-04-12 11:00:00+00:00,3,36.0,581.3411111111111,174.4023333333334,406.9387777777778,0.0,174.4023333333333,174.40233333333336,0.0,347.10141872919655,59.8373590485812,0.0,0.0,253.6761212121213,79.27378787878791,347.10141872919655,462.80189163892874,115.70047290973218,0.0,0.0,59.8373590485812,0.897560385728718,11.609789742847521,1.196747180971624,37.269778633333324,245.94813673140126,0.0,716.47801285105,0.0,0.0,0.0,0.0,0.0,827.2892478425124,2570.11901383531,23.97117713608183,0.0,0.0,0.0,0.0,2.842170943040401e-14,0.0
2025-04-12 12:00:00+00:00,3,36.0,565.8996666666667,169.7699,396.1297666666666,0.0,169.76989999999992,169.7699,0.0,347.1014187291965,49.02834793747013,0.0,0.0,246.93803636363637,77.16813636363636,347.10141872919655,462.80189163892874,115.70047290973218,0.0,0.0,49.02834793747013,0.7354252190620519,11.393609520625299,0.9805669587494026,36.27982762999998,242.25803860180525,0.0,709.7399280025651,0.0,0.0,0.0,0.0,0.0,808.157705268472,1718.2459947475,23.971659783112642,0.0,0.0,0.0,0.0,5.684341886080802e-14,0.0
2025-04-12 13:00:00+00:00,3,36.0,565.6102777777778,169.68308333333334,395.9271944444444,0.0,169.68308333333334,169.68308333333334,0.0,347.10141872919655,48.82577571524786,0.0,0.0,246.81175757575758,77.12867424242424,347.10141872919655,462.80189163892874,115.70047290973218,0.0,0.0,48.82577571524786,0.7323866357287179,11.389558076180855,0.9765155143049572,36.261274908333334,242.1888822867043,807.7991600644822,709.6136492146863,0.0,0.0,0.0,0.0,0.0,0.0,1718.2459947475,23.971191469980052,0.0,0.0,0.0,0.0,5.684341886080802e-14,0.0
2025-04-12 14:00:00+00:00,3,36.0,579.3450555555555,173.8035166666667,405.54153888888885,0.0,173.8035166666666,173.8035166666667,0.0,347.10141872919655,58.44012015969231,0.0,0.0,252.8051151515152,79.0015984848485,347.10141872919655,462.80189163892874,115.70047290973218,0.0,0.0,58.44012015969231,0.8766018023953847,11.581844965069742,1.1688024031938462,37.14181151166665,245.4711320769063,855.7207197705462,715.607006790444,0.0,0.0,0.0,0.0,30.904532138084427,0.0,1747.564608220966,23.970636344203726,0.0,0.0,0.0,0.0,-7.105427357601002e-15,0.0
2025-04-12 15:00:00+00:00,3,36.0,589.3056111111111,176.79168333333337,412.5139277777778,0.0,176.79168333333325,176.7916833333334,0.0,347.10141872919655,65.41250904858123,0.0,0.0,257.15153939393946,80.35985606060608,347.10141872919655,462.80189163892874,115.70047290973218,0.0,0.0,65.41250904858123,0.9811876357287184,11.72129274284752,1.3082501809716245,37.780382728333315,247.8514422582194,3519.049250824637,719.9534310328681,0.0,0.0,0.0,0.0,2681.892197455307,0.0,4291.830943118806,23.970872797129086,0.0,0.0,0.0,0.0,0.0,0.0
2025-04-12 16:00:00+00:00,3,36.0,579.0735555555556,173.7220666666667,405.35148888888887,0.0,173.72206666666662,173.72206666666668,0.0,347.10141872919655,58.25007015969232,0.0,0.0,252.68664242424245,78.96457575757577,347.10141872919655,462.80189163892874,115.70047290973218,0.0,0.0,58.25007015969232,0.8737510523953848,11.578043965069742,1.1650014031938465,37.12440564666665,245.4062507346336,824.4798062901891,715.4885340631712,0.0,0.0,0.0,0.0,0.0,0.0,4291.830943118806,23.967204271438785,0.0,0.0,0.0,0.0,-5.684341886080802e-14,0.0
2025-04-12 17:00:00+00:00,3,36.0,579.2900555555556,173.78701666666672,405.5030388888889,0.0,173.78701666666666,173.7870166666667,0.0,347.10141872919655,58.40162015969236,0.0,0.0,252.7811151515152,78.9940984848485,347.10141872919655,462.80189163892874,115.70047290973218,0.0,0.0,58.40162015969236,0.8760243023953853,11.581074965069744,1.1680324031938472,37.13828546166666,245.45798852690632,0.0,715.583006790444,0.0,0.0,0.0,0.0,0.0,824.7480440824619,3422.4701714289613,23.96935098735901,0.0,0.0,0.0,0.0,0.0,0.0
2025-04-12 18:00:00+00:00,3,36.0,590.6072777777778,177.18218333333337,413.4250944444444,0.0,177.18218333333334,177.18218333333337,0.0,347.10141872919655,66.32367571524784,0.0,0.0,257.71953939393944,80.53735606060607,347.10141872919655,462.80189163892874,115.70047290973218,0.0,0.0,66.32367571524784,0.9948551357287176,11.739516076180854,1.3264735143049569,37.86383257833333,248.1625062748861,0.0,720.5214310328681,0.0,0.0,0.0,0.0,0.0,838.7697840526639,2538.3291880509632,23.968147794755005,0.0,0.0,0.0,0.0,2.842170943040401e-14,0.0
2025-04-12 19:00:00+00:00,3,36.0,580.5663888888889,174.1699166666667,406.3964722222222,0.0,174.16991666666658,174.16991666666667,0.0,347.10141872919655,59.295053493025634,0.0,0.0,253.3380606060606,79.16814393939393,347.10141872919655,462.80189163892874,115.70047290973218,0.0,0.0,59.295053493025634,0.8894258023953845,11.59894363173641,1.1859010698605128,37.220111191666646,245.76299854478503,0.0,716.1399522449893,0.0,0.0,0.0,0.0,0.0,826.329387433674,1667.3015341102537,23.970295008074906,0.0,0.0,0.0,0.0,5.684341886080802e-14,0.0
2025-04-12 20:00:00+00:00,3,36.0,571.5785555555556,171.47356666666667,400.1049888888889,0.0,171.47356666666658,171.47356666666667,0.0,347.1014187291966,53.00357015969229,0.0,0.0,249.416096969697,77.94253030303031,347.10141872919655,462.80189163892874,115.70047290973218,0.0,0.0,53.00357015969229,0.7950535523953843,11.473113965069743,1.0600714031938459,36.64390119666665,243.61514333008813,0.0,712.2179886086258,0.0,0.0,0.0,0.0,0.0,815.1936988856438,808.0119265448869,23.97100728484143,0.0,0.0,0.0,0.0,1.1368683772161603e-13,0.0
2025-04-12 21:00:00+00:00,3,36.0,569.4257222222221,170.8277166666667,398.5980055555555,0.0,170.82771666666656,170.82771666666665,0.0,347.10141872919655,51.49658682635895,0.0,0.0,248.4766787878788,77.64896212121212,347.10141872919655,462.80189163892874,115.70047290973218,0.0,0.0,51.49658682635895,0.7724488023953843,11.442974298403076,1.0299317365271792,36.50588305166665,243.10067291993659,498.37767955820544,711.2785704268075,0.0,0.0,0.0,0.0,0.0,314.1487155839532,476.8701047909785,23.9726445183577,0.0,0.0,0.0,0.0,-5.684341886080802e-14,0.0
2025-04-12 22:00:00+00:00,3,36.0,572.0856666666666,171.62570000000002,400.4599666666667,0.0,171.62569999999997,171.62570000000005,0.0,347.1014187291965,53.35854793747014,0.0,0.0,249.6373818181819,78.01168181818184,347.10141872919655,462.80189163892874,115.70047290973218,0.0,0.0,53.35854793747014,0.8003782190620521,11.480213520625298,1.067170958749403,36.67641208999999,243.73632951635076,815.8219961830174,712.4392734571106,0.0,0.0,0.0,0.0,0.0,0.0,476.8701047909785,23.971218087361816,0.0,0.0,0.0,0.0,2.842170943040401e-14,0.0
2025-04-12 23:00:00+00:00,3,36.0,584.3265,175.29795000000004,409.02855,0.0,175.29794999999993,175.29795000000004,0.0,347.10141872919655,61.92713127080344,0.0,0.0,254.97883636363642,79.68088636363638,347.10141872919655,462.80189163892874,115.70047290973218,0.0,0.0,61.92713127080344,0.9289069690620516,11.651585187291966,1.238542625416069,37.46117191499998,246.6615659701386,830.9880659701386,717.7807280025652,0.0,0.0,0.0,0.0,0.0,0.0,476.8701047909785,23.968111480410546,0.0,0.0,0.0,0.0,-5.684341886080802e-14,0.0
2025-06-08 00:00:00+00:00,4,59.0,503.21705317779566,150.96511595333874,352.25193722445704,0.0,150.96511595333862,150.96511595333874,0.0,347.10141872919655,5.150518495260485,0.0,0.0,219.58562320485635,68.62050725151761,347.10141872919655,462.80189163892874,115.70047290973218,0.0,0.0,5.150518495260485,0.07725777742890727,10.516052931781106,0.1030103699052097,32.26124527922846,227.27854651959348,730.4955996973891,682.3875148437851,0.0,0.0,0.0,0.0,0.0,0.0,476.8701047909785,23.972998450767317,0.0,0.0,0.0,0.0,0.0,0.0
2025-06-08 01:00:00+00:00,4,59.0,508.7024978642294,152.61074935926882,356.0917485049605,0.0,152.61074935926874,152.61074935926882,0.0,347.10141872919655,8.990329775763954,0.0,0.0,221.9792717953001,69.36852243603128,347.10141872919655,462.80189163892874,115.70047290973218,0.0,0.0,8.990329775763954,0.1348549466364593,10.592849157391175,0.17980659551527906,32.61291713807573,228.5894231833821,737.2919210476115,684.7811634342288,0.0,0.0,0.0,0.0,0.0,0.0,476.8701047909785,23.972075869162516,0.0,0.0,0.0,0.0,0.0,0.0
2025-06-08 02:00:00+00:00,4,59.0,518.3551803462401,155.50655410387208,362.848626242368,0.0,155.506554103872,155.50655410387208,0.0,347.10141872919655,15.747207513171503,0.0,0.0,226.19135142381393,70.68479731994185,347.10141872919655,462.80189163892874,115.70047290973218,0.0,0.0,15.747207513171503,0.23620811269757253,10.727986712139327,0.31494415026343003,33.23175061199744,230.89615981677179,2088.680953861479,688.9932430627426,0.0,0.0,0.0,0.0,1339.4296136984672,0.0,1747.564608220966,23.972173486005026,0.0,0.0,0.0,0.0,-2.2737367544323206e-13,0.0
2025-06-08 03:00:00+00:00,4,59.0,525.6835253661667,157.70505760985003,367.97846775631666,0.0,157.70505760984994,157.70505760985003,0.0,347.10141872919655,20.87704902712011,0.0,0.0,229.3891747052364,71.68411709538637,347.10141872919655,462.80189163892874,115.70047290973218,0.0,0.0,20.87704902712011,0.31315573540680164,10.8305835424183,0.4175409805424022,33.70157081122493,232.64744107471103,3440.2231638961844,692.1910663441652,0.0,0.0,0.0,0.0,2681.892197455307,0.0,4291.830943118806,23.97288223778264,0.0,0.0,0.0,0.0,0.0,0.0
2025-06-08 04:00:00+00:00,4,59.0,534.9287666680926,160.4786300004278,374.4501366676648,0.0,160.47863000042773,160.4786300004278,0.0,347.10141872919655,27.34871793846827,0.0,0.0,233.4234618188041,72.94483181837629,347.10141872919655,462.80189163892874,115.70047290973218,0.0,0.0,27.34871793846827,0.410230769077024,10.960016920645263,0.5469743587693654,34.294283231091406,234.85681000769154,769.7855766757841,696.2253534577328,0.0,0.0,0.0,0.0,0.0,0.0,4291.830943118806,23.974711709511254,0.0,0.0,0.0,0.0,-5.684341886080802e-14,0.0
2025-06-08 05:00:00+00:00,4,59.0,540.3977219019893,162.11931657059677,378.2784053313924,0.0,162.1193165705967,162.11931657059677,0.0,347.1014187291966,31.17698660219577,0.0,0.0,235.80991501177712,73.69059844118036,347.10141872919655,462.80189163892874,115.70047290973218,0.0,0.0,31.17698660219577,0.4676547990329365,11.036582293919812,0.6235397320439153,34.644897951136514,236.16374612704573,776.5614680290349,698.6118066507058,0.0,0.0,0.0,0.0,0.0,0.0,4291.830943118806,23.975326180655493,0.0,0.0,0.0,0.0,-5.684341886080802e-14,0.0
2025-06-08 06:00:00+00:00,4,59.0,541.2056753058482,162.36170259175447,378.8439727140937,0.0,162.3617025917544,162.36170259175447,0.0,347.10141872919655,31.742553984897143,0.0,0.0,236.1624764970974,73.80077390534294,347.10141872919655,462.80189163892874,115.70047290973218,0.0,0.0,31.742553984897143,0.4761383097734571,11.04789364157384,0.6348510796979429,34.69669584385792,236.35682568997828,777.5625009958264,698.9643681360261,0.0,0.0,0.0,0.0,0.0,0.0,4291.830943118806,23.975796349269196,0.0,0.0,0.0,0.0,-5.684341886080802e-14,0.0
2025-06-08 07:00:00+00:00,4,59.0,553.7045480019286,166.11136440057862,387.59318360135,0.0,166.1113644005785,166.11136440057862,0.0,347.10141872919655,40.4917648721535,0.0,0.0,241.61653003720528,75.50516563662666,347.10141872919655,462.80189163892874,115.70047290973218,0.0,0.0,40.4917648721535,0.6073764730823025,11.222877859318967,0.80983529744307,35.497998572403624,239.3437267486068,793.0482747505354,704.418421676134,0.0,0.0,0.0,0.0,0.0,0.0,4291.830943118806,23.976506434768506,0.0,0.0,0.0,0.0,-5.684341886080802e-14,0.0
2025-06-08 08:00:00+00:00,4,59.0,547.4462677302226,164.23388031906683,383.2123874111558,0.0,164.23388031906669,164.23388031906683,0.0,347.10141872919655,36.110968681959264,0.0,0.0,238.88564410046084,74.65176378139401,347.10141872919655,462.80189163892874,115.70047290973218,0.0,0.0,36.110968681959264,0.541664530229389,11.135261935515082,0.7222193736391853,35.09678022418455,237.84816275469439,785.294430484917,701.6875357393895,0.0,0.0,0.0,0.0,0.0,0.0,4291.830943118806,23.97682984644871,0.0,0.0,0.0,0.0,0.0,0.0
2025-06-08 09:00:00+00:00,4,59.0,540.5846436304136,162.17539308912407,378.4092505412895,0.0,162.17539308912404,162.1753930891241,0.0,347.10141872919655,31.307831812092957,0.0,0.0,235.89148085690778,73.71608776778368,347.10141872919655,462.80189163892874,115.70047290973218,0.0,0.0,31.307831812092957,0.46961747718139435,11.039199198117757,0.6261566362418591,34.656881503145804,236.20841549220268,776.7930591226162,698.6933724958365,0.0,0.0,0.0,0.0,0.0,0.0,4291.830943118806,23.976176222609027,0.0,0.0,0.0,0.0,0.0,0.0
2025-06-08 10:00:00+00:00,4,59.0,566.867660281659,170.06029808449773,396.8073621971613,0.0,170.06029808449762,170.06029808449776,0.0,347.10141872919655,49.705943467964715,0.0,0.0,247.3604335774513,77.30013549295353,347.10141872919655,462.80189163892874,115.70047290973218,0.0,0.0,49.705943467964715,0.7455891520194707,11.407161431235192,0.9941188693592943,36.34188570065714,242.4893635559568,0.0,710.16232521638,0.0,0.0,0.0,0.0,0.0,809.3570238376159,3438.69373125812,23.974872865424988,0.0,0.0,0.0,0.0,5.684341886080802e-14,0.0
2025-06-08 11:00:00+00:00,4,59.0,564.5305113675216,169.3591534102565,395.1713579572651,0.0,169.3591534102564,169.35915341025645,0.0,347.10141872919655,48.06993922806854,0.0,0.0,246.3405867785549,76.98143336829841,347.10141872919655,462.80189163892874,115.70047290973218,0.0,0.0,48.06993922806854,0.7210490884210281,11.37444134643727,0.9613987845613707,36.19205108377179,241.93084658122206,0.0,709.1424784174836,0.0,0.0,0.0,0.0,0.0,806.4613579487436,2588.6088192479974,23.97433458482609,0.0,0.0,0.0,0.0,-5.684341886080802e-14,0.0
2025-06-08 12:00:00+00:00,4,59.0,540.3642869508682,162.10928608526046,378.2550008656077,0.0,162.1092860852604,162.10928608526046,0.0,347.10141872919655,31.15358213641116,0.0,0.0,235.7953252149243,73.68603912966384,347.10141872919655,462.80189163892874,115.70047290973218,0.0,0.0,31.15358213641116,0.4673037320461674,11.03611420460412,0.6230716427282232,34.64275443642015,236.1557560551947,0.0,698.5972168538531,0.0,0.0,0.0,0.0,0.0,776.5200430060629,1770.0848243576434,23.974696646241725,0.0,0.0,0.0,0.0,2.842170943040401e-14,0.0
2025-06-08 13:00:00+00:00,4,59.0,527.9804533885499,158.39413601656503,369.58631737198493,0.0,158.39413601656491,158.39413601656503,0.0,347.1014187291965,22.484898642788437,0.0,0.0,230.39147056954914,71.99733455298411,347.10141872919655,462.80189163892874,115.70047290973218,0.0,0.0,22.484898642788437,0.3372734796418265,10.862740534731666,0.44969797285576874,33.84882686673992,233.1963463166855,761.1767997052353,693.1933622084779,0.0,0.0,0.0,0.0,0.0,0.0,1770.0848243576434,23.976858809675935,0.0,0.0,0.0,0.0,-5.684341886080802e-14,0.0
2025-06-08 14:00:00+00:00,4,59.0,531.0079335837669,159.3023800751301,371.7055535086368,0.0,159.30238007513,159.30238007513006,0.0,347.10141872919655,24.60413477944028,0.0,0.0,231.71255283655285,72.41017276142276,347.10141872919655,462.80189163892874,115.70047290973218,0.0,0.0,24.60413477944028,0.3690620216916042,10.905125257464704,0.4920826955888056,34.04291862205528,233.91983426795534,3423.081573176636,694.5144444754816,0.0,0.0,0.0,0.0,2658.153805324914,0.0,4291.830943118806,23.976508159556438,0.0,0.0,0.0,0.0,0.0,0.0
2025-06-08 15:00:00+00:00,4,59.0,567.7710555555557,170.33131666666668,397.4397388888888,0.0,170.33131666666657,170.33131666666668,0.0,347.1014187291965,50.33832015969233,0.0,0.0,247.75464242424243,77.42332575757575,347.10141872919655,462.80189163892874,115.70047290973218,0.0,0.0,50.33832015969233,0.7550748023953849,11.419808965069743,1.0067664031938466,36.399802371666645,242.70525120963353,810.4763067651892,710.5565340631712,0.0,0.0,0.0,0.0,0.0,0.0,4291.830943118806,23.967227173173256,0.0,0.0,0.0,0.0,-2.842170943040401e-14,0.0
2025-06-08 16:00:00+00:00,4,59.0,580.5151111111111,174.15453333333338,406.3605777777778,0.0,174.15453333333323,174.15453333333335,0.0,347.10141872919655,59.25915904858125,0.0,0.0,253.31568484848492,79.16115151515154,347.10141872919655,462.80189163892874,115.70047290973218,0.0,0.0,59.25915904858125,0.8888873857287187,11.598225742847522,1.1851831809716251,37.21682377333331,245.75074450776492,826.265855618876,716.1175764874137,0.0,0.0,0.0,0.0,0.0,0.0,4291.830943118806,23.966444380031486,0.0,0.0,0.0,0.0,0.0,0.0
2025-06-08 17:00:00+00:00,4,59.0,579.8920555555555,173.96761666666671,405.9244388888888,0.0,173.96761666666663,173.96761666666671,0.0,347.1014187291966,58.82302015969219,0.0,0.0,253.04380606060613,79.07618939393942,347.10141872919655,462.80189163892874,115.70047290973218,0.0,0.0,58.82302015969219,0.8823453023953829,11.589502965069741,1.176460403193844,37.176879681666655,245.60185065599723,0.0,715.8456976995349,0.0,0.0,0.0,0.0,0.0,825.4939062115527,3421.6839637128314,23.967846079856717,0.0,0.0,0.0,0.0,-5.684341886080802e-14,0.0
2025-06-08 18:00:00+00:00,4,59.0,576.8701111111111,173.06103333333334,403.80907777777776,0.0,173.06103333333326,173.06103333333334,0.0,347.1014187291965,56.70765904858126,0.0,0.0,251.7251393939394,78.66410606060606,347.10141872919655,462.80189163892874,115.70047290973218,0.0,0.0,56.70765904858126,0.8506148857287189,11.547195742847522,1.1341531809716252,36.98314282333331,244.8796856032194,0.0,714.5270310328681,0.0,0.0,0.0,0.0,0.0,821.7497967143306,2555.483622246953,23.967199885594766,0.0,0.0,0.0,0.0,1.1368683772161603e-13,0.0
2025-06-08 19:00:00+00:00,4,59.0,577.4908333333334,173.24725,404.24358333333333,0.0,173.24724999999992,173.24725,0.0,347.10141872919655,57.14216460413674,0.0,0.0,251.996,78.74875,347.10141872919655,462.80189163892874,115.70047290973218,0.0,0.0,57.14216460413674,0.8571324690620511,11.555885853958632,1.142843292082735,37.02293732499998,245.02802184983562,0.0,714.7978916389287,0.0,0.0,0.0,0.0,0.0,822.5188551831689,1688.4726219759514,23.968644008392438,0.0,0.0,0.0,0.0,-1.7053025658242404e-13,0.0
2025-06-08 20:00:00+00:00,4,59.0,572.2821111111111,171.68463333333338,400.5974777777777,0.0,171.68463333333327,171.68463333333335,0.0,347.1014187291966,53.496059048581145,0.0,0.0,249.72310303030306,78.03846969696971,347.10141872919655,462.80189163892874,115.70047290973218,0.0,0.0,53.496059048581145,0.8024408857287172,11.48296374284752,1.069921180971623,36.689006143333316,243.78327455958305,0.0,712.5249946692318,0.0,0.0,0.0,0.0,0.0,816.0653856706944,828.2641758615748,23.96841189186603,0.0,0.0,0.0,0.0,1.7053025658242404e-13,0.0
2025-06-08 21:00:00+00:00,4,59.0,567.1717777777778,170.15153333333336,397.0202444444444,0.0,170.15153333333328,170.15153333333336,0.0,347.10141872919655,49.91882571524786,0.0,0.0,247.49313939393943,77.34160606060607,347.10141872919655,462.80189163892874,115.70047290973218,0.0,0.0,49.91882571524786,0.7487823857287179,11.411419076180854,0.9983765143049573,36.36138267333332,242.5620396198861,476.372131139014,710.2950310328681,0.0,0.0,0.0,0.0,0.0,333.36168625864997,476.8701047909785,23.96605970865241,0.0,0.0,0.0,0.0,5.684341886080802e-14,0.0
2025-06-08 22:00:00+00:00,4,59.0,561.162111111111,168.34863333333337,392.81347777777773,0.0,168.34863333333325,168.34863333333337,0.0,347.10141872919655,45.71205904858117,0.0,0.0,244.87073939393943,76.52210606060608,347.10141872919655,462.80189163892874,115.70047290973218,0.0,0.0,45.71205904858117,0.6856808857287174,11.32728374284752,0.9142411809716233,35.976102943333316,241.12588772321948,802.2879988343304,707.6726310328681,0.0,0.0,0.0,0.0,0.0,0.0,476.8701047909785,23.965037910215724,0.0,0.0,0.0,0.0,-5.684341886080802e-14,0.0
2025-06-08 23:00:00+00:00,4,59.0,560.470898779159,168.14126963374773,392.3296291454113,0.0,168.14126963374764,168.14126963374773,0.0,347.10141872919655,45.22821041621472,0.0,0.0,244.56911946726942,76.42784983352169,347.10141872919655,462.80189163892874,115.70047290973218,0.0,0.0,45.22821041621472,0.6784231562432208,11.317606770200191,0.9045642083242944,35.931789320731866,240.96070619875348,801.4316049779125,707.3710111061981,0.0,0.0,0.0,0.0,0.0,0.0,476.8701047909785,23.967845232659368,0.0,0.0,0.0,0.0,-5.684341886080802e-14,0.0
2025-07-04 00:00:00+00:00,5,66.0,526.5216296296296,157.9564888888889,368.56514074074073,0.0,157.95648888888883,157.95648888888888,0.0,347.1014187291966,21.46372201154412,0.0,0.0,229.75489292929294,71.79840404040404,347.10141872919655,462.80189163892874,115.70047290973218,0.0,0.0,21.46372201154412,0.3219558301731618,10.84231700210678,0.42927444023088246,33.75530167555554,232.84772589820255,2098.798969226299,692.5567845682217,0.0,0.0,0.0,0.0,1339.4296136984672,0.0,1747.564608220966,23.977198162250122,0.0,0.0,0.0,0.0,-2.2737367544323206e-13,0.0
2025-07-04 01:00:00+00:00,5,66.0,518.2588148148149,155.47764444444445,362.7811703703703,0.0,155.4776444444444,155.47764444444445,0.0,347.10141872919655,15.679751641173766,0.0,0.0,226.14930101010103,70.67165656565658,347.10141872919655,462.80189163892874,115.70047290973218,0.0,0.0,15.679751641173766,0.23519627461760648,10.726637594699373,0.31359503282347534,33.225572617777765,230.873130995307,749.1319458101218,688.9511926490297,0.0,0.0,0.0,0.0,0.0,0.0,1747.564608220966,23.975579579087125,0.0,0.0,0.0,0.0,-5.684341886080802e-14,0.0
2025-07-04 02:00:00+00:00,5,66.0,515.7637777777778,154.72913333333338,361.03464444444444,0.0,154.72913333333327,154.7291333333334,0.0,347.1014187291965,13.933225715247943,0.0,0.0,225.06055757575768,70.33142424242428,347.10141872919655,462.80189163892874,115.70047290973218,0.0,0.0,13.933225715247943,0.20899838572871912,10.691707076180856,0.27866451430495887,33.065615793333315,230.2768829217043,746.040660699482,687.8624492146864,0.0,0.0,0.0,0.0,0.0,0.0,1747.564608220966,23.976527820553606,0.0,0.0,0.0,0.0,-8.526512829121202e-14,0.0
2025-07-04 03:00:00+00:00,5,66.0,514.3534074074074,154.30602222222223,360.04738518518514,0.0,154.30602222222214,154.30602222222223,0.0,347.10141872919655,12.945966455988582,0.0,0.0,224.44512323232323,70.139101010101,347.10141872919655,462.80189163892874,115.70047290973218,0.0,0.0,12.945966455988582,0.19418949683982872,10.671961890995668,0.25891932911977167,32.975196948888865,229.93984158567736,744.2932489930847,687.247014871252,0.0,0.0,0.0,0.0,0.0,0.0,1747.564608220966,23.97597501417791,0.0,0.0,0.0,0.0,-5.684341886080802e-14,0.0
2025-07-04 04:00:00+00:00,5,66.0,512.960962962963,153.88828888888892,359.07267407407403,0.0,153.88828888888887,153.88828888888892,0.0,347.1014187291965,11.971255344877534,0.0,0.0,223.83751111111116,69.94922222222223,347.10141872919655,462.80189163892874,115.70047290973218,0.0,0.0,11.971255344877534,0.179568830173163,10.652467668773447,0.23942510689755067,32.88592733555555,229.60708407335414,742.568047036317,686.6394027500398,0.0,0.0,0.0,0.0,0.0,0.0,1747.564608220966,23.975173260651477,0.0,0.0,0.0,0.0,-1.1368683772161603e-13,0.0
2025-07-04 05:00:00+00:00,5,66.0,512.2279259259259,153.6683777777778,358.5595481481481,0.0,153.6683777777777,153.6683777777778,0.0,347.10141872919655,11.458129418951557,0.0,0.0,223.51764040404043,69.84926262626263,347.10141872919655,462.80189163892874,115.70047290973218,0.0,0.0,11.458129418951557,0.17187194128427336,10.642205150254927,0.22916258837903114,32.83893233111109,229.43190754702417,3423.552030928257,686.3195320429692,0.0,0.0,0.0,0.0,2681.892197455307,0.0,4291.830943118806,23.977029802459022,0.0,0.0,0.0,0.0,0.0,0.0
2025-07-04 06:00:00+00:00,5,66.0,509.16370370370373,152.74911111111112,356.41459259259256,0.0,152.749111111111,152.74911111111112,0.0,347.10141872919655,9.313173863396003,0.0,0.0,222.18052525252526,69.43141414141414,347.10141872919655,462.80189163892874,115.70047290973218,0.0,0.0,9.313173863396003,0.13969760795094002,10.599306039143817,0.18626347726792006,32.64248504444442,228.69963921995338,737.8633429236571,684.982416891454,0.0,0.0,0.0,0.0,0.0,0.0,4291.830943118806,23.97534877190777,0.0,0.0,0.0,0.0,0.0,0.0
2025-07-04 07:00:00+00:00,5,66.0,513.8430740740741,154.15292222222223,359.6901518518518,0.0,154.15292222222214,154.15292222222223,0.0,347.10141872919655,12.588733122655242,0.0,0.0,224.22243232323234,70.06951010101011,347.10141872919655,462.80189163892874,115.70047290973218,0.0,0.0,12.588733122655242,0.18883099683982862,10.664817224329001,0.25177466245310487,32.94247947888887,229.8178853732531,743.6609594473273,687.0243239621611,0.0,0.0,0.0,0.0,0.0,0.0,4291.830943118806,23.975217363151057,0.0,0.0,0.0,0.0,5.684341886080802e-14,0.0
2025-07-04 08:00:00+00:00,5,66.0,519.5250626780627,155.85751880341883,363.6675438746438,0.0,155.85751880341874,155.8575188034188,0.0,347.1014187291965,16.566125145447312,0.0,0.0,226.70184553224553,70.84432672882673,347.10141872919655,462.80189163892874,115.70047290973218,0.0,0.0,16.566125145447312,0.24849187718170967,10.744365064784843,0.33132250290894627,33.30675176829058,231.17573085172498,750.7007935297877,689.5037371711743,0.0,0.0,0.0,0.0,0.0,0.0,4291.830943118806,23.975249236666784,0.0,0.0,0.0,0.0,2.842170943040401e-14,0.0
2025-07-04 09:00:00+00:00,5,66.0,518.5402795698925,155.56208387096777,362.9781956989247,0.0,155.56208387096765,155.56208387096774,0.0,347.1014187291966,15.876776969728098,0.0,0.0,226.2721219941349,70.71003812316715,347.10141872919655,462.80189163892874,115.70047290973218,0.0,0.0,15.876776969728098,0.23815165454592147,10.730578101270458,0.31753553939456197,33.243617323225784,230.94039365133605,749.4806732212286,689.0740136330636,0.0,0.0,0.0,0.0,0.0,0.0,4291.830943118806,23.975632075696073,0.0,0.0,0.0,0.0,2.842170943040401e-14,0.0
2025-07-04 10:00:00+00:00,5,66.0,513.6327777777777,154.08983333333336,359.5429444444444,0.0,154.0898333333333,154.08983333333333,0.0,347.10141872919655,12.441525715247849,0.0,0.0,224.13066666666666,70.04083333333332,347.10141872919655,462.80189163892874,115.70047290973218,0.0,0.0,12.441525715247849,0.1866228857287177,10.661873076180854,0.24883051430495698,32.928997383333325,229.76763010261337,0.0,686.9325583055954,0.0,0.0,0.0,0.0,0.0,743.4004078803912,3508.218108985399,23.974211368456217,0.0,0.0,0.0,0.0,8.526512829121202e-14,0.0
2025-07-04 11:00:00+00:00,5,66.0,509.9001335578003,152.97004006734008,356.93009349046014,0.0,152.97004006733997,152.9700400673401,0.0,347.1014187291962,9.828674761263926,0.0,0.0,222.50187646158562,69.5318363942455,347.1014187291962,462.8018916389283,115.70047290973207,0.0,0.0,9.828674761263926,0.1474301214189589,10.609616057101166,0.19657349522527853,32.68969756239055,228.8756265401135,0.0,685.3037681005139,0.0,0.0,0.0,0.0,0.0,738.7757600979138,2729.48008164155,23.975289038740904,0.0,0.0,0.0,0.0,0.0,0.0
2025-07-04 12:00:00+00:00,5,66.0,493.0994074074074,147.92982222222224,345.16958518518516,0.0,147.9298222222222,147.92982222222227,0.0,345.1695851851854,0.0,0.0,0.0,215.1706505050506,67.2408282828283,345.1695851851854,460.22611358024716,115.05652839506179,0.0,0.0,0.0,0.0,10.355087555555556,0.0,31.612603008888883,224.2650472423345,0.0,675.3967640852977,0.0,0.0,0.0,0.0,0.0,717.3644546497419,1973.3115519289663,23.976494112683675,0.0,0.0,0.0,0.0,0.0,0.0
2025-07-04 13:00:00+00:00,5,66.0,497.39699999999993,149.21910000000003,348.1779,0.0,149.2190999999999,149.21910000000003,0.0,347.10141872919655,1.0764812708034697,0.0,0.0,217.04596363636367,67.82686363636364,347.10141872919655,462.80189163892874,115.70047290973218,0.0,0.0,1.0764812708034697,0.016147219062052045,10.434572187291966,0.021529625416069394,31.88812166999998,225.88770724786588,723.2847072478658,679.8478552752924,0.0,0.0,0.0,0.0,0.0,0.0,1973.3115519289663,23.97815323120107,0.0,0.0,0.0,0.0,-5.684341886080802e-14,0.0
2025-07-04 14:00:00+00:00,5,66.0,506.5754702842378,151.97264108527133,354.6028291989664,0.0,151.97264108527122,151.97264108527133,0.0,347.10141872919655,7.501410469769837,0.0,0.0,221.0511143058492,69.07847322057788,347.10141872919655,462.80189163892874,115.70047290973218,0.0,0.0,7.501410469769837,0.11252115704654755,10.563070771271294,0.15002820939539674,32.47655339992246,228.08111966794576,3178.5906150944575,683.8530059447779,0.0,0.0,0.0,0.0,2443.934025142274,0.0,4291.830943118806,23.980113763099432,0.0,0.0,0.0,0.0,0.0,0.0
2025-07-04 15:00:00+00:00,5,66.0,513.930962962963,154.1792888888889,359.75167407407406,0.0,154.17928888888883,154.17928888888892,0.0,347.10141872919655,12.650255344877507,0.0,0.0,224.26078383838387,70.08149494949495,347.10141872919655,462.80189163892874,115.70047290973218,0.0,0.0,12.650255344877507,0.1897538301731626,10.666047668773446,0.2530051068975502,32.94811403555554,229.8388885006268,743.7698514635898,687.0626754773126,0.0,0.0,0.0,0.0,0.0,0.0,4291.830943118806,23.97969704775745,0.0,0.0,0.0,0.0,0.0,0.0
2025-07-04 16:00:00+00:00,5,66.0,515.5814444444445,154.67443333333335,360.90701111111105,0.0,154.6744333333333,154.67443333333335,0.0,347.10141872919655,13.805592381914494,0.0,0.0,224.98099393939398,70.30656060606061,347.10141872919655,462.80189163892874,115.70047290973218,0.0,0.0,13.805592381914494,0.2070838857287174,10.689154409514186,0.2761118476382899,33.05392640333332,230.2333100620073,0.0,687.7828855783227,0.0,0.0,0.0,0.0,0.0,745.814754506452,3505.673164185567,23.980517867385924,0.0,0.0,0.0,0.0,1.9895196601282805e-13,0.0
2025-07-04 17:00:00+00:00,5,66.0,515.5985833333333,154.67957500000003,360.9190083333333,0.0,154.67957499999994,154.67957500000003,0.0,347.10141872919655,13.817589604136742,0.0,0.0,224.98847272727278,70.30889772727275,347.10141872919655,462.80189163892874,115.70047290973218,0.0,0.0,13.817589604136742,0.20726384406205112,10.689394353958631,0.27635179208273486,33.05502517749998,230.2374058046083,0.0,687.7903643662015,0.0,0.0,0.0,0.0,0.0,745.8359891379415,2719.493001985401,23.97959694305168,0.0,0.0,0.0,0.0,-8.526512829121202e-14,0.0
2025-07-04 18:00:00+00:00,5,66.0,560.2729444444444,168.08188333333337,392.1910611111111,0.0,168.08188333333325,168.08188333333337,0.0,347.1014187291965,45.08964238191459,0.0,0.0,244.48273939393945,76.40085606060607,347.10141872919655,462.80189163892874,115.70047290973218,0.0,0.0,45.08964238191459,0.6763446357287187,11.314835409514188,0.9017928476382917,35.91909846833331,240.91340033155277,0.0,707.2846310328682,0.0,0.0,0.0,0.0,0.0,801.1863447759973,1874.9684420797018,23.979796978605712,0.0,0.0,0.0,0.0,1.4210854715202004e-13,0.0
2025-07-04 19:00:00+00:00,5,66.0,556.3824999999999,166.91475000000003,389.46774999999997,0.0,166.91474999999997,166.91475000000003,0.0,347.1014187291966,42.36633127080336,0.0,0.0,242.78509090909094,75.87034090909091,347.10141872919655,462.80189163892874,115.70047290973218,0.0,0.0,42.36633127080336,0.6354949690620504,11.260369187291964,0.8473266254160672,35.66968207499999,239.98368667559316,0.0,705.5869825480197,0.0,0.0,0.0,0.0,0.0,796.3661866755932,1035.5247749337987,23.98023445408238,0.0,0.0,0.0,0.0,1.1368683772161603e-13,0.0
2025-07-04 20:00:00+00:00,5,66.0,514.8611666666666,154.45835000000002,360.4028166666667,0.0,154.45834999999994,154.45835000000002,0.0,347.10141872919655,13.30139793747011,0.0,0.0,224.66669090909093,70.20834090909092,347.10141872919655,462.80189163892874,115.70047290973218,0.0,0.0,13.30139793747011,0.19952096906205163,10.679070520625299,0.2660279587494022,33.00774939499998,230.06118266225982,214.93599438651393,687.4685825480196,0.0,0.0,0.0,0.0,0.0,529.9863549424125,476.8701047909785,23.9800029212034,0.0,0.0,0.0,0.0,2.842170943040401e-14,0.0
2025-07-04 21:00:00+00:00,5,66.0,500.338,150.1014,350.2366,0.0,150.10139999999993,150.1014,0.0,347.1014187291966,3.1351812708034004,0.0,0.0,218.3293090909091,68.2279090909091,347.10141872919655,462.80189163892874,115.70047290973218,0.0,0.0,3.1351812708034004,0.047027719062051006,10.475746187291964,0.06270362541606801,32.07666917999998,226.59052871241138,726.9285287124113,681.1312007298378,0.0,0.0,0.0,0.0,0.0,0.0,476.8701047909785,23.97966706728302,0.0,0.0,0.0,0.0,-8.526512829121202e-14,0.0
2025-07-04 22:00:00+00:00,5,66.0,495.62995568920576,148.6889867067617,346.94096898244396,0.0,148.68898670676163,148.6889867067617,0.0,346.9409689824442,0.0,0.0,0.0,216.27488975528976,67.58590304852805,346.9409689824442,462.5879586432589,115.64698966081473,0.0,0.0,0.0,0.0,10.408229069473322,0.0,31.774836459234958,225.41595823805105,721.0459139272568,678.8628483985486,0.0,0.0,0.0,0.0,0.0,0.0,476.8701047909785,23.979124017376545,0.0,0.0,0.0,0.0,2.842170943040401e-14,0.0
2025-07-04 23:00:00+00:00,5,66.0,493.1413888888889,147.9424166666667,345.1989722222222,0.0,147.94241666666662,147.9424166666667,0.0,345.1989722222223,0.0,0.0,0.0,215.18896969696974,67.24655303030305,345.1989722222223,460.2652962962964,115.0663240740741,0.0,0.0,0.0,0.0,10.355969166666668,0.0,31.615294441666652,224.2841407127105,717.4255296015994,675.4542659932662,0.0,0.0,0.0,0.0,0.0,0.0,476.8701047909785,23.978598452028155,0.0,0.0,0.0,0.0,-5.684341886080802e-14,0.0
2025-09-25 00:00:00+00:00,6,37.0,525.5984074074073,157.67952222222223,367.91888518518516,0.0,157.67952222222218,157.67952222222223,0.0,347.10141872919655,20.817466455988598,0.0,0.0,229.35203232323238,71.67251010101012,347.10141872919655,462.80189163892874,115.70047290973218,0.0,0.0,20.817466455988598,0.31226199683982897,10.82939189099567,0.41634932911977196,33.696113898888875,232.62710012658647,758.2255075339937,692.1539239621611,0.0,0.0,0.0,0.0,0.0,0.0,476.8701047909785,23.966170457699345,0.0,0.0,0.0,0.0,-1.1368683772161603e-13,0.0
2025-09-25 01:00:00+00:00,6,37.0,509.55065358198027,152.8651960745941,356.68545750738616,0.0,152.86519607459405,152.8651960745941,0.0,347.1014187291965,9.584038778189665,0.0,0.0,222.34937610850054,69.48418003390641,347.10141872919655,462.80189163892874,115.70047290973218,0.0,0.0,9.584038778189665,0.14376058167284497,10.60472333743969,0.19168077556379332,32.66729240114075,228.79211003945565,738.3427636214359,685.1512677474293,0.0,0.0,0.0,0.0,0.0,0.0,476.8701047909785,23.967798705899842,0.0,0.0,0.0,0.0,-2.842170943040401e-14,0.0
2025-09-25 02:00:00+00:00,6,37.0,503.3700067927336,151.01100203782008,352.3590047549134,0.0,151.01100203782,151.01100203782008,0.0,347.1014187291965,5.2575860257169325,0.0,0.0,219.65236660046557,68.64136456264549,347.10141872919655,462.80189163892874,115.70047290973218,0.0,0.0,5.2575860257169325,0.07886379038575399,10.518194282390235,0.10515172051433865,32.27105113548213,227.31509840115012,2070.114718892351,682.4542582393943,0.0,0.0,0.0,0.0,1339.4296136984672,0.0,1747.564608220966,23.96705787827691,0.0,0.0,0.0,0.0,0.0,0.0
2025-09-25 03:00:00+00:00,6,37.0,507.50751851851857,152.2522555555556,355.25526296296295,0.0,152.2522555555555,152.2522555555556,0.0,347.1014187291966,8.153844233766335,0.0,0.0,221.45782626262633,69.20557070707073,347.10141872919655,462.80189163892874,115.70047290973218,0.0,0.0,8.153844233766335,0.12230766350649502,10.576119446551223,0.16307688467532672,32.53630701222221,228.30385462375816,3417.7035705975836,684.2597179015551,0.0,0.0,0.0,0.0,2681.892197455307,0.0,4291.830943118806,23.966018838735987,0.0,0.0,0.0,0.0,0.0,0.0
2025-09-25 04:00:00+00:00,6,37.0,506.67477777777776,152.00243333333336,354.6723444444444,0.0,152.0024333333333,152.00243333333339,0.0,347.10141872919655,7.570925715247824,0.0,0.0,221.09444848484856,69.09201515151517,347.10141872919655,462.80189163892874,115.70047290973218,0.0,0.0,7.570925715247824,0.11356388572871737,10.564461076180853,0.15141851430495648,32.48292000333333,228.10485154079524,734.7796293185729,683.8963401237772,0.0,0.0,0.0,0.0,0.0,0.0,4291.830943118806,23.968983371583985,0.0,0.0,0.0,0.0,-8.526512829121202e-14,0.0
2025-09-25 05:00:00+00:00,6,37.0,516.2570747984395,154.8771224395319,361.37995235890764,0.0,154.87712243953183,154.8771224395319,0.0,347.10141872919655,14.278533629711092,0.0,0.0,225.27581445750093,70.39869201796904,347.10141872919655,462.80189163892874,115.70047290973218,0.0,0.0,14.278533629711092,0.21417800444566637,10.698613234470118,0.28557067259422186,33.09724106532794,230.39476790453918,746.6518427029786,688.0777060964297,0.0,0.0,0.0,0.0,0.0,0.0,4291.830943118806,23.96838661249067,0.0,0.0,0.0,0.0,-8.526512829121202e-14,0.0
2025-09-25 06:00:00+00:00,6,37.0,524.6416293751469,157.39248881254406,367.24914056260275,0.0,157.39248881254397,157.39248881254406,0.0,347.10141872919655,20.147721833406194,0.0,0.0,228.9345291818823,71.54204036933822,347.10141872919655,462.80189163892874,115.70047290973218,0.0,0.0,20.147721833406194,0.3022158275010929,10.815996998544021,0.4029544366681239,33.63477485924064,232.39845540102428,757.0400847761712,691.7364208208111,0.0,0.0,0.0,0.0,0.0,0.0,4291.830943118806,23.96945154884948,0.0,0.0,0.0,0.0,2.842170943040401e-14,0.0
2025-09-25 07:00:00+00:00,6,37.0,532.3385185185185,159.7015555555556,372.63696296296297,0.0,159.70155555555547,159.70155555555556,0.0,347.10141872919655,25.535544233766416,0.0,0.0,232.29317171717176,72.59161616161617,347.10141872919655,462.80189163892874,115.70047290973218,0.0,0.0,25.535544233766416,0.38303316350649624,10.923753446551226,0.5107108846753283,34.1282224222222,234.23780898830358,766.576327506822,695.0950633561005,0.0,0.0,0.0,0.0,0.0,0.0,4291.830943118806,23.970001280210234,0.0,0.0,0.0,0.0,-5.684341886080802e-14,0.0
2025-09-25 08:00:00+00:00,6,37.0,533.328037037037,159.99841111111115,373.32962592592594,0.0,159.99841111111107,159.99841111111112,0.0,347.1014187291966,26.22820719672933,0.0,0.0,232.72496161616164,72.72655050505051,347.10141872919655,462.80189163892874,115.70047290973218,0.0,0.0,26.22820719672933,0.39342310795093993,10.937606705810483,0.5245641439345866,34.19166045444443,234.47427782692313,767.8023148639602,695.5268532550904,0.0,0.0,0.0,0.0,0.0,0.0,4291.830943118806,23.970643760188263,0.0,0.0,0.0,0.0,5.684341886080802e-14,0.0
2025-09-25 09:00:00+00:00,6,37.0,530.6100648148148,159.18301944444448,371.42704537037037,0.0,159.18301944444437,159.18301944444445,0.0,347.1014187291966,24.325626641173756,0.0,0.0,231.53893737373738,72.35591792929293,347.10141872919655,462.80189163892874,115.70047290973218,0.0,0.0,24.325626641173756,0.3648843996176063,10.899555094699371,0.4865125328234751,34.01741125527776,233.8247541214433,764.4348189362581,694.3408290126661,0.0,0.0,0.0,0.0,0.0,0.0,4291.830943118806,23.968296933314864,0.0,0.0,0.0,0.0,2.842170943040401e-14,0.0
2025-09-25 10:00:00+00:00,6,37.0,533.984505050505,160.19535151515154,373.78915353535353,0.0,160.19535151515146,160.19535151515154,0.0,347.10141872919655,26.687734806156982,0.0,0.0,233.01142038567497,72.81606887052342,347.10141872919655,462.80189163892874,115.70047290973218,0.0,0.0,26.687734806156982,0.40031602209235473,10.946797257999037,0.5337546961231396,34.23374661878786,234.631156375258,0.0,695.8133120246036,0.0,0.0,0.0,0.0,0.0,768.615661425763,3481.6388979913954,23.96988334838234,0.0,0.0,0.0,0.0,0.0,0.0
2025-09-25 11:00:00+00:00,6,37.0,540.3118148148147,162.09354444444446,378.21827037037036,0.0,162.0935444444444,162.0935444444445,0.0,347.10141872919655,31.11685164117381,0.0,0.0,235.77242828282834,73.67888383838385,347.10141872919655,462.80189163892874,115.70047290973218,0.0,0.0,31.11685164117381,0.4667527746176071,11.035379594699373,0.6223370328234762,34.639390447777764,236.14321659803426,0.0,698.574319921757,0.0,0.0,0.0,0.0,0.0,776.4550314128489,2663.183431337332,23.967802050217767,0.0,0.0,0.0,0.0,-5.684341886080802e-14,0.0
2025-09-25 12:00:00+00:00,6,37.0,534.6248526658527,160.38745579975583,374.23739686609684,0.0,160.38745579975574,160.3874557997558,0.0,347.10141872919655,27.13597813690029,0.0,0.0,233.29084479964484,72.90338899988902,347.10141872919655,462.80189163892874,115.70047290973218,0.0,0.0,27.13597813690029,0.4070396720535044,10.955762124613903,0.5427195627380058,34.2747993044078,234.7841825734344,0.0,696.0927364385736,0.0,0.0,0.0,0.0,0.0,769.4090352392872,1852.1550967810308,23.96695513248462,0.0,0.0,0.0,0.0,5.684341886080802e-14,0.0
2025-09-25 13:00:00+00:00,6,37.0,527.5269499499499,158.258084984985,369.26886496496496,0.0,158.258084984985,158.258084984985,0.0,347.10141872919655,22.16744623576841,0.0,0.0,230.1935781599782,71.93549317499318,347.10141872919655,462.80189163892874,115.70047290973218,0.0,0.0,22.16744623576841,0.3325116935365261,10.856391486591265,0.4433489247153682,33.81975276129129,233.0879709508598,760.6149209008097,692.9954697989069,0.0,0.0,0.0,0.0,0.0,0.0,1852.1550967810308,23.96664051453609,0.0,0.0,0.0,0.0,0.0,0.0
2025-09-25 14:00:00+00:00,6,37.0,524.6788627065225,157.4036588119568,367.27520389456583,0.0,157.40365881195675,157.4036588119568,0.0,347.1014187291966,20.173785165369225,0.0,0.0,228.95077645375534,71.54711764179854,347.10141872919655,462.80189163892874,115.70047290973218,0.0,0.0,20.173785165369225,0.3026067774805384,10.816518265183282,0.4034757033073845,33.63716188811515,232.40735318561707,3328.7303582009167,691.7526680926841,0.0,0.0,0.0,0.0,2571.644142308777,0.0,4291.830943118806,23.964037737311816,0.0,0.0,0.0,0.0,0.0,0.0
2025-09-25 15:00:00+00:00,6,37.0,525.3372222222223,157.6011666666667,367.7360555555555,0.0,157.60116666666661,157.6011666666667,0.0,347.10141872919655,20.63463682635893,0.0,0.0,229.23806060606066,71.63689393939396,347.10141872919655,462.80189163892874,115.70047290973218,0.0,0.0,20.63463682635893,0.3095195523953839,10.825735298403076,0.4126927365271786,33.67936931666665,232.56468375311846,757.9019059753407,692.0399522449894,0.0,0.0,0.0,0.0,0.0,0.0,4291.830943118806,23.966470392965633,0.0,0.0,0.0,0.0,-5.684341886080802e-14,0.0
2025-09-25 16:00:00+00:00,6,37.0,525.4341851851851,157.63025555555558,367.80392962962964,0.0,157.63025555555552,157.63025555555558,0.0,347.10141872919655,20.702510900433083,0.0,0.0,229.2803717171718,71.65011616161618,347.10141872919655,462.80189163892874,115.70047290973218,0.0,0.0,20.702510900433083,0.31053766350649625,10.827092779884559,0.4140502180086617,33.68558561222221,232.5878553449703,758.0220405301554,692.0822633561005,0.0,0.0,0.0,0.0,0.0,0.0,4291.830943118806,23.96603748630819,0.0,0.0,0.0,0.0,0.0,0.0
2025-09-25 17:00:00+00:00,6,37.0,529.1088148148148,158.73264444444447,370.37617037037035,0.0,158.73264444444442,158.73264444444447,0.0,347.1014187291966,23.274751641173737,0.0,0.0,230.8838464646465,72.15120202020204,347.10141872919655,462.80189163892874,115.70047290973218,0.0,0.0,23.274751641173737,0.34912127461760606,10.878537594699372,0.46549503282347476,33.92116611777777,233.46599494985242,0.0,693.6857381035752,0.0,0.0,0.0,0.0,0.0,762.5748097646674,3488.0065147434866,23.9654643376687,0.0,0.0,0.0,0.0,2.2737367544323206e-13,0.0
2025-09-25 18:00:00+00:00,6,37.0,540.3569132996633,162.10707398989902,378.2498393097643,0.0,162.1070739898989,162.107073989899,0.0,347.10141872919655,31.148420580567745,0.0,0.0,235.7921076216713,73.68503363177228,347.10141872919655,462.80189163892874,115.70047290973218,0.0,0.0,31.148420580567745,0.46722630870851617,11.036010973487253,0.6229684116113549,34.642281711641395,236.15399394695302,0.0,698.5939992606001,0.0,0.0,0.0,0.0,0.0,776.5109072466163,2669.4921497891346,23.96542558538015,0.0,0.0,0.0,0.0,-8.526512829121202e-14,0.0
2025-09-25 19:00:00+00:00,6,37.0,544.1205185185185,163.23615555555557,380.88436296296294,0.0,163.2361555555555,163.23615555555557,0.0,347.1014187291966,33.78294423376633,0.0,0.0,237.4344080808081,74.19825252525254,347.10141872919655,462.80189163892874,115.70047290973218,0.0,0.0,33.78294423376633,0.5067441635064949,11.088701446551223,0.6756588846753266,34.88356644222221,237.05339637193998,0.0,700.2362997197368,0.0,0.0,0.0,0.0,0.0,781.1739148904585,1846.0625432010106,23.966376970080997,0.0,0.0,0.0,0.0,5.684341886080802e-14,0.0
2025-09-25 20:00:00+00:00,6,37.0,546.8698914141414,164.06096742424245,382.808923989899,0.0,164.06096742424236,164.06096742424242,0.0,347.10141872919655,35.70750526070242,0.0,0.0,238.6341344352617,74.57316701101928,347.10141872919655,462.80189163892874,115.70047290973218,0.0,0.0,35.70750526070242,0.5356125789105363,11.127192667089945,0.7141501052140484,35.05982873856059,237.7104240105266,0.0,701.4360260741904,0.0,0.0,0.0,0.0,0.0,784.580315424668,1019.0422751759145,23.96480359772495,0.0,0.0,0.0,0.0,0.0,0.0
2025-09-25 21:00:00+00:00,6,37.0,534.2805555555556,160.2841666666667,373.9963888888889,0.0,160.28416666666666,160.2841666666667,0.0,347.1014187291966,26.894970159692264,0.0,0.0,233.1406060606061,72.85643939393941,347.10141872919655,462.80189163892874,115.70047290973218,0.0,0.0,26.894970159692264,0.40342455239538394,10.950941965069742,0.5378994031938453,34.25272641666666,234.70190464099724,254.63277748456653,695.9424976995349,0.0,0.0,0.0,0.0,0.0,514.3496827119861,476.8701047909785,23.965020276506625,0.0,0.0,0.0,0.0,-1.4210854715202004e-13,0.0
2025-09-25 22:00:00+00:00,6,37.0,544.7100068514603,163.4130020554381,381.2970047960222,0.0,163.41300205543806,163.4130020554381,0.0,347.10141872919655,34.19558606682567,0.0,0.0,237.69163935336454,74.27863729792642,347.10141872919655,462.80189163892874,115.70047290973218,0.0,0.0,34.19558606682567,0.512933791002385,11.09695428321241,0.6839117213365133,34.92135853924711,237.194268542457,781.9042753939174,700.4935309922932,0.0,0.0,0.0,0.0,0.0,0.0,476.8701047909785,23.965508567591268,0.0,0.0,0.0,0.0,5.684341886080802e-14,0.0
2025-09-25 23:00:00+00:00,6,37.0,546.5778888888889,163.9733666666667,382.6045222222222,0.0,163.97336666666664,163.9733666666667,0.0,347.1014187291966,35.503103493025584,0.0,0.0,238.50671515151518,74.53334848484849,347.10141872919655,462.80189163892874,115.70047290973218,0.0,0.0,35.503103493025584,0.5325465523953837,11.123104631736409,0.7100620698605117,35.041108456666656,237.6406431052396,784.2185319941285,701.308606790444,0.0,0.0,0.0,0.0,0.0,0.0,476.8701047909785,23.965332170358693,0.0,0.0,0.0,0.0,2.842170943040401e-14,0.0
2025-10-22 00:00:00+00:00,7,30.0,470.29415025252524,141.08824507575758,329.20590517676766,0.0,141.0882450757575,141.0882450757576,0.0,329.2059051767678,0.0,0.0,0.0,205.21926556473835,64.13102048898074,329.2059051767678,438.94120690235707,109.73530172558927,0.0,0.0,0.0,0.0,9.876177155303031,0.0,30.150557972689374,213.8930573425624,684.1872075950877,644.1604724670954,0.0,0.0,0.0,0.0,0.0,0.0,476.8701047909785,23.967620597842245,0.0,0.0,0.0,0.0,2.842170943040401e-14,0.0
2025-10-22 01:00:00+00:00,7,30.0,467.4895,140.24685000000002,327.24264999999997,0.0,140.24684999999994,140.24685000000002,0.0,327.2426500000001,0.0,0.0,0.0,203.99541818181822,63.74856818181819,327.2426500000001,436.32353333333344,109.08088333333336,0.0,0.0,0.0,0.0,9.817279500000001,0.0,29.970751844999985,212.61748286015157,680.1069828601516,640.3189515151516,0.0,0.0,0.0,0.0,0.0,0.0,476.8701047909785,23.968063399422192,0.0,0.0,0.0,0.0,-2.842170943040401e-14,0.0
2025-10-22 02:00:00+00:00,7,30.0,467.7899444444445,140.33698333333334,327.4529611111111,0.0,140.33698333333328,140.33698333333336,0.0,327.45296111111134,0.0,0.0,0.0,204.12652121212125,63.78953787878789,327.4529611111113,436.60394814814833,109.15098703703708,0.0,0.0,0.0,0.0,9.823588833333334,0.0,29.99001333833332,212.7541270874916,2019.9736852304031,640.7304693602696,0.0,0.0,0.0,0.0,1339.4296136984672,0.0,1747.564608220966,23.967999305850398,0.0,0.0,0.0,0.0,0.0,0.0
2025-10-22 03:00:00+00:00,7,30.0,466.82655555555556,140.0479666666667,326.77858888888886,0.0,140.04796666666664,140.0479666666667,0.0,326.7785888888891,0.0,0.0,0.0,203.70613333333338,63.65816666666668,326.77858888888903,435.70478518518536,108.92619629629634,0.0,0.0,0.0,0.0,9.803357666666667,0.0,29.92825047666666,212.31597110629633,3361.0347241171585,639.4109185185188,0.0,0.0,0.0,0.0,2681.892197455307,0.0,4291.830943118806,23.96838856336299,0.0,0.0,0.0,0.0,0.0,0.0
2025-10-22 04:00:00+00:00,7,30.0,480.58329292929295,144.1749878787879,336.408305050505,0.0,144.17498787878782,144.17498787878787,0.0,336.40830505050525,0.0,0.0,0.0,209.7090732782369,65.53408539944903,336.40830505050525,448.544406734007,112.13610168350175,0.0,0.0,0.0,0.0,10.092249151515153,0.0,30.810194909696953,218.57263114416287,699.1559240734558,658.2534800122439,0.0,0.0,0.0,0.0,0.0,0.0,4291.830943118806,23.96663480853919,0.0,0.0,0.0,0.0,0.0,0.0
2025-10-22 05:00:00+00:00,7,30.0,471.1395555555555,141.34186666666668,329.7976888888889,0.0,141.3418666666666,141.34186666666668,0.0,329.79768888888907,0.0,0.0,0.0,205.58816969696971,64.24630303030304,329.79768888888907,439.7302518518521,109.93256296296302,0.0,0.0,0.0,0.0,9.89393066666667,0.0,30.204756906666645,214.2775535665994,685.4171091221548,645.3184215488218,0.0,0.0,0.0,0.0,0.0,0.0,4291.830943118806,23.967164225151446,0.0,0.0,0.0,0.0,-1.1368683772161603e-13,0.0
2025-10-22 06:00:00+00:00,7,30.0,460.92583333333334,138.27775000000003,322.6480833333333,0.0,138.27774999999997,138.27775000000003,0.0,322.6480833333335,0.0,0.0,0.0,201.13127272727277,62.85352272727274,322.6480833333335,430.1974444444446,107.54936111111115,0.0,0.0,0.0,0.0,9.679442500000002,0.0,29.549955174999994,209.63228151338387,670.5581148467172,631.3287171717174,0.0,0.0,0.0,0.0,0.0,0.0,4291.830943118806,23.96695842434216,0.0,0.0,0.0,0.0,0.0,0.0
2025-10-22 07:00:00+00:00,7,30.0,448.2207222222222,134.46621666666667,313.75450555555557,0.0,134.46621666666658,134.46621666666667,0.0,313.7545055555558,0.0,0.0,0.0,195.58722424242424,61.121007575757574,313.7545055555558,418.339340740741,104.58483518518526,0.0,0.0,0.0,0.0,9.41263516666667,0.0,28.73543050166665,203.85390842927615,652.0746306514983,613.9265649831652,0.0,0.0,0.0,0.0,0.0,0.0,4291.830943118806,23.96971890812842,0.0,0.0,0.0,0.0,-5.684341886080802e-14,0.0
2025-10-22 08:00:00+00:00,7,30.0,469.5551691919193,140.86655075757577,328.68861843434337,0.0,140.8665507575757,140.86655075757577,0.0,328.6886184343434,0.0,0.0,0.0,204.8968011019284,64.03025034435262,328.6886184343435,438.25149124579127,109.56287281144782,0.0,0.0,0.0,0.0,9.860658553030303,0.0,30.10318189689393,213.55696360572466,683.1121327976439,643.1482923477197,0.0,0.0,0.0,0.0,0.0,0.0,4291.830943118806,23.96891488754166,0.0,0.0,0.0,0.0,-5.684341886080802e-14,0.0
2025-10-22 09:00:00+00:00,7,30.0,488.89444444444445,146.66833333333335,342.2261111111111,0.0,146.66833333333335,146.66833333333335,0.0,342.2261111111113,0.0,0.0,0.0,213.3357575757576,66.66742424242426,342.22611111111127,456.3014814814817,114.07537037037042,0.0,0.0,0.0,0.0,10.266783333333333,0.0,31.34302283333333,222.35260077946134,711.2470452239058,669.6372390572393,0.0,0.0,0.0,0.0,0.0,0.0,4291.830943118806,23.96877656828059,0.0,0.0,0.0,0.0,5.684341886080802e-14,0.0
2025-10-22 10:00:00+00:00,7,30.0,479.7498888888889,143.92496666666668,335.8249222222222,0.0,143.92496666666662,143.9249666666667,0.0,335.8249222222224,0.0,0.0,0.0,209.3454060606061,65.4204393939394,335.8249222222224,447.76656296296323,111.94164074074081,0.0,0.0,0.0,0.0,10.074747666666669,0.0,30.756765376666653,218.19359317801354,0.0,657.1119690235694,0.0,0.0,0.0,0.0,0.0,697.9434820669023,3556.1339159853746,23.969597949537025,0.0,0.0,0.0,0.0,-1.1368683772161603e-13,0.0
2025-10-22 11:00:00+00:00,7,30.0,486.99947222222227,146.0998416666667,340.8996305555555,0.0,146.0998416666666,146.0998416666667,0.0,340.8996305555557,0.0,0.0,0.0,212.50886060606064,66.40901893939395,340.8996305555557,454.5328407407409,113.63321018518522,0.0,0.0,0.0,0.0,10.226988916666667,0.0,31.221536164166654,221.4907542054125,0.0,667.0417013468016,0.0,0.0,0.0,0.0,0.0,708.4902264276348,2809.3196441587925,23.96907168964415,0.0,0.0,0.0,0.0,0.0,0.0
2025-10-22 12:00:00+00:00,7,30.0,485.4934330808081,145.64802992424245,339.8454031565656,0.0,145.64802992424234,145.64802992424242,0.0,339.8454031565658,0.0,0.0,0.0,211.85167988980717,66.20364996556474,339.84540315656585,453.12720420875445,113.28180105218861,0.0,0.0,0.0,0.0,10.195362094696971,0.0,31.124983994810588,220.8057971072609,0.0,664.9788840985616,0.0,0.0,0.0,0.0,0.0,706.2992301880689,2064.8148851528413,23.97000802651815,0.0,0.0,0.0,0.0,-5.684341886080802e-14,0.0
2025-10-22 13:00:00+00:00,7,30.0,475.0838594771242,142.52515784313726,332.55870163398686,0.0,142.5251578431372,142.52515784313726,0.0,332.558701633987,0.0,0.0,0.0,207.30932049910874,64.78416265597149,332.558701633987,443.41160217864933,110.85290054466233,0.0,0.0,0.0,0.0,9.976761049019608,0.0,30.45762623107842,216.07145048073184,691.155309957856,650.720922677758,0.0,0.0,0.0,0.0,0.0,0.0,2064.8148851528413,23.97206498595763,0.0,0.0,0.0,0.0,2.842170943040401e-14,0.0
2025-10-22 14:00:00+00:00,7,30.0,475.7269444444445,142.71808333333334,333.00886111111106,0.0,142.71808333333325,142.71808333333334,0.0,333.0088611111113,0.0,0.0,0.0,207.5899393939394,64.87185606060606,333.00886111111134,444.0118148148151,111.00295370370378,0.0,0.0,0.0,0.0,9.990265833333336,0.0,30.498854408333315,216.3639300059765,3002.140731913425,651.6017542087545,0.0,0.0,0.0,0.0,2310.049857463004,0.0,4256.3206025919635,23.972432065688977,0.0,0.0,0.0,0.0,-4.547473508864641e-13,0.0
2025-10-22 15:00:00+00:00,7,30.0,459.1575,137.74725,321.41024999999996,0.0,137.7472499999999,137.74725,0.0,321.41025000000013,0.0,0.0,0.0,200.35963636363638,62.61238636363637,321.4102500000002,428.54700000000025,107.13675000000006,0.0,0.0,0.0,0.0,9.642307500000001,0.0,29.436587324999977,208.8280311886364,667.9855311886364,628.9066363636366,0.0,0.0,0.0,0.0,0.0,0.0,4256.3206025919635,23.9726169825462,0.0,0.0,0.0,0.0,-2.842170943040401e-14,0.0
2025-10-22 16:00:00+00:00,7,30.0,484.42485353535346,145.3274560606061,339.0973974747474,0.0,145.327456060606,145.32745606060607,0.0,339.09739747474765,0.0,0.0,0.0,211.38539063360884,66.05793457300277,339.09739747474765,452.1298632996635,113.03246582491587,0.0,0.0,0.0,0.0,10.172921924242425,0.0,31.0564773601515,220.31979968231255,704.744653217666,663.5152539332723,0.0,0.0,0.0,0.0,0.0,0.0,4256.3206025919635,23.96505226616445,0.0,0.0,0.0,0.0,2.842170943040401e-14,0.0
2025-10-22 17:00:00+00:00,7,30.0,481.93544444444444,144.58063333333337,337.3548111111111,0.0,144.58063333333325,144.58063333333337,0.0,337.3548111111113,0.0,0.0,0.0,210.2991030303031,65.71846969696972,337.3548111111113,449.80641481481507,112.45160370370377,0.0,0.0,0.0,0.0,10.120644333333335,0.0,30.896881343333316,219.18759907734014,0.0,660.1055178451181,0.0,0.0,0.0,0.0,0.0,701.1230435217846,3517.2720234058966,23.966752298338783,0.0,0.0,0.0,0.0,-2.842170943040401e-14,0.0
2025-10-22 18:00:00+00:00,7,30.0,470.80477777777776,141.24143333333336,329.5633444444444,0.0,141.2414333333333,141.24143333333336,0.0,329.5633444444445,0.0,0.0,0.0,205.44208484848488,64.20065151515152,329.56334444444457,439.4177925925927,109.85444814814818,0.0,0.0,0.0,0.0,9.886900333333335,0.0,30.183294303333327,214.12529429996636,0.0,644.8598774410776,0.0,0.0,0.0,0.0,0.0,684.9300720777442,2795.2923348362406,23.969023841566273,0.0,0.0,0.0,0.0,5.684341886080802e-14,0.0
2025-10-22 19:00:00+00:00,7,30.0,445.965111111111,133.78953333333334,312.1755777777778,0.0,133.78953333333328,133.7895333333333,0.0,312.175577777778,0.0,0.0,0.0,194.60295757575759,60.81342424242425,312.17557777777796,416.2341037037039,104.05852592592598,0.0,0.0,0.0,0.0,9.365267333333335,0.0,28.59082327333332,202.8280407750169,0.0,610.8370612794615,0.0,0.0,0.0,0.0,0.0,648.7931518861278,2111.4043047429964,23.96918523755533,0.0,0.0,0.0,0.0,-8.526512829121202e-14,0.0
2025-10-22 20:00:00+00:00,7,30.0,533.6374292929293,160.0912287878788,373.5462005050505,0.0,160.09122878787872,160.09122878787883,0.0,347.1014187291965,26.444781775853954,0.0,0.0,232.85996914600557,72.76874035812673,347.10141872919655,462.80189163892874,115.70047290973218,0.0,0.0,26.444781775853954,0.3966717266378093,10.941938197392975,0.5288956355170791,34.21149559196968,234.54821441937645,0.0,695.6618607849343,0.0,0.0,0.0,0.0,0.0,768.1856437123056,1301.6655380851662,23.966591476927423,0.0,0.0,0.0,0.0,-1.1368683772161603e-13,0.0
2025-10-22 21:00:00+00:00,7,30.0,545.1663333333333,163.54990000000004,381.6164333333333,0.0,163.54989999999995,163.54990000000006,0.0,347.10141872919655,34.51501460413675,0.0,0.0,237.89076363636374,74.34086363636366,347.10141872919655,462.80189163892874,115.70047290973218,0.0,0.0,34.51501460413675,0.5177252190620513,11.103342853958631,0.690300292082735,34.950613629999985,237.30331854119925,0.0,700.6926552752925,0.0,0.0,0.0,0.0,0.0,782.4696518745326,476.8701047909785,23.967554259453124,0.0,0.0,0.0,0.0,0.0,0.0
2025-10-22 22:00:00+00:00,7,30.0,545.4061111111113,163.62183333333334,381.78427777777773,0.0,163.62183333333323,163.62183333333337,0.0,347.1014187291965,34.682859048581236,0.0,0.0,237.995393939394,74.37356060606062,347.10141872919655,462.80189163892874,115.70047290973218,0.0,0.0,34.682859048581236,0.5202428857287185,11.106699742847521,0.6936571809716248,34.96598578333331,237.360619108674,782.7667302197852,700.7972855783228,0.0,0.0,0.0,0.0,0.0,0.0,476.8701047909785,23.96617363423485,0.0,0.0,0.0,0.0,-2.842170943040401e-14,0.0
2025-10-22 23:00:00+00:00,7,30.0,544.5103333333333,163.3531,381.1572333333333,0.0,163.35309999999996,163.3531,0.0,347.10141872919655,34.05581460413674,0.0,0.0,237.60450909090912,74.2514090909091,347.10141872919655,462.80189163892874,115.70047290973218,0.0,0.0,34.05581460413674,0.5108372190620512,11.094158853958632,0.6811162920827348,34.90855746999999,237.14655183574467,781.6568851690779,700.4064007298379,0.0,0.0,0.0,0.0,0.0,0.0,476.8701047909785,23.96444837565401,0.0,0.0,0.0,0.0,-5.684341886080802e-14,0.0
2025-12-05 00:00:00+00:00,8,46.0,584.4156666666665,175.32470000000004,409.09096666666665,0.0,175.32469999999992,175.32470000000004,0.0,347.10141872919655,61.98954793747011,0.0,0.0,255.01774545454555,79.69304545454548,347.10141872919655,462.80189163892874,115.70047290973218,0.0,0.0,61.98954793747011,0.9298432190620516,11.652833520625299,1.239790958749402,37.46688838999998,246.6828744527144,831.0985411193809,717.8196370934743,0.0,0.0,0.0,0.0,0.0,0.0,476.8701047909785,23.967410388356612,0.0,0.0,0.0,0.0,-2.842170943040401e-14,0.0
2025-12-05 01:00:00+00:00,8,46.0,574.1494444444445,172.24483333333336,401.90461111111114,0.0,172.24483333333325,172.24483333333336,0.0,347.10141872919655,54.803192381914585,0.0,0.0,250.53793939393944,78.29310606060608,347.10141872919655,462.80189163892874,115.70047290973218,0.0,0.0,54.803192381914585,0.8220478857287188,11.509106409514189,1.0960638476382918,36.808720883333315,244.2295179965528,818.3789624409973,713.3398310328682,0.0,0.0,0.0,0.0,0.0,0.0,476.8701047909785,23.96874742290121,0.0,0.0,0.0,0.0,-2.842170943040401e-14,0.0
2025-12-05 02:00:00+00:00,8,46.0,576.6842222222223,173.0052666666667,403.67895555555555,0.0,173.00526666666659,173.0052666666667,0.0,347.10141872919655,56.577536826359,0.0,0.0,251.64402424242428,78.63875757575758,347.10141872919655,462.80189163892874,115.70047290973218,0.0,0.0,56.577536826359,0.848663052395385,11.544593298403077,1.13155073652718,36.97122548666665,244.83526305948203,821.5194852817043,714.445915881353,0.0,0.0,0.0,0.0,0.0,0.0,476.8701047909785,23.968472931182625,0.0,0.0,0.0,0.0,0.0,0.0
2025-12-05 03:00:00+00:00,8,46.0,571.5294444444445,171.45883333333336,400.0706111111111,0.0,171.45883333333325,171.45883333333336,0.0,347.10141872919655,52.96919238191456,0.0,0.0,249.3946666666667,77.93583333333333,347.10141872919655,462.80189163892874,115.70047290973218,0.0,0.0,52.96919238191456,0.7945378857287184,11.472426409514188,1.059383847638291,36.64075268333331,243.60340706928002,2154.5624652121915,712.1965583055954,0.0,0.0,0.0,0.0,1339.4296136984672,0.0,1747.564608220966,23.96902304624183,0.0,0.0,0.0,0.0,0.0,0.0
2025-12-05 04:00:00+00:00,8,46.0,572.2355555555556,171.6706666666667,400.56488888888885,0.0,171.67066666666662,171.67066666666665,0.0,347.10141872919655,53.46347015969229,0.0,0.0,249.7027878787879,78.03212121212121,347.10141872919655,462.80189163892874,115.70047290973218,0.0,0.0,53.46347015969229,0.8019520523953844,11.482311965069742,1.069269403193846,36.68602146666665,243.77214900917903,816.0077045647345,712.5046795177166,0.0,0.0,0.0,0.0,0.0,0.0,1747.564608220966,23.968917252306042,0.0,0.0,0.0,0.0,-1.7053025658242404e-13,0.0
2025-12-05 05:00:00+00:00,8,46.0,566.7209166666667,170.01627500000004,396.70464166666665,0.0,170.01627499999992,170.01627500000004,0.0,347.10141872919655,49.60322293747011,0.0,0.0,247.29640000000006,77.28012500000003,347.10141872919655,462.80189163892874,115.70047290973218,0.0,0.0,49.60322293747011,0.7440483440620516,11.405107020625298,0.9920644587494022,36.33247796749998,242.45429570066898,809.1752123673357,710.0982916389288,0.0,0.0,0.0,0.0,0.0,0.0,1747.564608220966,23.969011610582676,0.0,0.0,0.0,0.0,5.684341886080802e-14,0.0
2025-12-05 06:00:00+00:00,8,46.0,569.9656666666666,170.98970000000006,398.9759666666666,0.0,170.98969999999994,170.98970000000006,0.0,347.1014187291965,51.87454793747009,0.0,0.0,248.712290909091,77.72259090909094,347.10141872919655,462.80189163892874,115.70047290973218,0.0,0.0,51.87454793747009,0.7781182190620514,11.4505335206253,1.037490958749402,36.54049888999999,243.22970540725987,3495.087569529233,711.5141825480198,0.0,0.0,0.0,0.0,2681.892197455307,0.0,4291.830943118806,23.970529278067602,0.0,0.0,0.0,0.0,0.0,0.0
2025-12-05 07:00:00+00:00,8,46.0,577.4150000000001,173.22450000000003,404.19049999999993,0.0,173.22449999999995,173.2245,0.0,347.10141872919655,57.089081270803376,0.0,0.0,251.96290909090914,78.7384090909091,347.10141872919655,462.80189163892874,115.70047290973218,0.0,0.0,57.089081270803376,0.8563362190620506,11.554824187291963,1.1417816254160675,37.018075649999986,245.00989968241132,822.4248996824115,714.7648007298378,0.0,0.0,0.0,0.0,0.0,0.0,4291.830943118806,23.97119259472625,0.0,0.0,0.0,0.0,8.526512829121202e-14,0.0
2025-12-05 08:00:00+00:00,8,46.0,580.2640714497921,174.07922143493764,406.1848500148544,0.0,174.07922143493752,174.07922143493764,0.0,347.10141872919655,59.083431285657866,0.0,0.0,253.2061402690002,79.12691883406256,347.10141872919655,462.80189163892874,115.70047290973218,0.0,0.0,59.083431285657866,0.886251469284868,11.594711187589054,1.1816686257131575,37.20072962064614,245.69075264702795,825.9548240968201,716.008031907929,0.0,0.0,0.0,0.0,0.0,0.0,4291.830943118806,23.971229622561356,0.0,0.0,0.0,0.0,-2.842170943040401e-14,0.0
2025-12-05 09:00:00+00:00,8,46.0,572.4880450086737,171.74641350260214,400.74163150607154,0.0,171.74641350260208,171.7464135026021,0.0,347.10141872919655,53.64021277687499,0.0,0.0,249.81296509469396,78.06655159209187,347.10141872919655,462.80189163892874,115.70047290973218,0.0,0.0,53.64021277687499,0.8046031916531248,11.485846817413396,1.0728042555375,36.70220856550606,243.83248733193415,816.3205323406078,712.6148567336227,0.0,0.0,0.0,0.0,0.0,0.0,4291.830943118806,23.97023037217087,0.0,0.0,0.0,0.0,-5.684341886080802e-14,0.0
2025-12-05 10:00:00+00:00,8,46.0,573.1699556194126,171.95098668582378,401.2189689335887,0.0,171.95098668582375,171.9509866858238,0.0,347.1014187291965,54.11755020439223,0.0,0.0,250.110526088471,78.15953940264718,347.10141872919655,462.80189163892874,115.70047290973218,0.0,0.0,54.11755020439223,0.8117632530658835,11.495393565963742,1.0823510040878446,36.74592585476053,243.9954459902574,0.0,712.9124177273998,0.0,0.0,0.0,0.0,0.0,817.16540160967,3430.4629783945456,23.969920507599646,0.0,0.0,0.0,0.0,0.0,0.0
2025-12-05 11:00:00+00:00,8,46.0,562.1559161304161,168.64677483912487,393.50914129129126,0.0,168.64677483912482,168.64677483912487,0.0,347.1014187291966,46.40772256209465,0.0,0.0,245.30439976599982,76.65762492687495,347.10141872919655,462.80189163892874,115.70047290973218,0.0,0.0,46.40772256209465,0.6961158384314197,11.34119701311779,0.928154451241893,36.03981578312097,241.36338092251918,0.0,708.1062914049286,0.0,0.0,0.0,0.0,0.0,803.5192970529354,2583.479270866313,23.97194226171843,0.0,0.0,0.0,0.0,5.684341886080802e-14,0.0
2025-12-05 12:00:00+00:00,8,46.0,584.7593333333333,175.42780000000005,409.33153333333337,0.0,175.42779999999993,175.42780000000002,0.0,347.10141872919655,62.230114604136816,0.0,0.0,255.1677090909091,79.7399090909091,347.10141872919655,462.80189163892874,115.70047290973218,0.0,0.0,62.230114604136816,0.9334517190620522,11.657644853958633,1.2446022920827364,37.48892085999998,246.76500172574467,0.0,717.9696007298378,0.0,0.0,0.0,0.0,0.0,831.5243350590781,1706.9756613184168,23.970846987365377,0.0,0.0,0.0,0.0,1.4210854715202004e-13,0.0
2025-12-05 13:00:00+00:00,8,46.0,587.7015555555555,176.31046666666668,411.3910888888889,0.0,176.31046666666663,176.31046666666668,0.0,347.10141872919655,64.28967015969232,0.0,0.0,256.4515878787879,80.14112121212122,347.10141872919655,462.80189163892874,115.70047290973218,0.0,0.0,64.28967015969232,0.9643450523953848,11.698835965069742,1.2857934031938465,37.677546726666655,247.46811526917907,877.9541775046317,719.2534795177166,0.0,0.0,0.0,0.0,42.78450667989729,0.0,1747.564608220966,23.969898948873382,0.0,0.0,0.0,0.0,-1.2789769243681803e-13,0.0
2025-12-05 14:00:00+00:00,8,46.0,577.8402222222222,173.35206666666667,404.4881555555555,0.0,173.35206666666656,173.3520666666667,0.0,347.10141872919655,57.386736826358955,0.0,0.0,252.14846060606067,78.79639393939397,347.10141872919655,462.80189163892874,115.70047290973218,0.0,0.0,57.386736826358955,0.8608010523953843,11.560777298403075,1.147734736527179,37.04533664666664,245.11151658311846,3504.8439362606473,714.9503522449894,0.0,0.0,0.0,0.0,2681.892197455307,0.0,4291.830943118806,23.971129531303156,0.0,0.0,0.0,0.0,0.0,0.0
2025-12-05 15:00:00+00:00,8,46.0,571.5477777777777,171.46433333333337,400.0834444444444,0.0,171.46433333333326,171.46433333333337,0.0,347.10141872919655,52.982025715247886,0.0,0.0,249.40266666666673,77.93833333333336,347.10141872919655,462.80189163892874,115.70047290973218,0.0,0.0,52.982025715247886,0.7947303857287182,11.472683076180854,1.0596405143049576,36.641928033333315,243.60778825261337,815.155566030391,712.2045583055955,0.0,0.0,0.0,0.0,0.0,0.0,4291.830943118806,23.968156920915682,0.0,0.0,0.0,0.0,-5.684341886080802e-14,0.0
2025-12-05 16:00:00+00:00,8,46.0,579.576921409214,173.87307642276426,405.70384498644984,0.0,173.87307642276417,173.87307642276423,0.0,347.10141872919655,58.602426257253285,0.0,0.0,252.9062929785662,79.03321655580194,347.10141872919655,462.80189163892874,115.70047290973218,0.0,0.0,58.602426257253285,0.8790363938587993,11.585091087020961,1.1720485251450659,37.1566764315447,245.52654190310366,825.1034633123177,715.7081846174949,0.0,0.0,0.0,0.0,0.0,0.0,4291.830943118806,23.964688211239036,0.0,0.0,0.0,0.0,-2.842170943040401e-14,0.0
2025-12-05 17:00:00+00:00,8,46.0,574.6500555555556,172.3950166666667,402.2550388888889,0.0,172.3950166666666,172.3950166666667,0.0,347.10141872919655,55.153620159692366,0.0,0.0,250.7563878787879,78.36137121212121,347.10141872919655,462.80189163892874,115.70047290973218,0.0,0.0,55.153620159692366,0.8273043023953854,11.516114965069743,1.1030724031938473,36.84081506166665,244.34915085417902,0.0,713.5582795177166,0.0,0.0,0.0,0.0,0.0,818.9992064097345,3428.529978410428,23.963684080571575,0.0,0.0,0.0,0.0,-1.1368683772161603e-13,0.0
2025-12-05 18:00:00+00:00,8,46.0,563.994,169.19820000000004,394.7958,0.0,169.1981999999999,169.19820000000004,0.0,347.10141872919655,47.69438127080343,0.0,0.0,246.1064727272728,76.90827272727275,347.10141872919655,462.80189163892874,115.70047290973218,0.0,0.0,47.69438127080343,0.7154157190620515,11.366930187291965,0.9538876254160686,36.15765533999998,241.802634508775,0.0,708.9083643662016,0.0,0.0,0.0,0.0,0.0,805.7966345087752,2579.14574642844,23.96398596850854,0.0,0.0,0.0,0.0,2.2737367544323206e-13,0.0
2025-12-05 19:00:00+00:00,8,46.0,567.1956666666667,170.1587,397.0369666666667,0.0,170.15869999999995,170.1587,0.0,347.1014187291965,49.935547937470155,0.0,0.0,247.50356363636365,77.34486363636364,347.10141872919655,462.80189163892874,115.70047290973218,0.0,0.0,49.935547937470155,0.7490332190620523,11.4117535206253,0.9987109587494031,36.362914189999984,242.56774843453258,0.0,581.8271962436562,0.0,128.4782590316362,0.0,122.05434608005442,0.0,809.7634151011995,1725.5801605630475,23.967946026329923,0.0,0.0,0.0,0.0,1.7053025658242404e-13,-2.842170943040401e-14
2025-12-05 20:00:00+00:00,8,46.0,591.0954217171717,177.32862651515154,413.76679520202015,0.0,177.32862651515148,177.3286265151515,0.0,347.1014187291965,66.66537647282365,0.0,0.0,257.9325476584022,80.60392114325069,347.10141872919655,462.80189163892874,115.70047290973218,0.0,0.0,66.66537647282365,0.9999806470923548,11.746350091332369,1.333307529456473,37.89512748628787,248.27915980715196,0.0,813.0742735318858,0.0,0.0,92.33983423455481,24.610411877836615,0.0,839.3745815243236,840.8016646738638,23.96996453145882,0.0,0.0,0.0,0.0,-2.842170943040401e-14,0.0
2025-12-05 21:00:00+00:00,8,46.0,589.0288333333333,176.70865,412.32018333333326,0.0,176.70864999999992,176.70865000000003,0.0,347.1014187291966,65.21876460413665,0.0,0.0,257.0307636363637,80.32211363636365,347.10141872919655,462.80189163892874,115.70047290973218,0.0,0.0,65.21876460413665,0.9782814690620497,11.71741785395863,1.304375292082733,37.76263850499998,247.78529966619925,491.5583405051687,743.1657867766693,0.0,0.0,23.333131501376897,0.0,0.0,345.2557924943637,476.8701047909785,23.969498102515534,0.0,0.0,0.0,0.0,-1.7053025658242404e-13,0.0
2025-12-05 22:00:00+00:00,8,46.0,578.5573888888889,173.5672166666667,404.9901722222222,0.0,173.56721666666664,173.5672166666667,0.0,347.10141872919655,57.88875349302566,0.0,0.0,252.4614060606061,78.8941893939394,347.10141872919655,462.80189163892874,115.70047290973218,0.0,0.0,57.88875349302566,0.8683313023953849,11.570817631736409,1.1577750698605132,37.091314201666655,245.28290050933055,823.8402893982195,715.2632976995349,0.0,0.0,0.0,0.0,0.0,0.0,476.8701047909785,23.969455304758267,0.0,0.0,0.0,0.0,5.684341886080802e-14,0.0
2025-12-05 23:00:00+00:00,8,46.0,550.8208333333333,165.24625000000003,385.5745833333333,0.0,165.24624999999992,165.24625000000006,0.0,347.10141872919655,38.47316460413674,0.0,0.0,240.35818181818192,75.11193181818184,347.10141872919655,462.80189163892874,115.70047290973218,0.0,0.0,38.47316460413674,0.5770974690620511,11.182505853958633,0.7694632920827349,35.31312362499998,238.65459496801745,789.4754283013508,703.1600734571107,0.0,0.0,0.0,0.0,0.0,0.0,476.8701047909785,23.97154732175556,0.0,0.0,0.0,0.0,2.842170943040401e-14,0.0
