timestamp_hour_utc,representative_day_id,day_weight,it_load_kw,q_air_kw,q_cp_kw,q_rdhx_kw,s_air_kw,s_air_old_kw,s_air_new_kw,old_ac_capacity_eff_kw,q_air_to_ashp_kw,q_air_to_reject_kw,q_cp_to_wshp_kw,q_cp_to_free_kw,q_rdhx_to_wshp_kw,q_rdhx_to_chiller_kw,q_ashp_out_kw,p_ashp_kw,q_wshp_in_kw,q_wshp_out_kw,p_wshp_kw,q_chiller_evap_kw,p_chiller_kw,q_tower_kw,p_tower_kw,p_pump_kw,p_cdu_free_kw,p_terminal_kw,p_cooling_kw,p_grid_kw,q_heat_kw,heating_demand_kw,heat_demand_upper_violation_kw,q_tes_ch_kw,q_tes_dis_kw,e_tes_kwh,p_bess_ch_kw,p_bess_dis_kw,e_bess_kwh,max_theta_c,hotspot_slack_c,hotspot_penalty_yuan,bess_degradation_cost_yuan,power_balance_residual_kw,heat_balance_residual_kw
2025-01-30 00:00:00+00:00,0,66.0,2837.291468201433,590.0064480572928,1323.5935469591204,923.6914731850197,590.0064480572928,449.53657768792897,140.4698703693638,3158.372005916678,567.2543772681945,22.752070789098298,0.0,1323.5935469591204,923.6914731850197,0.0,825.0972760264648,257.8428987582702,923.6914731850197,1231.5886309133596,307.8971577283399,22.752070789098298,7.584023596366099,1353.9296413445848,20.30894462016877,35.70878567103261,26.47187093918241,152.5552982907853,808.3689796041454,3645.6604478055774,2056.6859069398242,3219.22382502416,0.0,0.0,0.0,0.0,0.0,0.0,660.9237629525047,23.96086608923279,0.0,0.0,0.0,-9.094947017729282e-13,0.0
2025-01-30 01:00:00+00:00,0,66.0,2811.291148338461,583.9934710894835,1309.493723534831,917.8039537141448,583.9934710894835,444.9394798626867,139.05399122679677,3158.372005916678,561.2115958006419,22.781875288841547,0.0,1309.493723534831,917.8039537141448,0.0,816.3077757100247,255.0961799093827,917.8039537141448,1223.7386049521929,305.9346512380482,22.781875288841547,7.593958429613849,1339.8695572532863,20.098043358799295,35.36791400783807,26.18987447069662,151.0927773900565,801.3733988044353,3612.6645471428956,2040.0463806622174,3277.57292616957,0.0,0.0,0.0,0.0,0.0,0.0,660.9237629525047,23.96064255198146,0.0,0.0,0.0,-6.821210263296962e-13,0.0
2025-01-30 02:00:00+00:00,0,66.0,2819.105058034541,585.6321914104511,1310.6861452472856,922.7867213768051,585.6321914104511,445.91871810079897,139.7134733096522,3158.372005916678,561.7226336774082,23.909557733042902,569.3923917019943,741.2937535452913,922.7867213768052,-1.1368683772161603e-13,817.0511035307757,255.32846985336738,1492.1791130787994,1989.5721507717326,497.39303769293315,23.90955773304279,7.969852577680929,773.1731638560151,11.597597457840227,41.135514035733706,14.825875070905827,151.57617729645017,979.8265239849113,3798.931582019453,2806.623254302508,3350.47819276152,0.0,0.0,0.0,0.0,0.0,0.0,660.9237629525047,23.95724648444393,0.0,0.0,0.0,6.821210263296962e-13,0.0
2025-01-30 03:00:00+00:00,0,66.0,2803.0722391605236,581.9804904389855,1301.615727811602,919.4760209099368,581.9804904389855,443.1763258673043,138.80416457168118,3158.372005916678,557.8353119192582,24.145178519727324,572.7030921688624,728.9126356427396,919.4760209099368,0.0,811.3968173371028,253.56150541784461,1492.1791130787992,1989.5721507717321,497.39303769293304,24.145178519727324,8.048392839909107,761.106207002376,11.41659310503564,40.95410568702003,14.578252712854791,150.69496331852935,976.6468507741267,6048.498810263133,2800.968968108835,3424.45119305147,0.0,0.0,0.0,0.0,2268.779720328483,0.0,2813.277190583852,23.956285850242324,0.0,0.0,0.0,-4.547473508864641e-13,0.0
2025-01-30 04:00:00+00:00,0,66.0,2818.2087153841603,584.8698357644206,1308.6169331650667,924.7219464546739,584.8698357644205,445.44924468855334,139.4205910758672,3158.372005916678,560.8358284993144,24.034007265106197,567.4571666241254,741.1597665409413,924.7219464546739,0.0,815.7612050899119,254.92537659059744,1492.1791130787992,1989.5721507717321,497.39303769293304,24.034007265106197,8.011335755035399,773.2051095610828,11.598076643416242,41.094129794089326,14.823195330818827,151.46102613860427,979.3061779454945,7102.133708092178,2805.333355861644,5074.25305785225,0.0,0.0,0.0,0.0,3304.6188147625235,0.0,5948.313866572543,23.956688085506972,0.0,0.0,0.0,-9.094947017729282e-13,0.0
2025-01-30 05:00:00+00:00,0,66.0,2796.4623028695482,578.9048836438283,1295.4178986612226,922.139520564496,578.9048836438283,441.5779643205805,137.32691932324775,3158.372005916678,555.1790994262384,23.725784217589876,570.0395925143034,725.3783061469192,922.1395205644959,1.1368683772161603e-13,807.5332355290741,252.35413610283564,1492.1791130787992,1989.5721507717321,497.39303769293304,23.72578421758999,7.908594739196663,757.0126851037058,11.355190276555588,40.83014910401244,14.507566122938384,150.09871628707884,974.4473903255505,3770.9096931950994,2797.1053863008065,7175.01322351412,0.0,0.0,0.0,0.0,0.0,0.0,5948.313866572543,23.957359926671256,0.0,0.0,0.0,6.821210263296962e-13,0.0
2025-01-30 06:00:00+00:00,0,66.0,2839.669267894365,589.2978137029996,1316.6346636085436,933.736790582823,589.2978137029995,449.0175921037593,140.2802215992403,3158.372005916678,564.271998689376,25.025815013623628,0.0,1316.6346636085436,933.736790582823,0.0,820.7592708209106,256.48727213153455,933.736790582823,1244.9823874437639,311.24559686094096,25.025815013623628,8.341938337874543,1350.0024169600417,20.250036254400626,35.6700611779991,26.33269327217087,152.66117584832097,810.9887738832415,3650.658041777606,2065.7416582646747,6830.12859379895,0.0,0.0,0.0,0.0,0.0,0.0,5948.313866572543,23.95363204289448,0.0,0.0,0.0,-6.821210263296962e-13,0.0
2025-01-30 07:00:00+00:00,0,66.0,2968.4064399077884,616.8327866202034,1376.7751841580473,974.7984691295355,616.8327866202034,469.5814741487734,147.25131247143,3158.372005916678,590.0465074963062,26.786279123897202,0.0,1376.7751841580473,974.7984691295355,0.0,858.2494654491726,268.2029579528664,974.7984691295355,1299.731292172714,324.9328230431785,26.786279123897202,8.928759707965733,1412.4902229899103,21.187353344848653,37.283488374456304,27.535503683160947,159.72484511592788,847.7957312224045,2104.762304310811,2157.9807576218864,5663.16442841657,0.0,0.0,0.0,0.0,0.0,1711.4398668193821,4144.297847384383,23.949429950298423,0.0,0.0,0.0,3.410605131648481e-13,0.0
2025-01-30 08:00:00+00:00,0,66.0,3021.9030784233887,627.4489201096687,1401.6147103158917,992.8394479978284,627.4489201096687,477.80861092429114,149.64030918537756,3158.372005916678,600.6920187068109,26.756901402857807,0.0,1401.6147103158917,992.8394479978284,0.0,873.733845391725,273.04182668491404,992.8394479978284,1323.785930663771,330.94648266594277,26.756901402857807,8.918967134285936,1437.2905788530354,21.55935868279553,37.960688686296116,28.032294206317832,162.50780417077883,862.9674222313309,580.2516858921967,2197.519776055496,5011.85628625748,0.0,0.0,0.0,0.0,0.0,3304.6188147625235,660.9237629525047,23.949902682934717,0.0,0.0,0.0,5.684341886080801e-13,0.0
2025-01-30 09:00:00+00:00,0,66.0,3002.5329056780597,622.6409965704971,1391.3362227605892,988.5556863469749,622.6409965704971,474.4865374867187,148.1544590837784,3158.372005916678,596.286952611681,26.354043958816078,0.0,1391.3362227605892,988.5556863469749,0.0,867.3264765260816,271.0395239144005,988.5556863469749,1318.074248462633,329.51856211565826,26.354043958816078,8.78468131960536,1426.4749480390105,21.39712422058516,37.71228131868153,27.826724455211785,161.35222439547394,857.6311217396166,3860.1640274176752,2152.95611156432,2152.95611156432,0.0,32.44461342439445,0.0,30.822382753174722,0.0,0.0,660.9237629525047,23.95088544393452,0.0,0.0,0.0,-1.0231815394945443e-12,0.0
2025-01-30 10:00:00+00:00,0,66.0,2975.7765020466836,617.055055099026,1377.5626979203184,981.1587490273401,617.055055099026,470.2256941963101,146.829360902716,3158.372005916678,590.3840133944223,26.671041704603795,0.0,1377.5626979203184,981.15874902734,1.1368683772161603e-13,858.7403831191597,268.35636972473736,981.15874902734,1308.2116653697867,327.0529163424467,26.67104170460391,8.890347234867969,1413.1240868597904,21.196861302896856,37.362841448679774,27.55125395840637,159.94260293210536,850.3531929441403,3826.1296949908237,0.0,0.0,0.0,2166.9520484889463,0.0,2089.3651840521675,0.0,0.0,660.9237629525047,23.94975527025442,0.0,0.0,0.0,-2.2737367544323206e-13,0.0
2025-01-30 11:00:00+00:00,0,66.0,2984.4163694457434,619.8404326243084,1384.3058542312522,980.2700825901799,619.8404326243085,472.10626329093526,147.7341693333732,3158.372005916678,593.2739375276797,26.566495096628728,0.0,1384.3058542312522,980.2700825901799,0.0,862.9439091311705,269.66997160349075,980.2700825901799,1307.0267767869063,326.7566941967266,26.566495096628728,8.855498365542909,1419.7278476934239,21.29591771540136,37.48881791052684,27.686117084625042,160.52458598958748,852.2776028659009,3836.693972311644,-4.547473508864641e-13,0.0,0.0,2169.9706859180774,0.0,4146.6586053062365,0.0,0.0,660.9237629525047,23.950055258350364,0.0,0.0,0.0,-4.547473508864641e-13,0.0
2025-01-30 12:00:00+00:00,0,66.0,2967.3302624982703,617.607481956937,1379.1129536808087,970.609826860524,617.607481956937,469.7479875298046,147.85949442713238,3158.372005916678,591.0484087203467,26.55907323659028,0.0,1379.1129536808087,970.6098268605239,1.1368683772161603e-13,859.7067763205043,268.6583676001576,970.6098268605239,1294.1464358140317,323.53660895350794,26.559073236590393,8.853024412196797,1414.525051329596,21.217875769943937,37.28835734222142,27.582259073616175,159.78240806080225,846.9189012124461,7118.867978473239,0.0,0.0,0.0,2153.853212134536,0.0,6184.525839623434,3304.6188147625235,0.0,3795.960438941195,23.949495145011618,0.0,0.0,0.0,0.0,0.0
2025-01-30 13:00:00+00:00,0,66.0,2932.027352838794,609.2480891509463,1360.3668714933606,962.412392194486,609.2480891509463,463.51586411971095,145.73222503123537,3158.372005916678,583.0143734971546,26.233715653791705,0.0,1360.3668714933606,962.412392194486,0.0,848.0209069049521,265.0065334077975,962.412392194486,1283.2165229259813,320.8041307314953,26.233715653791705,8.744571884597235,1395.3451590317495,20.93017738547624,36.831461351812074,27.207337429867213,157.7487137096313,837.2729259006769,6038.079999067953,9.094947017729282e-13,0.0,9.094947017729282e-13,2131.2374298309323,0.0,8196.832346283574,2268.779720328483,0.0,5948.313866572543,23.95051672939517,0.0,0.0,0.0,-4.547473508864641e-13,0.0
2025-01-30 14:00:00+00:00,0,66.0,2952.157471430476,616.0380408933605,1377.9249623835099,958.1944681536058,616.0380408933605,467.45357858819443,148.5844623051661,3158.372005916678,590.5392695929329,25.49877130042762,0.0,1377.9249623835099,958.1944681536058,0.0,858.9662103169933,268.4269407240604,958.1944681536058,1277.5926242048076,319.3981560512019,25.49877130042762,8.499590433475873,1411.9233241174134,21.1788498617612,37.140443929206256,27.5584992476702,159.10969994221972,841.3121801895954,3793.469651620071,2319.0794354811,2319.0794354811,0.0,0.0,182.52060095929892,7988.311733212797,0.0,0.0,5948.313866572543,23.95225213886012,0.0,0.0,0.0,-4.547473508864641e-13,0.0
2025-01-30 15:00:00+00:00,0,66.0,2948.262745365813,619.4309299763128,1386.3267039391305,942.5051114503693,619.4309299763128,468.0238149297463,151.40711504656645,3158.372005916678,594.1400159739133,25.290914002399518,0.0,1386.3267039391305,942.5051114503691,2.2737367544323206e-13,864.2036595984193,270.063643624506,942.5051114503691,1256.6734819338253,314.16837048345633,25.290914002399745,8.430304667466581,1420.047922608997,21.30071883913495,37.1515851932863,27.72653407878261,159.4252837448608,838.2664406314937,3786.5291859973063,2306.0825197169797,2306.08251971698,0.0,0.0,185.20537818473554,7777.382080078229,0.0,0.0,5948.313866572543,23.952448711562738,0.0,0.0,0.0,-2.2737367544323206e-13,0.0
2025-01-30 16:00:00+00:00,0,66.0,2997.6325152554227,629.1935055555664,1406.8070652217873,961.6319444780689,629.1935055555664,476.1035672829156,153.08993827265078,3158.372005916678,602.9173136664804,26.27619188908602,0.0,1406.8070652217873,961.6319444780689,0.0,876.9706380603351,274.0533243938547,961.6319444780689,1282.1759259707585,320.5439814926896,26.27619188908602,8.758730629695341,1441.8419877405686,21.627629816108527,37.75246074921644,28.136141304435746,162.0548757583166,852.927144144317,3850.559659399739,3317.02031325977,3317.02031325977,0.0,0.0,1157.8737492286764,6543.012843045782,0.0,0.0,5948.313866572543,23.94972580746966,0.0,0.0,0.0,-9.094947017729282e-13,0.0
2025-01-30 17:00:00+00:00,0,66.0,3075.8016826800604,647.5600168227232,1449.0367754520148,979.2048904053206,647.5600168227232,489.22108322579373,158.33893359692954,3158.372005916678,621.0157609080065,26.5442559147167,0.0,1449.0367754520148,979.2048904053206,0.0,903.2956522298277,282.27989132182114,979.2048904053206,1305.6065205404275,326.40163013510687,26.5442559147167,8.848085304905567,1484.429116671637,22.266436750074554,38.772784413093504,28.980735509040297,166.50658069793823,874.0561441319802,645.239012049517,4904.21584858014,4904.21584858014,0.0,0.0,2695.313675809885,3692.754527033496,0.0,3304.6188147625235,2464.939782140664,23.949514877621564,0.0,0.0,0.0,-1.1368683772161603e-13,0.0
2025-01-30 18:00:00+00:00,0,66.0,3077.4564119695037,646.5661359114013,1447.0369725603584,983.8533034977431,646.5661359114013,489.00699484901725,157.55914106238404,3158.372005916678,620.1587025258681,26.40743338553318,0.0,1447.0369725603584,983.8533034977431,0.0,902.0490218558082,281.89031932994004,983.8533034977431,1311.8044046636574,327.95110116591434,26.40743338553318,8.802477795177728,1482.2468837410693,22.233703256116037,38.779272486184595,28.94073945120717,166.41457345742424,875.0121869419642,2241.0287320920856,4617.133298138291,4617.13329813829,9.094947017729282e-13,0.0,2403.279871618825,1155.6007320648764,0.0,1711.4398668193821,660.9237629525047,23.949855408302263,0.0,0.0,0.0,-1.1368683772161603e-13,0.0
2025-01-30 19:00:00+00:00,0,66.0,3045.685683823804,640.2296862648966,1431.6930839361607,973.7629136227474,640.2296862648966,484.036870900734,156.19281536416256,3158.372005916678,613.5827502583546,26.646936006541978,0.0,1431.6930839361607,973.7629136227474,0.0,892.4840003757886,278.9012501174339,973.7629136227474,1298.3505514969966,324.58763787424914,26.646936006541978,8.88231200218066,1467.2223319448833,22.00833497917325,38.37149081495069,28.633861678723214,164.76967216548132,866.1545596321921,3911.8402434559966,3286.4596059434944,4163.33402509174,0.0,0.0,1095.6250540707094,0.0,0.0,0.0,660.9237629525047,23.948638229577494,0.0,0.0,0.0,4.547473508864641e-13,0.0
2025-01-30 20:00:00+00:00,0,66.0,3031.1384403045904,636.7636177358611,1424.957914192398,969.4169083763326,636.7636177358611,481.45874370570255,155.3048740301586,3158.372005916678,610.6962489395993,26.067368796261803,1.4655266899022868e-12,1424.9579141923966,969.4169083763325,1.1368683772161603e-13,888.2854530030535,277.5892040634542,969.4169083763339,1292.555877835112,323.138969458778,26.067368796261917,8.689122932087306,1459.7144059207458,21.895716088811184,38.1933273676113,28.499158283847933,163.90186789387096,861.9073660884609,3893.045806393051,2180.8413308381655,6901.52839467326,0.0,0.0,0.0,0.0,0.0,0.0,660.9237629525047,23.950442013951804,0.0,0.0,0.0,-3.410605131648481e-13,0.0
2025-01-30 21:00:00+00:00,0,66.0,3015.393467425286,631.6321126325565,1414.5619730349954,969.1993817577355,631.6321126325565,478.1476967222531,153.48441591030343,3158.372005916678,606.2408455864269,25.391267046129656,0.0,1414.5619730349954,969.1993817577355,0.0,881.80486630753,275.56402072110313,969.1993817577355,1292.2658423436474,323.06646058591184,25.391267046129656,8.46375568204322,1448.4169957631682,21.72625493644752,37.98323327827727,28.29123946069991,162.78264600847567,857.8776106729586,3873.2710780982447,2174.0707086511775,6614.99797636466,0.0,0.0,0.0,0.0,0.0,0.0,660.9237629525047,23.952541570265634,0.0,0.0,0.0,2.2737367544323206e-13,0.0
2025-01-30 22:00:00+00:00,0,66.0,3021.374179872461,632.4723974744828,1415.8576673328057,973.0441150651714,632.4723974744827,478.90950574471395,153.5628917297688,3158.372005916678,606.7961431426312,25.676254331851624,1.4538647108485338e-12,1415.8576673328043,973.0441150651712,1.1368683772161603e-13,882.6125718438273,275.816428701196,973.0441150651727,1297.3921534202302,324.34803835505755,25.676254331851737,8.558751443950579,1450.0926731086067,21.751390096629102,38.04759449730784,28.317153346656088,163.066784840026,859.9061412808231,3881.2803211532846,2180.0047252640575,5528.11770962516,0.0,0.0,0.0,0.0,0.0,0.0,660.9237629525047,23.952043113424736,0.0,0.0,0.0,5.684341886080801e-13,0.0
2025-01-30 23:00:00+00:00,0,66.0,3013.492745343617,631.4455248400005,1413.4583223437683,968.5888981598464,631.4455248400005,477.75363768453997,153.69188715546053,3158.372005916678,605.7678524330437,25.677672406956844,0.0,1413.4583223437683,968.5888981598464,0.0,881.1168762662454,275.34902383320167,968.5888981598464,1291.4518642131284,322.8629660532821,25.677672406956844,8.559224135652281,1447.6952188863775,21.71542828329566,37.955055428473834,28.269166446875367,162.72382950985357,857.4346936906345,3870.9274390342507,2172.568740479374,2948.83793503903,0.0,0.0,0.0,0.0,0.0,0.0,660.9237629525047,23.95198246779049,0.0,0.0,0.0,-9.094947017729282e-13,0.0
2025-03-23 00:00:00+00:00,1,1.0,3047.0827957348697,636.4672300591521,1424.5486875875338,986.0668780881832,636.4672300591521,483.41743254819517,153.04979751095698,3158.372005916678,0.0,636.4672300591521,0.0,1424.5486875875338,0.0,986.0668780881832,0.0,0.0,0.0,0.0,0.0,1622.5341081473352,540.8447027157785,3587.9274984506474,53.81891247675971,28.490973751750676,28.490973751750676,164.29048511207637,815.9360478081157,3863.0188435429855,0.0,0.0,0.0,0.0,0.0,24520.358625876932,0.0,0.0,660.9237629525047,23.950972467567116,0.0,0.0,0.0,0.0,0.0
2025-03-23 01:00:00+00:00,1,1.0,3689.539622469024,770.8071452694068,1726.4478788239612,1192.2845983756554,770.8071452694068,585.5252822567237,185.28186301268306,3158.372005916678,0.0,770.8071452694068,0.0,1726.4478788239612,0.0,1192.2845983756554,0.0,0.0,0.0,0.0,0.0,1963.0917436450623,654.363914548354,4343.903537017377,65.15855305526065,34.52895757647922,34.52895757647922,198.9188563770568,987.49923913363,4677.038861602654,0.0,0.0,0.0,0.0,0.0,24471.31790862518,0.0,0.0,660.9237629525047,23.941656973153385,0.0,0.0,0.0,0.0,0.0
2025-03-23 02:00:00+00:00,1,1.0,4766.883972927061,995.3875917756754,2228.6348934682214,1542.8614876831682,995.3875917756754,756.1662753437531,239.2213164319224,3158.372005916678,0.0,995.3875917756754,0.0,2228.6348934682214,0.0,1542.8614876831682,0.0,0.0,0.0,0.0,0.0,2538.249079458844,846.0830264862813,5612.9669994133465,84.19450499120019,44.57269786936443,44.57269786936443,256.95795032802766,1276.380877544238,6043.2648504713,0.0,0.0,0.0,0.0,0.0,24422.37527280793,0.0,0.0,660.9237629525047,23.923817186187478,0.0,0.0,0.0,4.547473508864641e-13,0.0
2025-03-23 03:00:00+00:00,1,1.0,5065.620620082867,1058.3758571401452,2371.1272988245537,1636.1174641181667,1058.375857140145,804.0128132648393,254.36304387530572,3158.372005916678,0.0,1058.3758571401452,0.0,2371.1272988245537,0.0,1636.1174641181667,0.0,0.0,0.0,0.0,0.0,2694.493321258312,898.1644404194373,5963.785060502303,89.45677590753455,47.42254597649107,47.42254597649107,273.1056925497751,1355.5720008297292,6421.192620912597,0.0,0.0,0.0,0.0,0.0,24373.530522262317,0.0,0.0,660.9237629525047,23.920917819255475,0.0,0.0,0.0,2.2737367544323206e-13,0.0
2025-03-23 04:00:00+00:00,1,1.0,4612.233252327111,963.2288475548505,2157.840931190322,1491.1634735819396,963.2288475548505,731.8677439698245,231.36110358502611,3158.372005916678,0.0,963.2288475548505,0.0,2157.840931190322,0.0,1491.1634735819396,0.0,0.0,0.0,0.0,0.0,2454.39232113679,818.1307737122634,5430.364026039375,81.45546039059062,43.15681862380644,43.15681862380644,248.6095743898855,1234.5094457403522,5846.742698067463,0.0,0.0,0.0,0.0,0.0,24324.783461217798,0.0,0.0,660.9237629525047,23.928065743066817,0.0,0.0,0.0,-2.2737367544323206e-13,0.0
2025-03-23 05:00:00+00:00,1,1.0,4918.4003314097545,1027.349703464183,2301.9871208182544,1589.0635071273157,1027.349703464183,780.5559232373666,246.7937802268164,3158.372005916678,0.0,1027.349703464183,0.0,2301.9871208182544,0.0,1589.0635071273157,0.0,0.0,0.0,0.0,0.0,2616.4132105914987,872.1377368638329,5790.538068273586,86.85807102410378,46.03974241636509,46.03974241636509,265.1239430846439,1316.1992358053108,6234.599567215065,0.0,0.0,0.0,0.0,0.0,24276.133894295363,0.0,0.0,660.9237629525047,23.92374552251777,0.0,0.0,0.0,-4.547473508864641e-13,0.0
2025-03-23 06:00:00+00:00,1,1.0,4640.041575661417,969.0404476097098,2170.770991768743,1500.2301362829621,969.0404476097098,736.2420942243529,232.79835338535688,3158.372005916678,0.0,969.0404476097098,0.0,2170.770991768743,0.0,1500.2301362829621,0.0,0.0,0.0,0.0,0.0,2469.2705838926718,823.0901946308906,5463.131770292305,81.94697655438458,43.41541983537486,43.41541983537486,250.1107750295229,1241.978785885548,5882.020361546964,0.0,0.0,0.0,0.0,0.0,24227.581626506773,0.0,0.0,660.9237629525047,23.92749470856768,0.0,0.0,0.0,-9.094947017729282e-13,0.0
2025-03-23 07:00:00+00:00,1,1.0,4423.780537253034,923.3062066612736,2067.3520022184252,1433.1223283733377,923.3062066612736,701.7936744481675,221.51253221310603,3158.372005916678,0.0,923.3062066612736,0.0,2067.3520022184252,0.0,1433.1223283733377,0.0,0.0,0.0,0.0,0.0,2356.4285350346113,785.4761783448704,5209.256715597907,78.1388507339686,41.347040044368505,41.347040044368505,238.4052256211014,1184.7143347886777,5608.494872041711,0.0,0.0,0.0,0.0,0.0,24179.126463253764,0.0,0.0,660.9237629525047,23.929742575754492,0.0,0.0,0.0,-9.094947017729282e-13,0.0
2025-03-23 08:00:00+00:00,1,1.0,2525.460535255602,528.2039250858583,1181.8920133253941,815.3645968443498,528.2039250858583,401.09061368620604,127.11331139965225,3158.372005916678,0.0,528.2039250858583,0.0,1181.8920133253941,0.0,815.3645968443498,0.0,0.0,0.0,0.0,0.0,1343.5685219302081,447.85617397673605,2973.3167092323383,44.59975063848508,23.637840266507883,23.637840266507883,136.26632088256727,675.9979260308041,3201.458461286405,0.0,0.0,0.0,0.0,0.0,24130.76821032726,0.0,0.0,660.9237629525047,23.95855671749388,0.0,0.0,0.0,-9.094947017729282e-13,0.0
2025-03-23 09:00:00+00:00,1,1.0,4083.5344389885936,853.4484863975083,1910.8098866447067,1319.2760659463772,853.4484863975083,648.4743984559572,204.97408794155115,3158.372005916678,0.0,853.4484863975083,0.0,1910.8098866447067,0.0,1319.2760659463772,0.0,0.0,0.0,0.0,0.0,2172.7245523438855,724.2415174479619,4807.775956436554,72.11663934654831,38.21619773289414,38.21619773289414,220.22552648740566,1093.0160787477041,5176.5505177362975,0.0,0.0,0.0,0.0,0.0,24082.506673906606,0.0,0.0,660.9237629525047,23.93429802777521,0.0,0.0,0.0,-2.2737367544323206e-13,0.0
2025-03-23 10:00:00+00:00,1,1.0,2599.533019262855,543.005859685446,1212.857243123951,843.6699164534593,543.005859685446,412.77301319243844,130.23284649300754,3158.372005916678,0.0,543.005859685446,0.0,1212.857243123951,0.0,843.6699164534593,0.0,0.0,0.0,0.0,0.0,1386.6757761389053,462.22525871296847,3061.758277975825,45.92637416963737,24.257144862479024,24.257144862479024,140.22979933577744,696.8957219433413,3296.428741206196,0.0,0.0,0.0,0.0,0.0,24034.341660558795,0.0,0.0,660.9237629525047,23.954458438748595,0.0,0.0,0.0,-3.410605131648481e-13,0.0
2025-03-23 11:00:00+00:00,1,1.0,2678.3055703265177,558.5007821233276,1249.3487284694806,870.4560597337095,558.5007821233276,424.85406039648075,133.64672172684675,3158.372005916678,0.0,558.5007821233276,0.0,1249.3487284694806,0.0,870.4560597337095,0.0,0.0,0.0,0.0,0.0,1428.956841857037,476.31894728567903,3154.6245176121965,47.31936776418295,24.986974569389613,24.986974569389613,144.3050601323566,717.9173243209979,3396.222894647515,0.0,0.0,0.0,0.0,0.0,23986.27297723768,0.0,0.0,660.9237629525047,23.955882099322196,0.0,0.0,0.0,-3.410605131648481e-13,0.0
2025-03-23 12:00:00+00:00,1,1.0,3707.387082912041,773.6410663372865,1732.713024888969,1201.0329916857843,773.6410663372866,588.4000559870389,185.2410103502477,3158.372005916678,0.0,773.6410663372865,0.0,1732.713024888969,0.0,1201.0329916857843,0.0,0.0,0.0,0.0,0.0,1974.6740580230708,658.2246860076903,4365.61176891973,65.48417653379595,34.654260497779376,34.654260497779376,199.7686674254616,992.7860509625065,4700.173133874548,0.0,0.0,0.0,0.0,0.0,23938.30043128321,0.0,0.0,660.9237629525047,23.941227733056103,0.0,0.0,0.0,1.1368683772161603e-13,0.0
2025-03-23 13:00:00+00:00,1,1.0,4774.338456629509,995.8231126262937,2230.6922687929873,1547.8230752102245,995.8231126262938,757.4015709520908,238.42154167420296,3158.372005916678,0.0,995.8231126262937,0.0,2230.6922687929873,0.0,1547.8230752102245,0.0,0.0,0.0,0.0,0.0,2543.646187836518,847.8820626121727,5622.220519241679,84.33330778862518,44.613845375859746,44.613845375859746,257.18867483226126,1278.6317359847787,9357.58900737681,0.0,0.0,0.0,0.0,0.0,23890.423830420645,3304.6188147625235,0.0,3795.960438941195,23.924896258106042,0.0,0.0,0.0,-1.8189894035458565e-12,0.0
2025-03-23 14:00:00+00:00,1,1.0,2979.168721184503,620.4290061307364,1389.1373160364303,969.6023990173379,620.4290061307365,472.1642428192819,148.26476331145457,3158.372005916678,0.0,620.4290061307364,0.0,1389.1373160364303,0.0,969.6023990173379,0.0,0.0,0.0,0.0,0.0,1590.0314051480743,530.0104683826914,3509.179189567196,52.63768784350793,27.782746320728606,27.782746320728606,160.37395286922919,798.5876017368857,6046.536043249871,0.0,0.0,0.0,0.0,0.0,23842.642982759804,2268.779720328483,0.0,5948.313866572543,23.952892739374978,0.0,0.0,0.0,-4.547473508864641e-13,0.0
2025-03-23 15:00:00+00:00,1,1.0,2661.2908495157944,553.103673041397,1241.1097465418995,867.0774299324953,553.103673041397,421.2376942136079,131.86597882778906,3158.372005916678,0.0,553.103673041397,0.0,1241.1097465418995,0.0,867.0774299324953,0.0,0.0,0.0,0.0,0.0,1420.1811029738924,473.39370099129746,3134.6845505070896,47.02026825760634,24.82219493083799,24.82219493083799,143.0442902914586,713.1026494020384,3374.3934989178333,0.0,0.0,0.0,0.0,0.0,23794.957696794285,0.0,0.0,5948.313866572543,23.96158342722118,0.0,0.0,0.0,4.547473508864641e-13,0.0
2025-03-23 16:00:00+00:00,1,1.0,2571.9426533617698,535.199813844988,1200.8542243702564,835.8886151465234,535.199813844988,407.3192938052141,127.88052003977387,3158.372005916678,0.0,535.199813844988,0.0,1200.8542243702564,0.0,835.8886151465234,0.0,0.0,0.0,0.0,0.0,1371.0884289915114,457.02947633050377,3028.9721296922717,45.434581945384075,24.01708448740513,24.01708448740513,138.33075127429774,688.8289785249958,3260.771631886766,0.0,0.0,0.0,0.0,0.0,23747.3677814007,0.0,0.0,5948.313866572543,23.962523608334894,0.0,0.0,0.0,4.547473508864641e-13,0.0
2025-03-23 17:00:00+00:00,1,1.0,2694.2734470521896,560.5609490584039,1258.4913673724116,875.2211306213749,560.560949058404,426.4727491341421,134.08819992426191,3158.372005916678,0.0,560.5609490584039,0.0,1258.4913673724116,0.0,875.2211306213749,0.0,0.0,0.0,0.0,0.0,1435.7820796797787,478.59402655992625,3172.8674736121166,47.593012104181746,25.169827347448233,25.169827347448233,144.87747152141338,721.4041648804177,3415.6776119326064,0.0,0.0,0.0,0.0,0.0,23699.8730458379,0.0,0.0,5948.313866572543,23.962175874460534,0.0,0.0,0.0,-9.094947017729282e-13,0.0
2025-03-23 18:00:00+00:00,1,1.0,4148.013061258572,864.3284639571277,1939.689051447242,1343.9955458542029,864.3284639571277,657.5876040780971,206.7408598790306,3158.372005916678,0.0,864.3284639571277,0.0,1939.689051447242,0.0,1343.9955458542029,0.0,0.0,0.0,0.0,0.0,2208.3240098113306,736.1080032704435,4884.121064529016,73.26181596793523,38.79378102894484,38.79378102894484,223.24544767473424,1110.2028289710029,3546.776023410193,0.0,0.0,0.0,0.0,0.0,23652.473299746227,0.0,1711.4398668193821,4144.297847384383,23.939764021053584,0.0,0.0,0.0,4.547473508864641e-13,0.0
2025-03-23 19:00:00+00:00,1,1.0,4286.388019597032,894.1327120680523,2007.0918138651114,1385.1634936638675,894.1327120680523,679.9908252258625,214.1418868421898,3158.372005916678,0.0,894.1327120680523,0.0,2007.0918138651114,878.1614945645442,507.00199909932326,0.0,0.0,878.1614945645442,1170.8819927527256,292.7204981881814,1401.1347111673756,467.0449037224585,3875.271428754945,58.12907143132418,48.92345122294767,40.141836277302225,230.80651280199282,1137.7662736442069,2119.535478478716,0.0,0.0,0.0,1170.8819927527256,0.0,24717.506246261826,0.0,3304.6188147625235,660.9237629525047,23.937893843404584,0.0,0.0,0.0,2.2737367544323206e-13,0.0
2025-03-23 20:00:00+00:00,1,1.0,3276.2455494626297,682.7374112988439,1533.2171738789784,1060.290964284805,682.7374112988439,519.4156394384979,163.32177186034593,3158.372005916678,0.0,682.7374112988439,0.0,1533.2171738789784,39.02764144146204,1021.2633228433431,0.0,0.0,39.02764144146204,52.03685525528272,13.00921381382068,1704.000734142187,568.0002447140623,3805.2181527352277,57.07827229102841,31.05461989199419,30.664343477579568,176.30780311907407,876.1144973075592,4152.360046770188,0.0,0.0,0.0,52.03685525528272,0.0,24717.506246261826,0.0,0.0,660.9237629525047,23.953440577937716,0.0,0.0,0.0,-7.958078640513122e-13,0.0
2025-03-23 21:00:00+00:00,1,1.0,3539.052929292931,737.7607849158312,1656.0723759673763,1145.2197684097248,737.7607849158312,560.947800522435,176.81298439339616,3158.372005916678,0.0,737.7607849158312,0.0,1656.0723759673763,0.0,1145.2197684097248,0.0,0.0,0.0,0.0,0.0,1882.980553325556,627.660184441852,4166.713113734784,62.50069670602176,33.12144751934753,33.12144751934753,190.50034520552364,946.9041213920925,4485.957050685023,0.0,0.0,0.0,0.0,0.0,24668.071233769308,0.0,0.0,660.9237629525047,23.94882249954837,0.0,0.0,0.0,-2.2737367544323206e-13,0.0
2025-03-23 22:00:00+00:00,1,1.0,4426.837872567179,922.9837580026224,2070.9184467458044,1432.9356678187519,922.9837580026224,701.178278730667,221.8054792719554,3158.372005916678,0.0,922.9837580026224,0.0,2070.9184467458044,0.0,1432.9356678187519,0.0,0.0,0.0,0.0,0.0,2355.9194258213743,785.3064752737914,5212.14434784097,78.18216521761455,41.41836893491609,41.41836893491609,238.32620252054662,1184.6515808817846,5611.489453448964,0.0,0.0,0.0,0.0,0.0,24618.73509130177,0.0,0.0,660.9237629525047,23.93502922672511,0.0,0.0,0.0,2.2737367544323206e-13,0.0
2025-03-23 23:00:00+00:00,1,1.0,4604.1904827817725,960.2296625869157,2153.659539472637,1490.301280722221,960.2296625869155,729.3773666104179,230.8522959764977,3158.372005916678,0.0,960.2296625869157,0.0,2153.659539472637,0.0,1490.301280722221,0.0,0.0,0.0,0.0,0.0,2450.5309433091365,816.8436477697122,5421.034130551486,81.31551195827228,43.07319078945274,43.07319078945274,247.93005257738298,1232.235593884273,5836.426076666045,0.0,0.0,0.0,0.0,0.0,24569.497621119168,0.0,0.0,660.9237629525047,23.931259113053542,0.0,0.0,0.0,0.0,0.0
2025-04-16 00:00:00+00:00,2,52.0,3239.1537593227,674.9295881964675,1509.308098037321,1054.9160730889096,674.9295881964674,513.349534044896,161.58005415157146,3158.372005916678,0.0,674.9295881964675,0.0,1509.308098037321,0.0,1054.9160730889096,0.0,0.0,0.0,0.0,0.0,1729.845661285377,576.615220428459,3815.768979751157,57.236534696267356,30.18616196074642,30.18616196074642,174.46282387946877,868.686902925688,4107.840662248388,0.0,0.0,0.0,0.0,0.0,24471.31790862518,0.0,0.0,3795.960438941195,23.945741084840797,0.0,0.0,0.0,2.2737367544323206e-13,0.0
2025-04-16 01:00:00+00:00,2,52.0,3205.933997984104,667.8835308941726,1491.7183876245012,1046.3320794654285,667.8835308941725,508.2560795620942,159.62745133207835,3158.372005916678,0.0,667.8835308941726,0.0,1491.7183876245012,0.0,1046.3320794654285,0.0,0.0,0.0,0.0,0.0,1714.2156103596012,571.4052034532004,3777.339201437303,56.660088021559545,29.834367752490024,29.834367752490024,172.7068803954911,860.4409073752312,6335.154625687817,0.0,0.0,0.0,0.0,0.0,24422.37527280793,2268.779720328483,0.0,5948.313866572543,23.943718732575018,0.0,0.0,0.0,-9.094947017729282e-13,0.0
2025-04-16 02:00:00+00:00,2,52.0,3103.7730949721554,646.2700640665663,1445.2902140169147,1012.2128168886748,646.2700640665663,491.90073827930183,154.36932578726447,3158.372005916678,0.0,646.2700640665663,0.0,1445.2902140169147,0.0,1012.2128168886748,0.0,0.0,0.0,0.0,0.0,1658.482880955241,552.8276269850803,3656.6007219572357,54.849010829358534,28.905804280338295,28.905804280338295,167.1116654519535,832.599911827069,3936.3730067992237,0.0,0.0,0.0,0.0,0.0,24373.530522262314,0.0,0.0,5948.313866572543,23.94813700235626,0.0,0.0,0.0,-6.821210263296962e-13,0.0
2025-04-16 03:00:00+00:00,2,52.0,3024.2111732183216,629.0384393329972,1407.8194596539365,987.3532742313903,629.0384393329972,479.1920057781164,149.84643355488075,3158.372005916678,0.0,629.0384393329972,0.0,1407.8194596539365,0.0,987.3532742313903,0.0,0.0,0.0,0.0,0.0,1616.3917135643874,538.7972378547958,3563.0084110731195,53.44512616609679,28.15638919307873,28.15638919307873,162.71495751929126,811.2700999263413,3835.4812731446623,0.0,0.0,0.0,0.0,0.0,24324.783461217794,0.0,0.0,5948.313866572543,23.950779929120408,0.0,0.0,0.0,-6.821210263296962e-13,0.0
2025-04-16 04:00:00+00:00,2,52.0,2954.7414648134127,614.2448620612784,1375.3872345103991,965.1093682417339,614.2448620612784,468.1052593718261,146.13960268945223,3158.372005916678,0.0,614.2448620612784,0.0,1375.3872345103991,0.0,965.1093682417339,0.0,0.0,0.0,0.0,0.0,1579.3542303030122,526.4514101010041,3481.1928749144154,52.21789312371623,27.507744690207982,27.507744690207982,158.91532040705218,792.6001130121884,3747.341577825601,0.0,0.0,0.0,0.0,0.0,24276.133894295363,0.0,0.0,5948.313866572543,23.952656474995482,0.0,0.0,0.0,-3.410605131648481e-13,0.0
2025-04-16 05:00:00+00:00,2,52.0,2962.1748147568196,616.5491637846006,1379.4001599235112,966.225491048708,616.5491637846008,469.5240496402301,147.0251141443706,3158.372005916678,0.0,616.5491637846006,0.0,1379.4001599235112,0.0,966.225491048708,0.0,0.0,0.0,0.0,0.0,1582.7746548333087,527.5915516111029,3489.7663663679227,52.34649549551884,27.588003198470226,27.588003198470226,159.44417729887562,794.5582308024378,3756.733045559257,0.0,0.0,0.0,0.0,0.0,24227.581626506773,0.0,0.0,5948.313866572543,23.950842722193467,0.0,0.0,0.0,-5.684341886080801e-13,0.0
2025-04-16 06:00:00+00:00,2,52.0,2982.5662695347764,620.6923126548064,1389.5316064880374,972.3423503919336,620.6923126548065,472.6105441144388,148.08176854036765,3158.372005916678,0.0,620.6923126548064,0.0,1389.5316064880374,0.0,972.3423503919336,0.0,0.0,0.0,0.0,0.0,1593.03466304674,531.0115543489134,3513.577823883691,52.703667358255366,27.79063212976075,27.79063212976075,160.50636401654742,799.8028499832377,477.75030475548965,0.0,0.0,0.0,0.0,0.0,24179.12646325376,0.0,3304.6188147625235,2464.939782140664,23.951927061939944,0.0,0.0,0.0,-1.0231815394945443e-12,0.0
2025-04-16 07:00:00+00:00,2,52.0,3122.616889788706,649.0819390120462,1455.3846809183672,1018.1502698582934,649.0819390120462,494.40588446675565,154.6760545452905,3158.372005916678,0.0,649.0819390120462,0.0,1455.3846809183672,0.0,1018.1502698582934,0.0,0.0,0.0,0.0,0.0,1667.2322088703395,555.7440696234465,3678.3609594121535,55.1754143911823,29.107693618367342,29.107693618367342,167.88467449519501,837.0195457465584,2248.196568715882,0.0,0.0,0.0,0.0,0.0,24130.768210327256,0.0,1711.4398668193821,660.9237629525047,23.953420863342348,0.0,0.0,0.0,0.0,0.0
2025-04-16 08:00:00+00:00,2,52.0,3162.8174339193406,656.8458228192793,1472.7084211271272,1033.263189972935,656.8458228192794,500.66585869834734,156.17996412093203,3158.372005916678,0.0,656.8458228192793,0.0,1472.7084211271272,0.0,1033.263189972935,0.0,0.0,0.0,0.0,0.0,1690.1090127922143,563.3696709307382,3726.18710485008,55.8928065727512,29.454168422542544,29.454168422542544,169.97168046782065,848.1424948163951,4010.959928735736,0.0,0.0,0.0,0.0,0.0,24082.506673906606,0.0,0.0,660.9237629525047,23.952753600623648,0.0,0.0,0.0,2.2737367544323206e-13,0.0
2025-04-16 09:00:00+00:00,2,52.0,3192.3010943847667,665.785994283014,1490.4610790640832,1036.05402103767,665.785994283014,506.4671377584123,159.31885652460173,3158.372005916678,0.0,665.785994283014,0.0,1490.4610790640832,0.0,1036.05402103767,0.0,0.0,0.0,0.0,0.0,1701.840015320684,567.2800051068947,3759.581099491662,56.39371649237493,29.809221581281662,29.809221581281662,171.98359682341606,855.275761585249,4047.576855970016,0.0,0.0,0.0,0.0,0.0,24034.341660558795,0.0,0.0,660.9237629525047,23.94852894662692,0.0,0.0,0.0,2.2737367544323206e-13,0.0
2025-04-16 10:00:00+00:00,2,52.0,3113.8284834599995,650.4441783630729,1457.351506721164,1006.032798375763,650.4441783630729,494.40732628036506,156.03685208270778,3158.372005916678,0.0,650.4441783630729,0.0,1457.351506721164,0.0,1006.032798375763,0.0,0.0,0.0,0.0,0.0,1656.476976738836,552.1589922462787,3665.987475706279,54.989812135594185,29.147030134423282,29.147030134423282,167.85725995259514,833.3001246033145,3947.1286080633145,0.0,0.0,0.0,0.0,0.0,23986.272977237684,0.0,0.0,660.9237629525047,23.95098292845038,0.0,0.0,0.0,4.547473508864641e-13,0.0
2025-04-16 11:00:00+00:00,2,52.0,3059.565289610999,639.0394084905787,1432.8002324163149,987.7256487041068,639.0394084905787,485.8079071755488,153.23150131502993,3158.372005916678,0.0,639.0394084905787,0.0,1432.8002324163149,0.0,987.7256487041068,0.0,0.0,0.0,0.0,0.0,1626.7650571946856,542.2550190648952,3601.820308675896,54.02730463013844,28.6560046483263,28.6560046483263,164.89700378245612,818.4913367741424,6146.836346713624,0.0,0.0,0.0,0.0,0.0,23938.300431283205,2268.779720328483,0.0,2813.277190583852,23.953186860998365,0.0,0.0,0.0,-4.547473508864641e-13,0.0
2025-04-16 12:00:00+00:00,2,52.0,3268.7853368005876,683.4831177653239,1528.4933716466278,1056.808847388635,683.4831177653239,519.467904835447,164.01521292987687,3158.372005916678,0.0,683.4831177653239,0.0,1528.4933716466278,0.0,1056.808847388635,0.0,0.0,0.0,0.0,0.0,1740.291965153959,580.0973217179863,3848.8826585185734,57.7332398777786,30.569867432932558,30.569867432932558,176.3743398109826,875.3446362726128,7448.748787835722,0.0,0.0,0.0,0.0,0.0,23890.423830420634,3304.6188147625235,0.0,5948.313866572543,23.945095054580005,0.0,0.0,0.0,-9.094947017729282e-13,0.0
2025-04-16 13:00:00+00:00,2,52.0,3229.829248924678,675.2252748519817,1510.6668315204142,1043.9371425522793,675.2252748519818,513.2115362845801,162.01373856740165,3158.372005916678,0.0,675.2252748519817,0.0,1510.6668315204142,0.0,1043.9371425522793,0.0,0.0,0.0,0.0,0.0,1719.1624174042609,573.0541391347537,3802.883388059429,57.04325082089143,30.213336630408286,30.213336630408286,174.2411490009357,864.7652122173974,4094.594461142075,0.0,0.0,0.0,0.0,0.0,23842.642982759786,0.0,0.0,5948.313866572543,23.946842394542426,0.0,0.0,0.0,-2.2737367544323206e-13,0.0
2025-04-16 14:00:00+00:00,2,52.0,3166.463171222306,661.7005687905702,1481.1824083543195,1023.5801940774159,661.7005687905702,502.9701768759324,158.7303919146378,3158.372005916678,0.0,661.7005687905702,0.0,1481.1824083543195,0.0,1023.5801940774159,0.0,0.0,0.0,0.0,0.0,1685.2807628679861,561.7602542893287,3728.2234255116346,55.92335138267452,29.62364816708639,29.62364816708639,170.76564746562207,847.6965494717979,4014.1597206941037,0.0,0.0,0.0,0.0,0.0,23794.95769679427,0.0,0.0,5948.313866572543,23.94907055872227,0.0,0.0,0.0,0.0,0.0
2025-04-16 15:00:00+00:00,2,52.0,3130.6983092546166,655.5470730634573,1466.5509236102348,1008.600312580922,655.5470730634573,497.70699018120655,157.84008288225078,3158.372005916678,0.0,655.5470730634573,0.0,1466.5509236102348,0.0,1008.600312580922,0.0,0.0,0.0,0.0,0.0,1664.1473856443795,554.7157952147932,3685.4141044694074,55.28121156704111,29.331018472204697,29.331018472204697,169.03052158561283,837.6895653118565,3968.387874566473,0.0,0.0,0.0,0.0,0.0,23747.36778140068,0.0,0.0,5948.313866572543,23.94841848251614,0.0,0.0,0.0,-2.2737367544323206e-13,0.0
2025-04-16 16:00:00+00:00,2,52.0,3146.8534829328705,659.1341032912782,1474.7506538730304,1012.9687257685608,659.1341032912782,500.39480886882393,158.73929442245426,3158.372005916678,0.0,659.1341032912782,0.0,1474.7506538730304,0.0,1012.9687257685608,0.0,0.0,0.0,0.0,0.0,1672.102829059839,557.367609686613,3704.2210926194825,55.56331638929223,29.49501307746061,29.49501307746061,169.92577623800577,841.8467284688322,3988.7002114017023,0.0,0.0,0.0,0.0,0.0,23699.87304583788,0.0,0.0,5948.313866572543,23.948507965825733,0.0,0.0,0.0,-4.547473508864641e-13,0.0
2025-04-16 17:00:00+00:00,2,52.0,3115.8346999118326,652.4952737667036,1461.3961118242894,1001.9433143208403,652.4952737667036,495.3146222060101,157.18065156069346,3158.372005916678,0.0,652.4952737667036,0.0,1461.3961118242894,0.0,1001.9433143208403,0.0,0.0,0.0,0.0,0.0,1654.4385880875438,551.4795293625147,3667.314229274348,55.00971343911522,29.22792223648579,29.22792223648579,168.19222953487935,833.1373168094808,3948.972016721314,0.0,0.0,0.0,0.0,0.0,23652.47329974621,0.0,0.0,5948.313866572543,23.950777191918572,0.0,0.0,0.0,6.821210263296962e-13,0.0
2025-04-16 18:00:00+00:00,2,52.0,3107.6242572658634,650.5948459842433,1456.925026360942,1000.1043849206786,650.5948459842433,493.89326991107123,156.70157607317205,3158.372005916678,0.0,650.5948459842433,0.0,1456.925026360942,878.161494564558,121.94289035612064,0.0,0.0,878.161494564558,1170.8819927527438,292.72049818818596,772.537736340364,257.5125787801213,2486.975341481427,37.304630122221404,37.92011547286442,29.138500527218838,167.73071236215452,822.3270354527665,625.3324779561058,0.0,0.0,0.0,1170.8819927527438,0.0,24717.506246261826,0.0,3304.6188147625235,2464.939782140664,23.950680764926528,0.0,0.0,0.0,-6.821210263296962e-13,0.0
2025-04-16 19:00:00+00:00,2,52.0,3156.1381682879146,659.5152007547975,1476.4461728644544,1020.1767946686631,659.5152007547975,501.13403458239856,158.38116617239902,3158.372005916678,0.0,659.5152007547975,0.0,1476.4461728644544,39.02764144146204,981.149153227201,0.0,0.0,39.02764144146204,52.03685525528272,13.00921381382068,1640.6643539819986,546.8881179939996,3663.9986448404525,54.959979672606785,29.91919987170371,29.52892345728909,170.1992755277455,844.5047103371653,2289.203011805698,0.0,0.0,0.0,52.03685525528272,0.0,24717.506246261826,0.0,1711.4398668193821,660.9237629525047,23.949559374573436,0.0,0.0,0.0,4.547473508864641e-13,0.0
2025-04-16 20:00:00+00:00,2,52.0,3134.47372620738,654.4020123736099,1465.2027564437171,1014.8689573900509,654.4020123736099,497.78843307449796,156.61357929911188,3158.372005916678,0.0,654.4020123736099,0.0,1465.2027564437171,0.0,1014.8689573900509,0.0,0.0,0.0,0.0,0.0,1669.2709697636608,556.423656587887,3690.897382795265,55.363460741928975,29.304055128874342,29.304055128874342,168.95159161677577,839.3468192043404,3973.8205454117206,0.0,0.0,0.0,0.0,0.0,24668.071233769308,0.0,0.0,660.9237629525047,23.950011913185268,0.0,0.0,0.0,2.2737367544323206e-13,0.0
2025-04-16 21:00:00+00:00,2,52.0,3219.440747141053,671.3479326788292,1505.1991106365722,1042.8937038256513,671.3479326788292,511.03084429817926,160.31708838065,3158.372005916678,0.0,671.3479326788292,0.0,1505.1991106365722,0.0,1042.8937038256513,0.0,0.0,0.0,0.0,0.0,1714.2416365044805,571.4138788348268,3790.8546259758796,56.86281938963819,30.103982212731445,30.103982212731445,173.37617222665526,861.8608348765832,4081.301582017636,0.0,0.0,0.0,0.0,0.0,24618.73509130177,0.0,0.0,660.9237629525047,23.9511015707953,0.0,0.0,0.0,-3.410605131648481e-13,0.0
2025-04-16 22:00:00+00:00,2,52.0,3205.571780563216,668.4924015013275,1496.3710920609306,1040.7082870009585,668.4924015013275,508.9138675638517,159.57853393747587,3158.372005916678,0.0,668.4924015013275,0.0,1496.3710920609306,0.0,1040.7082870009585,0.0,0.0,0.0,0.0,0.0,1709.200688502286,569.7335628340953,3775.305343397312,56.629580150959676,29.92742184121861,29.92742184121861,172.6971721411045,858.9151588085966,4064.4869393718127,0.0,0.0,0.0,0.0,0.0,24569.497621119168,0.0,0.0,660.9237629525047,23.948081698980374,0.0,0.0,0.0,-1.1368683772161603e-13,0.0
2025-04-16 23:00:00+00:00,2,52.0,3116.379732225525,651.1603031236889,1456.364735914699,1008.854693187138,651.1603031236889,494.976610619119,156.1836925045699,3158.372005916678,0.0,651.1603031236889,0.0,1456.364735914699,0.0,1008.854693187138,0.0,0.0,0.0,0.0,0.0,1660.014996310827,553.338332103609,3669.718064329135,55.04577096493702,29.127294718293978,29.127294718293978,168.0860117683497,834.7247042734837,7255.723251261532,0.0,0.0,0.0,0.0,0.0,24520.358625876932,3304.6188147625235,0.0,3795.960438941195,23.947828308385443,0.0,0.0,0.0,0.0,0.0
2025-05-10 00:00:00+00:00,3,36.0,2845.180114523788,591.7909149660924,1333.3772256903628,920.0119738673303,591.7909149660923,451.43019020909105,140.36072475700126,3158.372005916678,0.0,591.7909149660924,0.0,1333.3772256903628,0.0,920.0119738673303,0.0,0.0,0.0,0.0,0.0,1511.8028888334227,503.93429627780756,3349.1144108015933,50.236716162023896,26.667544513807258,26.667544513807258,152.86473587586784,760.3708373433137,3605.5509518671015,0.0,0.0,0.0,0.0,0.0,24471.31790862518,0.0,0.0,660.9237629525047,23.96414176483269,0.0,0.0,0.0,0.0,0.0
2025-05-10 01:00:00+00:00,3,36.0,2851.6844749140664,592.8688037336258,1335.4507797452313,923.3648914352112,592.8688037336258,452.2575018576809,140.6113018759449,3158.372005916678,0.0,592.8688037336258,0.0,1335.4507797452313,0.0,923.3648914352112,0.0,0.0,0.0,0.0,0.0,1516.2336951688371,505.41123172294573,3357.0957066370142,50.35643559955521,26.709015594904628,26.709015594904628,153.18613117359325,762.3718296859034,3614.0563045999693,0.0,0.0,0.0,0.0,0.0,24422.37527280793,0.0,0.0,660.9237629525047,23.963679800715937,0.0,0.0,0.0,-5.684341886080801e-13,0.0
2025-05-10 02:00:00+00:00,3,36.0,2805.0132069112033,582.9083723639726,1312.2481238174203,909.8567107298079,582.9083723639726,444.7807860986824,138.12758626529023,3158.372005916678,0.0,582.9083723639726,0.0,1312.2481238174203,0.0,909.8567107298079,0.0,0.0,0.0,0.0,0.0,1492.7650830937805,497.58836103126015,3302.601567942461,49.53902351913691,26.244962476348405,26.244962476348405,150.6656905327488,750.2830000358427,5824.0759272755295,0.0,0.0,0.0,0.0,0.0,24373.53052226232,2268.779720328483,0.0,2813.277190583852,23.96350036446233,0.0,0.0,0.0,4.547473508864641e-13,0.0
2025-05-10 03:00:00+00:00,3,36.0,2798.3027511067385,582.0629749964186,1309.6150965489476,906.6246795613706,582.0629749964186,444.030025489116,138.03294950730256,3158.372005916678,0.0,582.0629749964186,0.0,1309.6150965489476,0.0,906.6246795613706,0.0,0.0,0.0,0.0,0.0,1488.6876545577893,496.22921818592977,3294.531969292667,49.417979539390004,26.192301930978953,26.192301930978953,150.3964241660789,748.4282257533565,3546.730976860095,0.0,0.0,0.0,0.0,0.0,24324.7834612178,0.0,0.0,2813.277190583852,23.962684958022027,0.0,0.0,0.0,-1.1368683772161603e-13,0.0
2025-05-10 04:00:00+00:00,3,36.0,2749.9230817662174,572.0230833152075,1286.013498135569,891.8865003154399,572.0230833152075,436.2014048455177,135.82167846968983,3158.372005916678,0.0,572.0230833152075,0.0,1286.013498135569,0.0,891.8865003154399,0.0,0.0,0.0,0.0,0.0,1463.9095836306474,487.9698612102158,3237.892942976432,48.56839414464648,25.72026996271138,25.72026996271138,147.82294738364425,735.8017426639294,3485.7248244301463,0.0,0.0,0.0,0.0,0.0,24276.133894295366,0.0,0.0,2813.277190583852,23.962128813011148,0.0,0.0,0.0,-4.547473508864641e-13,0.0
2025-05-10 05:00:00+00:00,3,36.0,2771.6920072423513,576.3927973515775,1296.5181205712395,898.7810893195327,576.3927973515774,439.50925193472506,136.88354541685243,3158.372005916678,0.0,576.3927973515775,0.0,1296.5181205712395,0.0,898.7810893195327,0.0,0.0,0.0,0.0,0.0,1475.1738866711103,491.72462889037007,3263.4166361327198,48.9512495419908,25.93036241142479,25.93036241142479,148.95398193886382,741.4905851940741,6817.801407198949,0.0,0.0,0.0,0.0,0.0,24227.581626506777,3304.6188147625235,0.0,5948.313866572543,23.96265368960809,0.0,0.0,0.0,0.0,0.0
2025-05-10 06:00:00+00:00,3,36.0,2768.427949534081,575.7980131492923,1295.686416344847,896.9435200399438,575.7980131492923,438.8943467375857,136.90366641170664,3158.372005916678,0.0,575.7980131492923,0.0,1295.686416344847,0.0,896.9435200399438,0.0,0.0,0.0,0.0,0.0,1472.7415331892362,490.91384439641206,3259.3417939304954,48.89012690895743,25.91372832689694,25.91372832689694,148.7753325881515,740.4067605473149,3508.8347100813958,0.0,0.0,0.0,0.0,0.0,24179.126463253764,0.0,0.0,5948.313866572543,23.96335264269815,0.0,0.0,0.0,-2.2737367544323206e-13,0.0
2025-05-10 07:00:00+00:00,3,36.0,2799.894535403492,583.8339863195256,1314.9633442722404,901.0972048117256,583.8339863195256,444.24027976991374,139.59370654961188,3158.372005916678,0.0,583.8339863195256,0.0,1314.9633442722404,0.0,901.0972048117256,0.0,0.0,0.0,0.0,0.0,1484.9311911312511,494.97706371041704,3294.871599113909,49.42307398670863,26.29926688544481,26.29926688544481,150.62884224322724,747.6275137112426,242.9032343522108,0.0,0.0,0.0,0.0,0.0,24130.76821032726,0.0,3304.6188147625235,2464.939782140664,23.96426939651391,0.0,0.0,0.0,-1.1368683772161603e-13,0.0
2025-05-10 08:00:00+00:00,3,36.0,2828.821979840501,591.7198081519011,1331.4665803771934,905.6355913114038,591.7198081519011,449.7473696769918,141.97243847490935,3158.372005916678,0.0,591.7198081519011,0.0,1331.4665803771934,0.0,905.6355913114038,0.0,0.0,0.0,0.0,0.0,1497.3553994633048,499.1184664877683,3327.9404463282663,49.91910669492399,26.629331607543868,26.629331607543868,152.46327701193613,754.7595134097163,1872.141626430835,0.0,0.0,0.0,0.0,0.0,24082.506673906613,0.0,1711.4398668193821,660.9237629525047,23.961867353437444,0.0,0.0,0.0,-3.410605131648481e-13,0.0
2025-05-10 09:00:00+00:00,3,36.0,2852.640445048621,597.9185402003067,1346.134242642188,908.5876622061257,597.9185402003067,454.0669688303442,143.8515713699625,3158.372005916678,0.0,597.9185402003067,0.0,1346.134242642188,0.0,908.5876622061257,0.0,0.0,0.0,0.0,0.0,1506.5062024064323,502.16873413547745,3354.809179184098,50.32213768776147,26.92268485284376,26.92268485284376,153.8881265863397,760.2243681152661,3612.864813163887,0.0,0.0,0.0,0.0,0.0,24034.3416605588,0.0,0.0,660.9237629525047,23.96226871176195,0.0,0.0,0.0,-2.2737367544323206e-13,0.0
2025-05-10 10:00:00+00:00,3,36.0,2864.6547110195024,599.8640219345724,1350.5537889282714,914.2369001566582,599.8640219345724,455.50500238320836,144.35901955136404,3158.372005916678,0.0,599.8640219345724,0.0,1350.5537889282714,0.0,914.2369001566582,0.0,0.0,0.0,0.0,0.0,1514.1009220912306,504.70030736374355,3369.355018383246,50.540325275748685,27.011075778565427,27.011075778565427,154.45697306518477,763.7197572618079,3628.3744682813103,0.0,0.0,0.0,0.0,0.0,23986.27297723768,0.0,0.0,660.9237629525047,23.962291172952334,0.0,0.0,0.0,0.0,0.0
2025-05-10 11:00:00+00:00,3,36.0,2854.0950518941063,596.8731046746103,1343.6859874183087,913.535959801187,596.8731046746103,453.64553277676606,143.22757189784429,3158.372005916678,0.0,596.8731046746103,0.0,1343.6859874183087,0.0,913.535959801187,0.0,0.0,0.0,0.0,0.0,1510.4090644757973,503.4696881585991,3357.564740052705,50.363471100790576,26.873719748366174,26.873719748366174,153.79020735392217,761.3708061100442,3615.4658580041505,0.0,0.0,0.0,0.0,0.0,23938.300431283205,0.0,0.0,660.9237629525047,23.96227946980334,0.0,0.0,0.0,0.0,0.0
2025-05-10 12:00:00+00:00,3,36.0,2844.43433555206,595.0694822527831,1339.9010753726905,909.4637779265853,595.0694822527832,452.1035809220196,142.9659013307636,3158.372005916678,0.0,595.0694822527831,0.0,1339.9010753726905,0.0,909.4637779265853,0.0,0.0,0.0,0.0,0.0,1504.5332601793684,501.51108672645614,3345.9454222785153,50.189181334177725,26.79802150745381,26.79802150745381,153.29036194692029,758.5866730224617,6907.6398233370455,0.0,0.0,0.0,0.0,0.0,23890.42383042064,3304.6188147625235,0.0,3795.960438941195,23.96254043538555,0.0,0.0,0.0,4.547473508864641e-13,0.0
2025-05-10 13:00:00+00:00,3,36.0,2964.053024794435,620.4973787189614,1395.471645604848,948.0840004706271,620.4973787189614,471.76711806359,148.73026065537138,3158.372005916678,0.0,620.4973787189614,0.0,1395.471645604848,0.0,948.0840004706271,0.0,0.0,0.0,0.0,0.0,1568.5813791895885,522.8604597298628,3486.913484524299,52.30370226786448,27.90943291209696,27.90943291209696,159.83771716091266,790.8207449828337,6023.653490105752,0.0,0.0,0.0,0.0,0.0,23842.642982759797,2268.779720328483,0.0,5948.313866572543,23.958814437115695,0.0,0.0,0.0,4.547473508864641e-13,0.0
2025-05-10 14:00:00+00:00,3,36.0,2983.065283916223,625.387450444058,1403.4658396799987,954.2119937921669,625.387450444058,475.16032835182114,150.2271220922369,3158.372005916678,0.0,625.387450444058,0.0,1403.4658396799987,0.0,954.2119937921669,0.0,0.0,0.0,0.0,0.0,1579.5994442362248,526.5331480787416,3509.5984319949653,52.643976479924476,28.069316793599974,28.069316793599974,161.05931279375048,796.3750709396166,3779.44035485584,0.0,0.0,0.0,0.0,0.0,23794.957696794278,0.0,0.0,5948.313866572543,23.954704040661806,0.0,0.0,0.0,1.1368683772161603e-13,0.0
2025-05-10 15:00:00+00:00,3,36.0,2991.4683223091556,627.1553249281819,1406.8321178917224,957.480879489252,627.1553249281819,476.5111566019933,150.64416832618858,3158.372005916678,0.0,627.1553249281819,0.0,1406.8321178917224,0.0,957.480879489252,0.0,0.0,0.0,0.0,0.0,1584.6362044174339,528.2120681391447,3519.6803904483013,52.795205856724515,28.13664235783445,28.13664235783445,161.52885161522423,798.8094103267623,3790.2777326359173,0.0,0.0,0.0,0.0,0.0,23747.367781400684,0.0,0.0,5948.313866572543,23.953922302074083,0.0,0.0,0.0,-5.684341886080801e-13,0.0
2025-05-10 16:00:00+00:00,3,36.0,3040.5406210890624,637.5396293450011,1430.8813687348684,972.1196230091945,637.5396293450011,484.40329991207,153.13632943293112,3158.372005916678,0.0,637.5396293450011,0.0,1430.8813687348684,0.0,972.1196230091945,0.0,0.0,0.0,0.0,0.0,1609.6592523541956,536.5530841180652,3577.093705207129,53.656405578106934,28.617627374697367,28.617627374697367,164.17175113343626,811.6164955790031,3852.1571166680656,0.0,0.0,0.0,0.0,0.0,23699.87304583789,0.0,0.0,5948.313866572543,23.954075025654046,0.0,0.0,0.0,1.1368683772161603e-13,0.0
2025-05-10 17:00:00+00:00,3,36.0,2990.811706214056,627.8050539147101,1408.566917329317,954.439734970028,627.8050539147102,476.42564422076344,151.37940969394674,3158.372005916678,0.0,627.8050539147101,0.0,1408.566917329317,0.0,954.439734970028,0.0,0.0,0.0,0.0,0.0,1582.2447888847382,527.4149296282461,3518.226635842301,52.77339953763452,28.17133834658634,28.17133834658634,161.58606934431324,798.1170752033667,3788.9287814174218,0.0,0.0,0.0,0.0,0.0,23652.473299746216,0.0,0.0,5948.313866572543,23.95387925102895,0.0,0.0,0.0,-7.958078640513122e-13,0.0
2025-05-10 18:00:00+00:00,3,36.0,3074.99117271697,643.3247654352443,1442.6869485593054,988.9794587224211,643.3247654352444,488.9389289000155,154.38583653522886,3158.372005916678,0.0,643.3247654352443,0.0,1442.6869485593054,0.0,988.9794587224211,0.0,0.0,0.0,0.0,0.0,1632.3042241576654,544.1014080525551,3619.0925807695257,54.286388711542884,28.853738971186107,28.853738971186107,165.8687885053286,821.9640632117989,3896.9552359287686,0.0,0.0,0.0,0.0,0.0,23605.168353146724,0.0,0.0,5948.313866572543,23.952155230461095,0.0,0.0,0.0,-4.547473508864641e-13,0.0
2025-05-10 19:00:00+00:00,3,36.0,3048.0191882415293,638.2625520193676,1429.2651791683554,980.4914570538082,638.2625520193676,485.20366637153086,153.05888564783672,3158.372005916678,0.0,638.2625520193676,0.0,1429.2651791683554,915.4328130168869,65.05864403692124,0.0,0.0,915.4328130168869,1220.577084022516,305.144271005629,703.3211960562888,234.4403986854296,2367.0267739100736,35.505401608651106,37.73963171353598,28.585303583367107,164.54647651484015,805.961483111453,549.361856590459,0.0,0.0,0.0,1220.577084022516,0.0,24717.506246261826,0.0,3304.6188147625235,2464.939782140664,23.949418294041138,0.0,0.0,0.0,1.1368683772161603e-13,0.0
2025-05-10 20:00:00+00:00,3,36.0,3093.4341376045822,646.4334581581578,1451.1672037089606,995.8334757374628,646.4334581581578,491.79341933644446,154.64003882171335,3158.372005916678,0.0,646.4334581581578,0.0,1451.1672037089606,0.0,995.8334757374628,0.0,0.0,0.0,0.0,0.0,1642.2669338956207,547.4223112985402,3640.8564489031214,54.61284673354682,29.023344074179214,29.023344074179214,166.72886999471174,826.8107161751573,2208.8049869603565,0.0,0.0,0.0,0.0,0.0,24668.071233769308,0.0,1711.4398668193821,660.9237629525047,23.953923906689486,0.0,0.0,0.0,-9.094947017729282e-13,0.0
2025-05-10 21:00:00+00:00,3,36.0,3151.4140776579247,656.8156430770727,1476.1964440771296,1018.4019905037214,656.8156430770725,500.2187590817128,156.5968839953598,3158.372005916678,0.0,656.8156430770727,0.0,1476.1964440771296,0.0,1018.4019905037214,0.0,0.0,0.0,0.0,0.0,1675.217633580794,558.4058778602647,3709.819955518188,55.64729933277282,29.52392888154259,29.52392888154259,169.58161205082877,842.6826470069515,3994.0967246648765,0.0,0.0,0.0,0.0,0.0,24618.73509130177,0.0,0.0,660.9237629525047,23.95581832638118,0.0,0.0,0.0,3.410605131648481e-13,0.0
2025-05-10 22:00:00+00:00,3,36.0,3139.5246216862106,656.0682068420842,1475.6478714637406,1007.808543380384,656.0682068420842,499.13573129228774,156.93247554979655,3158.372005916678,0.0,656.0682068420842,0.0,1475.6478714637406,0.0,1007.808543380384,0.0,0.0,0.0,0.0,0.0,1663.8767502224682,554.6255834074894,3694.1502050936983,55.41225307640547,29.512957429274813,29.512957429274813,169.1397305009625,838.2034818434071,3977.7281035296164,0.0,0.0,0.0,0.0,0.0,24569.497621119168,0.0,0.0,660.9237629525047,23.956619948297337,0.0,0.0,0.0,-1.2505552149377763e-12,0.0
2025-05-10 23:00:00+00:00,3,36.0,3063.0606555468994,638.9991552505795,1437.716336911854,986.3451633844664,638.9991552505795,486.59811995156076,152.40103529901876,3158.372005916678,0.0,638.9991552505795,0.0,1437.716336911854,0.0,986.3451633844664,0.0,0.0,0.0,0.0,0.0,1625.344318635046,541.7814395450154,3604.8420950919153,54.07263142637873,28.75432673823708,28.75432673823708,164.86569482974187,818.2284192776101,3881.2890748245095,0.0,0.0,0.0,0.0,0.0,24520.358625876932,0.0,0.0,660.9237629525047,23.95857706222167,0.0,0.0,0.0,0.0,0.0
2025-06-27 00:00:00+00:00,4,104.0,2972.3891943255894,623.9715951846492,1402.682029866185,945.7355692747526,623.9715951846492,473.5792017335124,150.39239345113683,3158.372005916678,0.0,623.9715951846492,0.0,1402.682029866185,0.0,945.7355692747526,0.0,0.0,0.0,0.0,0.0,1569.7071644594018,523.2357214864672,3495.624915812054,52.434373737180806,28.053640597323703,28.053640597323703,160.51801873282113,792.2953951511166,3764.6845894767066,0.0,0.0,0.0,0.0,0.0,24520.358625876936,0.0,0.0,660.9237629525047,23.955966773285372,0.0,0.0,0.0,5.684341886080801e-13,0.0
2025-06-27 01:00:00+00:00,4,104.0,2974.5704631418066,624.4315841616724,1403.5430080350704,946.595870945064,624.4315841616724,473.9320402174215,150.49954394425095,3158.372005916678,0.0,624.4315841616724,0.0,1403.5430080350704,0.0,946.595870945064,0.0,0.0,0.0,0.0,0.0,1571.0274551067364,523.6758183689121,3498.246281510719,52.47369422266079,28.07086016070141,28.07086016070141,160.64043656731442,792.9316694802901,3767.502132622097,0.0,0.0,0.0,0.0,0.0,24471.317908625184,0.0,0.0,660.9237629525047,23.955317509474053,0.0,0.0,0.0,4.547473508864641e-13,0.0
2025-06-27 02:00:00+00:00,4,104.0,2962.0674572742187,622.098781412077,1397.1740679018228,942.79460796032,622.098781412077,471.97374371799015,150.1250376940868,3158.372005916678,0.0,622.098781412077,0.0,1397.1740679018228,0.0,942.79460796032,0.0,0.0,0.0,0.0,0.0,1564.893389372397,521.631129790799,3483.6985870650187,52.25547880597528,27.943481358036458,27.943481358036458,160.03186587944245,789.8054371922897,3751.8728944665086,0.0,0.0,0.0,0.0,0.0,24422.375272807934,0.0,0.0,660.9237629525047,23.95380141231725,0.0,0.0,0.0,2.2737367544323206e-13,0.0
2025-06-27 03:00:00+00:00,4,104.0,2898.9437019631428,608.6528112122764,1364.9776983321842,925.3131924186829,608.6528112122764,461.7935881654354,146.85922304684107,3158.372005916678,0.0,608.6528112122764,0.0,1364.9776983321842,0.0,925.3131924186829,0.0,0.0,0.0,0.0,0.0,1533.9660036309592,511.32200121031974,3410.2657031734634,51.15398554760195,27.299553966643685,27.299553966643685,156.64791637580132,773.7230110670102,3672.666713030153,0.0,0.0,0.0,0.0,0.0,24373.53052226232,0.0,0.0,660.9237629525047,23.952219015249682,0.0,0.0,0.0,0.0,0.0
2025-06-27 04:00:00+00:00,4,104.0,2787.838365586684,585.8466465891482,1313.0807406054105,888.9109783921242,585.8466465891483,444.60266533459134,141.24398125455696,3158.372005916678,0.0,585.8466465891482,0.0,1313.0807406054105,0.0,888.9109783921242,0.0,0.0,0.0,0.0,0.0,1474.7576249812723,491.58587499375744,3279.4242405804403,49.1913636087066,26.26161481210821,26.26161481210821,150.73328777812728,744.0337560048077,3531.872121591492,0.0,0.0,0.0,0.0,0.0,24324.783461217798,0.0,0.0,660.9237629525047,23.952962769633547,0.0,0.0,0.0,1.1368683772161603e-13,0.0
2025-06-27 05:00:00+00:00,4,104.0,2807.562379466614,590.9861463562526,1325.4917288610397,891.0845042493214,590.9861463562526,447.8130690683786,143.17307728787398,3158.372005916678,0.0,590.9861463562526,0.0,1325.4917288610397,0.0,891.0845042493214,0.0,0.0,0.0,0.0,0.0,1482.070650605574,494.023550201858,3301.5859296684716,49.52378894502707,26.509834577220797,26.509834577220797,151.9072159614734,748.4742242628,3556.036603729414,0.0,0.0,0.0,0.0,0.0,24276.133894295366,0.0,0.0,660.9237629525047,23.954156248840512,0.0,0.0,0.0,-1.1368683772161603e-13,0.0
2025-06-27 06:00:00+00:00,4,104.0,3020.8826747440003,633.9981834294626,1422.0113596548022,964.8731316597352,633.9981834294626,481.310207234606,152.68797619485667,3158.372005916678,0.0,633.9981834294626,0.0,1422.0113596548022,0.0,964.8731316597352,0.0,0.0,0.0,0.0,0.0,1598.8713150891979,532.9571050297326,3553.8397797737325,53.307596696605984,28.440227193096042,28.440227193096042,163.20422948328348,806.349385595814,3827.2320603398152,0.0,0.0,0.0,0.0,0.0,24227.581626506777,0.0,0.0,660.9237629525047,23.952017254209963,0.0,0.0,0.0,9.094947017729282e-13,0.0
2025-06-27 07:00:00+00:00,4,104.0,2973.344566588362,623.3584974755387,1396.6775983644511,953.3084707483708,623.3584974755387,473.8353056616021,149.52319181393662,3158.372005916678,0.0,623.3584974755387,0.0,1396.6775983644511,0.0,953.3084707483708,0.0,0.0,0.0,0.0,0.0,1576.6669682239094,525.5556560746364,3498.900222662997,52.48350333994495,27.933551967289024,27.933551967289024,160.58698618077108,794.4932495299306,3767.8378161182923,0.0,0.0,0.0,0.0,0.0,24179.126463253764,0.0,0.0,660.9237629525047,23.950402569174848,0.0,0.0,0.0,-2.2737367544323206e-13,0.0
2025-06-27 08:00:00+00:00,4,104.0,2962.233665295176,621.5450540012948,1393.1350388604467,947.553572433435,621.5450540012948,472.2005317070915,149.34452229420333,3158.372005916678,0.0,621.5450540012948,0.0,1393.1350388604467,0.0,947.553572433435,0.0,0.0,0.0,0.0,0.0,1569.0986264347298,523.0328754782432,3485.2665407734194,52.27899811160129,27.862700777208936,27.862700777208936,160.04061282750453,791.0778879717669,3753.311553266942,0.0,0.0,0.0,0.0,0.0,24130.76821032726,0.0,0.0,660.9237629525047,23.950818140001132,0.0,0.0,0.0,-5.684341886080801e-13,0.0
2025-06-27 09:00:00+00:00,4,104.0,2914.1667402706785,610.8419386615553,1368.496376791448,934.828424817673,610.8419386615553,464.3019279157707,146.54001074578457,3158.372005916678,0.0,610.8419386615553,0.0,1368.496376791448,0.0,934.828424817673,0.0,0.0,0.0,0.0,0.0,1545.6703634792284,515.2234544930761,3429.3901947637523,51.44085292145628,27.36992753582896,27.36992753582896,157.37910058461466,778.7832630708051,3692.9500033414834,0.0,0.0,0.0,0.0,0.0,24082.506673906613,0.0,0.0,660.9237629525047,23.95119680461533,0.0,0.0,0.0,-2.2737367544323206e-13,0.0
2025-06-27 10:00:00+00:00,4,104.0,2854.2154739279263,597.6110117022802,1339.564202823647,917.0402594020007,597.6110117022802,454.5690177000329,143.04199400224732,3158.372005916678,0.0,597.6110117022802,0.0,1339.564202823647,0.0,917.0402594020007,0.0,0.0,0.0,0.0,0.0,1514.651271104281,504.8837570347603,3359.099230962688,50.38648846444032,26.791284056472943,26.791284056472943,154.03687041819717,762.8896840303437,3617.105157958271,0.0,0.0,0.0,0.0,0.0,24034.3416605588,0.0,0.0,660.9237629525047,23.953407152813504,0.0,0.0,0.0,9.094947017729282e-13,0.0
2025-06-27 11:00:00+00:00,4,104.0,2864.5520750208466,601.1357306327152,1347.1490705599158,916.2672738282156,601.1357306327152,456.87665340494647,144.25907722776876,3158.372005916678,0.0,601.1357306327152,0.0,1347.1490705599158,0.0,916.2672738282156,0.0,0.0,0.0,0.0,0.0,1517.4030044609308,505.80100148697693,3370.3530765078235,50.55529614761735,26.942981411198318,26.942981411198318,154.7822844642843,765.0245449212752,3629.5766199421214,0.0,0.0,0.0,0.0,0.0,23986.27297723768,0.0,0.0,660.9237629525047,23.952615238617877,0.0,0.0,0.0,-3.410605131648481e-13,0.0
2025-06-27 12:00:00+00:00,4,104.0,2854.5137389646643,600.0702216951161,1344.5756186033557,909.8678986661924,600.0702216951161,455.54844726249513,144.52177443262096,3158.372005916678,0.0,600.0702216951161,0.0,1344.5756186033557,0.0,909.8678986661924,0.0,0.0,0.0,0.0,0.0,1509.9381203613084,503.3127067871028,3357.826445751767,50.36739668627651,26.891512372067115,26.891512372067115,154.38003618414473,761.8431644016583,6920.975718128846,0.0,0.0,0.0,0.0,0.0,23938.3004312832,3304.6188147625235,0.0,3795.960438941195,23.952527198017098,0.0,0.0,0.0,0.0,0.0
2025-06-27 13:00:00+00:00,4,104.0,2859.0678962428838,600.1850378779038,1343.7943428950966,915.088515469883,600.1850378779038,456.2341613676865,143.9508765102173,3158.372005916678,0.0,600.1850378779038,0.0,1343.7943428950966,0.0,915.088515469883,0.0,0.0,0.0,0.0,0.0,1515.2735533477867,505.09118444926224,3364.159080692146,50.462386210382185,26.875886857901932,26.875886857901932,154.5454515668878,763.850795942336,5891.698412513702,0.0,0.0,0.0,0.0,0.0,23890.42383042063,2268.779720328483,0.0,5948.313866572543,23.95123460146363,0.0,0.0,0.0,-4.547473508864641e-13,0.0
2025-06-27 14:00:00+00:00,4,104.0,2897.917169548976,608.4682086728669,1363.2222341584502,926.2267267176583,608.4682086728669,462.6949660962133,145.77324257665362,3158.372005916678,0.0,608.4682086728669,0.0,1363.2222341584502,0.0,926.2267267176583,0.0,0.0,0.0,0.0,0.0,1534.6949353905252,511.5649784635084,3409.482148012484,51.14223222018725,27.264444683169003,27.264444683169003,156.64096423120986,773.8770642812435,3671.7942338302196,0.0,0.0,0.0,0.0,0.0,23842.642982759793,0.0,0.0,5948.313866572543,23.95159934637488,0.0,0.0,0.0,2.2737367544323206e-13,0.0
2025-06-27 15:00:00+00:00,4,104.0,2900.4790381482444,610.5036024599591,1367.8201019981539,922.1553336901308,610.503602459959,463.38854383406994,147.1150586258891,3158.372005916678,0.0,610.5036024599591,0.0,1367.8201019981539,0.0,922.1553336901308,0.0,0.0,0.0,0.0,0.0,1532.6589361500899,510.88631205002997,3411.3653501982735,51.1704802529741,27.35640203996308,27.35640203996308,156.97294289631174,773.742539279242,3674.2215774274864,0.0,0.0,0.0,0.0,0.0,23794.957696794274,0.0,0.0,5948.313866572543,23.951473697892222,0.0,0.0,0.0,0.0,0.0
2025-06-27 16:00:00+00:00,4,104.0,2906.154744962548,611.5479217160954,1371.1367783307883,923.470044915665,611.5479217160954,464.1825785091683,147.36534320692707,3158.372005916678,0.0,611.5479217160954,0.0,1371.1367783307883,0.0,923.470044915665,0.0,0.0,0.0,0.0,0.0,1535.0179666317604,511.67265554392014,3417.8274005064686,51.267411007597026,27.422735566615767,27.422735566615767,157.23419935181113,775.0197370365597,3681.1744819991077,0.0,0.0,0.0,0.0,0.0,23747.367781400688,0.0,0.0,5948.313866572543,23.95264027833534,0.0,0.0,0.0,-2.2737367544323206e-13,0.0
2025-06-27 17:00:00+00:00,4,104.0,2911.70981245057,612.4374624900915,1372.9153473930335,926.3570025674439,612.4374624900915,464.720309973513,147.7171525165786,3158.372005916678,0.0,612.4374624900915,0.0,1372.9153473930335,0.0,926.3570025674439,0.0,0.0,0.0,0.0,0.0,1538.7944650575355,512.9314883525118,3424.6413008030804,51.36961951204621,27.45830694786067,27.45830694786067,157.50097924796114,776.7187010082406,3688.4285134588104,0.0,0.0,0.0,0.0,0.0,23699.87304583789,0.0,0.0,5948.313866572543,23.95272612041921,0.0,0.0,0.0,-3.410605131648481e-13,0.0
2025-06-27 18:00:00+00:00,4,104.0,2945.2197398778285,618.4296624009189,1386.8401979819264,939.9498794949835,618.4296624009189,469.3514809547959,149.07818144612307,3158.372005916678,0.0,618.4296624009189,0.0,1386.8401979819264,0.0,939.9498794949835,0.0,0.0,0.0,0.0,0.0,1558.3795418959025,519.4598472986341,3464.679587176463,51.97019380764694,27.73680395963853,27.73680395963853,159.16021344969369,786.0638624752519,2019.8437355336978,0.0,0.0,0.0,0.0,0.0,23652.473299746216,0.0,1711.4398668193821,4144.297847384383,23.95234154384468,0.0,0.0,0.0,-4.547473508864641e-13,0.0
2025-06-27 19:00:00+00:00,4,104.0,2980.3909338777416,625.3028319938006,1401.9336668559458,953.1544350279937,625.3028319938006,474.7020781666957,150.6007538271049,3158.372005916678,0.0,625.3028319938006,0.0,1401.9336668559458,878.1614945645524,74.9929404634413,0.0,0.0,878.1614945645524,1170.8819927527366,292.72049818818414,700.2957724572419,233.43192415241398,2335.661363465602,35.03492045198403,36.820288282764444,28.03867333711892,161.00231413212254,787.048618544588,462.8207376598057,0.0,0.0,0.0,1170.8819927527366,0.0,24717.506246261826,0.0,3304.6188147625235,660.9237629525047,23.95118054612419,0.0,0.0,0.0,-4.547473508864641e-13,0.0
2025-06-27 20:00:00+00:00,4,104.0,2968.9866483174515,623.4557573577118,1397.2528590247334,948.2780319350052,623.4557573577118,473.0818530739788,150.37390428373303,3158.372005916678,0.0,623.4557573577118,0.0,1397.2528590247334,39.02764144146204,909.2503904935431,0.0,0.0,39.02764144146204,52.03685525528272,13.00921381382068,1532.706147851255,510.9020492837517,3440.86105615974,51.6129158423961,28.33533359490929,27.94505718049467,160.47206941869845,792.2766391340709,3761.263287451522,0.0,0.0,0.0,52.03685525528272,0.0,24717.506246261826,0.0,0.0,660.9237629525047,23.950204207531904,0.0,0.0,0.0,-3.410605131648481e-13,0.0
2025-06-27 21:00:00+00:00,4,104.0,2953.4170974572535,619.8286845621461,1388.7040272595152,944.884385635591,619.8286845621462,470.4724579365779,149.3562266255683,3158.372005916678,0.0,619.8286845621461,0.0,1388.7040272595152,0.0,944.884385635591,0.0,0.0,0.0,0.0,0.0,1564.7130701977371,521.5710233992457,3474.9881208564984,52.12482181284747,27.774080545190305,27.774080545190305,159.594535330238,788.8385416327117,3742.255639089966,0.0,0.0,0.0,0.0,0.0,24668.071233769308,0.0,0.0,660.9237629525047,23.949753267244628,0.0,0.0,0.0,6.821210263296962e-13,0.0
2025-06-27 22:00:00+00:00,4,104.0,2930.9927835730564,614.7126815205371,1377.8035398873894,938.4765621651297,614.712681520537,466.89995781406463,147.8127237064724,3158.372005916678,0.0,614.7126815205371,0.0,1377.8035398873894,0.0,938.4765621651297,0.0,0.0,0.0,0.0,0.0,1553.189243685667,517.7297478952223,3448.7225314682787,51.730837972024176,27.55607079774779,27.55607079774779,158.31643622042031,782.8891636831623,3713.8819472562186,0.0,0.0,0.0,0.0,0.0,24618.73509130177,0.0,0.0,660.9237629525047,23.95121107624139,0.0,0.0,0.0,-1.1368683772161603e-13,0.0
2025-06-27 23:00:00+00:00,4,104.0,2925.2518606763706,613.5564713778735,1375.922018277019,935.7733710214773,613.5564713778735,466.0029861590325,147.5534852188411,3158.372005916678,0.0,613.5564713778735,0.0,1375.922018277019,0.0,935.7733710214773,0.0,0.0,0.0,0.0,0.0,1549.3298423993508,516.4432807997836,3441.6951414761534,51.6254271221423,27.518440365540382,27.518440365540382,157.99388860829166,781.0994772612983,3706.351337937669,0.0,0.0,0.0,0.0,0.0,24569.497621119168,0.0,0.0,660.9237629525047,23.952495190968342,0.0,0.0,0.0,2.2737367544323206e-13,0.0
2025-10-04 00:00:00+00:00,5,17.0,2772.335379650507,569.9292234712066,1273.7496523427903,928.6565038365093,569.9292234712066,435.3816081776055,134.54761529360107,3158.372005916678,0.0,569.9292234712066,0.0,1273.7496523427903,0.0,928.6565038365093,0.0,0.0,0.0,0.0,0.0,1498.5857273077158,499.5285757692386,3271.863955419745,49.07795933129617,25.474993046855808,25.474993046855808,148.3086041495942,747.8651253438406,3520.2005049943477,0.0,0.0,0.0,0.0,0.0,24471.31790862518,0.0,0.0,660.9237629525047,23.95134683987102,0.0,0.0,0.0,0.0,0.0
2025-10-04 01:00:00+00:00,5,17.0,2779.9243563056393,570.8359834389566,1275.6606728583176,933.4277000083646,570.8359834389566,436.2256084584398,134.61037498051684,3158.372005916678,0.0,570.8359834389566,0.0,1275.6606728583176,0.0,933.4277000083646,0.0,0.0,0.0,0.0,0.0,1504.2636834473212,501.42122781577376,3281.3455841214127,49.22018376182119,25.513213457166355,25.513213457166355,148.63154044068807,750.2993789326156,5799.003455566738,0.0,0.0,0.0,0.0,0.0,24422.37527280793,2268.779720328483,0.0,2813.277190583852,23.951246659537343,0.0,0.0,0.0,0.0,0.0
2025-10-04 02:00:00+00:00,5,17.0,2782.067544758503,570.3113145286111,1274.610497552101,937.145732677793,570.3113145286111,436.1809819385961,134.13033259001492,3158.372005916678,0.0,570.3113145286111,0.0,1274.610497552101,0.0,937.145732677793,0.0,0.0,0.0,0.0,0.0,1507.4570472064042,502.4856824021347,3284.55322716064,49.268298407409596,25.492209951042017,25.492209951042017,148.6169674394667,751.355368151095,6838.041727672122,0.0,0.0,0.0,0.0,0.0,24373.530522262317,3304.6188147625235,0.0,5948.313866572543,23.951659570715183,0.0,0.0,0.0,0.0,0.0
2025-10-04 03:00:00+00:00,5,17.0,2760.95356824539,566.4484804299215,1264.7104268808555,929.7946609346145,566.4484804299215,433.08194536956023,133.3665350603612,3158.372005916678,0.0,566.4484804299215,0.0,1264.7104268808555,0.0,929.7946609346145,0.0,0.0,0.0,0.0,0.0,1496.2431413645359,498.7477137881786,3259.70128203357,48.895519230503545,25.29420853761711,25.29420853761711,147.58212869783662,745.8137787917531,3506.7673470371433,0.0,0.0,0.0,0.0,0.0,24324.783461217798,0.0,0.0,5948.313866572543,23.95019247598768,0.0,0.0,0.0,0.0,0.0
2025-10-04 04:00:00+00:00,5,17.0,2761.044650665493,566.7137893547341,1264.3651137502918,929.9657475604686,566.7137893547342,433.199546844265,133.51424251046916,3158.372005916678,0.0,566.7137893547341,0.0,1264.3651137502918,0.0,929.9657475604686,0.0,0.0,0.0,0.0,0.0,1496.6795369152028,498.89317897173424,3259.937829637229,48.89906744455843,25.287302275005835,25.287302275005835,147.64323039405818,746.0100813603624,3507.054732025856,0.0,0.0,0.0,0.0,0.0,24276.133894295363,0.0,0.0,5948.313866572543,23.948884215304584,0.0,0.0,0.0,6.821210263296962e-13,0.0
2025-10-04 05:00:00+00:00,5,17.0,2641.789902241664,542.4666449190913,1212.4363995422705,886.8868577803036,542.4666449190913,414.06737792065115,128.3992669984401,3158.372005916678,0.0,542.4666449190913,0.0,1212.4363995422705,0.0,886.8868577803036,0.0,0.0,0.0,0.0,0.0,1429.353502699395,476.451167566465,3118.2410698081303,46.773616047121955,24.24872799084541,24.24872799084541,141.23619519930375,712.9584347945815,3354.7483370362456,0.0,0.0,0.0,0.0,0.0,24227.581626506773,0.0,0.0,5948.313866572543,23.953721214170038,0.0,0.0,0.0,0.0,0.0
2025-10-04 06:00:00+00:00,5,17.0,2549.551565904991,524.2187822650571,1173.7053444415353,851.6274391983976,524.2187822650571,399.6635317912083,124.55525047384882,3158.372005916678,0.0,524.2187822650571,0.0,1173.7053444415353,0.0,851.6274391983976,0.0,0.0,0.0,0.0,0.0,1375.8462214634546,458.6154071544849,3008.166973059475,45.122504595892124,23.474106888830708,23.474106888830708,136.3412290021841,687.0273545302225,0.0,0.0,0.0,0.0,0.0,0.0,24179.126463253764,0.0,3236.578920435213,2536.6601280844875,23.957810574837897,0.0,0.0,0.0,-4.547473508864641e-13,0.0
2025-10-04 07:00:00+00:00,5,17.0,2508.767897509253,515.8545938656965,1155.6692175287249,837.2440861148316,515.8545938656965,393.54688932567063,122.30770454002587,3158.372005916678,0.0,515.8545938656965,0.0,1155.6692175287249,0.0,837.2440861148316,0.0,0.0,0.0,0.0,0.0,1353.0986799805282,451.0328933268427,2959.800790836096,44.39701186254144,23.1133843505745,23.1133843505745,134.14780114195102,675.8044750324842,1405.092611395045,0.0,0.0,0.0,0.0,0.0,24130.76821032726,0.0,1779.4797611466922,660.9237629525047,23.958918415975248,0.0,0.0,0.0,1.1368683772161603e-13,0.0
2025-10-04 08:00:00+00:00,5,17.0,2576.8371060932204,528.8875975551472,1185.8043248816316,862.1451836564402,528.8875975551472,404.04033825185275,124.84725930329448,3158.372005916678,0.0,528.8875975551472,0.0,1185.8043248816316,0.0,862.1451836564402,0.0,0.0,0.0,0.0,0.0,1391.0327812115875,463.6775937371958,3040.514699830415,45.60772049745622,23.71608649763263,23.71608649763263,137.6392614876491,694.3567487175665,3271.1938548107873,0.0,0.0,0.0,0.0,0.0,24082.506673906606,0.0,0.0,660.9237629525047,23.95941399870436,0.0,0.0,0.0,4.547473508864641e-13,0.0
2025-10-04 09:00:00+00:00,5,17.0,2647.138345203874,541.6789310361718,1214.5268476961662,890.9325664715367,541.6789310361718,414.2788422760805,127.4000887600913,3158.372005916678,0.0,541.6789310361718,0.0,1214.5268476961662,0.0,890.9325664715367,0.0,0.0,0.0,0.0,0.0,1432.6114975077085,477.53716583590284,3124.6755110397776,46.870132665596664,24.290536953923326,24.290536953923326,141.17771564087064,714.166088050217,3361.3044332540912,0.0,0.0,0.0,0.0,0.0,24034.341660558795,0.0,0.0,660.9237629525047,23.95908971492887,0.0,0.0,0.0,2.2737367544323206e-13,0.0
2025-10-04 10:00:00+00:00,5,17.0,2613.6421317498016,535.9451478270282,1197.1789557376285,880.5180281851451,535.9451478270282,409.541757674408,126.4033901526202,3158.372005916678,0.0,535.9451478270282,0.0,1197.1789557376285,0.0,880.5180281851451,0.0,0.0,0.0,0.0,0.0,1416.4631760121733,472.1543920040578,3085.7965237538597,46.28694785630789,23.94357911475257,23.94357911475257,139.65389329873233,705.9823913886031,3319.6245231384037,0.0,0.0,0.0,0.0,0.0,23986.27297723768,0.0,0.0,660.9237629525047,23.953182159998892,0.0,0.0,0.0,-1.0231815394945443e-12,0.0
2025-10-04 11:00:00+00:00,5,17.0,2561.7366210066575,524.3597188767156,1172.8373740686527,864.539528061289,524.3597188767155,401.2660703124359,123.09364856427969,3158.372005916678,0.0,524.3597188767156,0.0,1172.8373740686527,0.0,864.539528061289,0.0,0.0,0.0,0.0,0.0,1388.8992469380046,462.9664156460015,3024.7030366526587,45.37054554978988,23.456747481373053,23.456747481373053,136.71910292371967,691.9695590822572,5522.485900417398,0.0,0.0,0.0,0.0,0.0,23938.30043128321,2268.779720328483,0.0,2813.277190583852,23.956784719704533,0.0,0.0,0.0,0.0,0.0
2025-10-04 12:00:00+00:00,5,17.0,2590.1558036228676,529.784810251457,1186.6652141964644,873.7057791749463,529.784810251457,405.4107632789762,124.37404697248073,3158.372005916678,0.0,529.784810251457,0.0,1186.6652141964644,0.0,873.7057791749463,0.0,0.0,0.0,0.0,0.0,1403.4905894264034,467.8301964754678,3057.9860000983354,45.86979000147503,23.73330428392929,23.73330428392929,138.14013288712988,699.3067279319314,6594.081346317322,0.0,0.0,0.0,0.0,0.0,23890.423830420645,3304.6188147625235,0.0,5948.313866572543,23.958541719991555,0.0,0.0,0.0,-9.094947017729282e-13,0.0
2025-10-04 13:00:00+00:00,5,17.0,2578.671645327066,528.2688548829005,1184.4823945781077,865.9203958660578,528.2688548829005,403.955509328149,124.31334555475156,3158.372005916678,0.0,528.2688548829005,0.0,1184.4823945781077,0.0,865.9203958660578,0.0,0.0,0.0,0.0,0.0,1394.1892507489583,464.7297502496528,3043.4013955767186,45.65102093365078,23.689647891562153,23.689647891562153,137.6058825416896,695.3659495081174,3274.0375948351834,0.0,0.0,0.0,0.0,0.0,23842.642982759804,0.0,0.0,5948.313866572543,23.960219840945836,0.0,0.0,0.0,0.0,0.0
2025-10-04 14:00:00+00:00,5,17.0,2551.113812437001,522.2571438698373,1172.2376552959124,856.6190132712517,522.2571438698373,399.7470601227056,122.51008374713163,3158.372005916678,0.0,522.2571438698373,0.0,1172.2376552959124,0.0,856.6190132712517,0.0,0.0,0.0,0.0,0.0,1378.876157141089,459.6253857136963,3010.7391981506976,45.16108797226046,23.44475310591825,23.44475310591825,136.05747520745317,687.7334551052464,3238.8472675422468,0.0,0.0,0.0,0.0,0.0,23794.957696794285,0.0,0.0,5948.313866572543,23.962630186292973,0.0,0.0,0.0,-5.684341886080801e-13,0.0
2025-10-04 15:00:00+00:00,5,17.0,2491.247767477709,510.11991432163546,1143.7584232506968,837.369429905379,510.1199143216354,390.47065797520605,119.64925634642938,3158.372005916678,0.0,510.11991432163546,0.0,1143.7584232506968,0.0,837.369429905379,0.0,0.0,0.0,0.0,0.0,1347.4893442270145,449.16311474233817,2940.4108822200496,44.10616323330074,22.875168465013935,22.875168465013935,132.911986395293,671.9316013009598,3163.179368778669,0.0,0.0,0.0,0.0,0.0,23747.3677814007,0.0,0.0,5948.313866572543,23.96200674605228,0.0,0.0,0.0,0.0,0.0
2025-10-04 16:00:00+00:00,5,17.0,2473.627428948961,506.32314955951887,1134.1936669329064,833.1106124565347,506.32314955951887,387.7130346831681,118.61011487635079,3158.372005916678,0.0,506.32314955951887,0.0,1134.1936669329064,0.0,833.1106124565347,0.0,0.0,0.0,0.0,0.0,1339.4337620160536,446.4779206720179,2920.105349620978,43.801580244314664,22.683873338658127,22.683873338658127,131.97563980883393,667.6228874024828,3141.2503163514425,0.0,0.0,0.0,0.0,0.0,23699.8730458379,0.0,0.0,5948.313866572543,23.960934378186032,0.0,0.0,0.0,-1.3642420526593924e-12,0.0
2025-10-04 17:00:00+00:00,5,17.0,2562.6593872141925,522.893593119395,1168.9976034591523,870.7681906356434,522.893593119395,400.98895454929317,121.90463857010174,3158.372005916678,0.0,522.893593119395,0.0,1168.9976034591523,840.8154840912621,29.95270654438127,0.0,0.0,840.8154840912621,1121.0873121216828,280.2718280304207,552.8462996637762,184.2820998879254,1906.1260030108538,28.591890045162806,31.788106910095664,23.379952069183044,136.56858383001372,684.8824607728012,1449.7635927833724,0.0,0.0,0.0,1121.0873121216828,0.0,24717.506246261826,0.0,1797.778255203622,4053.289195116909,23.956472710593058,0.0,0.0,0.0,3.410605131648481e-13,0.0
2025-10-04 18:00:00+00:00,5,17.0,2533.027693289755,516.2886002102597,1154.0202458895874,862.718847189907,516.2886002102597,396.23424454202404,120.05435566823564,3158.372005916678,0.0,516.2886002102597,0.0,1154.0202458895874,39.02764144146204,823.691205748445,0.0,0.0,39.02764144146204,52.03685525528272,13.00921381382068,1339.9798059587047,446.6599353195682,2940.65998716786,44.1098998075179,23.47068133220637,23.08040491779175,134.9225978976231,685.252733088528,0.0,0.0,0.0,0.0,52.03685525528272,0.0,24717.506246261826,0.0,3218.2804263782837,660.9237629525047,23.956967475976846,0.0,0.0,0.0,6.821210263296962e-13,0.0
2025-10-04 19:00:00+00:00,5,17.0,2513.7720482862746,512.8029161883694,1145.6746899573866,855.2944421405207,512.8029161883694,393.4382922779164,119.36462391045299,3158.372005916678,0.0,512.8029161883694,0.0,1145.6746899573866,39.02764144146204,816.2668006990586,0.0,0.0,39.02764144146204,52.03685525528272,13.00921381382068,1329.069716887428,443.023238962476,2917.7676458072906,43.76651468710936,23.303770213562355,22.913493799147734,133.9690487348173,679.9852802109334,3193.757328497208,0.0,0.0,0.0,52.03685525528272,0.0,24717.506246261826,0.0,0.0,660.9237629525047,23.956461510883692,0.0,0.0,0.0,1.1368683772161603e-13,0.0
2025-10-04 20:00:00+00:00,5,17.0,2470.1049623555627,504.0020465174467,1124.51733642646,841.5855794116554,504.0020465174466,386.64926405310024,117.3527824643464,3158.372005916678,0.0,504.0020465174467,0.0,1124.51733642646,0.0,841.5855794116554,0.0,0.0,0.0,0.0,0.0,1345.5876259291022,448.52920864303405,2918.6341709985963,43.779512564978944,22.4903467285292,22.4903467285292,131.69468343847623,668.9840981035476,3139.089060459111,0.0,0.0,0.0,0.0,0.0,24668.071233769308,0.0,0.0,660.9237629525047,23.95483506253759,0.0,0.0,0.0,5.684341886080801e-13,0.0
2025-10-04 21:00:00+00:00,5,17.0,2378.6375790412726,487.2660742578196,1087.3171965938604,804.0543081895934,487.2660742578196,373.0015804003343,114.26449385748526,3158.372005916678,0.0,487.2660742578196,0.0,1087.3171965938604,0.0,804.0543081895934,0.0,0.0,0.0,0.0,0.0,1291.320382447413,430.44012748247104,2809.0777065237444,42.13616559785616,21.74634393187721,21.74634393187721,127.06660049200431,643.135581436086,3021.773160477358,0.0,0.0,0.0,0.0,0.0,24618.73509130177,0.0,0.0,660.9237629525047,23.95624091632803,0.0,0.0,0.0,-5.684341886080801e-13,0.0
2025-10-04 22:00:00+00:00,5,17.0,2404.149435673911,492.7690914721534,1100.2866532510905,811.0936909506629,492.7690914721534,376.76987880897076,115.99921266318262,3158.372005916678,0.0,492.7690914721534,0.0,1100.2866532510905,0.0,811.0936909506629,0.0,0.0,0.0,0.0,0.0,1303.8627824228163,434.6209274742721,2838.770363148179,42.581555447222684,22.00573306502181,22.00573306502181,128.44509024412608,649.6590392956645,3053.8084749695745,0.0,0.0,0.0,0.0,0.0,24569.497621119168,0.0,0.0,660.9237629525047,23.957040908098932,0.0,0.0,0.0,-7.958078640513122e-13,0.0
2025-10-04 23:00:00+00:00,5,17.0,2362.210892307045,483.25111205928397,1078.6045058679774,800.3552743797849,483.25111205928397,369.7674363373946,113.48367572188937,3158.372005916678,0.0,483.25111205928397,0.0,1078.6045058679774,0.0,800.3552743797849,0.0,0.0,0.0,0.0,0.0,1283.606386439069,427.86879547968965,2790.079687786736,41.85119531680104,21.572090117359547,21.572090117359547,126.09457607011424,638.9587471013241,3001.1696394083683,0.0,0.0,0.0,0.0,0.0,24520.358625876932,0.0,0.0,660.9237629525047,23.956868250046583,0.0,0.0,0.0,-7.958078640513122e-13,0.0
2025-10-16 00:00:00+00:00,6,21.0,2339.9718353632124,470.4511509906834,1042.0908913442784,827.4297930282498,470.4511509906834,360.0149886984191,110.43616229226433,3158.372005916678,0.0,470.4511509906834,0.0,1042.0908913442784,0.0,827.4297930282498,0.0,0.0,0.0,0.0,0.0,1297.8809440189332,432.6269813396444,2772.598816702856,41.588982250542834,20.841817826885567,20.841817826885567,123.99312522867868,639.8927244726369,2979.864559835849,0.0,0.0,0.0,0.0,0.0,0.0,0.0,0.0,660.9237629525047,23.950074493124948,0.0,0.0,0.0,-4.547473508864641e-13,0.0
2025-10-16 01:00:00+00:00,6,21.0,2313.3033477538447,465.2578697782074,1029.3427830763815,818.7026948992556,465.25786977820746,355.9731486129615,109.28472116524595,3158.372005916678,0.0,465.2578697782074,0.0,1029.3427830763815,0.0,818.7026948992556,0.0,0.0,0.0,0.0,0.0,1283.960564677463,427.98685489248766,2741.290202646332,41.11935303969498,20.58685566152763,20.58685566152763,122.63373730486242,632.9136565601003,2946.2170043139454,0.0,0.0,0.0,0.0,0.0,0.0,0.0,0.0,660.9237629525047,23.949109677324486,0.0,0.0,0.0,3.410605131648481e-13,0.0
2025-10-16 02:00:00+00:00,6,21.0,2338.023090188865,469.0035419234345,1038.1382143561373,830.8813339092923,469.0035419234345,359.480394411084,109.52314751235053,3158.372005916678,0.0,469.0035419234345,0.0,1038.1382143561373,0.0,830.8813339092923,0.0,0.0,0.0,0.0,0.0,1299.8848758327267,433.2949586109089,2771.318048799773,41.56977073199659,20.762764287122746,20.762764287122746,123.77192716952912,640.1621850866801,2978.1852752755444,0.0,0.0,0.0,0.0,0.0,0.0,0.0,0.0,660.9237629525047,23.949597461183732,0.0,0.0,0.0,-5.684341886080801e-13,0.0
2025-10-16 03:00:00+00:00,6,21.0,2372.724729111875,475.13007268541133,1053.2042036096695,844.3904528167943,475.1300726854114,364.38309340069856,110.74697928471281,3158.372005916678,0.0,475.13007268541133,0.0,1053.2042036096695,0.0,844.3904528167943,0.0,0.0,0.0,0.0,0.0,1319.5205255022056,439.84017516740187,2812.564904279277,42.18847356418915,21.064084072193392,21.064084072193392,125.45987268207851,649.6166895580564,3022.341418669932,0.0,0.0,0.0,0.0,0.0,0.0,0.0,0.0,660.9237629525047,23.950812227844857,0.0,0.0,0.0,4.547473508864641e-13,0.0
2025-10-16 04:00:00+00:00,6,21.0,2361.552986645079,471.0097735644601,1043.163650147205,847.3795629334132,471.00977356446015,361.8753926154347,109.13438094902543,3158.372005916678,0.0,471.0097735644601,0.0,1043.163650147205,0.0,847.3795629334132,0.0,0.0,0.0,0.0,0.0,1318.3893364978733,439.46311216595774,2801.016098811036,42.01524148216554,20.8632730029441,20.8632730029441,124.64484803055913,647.8497476845706,3009.4027343296493,0.0,0.0,0.0,0.0,0.0,0.0,0.0,0.0,660.9237629525047,23.950526103122918,0.0,0.0,0.0,-1.1368683772161603e-13,0.0
2025-10-16 05:00:00+00:00,6,21.0,2337.432519877436,465.205577049111,1030.3249992383394,841.901943589984,465.205577049111,357.86201477272,107.34356227639103,3158.372005916678,0.0,465.205577049111,0.0,1030.3249992383394,0.0,841.901943589984,0.0,0.0,0.0,0.0,0.0,1307.107520639095,435.7025068796983,2773.1350267571324,41.59702540135699,20.60649998476679,20.60649998476679,123.24170840045446,641.7542406510433,2979.1867605284788,0.0,0.0,0.0,0.0,0.0,0.0,0.0,0.0,660.9237629525047,23.950810266081806,0.0,0.0,0.0,-4.547473508864641e-13,0.0
2025-10-16 06:00:00+00:00,6,21.0,2245.723916846042,446.2169071361641,987.9193503071167,811.5876594027607,446.2169071361641,343.70805820336386,102.50884893280025,3158.372005916678,0.0,446.2169071361641,0.0,987.9193503071167,0.0,811.5876594027607,0.0,0.0,0.0,0.0,0.0,1257.8045665389247,419.26818884630825,2664.9921056923495,39.97488158538524,19.758387006142335,19.758387006142335,118.31984282686726,617.0796872708454,2862.8036041168866,0.0,0.0,0.0,0.0,0.0,0.0,0.0,0.0,660.9237629525047,23.952418444570583,0.0,0.0,0.0,-6.821210263296962e-13,0.0
2025-10-16 07:00:00+00:00,6,21.0,2252.5122594783807,447.50026032472687,988.8197163987081,816.192282754944,447.50026032472687,344.7244639606512,102.77579636407567,3158.372005916678,0.0,447.50026032472687,0.0,988.8197163987081,0.0,816.192282754944,0.0,0.0,0.0,0.0,0.0,1263.692543079671,421.23084769322367,2673.743107171603,40.10614660757404,19.776394327974163,19.776394327974163,118.71953677195798,619.609319728704,2872.1215792070843,0.0,0.0,0.0,0.0,0.0,0.0,0.0,0.0,660.9237629525047,23.949774636759553,0.0,0.0,0.0,-3.410605131648481e-13,0.0
2025-10-16 08:00:00+00:00,6,21.0,2253.3378561860136,448.5298335145513,990.9320474480603,813.8759752234025,448.5298335145513,345.2758959270784,103.25393758747289,3158.372005916678,0.0,448.5298335145513,0.0,990.9320474480603,0.0,813.8759752234025,0.0,0.0,0.0,0.0,0.0,1262.4058087379537,420.80193624598456,2674.1397924319986,40.112096886479975,19.818640948961207,19.818640948961207,118.8824966128704,619.4338116432573,2872.771667829271,0.0,0.0,0.0,0.0,0.0,0.0,0.0,0.0,660.9237629525047,23.948886907889747,0.0,0.0,0.0,0.0,0.0
2025-10-16 09:00:00+00:00,6,21.0,2295.657581293279,458.57336774175633,1013.3296507597366,823.7545627917864,458.57336774175633,352.2594405254198,106.31392721633657,3158.372005916678,0.0,458.57336774175633,0.0,1013.3296507597366,0.0,823.7545627917864,0.0,0.0,0.0,0.0,0.0,1282.3279305335427,427.4426435111809,2723.10022480446,40.8465033720669,20.266593015194733,20.266593015194733,121.32339417509777,630.145727088735,2925.803308382014,0.0,0.0,0.0,0.0,0.0,0.0,0.0,0.0,660.9237629525047,23.947732021541796,0.0,0.0,0.0,3.410605131648481e-13,0.0
2025-10-16 10:00:00+00:00,6,21.0,2296.796900667516,460.0519750447355,1016.7161450982294,820.0287805245524,460.0519750447355,353.05749278326147,106.99448226147408,3158.372005916678,0.0,460.0519750447355,0.0,1016.7161450982294,0.0,820.0287805245524,0.0,0.0,0.0,0.0,0.0,1280.080755569288,426.69358518976264,2723.49048585728,40.8523572878592,20.334322901964587,20.334322901964587,121.54657619748376,629.7611644790347,2926.5580651465516,0.0,0.0,0.0,0.0,0.0,0.0,0.0,0.0,660.9237629525047,23.947386690167754,0.0,0.0,0.0,6.821210263296962e-13,0.0
2025-10-16 11:00:00+00:00,6,21.0,2383.129426240317,475.76823412030757,1052.6400049186188,854.7211872013877,475.76823412030757,365.8778472244991,109.89038689580849,3158.372005916678,0.0,475.76823412030757,0.0,1052.6400049186188,0.0,854.7211872013877,0.0,0.0,0.0,0.0,0.0,1330.4894213216953,443.49647377389846,2826.6259000142127,42.39938850021319,21.052800098372376,21.052800098372376,125.87871056227152,653.8801730331279,3037.009599273444,0.0,0.0,0.0,0.0,0.0,0.0,0.0,0.0,660.9237629525047,23.94732560537995,0.0,0.0,0.0,-9.094947017729282e-13,0.0
2025-10-16 12:00:00+00:00,6,21.0,2399.4868278373915,477.6984468759406,1058.1922282873093,863.596152674142,477.6984468759406,367.87757368180866,109.82087319413196,3158.372005916678,0.0,477.6984468759406,0.0,1058.1922282873093,0.0,863.596152674142,0.0,0.0,0.0,0.0,0.0,1341.2945995500827,447.0981998500276,2846.58502768742,42.698775415311296,21.163844565746185,21.163844565746185,126.53370633440932,658.6583707312406,3058.145198568632,0.0,0.0,0.0,0.0,0.0,0.0,0.0,0.0,660.9237629525047,23.949302696192973,0.0,0.0,0.0,1.1368683772161603e-13,0.0
2025-10-16 13:00:00+00:00,6,21.0,2416.502104441078,480.37806933498086,1065.1143757893221,871.0096593167747,480.37806933498086,370.29970881777507,110.0783605172058,3158.372005916678,0.0,480.37806933498086,0.0,1065.1143757893221,0.0,871.0096593167747,0.0,0.0,0.0,0.0,0.0,1351.3877286517554,450.4625762172518,2866.9646806583296,43.004470209874945,21.302287515786443,21.302287515786443,127.31316084876937,663.3847823074691,3079.886886748546,0.0,0.0,0.0,0.0,0.0,0.0,0.0,0.0,660.9237629525047,23.950562319859827,0.0,0.0,0.0,-6.821210263296962e-13,0.0
2025-10-16 14:00:00+00:00,6,21.0,2400.4562851764026,477.5951830995054,1058.6585365992657,864.202565477631,477.5951830995054,368.1188765822509,109.47630651725449,3158.372005916678,0.0,477.5951830995054,0.0,1058.6585365992657,0.0,864.202565477631,0.0,0.0,0.0,0.0,0.0,1341.7977485771364,447.2659161923788,2847.722201368781,42.71583302053171,21.173170731985316,21.173170731985316,126.52951820444558,658.8576088813268,3059.3138940577287,0.0,0.0,0.0,0.0,0.0,0.0,0.0,0.0,660.9237629525047,23.9504972373799,0.0,0.0,0.0,-6.821210263296962e-13,0.0
2025-10-16 15:00:00+00:00,6,21.0,2370.1207225475923,471.36524205554457,1047.0927741594624,851.6627063325866,471.3652420555446,363.3857570440636,107.97948501148099,3158.372005916678,0.0,471.36524205554457,0.0,1047.0927741594624,0.0,851.6627063325866,0.0,0.0,0.0,0.0,0.0,1323.027948388131,441.00931612937705,2811.130038676971,42.16695058015456,20.941855483189247,20.941855483189247,124.84747820340382,649.9074558793139,3020.028178426906,0.0,0.0,0.0,0.0,0.0,0.0,0.0,0.0,660.9237629525047,23.954353909243974,0.0,0.0,0.0,-3.410605131648481e-13,0.0
2025-10-16 16:00:00+00:00,6,21.0,2446.458205940478,486.4974955121034,1076.9855011289385,882.975209299438,486.4974955121034,374.7199046281574,111.77759088394599,3158.372005916678,0.0,486.4974955121034,0.0,1076.9855011289385,0.0,882.975209299438,0.0,0.0,0.0,0.0,0.0,1369.4727048115415,456.49090160384713,2902.949107544327,43.544236613164905,21.53971002257877,21.53971002257877,128.954696472208,672.0692547343776,3118.5274606748553,0.0,0.0,0.0,0.0,0.0,0.0,0.0,0.0,660.9237629525047,23.94792494653703,0.0,0.0,0.0,-2.2737367544323206e-13,0.0
2025-10-16 17:00:00+00:00,6,21.0,2460.279991037327,489.49296224910586,1078.843831510492,891.9431972777293,489.49296224910586,376.7737868306503,112.71917541845558,3158.372005916678,0.0,489.49296224910586,0.0,1078.843831510492,0.0,891.9431972777293,0.0,0.0,0.0,0.0,0.0,1381.4361595268351,460.4787198422784,2920.7587108796056,43.81138066319408,21.576876630209842,21.576876630209842,129.836656196594,677.2805099624861,3137.560500999813,0.0,0.0,0.0,0.0,0.0,0.0,0.0,0.0,660.9237629525047,23.94093438900606,0.0,0.0,0.0,0.0,0.0
2025-10-16 18:00:00+00:00,6,21.0,2507.8566522645306,498.64369020901813,1096.8456560294478,912.3673060260631,498.64369020901813,383.7688850526607,114.87480515635741,3158.372005916678,0.0,498.64369020901813,0.0,1096.8456560294478,0.0,912.3673060260631,0.0,0.0,0.0,0.0,0.0,1411.0109962350812,470.3369987450271,2978.193651009556,44.67290476514334,21.936913120588958,21.936913120588958,132.3603377582002,691.2440675095486,3199.100719774079,0.0,0.0,0.0,0.0,0.0,0.0,0.0,0.0,660.9237629525047,23.93676227964798,0.0,0.0,0.0,0.0,0.0
2025-10-16 19:00:00+00:00,6,21.0,2492.6049982652075,495.7863843833932,1090.391934871847,906.4266790099689,495.7863843833932,381.5205186076788,114.2658657757144,3158.372005916678,0.0,495.7863843833932,0.0,1090.391934871847,0.0,906.4266790099689,0.0,0.0,0.0,0.0,0.0,1402.213063393362,467.404354464454,2960.009352729663,44.40014029094495,21.807838697436942,21.807838697436942,131.58296423568092,687.0031363859538,3179.608134651162,0.0,0.0,0.0,0.0,0.0,0.0,0.0,0.0,660.9237629525047,23.936797346692444,0.0,0.0,0.0,5.684341886080801e-13,0.0
2025-10-16 20:00:00+00:00,6,21.0,2473.661980718646,492.39866010822294,1082.489282780903,898.7740378295191,492.39866010822294,378.74944852197535,113.64921158624759,3158.372005916678,0.0,492.39866010822294,0.0,1082.489282780903,0.0,898.7740378295191,0.0,0.0,0.0,0.0,0.0,1391.172697937742,463.724232645914,2937.386213364559,44.06079320046838,21.64978565561806,21.64978565561806,130.6446134782717,681.7292106358902,3155.3911913545357,0.0,0.0,0.0,0.0,0.0,0.0,0.0,0.0,660.9237629525047,23.93667876800073,0.0,0.0,0.0,-6.821210263296962e-13,0.0
2025-10-16 21:00:00+00:00,6,21.0,2451.80062053163,488.8417564793747,1074.4335198270273,888.525344225228,488.8417564793747,375.62334417459607,113.21841230477861,3158.372005916678,0.0,488.8417564793747,0.0,1074.4335198270273,0.0,888.525344225228,0.0,0.0,0.0,0.0,0.0,1377.3671007046028,459.12236690153424,2910.922987433164,43.66384481149746,21.48867039654055,21.48867039654055,129.60049971017838,675.3640522162912,3127.1646727479206,0.0,0.0,0.0,0.0,0.0,0.0,0.0,0.0,660.9237629525047,23.93679126807632,0.0,0.0,0.0,-6.821210263296962e-13,0.0
2025-10-16 22:00:00+00:00,6,21.0,2385.6430649887966,475.7561953997951,1045.846973727861,864.0398958611395,475.75619539979516,365.58886353050576,110.16733186928938,3158.372005916678,0.0,475.7561953997951,0.0,1045.846973727861,0.0,864.0398958611395,0.0,0.0,0.0,0.0,0.0,1339.7960912609346,446.59869708697823,2832.241762075774,42.483626431136614,20.91693947455722,20.91693947455722,126.11383122705328,657.0300336942826,3042.6730986830785,0.0,0.0,0.0,0.0,0.0,0.0,0.0,0.0,660.9237629525047,23.939030691513114,0.0,0.0,0.0,-6.821210263296962e-13,0.0
2025-10-16 23:00:00+00:00,6,21.0,2383.2515857583894,475.20361036124547,1045.0081230700912,863.0398523270513,475.20361036124547,365.1943675308665,110.00924283037898,3158.372005916678,0.0,475.20361036124547,0.0,1045.0081230700912,0.0,863.0398523270513,0.0,0.0,0.0,0.0,0.0,1338.2434626882969,446.0811542294323,2829.3327399878203,42.439991099817306,20.900162461401823,20.900162461401823,125.96743314323976,656.288903395293,3039.5404891536823,0.0,0.0,0.0,0.0,0.0,0.0,0.0,0.0,660.9237629525047,23.93969348377892,0.0,0.0,0.0,-1.1368683772161603e-13,0.0
2025-11-13 00:00:00+00:00,7,22.0,3360.4038384668725,697.7397146705041,1572.0043159884278,1090.6598078079378,697.7397146705041,532.8111735161801,164.928541154324,3158.372005916678,0.0,697.7397146705041,0.0,1572.0043159884278,0.0,1090.6598078079378,0.0,0.0,0.0,0.0,0.0,1788.399522478442,596.1331741594806,3956.5370126263506,59.348055189395254,31.440086319768557,31.440086319768557,180.3821037240321,898.7435057124451,4259.147344179318,0.0,0.0,0.0,0.0,0.0,24471.31790862518,0.0,0.0,660.9237629525047,23.954441573714103,0.0,0.0,0.0,2.2737367544323206e-13,0.0
2025-11-13 01:00:00+00:00,7,22.0,3281.3981755089244,681.9717493910557,1536.5861561424206,1062.8402699754492,681.9717493910557,520.5944099006463,161.3773394904094,3158.372005916678,0.0,681.9717493910557,0.0,1536.5861561424206,0.0,1062.8402699754492,0.0,0.0,0.0,0.0,0.0,1744.812019366505,581.6040064555017,3863.002181964427,57.945032729466405,30.73172312284841,30.73172312284841,176.22183054636568,877.2343159770306,4158.632491485955,0.0,0.0,0.0,0.0,0.0,24422.37527280793,0.0,0.0,660.9237629525047,23.95531741007235,0.0,0.0,0.0,1.1368683772161603e-13,0.0
2025-11-13 02:00:00+00:00,7,22.0,3229.0354634178498,671.1196053284159,1511.0549105294408,1046.860947559992,671.1196053284159,512.4397502553061,158.67985507310985,3158.372005916678,0.0,671.1196053284159,0.0,1511.0549105294408,0.0,1046.860947559992,0.0,0.0,0.0,0.0,0.0,1717.9805528884078,572.660184296136,3801.6956477139847,57.02543471570977,30.221098210588817,30.221098210588817,173.44277418112839,863.5705896141518,4092.6060530320015,0.0,0.0,0.0,0.0,0.0,24373.530522262314,0.0,0.0,660.9237629525047,23.954774662159004,0.0,0.0,0.0,-1.1368683772161603e-13,0.0
2025-11-13 03:00:00+00:00,7,22.0,3216.3525933302976,667.6782783077684,1501.8161498361126,1046.8581651864142,667.6782783077684,510.01432744529956,157.66395086246885,3158.372005916678,0.0,667.6782783077684,0.0,1501.8161498361126,0.0,1046.8581651864142,0.0,0.0,0.0,0.0,0.0,1714.5364434941825,571.5121478313941,3787.8647411616894,56.81797111742534,30.03632299672225,30.03632299672225,172.6937468207705,861.0965117630344,7382.0679198558555,0.0,0.0,0.0,0.0,0.0,24324.783461217794,3304.6188147625235,0.0,3795.960438941195,23.95313744784317,0.0,0.0,0.0,4.547473508864641e-13,0.0
2025-11-13 04:00:00+00:00,7,22.0,3126.968956241263,650.025476153207,1460.060227360649,1016.8832527274058,650.0254761532071,496.18546357565174,153.84001257755534,3158.372005916678,0.0,650.025476153207,0.0,1460.060227360649,0.0,1016.8832527274058,0.0,0.0,0.0,0.0,0.0,1666.9087288806127,555.6362429602042,3682.6051992014654,55.23907798802198,29.201204547212978,29.201204547212978,168.06572813561306,837.3434581782653,6233.092134748011,0.0,0.0,0.0,0.0,0.0,24276.133894295355,2268.779720328483,0.0,5948.313866572543,23.95096361920814,0.0,0.0,0.0,-9.094947017729282e-13,0.0
2025-11-13 05:00:00+00:00,7,22.0,3196.774369188285,664.8254867126257,1494.1973978699598,1037.7514846056965,664.8254867126257,507.1119918387121,157.71349487391362,3158.372005916678,0.0,664.8254867126257,0.0,1494.1973978699598,0.0,1037.7514846056965,0.0,0.0,0.0,0.0,0.0,1702.5769713183222,567.5256571061074,3764.300026294389,56.464500394415836,29.883947957399197,29.883947957399197,171.83100053639495,855.5890539517166,4052.363423140002,0.0,0.0,0.0,0.0,0.0,24227.581626506766,0.0,0.0,5948.313866572543,23.95076176727135,0.0,0.0,0.0,2.2737367544323206e-13,0.0
2025-11-13 06:00:00+00:00,7,22.0,2924.6741731359034,609.8582049327315,1368.2526389782165,946.5633292249565,609.8582049327315,464.69056906071023,145.16763587202124,3158.372005916678,0.0,609.8582049327315,0.0,1368.2526389782165,0.0,946.5633292249565,0.0,0.0,0.0,0.0,0.0,1556.421534157688,518.8071780525627,3443.481351188467,51.652220267827005,27.36505277956433,27.36505277956433,157.479230737266,782.6687346167843,1995.9030409333054,0.0,0.0,0.0,0.0,0.0,24179.126463253757,0.0,1711.4398668193821,4144.297847384383,23.95139573736402,0.0,0.0,0.0,-1.1368683772161603e-13,0.0
2025-11-13 07:00:00+00:00,7,22.0,2906.985988667035,606.9837907557883,1362.4253000799104,937.5768978313359,606.9837907557883,462.06073762120405,144.92305313458428,3158.372005916678,0.0,606.9837907557883,0.0,1362.4253000799104,0.0,937.5768978313359,0.0,0.0,0.0,0.0,0.0,1544.5606885871243,514.8535628623748,3421.8395515294096,51.327593272941144,27.24850600159821,27.24850600159821,156.61567783434867,777.2938459728612,379.66101987737284,0.0,0.0,0.0,0.0,0.0,24130.768210327253,0.0,3304.6188147625235,660.9237629525047,23.952688031134002,0.0,0.0,0.0,0.0,0.0
2025-11-13 08:00:00+00:00,7,22.0,2949.1212400973604,614.4501054441113,1381.5658125045368,953.1053221487118,614.4501054441114,468.34449572848627,146.10560971562506,3158.372005916678,0.0,614.4501054441113,0.0,1381.5658125045368,0.0,953.1053221487118,0.0,0.0,0.0,0.0,0.0,1567.555427592823,522.5184758642744,3471.6397159616345,52.07459573942452,27.631316250090737,27.631316250090737,158.65037510081618,788.5060792046966,3737.6273193020565,0.0,0.0,0.0,0.0,0.0,24082.5066739066,0.0,0.0,660.9237629525047,23.955543424934557,0.0,0.0,0.0,-4.547473508864641e-13,0.0
2025-11-13 09:00:00+00:00,7,22.0,2934.9349326267106,611.4350850496323,1373.7586394196155,949.7412081574627,611.4350850496323,466.1706288433661,145.2644562062663,3158.372005916678,0.0,611.4350850496323,0.0,1373.7586394196155,0.0,949.7412081574627,0.0,0.0,0.0,0.0,0.0,1561.1762932070951,520.3920977356984,3455.327030362409,51.82990545543613,27.47517278839231,27.47517278839231,157.90699463976557,785.0793434076847,3720.014276034395,0.0,0.0,0.0,0.0,0.0,24034.341660558788,0.0,0.0,660.9237629525047,23.95448255663232,0.0,0.0,0.0,-2.2737367544323206e-13,0.0
2025-11-13 10:00:00+00:00,7,22.0,2923.152840962353,609.0674385313143,1367.8532536912448,946.2321487397934,609.0674385313143,464.37011231904,144.6973262122744,3158.372005916678,0.0,609.0674385313143,0.0,1367.8532536912448,0.0,946.2321487397934,0.0,0.0,0.0,0.0,0.0,1555.2995872711076,518.4331957570358,3441.586036719388,51.62379055079082,27.3570650738249,27.3570650738249,157.29998092744808,782.0710973829243,3705.223938345277,0.0,0.0,0.0,0.0,0.0,23986.272977237673,0.0,0.0,660.9237629525047,23.953702018088954,0.0,0.0,0.0,-2.2737367544323206e-13,0.0
2025-11-13 11:00:00+00:00,7,22.0,2916.5379463036284,607.2386113028879,1363.373293554688,945.9260414460524,607.2386113028879,463.196168634454,144.0424426684338,3158.372005916678,0.0,607.2386113028879,0.0,1363.373293554688,0.0,945.9260414460524,0.0,0.0,0.0,0.0,0.0,1553.1646527489402,517.7215509163134,3434.2594972199413,51.51389245829912,27.26746587109376,27.26746587109376,156.89507639388557,780.6654515106857,3697.2033978143145,0.0,0.0,0.0,0.0,0.0,23938.300431283194,0.0,0.0,660.9237629525047,23.953271279977717,0.0,0.0,0.0,4.547473508864641e-13,0.0
2025-11-13 12:00:00+00:00,7,22.0,2911.949476336297,606.0364031302191,1360.8661465358787,945.0469266701999,606.0364031302192,462.25454495838807,143.78185817183112,3158.372005916678,0.0,606.0364031302191,0.0,1360.8661465358787,0.0,945.0469266701999,0.0,0.0,0.0,0.0,0.0,1551.083329800419,517.0277766001396,3428.9772529364373,51.434658794046555,27.217322930717575,27.217322930717575,156.60977017573518,779.5068514313566,6996.075142530177,0.0,0.0,0.0,0.0,0.0,23890.423830420626,3304.6188147625235,0.0,3795.960438941195,23.953793649242495,0.0,0.0,0.0,0.0,0.0
2025-11-13 13:00:00+00:00,7,22.0,3043.061396795352,634.0421753505155,1421.5143393145152,987.5048821303179,634.0421753505154,483.4011890794937,150.6409862710218,3158.372005916678,0.0,634.0421753505155,0.0,1421.5143393145152,0.0,987.5048821303179,0.0,0.0,0.0,0.0,0.0,1621.5470574808335,540.5156858269445,3583.5770826222933,53.7536562393344,28.430286786290303,28.430286786290303,163.81326128189994,814.9431769207594,6126.7842940445935,0.0,0.0,0.0,0.0,0.0,23842.642982759782,2268.779720328483,0.0,5948.313866572543,23.948867383244124,0.0,0.0,0.0,-9.094947017729282e-13,0.0
2025-11-13 14:00:00+00:00,7,22.0,3199.9623254641006,665.6117140281389,1492.8512038595927,1041.4994075763668,665.6117140281387,507.96286323318475,157.64885079495406,3158.372005916678,0.0,665.6117140281389,0.0,1492.8512038595927,0.0,1041.4994075763668,0.0,0.0,0.0,0.0,0.0,1707.1111216045056,569.0370405348352,3768.9993659989336,56.534990489984004,29.857024077191856,29.857024077191856,172.09909998220067,857.3851791614037,4057.3475046255044,0.0,0.0,0.0,0.0,0.0,23794.957696794267,0.0,0.0,5948.313866572543,23.947095613589916,0.0,0.0,0.0,1.1368683772161603e-13,0.0
2025-11-13 15:00:00+00:00,7,22.0,3230.7696475603207,669.1635750221266,1501.0747516067986,1060.5313209313956,669.1635750221266,511.4151703281316,157.748404693995,3158.372005916678,0.0,669.1635750221266,0.0,1501.0747516067986,0.0,1060.5313209313956,0.0,0.0,0.0,0.0,0.0,1729.694895953522,576.5649653178407,3807.3346128781614,57.11001919317242,30.021495032135974,30.021495032135974,173.371575542854,867.089550118139,2386.419330859078,0.0,0.0,0.0,0.0,0.0,23747.36778140068,0.0,1711.4398668193821,4144.297847384383,23.94750986216536,0.0,0.0,0.0,4.547473508864641e-13,0.0
2025-11-13 16:00:00+00:00,7,22.0,3209.827763350554,666.3890258063936,1496.2442408520494,1047.1944966921137,666.3890258063935,508.90820438439357,157.480821422,3158.372005916678,0.0,666.3890258063936,0.0,1496.2442408520494,803.3946319136385,243.79986477847524,0.0,0.0,803.3946319136385,1071.192842551518,267.7982106378795,910.1888905848689,303.39629686162294,2709.829428298541,40.64744142447812,37.95883113617737,29.92488481704099,172.42005896448265,852.1457238416816,757.3546724297121,0.0,0.0,0.0,1071.192842551518,0.0,24717.506246261826,0.0,3304.6188147625235,660.9237629525047,23.949029667336614,0.0,0.0,0.0,-1.1368683772161603e-13,0.0
2025-11-13 17:00:00+00:00,7,22.0,3193.7881855005635,666.5319074867729,1495.548114271447,1031.708163742344,666.5319074867729,507.98367769896305,158.54822978780984,3158.372005916678,0.0,666.5319074867729,0.0,1495.548114271447,39.02764144146204,992.6805223008819,0.0,0.0,39.02764144146204,52.03685525528272,13.00921381382068,1659.2124297876549,553.0708099292183,3707.83135398832,55.6174703098248,30.301238699843562,29.91096228542894,172.04170878953596,853.9514038276723,4047.739589328235,0.0,0.0,0.0,52.03685525528272,0.0,24717.506246261826,0.0,0.0,660.9237629525047,23.946826114109886,0.0,0.0,0.0,-6.821210263296962e-13,0.0
2025-11-13 18:00:00+00:00,7,22.0,3206.1912956608926,670.1969478026639,1504.297966897119,1031.696380961108,670.1969478026639,510.3118012386067,159.88514656405724,3158.372005916678,0.0,670.1969478026639,0.0,1504.297966897119,0.0,1031.696380961108,0.0,0.0,0.0,0.0,0.0,1701.893328763772,567.2977762545906,3773.489071915482,56.60233607873223,30.08595933794238,30.08595933794238,172.83597219610186,856.9080032053096,4063.0992988662015,0.0,0.0,0.0,0.0,0.0,24668.071233769308,0.0,0.0,660.9237629525047,23.947604923083738,0.0,0.0,0.0,-6.821210263296962e-13,0.0
2025-11-13 19:00:00+00:00,7,22.0,3235.0414816398597,678.0337257587869,1523.3499246759911,1033.6578312050835,678.0337257587869,515.2420757655823,162.79164999320463,3158.372005916678,0.0,678.0337257587869,0.0,1523.3499246759911,77.97722760004399,955.6806036050396,0.0,0.0,77.97722760004399,103.96963680005865,25.992409200014663,1633.7143293638264,544.5714431212755,3701.635697161093,55.52453545741639,31.246770769520264,30.466998493519824,174.58754959195764,862.3897066337042,4097.431188273564,3.637978807091713e-12,0.0,3.637978807091713e-12,103.96963680005501,0.0,24717.506246261826,0.0,0.0,660.9237629525047,23.94846248975753,0.0,0.0,0.0,-2.2737367544323206e-13,0.0
2025-11-13 20:00:00+00:00,7,22.0,3226.673697013226,676.855804243324,1518.0320363019782,1031.7858564679245,676.855804243324,513.9327115688734,162.92309267445057,3158.372005916678,0.0,676.855804243324,0.0,1518.0320363019782,0.0,1031.7858564679245,0.0,0.0,0.0,0.0,0.0,1708.6416607112485,569.5472202370828,3796.2209172503094,56.94331375875464,30.360640726039566,30.360640726039566,174.2780857747422,861.4899012226589,4088.163598235885,0.0,0.0,0.0,0.0,0.0,24668.071233769308,0.0,0.0,660.9237629525047,23.944685860066404,0.0,0.0,0.0,-1.1368683772161603e-13,0.0
2025-11-13 21:00:00+00:00,7,22.0,3122.517284295217,652.9963421116169,1465.5345697695193,1003.9863724140819,652.9963421116169,496.26760455059326,156.7287375610236,3158.372005916678,0.0,652.9963421116169,0.0,1465.5345697695193,0.0,1003.9863724140819,0.0,0.0,0.0,0.0,0.0,1656.9827145256986,552.3275715085662,3674.844855803784,55.122672837056754,29.310691395390386,29.310691395390386,168.36049388648271,834.4321210228862,3956.9494053181024,0.0,0.0,0.0,0.0,0.0,24618.73509130177,0.0,0.0,660.9237629525047,23.948855624653223,0.0,0.0,0.0,-7.958078640513122e-13,0.0
2025-11-13 22:00:00+00:00,7,22.0,3132.447020939854,654.3565985303765,1469.552845237241,1008.5375771722379,654.3565985303765,497.4907810343935,156.86581749598298,3158.372005916678,0.0,654.3565985303765,0.0,1469.552845237241,0.0,1008.5375771722379,0.0,0.0,0.0,0.0,0.0,1662.8941757026143,554.2980585675381,3686.7450795073933,55.301176192610896,29.39105690474482,29.39105690474482,168.77685800852694,837.1582065781655,3969.6052275180195,0.0,0.0,0.0,0.0,0.0,24569.497621119168,0.0,0.0,660.9237629525047,23.950252454817342,0.0,0.0,0.0,-1.1368683772161603e-13,0.0
2025-11-13 23:00:00+00:00,7,22.0,3118.19106510485,650.6621855291559,1460.9658650789147,1006.5630144967798,650.6621855291559,494.907502449072,155.75468308008385,3158.372005916678,0.0,650.6621855291559,0.0,1460.9658650789147,0.0,1006.5630144967798,0.0,0.0,0.0,0.0,0.0,1657.2252000259357,552.4084000086452,3670.5994651134956,55.05899197670243,29.219317301578293,29.219317301578293,167.9224619607972,833.8284885493013,3952.0195536541514,0.0,0.0,0.0,0.0,0.0,24520.358625876932,0.0,0.0,660.9237629525047,23.95021804445538,0.0,0.0,0.0,0.0,0.0
2025-11-28 00:00:00+00:00,8,46.0,3424.175471449615,709.4220880058554,1594.1597614982707,1120.5936219454868,709.4220880058554,541.8171345078875,167.60495349796787,3158.372005916678,683.211326356402,26.21076164945339,371.58549113331253,1222.574270364958,1120.5936219454868,0.0,993.7619292456757,310.55060288927365,1492.1791130787992,1989.5721507717321,497.39303769293304,26.21076164945339,8.736920549817796,1257.5219525642292,18.862829288463438,46.804986360753404,24.45148540729916,183.69836607121277,1090.4982282597532,4514.6736997093685,2638.87296846023,2638.87296846023,0.0,344.4611115571779,0.0,694.4431396351736,0.0,0.0,660.9237629525047,23.94546976081019,0.0,0.0,0.0,2.2737367544323206e-13,0.0
2025-11-28 01:00:00+00:00,8,46.0,3247.9571611603405,671.9704507211969,1509.926805724804,1066.0599047143412,671.9704507211969,513.3569878479158,158.61346287328112,3158.372005916678,647.1114881677732,24.85896255342368,426.11920836445796,1083.8075973603459,1066.0599047143414,-2.2737367544323206e-13,941.2530736985793,294.141585530806,1492.1791130787994,1989.5721507717326,497.39303769293315,24.858962553423453,8.28632085114115,1116.9528807649106,16.75429321147366,45.120327245284074,21.676151947206918,174.12116436684747,1057.4928808456925,4305.450042006032,2629.8324046127,2629.8324046127,0.0,300.99281985761195,0.0,978.9974322206347,0.0,0.0,660.9237629525047,23.948576554447815,0.0,0.0,0.0,-9.094947017729282e-13,-2.2737367544323206e-13
2025-11-28 02:00:00+00:00,8,46.0,3264.2567696386836,673.3385605318233,1516.1857480186768,1074.732461088183,673.3385605318233,515.0522821133206,158.28627841850266,3158.372005916678,649.7938920080044,23.544668523818927,417.44665199061626,1098.7390960280604,1074.732461088183,0.0,945.1547520116428,295.3608600036384,1492.1791130787992,1989.5721507717321,497.39303769293304,23.544668523818927,7.8482228412729755,1130.1319873931523,16.951979810897285,45.24550609116153,21.97478192056121,174.65091177072313,1059.4253001311877,4323.682069769871,2630.8223976037198,2630.82239760372,0.0,303.90450517965496,0.0,1265.7487172768656,0.0,0.0,660.9237629525047,23.953518345003737,0.0,0.0,0.0,0.0,2.2737367544323206e-13
2025-11-28 03:00:00+00:00,8,46.0,3236.0382961942355,667.606260735267,1501.7313643043967,1066.7006711545696,667.606260735267,510.53917778101453,157.06708295425247,3158.372005916678,643.5991561304559,24.00710460481116,425.47844192422946,1076.2529223801673,1066.7006711545696,0.0,936.1442270988449,292.54507096838904,1492.179113078799,1989.572150771732,497.393037692933,24.00710460481116,8.002368201603721,1108.2623951865821,16.62393592779873,44.95641841687593,21.525058447603346,173.1913586842798,1054.2372483394836,7594.8943592962405,2647.8744158316094,2647.87441583161,0.0,277.8419620389675,0.0,1527.1670837793308,3304.6188147625235,0.0,3795.960438941195,23.95190180686466,0.0,0.0,0.0,-2.7284841053187847e-12,-2.2737367544323206e-13
2025-11-28 04:00:00+00:00,8,46.0,3247.777536080856,670.4077152479833,1507.3179064081883,1070.0519144246837,670.4077152479833,512.5504163328401,157.85729891514328,3158.372005916678,645.9933884606522,24.414326787331106,422.12719865411606,1085.1907077540723,1070.0519144246834,2.2737367544323206e-13,939.6267468518578,293.63335839120555,1492.1791130787994,1989.5721507717326,497.39303769293315,24.414326787331333,8.138108929110444,1117.743143470514,16.76614715205771,45.06814925895176,21.703814155081446,173.88788513018056,1056.5905007095205,6573.147757118859,3990.08519780826,3990.08519780826,0.0,0.0,1060.88630018467,407.3903283647512,2268.779720328483,0.0,5948.313866572543,23.950909575217917,0.0,0.0,0.0,-4.547473508864641e-13,0.0
2025-11-28 05:00:00+00:00,8,46.0,3232.7205570682927,667.3217488004609,1499.9474244013045,1065.451383866529,667.3217488004609,510.19515354007274,157.12659526038823,3158.372005916678,642.8346104577022,24.487138342758726,426.7277292122702,1073.2196951890342,1065.451383866529,0.0,935.0321606657486,292.19755020804644,1492.1791130787992,1989.5721507717321,497.39303769293304,24.487138342758726,8.162379447586241,1105.8692129793792,16.588038194690686,44.92073961881408,21.464393903780685,173.09557913256515,1053.8217181984164,4286.542275266709,3310.8510817601014,5446.84991408006,0.0,0.0,386.24677032262065,0.0,0.0,0.0,5948.313866572543,23.950383732898757,0.0,0.0,0.0,0.0,0.0
2025-11-28 06:00:00+00:00,8,46.0,3251.0636055714913,669.1083261325804,1504.4836321753353,1077.471647263577,669.1083261325803,512.4953026422577,156.6130234903226,3158.372005916678,644.7786995037153,24.32962662886507,0.0,1504.4836321753353,1077.4716472635773,-2.2737367544323206e-13,937.8599265508586,293.08122704714333,1077.4716472635773,1436.628863018103,359.15721575452574,24.329626628864844,8.109875542954947,1536.9231343471552,23.053847015207328,40.864389116142476,30.089672643506706,173.80360332696668,928.1598304464471,4179.223436017937,2374.4887895689617,5019.21591944595,0.0,0.0,0.0,0.0,0.0,0.0,5948.313866572543,23.951203053655867,0.0,0.0,0.0,-1.1368683772161603e-12,0.0
2025-11-28 07:00:00+00:00,8,46.0,3227.6421726238386,664.5422996330648,1494.016846764718,1069.0830262260552,664.5422996330649,508.83939974129856,155.70289989176626,3158.372005916678,640.2929343277362,24.249365305328524,0.0,1494.016846764718,1069.0830262260552,0.0,931.33517720398,291.04224287624373,1069.0830262260552,1425.4440349680735,356.3610087420184,24.249365305328524,8.083121768442842,1526.3493338384892,22.895240007577335,40.571167197554914,29.88033693529436,172.58972075576716,921.4228382828989,4149.065010906737,2356.7792121720536,3887.45313427802,0.0,0.0,0.0,0.0,0.0,0.0,5948.313866572543,23.951157866554063,0.0,0.0,0.0,-1.1368683772161603e-13,0.0
2025-11-28 08:00:00+00:00,8,46.0,3217.9434145485484,662.5245602804184,1488.5797244076814,1066.8391298604513,662.5245602804184,507.3440004121168,155.1805598683016,3158.372005916678,637.9627390318636,24.561821248554793,4.424568819435868e-12,1488.579724407677,1066.8391298604513,0.0,927.9458022281653,289.98306319630166,1066.8391298604556,1422.4521731472742,355.61304328681854,24.561821248554793,8.187273749518264,1521.3288194057502,22.819932291086253,40.439985786758186,29.771594488153543,172.0919190284303,918.9068118270668,832.231411613092,2350.3979753754393,3416.20661731202,0.0,0.0,0.0,0.0,0.0,3304.6188147625235,2464.939782140664,23.95030614255641,0.0,0.0,0.0,2.2737367544323206e-13,0.0
2025-11-28 09:00:00+00:00,8,46.0,3203.6907834092526,658.8736006815868,1480.3814104686878,1064.4357722589798,658.8736006815868,505.18836082493146,153.68523985665533,3158.372005916678,634.449175915152,24.424424766434868,0.0,1480.3814104686878,1064.4357722589798,0.0,922.8351649674938,288.3859890523418,1064.4357722589798,1419.2476963453064,354.8119240863266,24.424424766434868,8.141474922144956,1512.9473101572676,22.694209652359014,40.25198593196356,29.607628209373757,171.2402233945804,915.1334352490901,2407.3843518389604,1450.3179378456798,1450.31793784568,0.0,891.7649234671202,0.0,847.1766772937641,0.0,1711.4398668193821,660.9237629525047,23.950647297206686,0.0,0.0,0.0,2.2737367544323206e-13,1.1368683772161603e-13
2025-11-28 10:00:00+00:00,8,46.0,3204.0751903207956,659.5723124541702,1482.1390245358973,1062.3638533307292,659.5723124541703,505.49268824683963,154.0796242073306,3158.372005916678,635.2024390868132,24.369873367356945,0.0,1482.1390245358973,1062.3638533307292,0.0,923.9308204899102,288.72838140309693,1062.3638533307292,1416.4851377743055,354.12128444357637,24.369873367356945,8.123291122452315,1514.6321890257066,22.719482835385598,40.26641902402524,29.642780490717946,171.33688076048662,914.938520079741,4119.013710400537,-9.094947017729282e-13,0.0,0.0,2340.4159582642164,0.0,3068.877484290182,0.0,0.0,660.9237629525047,23.95087536244056,0.0,0.0,0.0,4.547473508864641e-13,0.0
2025-11-28 11:00:00+00:00,8,46.0,3254.992720441803,669.8317694684231,1505.3881551726263,1079.7727958007517,669.8317694684231,513.510369423342,156.3214000450811,3158.372005916678,645.16635221684,24.665417251583108,0.0,1505.3881551726263,1079.7727958007517,0.0,938.4237850426764,293.25743282583636,1079.7727958007517,1439.697061067669,359.92426526691725,24.665417251583108,8.221805750527702,1538.2753781747372,23.074130672621056,40.90549106146004,30.107763103452527,174.02613098376392,929.5170196645787,4184.509740106382,-9.094947017729282e-13,0.0,0.0,2378.120846110346,0.0,5321.954533126431,0.0,0.0,660.9237629525047,23.950418062672146,0.0,0.0,0.0,3.410605131648481e-13,0.0
2025-11-28 12:00:00+00:00,8,46.0,3228.0821821670875,663.5771189512011,1492.131529502474,1072.3735337134146,663.5771189512011,508.8923360628872,154.68478288831398,3158.372005916678,639.4849412153461,24.09217773585499,0.0,1492.131529502474,1072.3735337134149,-2.2737367544323206e-13,930.159914495049,290.6749732797028,1072.3735337134149,1429.831378284553,357.45784457113825,24.09217773585476,8.030725911951587,1524.2544331502804,22.863816497254206,40.56636592718363,29.84263059004948,172.47294265501696,921.9092994322968,7454.610296361907,0.0,0.0,0.0,2359.991292779602,0.0,7553.302352200801,3304.6188147625235,0.0,3795.960438941195,23.952237379713583,0.0,0.0,0.0,-4.547473508864641e-13,0.0
2025-11-28 13:00:00+00:00,8,46.0,3215.14147905836,661.1678383780659,1485.545170748675,1068.4284699316222,661.1678383780659,506.9241251388702,154.2437132391957,3158.372005916678,636.6622160351466,24.50562234291931,9.534191618017345e-13,1485.545170748674,1068.4284699316222,0.0,926.0541324147587,289.39191637961204,1068.428469931623,1424.571293242164,356.142823310541,24.50562234291931,8.168540780973103,1518.2193338725665,22.773290008088498,40.39518811428973,29.710903414973483,171.8441892802487,918.4268512887265,6402.3480506755695,0.0,0.0,0.0,2350.6254256569227,0.0,9771.289901870477,2268.779720328483,0.0,5948.313866572543,23.950808970282694,0.0,0.0,0.0,0.0,0.0
2025-11-28 14:00:00+00:00,8,46.0,3309.96081970632,678.2773034099666,1523.9183380244986,1107.7651782718542,678.2773034099666,520.9171817123836,157.36012169758305,3158.372005916678,653.1078591533567,25.16944425660995,0.0,1523.9183380244986,1107.765178271854,2.2737367544323206e-13,949.9750678594279,296.8672087060712,1107.765178271854,1477.0202376958052,369.2550594239513,25.169444256610177,8.389814752203392,1557.4775970333121,23.362163955499682,41.55601854320851,30.478366760489973,176.60111131591785,946.509743457342,4256.4705631636625,2278.62983336397,2278.62983336397,0.0,148.36547219126305,0.0,9892.694520648436,0.0,0.0,5948.313866572543,23.949885924280935,0.0,0.0,0.0,6.821210263296962e-13,0.0
2025-11-28 15:00:00+00:00,8,46.0,3399.0756266603876,702.0216552592785,1575.4676679266224,1121.5863034744868,702.0216552592785,537.5075321778804,164.51412308139808,3158.372005916678,675.2004291114097,26.821226147868856,0.0,1575.4676679266224,1121.5863034744868,0.0,982.1097150711414,306.9092859597317,1121.5863034744868,1495.448404632649,373.86210115816226,26.821226147868856,8.940408715956286,1611.2293027904475,24.16843954185671,42.72521639327732,31.50935335853245,182.1258567650405,970.2406618925572,4369.316288552945,2180.7428474236704,2180.74284742367,4.547473508864641e-13,296.8152722801203,0.0,10154.883640273254,0.0,0.0,5948.313866572543,23.945776182896406,0.0,0.0,0.0,-2.2737367544323206e-13,-2.2737367544323206e-13
2025-11-28 16:00:00+00:00,8,46.0,3407.1959698933106,712.4247719210027,1597.4699582853073,1097.3012396870015,712.4247719210027,542.3365494876608,170.0882224333419,3158.372005916678,684.6299821222747,27.79478979872806,0.0,1597.4699582853073,1097.3012396870017,-2.2737367544323206e-13,995.8254285414905,311.1954464192158,1097.3012396870017,1463.068319582669,365.7670798956672,27.794789798727834,9.264929932909277,1634.5296780169444,24.517945170254166,42.922411562576166,31.949399165706147,183.74231081352693,969.3595229598557,1071.9366780906412,3030.3205297876993,3030.3205297877,0.0,0.0,571.4267816635404,9533.071997557401,0.0,3304.6188147625235,2464.939782140664,23.943277310490966,0.0,0.0,0.0,-1.5916157281026244e-12,0.0
2025-11-28 17:00:00+00:00,8,46.0,3384.7131239363234,709.3942568550752,1591.5855618653031,1083.7333052159454,709.3942568550754,539.0364476365417,170.35780921853365,3158.372005916678,682.1080979422727,27.286158912802534,0.0,1591.5855618653031,1083.7333052159454,0.0,992.1572333705785,310.04913542830576,1083.7333052159454,1444.9777402879272,361.2444350719818,27.286158912802534,9.095386304267512,1627.967107082373,24.419506606235597,42.66904428946552,31.831711237306063,182.721056174777,962.0302751123393,4346.743399048662,4253.61577227667,4253.61577227667,0.0,0.0,1816.4807986181645,7601.920802385272,0.0,0.0,2464.939782140664,23.944344377356046,0.0,0.0,0.0,-1.1368683772161603e-12,0.0
2025-11-28 18:00:00+00:00,8,46.0,3331.901453149512,698.3648222112342,1566.1107988135304,1067.4258321247473,698.3648222112342,530.5515683084604,167.8132539027738,3158.372005916678,671.1903423486561,27.174479862578096,0.0,1566.1107988135304,1067.4258321247473,0.0,976.2768615980453,305.08651924938914,1067.4258321247473,1423.2344428329964,355.8086107082491,27.174479862578096,9.058159954192698,1602.3434386303013,24.035151579454517,41.996474297518084,31.32221597627061,179.89255540804254,947.1996871731167,2567.6612735032445,3896.004034468041,3896.00403446804,9.094947017729282e-13,0.0,1496.4927300369989,6011.461455478397,0.0,1711.4398668193821,660.9237629525047,23.9439800441409,0.0,0.0,0.0,-1.8189894035458565e-12,0.0
2025-11-28 19:00:00+00:00,8,46.0,3233.2060234436854,676.7374248130001,1517.571824461072,1038.896774169613,676.7374248130002,514.4942942751906,162.24313053780958,3158.372005916678,650.387924769031,26.3495000439691,0.0,1517.571824461072,1038.896774169613,0.0,946.0187996640451,295.6308748950141,1038.896774169613,1385.1956988928173,346.2989247232043,26.3495000439691,8.783166681323033,1552.7044911863643,23.290567367795465,40.74040423091758,30.35143648922144,174.4415099687578,919.5368843562337,4152.742907799919,3475.14967492605,3475.14967492605,0.0,0.0,1143.9351763691875,4795.296241652506,0.0,0.0,660.9237629525047,23.94548571280191,0.0,0.0,0.0,-4.547473508864641e-13,0.0
2025-11-28 20:00:00+00:00,8,46.0,3257.3803638142945,681.6937686669573,1528.7119710194459,1046.9746241278913,681.6937686669573,518.091588599785,163.60218006717233,3158.372005916678,655.1622732940483,26.531495372909035,0.0,1528.7119710194459,1046.9746241278913,0.0,952.9633066095248,297.8010333154765,1046.9746241278913,1395.9661655038549,348.9915413759637,26.531495372909035,8.843831790969679,1564.0872981833245,23.461309472749868,41.04398566166783,30.574239420388917,175.72949051901426,926.4454315562308,4183.825795370524,5812.04950907955,5812.04950907955,0.0,0.0,3463.1200369661706,1140.3161365732321,0.0,0.0,660.9237629525047,23.945125605067847,0.0,0.0,0.0,-1.0231815394945443e-12,0.0
2025-11-28 21:00:00+00:00,8,46.0,3294.174237860473,690.2032110689759,1545.366588148159,1058.6044386433384,690.2032110689757,524.2569854748639,165.9462255941119,3158.372005916678,662.2999663492112,27.903244719764643,433.574674435461,1111.791913712698,1058.6044386433382,2.2737367544323206e-13,963.3454055988527,301.04543924964145,1492.1791130787992,1989.5721507717321,497.39303769293304,27.90324471976487,9.301081573254956,1148.996240005718,17.234943600085767,45.829122893751176,22.23583827425396,177.88283223625433,1070.9222955201747,4365.096533380648,4034.0512854556664,5630.00339966887,0.0,0.0,1081.1337290850815,0.0,0.0,0.0,660.9237629525047,23.941023552139704,0.0,0.0,0.0,2.2737367544323206e-13,0.0
2025-11-28 22:00:00+00:00,8,46.0,3371.3306467142584,706.4727529551428,1582.9387927554783,1081.9191010036388,706.4727529551428,536.8786849222757,169.59406803286703,3158.372005916678,678.4023397523479,28.070413202794953,410.2600120751605,1172.6787806803177,1081.9191010036386,2.2737367544323206e-13,986.7670396397788,308.36469988743085,1492.1791130787992,1989.5721507717321,497.39303769293304,28.07041320279518,9.356804400931727,1210.1059982840445,18.151589974260666,46.58056698589756,23.453575613606354,182.03733087234806,1085.3376054274083,4456.668252141664,2976.339190411511,4787.20798837594,0.0,0.0,0.0,0.0,0.0,0.0,660.9237629525047,23.94151550294168,0.0,0.0,0.0,-2.5011104298755527e-12,0.0
2025-11-28 23:00:00+00:00,8,46.0,3337.2492740096263,698.7322620003367,1567.829737239632,1070.6872747696577,698.7322620003367,531.0996942314227,167.63256776891393,3158.372005916678,671.9270302455568,26.805231754779925,421.4918383091416,1146.3378989304906,1070.6872747696577,0.0,977.3484076299009,305.421377384344,1492.1791130787992,1989.5721507717321,497.39303769293304,26.805231754779925,8.935077251593308,1182.078207936864,17.731173119052958,46.27838587558063,22.926757978609814,180.06002577275947,1078.7458350748732,4415.9951090845,2579.6142788363395,2579.61427883634,0.0,387.3062795652934,0.0,367.9409655870287,0.0,0.0,660.9237629525047,23.945206832296716,0.0,0.0,0.0,2.2737367544323206e-13,2.2737367544323206e-13
