timestamp_hour_utc,representative_day_id,day_weight,it_load_kw,q_air_kw,q_cp_kw,q_rdhx_kw,s_air_kw,s_air_old_kw,s_air_new_kw,old_ac_capacity_eff_kw,q_air_to_ashp_kw,q_air_to_reject_kw,q_cp_to_wshp_kw,q_cp_to_free_kw,q_rdhx_to_wshp_kw,q_rdhx_to_chiller_kw,q_ashp_out_kw,p_ashp_kw,q_wshp_in_kw,q_wshp_out_kw,p_wshp_kw,q_chiller_evap_kw,p_chiller_kw,q_tower_kw,p_tower_kw,p_pump_kw,p_cdu_free_kw,p_terminal_kw,p_cooling_kw,p_grid_kw,q_heat_kw,heating_demand_kw,heat_demand_upper_violation_kw,q_tes_ch_kw,q_tes_dis_kw,e_tes_kwh,p_bess_ch_kw,p_bess_dis_kw,e_bess_kwh,max_theta_c,hotspot_slack_c,hotspot_penalty_yuan,bess_degradation_cost_yuan,power_balance_residual_kw,heat_balance_residual_kw
2025-01-30 00:00:00+00:00,0,66.0,2837.291468201433,484.98918256035904,1051.8219104670459,1300.4803751740278,484.98918256035904,438.2326304255428,46.75655213481621,3086.402748436782,462.2371117712608,22.75207078909824,0.0,1051.8219104670459,1300.4803751740278,0.0,672.3448898491066,210.1077780778458,1300.4803751740278,1733.9738335653703,433.4934583913426,22.75207078909824,7.58402359636608,1082.1580048525102,16.232370072787653,34.0412419610812,21.03643820934092,140.14522086199813,862.6405311707624,3699.9319993721947,2406.318723414477,3219.22382502416,0.0,0.0,0.0,0.0,0.0,0.0,660.9237629525047,23.9371559694063,0.0,0.0,0.0,-6.821210263296962e-13,0.0
2025-01-30 01:00:00+00:00,0,66.0,2811.291148338461,481.5720412104075,1043.74374925757,1285.9753578704817,481.5720412104075,435.99672652832925,45.575314682078286,3086.402748436782,458.790165921566,22.781875288841547,0.0,1043.74374925757,1285.9753578704817,0.0,667.3311504313687,208.54098450980268,1285.9753578704817,1714.6338104939755,428.6584526234939,22.781875288841547,7.593958429613849,1074.1195829760254,16.11179374464038,33.73462856385622,20.8748749851514,139.01995203332683,854.5346448898853,3665.825793228346,2381.9649609253443,3277.57292616957,0.0,0.0,0.0,0.0,0.0,0.0,660.9237629525047,23.937052415084956,0.0,0.0,0.0,-3.410605131648481e-13,0.0
2025-01-30 02:00:00+00:00,0,66.0,2819.105058034541,483.6235127083199,1044.5740487088328,1290.9074966173891,483.62351270831994,437.8230971061173,45.800415602202605,3086.402748436782,459.71395497527703,23.909557733042845,720.4450152534488,324.12903345538405,1290.9074966173891,0.0,668.6748436004029,208.9608886251259,2011.352511870838,2681.8033491611172,670.4508372902793,23.909557733042845,7.969852577680949,356.00844376610786,5.340126656491618,41.00500609288504,6.482580669107681,139.59603013941089,1079.8053220509814,3898.910380085522,3350.4781927615204,3350.47819276152,4.547473508864641e-13,0.0,0.0,0.0,0.0,0.0,660.9237629525047,23.9336713983577,0.0,0.0,0.0,-4.547473508864641e-13,0.0
2025-01-30 03:00:00+00:00,0,66.0,2803.0722391605236,481.390979927316,1038.5379013489958,1283.1433578842125,481.39097992731604,436.12563468552037,45.26534524179564,3086.402748436782,457.2458014075886,24.14517851972738,786.3814353688393,252.15646598015644,1283.1433578842125,0.0,665.0848020474016,207.83900063981298,2069.524793253052,2759.366391004069,689.8415977510173,24.14517851972738,8.048392839909127,284.35003733979295,4.265250560096894,41.46600595951044,5.043129319603129,138.9047904015165,1095.4081674714662,6167.260126960472,3424.451193051471,3424.45119305147,9.094947017729282e-13,0.0,0.0,0.0,2268.779720328483,0.0,2813.277190583852,23.932983170889184,0.0,0.0,0.0,-9.094947017729282e-13,0.0
2025-01-30 04:00:00+00:00,0,66.0,2818.2087153841603,483.23747465664957,1043.2361222328045,1291.7351184947072,483.23747465664957,437.70468017427066,45.532794482378904,3086.402748436782,459.2034673915435,24.034007265106084,1043.2361222328047,-2.2737367544323206e-13,1291.7351184947072,0.0,667.9323162058814,208.72884881433794,2334.971240727512,3113.2949876366824,778.3237469091706,24.034007265106084,8.011335755035361,32.04534302014122,0.4806801453021182,44.214434851931216,-4.547473508864641e-15,139.53434135266153,1179.2933878284389,7302.120917975122,3781.2273038425637,5074.25305785225,0.0,0.0,0.0,0.0,3304.6188147625235,0.0,5948.313866572543,23.933335565693827,0.0,0.0,0.0,-4.547473508864641e-13,0.0
2025-01-30 05:00:00+00:00,0,66.0,2796.4623028695482,477.2592210492015,1030.367914493397,1288.8351673269483,477.2592210492015,432.0539457169466,45.20527533225493,3086.402748436782,453.53343683161154,23.72578421758999,1030.3679144933967,2.2737367544323206e-13,1288.8351673269485,-2.2737367544323206e-13,659.6849990277987,206.15156219618706,2319.2030818203452,3092.2707757604603,773.0676939401151,23.725784217589762,7.908594739196587,31.634378956786577,0.47451568435179864,43.799389108071395,4.547473508864641e-15,138.15220952142477,1169.5539651893466,3966.0162680588946,3751.955774788259,7175.01322351412,0.0,0.0,0.0,0.0,0.0,0.0,5948.313866572543,23.93422772203264,0.0,0.0,0.0,-2.2737367544323206e-13,0.0
2025-01-30 06:00:00+00:00,0,66.0,2839.669267894365,487.0072021614762,1048.5520215737326,1304.1100441591573,487.0072021614762,440.6864282157962,46.320773945679996,3086.402748436782,461.98138714785256,25.025815013623628,1.4725238773345386e-12,1048.5520215737313,1304.1100441591573,0.0,671.9729267605128,209.99153961266023,1304.1100441591586,1738.8133922122115,434.7033480530529,25.025815013623628,8.341938337874543,1081.9197749252294,16.22879662387844,34.01214087306624,20.971040431474627,140.68036699720975,864.9291709292166,3704.5984388235815,2410.786318972724,6830.12859379895,0.0,0.0,0.0,0.0,0.0,0.0,5948.313866572543,23.93017701739267,0.0,0.0,0.0,-1.1368683772161603e-13,0.0
2025-01-30 07:00:00+00:00,0,66.0,2968.4064399077884,511.01691137575995,1098.3981187887482,1358.9914097432782,511.01691137575995,462.47347642470305,48.543434951056895,3086.402748436782,484.2306322518627,26.78627912389726,2.947380150479828e-12,1098.3981187887453,1358.9914097432782,0.0,704.3354650936185,220.10483284175578,1358.991409743281,1811.9885463243747,452.9971365810937,26.78627912389726,8.928759707965753,1134.1131576206083,17.011697364309125,35.55787647320777,21.967962375774906,147.36673823160515,903.9350035757122,2160.901576664119,2516.3240114179935,5663.16442841657,0.0,0.0,0.0,0.0,0.0,1711.4398668193821,4144.297847384383,23.92508060575099,0.0,0.0,0.0,6.821210263296962e-13,0.0
2025-01-30 08:00:00+00:00,0,66.0,3021.9030784233887,519.4186625241772,1118.1049535496782,1384.3794623495335,519.4186625241772,470.279920934072,49.13874159010519,3086.402748436782,492.66176112131933,26.756901402857864,0.0,1118.1049535496782,1384.3794623495335,0.0,716.5989252673736,223.93716414605424,1384.3794623495335,1845.8392831327112,461.4598207831778,26.756901402857864,8.918967134285955,1153.780822086822,17.30671233130233,36.20589369448889,22.362099070993562,149.87159636947845,920.0622535297811,637.3465171906466,2562.438208400085,5011.85628625748,0.0,0.0,0.0,0.0,0.0,3304.6188147625235,660.9237629525047,23.92516705395261,0.0,0.0,0.0,1.1368683772161603e-13,0.0
2025-01-30 09:00:00+00:00,0,66.0,3002.5329056780597,515.7599731364277,1110.981054041298,1375.7918785003355,515.7599731364277,467.3140834434499,48.445889692977765,3086.402748436782,489.40592917761165,26.35404395881602,0.0,1110.981054041298,1375.7918785003355,0.0,711.8631697128897,222.457240535278,1375.7918785003355,1834.3891713337807,458.5972928334452,26.35404395881602,8.78468131960534,1146.1197793197193,17.19179668979579,35.977539865829314,22.21962108082596,148.84822327583458,914.0763956006141,3916.609301278674,2152.95611156432,2152.95611156432,0.0,393.2962294823503,0.0,373.6314180082328,0.0,0.0,660.9237629525047,23.926321864179023,0.0,0.0,0.0,3.410605131648481e-13,-2.2737367544323206e-13
2025-01-30 10:00:00+00:00,0,66.0,2975.7765020466836,511.53809965810694,1100.0175643098844,1364.2208380786933,511.53809965810694,463.47290554969805,48.0651941084089,3086.402748436782,484.86705795350315,26.671041704603795,0.0,1100.0175643098844,1364.2208380786933,0.0,705.2611752050955,220.39411725159232,1364.2208380786933,1818.9611174382576,454.7402793595644,26.671041704603795,8.890347234867932,1135.5789532493561,17.03368429874034,35.642559666984624,22.000351286197688,147.62079093619272,906.3221300341401,3882.098632080824,0.0,0.0,0.0,2524.2222926433533,0.0,2770.895333183402,0.0,0.0,660.9237629525047,23.925334046631697,0.0,0.0,0.0,1.1368683772161603e-13,0.0
2025-01-30 11:00:00+00:00,0,66.0,2984.4163694457434,513.3766618222509,1104.6740134612826,1366.365694162207,513.3766618222509,464.7705198109741,48.606142011276795,3086.402748436782,486.81016672562214,26.566495096628728,3.1005501196804375e-13,1104.6740134612824,1366.365694162207,0.0,708.0875152372686,221.2773485116464,1366.3656941622073,1821.8209255496097,455.4552313874024,26.566495096628728,8.855498365542909,1140.096006923454,17.10144010385181,35.75713721084772,22.093480269225648,148.07752478187837,908.6176606303952,3893.0340300761377,0.0,0.0,0.0,2529.908440786878,0.0,5168.76656126457,0.0,0.0,660.9237629525047,23.92570479535805,0.0,0.0,0.0,-9.094947017729282e-13,0.0
2025-01-30 12:00:00+00:00,0,66.0,2967.3302624982703,512.335916749976,1102.271331676676,1352.7230140716176,512.335916749976,463.9087410764297,48.42717567354633,3086.402748436782,485.7768435133858,26.559073236590223,0.0,1102.271331676676,1352.7230140716176,0.0,706.584499655834,220.8076561424481,1352.7230140716176,1803.6306854288234,450.90767135720586,26.559073236590223,8.85302441219674,1137.683429325463,17.065251439881944,35.572656774249694,22.04542663353352,147.49062579906692,902.7423125585829,7174.691389819377,9.094947017729282e-13,0.0,9.094947017729282e-13,2510.2151850846567,0.0,7543.133453972465,3304.6188147625235,0.0,3795.960438941195,23.925462757441082,0.0,0.0,0.0,0.0,0.0
2025-01-30 13:00:00+00:00,0,66.0,2932.027352838794,505.64153304137864,1087.7922675222753,1338.5935522751388,505.64153304137864,458.279191633377,47.36234140800161,3086.402748436782,479.40781738758693,26.233715653791705,0.0,1087.7922675222753,1338.5935522751388,0.0,697.3204616546719,217.91264426708497,1338.5935522751388,1784.7914030335182,446.19785075837956,26.233715653791705,8.744571884597235,1122.7705550606643,16.841558325909965,35.14178087319689,21.755845350445508,145.65867773950083,892.252929199115,6093.060002366392,4.547473508864641e-13,0.0,4.547473508864641e-13,2482.1118646881896,0.0,9886.053458518301,2268.779720328483,0.0,5948.313866572543,23.926515259798663,0.0,0.0,0.0,0.0,0.0
2025-01-30 14:00:00+00:00,0,66.0,2952.157471430476,511.55203721444497,1104.1616091144472,1336.443825101584,511.5520372144449,464.12957045313453,47.422466761310396,3086.402748436782,486.0532659140173,25.498771300427677,2.7323597929683857e-13,1104.161609114447,1336.4438251015838,2.2737367544323206e-13,706.986568602207,220.93330268818966,1336.443825101584,1781.9251001354453,445.4812750338613,25.498771300427904,8.499590433475968,1138.159970848351,17.072399562725263,35.447670433304786,22.08323218228894,146.89634189123598,896.413812225082,3848.5712836555576,2319.0794354811005,2319.0794354811,4.547473508864641e-13,169.83223325655194,0.0,10027.62197319499,0.0,0.0,5948.313866572543,23.92878822541997,0.0,0.0,0.0,-4.547473508864641e-13,-2.2737367544323206e-13
2025-01-30 15:00:00+00:00,0,66.0,2948.262745365813,514.5245828922644,1111.8264947945377,1321.9116676790106,514.5245828922644,466.58868623025097,47.935896662013484,3086.402748436782,489.23366888986493,25.290914002399518,0.0,1111.8264947945377,1321.9116676790104,2.2737367544323206e-13,711.612609294349,222.37894040448404,1321.9116676790104,1762.5488902386805,440.63722255967014,25.290914002399745,8.430304667466581,1145.547713464404,17.18321570196606,35.45564657268086,22.236529895890754,147.1619856664169,893.4838454685753,3841.7465908343884,2306.08251971698,2306.08251971698,0.0,168.07897981604947,0.0,10167.241760073846,0.0,0.0,5948.313866572543,23.929271964079437,0.0,0.0,0.0,2.2737367544323206e-13,0.0
2025-01-30 16:00:00+00:00,0,66.0,2997.6325152554227,522.7972584146502,1127.6723348992246,1347.162921941548,522.7972584146503,473.7820056272399,49.015252787410304,3086.402748436782,496.5210665255642,26.276191889085965,0.0,1127.6723348992246,1347.162921941548,0.0,722.2124604008206,225.69139387525644,1347.162921941548,1796.2172292553971,449.0543073138493,26.276191889085965,8.758730629695322,1162.7072574180058,17.440608861270086,36.025075917399974,22.55344669798449,149.63128974615273,909.1548530416082,3906.78736829703,3317.02031325977,3317.02031325977,0.0,0.0,798.5906236035523,9306.285567497327,0.0,0.0,5948.313866572543,23.92638982421947,0.0,0.0,0.0,-1.1368683772161603e-12,0.0
2025-01-30 17:00:00+00:00,0,66.0,3075.8016826800604,537.7390560197618,1161.5957329207217,1376.4668937395752,537.7390560197618,487.1612086611339,50.57784735862789,3086.402748436782,511.19480010504503,26.544255914716814,0.0,1161.5957329207217,1376.466893739575,2.2737367544323206e-13,743.5560728800655,232.36127277502044,1376.466893739575,1835.2891916527665,458.8222979131916,26.54425591471704,8.84808530490568,1196.9880741403445,17.954821112105165,36.996583595810186,23.231914658414436,153.66569482269466,931.8806701821422,703.0635380996794,4904.215848580139,4904.21584858014,0.0,0.0,2325.3705840473076,6839.914486838851,0.0,3304.6188147625235,2464.939782140664,23.925735398767372,0.0,0.0,0.0,0.0,0.0
2025-01-30 18:00:00+00:00,0,66.0,3077.4564119695037,536.221402488236,1158.5342605588978,1382.700748922369,536.221402488236,485.6498051974472,50.571597290788716,3086.402748436782,509.81396910270274,26.40743338553324,0.0,1158.5342605588978,1382.7007489223688,2.2737367544323206e-13,741.5475914221131,231.73362231941033,1382.7007489223688,1843.6009985631583,460.9002496407896,26.407433385533466,8.802477795177822,1193.744171739609,17.906162576094136,36.99769270040164,23.170685211177958,153.49819239186127,933.0090826349128,2299.025627785034,4617.133298138291,4617.13329813829,9.094947017729282e-13,0.0,2031.9847081530193,4687.303386125153,0.0,1711.4398668193821,660.9237629525047,23.926148680819278,0.0,0.0,0.0,-4.547473508864641e-13,0.0
2025-01-30 19:00:00+00:00,0,66.0,3045.685683823804,530.5873109772448,1144.5474491556372,1370.5509236909227,530.5873109772448,480.01531676506943,50.571994212175355,3086.402748436782,503.940374970703,26.646936006541807,0.0,1144.5474491556372,1370.5509236909227,0.0,733.004181775568,229.06380680486498,1370.5509236909227,1827.4012315878967,456.8503078969742,26.646936006541807,8.882312002180603,1180.0766971643595,17.701150457465392,36.59645822002197,22.890948983112743,151.94500318941868,923.9299875540386,3969.615671377842,4163.334025091739,4163.33402509174,0.0,0.0,1602.928611728275,2990.6355038494557,0.0,0.0,660.9237629525047,23.925311630275058,0.0,0.0,0.0,-7.958078640513122e-13,0.0
2025-01-30 20:00:00+00:00,0,66.0,3031.1384403045904,527.287850416714,1138.88178469071,1364.9688051971677,527.287850416714,477.14036903964626,50.14748137706779,3086.402748436782,501.2204816204523,26.067368796261746,0.0,1138.88178469071,1364.9688051971675,2.2737367544323206e-13,729.0479732661124,227.82749164566013,1364.9688051971675,1819.9584069295565,454.98960173238913,26.067368796261974,8.689122932087324,1173.6382764190594,17.60457414628589,36.42732374578588,22.7776356938142,151.0787524258465,919.394502321869,3950.5329426264598,5384.427901395338,6901.52839467326,0.0,0.0,2835.4215211996693,0.0,0.0,0.0,660.9237629525047,23.927087698368492,0.0,0.0,0.0,3.410605131648481e-13,0.0
2025-01-30 21:00:00+00:00,0,66.0,3015.393467425286,522.6417010316092,1130.412549558926,1362.3392168347523,522.6417010316092,473.3841255866664,49.25757544494277,3086.402748436782,497.25043398547945,25.391267046129713,0.0,1130.412549558926,1362.3392168347523,0.0,723.2733585243337,226.02292453885428,1362.3392168347523,1816.452289113003,454.11307227825074,25.391267046129713,8.463755682043237,1164.267572287099,17.464013584306485,36.231643159526044,22.60825099117852,149.99791207118338,914.9015723053426,3930.295039730628,2539.725647637337,6614.99797636466,0.0,0.0,0.0,0.0,0.0,0.0,660.9237629525047,23.929051221389862,0.0,0.0,0.0,-4.547473508864641e-13,0.0
2025-01-30 22:00:00+00:00,0,66.0,3021.374179872461,523.9106186298615,1132.3731803575217,1365.0903808850765,523.9106186298616,474.79827169950397,49.112346930357546,3086.402748436782,498.2343642980099,25.676254331851567,2.9298871818991986e-12,1132.3731803575188,1365.0903808850767,-2.2737367544323206e-13,724.7045298880145,226.4701655900045,1365.0903808850796,1820.1205078467729,455.0301269616932,25.67625433185134,8.558751443950447,1166.6081861333205,17.499122791999806,36.298367416001234,22.647463607150375,150.3481165383222,916.8521143491217,3938.226294221582,2544.825037734787,5528.11770962516,0.0,0.0,0.0,0.0,0.0,0.0,660.9237629525047,23.928248639941994,0.0,0.0,0.0,-5.684341886080801e-13,0.0
2025-01-30 23:00:00+00:00,0,66.0,3013.492745343617,522.9386219534885,1130.0999080521378,1360.454215337989,522.9386219534885,473.87692313429176,49.06169881919667,3086.402748436782,497.26094954653166,25.677672406956788,0.0,1130.0999080521378,1360.454215337989,0.0,723.2886538858643,226.0277043393326,1360.454215337989,1813.9389537839852,453.4847384459963,25.677672406956788,8.559224135652263,1164.3368045947468,17.465052068921203,36.20654031442265,22.601998161042758,150.01372118898942,914.3589786543571,3927.851723997974,2537.2276076698495,2948.83793503903,0.0,0.0,0.0,0.0,0.0,0.0,660.9237629525047,23.92817486872429,0.0,0.0,0.0,0.0,0.0
2025-03-23 00:00:00+00:00,1,1.0,3047.0827957348697,530.1509066249032,1145.6063790487776,1371.3255100611884,530.1509066249032,482.0145892218126,48.13631740309058,3086.402748436782,0.0,530.1509066249032,0.0,1145.6063790487776,0.0,1371.3255100611884,0.0,0.0,0.0,0.0,0.0,1901.4764166860916,633.8254722286972,3680.9082679635667,55.2136240194535,22.912127580975554,22.912127580975554,151.8818110510702,886.7451624611722,3933.827958196042,0.0,0.0,0.0,0.0,0.0,24520.358625876932,0.0,0.0,660.9237629525047,23.926363701232468,0.0,0.0,0.0,0.0,0.0
2025-03-23 01:00:00+00:00,1,1.0,3689.539622469024,641.4896492833537,1387.9408943147328,1660.1090788709366,641.4896492833536,582.9864175369661,58.5032317463876,3086.402748436782,0.0,641.4896492833537,0.0,1387.9408943147328,0.0,1660.1090788709366,0.0,0.0,0.0,0.0,0.0,2301.5987281542903,767.1995760514301,4456.739198520453,66.8510879778068,27.758817886294654,27.758817886294654,183.79921745444386,1073.36751725627,4762.907139725293,0.0,0.0,0.0,0.0,0.0,24471.31790862518,0.0,0.0,660.9237629525047,23.91243067810757,0.0,0.0,0.0,-1.1368683772161603e-12,0.0
2025-03-23 02:00:00+00:00,1,1.0,4766.883972927061,828.2936877440209,1790.8489133915796,2147.7413717914646,828.2936877440209,752.6578860610999,75.63580168292094,3086.402748436782,0.0,828.2936877440209,0.0,1790.8489133915796,0.0,2147.7413717914646,0.0,0.0,0.0,0.0,0.0,2976.0350595354857,992.0116865118285,5758.895659438894,86.3834348915834,35.816978267831594,35.816978267831594,237.43194958348892,1387.461027522564,6154.345000449625,0.0,0.0,0.0,0.0,0.0,24422.37527280793,0.0,0.0,660.9237629525047,23.885750567976107,0.0,0.0,0.0,0.0,0.0
2025-03-23 03:00:00+00:00,1,1.0,5065.620620082867,880.7615797247712,1906.5087102429486,2278.3503301151454,880.7615797247713,800.5308189530056,80.23076077176569,3086.402748436782,0.0,880.7615797247712,0.0,1906.5087102429486,0.0,2278.3503301151454,0.0,0.0,0.0,0.0,0.0,3159.1119098399167,1053.0373032799723,6118.657923362838,91.77986885044257,38.130174204858974,38.130174204858974,252.33054436003863,1473.4080649001717,6539.02868498304,0.0,0.0,0.0,0.0,0.0,24373.530522262314,0.0,0.0,660.9237629525047,23.880535174061084,0.0,0.0,0.0,9.094947017729282e-13,0.0
2025-03-23 04:00:00+00:00,1,1.0,4612.233252327111,801.1820990414863,1733.994381994785,2077.0567712908405,801.1820990414863,728.1523668388919,73.02973220259437,3086.402748436782,0.0,801.1820990414863,0.0,1733.994381994785,0.0,2077.0567712908405,0.0,0.0,0.0,0.0,0.0,2878.2388703323268,959.4129567774422,5571.646209104554,83.57469313656831,34.6798876398957,34.6798876398957,229.65192343707184,1341.9993486308738,5954.232600957986,0.0,0.0,0.0,0.0,0.0,24324.783461217794,0.0,0.0,660.9237629525047,23.891118346474787,0.0,0.0,0.0,1.1368683772161603e-12,0.0
2025-03-23 05:00:00+00:00,1,1.0,4918.4003314097545,854.5719058912621,1850.312070369535,2213.5163551489563,854.5719058912622,776.6760188143235,77.89588707693868,3086.402748436782,0.0,854.5719058912621,0.0,1850.312070369535,0.0,2213.5163551489563,0.0,0.0,0.0,0.0,0.0,3068.0882610402186,1022.6960870134062,5941.09641842316,89.11644627634739,37.0062414073907,37.0062414073907,244.90431081654205,1430.729326921077,6349.129658330832,0.0,0.0,0.0,0.0,0.0,24276.133894295355,0.0,0.0,660.9237629525047,23.88458340050695,0.0,0.0,0.0,6.821210263296962e-13,0.0
2025-03-23 06:00:00+00:00,1,1.0,4640.041575661417,805.8567544890743,1743.9492107974206,2090.2356103749203,805.8567544890743,732.2996205916618,73.55713389741253,3086.402748436782,0.0,805.8567544890743,0.0,1743.9492107974206,0.0,2090.2356103749203,0.0,0.0,0.0,0.0,0.0,2896.0923648639946,965.3641216213315,5605.405697282747,84.0810854592412,34.878984215948414,34.878984215948414,231.0192955964681,1350.2224711089375,5990.264046770352,0.0,0.0,0.0,0.0,0.0,24227.581626506766,0.0,0.0,660.9237629525047,23.89037927822627,0.0,0.0,0.0,-1.8189894035458565e-12,0.0
2025-03-23 07:00:00+00:00,1,1.0,4423.780537253034,768.1968869234541,1661.0498539828527,1994.5337963467298,768.1968869234543,698.0509287363035,70.14595818715071,3086.402748436782,0.0,768.1968869234541,0.0,1661.0498539828527,0.0,1994.5337963467298,0.0,0.0,0.0,0.0,0.0,2762.730683270184,920.910227756728,5344.690765009765,80.17036147514646,33.22099707965705,33.22099707965705,220.27441526727046,1287.796998658459,5711.577535911492,0.0,0.0,0.0,0.0,0.0,24179.126463253757,0.0,0.0,660.9237629525047,23.89432820050724,0.0,0.0,0.0,-4.547473508864641e-13,0.0
2025-03-23 08:00:00+00:00,1,1.0,2525.460535255602,439.3420816550237,948.7523013334905,1137.3661522670877,439.3420816550237,398.7703801519437,40.57170150308002,3086.402748436782,0.0,439.3420816550237,0.0,948.7523013334905,0.0,1137.3661522670877,0.0,0.0,0.0,0.0,0.0,1576.7082339221115,525.5694113073705,3051.0299465629723,45.765449198444585,18.975046026669812,18.975046026669812,125.88761034946685,735.1725629086216,3260.6330981642222,0.0,0.0,0.0,0.0,0.0,24130.76821032725,0.0,0.0,660.9237629525047,23.938508510709664,0.0,0.0,0.0,-1.1368683772161603e-12,0.0
2025-03-23 09:00:00+00:00,1,1.0,4083.5344389885936,709.9722097606062,1534.944553083919,1838.617676144067,709.9722097606062,644.4912186205935,65.48099114001276,3086.402748436782,0.0,709.9722097606062,0.0,1534.944553083919,0.0,1838.617676144067,0.0,0.0,0.0,0.0,0.0,2548.5898859046733,849.5299619682245,4933.064400956817,73.99596601435225,30.698891061678378,30.698891061678378,203.4506006462536,1188.374310752187,5271.90874974078,0.0,0.0,0.0,0.0,0.0,24082.50667390659,0.0,0.0,660.9237629525047,23.902143533408005,0.0,0.0,0.0,-6.821210263296962e-13,0.0
2025-03-23 10:00:00+00:00,1,1.0,2599.533019262855,451.75451997215384,972.3196120513734,1175.458887239329,451.75451997215384,409.4046269092203,42.34989306293349,3086.402748436782,0.0,451.75451997215384,0.0,972.3196120513734,0.0,1175.458887239329,0.0,0.0,0.0,0.0,0.0,1627.2134072114827,542.4044690704942,3141.9374883333503,47.129062325000255,19.446392241027468,19.446392241027468,129.59663177540406,758.0229476529536,3357.555966915808,0.0,0.0,0.0,0.0,0.0,24034.34166055878,0.0,0.0,660.9237629525047,23.93382074410631,0.0,0.0,0.0,-5.684341886080801e-13,0.0
2025-03-23 11:00:00+00:00,1,1.0,2678.3055703265177,464.92561174947446,1003.56023655505,1209.8197220219934,464.92561174947446,422.24681082771065,42.678800921763795,3086.402748436782,0.0,464.92561174947446,0.0,1003.56023655505,0.0,1209.8197220219934,0.0,0.0,0.0,0.0,0.0,1674.7453337714678,558.2484445904893,3236.554014917007,48.5483102237551,20.071204731101002,20.071204731101002,133.38277849386566,780.3219427703121,3458.6275130968293,0.0,0.0,0.0,0.0,0.0,23986.272977237662,0.0,0.0,660.9237629525047,23.934449462362263,0.0,0.0,0.0,-5.684341886080801e-13,0.0
2025-03-23 12:00:00+00:00,1,1.0,3707.387082912041,642.3157296566458,1389.3398632470862,1675.7314900083077,642.3157296566458,582.7510320031963,59.56469765344948,3086.402748436782,0.0,642.3157296566458,0.0,1389.3398632470862,0.0,1675.7314900083077,0.0,0.0,0.0,0.0,0.0,2318.0472196649534,772.6824065549845,4480.069489467024,67.20104234200537,27.786797264941725,27.786797264941725,184.38686341856342,1079.8439068454368,4787.230989757476,0.0,0.0,0.0,0.0,0.0,23938.300431283184,0.0,0.0,660.9237629525047,23.911959347536772,0.0,0.0,0.0,-1.8189894035458565e-12,0.0
2025-03-23 13:00:00+00:00,1,1.0,4774.338456629509,826.7838846853986,1788.892850754771,2158.6617211893363,826.7838846853986,750.393613034048,76.39027165135053,3086.402748436782,0.0,826.7838846853986,0.0,1788.892850754771,0.0,2158.6617211893363,0.0,0.0,0.0,0.0,0.0,2985.4456058747346,995.1485352915782,5769.486991921084,86.54230487881625,35.77785701509542,35.77785701509542,237.3869641892964,1390.6335183898816,9469.590789781914,0.0,0.0,0.0,0.0,0.0,23890.423830420616,3304.6188147625235,0.0,3795.960438941195,23.887152836991596,0.0,0.0,0.0,0.0,0.0
2025-03-23 14:00:00+00:00,1,1.0,2979.168721184503,514.4391386667961,1111.9780312645025,1352.7515512532061,514.4391386667961,466.9945545944589,47.44458407233721,3086.402748436782,0.0,514.4391386667961,0.0,1111.9780312645025,0.0,1352.7515512532061,0.0,0.0,0.0,0.0,0.0,1867.1906899200021,622.3968966400007,3601.5656178245054,54.02348426736758,22.23956062529005,22.23956062529005,147.95993997889815,868.8594421368466,6116.807883649832,0.0,0.0,0.0,0.0,0.0,23842.64298275977,2268.779720328483,0.0,5948.313866572543,23.928846450070825,0.0,0.0,0.0,-9.094947017729282e-13,0.0
2025-03-23 15:00:00+00:00,1,1.0,2661.2908495157944,458.63331594830686,995.4520124172129,1207.205521150272,458.63331594830686,417.42901796545607,41.20429798285077,3086.402748436782,0.0,458.63331594830686,0.0,995.4520124172129,0.0,1207.205521150272,0.0,0.0,0.0,0.0,0.0,1665.838837098579,555.279612366193,3216.5704618819846,48.24855692822977,19.909040248344258,19.909040248344258,131.94784725099544,775.2940970421066,3436.5849465579013,0.0,0.0,0.0,0.0,0.0,23794.957696794256,0.0,0.0,5948.313866572543,23.940122385219198,0.0,0.0,0.0,2.2737367544323206e-13,0.0
2025-03-23 16:00:00+00:00,1,1.0,2571.9426533617698,443.87442173818044,963.3097558405066,1164.758475783081,443.8744217381805,403.81161864777664,40.06280309040384,3086.402748436782,0.0,443.87442173818044,0.0,963.3097558405066,0.0,1164.758475783081,0.0,0.0,0.0,0.0,0.0,1608.6328975212614,536.2109658404205,3108.1536192021886,46.62230428803283,19.26619511681013,19.26619511681013,127.60583384972016,748.9714942117937,3320.9141475735637,0.0,0.0,0.0,0.0,0.0,23747.367781400666,0.0,0.0,5948.313866572543,23.94203244801182,0.0,0.0,0.0,2.2737367544323206e-13,0.0
2025-03-23 17:00:00+00:00,1,1.0,2694.2734470521896,465.0900398478346,1010.4889704804021,1218.6944367239537,465.0900398478346,423.4586481599601,41.63139168787449,3086.402748436782,0.0,465.0900398478346,0.0,1010.4889704804021,0.0,1218.6944367239537,0.0,0.0,0.0,0.0,0.0,1683.7844765717882,561.2614921905961,3255.5349392427865,48.8330240886418,20.209779409608043,20.209779409608043,133.6610301312361,784.17510522969,3478.4485522818795,0.0,0.0,0.0,0.0,0.0,23699.87304583787,0.0,0.0,5948.313866572543,23.94031475931337,0.0,0.0,0.0,0.0,0.0
2025-03-23 18:00:00+00:00,1,1.0,4148.013061258572,717.9658458781132,1558.8664075903266,1871.180807790133,717.9658458781131,652.961830350168,65.00401552794507,3086.402748436782,0.0,717.9658458781132,0.0,1558.8664075903266,0.0,1871.180807790133,0.0,0.0,0.0,0.0,0.0,2589.1466536682465,863.0488845560822,5011.061945814656,75.16592918721983,31.177328151806535,31.177328151806535,206.06243565330027,1206.6319057002154,3643.2051001394043,0.0,0.0,0.0,0.0,0.0,23652.473299746198,0.0,1711.4398668193821,4144.297847384383,23.90692808111746,0.0,0.0,0.0,-6.821210263296962e-13,0.0
2025-03-23 19:00:00+00:00,1,1.0,4286.388019597032,741.8236454142682,1611.3020576187946,1933.2623165639684,741.8236454142682,674.0839744336143,67.73967098065386,3086.402748436782,0.0,741.8236454142682,0.0,1611.3020576187946,878.161494564566,1055.1008219994023,0.0,0.0,878.161494564566,1170.8819927527547,292.7204981881887,1796.9244674136705,598.9748224712235,4007.201347503689,60.10802021255533,41.007656098021556,32.22604115237589,212.90531129750588,1237.9423494198709,2219.7115542543797,0.0,0.0,0.0,1170.8819927527547,0.0,24717.506246261826,0.0,3304.6188147625235,660.9237629525047,23.904383370265045,0.0,0.0,0.0,0.0,0.0
2025-03-23 20:00:00+00:00,1,1.0,3276.2455494626297,566.6511063629713,1231.8314319284204,1477.7630111712356,566.6511063629714,515.3644328737595,51.28667348921191,3086.402748436782,0.0,566.6511063629713,0.0,1231.8314319284204,39.02764144146204,1438.7353697297735,0.0,0.0,39.02764144146204,52.03685525528272,13.00921381382068,2005.386476092745,668.4621586975817,3905.680066718747,58.585201000781204,25.026905052983032,24.63662863856841,162.65954211996427,952.3796493236993,4228.625198786329,0.0,0.0,0.0,52.03685525528272,0.0,24717.506246261826,0.0,0.0,660.9237629525047,23.92776737115436,0.0,0.0,0.0,-1.1368683772161603e-13,0.0
2025-03-23 21:00:00+00:00,1,1.0,3539.052929292931,612.5907244162901,1330.6691197016085,1595.793085175034,612.5907244162901,557.0498394621275,55.54088495416257,3086.402748436782,0.0,612.5907244162901,0.0,1330.6691197016085,0.0,1595.793085175034,0.0,0.0,0.0,0.0,0.0,2208.3838095913243,736.1279365304414,4275.180865823374,64.1277129873506,26.61338239403217,26.61338239403217,175.7987303546316,1029.281144660488,4568.334073953418,0.0,0.0,0.0,0.0,0.0,24668.071233769308,0.0,0.0,660.9237629525047,23.92102638462856,0.0,0.0,0.0,-1.1368683772161603e-12,0.0
2025-03-23 22:00:00+00:00,1,1.0,4426.837872567179,766.1102499833645,1662.6958512594254,1998.0317713243887,766.1102499833645,696.4391044568832,69.6711455264813,3086.402748436782,0.0,766.1102499833645,0.0,1662.6958512594254,0.0,1998.0317713243887,0.0,0.0,0.0,0.0,0.0,2764.142021307753,921.3806737692511,5348.218546336429,80.22327819504643,33.25391702518851,33.25391702518851,219.91462222988542,1288.02640824456,5714.864280811738,0.0,0.0,0.0,0.0,0.0,24618.73509130177,0.0,0.0,660.9237629525047,23.900038606430734,0.0,0.0,0.0,-6.821210263296962e-13,0.0
2025-03-23 23:00:00+00:00,1,1.0,4604.1904827817725,796.4065224612357,1727.095911198094,2080.6880491224438,796.4065224612357,723.3266270384358,73.07989542279978,3086.402748436782,0.0,796.4065224612357,0.0,1727.095911198094,0.0,2080.6880491224438,0.0,0.0,0.0,0.0,0.0,2877.0945715836797,959.0315238612266,5563.222006643,83.44833009964499,34.54191822396188,34.54191822396188,228.70386319846355,1340.2675536072588,5944.458036389032,0.0,0.0,0.0,0.0,0.0,24569.497621119168,0.0,0.0,660.9237629525047,23.8949016698176,0.0,0.0,0.0,4.547473508864641e-13,0.0
2025-04-16 00:00:00+00:00,2,52.0,3239.1537593227,560.8024446873787,1209.4032425715764,1468.948072063743,560.8024446873787,509.03322505195626,51.76921963542245,3086.402748436782,0.0,560.8024446873787,0.0,1209.4032425715764,0.0,1468.948072063743,0.0,0.0,0.0,0.0,0.0,2029.7505167511217,676.5835055837073,3915.7372649064055,58.73605897359608,24.188064851431527,24.188064851431527,161.14195376736097,944.8376480275273,4183.991407350228,0.0,0.0,0.0,0.0,0.0,24471.31790862518,0.0,0.0,3795.960438941195,23.919784769527745,0.0,0.0,0.0,5.684341886080801e-13,0.0
2025-04-16 01:00:00+00:00,2,52.0,3205.933997984104,555.6592895407882,1195.6640322675735,1454.6106761757408,555.6592895407882,504.23473263486136,51.42455690592688,3086.402748436782,0.0,555.6592895407882,0.0,1195.6640322675735,0.0,1454.6106761757408,0.0,0.0,0.0,0.0,0.0,2010.269965716529,670.0899885721764,3876.023986556279,58.14035979834418,23.91328064535147,23.91328064535147,159.6394357172508,935.6963453784743,6410.410063691061,0.0,0.0,0.0,0.0,0.0,24422.37527280793,2268.779720328483,0.0,5948.313866572543,23.918065225618484,0.0,0.0,0.0,-4.547473508864641e-13,0.0
2025-04-16 02:00:00+00:00,2,52.0,3103.7730949721554,536.5732499062408,1157.1860951129884,1410.0137499529267,536.5732499062408,486.8116859003415,49.76156400589926,3086.402748436782,0.0,536.5732499062408,0.0,1157.1860951129884,0.0,1410.0137499529267,0.0,0.0,0.0,0.0,0.0,1946.5869998591675,648.8623332863891,3752.635428258545,56.289531423878174,23.143721902259767,23.143721902259767,154.2983538101044,905.7376623248913,4009.510757297046,0.0,0.0,0.0,0.0,0.0,24373.530522262314,0.0,0.0,5948.313866572543,23.9231756921412,0.0,0.0,0.0,-6.821210263296962e-13,0.0
2025-04-16 03:00:00+00:00,2,52.0,3024.2111732183216,522.096988335286,1127.5476851804538,1374.5664997025842,522.096988335286,473.9684351096714,48.12855322561461,3086.402748436782,0.0,522.096988335286,0.0,1127.5476851804538,0.0,1374.5664997025842,0.0,0.0,0.0,0.0,0.0,1896.6634880378701,632.22116267929,3656.432335897614,54.84648503846421,22.550953703609075,22.550953703609075,150.20599282143468,882.3755479464069,3906.5867211647287,0.0,0.0,0.0,0.0,0.0,24324.783461217794,0.0,0.0,5948.313866572543,23.926556165764232,0.0,0.0,0.0,2.2737367544323206e-13,0.0
2025-04-16 04:00:00+00:00,2,52.0,2954.7414648134127,509.58443603095714,1101.5075270669174,1343.6495017155369,509.58443603095714,462.6619810901226,46.92245494083455,3086.402748436782,0.0,509.58443603095714,0.0,1101.5075270669174,0.0,1343.6495017155369,0.0,0.0,0.0,0.0,0.0,1853.2339377464941,617.744645915498,3572.48611072891,53.587291660933644,22.030150541338347,22.030150541338347,146.6602285360404,862.0524671951487,3816.7939320085616,0.0,0.0,0.0,0.0,0.0,24276.133894295355,0.0,0.0,5948.313866572543,23.929115837307958,0.0,0.0,0.0,2.2737367544323206e-13,0.0
2025-04-16 05:00:00+00:00,2,52.0,2962.1748147568196,512.3787948625887,1105.9641214583255,1343.8318984359057,512.3787948625887,465.13787554228304,47.24091932030568,3086.402748436782,0.0,512.3787948625887,0.0,1105.9641214583255,0.0,1343.8318984359057,0.0,0.0,0.0,0.0,0.0,1856.2106932984943,618.7368977661648,3580.911712522985,53.71367568784477,22.11928242916651,22.11928242916651,147.27366744921557,863.9628057615582,3826.137620518378,0.0,0.0,0.0,0.0,0.0,24227.58162650677,0.0,0.0,5948.313866572543,23.92746313577053,0.0,0.0,0.0,0.0,0.0
2025-04-16 06:00:00+00:00,2,52.0,2982.5662695347764,516.7382657896958,1116.838057318926,1348.9899464261555,516.7382657896958,469.86314103683975,46.87512475285607,3086.402748436782,0.0,516.7382657896958,0.0,1116.838057318926,0.0,1348.9899464261555,0.0,0.0,0.0,0.0,0.0,1865.7282122158513,621.9094040719505,3604.475673606728,54.06713510410092,22.33676114637852,22.33676114637852,148.365084982682,869.0151464514904,546.9626012237436,0.0,0.0,0.0,0.0,0.0,24179.12646325376,0.0,3304.6188147625235,2464.939782140664,23.928199763919913,0.0,0.0,0.0,2.2737367544323206e-13,0.0
2025-04-16 07:00:00+00:00,2,52.0,3122.616889788706,540.6904713451838,1172.1371204943705,1409.7892979491523,540.6904713451838,492.7219171633851,47.96855418179867,3086.402748436782,0.0,540.6904713451838,0.0,1172.1371204943705,0.0,1409.7892979491523,0.0,0.0,0.0,0.0,0.0,1950.4797692943362,650.159923098112,3772.7768128868183,56.591652193302274,23.442742409887412,23.442742409887412,155.20307873816236,908.8401388493514,2320.017161818676,0.0,0.0,0.0,0.0,0.0,24130.768210327256,0.0,1711.4398668193821,660.9237629525047,23.927871426021316,0.0,0.0,0.0,6.821210263296962e-13,0.0
2025-04-16 08:00:00+00:00,2,52.0,3162.8174339193406,546.9672202767352,1185.584340541585,1430.265873101021,546.9672202767352,498.46164819832677,48.505572078408456,3086.402748436782,0.0,546.9672202767352,0.0,1185.584340541585,0.0,1430.265873101021,0.0,0.0,0.0,0.0,0.0,1977.2330933777562,659.0776977925854,3821.8951317119263,57.328426975678894,23.711686810831704,23.711686810831704,157.1133703051551,920.9428686950827,4083.7603026144234,0.0,0.0,0.0,0.0,0.0,24082.506673906606,0.0,0.0,660.9237629525047,23.926985876990056,0.0,0.0,0.0,1.1368683772161603e-13,0.0
2025-04-16 09:00:00+00:00,2,52.0,3192.3010943847667,554.2475568834786,1197.8696782577545,1440.183859243534,554.2475568834786,503.5527738460044,50.694783037474224,3086.402748436782,0.0,554.2475568834786,0.0,1197.8696782577545,0.0,1440.183859243534,0.0,0.0,0.0,0.0,0.0,1994.4314161270127,664.8104720423376,3857.1115664271047,57.856673496406565,23.95739356515509,23.95739356515509,158.95540896428875,929.5373416333431,4121.838436018109,0.0,0.0,0.0,0.0,0.0,24034.34166055879,0.0,0.0,660.9237629525047,23.92311176793517,0.0,0.0,0.0,-7.958078640513122e-13,0.0
2025-04-16 10:00:00+00:00,2,52.0,3113.8284834599995,540.3012094880552,1169.394648335077,1404.1326256368677,540.3012094880552,490.3954570660945,49.90575242196065,3086.402748436782,0.0,540.3012094880552,0.0,1169.394648335077,0.0,1404.1326256368677,0.0,0.0,0.0,0.0,0.0,1944.433835124923,648.1446117083077,3761.9730951683077,56.429596427524615,23.38789296670154,23.38789296670154,154.9595883103731,906.3095823796085,4020.1380658396083,0.0,0.0,0.0,0.0,0.0,23986.272977237673,0.0,0.0,660.9237629525047,23.926338136093868,0.0,0.0,0.0,3.410605131648481e-13,0.0
2025-04-16 11:00:00+00:00,2,52.0,3059.565289610999,529.9958053862921,1148.4648365187957,1381.1046477059126,529.995805386292,480.8340943697866,49.16171101650541,3086.402748436782,0.0,529.9958053862921,0.0,1148.4648365187957,0.0,1381.1046477059126,0.0,0.0,0.0,0.0,0.0,1911.1004530922046,637.0334843640682,3696.598773975068,55.44898160962602,22.969296730375913,22.969296730375913,152.102774222286,890.5238336567321,6218.868843596214,0.0,0.0,0.0,0.0,0.0,23938.300431283194,2268.779720328483,0.0,2813.277190583852,23.928886221876333,0.0,0.0,0.0,-4.547473508864641e-13,0.0
2025-04-16 12:00:00+00:00,2,52.0,3268.7853368005876,568.6641989664328,1226.5738139409425,1473.5473238932116,568.6641989664328,515.8243864485811,52.83981251785163,3086.402748436782,0.0,568.6641989664328,0.0,1226.5738139409425,0.0,1473.5473238932116,0.0,0.0,0.0,0.0,0.0,2042.2115228596444,680.7371742865481,3949.522511087135,59.242837666307025,24.53147627881885,24.53147627881885,162.97775747088758,952.0207219813806,7525.424873544491,0.0,0.0,0.0,0.0,0.0,23890.423830420626,3304.6188147625235,0.0,5948.313866572543,23.918786138397053,0.0,0.0,0.0,-4.547473508864641e-13,0.0
2025-04-16 13:00:00+00:00,2,52.0,3229.829248924678,561.8021716748949,1212.7433891276187,1455.2836881221615,561.8021716748949,509.7469792470743,52.05519242782058,3086.402748436782,0.0,561.8021716748949,0.0,1212.7433891276187,0.0,1455.2836881221615,0.0,0.0,0.0,0.0,0.0,2017.0858597970564,672.3619532656854,3902.1912021903604,58.532868032855404,24.254867782552374,24.254867782552374,160.9993682694054,940.4039251330511,4170.233174057728,0.0,0.0,0.0,0.0,0.0,23842.64298275978,0.0,0.0,5948.313866572543,23.920574775999317,0.0,0.0,0.0,-5.684341886080801e-13,0.0
2025-04-16 14:00:00+00:00,2,52.0,3166.463171222306,550.0041667552623,1188.3510773268213,1428.107927140222,550.0041667552623,498.8202478720556,51.18391888320674,3086.402748436782,0.0,550.0041667552623,0.0,1188.3510773268213,0.0,1428.107927140222,0.0,0.0,0.0,0.0,0.0,1978.1120938954843,659.3706979651614,3825.833869187467,57.387508037812005,23.767021546536427,23.767021546536427,157.70673380168017,921.9989828977264,4088.462154120032,0.0,0.0,0.0,0.0,0.0,23794.95769679426,0.0,0.0,5948.313866572543,23.922992112395082,0.0,0.0,0.0,0.0,0.0
2025-04-16 15:00:00+00:00,2,52.0,3130.6983092546166,544.7685722409307,1175.7208297053355,1410.208907308348,544.7685722409307,493.5894113079205,51.17916093301017,3086.402748436782,0.0,544.7685722409307,0.0,1175.7208297053355,0.0,1410.208907308348,0.0,0.0,0.0,0.0,0.0,1954.9774795492785,651.6591598497595,3782.357469104373,56.7353620365656,23.51441659410671,23.51441659410671,156.089428386949,911.5127834614875,4042.2110927161034,0.0,0.0,0.0,0.0,0.0,23747.36778140067,0.0,0.0,5948.313866572543,23.922642212894498,0.0,0.0,0.0,-6.821210263296962e-13,0.0
2025-04-16 16:00:00+00:00,2,52.0,3146.8534829328705,548.1107290246722,1183.2616538927205,1415.4811000154766,548.1107290246722,496.81046664404664,51.3002623806256,3086.402748436782,0.0,548.1107290246722,0.0,1183.2616538927205,0.0,1415.4811000154766,0.0,0.0,0.0,0.0,0.0,1963.5918290401487,654.5306096800496,3801.3840926129187,57.02076138919378,23.66523307785441,23.66523307785441,156.95892716125232,915.8407643862045,4062.694247319075,0.0,0.0,0.0,0.0,0.0,23699.873045837867,0.0,0.0,5948.313866572543,23.92262129589706,0.0,0.0,0.0,2.2737367544323206e-13,0.0
2025-04-16 17:00:00+00:00,2,52.0,3115.8346999118326,541.7861507176195,1171.735780507532,1402.3127686866817,541.7861507176194,491.1539906918758,50.6321600257437,3086.402748436782,0.0,541.7861507176195,0.0,1171.735780507532,0.0,1402.3127686866817,0.0,0.0,0.0,0.0,0.0,1944.0989194043013,648.0329731347671,3763.8676730466004,56.458015095699004,23.43471561015064,23.43471561015064,155.23280242721097,906.5932218779783,4022.4279217898106,0.0,0.0,0.0,0.0,0.0,23652.473299746194,0.0,0.0,5948.313866572543,23.925110090829392,0.0,0.0,0.0,-2.2737367544323206e-13,0.0
2025-04-16 18:00:00+00:00,2,52.0,3107.6242572658634,540.3888367514674,1168.4194569741294,1398.815963540267,540.3888367514674,489.85211033661074,50.536726414856645,3086.402748436782,0.0,540.3888367514674,0.0,1168.4194569741294,878.1614945645689,520.654468975698,0.0,0.0,878.1614945645689,1170.8819927527584,292.7204981881896,1061.0433057271653,353.6811019090551,2583.1438646103497,38.747157969155246,32.15000408512827,23.368389139482588,154.83500330183216,895.502154592843,698.507597096183,0.0,0.0,0.0,1170.8819927527584,0.0,24717.506246261826,0.0,3304.6188147625235,2464.939782140664,23.92506599976327,0.0,0.0,0.0,0.0,0.0
2025-04-16 19:00:00+00:00,2,52.0,3156.1381682879146,547.9494204822349,1184.1041917280022,1424.0845560776781,547.9494204822349,496.9597053479801,50.98971513425482,3086.402748436782,0.0,547.9494204822349,0.0,1184.1041917280022,39.02764144146204,1385.056914636216,0.0,0.0,39.02764144146204,52.03685525528272,13.00921381382068,1933.006335118451,644.3354450394837,3761.445971885937,56.421689578289055,24.072360248974665,23.682083834560043,157.15234901586825,918.6731415309963,2363.371442999529,0.0,0.0,0.0,52.03685525528272,0.0,24717.506246261826,0.0,1711.4398668193821,660.9237629525047,23.923543920476757,0.0,0.0,0.0,1.1368683772161603e-13,0.0
2025-04-16 20:00:00+00:00,2,52.0,3134.47372620738,542.9294824498306,1173.4306428944499,1418.1136008630974,542.9294824498306,491.94305251666617,50.986429933164466,3086.402748436782,0.0,542.9294824498306,0.0,1173.4306428944499,0.0,1418.1136008630974,0.0,0.0,0.0,0.0,0.0,1961.043083312928,653.681027770976,3788.154753978354,56.82232130967531,23.468612857889,23.468612857889,155.89720832913093,913.3377831255602,4047.8115093329407,0.0,0.0,0.0,0.0,0.0,24668.071233769308,0.0,0.0,660.9237629525047,23.92435088212042,0.0,0.0,0.0,4.547473508864641e-13,0.0
2025-04-16 21:00:00+00:00,2,52.0,3219.440747141053,557.4538969203815,1208.0103578304283,1453.9764923902426,557.4538969203815,506.06189931672486,51.39199760365664,3086.402748436782,0.0,557.4538969203815,0.0,1208.0103578304283,0.0,1453.9764923902426,0.0,0.0,0.0,0.0,0.0,2011.430389310624,670.4767964368747,3889.917543577927,58.348763153668905,24.160207156608568,24.160207156608568,160.01876470234973,937.1647386061103,4156.6054857471645,0.0,0.0,0.0,0.0,0.0,24618.73509130177,0.0,0.0,660.9237629525047,23.925184488910322,0.0,0.0,0.0,1.0231815394945443e-12,0.0
2025-04-16 22:00:00+00:00,2,52.0,3205.571780563216,555.5825206917133,1200.3676812380038,1449.6215786334994,555.5825206917133,503.977367274412,51.60515341730131,3086.402748436782,0.0,555.5825206917133,0.0,1200.3676812380038,0.0,1449.6215786334994,0.0,0.0,0.0,0.0,0.0,2005.2040993252126,668.4013664417375,3873.9731470049537,58.1095972050743,24.007353624760075,24.007353624760075,159.4920321294801,934.0177030258121,4139.5894835890285,0.0,0.0,0.0,0.0,0.0,24569.497621119168,0.0,0.0,660.9237629525047,23.92238082454883,0.0,0.0,0.0,2.2737367544323206e-13,0.0
2025-04-16 23:00:00+00:00,2,52.0,3116.379732225525,540.9361437329159,1166.8509431475932,1408.5926453450168,540.936143732916,490.09071874801333,50.84542498490259,3086.402748436782,0.0,540.9361437329159,0.0,1166.8509431475932,0.0,1408.5926453450168,0.0,0.0,0.0,0.0,0.0,1949.5287890779327,649.8429296926442,3766.22266191817,56.49333992877255,23.337018862951865,23.337018862951865,155.20979821302925,908.2201055603497,7329.218652548398,0.0,0.0,0.0,0.0,0.0,24520.358625876932,3304.6188147625235,0.0,3795.960438941195,23.922648794285337,0.0,0.0,0.0,-4.547473508864641e-13,0.0
2025-05-10 00:00:00+00:00,3,36.0,2845.180114523788,495.93323512010966,1085.221587235379,1264.0252921682968,495.93323512010966,453.7137930481524,42.21944207195724,3086.402748436782,0.0,495.93323512010966,0.0,1085.221587235379,0.0,1264.0252921682968,0.0,0.0,0.0,0.0,0.0,1759.9585272884065,586.6528424294688,3431.8329569532543,51.47749435429881,21.70443174470758,21.70443174470758,141.59963083465362,823.1388311078365,3668.318945631624,0.0,0.0,0.0,0.0,0.0,24471.31790862518,0.0,0.0,660.9237629525047,23.943246875795683,0.0,0.0,0.0,-2.2737367544323206e-13,0.0
2025-05-10 01:00:00+00:00,3,36.0,2851.6844749140664,496.5439665981933,1085.9770888687547,1269.1634194471203,496.5439665981933,454.1097499653727,42.43421663282061,3086.402748436782,0.0,496.5439665981933,0.0,1085.9770888687547,0.0,1269.1634194471203,0.0,0.0,0.0,0.0,0.0,1765.7073860453136,588.5691286817712,3440.253603595839,51.60380405393759,21.719541777375095,21.719541777375095,141.86743406871116,825.4794503591701,3677.1639252732357,0.0,0.0,0.0,0.0,0.0,24422.37527280793,0.0,0.0,660.9237629525047,23.942665684077667,0.0,0.0,0.0,-7.958078640513122e-13,0.0
2025-05-10 02:00:00+00:00,3,36.0,2805.0132069112033,488.46477825542877,1067.183535160829,1249.3648934949429,488.46477825542877,446.5030236881035,41.961754567325244,3086.402748436782,0.0,488.46477825542877,0.0,1067.183535160829,0.0,1249.3648934949429,0.0,0.0,0.0,0.0,0.0,1737.8296717503717,579.2765572501239,3384.2897641613245,50.764346462419866,21.34367070321658,21.34367070321658,139.57964147500186,812.3078865939789,5886.100813833664,0.0,0.0,0.0,0.0,0.0,24373.530522262314,2268.779720328483,0.0,2813.277190583852,23.942660657014933,0.0,0.0,0.0,-1.3642420526593924e-12,0.0
2025-05-10 03:00:00+00:00,3,36.0,2798.3027511067385,487.6968980646098,1064.3904201672385,1246.2154328748884,487.6968980646098,445.5756550999716,42.12124296463823,3086.402748436782,0.0,487.6968980646098,0.0,1064.3904201672385,0.0,1246.2154328748884,0.0,0.0,0.0,0.0,0.0,1733.9123309394981,577.9707769798327,3376.2735280865695,50.64410292129854,21.28780840334477,21.28780840334477,139.32785798134185,810.5183546891627,3608.8211057959006,0.0,0.0,0.0,0.0,0.0,24324.783461217794,0.0,0.0,2813.277190583852,23.94174993796041,0.0,0.0,0.0,-5.684341886080801e-13,0.0
2025-05-10 04:00:00+00:00,3,36.0,2749.9230817662174,478.650158804881,1043.0155476793063,1228.2573752820292,478.65015880488096,436.85068116242957,41.799477642451414,3086.402748436782,0.0,478.650158804881,0.0,1043.0155476793063,0.0,1228.2573752820292,0.0,0.0,0.0,0.0,0.0,1706.9075340869103,568.9691780289701,3318.892259795187,49.7833838969278,20.860310953586126,20.860310953586126,136.87683216520804,797.3500159982782,3547.273097764495,0.0,0.0,0.0,0.0,0.0,24276.13389429535,0.0,0.0,2813.277190583852,23.94148908077107,0.0,0.0,0.0,-4.547473508864641e-13,0.0
2025-05-10 05:00:00+00:00,3,36.0,2771.6920072423513,482.1023599598657,1051.5382723638484,1238.0513749186357,482.1023599598657,440.2101468390416,41.89221312082405,3086.402748436782,0.0,482.1023599598657,0.0,1051.5382723638484,0.0,1238.0513749186357,0.0,0.0,0.0,0.0,0.0,1720.1537348785014,573.3845782928338,3345.0765855351838,50.176148783027756,21.030765447276966,21.030765447276966,137.89023957688798,803.5124975473035,6879.823319552179,0.0,0.0,0.0,0.0,0.0,24227.581626506766,3304.6188147625235,0.0,5948.313866572543,23.94193803846133,0.0,0.0,0.0,9.094947017729282e-13,0.0
2025-05-10 06:00:00+00:00,3,36.0,2768.427949534081,481.58118213994726,1051.1649735308627,1235.6817938632732,481.58118213994726,439.8912221200055,41.689960019941736,3086.402748436782,0.0,481.58118213994726,0.0,1051.1649735308627,0.0,1235.6817938632732,0.0,0.0,0.0,0.0,0.0,1717.2629760032205,572.4209920010735,3340.848941535157,50.11273412302735,21.023299470617253,21.023299470617253,137.71501146196834,802.2953365273038,3570.7232860613844,0.0,0.0,0.0,0.0,0.0,24179.126463253757,0.0,0.0,5948.313866572543,23.94259300971647,0.0,0.0,0.0,-4.547473508864641e-13,0.0
2025-05-10 07:00:00+00:00,3,36.0,2799.894535403492,488.72168110946876,1068.623749541568,1242.5491047524552,488.72168110946876,446.75118969881623,41.97049141065252,3086.402748436782,0.0,488.72168110946876,0.0,1068.623749541568,0.0,1242.5491047524552,0.0,0.0,0.0,0.0,0.0,1731.270785861924,577.0902619539746,3376.9847973574665,50.654771960362,21.37247499083136,21.37247499083136,139.4573203165931,809.9473042125926,305.2230248535607,0.0,0.0,0.0,0.0,0.0,24130.768210327253,0.0,3304.6188147625235,2464.939782140664,23.943318974539835,0.0,0.0,0.0,-2.2737367544323206e-13,0.0
2025-05-10 08:00:00+00:00,3,36.0,2828.821979840501,497.2987561964748,1085.7609604987672,1245.7622631452566,497.2987561964748,454.60395490333906,42.69480129313575,3086.402748436782,0.0,497.2987561964748,0.0,1085.7609604987672,0.0,1245.7622631452566,0.0,0.0,0.0,0.0,0.0,1743.0610193417315,581.0203397805772,3409.842319621076,51.14763479431614,21.715219209975345,21.715219209975345,141.41319885936144,817.0116118542053,1934.393724875324,0.0,0.0,0.0,0.0,0.0,24082.5066739066,0.0,1711.4398668193821,660.9237629525047,23.94079060474166,0.0,0.0,0.0,-2.2737367544323206e-13,0.0
2025-05-10 09:00:00+00:00,3,36.0,2852.640445048621,502.5799533923591,1098.3926764882742,1251.6678151679869,502.57995339235913,459.4156493396456,43.164304052713504,3086.402748436782,0.0,502.5799533923591,0.0,1098.3926764882742,0.0,1251.6678151679869,0.0,0.0,0.0,0.0,0.0,1754.247768560346,584.749256186782,3437.389701235402,51.560845518531025,21.967853529765485,21.967853529765485,142.7224581939419,822.9682669587859,3675.608712007407,0.0,0.0,0.0,0.0,0.0,24034.341660558788,0.0,0.0,660.9237629525047,23.94102789867453,0.0,0.0,0.0,1.1368683772161603e-13,0.0
2025-05-10 10:00:00+00:00,3,36.0,2864.6547110195024,503.23874888733513,1099.7478342739148,1261.668127858252,503.2387488873352,459.79618524769194,43.44256363964325,3086.402748436782,0.0,503.23874888733513,0.0,1099.7478342739148,0.0,1261.668127858252,0.0,0.0,0.0,0.0,0.0,1764.9068767455872,588.302292248529,3452.9570032680313,51.79435504902047,21.994956685478297,21.994956685478297,143.12913565022026,827.2156963187265,3691.8704073382287,0.0,0.0,0.0,0.0,0.0,23986.272977237673,0.0,0.0,660.9237629525047,23.94069930009118,0.0,0.0,0.0,-2.2737367544323206e-13,0.0
2025-05-10 11:00:00+00:00,3,36.0,2854.0950518941063,500.51490793521134,1093.5602264308739,1260.0199175280209,500.51490793521134,457.3013975774551,43.21351035775626,3086.402748436782,0.0,500.51490793521134,0.0,1093.5602264308739,0.0,1260.0199175280209,0.0,0.0,0.0,0.0,0.0,1760.5348254632322,586.8449418210774,3440.939993715184,51.614099905727755,21.87120452861748,21.87120452861748,142.4909891857913,824.6924399698314,3678.7874918639377,0.0,0.0,0.0,0.0,0.0,23938.3004312832,0.0,0.0,660.9237629525047,23.940885958557715,0.0,0.0,0.0,0.0,0.0
2025-05-10 12:00:00+00:00,3,36.0,2844.43433555206,499.3590429480969,1091.5050138611205,1253.5702787428418,499.3590429480969,456.4859486680023,42.87309428009455,3086.402748436782,0.0,499.3590429480969,0.0,1091.5050138611205,0.0,1253.5702787428418,0.0,0.0,0.0,0.0,0.0,1752.9293216909387,584.3097738969796,3428.7441094490387,51.43116164173558,21.83010027722241,21.83010027722241,142.06976763602776,821.4709037291877,6970.524054043771,0.0,0.0,0.0,0.0,0.0,23890.423830420637,3304.6188147625235,0.0,3795.960438941195,23.9413872858771,0.0,0.0,0.0,-9.094947017729282e-13,0.0
2025-05-10 13:00:00+00:00,3,36.0,2964.053024794435,521.4829867034696,1137.4255475253178,1305.1444905656488,521.4829867034696,476.6276827966671,44.85530390680249,3086.402748436782,0.0,521.4829867034696,0.0,1137.4255475253178,0.0,1305.1444905656488,0.0,0.0,0.0,0.0,0.0,1826.6274772691183,608.8758257563728,3572.9288505508093,53.593932758262135,22.748510950506358,22.748510950506358,148.25852609893914,856.2253065145867,6089.058051637505,0.0,0.0,0.0,0.0,0.0,23842.642982759793,2268.779720328483,0.0,5948.313866572543,23.93646677759936,0.0,0.0,0.0,4.547473508864641e-13,0.0
2025-05-10 14:00:00+00:00,3,36.0,2983.065283916223,526.4986301877905,1143.9500028152916,1312.6166509131415,526.4986301877905,480.885200864353,45.61342932343743,3086.402748436782,0.0,526.4986301877905,0.0,1143.9500028152916,0.0,1312.6166509131415,0.0,0.0,0.0,0.0,0.0,1839.115281100932,613.038427033644,3596.1037109498675,53.94155566424801,22.87900005630583,22.87900005630583,149.54724547361712,862.2852282841206,3845.350512200344,0.0,0.0,0.0,0.0,0.0,23794.957696794274,0.0,0.0,5948.313866572543,23.931972174529424,0.0,0.0,0.0,2.2737367544323206e-13,0.0
2025-05-10 15:00:00+00:00,3,36.0,2991.4683223091556,527.7256510470364,1145.6625125336698,1318.08015872845,527.7256510470364,481.83459732467077,45.89105372236563,3086.402748436782,0.0,527.7256510470364,0.0,1145.6625125336698,0.0,1318.08015872845,0.0,0.0,0.0,0.0,0.0,1845.8058097754865,615.2686032584955,3606.736925567652,54.10105388351478,22.913250250673396,22.913250250673396,149.95824770572304,865.1544053490801,3856.622727658235,0.0,0.0,0.0,0.0,0.0,23747.36778140069,0.0,0.0,5948.313866572543,23.93106410362062,0.0,0.0,0.0,-7.958078640513122e-13,0.0
2025-05-10 16:00:00+00:00,3,36.0,3040.5406210890624,535.886233516959,1164.4295028387776,1340.2248847333274,535.886233516959,489.0768318103266,46.8094017066324,3086.402748436782,0.0,535.886233516959,0.0,1164.4295028387776,0.0,1340.2248847333274,0.0,0.0,0.0,0.0,0.0,1876.1111182502864,625.3703727500955,3665.9109938391593,54.988664907587385,23.28859005677555,23.28859005677555,152.32314675886374,879.2593645300976,3919.7999856191605,0.0,0.0,0.0,0.0,0.0,23699.873045837892,0.0,0.0,5948.313866572543,23.930893771330165,0.0,0.0,0.0,4.547473508864641e-13,0.0
2025-05-10 17:00:00+00:00,3,36.0,2990.811706214056,527.8288291742045,1146.2343130275865,1316.7485640122643,527.8288291742044,481.6627819081237,46.16604726608079,3086.402748436782,0.0,527.8288291742045,0.0,1146.2343130275865,0.0,1316.7485640122643,0.0,0.0,0.0,0.0,0.0,1844.5773931864687,614.8591310621563,3605.6708372762114,54.08506255914317,22.92468626055173,22.92468626055173,149.94455855821238,864.7381247006153,3855.5498309146715,0.0,0.0,0.0,0.0,0.0,23652.47329974622,0.0,0.0,5948.313866572543,23.931283213109534,0.0,0.0,0.0,2.2737367544323206e-13,0.0
2025-05-10 18:00:00+00:00,3,36.0,3074.99117271697,539.5444886585835,1170.3981968762098,1365.0484871821777,539.5444886585835,491.92009683077094,47.62439182781255,3086.402748436782,0.0,539.5444886585835,0.0,1170.3981968762098,0.0,1365.0484871821777,0.0,0.0,0.0,0.0,0.0,1904.5929758407613,634.8643252802538,3709.855497997225,55.647832469958374,23.407963937524197,23.407963937524197,153.77312295133112,891.1012085765917,3966.092381293562,0.0,0.0,0.0,0.0,0.0,23605.168353146728,0.0,0.0,5948.313866572543,23.928560378349903,0.0,0.0,0.0,2.2737367544323206e-13,0.0
2025-05-10 19:00:00+00:00,3,36.0,3048.0191882415293,535.8750595742773,1159.3952661444778,1352.7488625227759,535.8750595742773,488.08911433091214,47.78594524336519,3086.402748436782,0.0,535.8750595742773,0.0,1159.3952661444778,915.4328130168842,437.31604950589167,0.0,0.0,915.4328130168842,1220.5770840225123,305.14427100562807,973.191109080169,324.39703636005635,2456.9834115847034,36.85475117377055,32.3422334530584,23.187905322889556,152.6443044170802,874.5705017324832,617.9708752114889,0.0,0.0,0.0,1220.5770840225123,0.0,24717.506246261826,0.0,3304.6188147625235,2464.939782140664,23.92605737538773,0.0,0.0,0.0,-1.1368683772161603e-13,0.0
2025-05-10 20:00:00+00:00,3,36.0,3093.4341376045822,542.0211175098522,1178.0359492013379,1373.377070893391,542.0211175098522,494.70274731310536,47.318370196746756,3086.402748436782,0.0,542.0211175098522,0.0,1178.0359492013379,0.0,1373.377070893391,0.0,0.0,0.0,0.0,0.0,1915.3981884032432,638.4660628010811,3731.900200405662,55.97850300608493,23.560718984026757,23.560718984026757,154.537023708326,896.1030274835455,2278.0972982687454,0.0,0.0,0.0,0.0,0.0,24668.071233769308,0.0,1711.4398668193821,660.9237629525047,23.929870412221142,0.0,0.0,0.0,-2.2737367544323206e-13,0.0
2025-05-10 21:00:00+00:00,3,36.0,3151.4140776579247,550.4143751921603,1198.8389871080558,1402.1607153577074,550.4143751921603,503.1403400023173,47.27403518984293,3086.402748436782,0.0,550.4143751921603,0.0,1198.8389871080558,0.0,1402.1607153577074,0.0,0.0,0.0,0.0,0.0,1952.5750905498676,650.8583635166225,3802.2724411745457,57.034086617618186,23.976779742161117,23.976779742161117,157.1329196681612,912.9789292867242,4064.3930069446483,0.0,0.0,0.0,0.0,0.0,24618.73509130177,0.0,0.0,660.9237629525047,23.930949382353184,0.0,0.0,0.0,-6.821210263296962e-13,0.0
2025-05-10 22:00:00+00:00,3,36.0,3139.5246216862106,549.1738962318595,1197.7565261935188,1392.5941992608302,549.1738962318595,501.65555973874007,47.518336493119484,3086.402748436782,0.0,549.1738962318595,0.0,1197.7565261935188,0.0,1392.5941992608302,0.0,0.0,0.0,0.0,0.0,1941.7680954926898,647.2560318308966,3786.7806535171053,56.80170980275658,23.955130523870377,23.955130523870377,156.60955164791542,908.5775543293094,4048.1021760155204,0.0,0.0,0.0,0.0,0.0,24569.497621119168,0.0,0.0,660.9237629525047,23.932432390034464,0.0,0.0,0.0,4.547473508864641e-13,0.0
2025-05-10 23:00:00+00:00,3,36.0,3063.0606555468994,533.9390464875353,1165.0829665401086,1364.038642519256,533.9390464875353,487.58465675864346,46.354389728891874,3086.402748436782,0.0,533.9390464875353,0.0,1165.0829665401086,0.0,1364.038642519256,0.0,0.0,0.0,0.0,0.0,1897.9776890067913,632.6592296689304,3695.71988521583,55.43579827823745,23.301659330802174,23.301659330802174,152.5304416427572,887.2287882515294,3950.2894437984287,0.0,0.0,0.0,0.0,0.0,24520.358625876932,0.0,0.0,660.9237629525047,23.93486059574284,0.0,0.0,0.0,-1.1368683772161603e-13,0.0
2025-06-27 00:00:00+00:00,4,104.0,2972.3891943255894,516.858565617196,1124.9592480744925,1330.5713806338983,516.858565617196,468.5408375293829,48.31772808781303,3086.402748436782,0.0,516.858565617196,0.0,1124.9592480744925,0.0,1330.5713806338983,0.0,0.0,0.0,0.0,0.0,1847.4299462510944,615.8099820836982,3588.1991764092854,53.82298764613928,22.49918496148985,22.49918496148985,147.90400795443776,862.5353476072548,3834.9245419328445,0.0,0.0,0.0,0.0,0.0,24520.358625876936,0.0,0.0,660.9237629525047,23.933531888108956,0.0,0.0,0.0,2.2737367544323206e-13,0.0
2025-06-27 01:00:00+00:00,4,104.0,2974.5704631418066,516.9762582692313,1124.9104373711104,1332.6837675014654,516.9762582692313,468.3653194264621,48.610938842769144,3086.402748436782,0.0,516.9762582692313,0.0,1124.9104373711104,0.0,1332.6837675014654,0.0,0.0,0.0,0.0,0.0,1849.6600257706966,616.5533419235655,3591.123805065373,53.86685707598059,22.498208747422208,22.498208747422208,147.98390609792395,863.4005225923144,3837.970985734121,0.0,0.0,0.0,0.0,0.0,24471.317908625184,0.0,0.0,660.9237629525047,23.93329577608323,0.0,0.0,0.0,-1.1368683772161603e-13,0.0
2025-06-27 02:00:00+00:00,4,104.0,2962.0674572742187,515.6274165990125,1120.3539692324966,1326.0860714427106,515.6274165990123,467.1214267329243,48.5059898660881,3086.402748436782,0.0,515.6274165990125,0.0,1120.3539692324966,0.0,1326.0860714427106,0.0,0.0,0.0,0.0,0.0,1841.713488041723,613.9044960139076,3575.971953288127,53.63957929932191,22.407079384649933,22.407079384649933,147.51455802641058,859.87279210894,3821.940249383159,0.0,0.0,0.0,0.0,0.0,24422.375272807934,0.0,0.0,660.9237629525047,23.931993124184867,0.0,0.0,0.0,3.410605131648481e-13,0.0
2025-06-27 03:00:00+00:00,4,104.0,2898.9437019631428,505.02594390806166,1094.3652252909317,1299.5525327641503,505.0259439080616,457.254963057931,47.77098085013064,3086.402748436782,0.0,505.02594390806166,0.0,1094.3652252909317,0.0,1299.5525327641503,0.0,0.0,0.0,0.0,0.0,1804.578476672212,601.5261588907373,3500.469860853881,52.50704791280821,21.887304505818634,21.887304505818634,144.49806925098022,842.305885066163,3741.2495870293055,0.0,0.0,0.0,0.0,0.0,24373.53052226232,0.0,0.0,660.9237629525047,23.930779416796497,0.0,0.0,0.0,-2.2737367544323206e-13,0.0
2025-06-27 04:00:00+00:00,4,104.0,2787.838365586684,484.9626906535042,1049.5557039740593,1253.3199709591195,484.9626906535042,438.2101338053159,46.75255684818833,3086.402748436782,0.0,484.9626906535042,0.0,1049.5557039740593,0.0,1253.3199709591195,0.0,0.0,0.0,0.0,0.0,1738.2826616126235,579.4275538708745,3367.265919457557,50.50898879186335,20.991114079481186,20.991114079481186,138.89598485667884,810.8147556783791,3598.653121265063,0.0,0.0,0.0,0.0,0.0,24324.783461217798,0.0,0.0,660.9237629525047,23.932220612818625,0.0,0.0,0.0,-3.410605131648481e-13,0.0
2025-06-27 05:00:00+00:00,4,104.0,2807.562379466614,492.1228526740596,1066.899883934597,1248.539642857957,492.1228526740596,445.90857164383885,46.21428103022075,3086.402748436782,0.0,492.1228526740596,0.0,1066.899883934597,0.0,1248.539642857957,0.0,0.0,0.0,0.0,0.0,1740.6624955320167,580.2208318440056,3387.7832113106197,50.81674816965929,21.33799767869194,21.33799767869194,140.33749139645624,814.0510667675051,3621.613446234119,0.0,0.0,0.0,0.0,0.0,24276.133894295366,0.0,0.0,660.9237629525047,23.933697527741185,0.0,0.0,0.0,-2.2737367544323206e-13,0.0
2025-06-27 06:00:00+00:00,4,104.0,3020.8826747440003,529.7647176249816,1148.8836573830238,1342.234299735995,529.7647176249816,481.4382031080663,48.326514516915225,3086.402748436782,0.0,529.7647176249816,0.0,1148.8836573830238,0.0,1342.234299735995,0.0,0.0,0.0,0.0,0.0,1871.9990173609765,623.9996724536588,3644.8823471976593,54.673235207964886,22.977673147660475,22.977673147660475,151.03041967837507,875.6586736353197,3896.54134837932,0.0,0.0,0.0,0.0,0.0,24227.581626506777,0.0,0.0,660.9237629525047,23.92918335856865,0.0,0.0,0.0,0.0,0.0
2025-06-27 07:00:00+00:00,4,104.0,2973.344566588362,517.7195792099019,1120.0051483886891,1335.6198389897697,517.7195792099019,468.71005320594134,49.009526003960524,3086.402748436782,0.0,517.7195792099019,0.0,1120.0051483886891,0.0,1335.6198389897697,0.0,0.0,0.0,0.0,0.0,1853.3394181996716,617.7798060665572,3591.124372654918,53.86686558982377,22.400102967773783,22.400102967773783,148.2188180411249,864.6656956330535,3838.0102622214154,0.0,0.0,0.0,0.0,0.0,24179.126463253764,0.0,0.0,660.9237629525047,23.927352351139145,0.0,0.0,0.0,0.0,0.0
2025-06-27 08:00:00+00:00,4,104.0,2962.233665295176,516.3123620015133,1117.7696681361076,1328.1516351575558,516.3123620015133,467.5171992879084,48.795162713604924,3086.402748436782,0.0,516.3123620015133,0.0,1117.7696681361076,0.0,1328.1516351575558,0.0,0.0,0.0,0.0,0.0,1844.463997159069,614.8213323863564,3577.054997681533,53.655824965223,22.355393362722154,22.355393362722154,147.7154413587514,860.903385435775,3823.137050730951,0.0,0.0,0.0,0.0,0.0,24130.76821032726,0.0,0.0,660.9237629525047,23.928256699084038,0.0,0.0,0.0,3.410605131648481e-13,0.0
2025-06-27 09:00:00+00:00,4,104.0,2914.1667402706785,507.2723966710846,1097.186385900136,1309.7079576994558,507.2723966710846,459.4530094735199,47.819387197564694,3086.402748436782,0.0,507.2723966710846,0.0,1097.186385900136,0.0,1309.7079576994558,0.0,0.0,0.0,0.0,0.0,1816.9803543705405,605.6601181235135,3519.82685839419,52.797402875912844,21.94372771800272,21.94372771800272,145.25651896914863,847.6014954045804,3761.7682356752584,0.0,0.0,0.0,0.0,0.0,24082.506673906613,0.0,0.0,660.9237629525047,23.928598054469386,0.0,0.0,0.0,-4.547473508864641e-13,0.0
2025-06-27 10:00:00+00:00,4,104.0,2854.2154739279263,496.2689488418625,1074.4639582670372,1283.4825668190283,496.2689488418624,449.9979952536222,46.270953588240246,3086.402748436782,0.0,496.2689488418625,0.0,1074.4639582670372,0.0,1283.4825668190283,0.0,0.0,0.0,0.0,0.0,1779.7515156608908,593.250505220297,3447.4659791482254,51.71198968722338,21.489279165340744,21.489279165340744,142.166470476004,830.1075237142059,3684.3229976421308,0.0,0.0,0.0,0.0,0.0,24034.3416605588,0.0,0.0,660.9237629525047,23.931110930818416,0.0,0.0,0.0,-1.3642420526593924e-12,0.0
2025-06-27 11:00:00+00:00,4,104.0,2864.5520750208466,499.38365231671736,1080.7580508212557,1284.4103718828735,499.38365231671736,452.45230459805225,46.931347718665094,3086.402748436782,0.0,499.38365231671736,0.0,1080.7580508212557,0.0,1284.4103718828735,0.0,0.0,0.0,0.0,0.0,1783.794024199591,594.5980080665303,3459.1500830873765,51.88725124631065,21.615161016425112,21.615161016425112,142.8689322136937,832.5845135593847,3697.1365885802315,0.0,0.0,0.0,0.0,0.0,23986.27297723768,0.0,0.0,660.9237629525047,23.930328449422205,0.0,0.0,0.0,2.2737367544323206e-13,0.0
2025-06-27 12:00:00+00:00,4,104.0,2854.5137389646643,499.2523543311085,1080.318582888665,1274.9428017448906,499.25235433110856,452.733600334659,46.51875399644955,3086.402748436782,0.0,499.2523543311085,0.0,1080.318582888665,0.0,1274.9428017448906,0.0,0.0,0.0,0.0,0.0,1774.1951560759992,591.3983853586664,3445.9121243233303,51.688681864849954,21.606371657773302,21.606371657773302,142.5926669761039,828.8924775151668,6988.025031242354,0.0,0.0,0.0,0.0,0.0,23938.3004312832,3304.6188147625235,0.0,3795.960438941195,23.930264367976484,0.0,0.0,0.0,-4.547473508864641e-13,0.0
2025-06-27 13:00:00+00:00,4,104.0,2859.0678962428838,499.2644763264071,1078.7497495217406,1281.0536703947357,499.264476326407,452.3928418903724,46.87163443603466,3086.402748436782,0.0,499.2644763264071,0.0,1078.7497495217406,0.0,1281.0536703947357,0.0,0.0,0.0,0.0,0.0,1780.3181467211427,593.439382240381,3452.5072784832646,51.78760917724897,21.574994990434814,21.574994990434814,142.75400019252098,831.1309815910205,5958.978598162387,0.0,0.0,0.0,0.0,0.0,23890.42383042063,2268.779720328483,0.0,5948.313866572543,23.928891103536646,0.0,0.0,0.0,0.0,0.0
2025-06-27 14:00:00+00:00,4,104.0,2897.917169548976,505.4732452556612,1093.3895267682678,1299.0543975250464,505.4732452556612,457.8954753244245,47.57776993123669,3086.402748436782,0.0,505.4732452556612,0.0,1093.3895267682678,0.0,1299.0543975250464,0.0,0.0,0.0,0.0,0.0,1804.5276427807075,601.5092142602358,3499.426383809211,52.491395757138164,21.86779053536536,21.86779053536536,144.58430326972297,842.3204943578276,3740.237663906803,0.0,0.0,0.0,0.0,0.0,23842.642982759793,0.0,0.0,5948.313866572543,23.929238036760236,0.0,0.0,0.0,-4.547473508864641e-13,0.0
2025-06-27 15:00:00+00:00,4,104.0,2900.4790381482444,508.55503883016644,1100.3496761175825,1291.5743232004945,508.55503883016644,461.2113508715235,47.34368795864293,3086.402748436782,0.0,508.55503883016644,0.0,1100.3496761175825,0.0,1291.5743232004945,0.0,0.0,0.0,0.0,0.0,1800.129362030661,600.043120676887,3500.5221588251306,52.50783238237696,22.00699352235165,22.00699352235165,145.0619496007678,841.626889704735,3742.1059278529797,0.0,0.0,0.0,0.0,0.0,23794.95769679427,0.0,0.0,5948.313866572543,23.929168626481466,0.0,0.0,0.0,2.2737367544323206e-13,0.0
2025-06-27 16:00:00+00:00,4,104.0,2906.154744962548,508.7073033668838,1102.0439086160882,1295.4035329795765,508.7073033668838,461.30009301065513,47.407210356228674,3086.402748436782,0.0,508.7073033668838,0.0,1102.0439086160882,0.0,1295.4035329795765,0.0,0.0,0.0,0.0,0.0,1804.1108363464605,601.3702787821535,3507.525023744702,52.61287535617053,22.040878172321765,22.040878172321765,145.1966806408978,843.2615911238654,3749.4163360864127,0.0,0.0,0.0,0.0,0.0,23747.36778140068,0.0,0.0,5948.313866572543,23.930268258187315,0.0,0.0,0.0,-9.094947017729282e-13,0.0
2025-06-27 17:00:00+00:00,4,104.0,2911.70981245057,509.0306106867617,1102.345926186485,1300.3332755773222,509.03061068676163,461.433194112256,47.597416574505665,3086.402748436782,0.0,509.0306106867617,0.0,1102.345926186485,0.0,1300.3332755773222,0.0,0.0,0.0,0.0,0.0,1809.363886264084,603.1212954213613,3514.8311078719303,52.722466618078954,22.0469185237297,22.0469185237297,145.39627362840451,845.3338727153041,3757.043685165875,0.0,0.0,0.0,0.0,0.0,23699.87304583788,0.0,0.0,5948.313866572543,23.92982850975486,0.0,0.0,0.0,9.094947017729282e-13,0.0
2025-06-27 18:00:00+00:00,4,104.0,2945.2197398778285,513.8719856608407,1113.5554956785963,1317.7922585383917,513.8719856608407,465.8548219829795,48.017163677861205,3086.402748436782,0.0,513.8719856608407,0.0,1113.5554956785963,0.0,1317.7922585383917,0.0,0.0,0.0,0.0,0.0,1831.6642441992324,610.5547480664108,3555.7744879442394,53.33661731916359,22.271109913571927,22.271109913571927,146.9130829617008,855.3466681744189,2089.126541232865,0.0,0.0,0.0,0.0,0.0,23652.47329974621,0.0,1711.4398668193821,4144.297847384383,23.929609580531963,0.0,0.0,0.0,-4.547473508864641e-13,0.0
2025-06-27 19:00:00+00:00,4,104.0,2980.3909338777416,520.1981032682895,1126.8794787066627,1333.3133519027879,520.1981032682895,471.78148434092066,48.41661892736888,3086.402748436782,0.0,520.1981032682895,0.0,1126.8794787066627,878.1614945645579,455.15185733823,0.0,0.0,878.1614945645579,1170.8819927527438,292.72049818818596,975.3499606065195,325.1166535355065,2427.3460928486884,36.410191392730326,31.319204519778832,22.537589574133253,148.7033462530763,856.8074834634112,532.5796025786293,0.0,0.0,0.0,1170.8819927527438,0.0,24717.506246261826,0.0,3304.6188147625235,660.9237629525047,23.928271189452097,0.0,0.0,0.0,0.0,0.0
2025-06-27 20:00:00+00:00,4,104.0,2968.9866483174515,519.5755090312865,1124.861842168536,1324.549297117628,519.5755090312866,471.50133874766533,48.07417028362124,3086.402748436782,0.0,519.5755090312865,0.0,1124.861842168536,39.02764144146204,1285.521655676166,0.0,0.0,39.02764144146204,52.03685525528272,13.00921381382068,1805.0971647074525,601.6990549024841,3531.6580617784725,52.974870926677085,22.887513257785344,22.49723684337072,148.33724678070138,861.4051365248395,3830.3917848422902,0.0,0.0,0.0,52.03685525528272,0.0,24717.506246261826,0.0,0.0,660.9237629525047,23.927737573044055,0.0,0.0,0.0,-6.821210263296962e-13,0.0
2025-06-27 21:00:00+00:00,4,104.0,2953.4170974572535,516.3843881251288,1117.2852119281379,1319.7474974039856,516.3843881251288,468.33572872432364,48.04865940080513,3086.402748436782,0.0,516.3843881251288,0.0,1117.2852119281379,0.0,1319.7474974039856,0.0,0.0,0.0,0.0,0.0,1836.1318855291142,612.0439618430381,3565.4610593002903,53.48191588950435,22.345704238562757,22.345704238562757,147.5123220719199,857.729608281588,3811.146705738841,0.0,0.0,0.0,0.0,0.0,24668.071233769308,0.0,0.0,660.9237629525047,23.927516649853843,0.0,0.0,0.0,-5.684341886080801e-13,0.0
2025-06-27 22:00:00+00:00,4,104.0,2930.9927835730564,512.2801717147024,1109.2865169143947,1309.426094943959,512.2801717147024,464.9689646111532,47.31120710354925,3086.402748436782,0.0,512.2801717147024,0.0,1109.2865169143947,0.0,1309.426094943959,0.0,0.0,0.0,0.0,0.0,1821.7062666586614,607.2354222195538,3538.22820579261,53.07342308688915,22.185730338287893,22.185730338287893,146.34648471233874,851.0267906953575,3782.0195742684136,0.0,0.0,0.0,0.0,0.0,24618.73509130177,0.0,0.0,660.9237629525047,23.928946783782514,0.0,0.0,0.0,-2.2737367544323206e-13,0.0
2025-06-27 23:00:00+00:00,4,104.0,2925.2518606763706,510.7666544898342,1106.997112975912,1307.488093210624,510.7666544898342,463.52261462633294,47.244039863501264,3086.402748436782,0.0,510.7666544898342,0.0,1106.997112975912,0.0,1307.488093210624,0.0,0.0,0.0,0.0,0.0,1818.2547477004582,606.0849159001527,3531.336776576523,52.97005164864784,22.13994225951824,22.13994225951824,145.96534792250577,849.3001999903428,3774.552060666713,0.0,0.0,0.0,0.0,0.0,24569.497621119168,0.0,0.0,660.9237629525047,23.929991672071562,0.0,0.0,0.0,-5.684341886080801e-13,0.0
2025-10-04 00:00:00+00:00,5,17.0,2772.335379650507,467.21991012432295,1004.1137795324759,1301.0016899937073,467.21991012432295,422.26437173441343,44.95553838990955,3086.402748436782,0.0,467.21991012432295,0.0,1004.1137795324759,0.0,1301.0016899937073,0.0,0.0,0.0,0.0,0.0,1768.2216001180302,589.4072000393434,3361.742579689849,50.42613869534774,20.082275590649516,20.082275590649516,136.27874803521834,816.2766379512084,3588.6120176017157,0.0,0.0,0.0,0.0,0.0,24471.31790862518,0.0,0.0,660.9237629525047,23.927066688574783,0.0,0.0,0.0,2.2737367544323206e-13,0.0
2025-10-04 01:00:00+00:00,5,17.0,2779.9243563056393,468.51443255873727,1006.819823653712,1304.5901000931897,468.5144325587373,423.89677771215054,44.617654846586774,3086.402748436782,0.0,468.51443255873727,0.0,1006.819823653712,0.0,1304.5901000931897,0.0,0.0,0.0,0.0,0.0,1773.104532651927,591.034844217309,3370.959200522948,50.564388007844215,20.13639647307424,20.13639647307424,136.6577340829964,818.529759254298,5867.233835888421,0.0,0.0,0.0,0.0,0.0,24422.37527280793,2268.779720328483,0.0,2813.277190583852,23.92684420425659,0.0,0.0,0.0,4.547473508864641e-13,0.0
2025-10-04 02:00:00+00:00,5,17.0,2782.067544758503,468.59898971112256,1007.2839155018967,1306.1846395454859,468.5989897111225,424.51874270868007,44.080247002442455,3086.402748436782,0.0,468.59898971112256,0.0,1007.2839155018967,0.0,1306.1846395454859,0.0,0.0,0.0,0.0,0.0,1774.7836292566085,591.5945430855362,3373.6620878440417,50.60493131766062,20.145678310037933,20.145678310037933,136.72058355277574,819.2114145760486,6905.897774097075,0.0,0.0,0.0,0.0,0.0,24373.530522262317,3304.6188147625235,0.0,5948.313866572543,23.92715522511147,0.0,0.0,0.0,-9.094947017729282e-13,0.0
2025-10-04 03:00:00+00:00,5,17.0,2760.95356824539,465.03231268851755,997.6005198830343,1298.3207356738396,465.03231268851755,420.76475655604196,44.26755613247558,3086.402748436782,0.0,465.03231268851755,0.0,997.6005198830343,0.0,1298.3207356738396,0.0,0.0,0.0,0.0,0.0,1763.3530483623572,587.784349454119,3348.7379176995105,50.23106876549266,19.952010397660686,19.952010397660686,135.7319127804297,813.6513517953629,3574.604920040753,0.0,0.0,0.0,0.0,0.0,24324.783461217798,0.0,0.0,5948.313866572543,23.92582027517503,0.0,0.0,0.0,-2.2737367544323206e-13,0.0
2025-10-04 04:00:00+00:00,5,17.0,2761.044650665493,465.22018338368565,996.5586792080675,1299.2657880737415,465.22018338368565,420.6668772742824,44.55330610940323,3086.402748436782,0.0,465.22018338368565,0.0,996.5586792080675,0.0,1299.2657880737415,0.0,0.0,0.0,0.0,0.0,1764.4859714574272,588.161990485809,3349.2066411513038,50.238099617269555,19.93117358416135,19.93117358416135,135.7961299438118,814.0585672152131,3575.1032178807063,0.0,0.0,0.0,0.0,0.0,24276.133894295363,0.0,0.0,5948.313866572543,23.92439335366352,0.0,0.0,0.0,2.2737367544323206e-13,0.0
2025-10-04 05:00:00+00:00,5,17.0,2641.789902241664,444.9708870401986,956.4426934997645,1240.3763217017024,444.9708870401986,402.8138781161388,42.15700892405977,3086.402748436782,0.0,444.9708870401986,0.0,956.4426934997645,0.0,1240.3763217017024,0.0,0.0,0.0,0.0,0.0,1685.3472087419009,561.782402913967,3203.5723051556324,48.05358457733448,19.12885386999529,19.12885386999529,129.82727789471113,777.9209731260032,3419.710875367667,0.0,0.0,0.0,0.0,0.0,24227.581626506773,0.0,0.0,5948.313866572543,23.930645517690557,0.0,0.0,0.0,-2.2737367544323206e-13,0.0
2025-10-04 06:00:00+00:00,5,17.0,2549.551565904991,429.73802604476936,926.8030806313669,1193.0104592288537,429.73802604476936,389.33246238593125,40.405563658838105,3086.402748436782,0.0,429.73802604476936,0.0,926.8030806313669,0.0,1193.0104592288537,0.0,0.0,0.0,0.0,0.0,1622.7484852736231,540.9161617578744,3090.4677276628645,46.35701591494296,18.53606161262734,18.53606161262734,125.25654471127906,749.6018456093511,0.0,0.0,0.0,0.0,0.0,0.0,24179.126463253764,0.0,3299.153411514342,2470.7008230058423,23.93598480797265,0.0,0.0,0.0,0.0,0.0
2025-10-04 07:00:00+00:00,5,17.0,2508.767897509253,422.65916469886673,912.5571528703625,1173.5515799400237,422.65916469886673,382.9088467882356,39.75031791063109,3086.402748436782,0.0,422.65916469886673,0.0,912.5571528703625,0.0,1173.5515799400237,0.0,0.0,0.0,0.0,0.0,1596.2107446388904,532.0702482129635,3040.8381457222167,45.61257218583325,18.25114305740725,18.25114305740725,123.19895523155401,737.3840617451654,1529.2466891868553,0.0,0.0,0.0,0.0,0.0,24130.76821032726,0.0,1716.9052700675632,660.9237629525047,23.93807473371489,0.0,0.0,0.0,-2.2737367544323206e-13,0.0
2025-10-04 08:00:00+00:00,5,17.0,2576.8371060932204,432.97281243155913,936.1996970096092,1207.6645966520507,432.97281243155913,392.27959557094226,40.693216860616886,3086.402748436782,0.0,432.97281243155913,0.0,936.1996970096092,0.0,1207.6645966520507,0.0,0.0,0.0,0.0,0.0,1640.6374090836098,546.8791363612032,3123.716242454422,46.85574363681633,18.723993940192184,18.723993940192184,126.35005331318837,757.5329211915922,3334.3700272848123,0.0,0.0,0.0,0.0,0.0,24082.506673906606,0.0,0.0,660.9237629525047,23.937809632047617,0.0,0.0,0.0,-3.410605131648481e-13,0.0
2025-10-04 09:00:00+00:00,5,17.0,2647.138345203874,443.72513599732895,959.563413740011,1243.8497954665347,443.72513599732895,402.6311083521475,41.09402764518143,3086.402748436782,0.0,443.72513599732895,0.0,959.563413740011,0.0,1243.8497954665347,0.0,0.0,0.0,0.0,0.0,1687.5749314638638,562.5249771546213,3209.6633223584963,48.144949835377446,19.19126827480022,19.19126827480022,129.65361261854403,778.7060761581432,3425.844421362016,0.0,0.0,0.0,0.0,0.0,24034.341660558795,0.0,0.0,660.9237629525047,23.93635264347207,0.0,0.0,0.0,-1.2505552149377763e-12,0.0
2025-10-04 10:00:00+00:00,5,17.0,2613.6421317498016,440.12454153351484,945.0707861016531,1228.446804114634,440.12454153351484,398.6042996907406,41.52024184277421,3086.402748436782,0.0,440.12454153351484,0.0,945.0707861016531,0.0,1228.446804114634,0.0,0.0,0.0,0.0,0.0,1668.571345648149,556.190448549383,3169.832580299185,47.54748870448777,18.90141572203306,18.90141572203306,128.45516844088885,769.9959371388259,3383.6380688886275,0.0,0.0,0.0,0.0,0.0,23986.27297723768,0.0,0.0,660.9237629525047,23.93054637828936,0.0,0.0,0.0,0.0,0.0
2025-10-04 11:00:00+00:00,5,17.0,2561.7366210066575,429.49347305821806,924.3944597386164,1207.848688209823,429.49347305821806,388.855510953799,40.637962104419046,3086.402748436782,0.0,429.49347305821806,0.0,924.3944597386164,0.0,1207.848688209823,0.0,0.0,0.0,0.0,0.0,1637.342161268041,545.7807204226804,3107.5173414293376,46.61276012144006,18.48788919477233,18.48788919477233,125.59231211319386,754.961571046859,5585.477912381999,0.0,0.0,0.0,0.0,0.0,23938.30043128321,2268.779720328483,0.0,2813.277190583852,23.934476321412188,0.0,0.0,0.0,-4.547473508864641e-13,0.0
2025-10-04 12:00:00+00:00,5,17.0,2590.1558036228676,434.3363042569819,937.4885509611834,1218.3309484047024,434.3363042569819,394.0422594017278,40.29404485525414,3086.402748436782,0.0,434.3363042569819,0.0,937.4885509611834,0.0,1218.3309484047024,0.0,0.0,0.0,0.0,0.0,1652.6672526616844,550.8890842205615,3141.044887843429,47.115673317651435,18.74977101922367,18.74977101922367,126.93032157446052,762.4346211511207,6657.209239536512,0.0,0.0,0.0,0.0,0.0,23890.423830420645,3304.6188147625235,0.0,5948.313866572543,23.9360262772173,0.0,0.0,0.0,0.0,0.0
2025-10-04 13:00:00+00:00,5,17.0,2578.671645327066,432.9501297407584,936.3323923441934,1209.389123242114,432.9501297407585,392.8427322097509,40.10739753100755,3086.402748436782,0.0,432.9501297407584,0.0,936.3323923441934,0.0,1209.389123242114,0.0,0.0,0.0,0.0,0.0,1642.3392529828725,547.4464176609575,3126.1180629880237,46.89177094482035,18.726647846883868,18.726647846883868,126.39321470244826,758.184699001994,3336.85634432906,0.0,0.0,0.0,0.0,0.0,23842.642982759804,0.0,0.0,5948.313866572543,23.937922374340776,0.0,0.0,0.0,0.0,0.0
2025-10-04 14:00:00+00:00,5,17.0,2551.113812437001,427.2536899218907,925.7760572111791,1198.0840653039313,427.25368992189067,387.6695811633683,39.58410875852237,3086.402748436782,0.0,427.2536899218907,0.0,925.7760572111791,0.0,1198.0840653039313,0.0,0.0,0.0,0.0,0.0,1625.337755225822,541.7792517419407,3092.893064178942,46.39339596268413,18.515521144223584,18.515521144223584,124.85284020571433,750.0565301987864,3301.1703426357863,0.0,0.0,0.0,0.0,0.0,23794.957696794285,0.0,0.0,5948.313866572543,23.940495624325635,0.0,0.0,0.0,-1.0231815394945443e-12,0.0
2025-10-04 15:00:00+00:00,5,17.0,2491.247767477709,417.0300969861737,901.6767039654649,1172.5409665260727,417.0300969861737,377.90897311622075,39.121123869952946,3086.402748436782,0.0,417.0300969861737,0.0,901.6767039654649,0.0,1172.5409665260727,0.0,0.0,0.0,0.0,0.0,1589.5710635122464,529.8570211707488,3021.1047886484603,45.316571829726904,18.033534079309298,18.033534079309298,121.9449392284429,733.1856003875372,3224.4333678652465,0.0,0.0,0.0,0.0,0.0,23747.3677814007,0.0,0.0,5948.313866572543,23.94020846409547,0.0,0.0,0.0,1.1368683772161603e-13,0.0
2025-10-04 16:00:00+00:00,5,17.0,2473.627428948961,414.4255733497474,894.5163272459681,1164.6855283532443,414.4255733497474,375.318467507286,39.107105842461394,3086.402748436782,0.0,414.4255733497474,0.0,894.5163272459681,0.0,1164.6855283532443,0.0,0.0,0.0,0.0,0.0,1579.1111017029916,526.3703672343305,2999.99779618329,44.99996694274935,17.89032654491936,17.89032654491936,121.167067827819,728.3180550947376,3201.945484043699,0.0,0.0,0.0,0.0,0.0,23699.8730458379,0.0,0.0,5948.313866572543,23.93918823730739,0.0,0.0,0.0,1.1368683772161603e-13,0.0
2025-10-04 17:00:00+00:00,5,17.0,2562.6593872141925,428.27855759778,920.9152917036103,1213.4655379128003,428.27855759778,387.52018435887913,40.75837323890084,3086.402748436782,0.0,428.27855759778,0.0,920.9152917036103,840.8154840912621,372.6500538215382,0.0,0.0,840.8154840912621,1121.0873121216828,280.2718280304207,800.9286114193183,266.9762038064394,1988.8201069293677,29.832301603940515,26.82646067498483,18.418305834072207,125.47312551046168,747.7982254603193,1574.9201275606572,0.0,0.0,0.0,1121.0873121216828,0.0,24717.506246261826,0.0,1735.537485113855,4118.896727385758,23.933876229865096,0.0,0.0,0.0,5.684341886080801e-13,0.0
2025-10-04 18:00:00+00:00,5,17.0,2533.027693289755,422.7168584720416,908.6042078447971,1201.7066269729153,422.7168584720416,382.25237263546506,40.46448583657657,3086.402748436782,0.0,422.7168584720416,0.0,908.6042078447971,39.02764144146204,1162.6789855314532,0.0,0.0,39.02764144146204,52.03685525528272,13.00921381382068,1585.3958440034949,528.4652813344983,3022.4653331827903,45.33697999774186,18.562360571310563,18.17208415689594,123.9475833040279,747.4935031782953,0.0,0.0,0.0,0.0,52.03685525528272,0.0,24717.506246261826,0.0,3280.52119646805,660.9237629525047,23.934541670318787,0.0,0.0,0.0,-1.1368683772161603e-13,0.0
2025-10-04 19:00:00+00:00,5,17.0,2513.7720482862746,419.88327594989437,901.6664443604178,1192.2223279759646,419.8832759498944,379.4154253717365,40.467850578157915,3086.402748436782,0.0,419.88327594989437,0.0,901.6664443604178,39.02764144146204,1153.1946865345026,0.0,0.0,39.02764144146204,52.03685525528272,13.00921381382068,1573.077962484397,524.3593208281324,2999.103727672947,44.98655591509421,18.423605301622977,18.033328887208356,123.07746539208748,741.8894901379659,3255.6615384242405,0.0,0.0,0.0,52.03685525528272,0.0,24717.506246261826,0.0,0.0,660.9237629525047,23.934190777420344,0.0,0.0,0.0,-1.1368683772161603e-13,0.0
2025-10-04 20:00:00+00:00,5,17.0,2470.1049623555627,413.2072397403959,885.1342041048398,1171.7635185103263,413.20723974039595,373.2240358173453,39.983203923050645,3086.402748436782,0.0,413.2072397403959,0.0,885.1342041048398,0.0,1171.7635185103263,0.0,0.0,0.0,0.0,0.0,1584.9707582507222,528.323586083574,2998.4285484391357,44.97642822658703,17.702684082096795,17.702684082096795,121.07919078907015,729.7845732634247,3199.8895356189873,0.0,0.0,0.0,0.0,0.0,24668.071233769308,0.0,0.0,660.9237629525047,23.933268284641112,0.0,0.0,0.0,-1.1368683772161603e-13,0.0
2025-10-04 21:00:00+00:00,5,17.0,2378.6375790412726,399.84931991200796,856.8052983650814,1121.982960764184,399.84931991200796,361.181025224977,38.66829468703095,3086.402748436782,0.0,399.84931991200796,0.0,856.8052983650814,0.0,1121.982960764184,0.0,0.0,0.0,0.0,0.0,1521.832280676192,507.27742689206406,2885.915005933338,43.28872508900007,17.136105967301628,17.136105967301628,116.85192352885096,701.6902874445184,3080.3278664857903,0.0,0.0,0.0,0.0,0.0,24618.73509130177,0.0,0.0,660.9237629525047,23.935782507146037,0.0,0.0,0.0,-6.821210263296962e-13,0.0
2025-10-04 22:00:00+00:00,5,17.0,2404.149435673911,404.6112532172267,868.114309570867,1131.4238728858131,404.6112532172267,365.8968010754635,38.714452141763225,3086.402748436782,0.0,404.6112532172267,0.0,868.114309570867,0.0,1131.4238728858131,0.0,0.0,0.0,0.0,0.0,1536.0351261030398,512.0117087010133,2916.1611443749202,43.7424171656238,17.36228619141734,17.36228619141734,118.14244660409322,708.6211448535649,3112.7705805274754,0.0,0.0,0.0,0.0,0.0,24569.497621119168,0.0,0.0,660.9237629525047,23.93595283371552,0.0,0.0,0.0,-3.410605131648481e-13,0.0
2025-10-04 23:00:00+00:00,5,17.0,2362.210892307045,397.2742766211247,851.8023968103131,1113.1342188756082,397.2742766211247,359.38499749324205,37.88927912788269,3086.402748436782,0.0,397.2742766211247,0.0,851.8023968103131,0.0,1113.1342188756082,0.0,0.0,0.0,0.0,0.0,1510.408495496733,503.469498498911,2865.680390805957,42.98520586208935,17.036047936206263,17.036047936206263,116.05845174770799,696.5852519811209,3058.796144288166,0.0,0.0,0.0,0.0,0.0,24520.358625876932,0.0,0.0,660.9237629525047,23.936503753732552,0.0,0.0,0.0,1.1368683772161603e-13,0.0
2025-10-16 00:00:00+00:00,6,21.0,2339.9718353632124,382.6051661747328,807.2938540617151,1150.0728151267635,382.6051661747328,345.6926794204615,36.912486754271306,3086.402748436782,0.0,382.6051661747328,0.0,807.2938540617151,0.0,1150.0728151267635,0.0,0.0,0.0,0.0,0.0,1532.6779813014964,510.89266043383213,2850.8644957970437,42.762967436955655,16.145877081234303,16.145877081234303,113.82423009659378,699.7716121298502,3039.743447493061,0.0,0.0,0.0,0.0,0.0,0.0,0.0,0.0,660.9237629525047,23.92523963875495,0.0,0.0,0.0,-1.5916157281026244e-12,0.0
2025-10-16 01:00:00+00:00,6,21.0,2313.3033477538447,378.2832605680743,796.2406588530612,1138.779428332709,378.28326056807424,341.29592838988356,36.9873321781907,3086.402748436782,0.0,378.2832605680743,0.0,796.2406588530612,0.0,1138.779428332709,0.0,0.0,0.0,0.0,0.0,1517.062688900783,505.6875629669277,2818.9909107207723,42.28486366081158,15.924813177061225,15.924813177061225,112.58001524479707,692.4020682266588,3005.705415980504,0.0,0.0,0.0,0.0,0.0,0.0,0.0,0.0,660.9237629525047,23.924238372600136,0.0,0.0,0.0,3.410605131648481e-13,0.0
2025-10-16 02:00:00+00:00,6,21.0,2338.023090188865,381.2660567214306,803.2855129319341,1153.4715205354994,381.2660567214306,344.1778950718824,37.088161649548155,3086.402748436782,0.0,381.2660567214306,0.0,803.2855129319341,0.0,1153.4715205354994,0.0,0.0,0.0,0.0,0.0,1534.7375772569299,511.5791924189766,2849.6022826078406,42.74403423911761,16.06571025863868,16.06571025863868,113.61937216359402,700.0740193389655,3038.097109527831,0.0,0.0,0.0,0.0,0.0,0.0,0.0,0.0,660.9237629525047,23.924465471870878,0.0,0.0,0.0,5.684341886080801e-13,0.0
2025-10-16 03:00:00+00:00,6,21.0,2372.724729111875,386.2161458258218,816.0193891232608,1170.4891941627927,386.2161458258218,349.13233383411364,37.08381199170818,3086.402748436782,0.0,386.2161458258218,0.0,816.0193891232608,0.0,1170.4891941627927,0.0,0.0,0.0,0.0,0.0,1556.7053399886145,518.9017799962048,2891.62650910808,43.3743976366212,16.320387782465215,16.320387782465215,115.15117058048756,710.0681237782441,3082.7928528901193,0.0,0.0,0.0,0.0,0.0,0.0,0.0,0.0,660.9237629525047,23.92560618048522,0.0,0.0,0.0,1.1368683772161603e-13,0.0
2025-10-16 04:00:00+00:00,6,21.0,2361.552986645079,383.3664828398882,808.7146810935225,1169.4718227116678,383.3664828398882,346.80527921754225,36.561203622345936,3086.402748436782,0.0,383.3664828398882,0.0,808.7146810935225,0.0,1169.4718227116678,0.0,0.0,0.0,0.0,0.0,1552.838305551556,517.6127685171854,2879.165755162264,43.18748632743396,16.17429362187045,16.17429362187045,114.50221409787477,707.651056186235,3069.2040428313144,0.0,0.0,0.0,0.0,0.0,0.0,0.0,0.0,660.9237629525047,23.924935536446434,0.0,0.0,0.0,5.684341886080801e-13,0.0
2025-10-16 05:00:00+00:00,6,21.0,2337.432519877436,378.7994356083222,799.140106089534,1159.4929781795781,378.79943560832226,342.84505744672305,35.95437816159918,3086.402748436782,0.0,378.7994356083222,0.0,799.140106089534,0.0,1159.4929781795781,0.0,0.0,0.0,0.0,0.0,1538.2924137879004,512.7641379293001,2850.1966578067345,42.752949867101016,15.98280212179068,15.98280212179068,113.24289360382912,700.7255856438115,3038.1581055212478,0.0,0.0,0.0,0.0,0.0,0.0,0.0,0.0,660.9237629525047,23.92586125828989,0.0,0.0,0.0,3.410605131648481e-13,0.0
2025-10-16 06:00:00+00:00,6,21.0,2245.723916846042,363.0345554806252,765.2756781834239,1117.4136831819924,363.0345554806253,328.3707629765102,34.66379250411505,3086.402748436782,0.0,363.0345554806252,0.0,765.2756781834239,0.0,1117.4136831819924,0.0,0.0,0.0,0.0,0.0,1480.4482386626175,493.4827462208725,2739.206663066914,41.08809994600371,15.305513563668478,15.305513563668478,108.69149830042757,673.8733715946407,2919.5972884406824,0.0,0.0,0.0,0.0,0.0,0.0,0.0,0.0,660.9237629525047,23.92841412196621,0.0,0.0,0.0,-2.2737367544323206e-13,0.0
2025-10-16 07:00:00+00:00,6,21.0,2252.5122594783807,365.19342996261696,767.0958755417066,1120.2229539740556,365.19342996261696,330.3110815081683,34.88234845444869,3086.402748436782,0.0,365.19342996261696,0.0,767.0958755417066,0.0,1120.2229539740556,0.0,0.0,0.0,0.0,0.0,1485.4163839366724,495.1387946455575,2747.651054123937,41.21476581185905,15.341917510834133,15.341917510834133,109.23500082527123,676.272396304356,2928.784655782737,0.0,0.0,0.0,0.0,0.0,0.0,0.0,0.0,660.9237629525047,23.925461985971193,0.0,0.0,0.0,3.410605131648481e-13,0.0
2025-10-16 08:00:00+00:00,6,21.0,2253.3378561860136,366.7234335918137,770.220090251982,1116.3943323422184,366.7234335918137,331.82217593413895,34.90125765767474,3086.402748436782,0.0,366.7234335918137,0.0,770.220090251982,0.0,1116.3943323422184,0.0,0.0,0.0,0.0,0.0,1483.1177659340321,494.37258864467736,2747.7104448306914,41.21565667246037,15.40440180503964,15.40440180503964,109.46845227170346,675.8655011989206,2929.2033573849335,0.0,0.0,0.0,0.0,0.0,0.0,0.0,0.0,660.9237629525047,23.925119402310308,0.0,0.0,0.0,-6.821210263296962e-13,0.0
2025-10-16 09:00:00+00:00,6,21.0,2295.657581293279,376.24821441092143,790.8508039144575,1128.5585629679003,376.24821441092143,340.7855317570892,35.462682653832246,3086.402748436782,0.0,376.24821441092143,0.0,790.8508039144575,0.0,1128.5585629679003,0.0,0.0,0.0,0.0,0.0,1504.8067773788218,501.60225912627396,2797.2598404195533,41.9588976062933,15.81701607828915,15.81701607828915,111.86941363741172,687.0646025265573,2982.722183819836,0.0,0.0,0.0,0.0,0.0,0.0,0.0,0.0,660.9237629525047,23.923575306129766,0.0,0.0,0.0,0.0,0.0
2025-10-16 10:00:00+00:00,6,21.0,2296.796900667516,377.280529152629,793.1615483326914,1126.354823182197,377.280529152629,341.2883208824048,35.99220827022426,3086.402748436782,0.0,377.280529152629,0.0,793.1615483326914,0.0,1126.354823182197,0.0,0.0,0.0,0.0,0.0,1503.635352334826,501.21178411160867,2798.0086847791263,41.97013027168689,15.863230966653829,15.863230966653829,112.03489791611113,686.9432742327144,2983.74017490023,0.0,0.0,0.0,0.0,0.0,0.0,0.0,0.0,660.9237629525047,23.923520564989037,0.0,0.0,0.0,-4.547473508864641e-13,0.0
2025-10-16 11:00:00+00:00,6,21.0,2383.129426240317,389.92954998843385,821.5274719760572,1171.672404275823,389.92954998843385,353.37106443658735,36.55848555184648,3086.402748436782,0.0,389.92954998843385,0.0,821.5274719760572,0.0,1171.672404275823,0.0,0.0,0.0,0.0,0.0,1561.6019542642568,520.5339847547523,2903.6634109950664,43.554951164925995,16.430549439521144,16.430549439521144,115.99423872070165,712.9442735194224,3096.0736997597382,0.0,0.0,0.0,0.0,0.0,0.0,0.0,0.0,660.9237629525047,23.922740261321145,0.0,0.0,0.0,-1.2505552149377763e-12,0.0
2025-10-16 12:00:00+00:00,6,21.0,2399.4868278373915,390.6007496481598,824.7038116801804,1184.1822665090517,390.6007496481598,354.0536126434399,36.54713700471991,3086.402748436782,0.0,390.6007496481598,0.0,824.7038116801804,0.0,1184.1822665090517,0.0,0.0,0.0,0.0,0.0,1574.7830161572115,524.9276720524039,2924.414499889796,43.866217498346934,16.494076233603607,16.494076233603607,116.47164152285492,718.253683540813,3117.7405113782047,0.0,0.0,0.0,0.0,0.0,0.0,0.0,0.0,660.9237629525047,23.9242837239375,0.0,0.0,0.0,2.2737367544323206e-13,0.0
2025-10-16 13:00:00+00:00,6,21.0,2416.502104441078,392.2470967677096,829.5737569515971,1194.6812507217708,392.2470967677096,355.6126634935432,36.63443327416638,3086.402748436782,0.0,392.2470967677096,0.0,829.5737569515971,0.0,1194.6812507217708,0.0,0.0,0.0,0.0,0.0,1586.9283474894803,528.9761158298268,2945.4782202709043,44.18217330406356,16.591475139031942,16.591475139031942,117.10870611377909,723.4499455257333,3139.9520499668115,0.0,0.0,0.0,0.0,0.0,0.0,0.0,0.0,660.9237629525047,23.92530954244731,0.0,0.0,0.0,4.547473508864641e-13,0.0
2025-10-16 14:00:00+00:00,6,21.0,2400.4562851764026,389.702454634983,823.6936596749075,1187.0601708665115,389.7024546349829,352.97470797463484,36.7277466603481,3086.402748436782,0.0,389.702454634983,0.0,823.6936596749075,0.0,1187.0601708665115,0.0,0.0,0.0,0.0,0.0,1576.7626255014945,525.5875418338316,2926.0438270102336,43.890657405153505,16.47387319349815,16.47387319349815,116.35092584666513,718.7768714726465,3119.233156649048,0.0,0.0,0.0,0.0,0.0,0.0,0.0,0.0,660.9237629525047,23.925403049539646,0.0,0.0,0.0,-1.1368683772161603e-12,0.0
2025-10-16 15:00:00+00:00,6,21.0,2370.1207225475923,384.530783576879,816.1897964902887,1169.400142480426,384.530783576879,348.9055318803547,35.625251696524316,3086.402748436782,0.0,384.530783576879,0.0,816.1897964902887,0.0,1169.400142480426,0.0,0.0,0.0,0.0,0.0,1553.930926057305,517.976975352435,2888.097697900029,43.32146546850043,16.323795929805776,16.323795929805776,114.7608301255764,708.7068628061234,3078.827585353715,0.0,0.0,0.0,0.0,0.0,0.0,0.0,0.0,660.9237629525047,23.9294995006961,0.0,0.0,0.0,-4.547473508864641e-13,0.0
2025-10-16 16:00:00+00:00,6,21.0,2446.458205940478,398.0270691793812,839.361003322044,1209.0701334390549,398.0270691793812,360.90776088914043,37.11930829024078,3086.402748436782,0.0,398.0270691793812,0.0,839.361003322044,0.0,1209.0701334390549,0.0,0.0,0.0,0.0,0.0,1607.097202618436,535.6990675394787,2982.157273479959,44.73235910219938,16.78722006644088,16.78722006644088,118.74854655212778,732.7544133266878,3179.212619267166,0.0,0.0,0.0,0.0,0.0,0.0,0.0,0.0,660.9237629525047,23.921939379769967,0.0,0.0,0.0,1.1368683772161603e-13,0.0
2025-10-16 17:00:00+00:00,6,21.0,2460.279991037327,401.4725828157431,839.5178188033879,1219.289589418196,401.47258281574307,363.38982316878656,38.08275964695653,3086.402748436782,0.0,401.4725828157431,0.0,839.5178188033879,0.0,1219.289589418196,0.0,0.0,0.0,0.0,0.0,1620.7621722339393,540.254057411313,3000.53404844864,45.0080107267296,16.790356376067756,16.790356376067756,119.76387382693304,738.6066547171112,3198.886645754438,0.0,0.0,0.0,0.0,0.0,0.0,0.0,0.0,660.9237629525047,23.91462104617396,0.0,0.0,0.0,1.1368683772161603e-13,0.0
2025-10-16 18:00:00+00:00,6,21.0,2507.8566522645306,409.8654834352481,853.954804863027,1244.0363639662542,409.8654834352481,371.0485372327877,38.816946202460436,3086.402748436782,0.0,409.8654834352481,0.0,853.954804863027,0.0,1244.0363639662542,0.0,0.0,0.0,0.0,0.0,1653.9018474015022,551.3006158005007,3059.1572680650297,45.887359020975445,17.07909609726054,17.07909609726054,122.24662016231083,753.592787178308,3261.449439442839,0.0,0.0,0.0,0.0,0.0,0.0,0.0,0.0,660.9237629525047,23.90989750902335,0.0,0.0,0.0,3.410605131648481e-13,0.0
2025-10-16 19:00:00+00:00,6,21.0,2492.6049982652075,407.4858348210793,848.7296454312302,1236.3895180128995,407.4858348210793,368.8011066995408,38.6847281215385,3086.402748436782,0.0,407.4858348210793,0.0,848.7296454312302,0.0,1236.3895180128995,0.0,0.0,0.0,0.0,0.0,1643.875352833979,547.9584509446596,3040.563449209869,45.608451738148034,16.974592908624604,16.974592908624604,121.52523981104068,749.0413283110975,3241.6463265763055,0.0,0.0,0.0,0.0,0.0,0.0,0.0,0.0,660.9237629525047,23.910192245786508,0.0,0.0,0.0,4.547473508864641e-13,0.0
2025-10-16 20:00:00+00:00,6,21.0,2473.661980718646,404.9176815291218,842.7400594182632,1226.00423977126,404.9176815291218,366.41950050319844,38.49818102592337,3086.402748436782,0.0,404.9176815291218,0.0,842.7400594182632,0.0,1226.00423977126,0.0,0.0,0.0,0.0,0.0,1630.9219213003819,543.6406404334606,3017.3026211521055,45.25953931728158,16.854801188365265,16.854801188365265,120.69044498176979,743.3002271092425,3216.962207827889,0.0,0.0,0.0,0.0,0.0,0.0,0.0,0.0,660.9237629525047,23.910181700775414,0.0,0.0,0.0,2.2737367544323206e-13,0.0
2025-10-16 21:00:00+00:00,6,21.0,2451.80062053163,402.4034247837622,837.2474469723736,1212.1497487754941,402.4034247837622,364.1870344565575,38.21639032720468,3086.402748436782,0.0,402.4034247837622,0.0,837.2474469723736,0.0,1212.1497487754941,0.0,0.0,0.0,0.0,0.0,1614.5531735592563,538.1843911864188,2989.9850117180486,44.84977517577072,16.74494893944747,16.74494893944747,119.77661664163773,736.3006808827221,3188.1013014143527,0.0,0.0,0.0,0.0,0.0,0.0,0.0,0.0,660.9237629525047,23.910551128454614,0.0,0.0,0.0,5.684341886080801e-13,0.0
2025-10-16 22:00:00+00:00,6,21.0,2385.6430649887966,391.8914703939324,815.709360732902,1178.0422338619612,391.8914703939324,354.79480846162545,37.09666193230696,3086.402748436782,0.0,391.8914703939324,0.0,815.709360732902,0.0,1178.0422338619612,0.0,0.0,0.0,0.0,0.0,1569.9337042558936,523.3112347519645,2908.9542997407602,43.6343144961114,16.31418721465804,16.31418721465804,116.58400288981281,716.157926567205,3101.8009915560015,0.0,0.0,0.0,0.0,0.0,0.0,0.0,0.0,660.9237629525047,23.91341278586043,0.0,0.0,0.0,-1.1368683772161603e-13,0.0
2025-10-16 23:00:00+00:00,6,21.0,2383.2515857583894,391.02198759988545,814.3723169094553,1177.8572812490472,391.0219875998855,353.92732339365773,37.09466420622777,3086.402748436782,0.0,391.02198759988545,0.0,814.3723169094553,0.0,1177.8572812490472,0.0,0.0,0.0,0.0,0.0,1568.8792688489327,522.9597562829775,2906.2113420413652,43.59317013062048,16.287446338189106,16.287446338189106,116.38936743151143,715.5171865214876,3098.7687722798764,0.0,0.0,0.0,0.0,0.0,0.0,0.0,0.0,660.9237629525047,23.914046792953346,0.0,0.0,0.0,-5.684341886080801e-13,0.0
2025-11-13 00:00:00+00:00,7,22.0,3360.4038384668725,580.0588073882755,1267.159638083223,1513.185392995371,580.0588073882755,529.2785102739625,50.78029711431297,3086.402748436782,0.0,580.0588073882755,0.0,1267.159638083223,0.0,1513.185392995371,0.0,0.0,0.0,0.0,0.0,2093.244200383647,697.7480667945489,4058.1519052614185,60.872278578921275,25.343192761664458,25.343192761664458,166.53181920866652,975.8385501054656,4336.242388572339,0.0,0.0,0.0,0.0,0.0,24471.31790862518,0.0,0.0,660.9237629525047,23.927980410238064,0.0,0.0,0.0,1.1368683772161603e-12,0.0
2025-11-13 01:00:00+00:00,7,22.0,3281.3981755089244,566.8105451921653,1238.3619794820438,1476.2256508347166,566.8105451921653,516.9503936088297,49.86015158333551,3086.402748436782,0.0,566.8105451921653,0.0,1238.3619794820438,0.0,1476.2256508347166,0.0,0.0,0.0,0.0,0.0,2043.036196026882,681.012065342294,3962.41024085122,59.436153612768294,24.767239589640877,24.767239589640877,162.66398505477574,952.6466831891198,4234.044858698044,0.0,0.0,0.0,0.0,0.0,24422.37527280793,0.0,0.0,660.9237629525047,23.929670272162195,0.0,0.0,0.0,-4.547473508864641e-13,0.0
2025-11-13 02:00:00+00:00,7,22.0,3229.0354634178498,557.9491276212359,1217.3623433077832,1453.7239924888295,557.9491276212359,508.6183910592381,49.33073656199786,3086.402748436782,0.0,557.9491276212359,0.0,1217.3623433077832,0.0,1453.7239924888295,0.0,0.0,0.0,0.0,0.0,2011.6731201100654,670.5577067033552,3899.593170121204,58.49389755181806,24.347246866155665,24.347246866155665,160.13432709264112,937.8804250801255,4166.915888497975,0.0,0.0,0.0,0.0,0.0,24373.530522262314,0.0,0.0,660.9237629525047,23.92927037465922,0.0,0.0,0.0,-1.1368683772161603e-13,0.0
2025-11-13 03:00:00+00:00,7,22.0,3216.3525933302976,555.2739226436133,1209.258321795579,1451.8203488911026,555.2739226436133,505.9922607975381,49.28166184607526,3086.402748436782,0.0,555.2739226436133,0.0,1209.258321795579,0.0,1451.8203488911026,0.0,0.0,0.0,0.0,0.0,2007.094271534716,669.0314238449054,3885.3840171752004,58.280760257628,24.18516643591158,24.18516643591158,159.49797414087354,935.1804911152301,7456.151899208051,0.0,0.0,0.0,0.0,0.0,24324.783461217794,3304.6188147625235,0.0,3795.960438941195,23.92760030413535,0.0,0.0,0.0,0.0,0.0
2025-11-13 04:00:00+00:00,7,22.0,3126.968956241263,541.606958093978,1176.4968418212,1408.8651563260837,541.606958093978,493.2035772401722,48.40338085380586,3086.402748436782,0.0,541.606958093978,0.0,1176.4968418212,0.0,1408.8651563260837,0.0,0.0,0.0,0.0,0.0,1950.4721144200616,650.1573714733539,3777.1263277146154,56.65689491571923,23.529936836424,23.529936836424,155.37870106808748,909.2528411300086,6305.001517699755,0.0,0.0,0.0,0.0,0.0,24276.133894295355,2268.779720328483,0.0,5948.313866572543,23.926417453817727,0.0,0.0,0.0,0.0,0.0
2025-11-13 05:00:00+00:00,7,22.0,3196.774369188285,554.7036342538779,1206.4454029407416,1435.6253319936625,554.7036342538779,505.77356027098,48.9300739828979,3086.402748436782,0.0,554.7036342538779,0.0,1206.4454029407416,0.0,1435.6253319936625,0.0,0.0,0.0,0.0,0.0,1990.3289662475404,663.4429887491801,3860.217357937462,57.90326036906193,24.128908058814833,24.128908058814833,158.9466111760774,928.5506764119493,4125.325045600233,0.0,0.0,0.0,0.0,0.0,24227.58162650676,0.0,0.0,5948.313866572543,23.926053693186912,0.0,0.0,0.0,-1.1368683772161603e-12,0.0
2025-11-13 06:00:00+00:00,7,22.0,2924.6741731359034,508.36465484692076,1101.8811501131063,1314.4283681758775,508.36465484692076,462.08905698426446,46.27559786265631,3086.402748436782,0.0,508.36465484692076,0.0,1101.8811501131063,0.0,1314.4283681758775,0.0,0.0,0.0,0.0,0.0,1822.7930230227983,607.5976743409327,3532.271847476837,52.984077712152555,22.037623002262126,22.037623002262126,145.6269813027163,850.2839793603257,2063.5182856768474,0.0,0.0,0.0,0.0,0.0,24179.12646325375,0.0,1711.4398668193821,4144.297847384383,23.92864443367278,0.0,0.0,0.0,4.547473508864641e-13,0.0
2025-11-13 07:00:00+00:00,7,22.0,2906.985988667035,505.60062828920053,1096.7859001739353,1304.5994602038988,505.60062828920053,459.40871930940415,46.191908979796395,3086.402748436782,0.0,505.60062828920053,0.0,1096.7859001739353,0.0,1304.5994602038988,0.0,0.0,0.0,0.0,0.0,1810.2000884930994,603.4000294976998,3510.3860181647347,52.655790272471016,21.935718003478705,21.935718003478705,144.76416724016931,844.6914230172974,447.05859692180866,0.0,0.0,0.0,0.0,0.0,24130.768210327245,0.0,3304.6188147625235,660.9237629525047,23.929802438803346,0.0,0.0,0.0,-4.547473508864641e-13,0.0
2025-11-13 08:00:00+00:00,7,22.0,2949.1212400973604,510.56622233750613,1111.019076138283,1327.5359416215706,510.56622233750613,464.3736775190791,46.19254481842703,3086.402748436782,0.0,510.56622233750613,0.0,1111.019076138283,0.0,1327.5359416215706,0.0,0.0,0.0,0.0,0.0,1838.1021639590767,612.7007213196922,3561.821961417052,53.42732942125578,22.22038152276566,22.22038152276566,146.45702319364736,857.0258369801268,3806.147077077487,0.0,0.0,0.0,0.0,0.0,24082.50667390659,0.0,0.0,660.9237629525047,23.93223307364264,0.0,0.0,0.0,0.0,0.0
2025-11-13 09:00:00+00:00,7,22.0,2934.9349326267106,508.32100002574686,1104.5910197622982,1322.0229128386657,508.3210000257468,462.12249266298744,46.19850736275937,3086.402748436782,0.0,508.32100002574686,0.0,1104.5910197622982,0.0,1322.0229128386657,0.0,0.0,0.0,0.0,0.0,1830.3439128644125,610.1146376214708,3545.049570248181,53.17574355372272,22.091820395245964,22.091820395245964,145.8198482433576,853.2938702090429,3788.228802835754,0.0,0.0,0.0,0.0,0.0,24034.341660558777,0.0,0.0,660.9237629525047,23.931143598580938,0.0,0.0,0.0,3.410605131648481e-13,0.0
2025-11-13 10:00:00+00:00,7,22.0,2923.152840962353,506.5360317108428,1099.8393282241714,1316.7774810273384,506.5360317108428,460.38104356443256,46.15498814641023,3086.402748436782,0.0,506.5360317108428,0.0,1099.8393282241714,0.0,1316.7774810273384,0.0,0.0,0.0,0.0,0.0,1823.313512738181,607.771170912727,3530.9240118750795,52.96386017812619,21.99678656448343,21.99678656448343,145.29093408827524,850.0195383080952,3773.1723792704483,0.0,0.0,0.0,0.0,0.0,23986.272977237662,0.0,0.0,660.9237629525047,23.93056138484629,0.0,0.0,0.0,2.2737367544323206e-13,0.0
2025-11-13 11:00:00+00:00,7,22.0,2916.5379463036284,504.95502773445344,1095.8225160356549,1315.76040253352,504.9550277344534,458.92976659474243,46.02526113971097,3086.402748436782,0.0,504.95502773445344,0.0,1095.8225160356549,0.0,1315.76040253352,0.0,0.0,0.0,0.0,0.0,1820.7154302679733,606.9051434226577,3523.4430897262855,52.85164634589428,21.916450320713096,21.916450320713096,144.91877233795526,848.5084627479335,3765.046409051561,0.0,0.0,0.0,0.0,0.0,23938.300431283187,0.0,0.0,660.9237629525047,23.930227237453504,0.0,0.0,0.0,-7.958078640513122e-13,0.0
2025-11-13 12:00:00+00:00,7,22.0,2911.949476336297,504.0004102432894,1094.0536585094517,1313.8954075835566,504.00041024328937,458.3589803986776,45.64142984461179,3086.402748436782,0.0,504.0004102432894,0.0,1094.0536585094517,0.0,1313.8954075835566,0.0,0.0,0.0,0.0,0.0,1817.895817826846,605.9652726089487,3517.914748945246,52.76872123417869,21.881073170189033,21.881073170189033,144.66276118135545,847.1589013648608,7063.727192463681,0.0,0.0,0.0,0.0,0.0,23890.42383042062,3304.6188147625235,0.0,3795.960438941195,23.93058412092174,0.0,0.0,0.0,0.0,0.0
2025-11-13 13:00:00+00:00,7,22.0,3043.061396795352,527.7434470815094,1142.2187563715215,1373.0991933423177,527.7434470815094,479.30927296113623,48.43417412037321,3086.402748436782,0.0,527.7434470815094,0.0,1142.2187563715215,0.0,1373.0991933423177,0.0,0.0,0.0,0.0,0.0,1900.842640423827,633.6142134746091,3676.675610269958,55.15013415404937,22.844375127430432,22.844375127430432,151.40207154992513,885.8551694334445,6197.696286557279,0.0,0.0,0.0,0.0,0.0,23842.642982759775,2268.779720328483,0.0,5948.313866572543,23.924347762144816,0.0,0.0,0.0,-9.094947017729282e-13,0.0
2025-11-13 14:00:00+00:00,7,22.0,3199.9623254641006,553.5834701901573,1198.9311205535134,1447.4477347204277,553.5834701901573,502.7683687553851,50.81510143477224,3086.402748436782,0.0,553.5834701901573,0.0,1198.9311205535134,0.0,1447.4477347204277,0.0,0.0,0.0,0.0,0.0,2001.031204910585,667.0104016368617,3866.9727271009606,58.00459090651441,23.97862241107027,23.97862241107027,159.00299641231013,931.9752337778269,4131.937559241927,0.0,0.0,0.0,0.0,0.0,23794.95769679426,0.0,0.0,5948.313866572543,23.921523027620818,0.0,0.0,0.0,-1.1368683772161603e-13,0.0
2025-11-13 15:00:00+00:00,7,22.0,3230.7696475603207,555.6049425628903,1203.5488154401794,1471.6158895572512,555.6049425628903,505.1147336828275,50.49020888006282,3086.402748436782,0.0,555.6049425628903,0.0,1203.5488154401794,0.0,1471.6158895572512,0.0,0.0,0.0,0.0,0.0,2027.2208321201415,675.7402773733805,3906.5099249337018,58.59764887400552,24.070976308803587,24.070976308803587,160.08427740910008,942.5641562740932,2461.8939370150306,0.0,0.0,0.0,0.0,0.0,23747.367781400673,0.0,1711.4398668193821,4144.297847384383,23.921273618294336,0.0,0.0,0.0,-1.1368683772161603e-12,0.0
2025-11-13 16:00:00+00:00,7,22.0,3209.827763350554,554.6960704985469,1203.9584175667019,1451.1732752853077,554.6960704985469,504.8157861777548,49.880284320792114,3086.402748436782,0.0,554.6960704985469,0.0,1203.9584175667019,803.3946319136439,647.7786433716637,0.0,0.0,803.3946319136439,1071.1928425515252,267.7982106378813,1202.4747138702105,400.8249046234035,2807.258036060316,42.10887054090474,32.11311467047048,24.079168351334037,159.34976529778223,926.2740341217763,831.4829827098071,0.0,0.0,0.0,1071.1928425515252,0.0,24717.506246261826,0.0,3304.6188147625235,660.9237629525047,23.92361072142899,0.0,0.0,0.0,5.684341886080801e-13,0.0
2025-11-13 17:00:00+00:00,7,22.0,3193.7881855005635,555.5925893681215,1204.4646780637306,1433.7309180687116,555.5925893681215,504.85035289012336,50.74223647799809,3086.402748436782,0.0,555.5925893681215,0.0,1204.4646780637306,39.02764144146204,1394.7032766272496,0.0,0.0,39.02764144146204,52.03685525528272,13.00921381382068,1950.295865995371,650.098621998457,3804.8591660575585,57.07288749086337,24.479569975689234,24.089293561274612,159.0813399151135,927.8309267552186,4121.619112255782,0.0,0.0,0.0,52.03685525528272,0.0,24717.506246261826,0.0,0.0,660.9237629525047,23.922198228811975,0.0,0.0,0.0,0.0,0.0
2025-11-13 18:00:00+00:00,7,22.0,3206.1912956608926,558.2571651035354,1210.9867289165782,1436.9474016407773,558.2571651035354,507.1695693344857,51.087595769049685,3086.402748436782,0.0,558.2571651035354,0.0,1210.9867289165782,0.0,1436.9474016407773,0.0,0.0,0.0,0.0,0.0,1995.2045667443126,665.0681889147709,3871.2594845756616,58.068892268634926,24.219734578331565,24.219734578331565,159.74811220293202,931.324662543001,4137.515958203893,0.0,0.0,0.0,0.0,0.0,24668.071233769308,0.0,0.0,660.9237629525047,23.922538340146158,0.0,0.0,0.0,-3.410605131648481e-13,0.0
2025-11-13 19:00:00+00:00,7,22.0,3235.0414816398597,565.3116070605721,1228.626519801503,1441.1033547777865,565.3116070605721,513.8285828042641,51.48302425630803,3086.402748436782,0.0,565.3116070605721,0.0,1228.626519801503,77.97722760004399,1363.1261271777425,0.0,0.0,77.97722760004399,103.96963680005865,25.992409200014663,1928.4377342383145,642.8125780794381,3799.8768321192556,56.99815248178883,25.3523026720305,24.57253039603006,161.39950523970631,937.1274780690085,4172.168959708866,3.637978807091713e-12,0.0,3.637978807091713e-12,103.96963680005501,0.0,24717.506246261826,0.0,0.0,660.9237629525047,23.923516077405697,0.0,0.0,0.0,-2.0463630789890885e-12,0.0
2025-11-13 20:00:00+00:00,7,22.0,3226.673697013226,565.3351043314138,1224.724497796572,1436.6140948852408,565.3351043314138,513.6754563601695,51.65964797124437,3086.402748436782,0.0,565.3351043314138,0.0,1224.724497796572,0.0,1436.6140948852408,0.0,0.0,0.0,0.0,0.0,2001.9491992166545,667.3163997388848,3893.990096752111,58.40985145128167,24.494489955931442,24.494489955931442,161.28346505065753,935.9986961526868,4162.672393165912,0.0,0.0,0.0,0.0,0.0,24668.071233769308,0.0,0.0,660.9237629525047,23.919908770937674,0.0,0.0,0.0,-1.1368683772161603e-12,0.0
2025-11-13 21:00:00+00:00,7,22.0,3122.517284295217,545.2093409453353,1182.6525320913283,1394.6554112585545,545.2093409453353,496.0884880641385,49.12085288119679,3086.402748436782,0.0,545.2093409453353,0.0,1182.6525320913283,0.0,1394.6554112585545,0.0,0.0,0.0,0.0,0.0,1939.8647522038898,646.6215840679632,3769.1388683631812,56.537083025447714,23.653050641826567,23.653050641826567,155.78762754478782,906.2523959218519,4028.7696802170694,0.0,0.0,0.0,0.0,0.0,24618.73509130177,0.0,0.0,660.9237629525047,23.924257416281776,0.0,0.0,0.0,5.684341886080801e-13,0.0
2025-11-13 22:00:00+00:00,7,22.0,3132.447020939854,546.3169744529876,1186.536876587515,1399.5931698993527,546.3169744529876,497.4769691885499,48.84000526443759,3086.402748436782,0.0,546.3169744529876,0.0,1186.536876587515,0.0,1399.5931698993527,0.0,0.0,0.0,0.0,0.0,1945.9101443523402,648.6367147841135,3781.083735723969,56.71625603585953,23.7307375317503,23.7307375317503,156.1617898718082,908.9762357552817,4041.4232566951364,0.0,0.0,0.0,0.0,0.0,24569.497621119168,0.0,0.0,660.9237629525047,23.925413631363398,0.0,0.0,0.0,5.684341886080801e-13,0.0
2025-11-13 23:00:00+00:00,7,22.0,3118.19106510485,543.760691409059,1180.623208554837,1393.8071651409543,543.760691409059,495.5191311579153,48.241560251143696,3086.402748436782,0.0,543.760691409059,0.0,1180.623208554837,0.0,1393.8071651409543,0.0,0.0,0.0,0.0,0.0,1937.5678565500134,645.8559521833378,3764.047017288188,56.460705259322815,23.61246417109674,23.61246417109674,155.45235962114833,904.9939454060022,4023.1850105108524,0.0,0.0,0.0,0.0,0.0,24520.358625876932,0.0,0.0,660.9237629525047,23.925437178770952,0.0,0.0,0.0,0.0,0.0
2025-11-28 00:00:00+00:00,8,46.0,3424.175471449615,586.0552022836083,1273.173293746722,1564.9469754192826,586.0552022836084,532.9153836114411,53.13981867216724,3086.402748436782,559.8444406341549,26.21076164945339,0.0,1273.173293746722,1564.9469754192826,0.0,814.3191863769526,254.4747457427977,1564.9469754192826,2086.59596722571,521.6489918064275,26.21076164945339,8.736920549817796,1308.1209759459932,19.621814639189896,41.112935629127264,25.463465874934442,169.19672469172872,1040.2555989340233,4464.431070383638,2638.87296846023,2638.87296846023,0.0,262.0421851424327,0.0,1065.6207922375468,0.0,0.0,660.9237629525047,23.91970974088704,0.0,0.0,0.0,-2.2737367544323206e-13,-1.1368683772161603e-13
2025-11-28 01:00:00+00:00,8,46.0,3247.9571611603405,554.5475163265213,1204.517915239033,1488.8917295947876,554.5475163265213,503.9938446889921,50.553671637529185,3086.402748436782,529.6885537730976,24.85896255342368,838.1073899180941,366.410525320939,1488.8917295947876,0.0,770.4560782154148,240.7675244423171,2326.999119512882,3102.6654926838423,775.6663731709606,24.85896255342368,8.286320851141227,399.5558087255039,5.993337130882558,47.36034949990948,7.328210506418779,160.31168289494545,1245.7137984965752,4493.670959656914,2629.8324046127,2629.8324046127,0.0,1243.289166286557,0.0,2244.614258625301,0.0,0.0,660.9237629525047,23.9239555740342,0.0,0.0,0.0,-1.3642420526593924e-12,2.2737367544323206e-13
2025-11-28 02:00:00+00:00,8,46.0,3264.2567696386836,555.4235744605993,1211.2897215148425,1497.5434736632412,555.4235744605993,505.83968672997497,49.58388773062435,3086.402748436782,531.8789059367804,23.544668523818927,1120.7227049292057,90.5670165856368,1497.5434736632412,0.0,773.6420449989533,241.7631390621729,2618.266178592447,3491.0215714565957,872.7553928641489,23.544668523818927,7.8482228412729755,121.95990795072869,1.8293986192609304,50.408456216221325,1.811340331712736,160.73752240127806,1337.1534723360678,4601.410241974751,2630.82239760372,2630.82239760372,0.0,1633.8412188518291,0.0,3792.2741880172885,0.0,0.0,660.9237629525047,23.928522820373818,0.0,0.0,0.0,0.0,0.0
2025-11-28 03:00:00+00:00,8,46.0,3236.0382961942355,550.8559459716994,1198.9680676020891,1486.214282620445,550.8559459716994,501.30342374069255,49.55252223100678,3086.402748436782,526.8488413668882,24.00710460481116,1132.0518959720025,66.91617163008664,1486.2142826204447,2.2737367544323206e-13,766.3255874427465,239.47674607585827,2618.2661785924474,3491.0215714565966,872.7553928641491,24.00710460481139,8.002368201603796,98.92564443650181,1.4838846665475272,50.16202313796626,1.3383234326017328,159.43869364588895,1332.6574320246157,7873.314542981374,2647.874415831611,2647.87441583161,9.094947017729282e-13,1609.4727430677326,0.0,5313.688745555601,3304.6188147625235,0.0,3795.960438941195,23.92696963309452,0.0,0.0,0.0,-9.094947017729282e-13,0.0
2025-11-28 04:00:00+00:00,8,46.0,3247.777536080856,553.4298255932014,1203.5085464417668,1490.839164045887,553.4298255932014,503.46694014908695,49.96288544411446,3086.402748436782,529.0154988058703,24.414326787331106,1127.4270145465605,76.08153189520635,1490.839164045887,0.0,769.4770891721749,240.46159036630465,2618.2661785924474,3491.0215714565966,872.7553928641491,24.414326787331106,8.138108929110368,108.63396761164782,1.6295095141747171,50.25283271475981,1.5216306379041271,160.1211399375897,1334.8802049639924,6851.437461373332,3990.08519780826,3990.08519780826,0.0,270.4134628205111,0.0,5559.954157743976,2268.779720328483,0.0,5948.313866572543,23.925658021326534,0.0,0.0,0.0,4.547473508864641e-13,0.0
2025-11-28 05:00:00+00:00,8,46.0,3232.7205570682927,550.7303653864269,1196.9475630717845,1485.042628610083,550.7303653864269,500.86209669866236,49.86826868776458,3086.402748436782,526.2432270436681,24.48713834275884,1133.2235499823641,63.724013089420396,1485.042628610083,0.0,765.444693881699,239.2014668380309,2618.2661785924474,3491.0215714565966,872.7553928641491,24.48713834275884,8.16237944758628,96.37353087976553,1.4456029631964828,50.121613047360164,1.274480261788408,159.37823350666145,1332.3391689287728,4565.0597259970655,5446.849914080061,5446.84991408006,9.094947017729282e-13,0.0,1190.3836487417652,4295.798829700314,0.0,0.0,5948.313866572543,23.925304002646662,0.0,0.0,0.0,0.0,0.0
2025-11-28 06:00:00+00:00,8,46.0,3251.0636055714913,550.98719658728,1198.1131582822845,1501.9632507019282,550.98719658728,501.0870949483083,49.90010163897172,3086.402748436782,526.6575699584149,24.32962662886507,0.0,1198.1131582822845,1501.963250701928,2.2737367544323206e-13,766.0473744849671,239.3898045265522,1501.963250701928,2002.6176676025707,500.6544169006427,24.3296266288653,8.1098755429551,1230.5526604541049,18.458289906811572,38.981895672664976,23.96226316564569,159.88104784288868,989.4375935581611,4240.501199129652,5019.21591944595,5019.21591944595,0.0,0.0,2250.5508773584124,1918.2063085057423,0.0,0.0,5948.313866572543,23.92586182985869,0.0,0.0,0.0,0.0,0.0
2025-11-28 07:00:00+00:00,8,46.0,3227.6421726238386,547.6810054717827,1190.6871364786114,1489.2740306734436,547.6810054717828,498.1245145826798,49.55649088910293,3086.402748436782,523.4316401664543,24.24936530532841,0.0,1190.6871364786114,1489.2740306734436,0.0,761.3551129693881,237.92347280293376,1489.2740306734436,1985.6987075645914,496.42467689114784,24.24936530532841,8.083121768442803,1223.0196235523827,18.345294353285738,38.706483036306665,23.813742729572226,158.8244967563026,982.1212883379917,4209.763460961831,3887.45313427802,3887.45313427802,0.0,0.0,1140.399313744041,713.9495656318456,0.0,0.0,5948.313866572543,23.926084618680726,0.0,0.0,0.0,4.547473508864641e-13,0.0
2025-11-28 08:00:00+00:00,8,46.0,3217.9434145485484,546.2949249374343,1186.3285998511803,1485.3198897599364,546.2949249374344,496.79536993760627,49.4995549998281,3086.402748436782,521.7331036888795,24.561821248554793,0.0,1186.3285998511803,1485.3198897599364,0.0,758.884514456552,237.15141076767247,1485.3198897599364,1980.4265196799151,495.1066299199788,24.561821248554793,8.187273749518264,1219.0776948492535,18.2861654227388,38.579770894622975,23.72657199702361,158.41677481404326,979.4545975655982,892.7791973516233,3416.20661731202,3416.20661731202,0.0,0.0,676.8955831755529,0.0,0.0,3304.6188147625235,2464.939782140664,23.92496167175655,0.0,0.0,0.0,1.1368683772161603e-13,0.0
2025-11-28 09:00:00+00:00,8,46.0,3203.6907834092526,543.9513967858354,1181.3543314648416,1478.3850551585776,543.9513967858354,494.99300749052577,48.958389295309644,3086.402748436782,519.5269720194007,24.424424766434754,0.0,1181.3543314648416,1478.3850551585776,0.0,755.6755956645828,236.1486236451821,1478.3850551585776,1971.18007354477,492.7950183861925,24.424424766434754,8.141474922144917,1213.9202311534214,18.20880346730132,38.41093718088261,23.627086629296834,157.72364922379654,975.0555934547968,2467.306510044667,1450.31793784568,1450.31793784568,0.0,1276.537731363673,0.0,1212.7108447954893,0.0,1711.4398668193821,660.9237629525047,23.92555150893018,0.0,0.0,0.0,-3.410605131648481e-13,0.0
2025-11-28 10:00:00+00:00,8,46.0,3204.0751903207956,544.6273697307861,1183.127537212028,1476.3202833779824,544.6273697307861,495.7432729673663,48.88409676341974,3086.402748436782,520.2574963634291,24.369873367356945,0.0,1183.127537212028,1476.3202833779824,0.0,756.7381765286242,236.48068016519505,1476.3202833779824,1968.4270445039765,492.1067611259941,24.369873367356945,8.123291122452315,1215.6207017018373,18.234310525527558,38.425753578020384,23.662550744240562,157.81780076098738,974.8511480224174,4178.926338343213,-4.547473508864641e-13,0.0,0.0,2725.165221032601,0.0,3799.1923830868695,0.0,0.0,660.9237629525047,23.925704649574143,0.0,0.0,0.0,-4.547473508864641e-13,0.0
2025-11-28 11:00:00+00:00,8,46.0,3254.992720441803,552.8842319297373,1201.3300274989679,1500.778461013096,552.8842319297373,503.2855985209942,49.598633408743076,3086.402748436782,528.2188146781541,24.66541725158322,0.0,1201.3300274989679,1500.7784610130957,2.2737367544323206e-13,768.3182758954969,240.09946121734276,1500.7784610130957,2001.0379480174608,500.2594870043652,24.66541725158345,8.221805750527816,1234.2172505010792,18.513258757516187,39.03438516011031,24.026600549979356,160.26558303826084,990.4205814781025,4245.413301919905,4.547473508864641e-13,0.0,4.547473508864641e-13,2769.3562239129574,0.0,6422.482411038006,0.0,0.0,660.9237629525047,23.92485100919539,0.0,0.0,0.0,-3.410605131648481e-13,0.0
2025-11-28 12:00:00+00:00,8,46.0,3228.0821821670875,548.4090230775942,1192.9497806294683,1486.7233784600273,548.4090230775942,499.8821609278651,48.5268621497291,3086.402748436782,524.3168453417389,24.092177735855216,0.0,1192.9497806294683,1486.723378460027,2.2737367544323206e-13,762.6426841334385,238.3258387916995,1486.723378460027,1982.2978379467027,495.57445948667566,24.092177735855444,8.030725911951814,1225.0726842772756,18.37609026415913,38.726229397189634,23.858995612589364,158.92109685927187,981.813436323537,7514.514433253147,9.094947017729282e-13,0.0,9.094947017729282e-13,2744.94052208014,0.0,9017.330942192064,3304.6188147625235,0.0,3795.960438941195,23.92684017148609,0.0,0.0,0.0,0.0,0.0
2025-11-28 13:00:00+00:00,8,46.0,3215.14147905836,546.8085221429856,1187.7276052356517,1480.605351679726,546.8085221429856,498.28497283052036,48.52354931246519,3086.402748436782,522.3028998000663,24.50562234291931,0.0,1187.7276052356517,1480.605351679726,0.0,759.7133088000963,237.41040900003009,1480.605351679726,1974.1404689063013,493.5351172265753,24.50562234291931,8.168540780973103,1220.4017683595441,18.30602652539316,38.5606056215103,23.754552104713035,158.40891915828422,978.1441704174792,6462.065369804321,0.0,0.0,0.0,2733.8537777063975,0.0,11596.457369128759,2268.779720328483,0.0,5948.313866572543,23.925444025585687,0.0,0.0,0.0,-1.3642420526593924e-12,0.0
2025-11-28 14:00:00+00:00,8,46.0,3309.96081970632,560.5220676693708,1217.3374591438874,1532.1012928930613,560.5220676693708,511.044467413656,49.477600255714805,3086.402748436782,535.3526234127606,25.169444256610177,0.0,1217.3374591438874,1532.1012928930613,0.0,778.6947249640154,243.3421015512548,1532.1012928930613,2042.801723857415,510.70043096435376,25.169444256610177,8.389814752203392,1250.896718152701,18.763450772290515,39.66776211180836,24.346749182877748,162.76146950150607,1007.9717788362947,4317.932598542615,2278.6298333639697,2278.62983336397,0.0,542.8666154574607,0.0,12088.987739075088,0.0,0.0,5948.313866572543,23.923400153303852,0.0,0.0,0.0,3.410605131648481e-13,0.0
2025-11-28 15:00:00+00:00,8,46.0,3399.0756266603876,583.3918059421836,1264.7575359167583,1550.9262848014457,583.3918059421836,531.6565727830191,51.73523315916455,3086.402748436782,556.5705797943149,26.821226147868742,0.0,1264.7575359167583,1550.9262848014457,0.0,809.5572069735489,252.986627179234,1550.9262848014457,2067.9017130685943,516.9754282671486,26.821226147868742,8.940408715956247,1300.5191707805834,19.50778756170875,40.80441356634962,25.29515071833517,168.24790280360745,1032.7577188123398,4431.833345472726,2180.74284742367,2180.74284742367,0.0,696.7160726184734,0.0,12726.690032584487,0.0,0.0,5948.313866572543,23.918277855635118,0.0,0.0,0.0,-1.1368683772161603e-12,0.0
2025-11-28 16:00:00+00:00,8,46.0,3407.1959698933106,595.8662833683603,1290.3618771787685,1520.9678093461828,595.8662833683602,542.2546444864718,53.61163888188849,3086.402748436782,568.0714935696321,27.794789798728175,0.0,1290.3618771787685,1520.9678093461825,2.2737367544323206e-13,826.2858088285559,258.2143152589237,1520.9678093461825,2027.9570791282433,506.98926978206083,27.794789798728402,9.264929932909467,1327.4215969104064,19.911323953656094,41.0169156370372,25.807237543575372,170.1762007053126,1031.3801928134753,1133.9573479442627,3030.3205297877,3030.3205297877,0.0,0.0,176.07764183090057,12515.891766381528,0.0,3304.6188147625235,2464.939782140664,23.91539350037032,0.0,0.0,0.0,0.0,0.0
2025-11-28 17:00:00+00:00,8,46.0,3384.7131239363234,592.7864191739901,1285.0049983866559,1506.9217063756778,592.7864191739901,539.1159933949738,53.67042577901637,3086.402748436782,565.5002602611877,27.28615891280242,6.80183182504896e-13,1285.0049983866552,1506.9217063756778,0.0,822.5458331071821,257.0455728459944,1506.9217063756785,2009.228941834238,502.3072354585595,27.28615891280242,9.095386304267473,1321.3865436037252,19.820798154055876,40.769317031489905,25.700099967733106,169.13272450961557,1023.8711342717158,4408.584258208039,4253.615772276671,4253.61577227667,9.094947017729282e-13,0.0,1421.840997335251,10994.18524881166,0.0,0.0,2464.939782140664,23.91676383541277,0.0,0.0,0.0,-6.821210263296962e-13,0.0
2025-11-28 18:00:00+00:00,8,46.0,3331.901453149512,583.2691672595065,1263.199502181949,1485.4327837080566,583.2691672595065,530.2207657065666,53.04840155293994,3086.402748436782,556.0946873969284,27.174479862578096,0.0,1263.199502181949,1485.4327837080566,0.0,808.8649998500777,252.77031245314924,1485.4327837080566,1980.5770449440754,495.14426123601885,27.174479862578096,9.058159954192698,1299.4321419987198,19.491482129980795,40.118317880719545,25.26399004363898,166.4871925618259,1008.333716259526,2628.7953025896545,3896.0040344680397,3896.00403446804,0.0,0.0,1106.5619896738867,9807.394783920472,0.0,1711.4398668193821,660.9237629525047,23.917023530319156,0.0,0.0,0.0,-1.1368683772161603e-12,0.0
2025-11-28 19:00:00+00:00,8,46.0,3233.2060234436854,564.7730787680727,1223.009543273697,1445.4234014019155,564.7730787680727,513.557432362371,51.21564640570173,3086.402748436782,538.4235787241034,26.349500043969215,0.0,1223.009543273697,1445.4234014019157,-2.2737367544323206e-13,783.1615690532414,244.73799032913792,1445.4234014019157,1927.231201869221,481.80780046730524,26.349500043968987,8.783166681322996,1258.142209998989,18.872133149984837,38.9144248794931,24.460190865473944,161.3958597975058,978.9715661702239,4212.17758961391,3475.14967492605,3475.14967492605,0.0,0.0,764.7569040035878,8982.772726980435,0.0,0.0,660.9237629525047,23.919584124693696,0.0,0.0,0.0,4.547473508864641e-13,0.0
2025-11-28 20:00:00+00:00,8,46.0,3257.3803638142945,569.0183227030384,1232.2600327532537,1456.1020083580022,569.0183227030383,517.5603216021896,51.45800110084875,3086.402748436782,542.4868273301294,26.531495372909035,0.0,1232.2600327532537,1456.1020083580024,-2.2737367544323206e-13,789.0717488438246,246.58492151369518,1456.1020083580024,1941.4693444773366,485.36733611933414,26.531495372908807,8.843831790969602,1267.635359917132,19.014530398756982,39.2062207386451,24.645200655065075,162.60451398943343,986.2665552058995,4243.6469190201915,5812.04950907955,5812.04950907955,0.0,0.0,3081.5084157583888,5721.1141123071175,0.0,0.0,660.9237629525047,23.918953192018023,0.0,0.0,0.0,-2.5011104298755527e-12,0.0
2025-11-28 21:00:00+00:00,8,46.0,3294.174237860473,576.9671372889957,1245.8719226316668,1471.3351779398106,576.9671372889957,524.4349215549715,52.53221573402408,3086.402748436782,549.0638925692309,27.903244719764757,0.0,1245.8719226316668,1471.3351779398106,0.0,798.6383891916087,249.5744966223777,1471.3351779398106,1961.7802372530807,490.4450593132702,27.903244719764757,9.301081573254919,1283.0762489246865,19.246143733870298,39.630790232031444,24.917438452633338,164.73790088318674,997.8529108106245,4292.027148671097,5630.003399668871,5630.00339966887,9.094947017729282e-13,0.0,2869.584773224181,2689.0563333202076,0.0,0.0,660.9237629525047,23.914658744056904,0.0,0.0,0.0,-4.547473508864641e-13,0.0
2025-11-28 22:00:00+00:00,8,46.0,3371.3306467142584,590.835968843338,1277.6307667234485,1502.8639111474733,590.835968843338,537.0149869059788,53.820981937359164,3086.402748436782,562.7655556405432,28.07041320279484,0.0,1277.6307667234485,1502.8639111474736,-2.2737367544323206e-13,818.5680809316992,255.802525291156,1502.8639111474736,2003.8185481966314,500.95463704915784,28.07041320279461,9.356804400931537,1315.0579843271746,19.725869764907618,40.581254445943706,25.55261533446897,168.59677755295314,1020.5704838395188,4391.901130553777,4787.20798837594,4787.20798837594,0.0,0.0,1964.8213592476095,615.4452109192416,0.0,0.0,660.9237629525047,23.91416038379876,0.0,0.0,0.0,-2.2737367544323206e-13,0.0
2025-11-28 23:00:00+00:00,8,46.0,3337.2492740096263,583.5638498562931,1265.2137814626803,1488.4716426906532,583.5638498562931,530.743309760577,52.820540095716176,3086.402748436782,556.7586181015132,26.805231754779925,0.0,1265.2137814626803,1488.4716426906534,-2.2737367544323206e-13,809.8307172385647,253.07209913705145,1488.4716426906534,1984.6288569208712,496.1572142302178,26.805231754779697,8.935077251593233,1300.9540904690532,19.514311357035798,40.18899205616014,25.304275629253606,166.63303688335952,1009.8050065446716,4347.0542805542955,2579.6142788363395,2579.61427883634,0.0,214.84529532309602,0.0,818.3173510543444,0.0,0.0,660.9237629525047,23.918265332503726,0.0,0.0,0.0,-2.5011104298755527e-12,2.2737367544323206e-13
