timestamp_hour_utc,representative_day_id,day_weight,it_load_kw,q_air_kw,q_cp_kw,q_rdhx_kw,s_air_kw,s_air_old_kw,s_air_new_kw,old_ac_capacity_eff_kw,q_air_to_ashp_kw,q_air_to_reject_kw,q_cp_to_wshp_kw,q_cp_to_free_kw,q_rdhx_to_wshp_kw,q_rdhx_to_chiller_kw,q_ashp_out_kw,p_ashp_kw,q_wshp_in_kw,q_wshp_out_kw,p_wshp_kw,q_chiller_evap_kw,p_chiller_kw,q_tower_kw,p_tower_kw,p_pump_kw,p_cdu_free_kw,p_terminal_kw,p_cooling_kw,p_grid_kw,q_heat_kw,q_tes_ch_kw,q_tes_dis_kw,e_tes_kwh,p_bess_ch_kw,p_bess_dis_kw,e_bess_kwh,max_theta_c,hotspot_slack_c,hotspot_penalty_yuan,bess_degradation_cost_yuan,power_balance_residual_kw,heat_balance_residual_kw
2025-01-15 00:00:00+00:00,0,71.0,561.7189692350827,13.601647600701973,31.73717773497126,516.3801438994094,13.601647600701973,10.115423079893231,3.486224520808742,44.01050440842749,13.601647600701973,0.0,31.73717773497126,0.0,516.3801438994094,0.0,19.784214691930142,6.18256709122817,548.1173216343807,730.8230955125075,182.70577387812688,0.0,0.0,0.0,0.0,6.115916771043232,0.0,17.277453819711095,212.2817115601094,774.000680795192,750.6073102044377,0.0,0.0,0.0,0.0,0.0,182.87148708619108,23.81131847466736,0.0,0.0,0.0,-5.684341886080802e-14,0.0
2025-01-15 01:00:00+00:00,0,71.0,570.1233267800533,13.813283255910802,32.23099426379186,524.0790492603506,13.813283255910802,10.270623133314722,3.5426601225960805,44.01050440842749,13.813283255910802,0.0,32.23099426379186,0.0,524.0790492603506,0.0,20.092048372233894,6.2787651163230915,556.3100435241425,741.7467246988567,185.43668117471418,0.0,0.0,0.0,0.0,6.207720320517263,0.0,17.537237450883136,215.46040406243768,785.5837308424909,761.8387730710906,0.0,0.0,0.0,0.0,0.0,182.87148708619108,23.80840639041506,0.0,0.0,0.0,-2.842170943040401e-14,0.0
2025-01-15 02:00:00+00:00,0,71.0,575.7849346703858,13.762691087003285,32.11294586967432,529.909297713708,13.762691087003285,10.190665080562109,3.5720260064411757,44.01050440842749,13.762691087003285,0.0,32.11294586967432,0.0,529.909297713708,0.0,20.018459762913867,6.255768675910583,562.0222435833824,749.3629914445098,187.34074786112745,0.0,0.0,0.0,0.0,6.262481353227311,0.0,17.675499358783252,217.5344972490486,1008.1296038183548,769.3814512074237,0.0,0.0,0.0,214.81017189892037,0.0,386.65830941805666,23.81002457584347,0.0,0.0,0.0,-2.842170943040401e-14,0.0
2025-01-15 03:00:00+00:00,0,71.0,569.6548721232332,13.65737496381791,31.867208248908447,524.1302889105069,13.65737496381791,10.084927661206855,3.572447302611055,44.01050440842749,13.65737496381791,0.0,31.867208248908447,0.0,524.1302889105069,0.0,19.86527267464423,6.207897710826322,555.9974971594154,741.3299962125539,185.33249905313846,0.0,0.0,0.0,0.0,6.197319136572323,0.0,17.49267135091999,215.2303872514571,784.8852593746902,761.195268887198,0.0,0.0,0.0,0.0,0.0,386.65830941805666,23.81215235681311,0.0,0.0,0.0,-5.684341886080802e-14,0.0
2025-01-15 04:00:00+00:00,0,71.0,575.2952966193508,13.898727103970538,32.43036324259793,528.9662062727823,13.898727103970538,10.28094853067458,3.6177785732959578,44.01050440842749,13.898727103970538,0.0,32.43036324259793,0.0,528.9662062727823,0.0,20.216330333048056,6.317603229077518,561.3965695153803,748.5287593538403,187.13218983846008,0.0,0.0,0.0,0.0,6.262572960005762,0.0,17.6857074245264,217.39807345206975,792.6933700714205,768.7450896868884,0.0,0.0,0.0,0.0,0.0,386.65830941805666,23.80841177600198,0.0,0.0,0.0,0.0,0.0
2025-01-15 05:00:00+00:00,0,71.0,572.1730910897223,13.755453250041205,32.09605758342946,526.3215802562518,13.755453250041205,10.218907155587186,3.5365460944540192,44.01050440842749,13.755453250041205,0.0,32.09605758342946,0.0,526.3215802562518,0.0,20.007932000059935,6.25247875001873,558.4176378396812,744.5568504529083,186.13921261322707,0.0,0.0,0.0,0.0,6.226097530065402,0.0,17.5807953962565,216.1985842895677,788.37167537929,764.5647824529682,0.0,0.0,0.0,0.0,0.0,386.65830941805666,23.809537771703162,0.0,0.0,0.0,-5.684341886080802e-14,0.0
2025-01-15 06:00:00+00:00,0,71.0,578.290212283939,13.902623328085431,32.43945443219933,531.9481345236542,13.902623328085431,10.336236934202347,3.566386393883084,44.01050440842749,13.902623328085431,0.0,32.43945443219933,0.0,531.9481345236542,0.0,20.221997568124262,6.319374240038832,564.3875889558535,752.5167852744713,188.12919631861783,0.0,0.0,0.0,0.0,6.292664978202522,0.0,17.76931452207438,218.51055005893355,796.8007623428725,772.7387828425956,0.0,0.0,0.0,0.0,0.0,386.65830941805666,23.807380801145253,0.0,0.0,0.0,-2.842170943040401e-14,0.0
2025-01-15 07:00:00+00:00,0,71.0,598.2662238148496,13.971852212304459,32.60098849537707,551.6933831071681,13.971852212304459,10.380804829548659,3.5910473827558,44.01050440842749,13.971852212304459,0.0,32.60098849537707,0.0,551.6933831071681,0.0,20.322694126988303,6.350841914683844,584.2943716025451,779.0591621367267,194.76479053418169,0.0,0.0,0.0,0.0,6.494963485932993,0.0,18.310383412444384,225.92097934724293,824.1872031620925,799.381856263715,0.0,0.0,0.0,0.0,0.0,386.65830941805666,23.80663404953361,0.0,0.0,0.0,-2.842170943040401e-14,0.0
2025-01-15 08:00:00+00:00,0,71.0,589.0316527066586,13.639643366412303,31.8258345216287,543.5661748186175,13.639643366412303,10.137777193173635,3.5018661732386676,44.01050440842749,13.639643366412303,0.0,31.8258345216287,0.0,543.5661748186175,0.0,19.839481260236077,6.199837893823775,575.3920093402462,767.1893457869949,191.79733644674872,0.0,0.0,0.0,0.0,6.390436783835036,0.0,18.007520892724795,222.3951320171323,811.4267847237909,787.028827047231,0.0,0.0,0.0,0.0,0.0,386.65830941805666,23.81106342515497,0.0,0.0,0.0,-5.684341886080802e-14,0.0
2025-01-15 09:00:00+00:00,0,71.0,571.3004435469362,13.525153540337183,31.55869159412009,526.216598412479,13.525153540337183,10.080748206984588,3.444405333352595,44.01050440842749,13.525153540337183,0.0,31.55869159412009,0.0,526.216598412479,0.0,19.67295060412681,6.147797063789628,557.7752900065991,743.7003866754654,185.92509666886636,0.0,0.0,0.0,0.0,6.2089267319483925,0.0,17.51941910301182,215.8012395676162,787.1016831145524,763.3733372795923,0.0,0.0,0.0,0.0,0.0,386.65830941805666,23.812039968802758,0.0,0.0,0.0,2.842170943040401e-14,0.0
2025-01-15 10:00:00+00:00,0,71.0,584.1475947406028,13.752772373936363,32.08980220585151,538.3050201608148,13.752772373936363,10.272934334217776,3.4798380397185866,44.01050440842749,13.752772373936363,0.0,32.08980220585151,0.0,538.3050201608148,0.0,20.00403254390744,6.251260169971075,570.3948223666664,760.5264298222219,190.13160745555547,0.0,0.0,0.0,0.0,6.345744267783695,0.0,17.901451405263007,220.63006329857322,693.5289142071115,780.5304623661293,0.0,0.0,0.0,0.0,111.24874383206453,269.3918369707458,23.80843262854664,0.0,0.0,0.0,-2.842170943040401e-14,0.0
2025-01-15 11:00:00+00:00,0,71.0,576.9078541419158,13.530894444625245,31.5720870374589,531.8048726598316,13.530894444625245,10.070318591471597,3.4605758531536477,44.01050440842749,13.530894444625245,0.0,31.5720870374589,0.0,531.8048726598316,0.0,19.681301010363992,6.150406565738748,563.3769596972905,751.1692795963874,187.79231989909684,0.0,0.0,0.0,0.0,6.265211337722084,0.0,17.668027164249267,217.87596496680692,579.9736472098023,770.8505806067514,0.0,0.0,0.0,0.0,214.81017189892037,42.96203437978408,23.81229332331729,0.0,0.0,0.0,-1.1368683772161603e-13,0.0
2025-01-15 12:00:00+00:00,0,71.0,570.7164437128187,13.326588870828129,31.095374031932298,526.2944808100581,13.326588870828129,9.942672902033882,3.3839159687942475,44.01050440842749,13.326588870828129,0.0,31.095374031932298,0.0,526.2944808100581,0.0,19.384129266659098,6.057540395830968,557.3898548419903,743.1864731226538,185.79661828066344,0.0,0.0,0.0,0.0,6.195806029058549,0.0,17.469676168587306,215.51964087414026,786.2360845869589,762.5706023893129,0.0,0.0,0.0,0.0,0.0,42.96203437978408,23.81461495192526,0.0,0.0,0.0,-2.842170943040401e-14,0.0
2025-01-15 13:00:00+00:00,0,71.0,591.9930276628162,13.846597830021057,32.30872827004913,545.837701562746,13.846597830021057,10.214489218495727,3.6321086115253305,44.01050440842749,13.846597830021057,0.0,32.30872827004913,0.0,545.837701562746,0.0,20.140505934576083,6.293908104555026,578.1464298327951,770.8619064437268,192.7154766109317,0.0,0.0,0.0,0.0,6.427638863728934,0.0,18.117150286169576,223.55417386538522,815.5472015282014,791.0024123783028,0.0,0.0,0.0,0.0,0.0,42.96203437978408,23.809704095621132,0.0,0.0,0.0,0.0,0.0
2025-01-15 14:00:00+00:00,0,71.0,537.795671397821,13.103521423307605,30.574883321051068,494.1172666534624,13.103521423307605,9.854654923470342,3.2488664998372636,44.01050440842749,13.103521423307605,0.0,30.574883321051068,0.0,494.1172666534624,0.0,19.05966752481106,5.956146101503457,524.6921499745135,699.5895332993514,174.89738332483785,0.0,0.0,0.0,0.0,5.858419166166157,0.0,16.56333518435757,203.27528377686502,888.5484674213044,718.6492008241624,0.0,0.0,0.0,147.47751224661843,0.0,182.87148708619108,23.816388281229692,0.0,0.0,0.0,-8.526512829121202e-14,0.0
2025-01-15 15:00:00+00:00,0,71.0,580.8729642486238,13.577062700619077,31.67981296811117,535.6160885798936,13.577062700619077,10.020258137622964,3.5568045629961134,44.01050440842749,13.577062700619077,0.0,31.67981296811117,0.0,535.6160885798936,0.0,19.748454837264113,6.171392136645036,567.2959015480047,756.3945353973396,189.0986338493349,0.0,0.0,0.0,0.0,6.30655527484227,0.0,17.775492077580687,219.3520733384029,1015.035209485947,776.1429902346038,0.0,0.0,0.0,214.81017189892037,0.0,386.65830941805666,23.813359968721585,0.0,0.0,0.0,-8.526512829121202e-14,0.0
2025-01-15 16:00:00+00:00,0,71.0,580.0261924750794,13.558009232296408,31.635354875358278,534.8328283674246,13.558009232296408,9.936801393343373,3.621207838953035,44.01050440842749,13.558009232296408,0.0,31.635354875358278,0.0,534.8328283674246,0.0,19.720740701522047,6.16273146922564,566.4681832427827,755.2909109903769,188.82272774759423,0.0,0.0,0.0,0.0,6.297388929934994,0.0,17.744998309723094,219.02784645647793,799.0540389315573,775.0116516918989,0.0,0.0,0.0,0.0,0.0,386.65830941805666,23.815026250349863,0.0,0.0,0.0,2.842170943040401e-14,0.0
2025-01-15 17:00:00+00:00,0,71.0,578.4490062309502,13.573724248941776,31.672023247530802,533.2032587344777,13.573724248941776,9.929835914196193,3.643888334745583,44.01050440842749,13.573724248941776,0.0,31.672023247530802,0.0,533.2032587344777,0.0,19.743598907551675,6.169874658609898,564.8752819820085,753.1670426426779,188.29176066066947,0.0,0.0,0.0,0.0,6.282193284770701,0.0,17.70470014651795,218.44852875056802,796.8975349815182,772.9106415502296,0.0,0.0,0.0,0.0,0.0,386.65830941805666,23.81523853468687,0.0,0.0,0.0,0.0,0.0
2025-01-15 18:00:00+00:00,0,71.0,568.8681298148831,13.263346527335154,30.947808563782015,524.656974723766,13.263346527335154,9.700924978021478,3.562421549313676,44.01050440842749,13.263346527335154,0.0,0.0,30.947808563782132,524.656974723766,0.0,19.292140403396587,6.0287938760614335,524.6569747237659,699.5426329650211,174.88565824125527,0.0,0.0,30.947808563782104,0.4642171284567315,5.865525918513299,0.6189561712756426,17.39635577490018,205.25950711046255,774.1276369253455,718.8347733684177,0.0,0.0,0.0,0.0,0.0,386.65830941805666,23.819469912298334,0.0,0.0,0.0,-1.1368683772161603e-13,0.0
2025-01-15 19:00:00+00:00,0,71.0,570.5955243584899,13.251268057637901,30.91962546782176,526.4246308330304,13.251268057637901,9.48670151484815,3.7645665427897512,44.01050440842749,13.251268057637901,0.0,0.0,30.919625467822016,526.4246308330304,0.0,19.274571720200584,6.023303662562682,526.4246308330302,701.8995077773735,175.47487694434338,0.0,0.0,30.91962546782205,0.46379438201733075,5.882638817686737,0.6183925093564404,17.42607445825065,205.88908077421723,665.2358613006426,721.1740794975741,0.0,0.0,0.0,0.0,111.24874383206453,269.3918369707458,23.823419283813756,0.0,0.0,0.0,-5.684341886080802e-14,0.0
2025-01-15 20:00:00+00:00,0,71.0,582.1997269116034,13.735951121383097,32.05055261656056,536.4132231736596,13.735951121383097,9.797093678324085,3.938857443059012,44.01050440842749,13.735951121383097,0.0,0.0,32.050552616560594,536.4132231736596,0.0,19.979565267466324,6.243614146083226,536.4132231736596,715.2176308982127,178.8044077245532,0.0,0.0,32.05055261656063,0.4807582892484094,6.005143284067808,0.6410110523312119,17.81542058592454,209.99035508220837,577.3799100948913,735.1971961656791,0.0,0.0,0.0,0.0,214.81017189892037,42.96203437978408,23.81764135154633,0.0,0.0,0.0,-1.4210854715202004e-13,0.0
2025-01-15 21:00:00+00:00,0,71.0,571.6521662766245,13.790464127019419,32.177749629711975,525.6839525198932,13.790464127019419,9.899464800194918,3.8909993268245007,44.01050440842749,13.790464127019419,0.0,32.177749629711975,0.0,525.6839525198932,0.0,20.058856912028247,6.268392785008827,557.8617021496052,743.8156028661402,185.95390071653506,0.0,0.0,0.0,0.0,6.222172014090292,0.0,17.549694033392633,215.9941595490268,787.6463258256513,763.8744597781684,0.0,0.0,0.0,0.0,0.0,42.96203437978408,23.81551626339304,0.0,0.0,0.0,0.0,0.0
2025-01-15 22:00:00+00:00,0,71.0,581.7263103634607,13.996094864085387,32.65755468286589,535.0726608165096,13.996094864085387,10.086953164629527,3.9091416994558603,44.01050440842749,13.996094864085387,0.0,32.65755468286589,0.0,535.0726608165096,0.0,20.357956165942383,6.361861301856995,567.7302154993755,756.973620665834,189.2434051664585,0.0,0.0,0.0,0.0,6.3304532486510725,0.0,17.8551661549051,219.7908858718717,801.5171962353323,777.3315768317764,0.0,0.0,0.0,0.0,0.0,42.96203437978408,23.812024320325445,0.0,0.0,0.0,-5.684341886080802e-14,0.0
2025-01-15 23:00:00+00:00,0,71.0,579.1522581805158,13.882129788179752,32.39163617241941,532.8784922199167,13.882129788179752,10.01764037302306,3.864489415156692,44.01050440842749,13.882129788179752,0.0,32.39163617241941,0.0,532.8784922199167,0.0,20.192188782806912,6.31005899462716,565.270128392336,753.6935045231146,188.42337613077865,0.0,0.0,0.0,0.0,6.300534007371748,0.0,17.767960897901524,218.80193003067907,945.4317004578132,773.8856933059216,0.0,0.0,0.0,147.47751224661843,0.0,182.87148708619108,23.813450659060813,0.0,0.0,0.0,-5.684341886080802e-14,0.0
2025-03-21 00:00:00+00:00,1,14.0,915.5029635735168,21.99327162585708,51.3176337936665,842.1920581539932,21.99327162585708,16.58156068923497,5.411710936622111,44.01050440842749,21.99327162585708,0.0,0.0,51.3176337936668,614.2044042857967,227.98765386819647,31.990213273973936,9.996941648116856,614.2044042857964,818.9392057143951,204.7348014285988,227.98765386819642,75.99588462273213,355.30117228459534,5.32951758426893,7.168396718731294,1.0263526758733361,28.143727683834776,332.3956223621561,1247.898585935673,850.9294189883691,0.0,0.0,0.0,0.0,0.0,42.96203437978408,23.69097916711879,0.0,0.0,0.0,1.7053025658242404e-13,0.0
2025-03-21 01:00:00+00:00,1,14.0,750.6454953112176,18.046907451908098,42.10945072111888,690.4891371381906,18.046907451908098,13.580081287635728,4.4668261642723674,44.01050440842749,18.046907451908098,0.0,0.0,42.10945072111906,614.2044042857966,76.284732852394,26.250047202775416,8.203139750867317,614.2044042857964,818.9392057143951,204.7348014285988,76.28473285239406,25.428244284131353,143.82242785764447,2.157336417864667,6.984233057280341,0.8421890144223811,23.076500171730363,271.4264441248952,1236.8821113350332,845.1892529171705,0.0,0.0,0.0,214.81017189892037,0.0,246.74885671164967,23.746930788258815,0.0,0.0,0.0,0.0,0.0
2025-03-21 02:00:00+00:00,1,14.0,898.4313048391631,21.451586269900222,50.05370129643384,826.926017272829,21.451586269900222,16.191611635149904,5.259974634750318,44.01050440842749,21.451586269900222,0.0,0.0,50.053701296434156,614.2044042857967,212.7216129870322,31.20230730167305,9.750721031772828,614.2044042857964,818.9392057143951,204.7348014285988,212.72161298703207,70.90720432901068,333.6825186124769,5.005237779187153,7.143118068786641,1.0010740259286832,27.596946884153947,326.13910354743876,1224.5704083866017,850.1415130160682,0.0,0.0,0.0,0.0,0.0,246.74885671164967,23.698169245371943,0.0,0.0,0.0,-1.7053025658242404e-13,0.0
2025-03-21 03:00:00+00:00,1,14.0,703.4755760150506,16.764564733187356,39.117317710770486,647.5936935710929,16.764564733187356,12.623844490083085,4.140720243104271,44.01050440842749,16.764564733187356,0.0,0.0,39.117317710770976,614.2044042857968,33.38928928529606,24.3848214300907,7.620256696903343,614.2044042857964,818.9392057143951,204.7348014285988,33.38928928529596,11.129763095098653,83.63637009116559,1.2545455513674837,6.924390397073373,0.7823463542154194,21.600818023947923,254.046921547205,1105.000009808874,843.3240271444859,0.0,0.0,0.0,147.47751224661843,0.0,386.65830941805666,23.76472762518631,0.0,0.0,0.0,-2.842170943040401e-14,0.0
2025-03-21 04:00:00+00:00,1,14.0,605.9455296315302,14.382387014971888,33.5589030349344,558.0042395816241,14.382387014971888,10.813157904129335,3.569229110842553,44.01050440842749,14.382387014971888,0.0,33.5589030349344,0.0,558.0042395816241,0.0,20.91983565814093,6.53744864316904,591.5631426165586,788.750856822078,197.1877142055195,0.0,0.0,0.0,0.0,6.586809486864274,0.0,18.594703643018843,228.90667597857166,834.8522056101019,809.670692480219,0.0,0.0,0.0,0.0,0.0,386.65830941805666,23.79850916293319,0.0,0.0,0.0,2.842170943040401e-14,0.0
2025-03-21 05:00:00+00:00,1,14.0,927.4105419630434,21.901791808072723,51.104180885503006,854.404569269468,21.901791808072723,16.501349784842738,5.400442023229983,44.01050440842749,21.901791808072723,0.0,0.0,51.10418088550307,614.2044042857965,240.2001649836714,31.857151720833052,9.95535991276033,614.2044042857964,818.9392057143951,204.7348014285988,240.20016498367139,80.0667216612238,371.37106753039825,5.5705660129559735,7.164127660568024,1.0220836177100614,28.44236469632208,336.95602499013904,1264.3665669531824,850.7963574352282,0.0,0.0,0.0,0.0,0.0,386.65830941805666,23.69246096245961,0.0,0.0,0.0,-5.684341886080802e-14,0.0
2025-03-21 06:00:00+00:00,1,14.0,727.1901936987774,17.226547841671348,40.19527829723314,669.7683675598728,17.226547841671348,12.96577659505911,4.2607712466122365,44.01050440842749,17.226547841671348,0.0,0.0,40.19527829723336,614.2044042857966,55.563963274076144,25.05679686061287,7.830249018941522,614.2044042857964,818.9392057143951,204.7348014285988,55.5639632740761,18.5213210913587,114.28056266266816,1.7142084399400224,6.945949608802627,0.8039055659446672,22.310385493687683,262.860820647274,990.0510143460514,843.996002575008,0.0,0.0,0.0,0.0,0.0,386.65830941805666,23.758370597699148,0.0,0.0,0.0,-5.684341886080802e-14,0.0
2025-03-21 07:00:00+00:00,1,14.0,494.2295988294245,11.771977322581918,27.46794708602447,454.98967442081806,11.771977322581918,8.803797151322449,2.968180171259469,44.01050440842749,11.771977322581918,0.0,27.46794708602447,0.0,454.98967442081806,0.0,17.1228761055737,5.350898782991781,482.45762150684254,643.2768286757901,160.81920716894751,0.0,0.0,0.0,0.0,5.3739351567889155,0.0,15.17056320703935,186.71460431576756,680.9442031451921,660.3997047813638,0.0,0.0,0.0,0.0,0.0,386.65830941805666,23.83602641728112,0.0,0.0,0.0,2.842170943040401e-14,0.0
2025-03-21 08:00:00+00:00,1,14.0,489.36310959087996,11.734869464759484,27.381362084438784,450.2468780416816,11.734869464759484,8.82402397864205,2.9108454861174344,44.01050440842749,11.734869464759484,0.0,27.381362084438784,0.0,450.2468780416816,0.0,17.068901039650157,5.334031574890674,477.62824012612043,636.8376535014938,159.20941337537346,0.0,0.0,0.0,0.0,5.323909642949981,0.0,15.038322296775924,184.90567688999005,674.26878648087,653.906554541144,0.0,0.0,0.0,0.0,0.0,386.65830941805666,23.835641210260945,0.0,0.0,0.0,-5.684341886080802e-14,0.0
2025-03-21 09:00:00+00:00,1,14.0,491.26853700570535,11.862582162885623,27.679358380066446,451.72659646275326,11.862582162885623,8.928486181654145,2.9340959812314775,44.01050440842749,11.862582162885623,0.0,27.679358380066446,0.0,451.72659646275326,0.0,17.25466496419727,5.3920828013116475,479.4059548428197,639.2079397904263,159.80198494760657,0.0,0.0,0.0,0.0,5.347646716029526,0.0,15.111918686689936,185.65363315163768,676.922170157343,656.4626047546235,0.0,0.0,0.0,0.0,0.0,386.65830941805666,23.83361594475941,0.0,0.0,0.0,-5.684341886080802e-14,0.0
2025-03-21 10:00:00+00:00,1,14.0,512.5074368524768,12.069642197884392,28.16249846173024,472.27529619286196,12.069642197884392,9.005071714235934,3.064570483648459,44.01050440842749,12.069642197884392,0.0,28.16249846173024,0.0,472.27529619286196,0.0,17.55584319692275,5.48620099903836,500.4377946545922,667.2503928727896,166.8125982181974,0.0,0.0,0.0,0.0,5.567627915780527,0.0,15.705907137629222,193.57233427064548,594.8310272910577,684.8062360697123,0.0,0.0,0.0,0.0,111.24874383206453,269.3918369707458,23.832206327688933,0.0,0.0,0.0,-2.842170943040401e-14,0.0
2025-03-21 11:00:00+00:00,1,14.0,497.74354240921554,11.772880784257378,27.470055163267208,458.5006064616909,11.772880784257378,8.778096515928436,2.994784268328943,44.01050440842749,11.772880784257378,0.0,27.470055163267208,0.0,458.5006064616909,0.0,17.1241902316471,5.351309447389719,485.9706616249581,647.9608821666108,161.9902205416527,0.0,0.0,0.0,0.0,5.4091077195149255,0.0,15.26205123128972,188.01268893984707,470.94605945014223,665.0850723982578,0.0,0.0,0.0,0.0,214.81017189892037,42.96203437978408,23.836476581347377,0.0,0.0,0.0,-5.684341886080802e-14,0.0
2025-03-21 12:00:00+00:00,1,14.0,527.8558874000137,12.912150473160114,30.12835110404026,484.81538582281325,12.912150473160114,9.69604181969169,3.2161086534684244,44.01050440842749,12.912150473160114,0.0,30.12835110404026,0.0,484.81538582281325,0.0,18.781309779141985,5.869159305981871,514.9437369268536,686.5916492358048,171.6479123089512,0.0,0.0,0.0,0.0,5.752004391349342,0.0,16.2651715682222,199.5342475745046,727.3901349745182,705.3729590149468,0.0,0.0,0.0,0.0,0.0,42.96203437978408,23.8193522503581,0.0,0.0,0.0,-5.684341886080802e-14,0.0
2025-03-21 13:00:00+00:00,1,14.0,513.6330421951938,12.398506051633,28.929847453810318,472.30468868975044,12.398506051633,9.225781522602084,3.1727245290309147,44.01050440842749,12.398506051633,0.0,28.929847453810318,0.0,472.30468868975044,0.0,18.03419062055709,5.635684568924091,501.2345361435608,668.312714858081,167.07817871452025,0.0,0.0,0.0,0.0,5.590942310511814,0.0,15.791947618832367,194.09675321278854,855.2073076546008,686.3469054786381,0.0,0.0,0.0,147.47751224661843,0.0,182.87148708619108,23.828193766811264,0.0,0.0,0.0,2.842170943040401e-14,0.0
2025-03-21 14:00:00+00:00,1,14.0,503.01634301873224,12.144260690957365,28.336608278900513,462.53547404887433,12.144260690957365,9.047590731866865,3.0966699590905,44.01050440842749,12.144260690957365,0.0,28.336608278900513,0.0,462.53547404887433,0.0,17.664379186847075,5.520118495889711,490.8720823277749,654.4961097703665,163.62402744259163,0.0,0.0,0.0,0.0,5.475452988855759,0.0,15.466634320527984,190.08623324786507,693.1025762665972,672.1604889572136,0.0,0.0,0.0,0.0,0.0,182.87148708619108,23.83143331574826,0.0,0.0,0.0,-8.526512829121202e-14,0.0
2025-03-21 15:00:00+00:00,1,14.0,495.4748282676501,11.888512748522118,27.739863079884934,455.846452439243,11.888512748522118,8.863247911826427,3.0252648366956914,44.01050440842749,11.888512748522118,0.0,27.739863079884934,0.0,455.846452439243,0.0,17.292382179668536,5.4038694311464175,483.586315519128,644.7817540255039,161.19543850637598,0.0,0.0,0.0,0.0,5.390660416788979,0.0,15.222207391685725,187.2121757459971,897.4971759125674,662.0741362051724,0.0,0.0,0.0,214.81017189892037,0.0,386.65830941805666,23.834911923045222,0.0,0.0,0.0,-1.4210854715202004e-13,0.0
2025-03-21 16:00:00+00:00,1,14.0,485.6467203805004,11.514031757630354,26.86607410113749,447.2666145217326,11.514031757630354,8.569188093516521,2.944843664113833,44.01050440842749,11.514031757630354,0.0,26.86607410113749,0.0,447.2666145217326,0.0,16.747682556553244,5.233650798922889,474.1326886228701,632.1769181638267,158.04422954095668,0.0,0.0,0.0,0.0,5.278648368251451,0.0,14.894852196641454,183.4513809047725,669.0981012852728,648.92460072038,0.0,0.0,0.0,0.0,0.0,386.65830941805666,23.840414062775523,0.0,0.0,0.0,-8.526512829121202e-14,0.0
2025-03-21 17:00:00+00:00,1,14.0,521.6046199380976,12.193788471878575,28.45217310105,480.95865836516924,12.193788471878575,8.99688315223221,3.1969053196463655,44.01050440842749,12.193788471878575,0.0,28.45217310105,0.0,480.95865836516924,0.0,17.736419595459747,5.542631123581171,509.4108314662192,679.2144419549588,169.8036104887397,0.0,0.0,0.0,0.0,5.663151776683192,0.0,15.961990395268378,196.97138378427243,718.57600372237,696.9508615504186,0.0,0.0,0.0,0.0,0.0,386.65830941805666,23.83249066080853,0.0,0.0,0.0,2.842170943040401e-14,0.0
2025-03-21 18:00:00+00:00,1,14.0,681.1278341518237,15.995358312435513,37.322502729016186,627.8099731103721,15.995358312435513,11.731790443310636,4.263567869124877,44.01050440842749,15.995358312435513,0.0,0.0,37.32250272901649,614.2044042857967,13.6055688245753,23.26597572717893,7.270617414743415,614.2044042857964,818.9392057143951,204.7348014285988,13.6055688245753,4.535189608191766,55.46326116178356,0.8319489174267534,6.888494097438287,0.7464500545803299,20.851610953642304,245.85911247462164,712.1767747275248,842.205181441574,0.0,0.0,0.0,0.0,214.81017189892037,160.2285068270949,23.781729213940736,0.0,0.0,0.0,-1.4210854715202004e-13,0.0
2025-03-21 19:00:00+00:00,1,14.0,680.8959867396809,16.348746824897937,38.14707592476185,626.4001639900209,16.348746824897937,11.973022289644433,4.3757245352535055,44.01050440842749,16.348746824897937,0.0,0.0,38.14707592476236,614.204404285797,12.195759704224088,23.779995381669725,7.431248556771789,614.2044042857964,818.9392057143951,204.7348014285988,12.195759704224152,4.065253234741384,54.4080888637279,0.8161213329559184,6.9049855613532,0.7629415184952473,20.90614669558519,245.6214983285015,815.2687412361179,842.7192010960649,0.0,0.0,0.0,0.0,111.24874383206452,42.96203437978408,23.777241651287994,0.0,0.0,0.0,0.0,0.0
2025-03-21 20:00:00+00:00,1,14.0,593.2245998899891,14.355028584307437,33.49506669671735,545.3745046089643,14.355028584307437,10.407642494900786,3.947386089406651,44.01050440842749,14.355028584307437,0.0,33.49506669671735,0.0,545.3745046089643,0.0,20.880041577174453,6.525012992867016,578.8695713056817,771.8260950742422,192.95652376856054,0.0,0.0,0.0,0.0,6.458597046991164,0.0,18.226639857330486,224.16677366574922,817.3913735557384,792.7061366514166,0.0,0.0,0.0,0.0,0.0,42.96203437978408,23.806485282821985,0.0,0.0,0.0,2.842170943040401e-14,0.0
2025-03-21 21:00:00+00:00,1,14.0,873.6079252000941,21.43074105987361,50.005062473038414,802.172121667182,21.43074105987361,15.661038164432316,5.769702895441295,44.01050440842749,21.43074105987361,0.0,0.0,50.005062473038606,614.2044042857966,187.96771738138537,31.171986996179797,9.741245936306186,614.2044042857964,818.9392057143951,204.7348014285988,187.96771738138528,62.65590579379509,300.62868564821895,4.509430284723284,7.142145292318732,1.0001012494607722,26.900494873277353,316.68412485848023,1190.2920500585742,850.111192710575,0.0,0.0,0.0,0.0,0.0,42.96203437978408,23.708543107628667,0.0,0.0,0.0,-1.1368683772161603e-13,0.0
2025-03-21 22:00:00+00:00,1,14.0,809.0874576273558,19.92326542734485,46.48761933047132,742.6765728695395,19.92326542734485,14.641174929990653,5.282090497354199,44.01050440842749,19.92326542734485,0.0,0.0,46.48761933047183,614.2044042857968,128.47216858374264,28.979295167047056,9.056029739702204,614.2044042857964,818.9392057143951,204.7348014285988,128.47216858374264,42.824056194580876,217.78384410879534,3.26675766163193,7.0717964294673905,0.9297523866094366,24.932479611524272,292.8156734521149,1101.9031310794708,847.9185008814422,0.0,0.0,0.0,0.0,0.0,42.96203437978408,23.727324289810966,0.0,0.0,0.0,1.1368683772161603e-13,0.0
2025-03-21 23:00:00+00:00,1,14.0,636.1229957107648,15.35978879909581,35.83950719789021,584.923699713779,15.35978879909581,11.097161109705498,4.262627689390312,44.01050440842749,15.35978879909581,0.0,29.280704572017548,6.558802625872659,584.9236997137789,0.0,22.341510980502996,6.981722181407186,614.2044042857964,818.9392057143951,204.7348014285988,0.0,0.0,6.558802625872772,0.09838203938809158,6.858834186815768,0.13117605251745318,19.53622028482148,238.34113617354873,874.4641318843136,841.2807166948982,0.0,0.0,0.0,0.0,0.0,42.96203437978408,23.79346572663259,0.0,0.0,0.0,2.842170943040401e-14,0.0
2025-03-23 00:00:00+00:00,2,1.0,609.5368301887385,14.545693651687712,33.939951853937984,561.0511846831129,14.545693651687712,10.698133871751654,3.8475597799360575,44.01050440842749,14.545693651687712,0.0,33.939951853937984,0.0,561.0511846831129,0.0,21.157372584273034,6.611678932585323,594.9911365370509,793.3215153827346,198.33037884568364,0.0,0.0,0.0,0.0,6.6287104024492685,0.0,18.702537655114245,230.27330583583247,839.810136024571,814.4788879670076,0.0,0.0,0.0,0.0,0.0,42.96203437978408,23.800771858607224,0.0,0.0,0.0,2.842170943040401e-14,0.0
2025-03-23 01:00:00+00:00,2,1.0,738.0288590039489,17.695367617618544,41.289191107776595,679.0443002785536,17.695367617618544,13.113130108341732,4.582237509276812,44.01050440842749,17.695367617618544,0.0,0.0,41.2891911077769,614.2044042857967,64.83989599275685,25.73871653471788,8.043348917099337,614.2044042857964,818.9392057143951,204.7348014285988,64.83989599275695,21.613298664252316,127.74238576478616,1.9161357864717923,6.967827865013495,0.825783822155538,22.66638791667437,266.7675844002656,1219.6066153031347,844.6779222491131,0.0,0.0,0.0,214.81017189892037,0.0,246.74885671164967,23.75578027213375,0.0,0.0,0.0,-1.7053025658242404e-13,0.0
2025-03-23 02:00:00+00:00,2,1.0,953.5323306340813,22.905068451062647,53.44515971914617,877.1821024638725,22.905068451062647,16.935269144868666,5.969799306193979,44.01050440842749,22.905068451062647,0.0,0.0,53.44515971914643,614.2044042857966,262.9776981780759,33.316463201545666,10.411394750483021,614.2044042857964,818.9392057143951,204.7348014285988,262.97769817807597,87.65923272602532,404.0820906232477,6.0612313593487155,7.210947237240887,1.0689031943829286,29.28982712201083,346.43633781809046,1299.9686684521716,852.2556689159408,0.0,0.0,0.0,0.0,0.0,246.74885671164967,23.6845406684701,0.0,0.0,0.0,-1.1368683772161603e-13,0.0
2025-03-23 03:00:00+00:00,2,1.0,1013.3144354950012,24.255761914740916,56.59677780106212,932.4618957791978,24.255761914740916,18.0012744791668,6.2544874355741165,44.01050440842749,24.255761914740916,0.0,0.0,56.596777801062444,614.2044042857967,318.25749149340106,35.28110823962315,11.025346324882236,614.2044042857964,818.9392057143951,204.7348014285988,318.25749149340106,106.08583049780034,480.9400997922638,7.214101496883957,7.273979598879206,1.131935556021249,31.115752972710442,368.58174787577616,1529.373695617396,854.2203139540183,0.0,0.0,0.0,147.47751224661843,0.0,386.65830941805666,23.664687062988623,0.0,0.0,0.0,8.526512829121202e-14,0.0
2025-03-23 04:00:00+00:00,2,1.0,922.6250794854585,21.974698464829608,51.274296417935744,849.3760846026934,21.974698464829608,16.274623044061364,5.700075420768243,44.01050440842749,21.974698464829608,0.0,0.0,51.27429641793606,614.2044042857967,235.17168031689667,31.963197767024884,9.988499302195276,614.2044042857964,818.9392057143951,204.7348014285988,235.17168031689673,78.39056010563223,364.836536840465,5.4725480526069745,7.167529971216679,1.0254859283587212,28.309298157919933,335.0887229465286,1257.713802431987,850.90240348142,0.0,0.0,0.0,0.0,0.0,386.65830941805666,23.696884904752974,0.0,0.0,0.0,-1.1368683772161603e-13,0.0
2025-03-23 05:00:00+00:00,2,1.0,983.865096716541,23.515701605216393,54.869970412171575,905.479424699153,23.515701605216393,17.46809297767466,6.047608627541733,44.01050440842749,23.515701605216393,0.0,0.0,54.86997041217194,614.2044042857967,291.27502041335623,34.20465688031476,10.688955275098362,614.2044042857964,818.9392057143951,204.7348014285988,291.2750204133563,97.09167347111875,443.23666429664695,6.648549964449704,7.239443451101395,1.0973994082434388,30.206370393050417,357.7071933916609,1341.5722901082017,853.1438625947098,0.0,0.0,0.0,0.0,0.0,386.65830941805666,23.674588029128493,0.0,0.0,0.0,-1.1368683772161603e-13,0.0
2025-03-23 06:00:00+00:00,2,1.0,928.1892457050074,22.113489599511166,51.59814239885938,854.4776137066367,22.113489599511166,16.373423314536428,5.740066284974738,44.01050440842749,22.113489599511166,0.0,0.0,51.59814239885975,614.2044042857967,240.27320942083998,32.16507578110715,10.051586181595983,614.2044042857964,818.9392057143951,204.7348014285988,240.27320942083995,80.09106980694665,371.96242162664635,5.579436324399695,7.174006890835152,1.0319628479771952,28.480855619983394,337.1437191003368,1265.332964805344,851.1042814955023,0.0,0.0,0.0,0.0,0.0,386.65830941805666,23.69510595433478,0.0,0.0,0.0,-5.684341886080802e-14,0.0
2025-03-23 07:00:00+00:00,2,1.0,884.9125626527859,21.19716297505517,49.46004694179539,814.2553527359353,21.19716297505517,15.666478810216745,5.530684164838425,44.01050440842749,21.19716297505517,0.0,0.0,49.460046941795895,614.2044042857968,200.0509484501385,30.832237054625704,9.635074079570533,614.2044042857964,818.9392057143951,204.7348014285988,200.05094845013866,66.68364948337955,316.1946448753141,4.742919673129712,7.131244981693872,0.9892009388359179,27.17115421017054,321.0880447953789,1206.0006074481648,849.7714427690208,0.0,0.0,0.0,0.0,0.0,386.65830941805666,23.708330337184204,0.0,0.0,0.0,0.0,0.0
2025-03-23 08:00:00+00:00,2,1.0,505.16401343097556,12.044702501250423,28.104305836250983,465.0150050934741,12.044702501250423,8.830130762618147,3.2145717386322774,44.01050440842749,12.044702501250423,0.0,28.104305836250983,0.0,465.0150050934741,0.0,17.51956727454607,5.474864773295646,493.119310929725,657.4924145729666,164.37310364324165,0.0,0.0,0.0,0.0,5.49327922602227,0.0,15.496303556110929,190.8375511986705,696.001564629646,675.0119818475126,0.0,0.0,0.0,0.0,0.0,386.65830941805666,23.835749797236513,0.0,0.0,0.0,0.0,0.0
2025-03-23 09:00:00+00:00,2,1.0,816.8387225691687,19.75619990524901,46.09779977891434,750.9847228850053,19.75619990524901,14.636059042939985,5.120140862309023,44.01050440842749,19.75619990524901,0.0,0.0,46.09779977891469,614.2044042857967,136.78031859920867,28.736290771271285,8.980090866022277,614.2044042857964,818.9392057143951,204.7348014285988,136.78031859920858,45.59343953306953,228.4715579111928,3.427073368667892,7.064000038436251,0.9219559955782938,25.116596381531707,295.8379576119047,1112.6766801810734,847.6754964856664,0.0,0.0,0.0,0.0,0.0,386.65830941805666,23.727246354301215,0.0,0.0,0.0,0.0,0.0
2025-03-23 10:00:00+00:00,2,1.0,519.9884657055178,12.676088002898267,29.57753867342928,477.7348390291903,12.676088002898267,9.234519146235137,3.44156885666313,44.01050440842749,12.676088002898267,0.0,29.57753867342928,0.0,477.7348390291903,0.0,18.43794618603384,5.761858183135575,507.31237770261964,676.4165036034929,169.1041259008732,0.0,0.0,0.0,0.0,5.664674550494782,0.0,15.995759038758017,196.52641767326162,605.2661395467148,694.8544497895267,0.0,0.0,0.0,0.0,111.24874383206453,269.3918369707458,23.8280438138521,0.0,0.0,0.0,-5.684341886080802e-14,0.0
2025-03-23 11:00:00+00:00,2,1.0,535.7917672916305,12.979379710467025,30.285219324423053,492.5271682567404,12.979379710467025,9.559225746388766,3.4201539640782608,44.01050440842749,12.979379710467025,0.0,30.285219324423053,0.0,492.5271682567404,0.0,18.87909776067931,5.899718050212285,522.8123875811635,697.0831834415513,174.27079586038784,0.0,0.0,0.0,0.0,5.833828262300097,0.0,16.474612628378672,202.4789548012789,523.4605501939891,715.9622812022307,0.0,0.0,0.0,0.0,214.81017189892037,42.96203437978408,23.821978095689094,0.0,0.0,0.0,-2.842170943040401e-14,0.0
2025-03-23 12:00:00+00:00,2,1.0,741.6230495832683,17.849977598910627,41.64994773079145,682.1231242535663,17.849977598910627,13.245965222812524,4.604012376098103,44.01050440842749,17.849977598910627,0.0,0.0,41.64994773079184,614.2044042857967,67.91871996776956,25.96360378023364,8.113626181323013,614.2044042857964,818.9392057143951,204.7348014285988,67.91871996776963,22.639573322589875,132.20824102115134,1.98312361531727,6.975042997473793,0.8329989546158367,22.790034711156288,268.06920121107487,1009.6922507943432,844.9028094946287,0.0,0.0,0.0,0.0,0.0,42.96203437978408,23.753351026145477,0.0,0.0,0.0,0.0,0.0
2025-03-23 13:00:00+00:00,2,1.0,955.0499351924773,22.968923237130447,53.59415421997103,878.4868577353757,22.968923237130447,17.06567485688401,5.903248380246438,44.01050440842749,22.968923237130447,0.0,0.0,53.594154219971415,614.2044042857967,264.28245344957895,33.40934289037156,10.440419653241113,614.2044042857964,818.9392057143951,204.7348014285988,264.28245344957895,88.09415114985964,405.97075881941,6.08956138229115,7.213927127257384,1.0718830843994283,29.346901785260453,346.99164561090794,1449.5190930500034,852.3485486047667,0.0,0.0,0.0,147.47751224661843,0.0,182.87148708619108,23.682125524277218,0.0,0.0,0.0,-1.9895196601282805e-13,0.0
2025-03-23 14:00:00+00:00,2,1.0,595.9480188357576,13.956935873259482,32.56618370427212,549.424899258226,13.956935873259482,10.23749710960453,3.719438763654953,44.01050440842749,13.956935873259482,0.0,32.56618370427212,0.0,549.424899258226,0.0,20.300997633831972,6.344061760572491,581.9910829624981,775.9881106166641,193.99702765416603,0.0,0.0,0.0,0.0,6.4712345037104235,0.0,18.237352206619057,225.049676125068,820.9976949608256,796.2891082504962,0.0,0.0,0.0,0.0,0.0,182.87148708619108,23.809513821183028,0.0,0.0,0.0,0.0,0.0
2025-03-23 15:00:00+00:00,2,1.0,532.39653530892,12.302298395837745,28.7053629236214,491.38887398946076,12.302298395837745,9.158925263383395,3.143373132454351,44.01050440842749,12.302298395837745,0.0,28.7053629236214,0.0,491.38887398946076,0.0,17.89425221212763,5.591953816289884,520.0942369130821,693.4589825507761,173.36474563769403,0.0,0.0,0.0,0.0,5.7750496276032495,0.0,16.272580267903855,201.004329349491,948.2110365573312,711.3532347629038,0.0,0.0,0.0,214.81017189892037,0.0,386.65830941805666,23.829344521142367,0.0,0.0,0.0,-1.1368683772161603e-13,0.0
2025-03-23 16:00:00+00:00,2,1.0,514.486586574087,11.968412929355068,27.926296835161818,474.59187680957,11.968412929355068,8.92165839596072,3.046754533394348,44.01050440842749,11.968412929355068,0.0,27.926296835161818,0.0,474.59187680957,0.0,17.408600624516463,5.440187695161395,502.51817364473186,670.0242315263091,167.50605788157728,0.0,0.0,0.0,0.0,5.583707673150555,0.0,15.740001131311208,194.26995438120042,708.7565409552874,687.4328321508256,0.0,0.0,0.0,0.0,0.0,386.65830941805666,23.833691157482157,0.0,0.0,0.0,-5.684341886080802e-14,0.0
2025-03-23 17:00:00+00:00,2,1.0,539.0052674774,12.593896240029775,29.3857578934028,497.02561334396734,12.593896240029775,9.449372564428035,3.1445236756017394,44.01050440842749,12.593896240029775,0.0,29.3857578934028,0.0,497.02561334396734,0.0,18.3183945309524,5.724498290922625,526.4113712373701,701.8818283164934,175.47045707912335,0.0,0.0,0.0,0.0,5.851828870241756,0.0,16.50398597883799,203.55077021912572,742.5560376965257,720.2002228474458,0.0,0.0,0.0,0.0,0.0,386.65830941805666,23.823789935504145,0.0,0.0,0.0,-8.526512829121202e-14,0.0
2025-03-23 18:00:00+00:00,2,1.0,829.8091881425312,19.899044112366404,46.43110292885494,763.4790411013096,19.899044112366404,15.001111803300075,4.897932309066331,44.01050440842749,19.899044112366404,0.0,0.0,46.431102928855125,614.2044042857966,149.27463681551293,28.944064163442043,9.045020051075639,614.2044042857964,818.9392057143951,204.7348014285988,149.27463681551288,49.75821227183762,245.4639520162056,3.681959280243084,7.070666101435062,0.9286220585771026,25.50300403701077,300.72228522877805,915.7213014723889,847.8832698778372,0.0,0.0,0.0,0.0,214.81017189892037,160.2285068270949,23.720245178364003,0.0,0.0,0.0,-5.684341886080802e-14,0.0
2025-03-23 19:00:00+00:00,2,1.0,857.4538524440352,20.440755260332033,47.6950956074414,789.318001576262,20.440755260332033,15.406834253097463,5.033921007234568,44.01050440842749,20.440755260332033,0.0,0.0,47.69509560744177,614.2044042857967,175.1135972904652,29.73200765139205,9.291252391060015,614.2044042857964,818.9392057143951,204.7348014285988,175.11359729046524,58.37119909682174,281.17989199472873,4.217698379920931,7.095945955006791,0.9539019121488355,26.331043529605008,310.9958426931621,1057.2009513051328,848.6712133657871,0.0,0.0,0.0,0.0,111.24874383206452,42.96203437978408,23.712728024513574,0.0,0.0,0.0,0.0,0.0
2025-03-23 20:00:00+00:00,2,1.0,655.4357999894161,15.63420138027697,36.47980322064626,603.3217953884929,15.63420138027697,11.831877997028569,3.8023233832484014,44.01050440842749,15.63420138027697,0.0,10.882608897303552,25.597194323342706,603.3217953884929,0.0,22.740656553130137,7.106455172853168,614.2044042857964,818.9392057143951,204.7348014285988,0.0,0.0,25.597194323342677,0.38395791485014014,6.871640107270889,0.5119438864668541,20.132289673013624,239.74108818305345,895.1768881724695,841.6798622675253,0.0,0.0,0.0,0.0,0.0,42.96203437978408,23.779241727236496,0.0,0.0,0.0,-2.842170943040401e-14,0.0
2025-03-23 21:00:00+00:00,2,1.0,707.9987315604607,17.036057969635465,39.75080192914941,651.2118716616759,17.036057969635465,12.882186099154797,4.153871870480669,44.01050440842749,17.036057969635465,0.0,0.0,39.7508019291497,614.2044042857967,37.0074673758792,24.779720683106135,7.743662713470667,614.2044042857964,818.9392057143951,204.7348014285988,37.00746737587923,12.33582245862641,89.09409176365534,1.33641137645483,6.9370600814409515,0.7950160385829941,21.77225594065932,255.65503003783397,963.6537615982946,843.7189263975013,0.0,0.0,0.0,0.0,0.0,42.96203437978408,23.759662089924614,0.0,0.0,0.0,0.0,0.0
2025-03-23 22:00:00+00:00,2,1.0,885.5152876386521,21.37597152874579,49.87726690040684,814.2620492094994,21.37597152874579,16.12021334383527,5.255758184910519,44.01050440842749,21.37597152874579,0.0,0.0,49.87726690040711,614.2044042857966,200.0576449237028,31.09232222363024,9.71635069488445,614.2044042857964,818.9392057143951,204.7348014285988,200.05764492370275,66.68588164123425,316.6207934653441,4.749311901980161,7.1395893808661,0.9975453380081423,27.240345829048504,321.2638262146204,1206.7791138532725,850.0315279380254,0.0,0.0,0.0,0.0,0.0,42.96203437978408,23.699360964403674,0.0,0.0,0.0,0.0,0.0
2025-03-23 23:00:00+00:00,2,1.0,920.9492466733144,22.25944434998743,51.938703483303996,846.751098840023,22.25944434998743,16.738992639555853,5.520451710431576,44.01050440842749,22.25944434998743,0.0,0.0,51.938703483304494,614.2044042857968,232.54669455422624,32.377373599981716,10.117929249994287,614.2044042857964,818.9392057143951,204.7348014285988,232.5466945542262,77.51556485140873,362.0009628889394,5.430014443334091,7.180818112524044,1.0387740696660899,28.332110990017654,334.3500131455437,1255.299259818858,851.3165793143769,0.0,0.0,0.0,0.0,0.0,42.96203437978408,23.687929515576894,0.0,0.0,0.0,-1.1368683772161603e-13,0.0
2025-04-12 00:00:00+00:00,3,40.0,618.5626669916699,14.403940582372384,33.609194692202216,570.5495317170953,14.403940582372384,10.97505224962978,3.428888332742604,44.01050440842749,14.403940582372384,0.0,33.609194692202216,0.0,570.5495317170953,0.0,20.951186301632557,6.547245719260174,604.1587264092975,805.54496854573,201.3862421364325,0.0,0.0,0.0,0.0,6.713771157937019,0.0,18.9427504384053,233.590009452035,852.1526764437048,826.4961548473625,0.0,0.0,0.0,0.0,0.0,42.96203437978408,23.795436885793272,0.0,0.0,0.0,-8.526512829121202e-14,0.0
2025-04-12 01:00:00+00:00,3,40.0,614.0524084586285,14.26488169149868,33.28472394683025,566.5028028202997,14.26488169149868,10.76890380995432,3.495977881544359,44.01050440842749,14.26488169149868,0.0,33.28472394683025,0.0,566.5028028202997,0.0,20.74891882399808,6.4840371324994,599.78752676713,799.7167023561733,199.92917558904333,0.0,0.0,0.0,0.0,6.663569746607905,0.0,18.791800393956215,231.86858286210682,1060.7311632196556,820.4656211801714,0.0,0.0,0.0,214.81017189892037,0.0,246.74885671164967,23.7991249233337,0.0,0.0,0.0,-8.526512829121202e-14,0.0
2025-04-12 02:00:00+00:00,3,40.0,608.2662673333386,14.324384421645092,33.42356365050521,560.5183192611884,14.324384421645092,10.844761217389753,3.47962320425534,44.01050440842749,14.324384421645092,0.0,33.42356365050521,0.0,560.5183192611884,0.0,20.83546824966559,6.511083828020496,593.9418829116935,791.9225105489246,197.98062763723115,0.0,0.0,0.0,0.0,6.6078901021270395,0.0,18.651077061294956,229.75067862867365,838.0169459620122,812.7579787985902,0.0,0.0,0.0,0.0,0.0,246.74885671164967,23.797665861436684,0.0,0.0,0.0,-1.1368683772161603e-13,0.0
2025-04-12 03:00:00+00:00,3,40.0,612.7250371221548,14.480918701132712,33.78881030264298,564.4553081183791,14.480918701132712,11.020861080352452,3.46005762078026,44.01050440842749,14.480918701132712,0.0,33.78881030264298,0.0,564.4553081183791,0.0,21.063154474374855,6.582235773242142,598.2441184210221,797.6588245613627,199.41470614034068,0.0,0.0,0.0,0.0,6.658217390263081,0.0,18.800813571015933,231.45597287486183,991.658522243635,818.7219790357376,0.0,0.0,0.0,147.47751224661843,0.0,386.65830941805666,23.794479268100783,0.0,0.0,0.0,-5.684341886080802e-14,0.0
2025-04-12 04:00:00+00:00,3,40.0,622.106279359475,14.801344074927206,34.53646950816348,572.7684657763841,14.801344074927206,11.28222297301489,3.519121101912315,44.01050440842749,14.801344074927206,0.0,34.53646950816348,0.0,572.7684657763841,0.0,21.529227745348663,6.727883670421457,607.3049352845476,809.7399137127301,202.43497842818252,0.0,0.0,0.0,0.0,6.7637787430087455,0.0,19.107330282660197,235.0339711242729,857.1402504837479,831.2691414580787,0.0,0.0,0.0,0.0,0.0,386.65830941805666,23.789668132287403,0.0,0.0,0.0,-5.684341886080802e-14,0.0
2025-04-12 05:00:00+00:00,3,40.0,621.7763349223127,14.732989159770597,34.37697470613139,572.6663710564106,14.732989159770597,11.239990342074025,3.492998817696572,44.01050440842749,14.732989159770597,0.0,34.37697470613139,0.0,572.6663710564106,0.0,21.42980241421178,6.696813254441181,607.043345762542,809.3911276833893,202.34778192084732,0.0,0.0,0.0,0.0,6.757972951748048,0.0,19.087150271462352,234.8897183984989,856.6660533208116,830.820930097601,0.0,0.0,0.0,0.0,0.0,386.65830941805666,23.790449371667815,0.0,0.0,0.0,-2.842170943040401e-14,0.0
2025-04-12 06:00:00+00:00,3,40.0,611.6260463844991,14.2726708071475,33.30289855001082,564.0504770273408,14.2726708071475,10.815308603601647,3.4573622035458538,44.01050440842749,14.2726708071475,0.0,33.30289855001082,0.0,564.0504770273408,0.0,20.760248446760002,6.487577639612501,597.3533755773517,796.4711674364689,199.11779185911723,0.0,0.0,0.0,0.0,6.639591726773734,0.0,18.731628586718433,230.97658981222193,842.6026361967209,817.2314158832289,0.0,0.0,0.0,0.0,0.0,386.65830941805666,23.79842081908204,0.0,0.0,0.0,-8.526512829121202e-14,0.0
2025-04-12 07:00:00+00:00,3,40.0,614.2295224662251,14.404833934497734,33.6112791804947,566.2134093512328,14.404833934497734,10.837220457116764,3.56761347738097,44.01050440842749,14.404833934497734,0.0,33.6112791804947,0.0,566.2134093512328,0.0,20.952485722905795,6.547651788408061,599.8246885317275,799.7662513756366,199.94156284390914,0.0,0.0,0.0,0.0,6.670472468927168,0.0,18.81867708835438,231.97836418959875,846.2078866558239,820.7187370985423,0.0,0.0,0.0,0.0,0.0,386.65830941805666,23.79810201110017,0.0,0.0,0.0,2.842170943040401e-14,0.0
2025-04-12 08:00:00+00:00,3,40.0,604.9203762346744,14.13479669663178,32.98119229214081,557.804387245902,14.13479669663178,10.615629261638286,3.519167434993493,44.01050440842749,14.13479669663178,0.0,32.98119229214081,0.0,557.804387245902,0.0,20.55970428600986,6.424907589378082,590.7855795380428,787.7141060507238,196.92852651268095,0.0,0.0,0.0,0.0,6.567479641223245,0.0,18.523087835424143,228.44400157870643,833.3643778133809,808.2738103367336,0.0,0.0,0.0,0.0,0.0,386.65830941805666,23.80217536630992,0.0,0.0,0.0,0.0,0.0
2025-04-12 09:00:00+00:00,3,40.0,590.4405190627677,13.799449643016574,32.198715833705336,544.4423535860461,13.799449643016574,10.39541266186725,3.404036981149325,44.01050440842749,13.799449643016574,0.0,32.198715833705336,0.0,544.4423535860461,0.0,20.071926753478653,6.272477110462079,576.6410694197514,768.8547592263351,192.21368980658377,0.0,0.0,0.0,0.0,6.410385010871621,0.0,18.08238038614942,222.9789323140669,813.4194513768347,788.9266859798138,0.0,0.0,0.0,0.0,0.0,386.65830941805666,23.806242658402343,0.0,0.0,0.0,2.842170943040401e-14,0.0
2025-04-12 10:00:00+00:00,3,40.0,585.8308116452827,13.697263844014538,31.960282302700577,540.1732654985675,13.697263844014538,10.31019118040647,3.387072663608068,44.01050440842749,13.697263844014538,0.0,31.960282302700577,0.0,540.1732654985675,0.0,19.923292864021146,6.226029020006608,572.1335478012682,762.8447304016909,190.71118260042272,0.0,0.0,0.0,0.0,6.360541124066693,0.0,17.941626997443247,221.23937974193927,695.8214475551574,782.768023265712,0.0,0.0,0.0,0.0,111.24874383206453,269.3918369707458,23.807779256439076,0.0,0.0,0.0,0.0,0.0
2025-04-12 11:00:00+00:00,3,40.0,603.6369348482709,14.179018795505948,33.08437718951387,556.3735388632512,14.179018795505948,10.70754866989374,3.4714701256122087,44.01050440842749,14.179018795505948,0.0,33.08437718951387,0.0,556.3735388632512,0.0,20.62402733891774,6.445008543411794,589.4579160527651,785.9438880703534,196.48597201758835,0.0,0.0,0.0,0.0,6.556266704317928,0.0,18.50086076855931,227.98810803387738,616.8148709832278,806.5679154092711,0.0,0.0,0.0,0.0,214.81017189892037,42.96203437978408,23.800239137100593,0.0,0.0,0.0,-1.7053025658242404e-13,0.0
2025-04-12 12:00:00+00:00,3,40.0,587.5752134922676,13.748839454856842,32.08062539466595,541.7457486427448,13.748839454856842,10.34611319162439,3.4027262632324513,44.01050440842749,13.748839454856842,0.0,32.08062539466595,0.0,541.7457486427448,0.0,19.998311934337224,6.249472479480382,573.8263740374108,765.1018320498811,191.27545801247027,0.0,0.0,0.0,0.0,6.3798762482674265,0.0,17.996758154144707,221.9015648943628,809.4767783866304,785.1001439842183,0.0,0.0,0.0,0.0,0.0,42.96203437978408,23.806879100320728,0.0,0.0,0.0,-2.842170943040401e-14,0.0
2025-04-12 13:00:00+00:00,3,40.0,587.3429344296986,14.055245988709425,32.795573973655316,540.4921144673339,14.055245988709425,10.606212658833904,3.4490333298755207,44.01050440842749,14.055245988709425,0.0,32.795573973655316,0.0,540.4921144673339,0.0,20.443994165395527,6.388748176686102,573.2876884409891,764.3835845879854,191.09589614699635,0.0,0.0,0.0,0.0,6.388788363882997,0.0,18.046673353558134,221.9201060411236,956.7405527174407,784.827578753381,0.0,0.0,0.0,147.47751224661843,0.0,182.87148708619108,23.801786072727943,0.0,0.0,0.0,0.0,0.0
2025-04-12 14:00:00+00:00,3,40.0,601.6461876718628,14.459064459798476,33.73781707286311,553.4493061392014,14.459064459798476,10.930634151044384,3.5284303087540927,44.01050440842749,14.459064459798476,0.0,33.73781707286311,0.0,553.4493061392014,0.0,21.031366486979604,6.572302027181126,587.1871232120645,782.9161642827527,195.72904107068817,0.0,0.0,0.0,0.0,6.546627573577908,0.0,18.498359012132894,227.3463296835801,828.9925173554428,803.9475307697322,0.0,0.0,0.0,0.0,0.0,182.87148708619108,23.795711081058077,0.0,0.0,0.0,-5.684341886080802e-14,0.0
2025-04-12 15:00:00+00:00,3,40.0,611.9794187319865,14.619991297593987,34.1133130277193,563.2461144066731,14.619991297593987,11.067441959520202,3.552549338073785,44.01050440842749,14.619991297593987,0.0,34.1133130277193,0.0,563.2461144066731,0.0,21.265441887409438,6.645450589815449,597.3594274343924,796.4792365791898,199.11980914479744,0.0,0.0,0.0,0.0,6.65586053489831,0.0,18.801651997736776,231.222772267248,1058.0123628981548,817.7446784665992,0.0,0.0,0.0,214.81017189892037,0.0,386.65830941805666,23.793136545036223,0.0,0.0,0.0,0.0,0.0
2025-04-12 16:00:00+00:00,3,40.0,601.341069378107,14.608442463155368,34.086365747362514,552.6462611675892,14.608442463155368,10.915773757220213,3.692668705935155,44.01050440842749,14.608442463155368,0.0,34.086365747362514,0.0,552.6462611675892,0.0,21.248643582771447,6.640201119616077,586.7326269149517,782.3101692199355,195.57754230498387,0.0,0.0,0.0,0.0,6.549053584096766,0.0,18.507991568933406,227.2747885776301,828.615857955737,803.5588128027069,0.0,0.0,0.0,0.0,0.0,386.65830941805666,23.79619267577986,0.0,0.0,0.0,-5.684341886080802e-14,0.0
2025-04-12 17:00:00+00:00,3,40.0,601.6324184303065,14.579084703153237,34.01786430735754,553.0354694197956,14.579084703153237,10.992965572268321,3.5861191308849154,44.01050440842749,14.579084703153237,0.0,34.01786430735754,0.0,553.0354694197956,0.0,21.205941386404707,6.626856683251471,587.0533337271531,782.7377783028708,195.6844445757177,0.0,0.0,0.0,0.0,6.550890623418683,0.0,18.517272171745486,227.37946405413334,829.0118824844399,803.9437196892754,0.0,0.0,0.0,0.0,0.0,386.65830941805666,23.794562509424903,0.0,0.0,0.0,0.0,0.0
2025-04-12 18:00:00+00:00,3,40.0,613.4341598466564,14.764819184952055,34.45124476488812,564.2180958968163,14.764819184952055,11.086845210503718,3.677973974448337,44.01050440842749,14.764819184952055,0.0,34.45124476488812,0.0,564.2180958968163,0.0,21.476100632657534,6.711281447705479,598.6693406617045,798.2257875489393,199.5564468872348,0.0,0.0,0.0,0.0,6.675718301914808,0.0,18.859676459449503,231.8031230963046,630.4271110440404,819.7018881815968,0.0,0.0,0.0,0.0,214.81017189892037,160.2285068270949,23.792900244936817,0.0,0.0,0.0,-2.2737367544323206e-13,0.0
2025-04-12 19:00:00+00:00,3,40.0,603.0152505070226,14.26658915119735,33.28870801946047,555.4599533363648,14.26658915119735,10.725974866962908,3.540614284234442,44.01050440842749,14.26658915119735,0.0,33.28870801946047,0.0,555.4599533363648,0.0,20.7514024017416,6.48481325054425,588.7486613558253,784.9982151411004,196.2495537852751,0.0,0.0,0.0,0.0,6.553260773947462,0.0,18.496615440333215,227.78424325010005,719.5507499250582,805.7496175428421,0.0,0.0,0.0,0.0,111.24874383206452,42.96203437978408,23.79968278416187,0.0,0.0,0.0,2.842170943040401e-14,0.0
2025-04-12 20:00:00+00:00,3,40.0,593.6584187288023,13.877258741485734,32.38027039680004,547.4008895905164,13.877258741485734,10.418725284650181,3.4585334568355535,44.01050440842749,13.877258741485734,0.0,32.38027039680004,0.0,547.4008895905164,0.0,20.18510362397925,6.307844882493515,579.7811599873164,773.0415466497552,193.2603866624388,0.0,0.0,0.0,0.0,6.445417007809165,0.0,18.178992023675008,224.19264057641652,817.8510593052188,793.2266502737344,0.0,0.0,0.0,0.0,0.0,42.96203437978408,23.805448717036803,0.0,0.0,0.0,-5.684341886080802e-14,0.0
2025-04-12 21:00:00+00:00,3,40.0,591.4524405914619,13.890539539677402,32.41125892591393,545.1506421258707,13.890539539677402,10.508848765099039,3.381690774578364,44.01050440842749,13.890539539677402,0.0,32.41125892591393,0.0,545.1506421258707,0.0,20.204421148621677,6.313881608944274,577.5619010517846,770.0825347357128,192.5206336839282,0.0,0.0,0.0,0.0,6.423844189036124,0.0,18.12831680464209,223.38667628655068,814.8391168780125,790.2869558843345,0.0,0.0,0.0,0.0,0.0,42.96203437978408,23.80368974567608,0.0,0.0,0.0,-8.526512829121202e-14,0.0
2025-04-12 22:00:00+00:00,3,40.0,594.2428085530144,14.068600431531756,32.82673434024076,547.347473781242,14.068600431531756,10.586857214585667,3.4817432169460893,44.01050440842749,14.068600431531756,0.0,32.82673434024076,0.0,547.347473781242,0.0,20.463418809500737,6.3948183779689804,580.1742081214827,773.5656108286436,193.3914027071609,0.0,0.0,0.0,0.0,6.458276768019642,0.0,18.229880232578495,224.474378085728,818.7171866387423,794.0290296381443,0.0,0.0,0.0,0.0,0.0,42.96203437978408,23.80228781219808,0.0,0.0,0.0,-5.684341886080802e-14,0.0
2025-04-12 23:00:00+00:00,3,40.0,606.9759122765488,14.549632081419018,33.949141523311035,558.477138671819,14.549632081419018,10.863559508726576,3.686072572692442,44.01050440842749,14.549632081419018,0.0,33.949141523311035,0.0,558.477138671819,0.0,21.163101209336755,6.613469127917736,592.4262801951301,789.90170692684,197.47542673171,0.0,0.0,0.0,0.0,6.603245632417521,0.0,18.646397364239505,229.33853885628477,836.3144511328335,811.0648081361768,0.0,0.0,0.0,0.0,0.0,42.96203437978408,23.79728146053367,0.0,0.0,0.0,-8.526512829121202e-14,0.0
2025-06-08 00:00:00+00:00,4,59.0,533.7715859920365,13.271610143597428,30.967090335060657,489.53288551337846,13.271610143597428,10.1271225728315,3.1444875707659277,44.01050440842749,13.271610143597428,0.0,30.967090335060657,0.0,489.53288551337846,0.0,19.304160208868986,6.032550065271558,520.4999758484391,693.9999677979188,173.4999919494797,0.0,0.0,0.0,0.0,5.8243415651856045,0.0,16.496266713905175,201.85315029384202,735.6247362858785,713.3041280067878,0.0,0.0,0.0,0.0,0.0,42.96203437978408,23.81155233684396,0.0,0.0,0.0,-5.684341886080802e-14,0.0
2025-06-08 01:00:00+00:00,4,59.0,539.7988065713527,14.649588970984082,34.18237426562951,490.96684333473905,14.649588970984082,11.50075555566487,3.1488334153192117,44.01050440842749,14.649588970984082,0.0,34.18237426562951,0.0,490.96684333473905,0.0,21.30849304870412,6.658904077720037,525.1492176003685,700.1989568004913,175.04973920012281,0.0,0.0,0.0,0.0,5.935139661316276,0.0,16.921992790940457,204.56577573009957,959.1747542003726,721.5074498491954,0.0,0.0,0.0,214.81017189892037,0.0,246.74885671164967,23.786297292341626,0.0,0.0,0.0,0.0,0.0
2025-06-08 02:00:00+00:00,4,59.0,550.1087276650597,15.127224203647526,35.29685647517754,499.6846469862346,15.127224203647526,11.923599057551192,3.203625146096333,44.01050440842749,15.127224203647526,0.0,35.29685647517754,0.0,499.6846469862346,0.0,22.00323520530549,6.876011001657965,534.9815034614122,713.3086712818829,178.32716782047072,0.0,0.0,0.0,0.0,6.055752164117673,0.0,17.28379090517864,208.542721891425,758.6514495564847,735.3119064871884,0.0,0.0,0.0,0.0,0.0,246.74885671164967,23.77838285074284,0.0,0.0,0.0,0.0,0.0
2025-06-08 03:00:00+00:00,4,59.0,557.8387070527873,15.079845610223853,35.18630642385565,507.5725550187079,15.079845610223853,11.866825729191632,3.2130198810322215,44.01050440842749,15.079845610223853,0.0,35.18630642385565,0.0,507.5725550187079,0.0,21.934320887598332,6.854475277374479,542.7588614425636,723.6784819234181,180.91962048085452,0.0,0.0,0.0,0.0,6.131314742902749,0.0,17.478841479404846,211.38425198053662,916.7004712799423,745.6128028110164,0.0,0.0,0.0,147.47751224661843,0.0,386.65830941805666,23.779362326473592,0.0,0.0,0.0,0.0,0.0
2025-06-08 04:00:00+00:00,4,59.0,567.6394526732597,15.581959586893507,36.35790570275151,515.6995873836146,15.581959586893507,12.362196949849649,3.2197626370438597,44.01050440842749,15.581959586893507,0.0,36.35790570275151,0.0,515.6995873836146,0.0,22.66466849002692,7.082708903133412,552.0574930863661,736.076657448488,184.019164362122,0.0,0.0,0.0,0.0,6.247733044918691,0.0,17.83513896707108,215.1847452772452,782.8241979505049,758.7413259385149,0.0,0.0,0.0,0.0,0.0,386.65830941805666,23.770196242767067,0.0,0.0,0.0,-5.684341886080802e-14,0.0
2025-06-08 05:00:00+00:00,4,59.0,573.4548083029803,15.762567766226047,36.77932478786077,520.9129157488934,15.762567766226047,12.546140943750805,3.216426822475242,44.01050440842749,15.762567766226047,0.0,36.77932478786077,0.0,520.9129157488934,0.0,22.927371296328797,7.164803530102749,557.6922405367542,743.5896540490055,185.89741351225138,0.0,0.0,0.0,0.0,6.312508901124757,0.0,18.024375582366588,217.39910152584545,790.8539098288256,766.5170253453343,0.0,0.0,0.0,0.0,0.0,386.65830941805666,23.76662718152882,0.0,0.0,0.0,-8.526512829121202e-14,0.0
2025-06-08 06:00:00+00:00,4,59.0,574.3479209335916,15.929359618521646,37.168505776550504,521.2500555385195,15.929359618521646,12.739123073272943,3.1902365452487036,44.01050440842749,15.929359618521646,0.0,37.168505776550504,0.0,521.2500555385195,0.0,23.169977626940575,7.24061800841893,558.4185613150701,744.5580817534267,186.13952043835667,0.0,0.0,0.0,0.0,6.327555728681711,0.0,18.08205422518692,217.7897484006442,792.1376693342356,767.7280593803672,0.0,0.0,0.0,0.0,0.0,386.65830941805666,23.762985225126005,0.0,0.0,0.0,-1.7053025658242404e-13,0.0
2025-06-08 07:00:00+00:00,4,59.0,587.6244849481474,15.823808586015659,36.92222003403653,534.8784563280951,15.823808586015659,12.629744839258407,3.1940637467572524,44.01050440842749,15.823808586015659,0.0,36.92222003403653,0.0,534.8784563280951,0.0,23.016448852386414,7.192640266370755,571.8006763621316,762.4009018161755,190.60022545404388,0.0,0.0,0.0,0.0,6.456451164302047,0.0,18.413225206638323,222.662542091355,810.2870270395024,785.4173506685619,0.0,0.0,0.0,0.0,0.0,386.65830941805666,23.765075686279342,0.0,0.0,0.0,2.842170943040401e-14,0.0
2025-06-08 08:00:00+00:00,4,59.0,581.0087451866085,15.618393791896558,36.442918847758634,528.9474325469535,15.618393791896558,12.459278035167028,3.1591157567295305,44.01050440842749,15.618393791896558,0.0,36.442918847758634,0.0,528.9474325469535,0.0,22.717663697304086,7.099269905407527,565.3903513947121,753.853801859616,188.463450464904,0.0,0.0,0.0,0.0,6.382761890902294,0.0,18.200583418141647,220.1460656793555,801.1548108659639,776.5714655569201,0.0,0.0,0.0,0.0,0.0,386.65830941805666,23.76822120549207,0.0,0.0,0.0,-1.1368683772161603e-13,0.0
2025-06-08 09:00:00+00:00,4,59.0,573.688846646571,15.50965551149056,36.18919619347796,521.9899949416024,15.50965551149056,12.336559591303178,3.1730959201873814,44.01050440842749,15.50965551149056,0.0,36.18919619347796,0.0,521.9899949416024,0.0,22.55949892580445,7.049843414313891,558.1791911350804,744.2389215134405,186.05973037836011,0.0,0.0,0.0,0.0,6.305575835220363,0.0,17.98464293754037,217.39979256543475,791.0886392120057,766.7984204392449,0.0,0.0,0.0,0.0,0.0,386.65830941805666,23.770453249551053,0.0,0.0,0.0,-1.4210854715202004e-13,0.0
2025-06-08 10:00:00+00:00,4,59.0,601.5449930373906,16.142733290804852,37.66637767854465,547.7358820680411,16.142733290804852,12.760899707275346,3.381833583529505,44.01050440842749,16.142733290804852,0.0,37.66637767854465,0.0,547.7358820680411,0.0,23.480339332079783,7.337606041274932,585.4022597465856,780.5363463287808,195.1340865821952,0.0,0.0,0.0,0.0,6.607350151036749,0.0,18.831004937047926,227.91004771155482,718.2062969168809,804.0166856608606,0.0,0.0,0.0,0.0,111.24874383206453,269.3918369707458,23.76276267718506,0.0,0.0,0.0,2.842170943040401e-14,0.0
2025-06-08 11:00:00+00:00,4,59.0,599.1087743548802,16.035368292911834,37.4158593501276,545.6575467118406,16.035368292911834,12.641567592487863,3.393800700423969,44.01050440842749,16.035368292911834,0.0,37.4158593501276,0.0,545.6575467118406,0.0,23.32417206241721,7.288803769505378,583.0734060619683,777.4312080826244,194.3578020206561,0.0,0.0,0.0,0.0,6.579051247622235,0.0,18.744884024976475,226.97054106276016,611.2691435187199,800.7553801450416,0.0,0.0,0.0,0.0,214.81017189892037,42.96203437978408,23.764970125864835,0.0,0.0,0.0,0.0,0.0
2025-06-08 12:00:00+00:00,4,59.0,573.3878792981064,15.555912218465338,36.29712850975244,521.5348385698885,15.555912218465338,12.270649765102034,3.2852624533633037,44.01050440842749,15.555912218465338,0.0,36.29712850975244,0.0,521.5348385698885,0.0,22.626781408676855,7.070869190211518,557.8319670796409,743.7759561061878,185.94398902654694,0.0,0.0,0.0,0.0,6.3042622409914575,0.0,17.977991917346003,217.2971123750959,790.6849916732023,766.4027375148646,0.0,0.0,0.0,0.0,0.0,42.96203437978408,23.771856312203045,0.0,0.0,0.0,-8.526512829121202e-14,0.0
2025-06-08 13:00:00+00:00,4,59.0,560.2216272120861,15.180687397462627,35.42160392741279,509.61933588721075,15.180687397462627,12.042421495057571,3.138265902405055,44.01050440842749,15.180687397462627,0.0,35.42160392741279,0.0,509.61933588721075,0.0,22.08099985085473,6.900312453392104,545.0409398146235,726.7212530861646,181.68031327154114,0.0,0.0,0.0,0.0,6.158841476694491,0.0,17.5665517700834,212.30601897171115,920.0051584304157,748.8022529370193,0.0,0.0,0.0,147.47751224661843,0.0,182.87148708619108,23.776025301836587,0.0,0.0,0.0,0.0,0.0
2025-06-08 14:00:00+00:00,4,59.0,563.5201585637637,14.986471002626018,34.96843233946071,513.5652552216769,14.986471002626018,11.848069924345843,3.138401078280176,44.01050440842749,14.986471002626018,0.0,34.96843233946071,0.0,513.5652552216769,0.0,21.798503276546935,6.812032273920917,548.5336875611376,731.3782500815169,182.8445625203792,0.0,0.0,0.0,0.0,6.1847055224005905,0.0,17.616420601760318,213.45772091846104,776.9778794822247,753.1767533580638,0.0,0.0,0.0,0.0,0.0,182.87148708619108,23.779694560564195,0.0,0.0,0.0,-8.526512829121202e-14,0.0
2025-06-08 15:00:00+00:00,4,59.0,602.3562590129512,14.637512362517322,34.154195512540404,553.5645511378935,14.637512362517322,10.9646053396513,3.6729070228660223,44.01050440842749,14.637512362517322,0.0,34.154195512540404,0.0,553.5645511378935,0.0,21.290927072752467,6.653414710235146,587.7187466504339,783.6249955339118,195.90624888347796,0.0,0.0,0.0,0.0,6.560271376755147,0.0,18.541853530836555,227.6617885013048,1044.8282194131764,804.9159226066643,0.0,0.0,0.0,214.81017189892037,0.0,386.65830941805666,23.795219128039435,0.0,0.0,0.0,-2.842170943040401e-14,0.0
2025-06-08 16:00:00+00:00,4,59.0,615.9337377087282,15.077705102190595,35.18131190511138,565.674720701426,15.077705102190595,11.317982639712561,3.7597224624780345,44.01050440842749,15.077705102190595,0.0,35.18131190511138,0.0,565.674720701426,0.0,21.93120742136814,6.853502319177544,600.8560326065374,801.1413768087165,200.28534420217912,0.0,0.0,0.0,0.0,6.7121865641676015,0.0,18.980832013926207,232.83186509945048,848.7656028081788,823.0725842300847,0.0,0.0,0.0,0.0,0.0,386.65830941805666,23.78859729265599,0.0,0.0,0.0,2.842170943040401e-14,0.0
2025-06-08 17:00:00+00:00,4,59.0,615.2947380645251,15.154129216273946,35.35963483797253,564.7809740102784,15.154129216273946,11.455428006979556,3.6987012092943896,44.01050440842749,15.154129216273946,0.0,35.35963483797253,0.0,564.7809740102784,0.0,22.042369769125738,6.888240552851793,600.140608848251,800.1874784643346,200.04686961608365,0.0,0.0,0.0,0.0,6.708598785241961,0.0,18.982810343160917,232.6265192973383,847.9212573618634,822.2298482334603,0.0,0.0,0.0,0.0,0.0,386.65830941805666,23.78592865523869,0.0,0.0,0.0,0.0,0.0
2025-06-08 18:00:00+00:00,4,59.0,612.0817645453157,14.963611451998343,34.91509338799612,562.2030597053213,14.963611451998343,11.252949694250503,3.7106617577478396,44.01050440842749,14.963611451998343,0.0,34.91509338799612,0.0,562.2030597053213,0.0,21.765253021088498,6.8016415690901555,597.1181530933175,796.1575374577566,199.03938436443914,0.0,0.0,0.0,0.0,6.669483398693097,0.0,18.860036278851247,231.37054561107365,628.6421382574688,817.9227904788451,0.0,0.0,0.0,0.0,214.81017189892037,160.2285068270949,23.78987635913883,0.0,0.0,0.0,-1.9895196601282805e-13,0.0
2025-06-08 19:00:00+00:00,4,59.0,612.7765898880782,14.7444024722822,34.403605768658466,563.6285816471376,14.7444024722822,11.122048502045125,3.622353970237075,44.01050440842749,14.7444024722822,0.0,34.403605768658466,0.0,563.6285816471376,0.0,21.446403596046835,6.702001123764636,598.032187415796,797.3762498877279,199.34406247193198,0.0,0.0,0.0,0.0,6.66839398953113,0.0,18.842081133801127,231.55653871902885,733.0843847750425,818.8226534837747,0.0,0.0,0.0,0.0,111.24874383206452,42.96203437978408,23.7923404968671,0.0,0.0,0.0,-2.842170943040401e-14,0.0
2025-06-08 20:00:00+00:00,4,59.0,607.230338178339,14.50845920426059,33.85307147660804,558.8688074974704,14.50845920426059,10.895827078941458,3.6126321253191325,44.01050440842749,14.50845920426059,0.0,33.85307147660804,0.0,558.8688074974704,0.0,21.103213388015405,6.594754183754814,592.7218789740784,790.2958386321045,197.57395965802613,0.0,0.0,0.0,0.0,6.604280219272946,0.0,18.65016849978762,229.4231625608415,836.6535007391806,811.3990520201199,0.0,0.0,0.0,0.0,0.0,42.96203437978408,23.79646194824563,0.0,0.0,0.0,5.684341886080802e-14,0.0
2025-06-08 21:00:00+00:00,4,59.0,601.818559038856,14.38770992945448,33.57132316872711,553.8595259406745,14.38770992945448,10.669064746392953,3.7186451830615272,44.01050440842749,14.38770992945448,0.0,33.57132316872711,0.0,553.8595259406745,0.0,20.927578079206516,6.539868149752036,587.4308491094016,783.2411321458687,195.81028303646718,0.0,0.0,0.0,0.0,6.545734954468559,0.0,18.476224154998903,227.3721102956867,829.1906693345427,804.1687102250753,0.0,0.0,0.0,0.0,0.0,42.96203437978408,23.80085082145111,0.0,0.0,0.0,-5.684341886080802e-14,0.0
2025-06-08 22:00:00+00:00,4,59.0,595.4712304975054,14.519789285637327,33.87950833315376,547.0719328787146,14.519789285637327,10.733299616002583,3.7864896696347436,44.01050440842749,14.519789285637327,0.0,33.87950833315376,0.0,547.0719328787146,0.0,21.119693506381566,6.599904220744239,580.9514412118683,774.6019216158244,193.6504804039561,0.0,0.0,0.0,0.0,6.487104578781758,0.0,18.328939023757354,225.06642822723944,820.5376587247448,795.721615122206,0.0,0.0,0.0,0.0,0.0,42.96203437978408,23.799656848749226,0.0,0.0,0.0,-5.684341886080802e-14,0.0
2025-06-08 23:00:00+00:00,4,59.0,594.7509750451991,14.32712698473695,33.429962964386206,546.9938850960759,14.32712698473695,10.685335792598362,3.6417911921385873,44.01050440842749,14.32712698473695,0.0,33.429962964386206,0.0,546.9938850960759,0.0,20.839457432344656,6.512330447607705,580.4238480604622,773.8984640806162,193.47461602015406,0.0,0.0,0.0,0.0,6.472837739892347,0.0,18.282442693363297,224.7422269010174,819.4932019462165,794.7379215129608,0.0,0.0,0.0,0.0,0.0,42.96203437978408,23.800511213668763,0.0,0.0,0.0,-2.842170943040401e-14,0.0
2025-07-04 00:00:00+00:00,5,66.0,563.9915753682908,12.940205784154037,30.193813496359418,520.8575560877773,12.940205784154037,10.059014445317038,2.8811913388369987,44.01050440842749,12.940205784154037,0.0,30.193813496359418,0.0,520.8575560877773,0.0,18.822117504224053,5.881911720070017,551.0513695841368,734.7351594455156,183.6837898613789,0.0,0.0,0.0,0.0,6.114389965768556,0.0,17.25092570133259,212.93101724855006,924.4001048634591,753.5572769497396,0.0,0.0,0.0,147.47751224661843,0.0,182.87148708619108,23.81221901115309,0.0,0.0,0.0,-1.9895196601282805e-13,0.0
2025-07-04 01:00:00+00:00,5,66.0,555.1412780435036,12.765591823992947,29.786380922650203,512.5893052968604,12.765591823992947,9.862074578077376,2.9035172459155714,44.01050440842749,12.765591823992947,0.0,29.786380922650203,0.0,512.5893052968604,0.0,18.56813356217156,5.802541738178613,542.3756862195105,723.167581626014,180.7918954065035,0.0,0.0,0.0,0.0,6.019484480648108,0.0,16.981132352730896,209.59505397806112,764.7363320215646,741.7357151881855,0.0,0.0,0.0,0.0,0.0,182.87148708619108,23.815877721459863,0.0,0.0,0.0,-5.684341886080802e-14,0.0
2025-07-04 02:00:00+00:00,5,66.0,552.5011766364046,12.74396052943544,29.735907902016017,510.02130820495324,12.74396052943544,9.894070142190127,2.8498903872453143,44.01050440842749,12.74396052943544,0.0,29.735907902016017,0.0,510.02130820495324,0.0,18.536669860997005,5.792709331561564,539.7572161069693,719.6762881426257,179.91907203565643,0.0,0.0,0.0,0.0,5.992290319110014,0.0,16.91062991192845,208.61470159825646,761.1158782346611,738.2129580036227,0.0,0.0,0.0,0.0,0.0,182.87148708619108,23.81526455415039,0.0,0.0,0.0,2.842170943040401e-14,0.0
2025-07-04 03:00:00+00:00,5,66.0,551.0076919155335,12.76905575357174,29.79446342500072,508.4441727369611,12.76905575357174,9.893056523228537,2.8759992303432025,44.01050440842749,12.76905575357174,0.0,29.79446342500072,0.0,508.4441727369611,0.0,18.573172005195257,5.804116251623518,538.2386361619618,717.6515148826157,179.41287872065394,0.0,0.0,0.0,0.0,5.978275630119633,0.0,16.874129859654943,208.06940046205204,973.8872642765059,736.224686887811,0.0,0.0,0.0,214.81017189892037,0.0,386.65830941805666,23.81527410390554,0.0,0.0,0.0,-5.684341886080802e-14,0.0
2025-07-04 04:00:00+00:00,5,66.0,549.5207933280129,12.740270637144313,29.727298153336726,507.05322453753195,12.740270637144313,9.822244538263131,2.9180260988811826,44.01050440842749,12.740270637144313,0.0,29.727298153336726,0.0,507.05322453753195,0.0,18.531302744937182,5.791032107792869,536.7805226908687,715.7073635878248,178.9268408969562,0.0,0.0,0.0,0.0,5.962351189975422,0.0,16.826311124452936,207.5065353191774,757.0273286471903,734.238666332762,0.0,0.0,0.0,0.0,0.0,386.65830941805666,23.816612531984163,0.0,0.0,0.0,-2.842170943040401e-14,0.0
2025-07-04 05:00:00+00:00,5,66.0,548.7210887916489,12.66705673962833,29.55646572579943,506.497566326221,12.66705673962833,9.844236086073886,2.8228206535544444,44.01050440842749,12.66705673962833,0.0,29.55646572579943,0.0,506.497566326221,0.0,18.424809803095755,5.757753063467423,536.0540320520204,714.7387094026938,178.68467735067344,0.0,0.0,0.0,0.0,5.951669635036192,0.0,16.79743331691598,207.191533366093,755.9126221577419,733.1635192057895,0.0,0.0,0.0,0.0,0.0,386.65830941805666,23.816253530516352,0.0,0.0,0.0,2.842170943040401e-14,0.0
2025-07-04 06:00:00+00:00,5,66.0,545.4642942317033,12.55949230407305,29.30548204283711,503.5993198847931,12.55949230407305,9.66441539100268,2.89507691307037,44.01050440842749,12.55949230407305,0.0,29.30548204283711,0.0,503.5993198847931,0.0,18.268352442288073,5.708860138215023,532.9048019276303,710.539735903507,177.63493397587675,0.0,0.0,0.0,0.0,5.915157660133045,0.0,16.685435739927065,205.94438751415188,751.4086817458551,728.8080883457951,0.0,0.0,0.0,0.0,0.0,386.65830941805666,23.819697032354007,0.0,0.0,0.0,-8.526512829121202e-14,0.0
2025-07-04 07:00:00+00:00,5,66.0,550.4560618809871,12.682262479676154,29.591945785911015,508.1818536153999,12.682262479676154,9.750991813376217,2.9312706662999366,44.01050440842749,12.682262479676154,0.0,29.591945785911015,0.0,508.1818536153999,0.0,18.446927243165316,5.7646647634891615,537.773799401311,717.0317325350812,179.2579331337703,0.0,0.0,0.0,0.0,5.96957690973133,0.0,16.83898630262254,207.83116110961333,758.2872229906004,735.4786597782465,0.0,0.0,0.0,0.0,0.0,386.65830941805666,23.81808645085811,0.0,0.0,0.0,-5.684341886080802e-14,0.0
2025-07-04 08:00:00+00:00,5,66.0,556.6533948802451,12.801821362712163,29.87091651299504,513.9806570045378,12.801821362712163,9.859925747821043,2.94189561489112,44.01050440842749,12.801821362712163,0.0,29.87091651299504,0.0,513.9806570045378,0.0,18.620831073035873,5.81900971032371,543.8515735175328,725.1354313567103,181.28385783917759,0.0,0.0,0.0,0.0,6.035934065435228,0.0,17.025599547304342,210.1644011622409,766.8177960424858,743.7562624297462,0.0,0.0,0.0,0.0,0.0,386.65830941805666,23.816248837702748,0.0,0.0,0.0,-1.1368683772161603e-13,0.0
2025-07-04 09:00:00+00:00,5,66.0,555.5835646963462,12.803289492807542,29.874342149884257,512.9059330536546,12.803289492807542,9.885362651382065,2.9179268414254764,44.01050440842749,12.803289492807542,0.0,29.874342149884257,0.0,512.9059330536546,0.0,18.622966534992788,5.819677042185246,542.7802752035388,723.7070336047184,180.9267584011796,0.0,0.0,0.0,0.0,6.025289595033073,0.0,16.999159942580153,209.77088498097808,765.3544496773243,742.3300001397112,0.0,0.0,0.0,0.0,0.0,386.65830941805666,23.8157603143952,0.0,0.0,0.0,-2.842170943040401e-14,0.0
2025-07-04 10:00:00+00:00,5,66.0,550.261433786104,12.74177761936556,29.730814445186304,507.78884172155233,12.74177761936556,9.730637641960616,3.0111399774049437,44.01050440842749,12.74177761936556,0.0,29.730814445186304,0.0,507.78884172155233,0.0,18.53349471907718,5.791717099711619,537.5196561667386,716.6928748889848,179.1732187222462,0.0,0.0,0.0,0.0,5.969812850571112,0.0,16.83990808475068,207.7746567572796,758.0360905433836,735.226369608062,0.0,0.0,0.0,0.0,0.0,386.65830941805666,23.818909078190153,0.0,0.0,0.0,-2.842170943040401e-14,0.0
2025-07-04 11:00:00+00:00,5,66.0,546.3146459630349,12.670186277055656,29.563767979796523,504.08069170618273,12.670186277055656,9.716959692257447,2.9532265847982098,44.01050440842749,12.670186277055656,0.0,0.0,29.563767979796694,504.08069170618273,0.0,18.4293618575355,5.759175580479844,504.0806917061826,672.1075889415768,168.0268972353942,0.0,0.0,29.563767979796648,0.4434565196969497,5.632082276657757,0.5912753595959339,16.725414481562375,197.17830145338706,528.6827755175016,690.5369507991122,0.0,0.0,0.0,0.0,214.81017189892037,160.2285068270949,23.81910802829063,0.0,0.0,0.0,-5.684341886080802e-14,0.0
2025-07-04 12:00:00+00:00,5,66.0,528.2937908443811,11.987565817316945,27.970986907072863,488.33523811999123,11.987565817316945,9.177918947481476,2.8096468698354675,44.01050440842749,11.987565817316945,0.0,0.0,27.97098690707287,488.33523811999123,0.0,17.43645937064283,5.448893553325885,488.33523811999123,651.113650826655,162.77841270666374,0.0,0.0,27.970986907072913,0.41956480360609366,5.442772119341369,0.5594197381414574,16.12568999367281,190.77475291475133,607.819799927068,668.5501101972978,0.0,0.0,0.0,0.0,111.24874383206452,42.96203437978408,23.82900865919109,0.0,0.0,0.0,5.684341886080802e-14,0.0
2025-07-04 13:00:00+00:00,5,66.0,533.0204014272432,12.372320838592485,28.86874862338246,491.7793319652685,12.372320838592485,9.639253859927582,2.733066978664903,44.01050440842749,12.372320838592485,0.0,28.86874862338246,0.0,491.7793319652685,0.0,17.996103037952704,5.62378219936022,520.6480805886509,694.1974407848679,173.54936019621698,0.0,0.0,0.0,0.0,5.783855778354159,0.0,16.330499371585137,201.28749754551652,881.785411219378,712.1935438228206,0.0,0.0,0.0,147.47751224661843,0.0,182.87148708619108,23.820165451989126,0.0,0.0,0.0,-1.1368683772161603e-13,0.0
2025-07-04 14:00:00+00:00,5,66.0,542.9667361061917,12.855085085043129,29.995198531767294,500.11645248938123,12.855085085043129,10.159525857735792,2.6955592273073368,44.01050440842749,12.855085085043129,0.0,29.995198531767294,0.0,500.11645248938123,0.0,18.69830557824455,5.843220493201422,530.1116510211485,706.8155346948647,176.70388367371618,0.0,0.0,0.0,0.0,5.901020480846831,0.0,16.689919602565773,205.13804425033018,748.1047803565218,725.5138402731093,0.0,0.0,0.0,0.0,0.0,182.87148708619108,23.810291011434767,0.0,0.0,0.0,-2.842170943040401e-14,0.0
2025-07-04 15:00:00+00:00,5,66.0,550.8725653404197,12.98497879368068,30.298283851921585,507.5893026948174,12.98497879368068,10.259822969067514,2.725155824613166,44.01050440842749,12.98497879368068,0.0,30.298283851921585,0.0,507.5893026948174,0.0,18.887241881717355,5.9022630880366735,537.8875865467389,717.1834487289852,179.2958621822463,0.0,0.0,0.0,0.0,5.984841542505821,0.0,16.922517310232116,208.10548412302091,973.7882213623609,736.0706906107026,0.0,0.0,0.0,214.81017189892037,0.0,386.65830941805666,23.808460726361567,0.0,0.0,0.0,-5.684341886080802e-14,0.0
2025-07-04 16:00:00+00:00,5,66.0,552.7409734503183,13.099292999099363,30.56501699789851,509.0766634533205,13.099292999099363,10.424430588610344,2.6748624104890197,44.01050440842749,13.099292999099363,0.0,0.0,30.565016997898738,509.0766634533205,0.0,19.053517089599072,5.95422409049971,509.0766634533202,678.7688846044268,169.6922211511067,0.0,0.0,30.565016997898773,0.45847525496848157,5.7020669744911725,0.6113003399579747,16.997536069095077,199.41582388011912,537.3466254315169,697.8224016940259,0.0,0.0,0.0,0.0,214.81017189892037,160.2285068270949,23.805404772544268,0.0,0.0,0.0,-1.4210854715202004e-13,0.0
2025-07-04 17:00:00+00:00,5,66.0,552.7391264069563,13.109627373048827,30.589130537113924,509.04036849679346,13.109627373048827,10.423952911494649,2.6856744615541785,44.01050440842749,13.109627373048827,0.0,30.589130537113924,0.0,509.04036849679346,0.0,19.06854890625284,5.958921533204013,539.6294990339075,719.5059987118766,179.87649967796915,0.0,0.0,0.0,0.0,6.008077601081354,0.0,16.998750280290462,208.84224909254496,761.5813754995013,738.5745476181295,0.0,0.0,0.0,0.0,0.0,160.2285068270949,23.805485931189168,0.0,0.0,0.0,2.842170943040401e-14,0.0
2025-07-04 18:00:00+00:00,5,66.0,600.702697724789,14.191455578488583,33.11339634980669,553.3978457964936,14.191455578488583,11.38326248147898,2.808193097009603,44.01050440842749,14.191455578488583,0.0,33.11339634980669,0.0,553.3978457964936,0.0,20.642117205074303,6.4506616265857195,586.5112421463002,782.0149895284003,195.50374738210007,0.0,0.0,0.0,0.0,6.527380348459136,0.0,18.470534972465277,226.9523243296102,716.4062782223347,802.6571067334746,0.0,0.0,0.0,0.0,111.24874383206452,42.96203437978408,23.787320615001907,0.0,0.0,0.0,-2.842170943040401e-14,0.0
2025-07-04 19:00:00+00:00,5,66.0,596.5159673214683,14.106538782029556,32.915257158068954,549.4941713813698,14.106538782029556,11.33665174039652,2.7698870416330355,44.01050440842749,14.106538782029556,0.0,32.915257158068954,0.0,549.4941713813698,0.0,20.518601864770265,6.4120630827407075,582.4094285394389,776.5459047192518,194.13647617981295,0.0,0.0,0.0,0.0,6.482399428555768,0.0,18.345776607601664,225.37671529871108,821.8926826201794,797.0645065840221,0.0,0.0,0.0,0.0,0.0,42.96203437978408,23.788194208199997,0.0,0.0,0.0,-5.684341886080802e-14,0.0
2025-07-04 20:00:00+00:00,5,66.0,552.0518882796927,14.250030638186276,33.250071489101316,504.551786152405,14.250030638186276,11.469803723463736,2.7802269147225402,44.01050440842749,14.250030638186276,0.0,33.250071489101316,0.0,504.551786152405,0.0,20.727317291907312,6.477286653721035,537.8018576415063,717.0691435220084,179.2672858805021,0.0,0.0,0.0,0.0,6.043020006197089,0.0,17.194506926163676,208.9820994665839,761.0339877462766,737.7964608139157,0.0,0.0,0.0,0.0,0.0,42.96203437978408,23.785611295456107,0.0,0.0,0.0,2.842170943040401e-14,0.0
2025-07-04 21:00:00+00:00,5,66.0,536.4362197122941,13.604479216792491,31.74378483918247,491.08795565631914,13.604479216792491,10.840731208278509,2.763748008513981,44.01050440842749,13.604479216792491,0.0,31.74378483918247,0.0,491.08795565631914,0.0,19.788333406243623,6.183854189451132,522.8317404955017,697.1089873273355,174.27724683183388,0.0,0.0,0.0,0.0,5.863193101738666,0.0,16.657055097388884,202.98134922041254,739.4175689327067,716.8973207335791,0.0,0.0,0.0,0.0,0.0,42.96203437978408,23.797692576990734,0.0,0.0,0.0,0.0,0.0
2025-07-04 22:00:00+00:00,5,66.0,531.4018969505333,13.30245995372556,31.03907322535963,487.0603637714481,13.30245995372556,10.529954303011618,2.772505650713941,44.01050440842749,13.30245995372556,0.0,31.03907322535963,0.0,487.0603637714481,0.0,19.34903265996445,6.046572706238891,518.0994369968078,690.7992493290769,172.69981233226923,0.0,0.0,0.0,0.0,5.80177583447527,0.0,16.46468461694837,201.01284548993178,732.414742440465,710.1482819890414,0.0,0.0,0.0,0.0,0.0,42.96203437978408,23.80350887240921,0.0,0.0,0.0,-8.526512829121202e-14,0.0
2025-07-04 23:00:00+00:00,5,66.0,528.6869526739996,12.911234938202266,30.126214855805284,485.6495028799921,12.911234938202266,10.127251323417791,2.783983614784476,44.01050440842749,12.911234938202266,0.0,30.126214855805284,0.0,485.6495028799921,0.0,18.77997809193057,5.868743153728303,515.7757177357973,687.7009569810631,171.92523924526577,0.0,0.0,0.0,0.0,5.76028147447408,0.0,16.316353633246383,199.87061750671455,728.5575701807142,706.4809350729937,0.0,0.0,0.0,0.0,0.0,42.96203437978408,23.81116193265697,0.0,0.0,0.0,0.0,0.0
2025-09-25 00:00:00+00:00,6,31.0,580.626548407498,14.84640686366211,34.64161601521159,531.1385255286245,14.84640686366211,11.09404095819125,3.7523659054708602,44.01050440842749,14.84640686366211,0.0,34.64161601521159,0.0,531.1385255286245,0.0,21.59477361987216,6.74836675621005,565.7801415438361,754.3735220584481,188.59338051461202,0.0,0.0,0.0,0.0,6.350633735742593,0.0,18.000991630912115,219.6933726374768,800.3199210449749,775.9682956783203,0.0,0.0,0.0,0.0,0.0,42.96203437978408,23.792532402513597,0.0,0.0,0.0,2.842170943040401e-14,0.0
2025-09-25 01:00:00+00:00,6,31.0,562.9993564957928,14.481370677463195,33.78986491408078,514.7281209042487,14.481370677463195,10.868559500762629,3.612811176700566,44.01050440842749,14.481370677463195,0.0,33.78986491408078,0.0,514.7281209042487,0.0,21.06381189449192,6.582441217028725,548.5179858183296,731.3573144244394,182.83932860610986,0.0,0.0,0.0,0.0,6.160977156464912,0.0,17.47280036691415,213.05554734651767,990.8650757412307,752.4211263189313,0.0,0.0,0.0,214.81017189892037,0.0,246.74885671164967,23.796656938464515,0.0,0.0,0.0,-8.526512829121202e-14,0.0
2025-09-25 02:00:00+00:00,6,31.0,556.114965201294,14.474816174519313,33.774571073878384,507.8655779528963,14.474816174519313,10.834207373198847,3.6406088013204663,44.01050440842749,14.474816174519313,0.0,33.774571073878384,0.0,507.8655779528963,0.0,21.054278072028094,6.5794618975087795,541.6401490267747,722.1868653690328,180.5467163422582,0.0,0.0,0.0,0.0,6.091892911745314,0.0,17.287210211111553,210.50528136262386,766.6202465639178,743.2411434410609,0.0,0.0,0.0,0.0,0.0,246.74885671164967,23.797361737765655,0.0,0.0,0.0,-5.684341886080802e-14,0.0
2025-09-25 03:00:00+00:00,6,31.0,560.6667242125247,14.602592677497816,34.07271624749489,511.9914152875321,14.602592677497816,10.8939773029504,3.7086153745474153,44.01050440842749,14.602592677497816,0.0,34.07271624749489,0.0,511.9914152875321,0.0,21.240134803633186,6.63754212613537,546.064131535027,728.0855087133692,182.0213771783423,0.0,0.0,0.0,0.0,6.142095640300167,0.0,17.427908353312326,212.22892329809017,920.3731597572332,749.3256435170024,0.0,0.0,0.0,147.47751224661843,0.0,386.65830941805666,23.796297052077104,0.0,0.0,0.0,-1.1368683772161603e-13,0.0
2025-09-25 04:00:00+00:00,6,31.0,559.6339773760104,14.183895363234878,33.09575584754804,512.3543261652276,14.183895363234878,10.647510518255372,3.536384844979507,44.01050440842749,14.183895363234878,0.0,33.09575584754804,0.0,512.3543261652276,0.0,20.63112052834164,6.4472251651067625,545.4500820127756,727.2667760170341,181.81669400425852,0.0,0.0,0.0,0.0,6.116415937078717,0.0,17.331317931601706,211.71165303804574,771.3456304140561,747.8978965453757,0.0,0.0,0.0,0.0,0.0,386.65830941805666,23.80092674545984,0.0,0.0,0.0,-2.842170943040401e-14,0.0
2025-09-25 05:00:00+00:00,6,31.0,570.1893381712493,14.445809667130593,33.70688922330471,522.036639280814,14.445809667130593,10.845635694832954,3.6001739722976396,44.01050440842749,14.445809667130593,0.0,33.70688922330471,0.0,522.036639280814,0.0,21.01208678855359,6.5662771214229965,555.7435285041187,740.9913713388248,185.2478428347062,0.0,0.0,0.0,0.0,6.231573069507281,0.0,17.657320482614576,215.70301350825105,785.8923516795003,762.0034581273784,0.0,0.0,0.0,0.0,0.0,386.65830941805666,23.797084783626346,0.0,0.0,0.0,-1.1368683772161603e-13,0.0
2025-09-25 06:00:00+00:00,6,31.0,579.5127347901592,14.510268137715732,33.8572923213367,531.1451743311069,14.510268137715732,10.954927999840622,3.5553401378751097,44.01050440842749,14.510268137715732,0.0,33.8572923213367,0.0,531.1451743311069,0.0,21.105844563950157,6.595576426234424,565.0024666524436,753.336622203258,188.3341555508145,0.0,0.0,0.0,0.0,6.32717051295117,0.0,17.919890986956133,219.17679347695622,798.6895282671154,774.4424667672082,0.0,0.0,0.0,0.0,0.0,386.65830941805666,23.79479234622876,0.0,0.0,0.0,-5.684341886080802e-14,0.0
2025-09-25 07:00:00+00:00,6,31.0,588.0448089543725,14.407840347082653,33.61829414319285,540.0186744640969,14.407840347082653,10.867661217062466,3.540179130020187,44.01050440842749,14.407840347082653,0.0,33.61829414319285,0.0,540.0186744640969,0.0,20.956858686665676,6.549018339583023,573.6369686072898,764.8492914763863,191.21232286909657,0.0,0.0,0.0,0.0,6.408735568936755,0.0,18.12722562266799,222.29730240028434,810.3421113546568,785.8061501630519,0.0,0.0,0.0,0.0,0.0,386.65830941805666,23.796536364018195,0.0,0.0,0.0,2.842170943040401e-14,0.0
2025-09-25 08:00:00+00:00,6,31.0,589.0935719313475,14.000028550325341,32.66673328409245,542.4268100969298,14.000028550325341,10.536466686336777,3.4635618639885646,44.01050440842749,14.000028550325341,0.0,32.66673328409245,0.0,542.4268100969298,0.0,20.363677891382313,6.3636493410569726,575.0935433810223,766.7913911746964,191.6978477936741,0.0,0.0,0.0,0.0,6.404270099492073,0.0,18.08140796124212,222.54717519546526,811.6407471268127,787.1550690660787,0.0,0.0,0.0,0.0,0.0,386.65830941805666,23.803153839630504,0.0,0.0,0.0,-2.842170943040401e-14,0.0
2025-09-25 09:00:00+00:00,6,31.0,586.064822463597,14.00927247960551,32.68830245241285,539.3672475315786,14.00927247960551,10.43931986176858,3.5699526178369307,44.01050440842749,14.00927247960551,0.0,32.68830245241285,0.0,539.3672475315786,0.0,20.377123606698923,6.367851127093413,572.0555499839915,762.7407333119886,190.68518332799715,0.0,0.0,0.0,0.0,6.3743215488881715,0.0,17.995709953459812,221.42306595743855,807.4878884210356,783.1178569186875,0.0,0.0,0.0,0.0,0.0,386.65830941805666,23.805045828163923,0.0,0.0,0.0,0.0,0.0
2025-09-25 10:00:00+00:00,6,31.0,589.882534831607,14.137995712785905,32.988656663167106,542.7558824556539,14.137995712785905,10.629734669862167,3.5082610429237384,44.01050440842749,14.137995712785905,0.0,32.988656663167106,0.0,542.7558824556539,0.0,20.56435740041586,6.4263616876299565,575.744539118821,767.6593854917612,191.9148463729403,0.0,0.0,0.0,0.0,6.417218524451552,0.0,18.12594366513312,222.88437025015494,701.5181612496974,788.223742892177,0.0,0.0,0.0,0.0,111.24874383206453,269.3918369707458,23.801286686297242,0.0,0.0,0.0,-2.842170943040401e-14,0.0
2025-09-25 11:00:00+00:00,6,31.0,596.9015300254065,14.388405235297684,33.57294554902792,548.940179241081,14.388405235297684,10.748031115142933,3.6403741201547515,44.01050440842749,14.388405235297684,0.0,33.57294554902792,0.0,548.940179241081,0.0,20.92858943316027,6.540184197862584,582.5131247901089,776.6841663868119,194.17104159670296,0.0,0.0,0.0,0.0,6.496590158881649,0.0,18.35137086127034,225.55918681471752,607.6505449412036,797.6127558199721,0.0,0.0,0.0,0.0,214.81017189892037,42.96203437978408,23.79898891209961,0.0,0.0,0.0,-5.684341886080802e-14,0.0
2025-09-25 12:00:00+00:00,6,31.0,590.6705895303462,14.435651346970616,33.683186476264765,542.5517517071107,14.435651346970616,10.745435285325485,3.690216061645131,44.01050440842749,14.435651346970616,0.0,33.683186476264765,0.0,542.5517517071107,0.0,20.99731105013908,6.561659703168462,576.2349381833754,768.3132509111672,192.0783127277918,0.0,0.0,0.0,0.0,6.43601311135905,0.0,18.191997802024463,223.26798334434378,813.93857287469,789.3105619613062,0.0,0.0,0.0,0.0,0.0,42.96203437978408,23.79907624839284,0.0,0.0,0.0,-2.842170943040401e-14,0.0
2025-09-25 13:00:00+00:00,6,31.0,582.8526041395903,14.292579359418529,33.34935183864322,535.2106729415285,14.292579359418529,10.607009815713127,3.6855695437054017,44.01050440842749,14.292579359418529,0.0,33.34935183864322,0.0,535.2106729415285,0.0,20.789206340972406,6.496626981553877,568.5600247801717,758.080033040229,189.52000826005724,0.0,0.0,0.0,0.0,6.352587284574581,0.0,17.957487411206277,220.32670993739197,950.6568263236006,778.8692393812014,0.0,0.0,0.0,147.47751224661843,0.0,182.87148708619108,23.80179399400288,0.0,0.0,0.0,-8.526512829121202e-14,0.0
2025-09-25 14:00:00+00:00,6,31.0,579.6369780864256,14.190587675259655,33.11137124227252,532.3350191688934,14.190587675259655,10.402122963825704,3.788464711433951,44.01050440842749,14.190587675259655,0.0,33.11137124227252,0.0,532.3350191688934,0.0,20.64085480037768,6.4502671251180255,565.4463904111659,753.9285205482212,188.4821301370553,0.0,0.0,0.0,0.0,6.316691328957109,0.0,17.84557776530539,219.09466635643582,798.7316444428614,774.5693753485989,0.0,0.0,0.0,0.0,0.0,182.87148708619108,23.80574906416813,0.0,0.0,0.0,-1.1368683772161603e-13,0.0
2025-09-25 15:00:00+00:00,6,31.0,580.4506328796796,14.20776121517699,33.15144283541297,533.0914288290898,14.20776121517699,10.53110454527102,3.67665666990597,44.01050440842749,14.20776121517699,0.0,33.15144283541297,0.0,533.0914288290898,0.0,20.665834494802894,6.458073279625904,566.2428716645027,754.9904955526702,188.74762388816754,0.0,0.0,0.0,0.0,6.325457573353287,0.0,17.87804880729305,219.40920354843976,1014.6700083270396,775.656330047473,0.0,0.0,0.0,214.81017189892037,0.0,386.65830941805666,23.80326597640638,0.0,0.0,0.0,-1.4210854715202004e-13,0.0
2025-09-25 16:00:00+00:00,6,31.0,580.5047003470874,14.205621132983211,33.14644931029415,533.15262990381,14.205621132983211,10.505824486674173,3.6997966463090375,44.01050440842749,14.205621132983211,0.0,33.14644931029415,0.0,533.15262990381,0.0,20.66272164797558,6.457100514992369,566.299079214104,755.0654389521387,188.76635973803468,0.0,0.0,0.0,0.0,6.325919778346924,0.0,17.877497107403496,219.42687713877746,799.9315774858648,775.7281606001143,0.0,0.0,0.0,0.0,0.0,386.65830941805666,23.803758126472783,0.0,0.0,0.0,-5.684341886080802e-14,0.0
2025-09-25 17:00:00+00:00,6,31.0,584.6036438866398,14.336981274269016,33.45295630662769,536.8137063057432,14.336981274269016,10.583480050371897,3.7535012238971195,44.01050440842749,14.336981274269016,0.0,33.45295630662769,0.0,536.8137063057432,0.0,20.853790944391296,6.51680967012228,570.2666626123707,760.3555501498276,190.0888875374569,0.0,0.0,0.0,0.0,6.371725752256261,0.0,18.007859114293424,220.98528207412886,805.5889259607686,781.209341094219,0.0,0.0,0.0,0.0,0.0,386.65830941805666,23.802249803929183,0.0,0.0,0.0,-5.684341886080802e-14,0.0
2025-09-25 18:00:00+00:00,6,31.0,597.0969324033201,14.771333126338416,34.46644396145629,547.8591553155253,14.771333126338416,10.974846085569684,3.7964870407687314,44.01050440842749,14.771333126338416,0.0,34.46644396145629,0.0,547.8591553155253,0.0,21.485575456492242,6.714242330153826,582.3255992769815,776.4341323693086,194.10853309232715,0.0,0.0,0.0,0.0,6.512584871998941,0.0,18.41995325450511,225.75531354898504,608.0420740533848,797.9197078258009,0.0,0.0,0.0,0.0,214.81017189892037,160.2285068270949,23.794909254988543,0.0,0.0,0.0,-5.684341886080802e-14,0.0
2025-09-25 19:00:00+00:00,6,31.0,601.2979261905205,14.914496681242575,34.80049225623267,551.5829372530452,14.914496681242575,11.145693430975475,3.7688032502670996,44.01050440842749,14.914496681242575,0.0,34.80049225623267,0.0,551.5829372530452,0.0,21.693813354534655,6.7793166732920795,586.3834295092779,781.8445726790371,195.46114316975928,0.0,0.0,0.0,0.0,6.559844140217432,0.0,18.56082587821607,227.36112986148484,717.4103122199408,803.5383860335718,0.0,0.0,0.0,0.0,111.24874383206452,42.96203437978408,23.791555537271304,0.0,0.0,0.0,2.842170943040401e-14,0.0
2025-09-25 20:00:00+00:00,6,31.0,604.3630859303933,15.08947736504516,35.208780518438694,554.0648280469093,15.08947736504516,11.225581194545821,3.8638961704993395,44.01050440842749,15.08947736504516,0.0,35.208780518438694,0.0,554.0648280469093,0.0,21.948330712792963,6.858853347747801,589.273608565348,785.6981447537974,196.42453618844934,0.0,0.0,0.0,0.0,6.596911696022254,0.0,18.669412714263483,228.54971394648288,832.9127998768761,807.6464754665903,0.0,0.0,0.0,0.0,0.0,42.96203437978408,23.790143207363776,0.0,0.0,0.0,-5.684341886080802e-14,0.0
2025-09-25 21:00:00+00:00,6,31.0,590.4940000715986,14.830458963887597,34.60440424907105,541.0591368586398,14.830458963887597,11.019833677619374,3.8106252862682233,44.01050440842749,14.830458963887597,0.0,34.60440424907105,0.0,541.0591368586398,0.0,21.571576674745597,6.741117710857999,575.6635411077109,767.5513881436145,191.88784703590363,0.0,0.0,0.0,0.0,6.4487234960585305,0.0,18.255442039272044,223.3331302820922,813.8271303536908,789.1229648183602,0.0,0.0,0.0,0.0,0.0,42.96203437978408,23.793987145823703,0.0,0.0,0.0,-5.684341886080802e-14,0.0
2025-09-25 22:00:00+00:00,6,31.0,602.0616899190807,15.069026674543068,35.16106224060047,551.8316010039373,15.069026674543068,11.24540111308609,3.8236255614569785,44.01050440842749,15.069026674543068,0.0,35.16106224060047,0.0,551.8316010039373,0.0,21.918584253880827,6.849557579337758,586.9926632445378,782.6568843260503,195.66422108151258,0.0,0.0,0.0,0.0,6.573147877257387,0.0,18.607207404160473,227.6941339422682,829.7558238613489,804.5754685799311,0.0,0.0,0.0,0.0,0.0,42.96203437978408,23.78969002672284,0.0,0.0,0.0,0.0,0.0
2025-09-25 23:00:00+00:00,6,31.0,604.0814568865544,14.955024875366615,34.895058042522095,554.2313739686656,14.955024875366615,11.126803008736307,3.828221866630308,44.01050440842749,14.955024875366615,0.0,34.895058042522095,0.0,554.2313739686656,0.0,21.75276345507871,6.797738579712097,589.1264320111877,785.5019093482503,196.37547733706256,0.0,0.0,0.0,0.0,6.589165480962319,0.0,18.638387908084677,228.40076930582165,832.4822261923761,807.254672803329,0.0,0.0,0.0,0.0,0.0,42.96203437978408,23.791877307429232,0.0,0.0,0.0,0.0,0.0
2025-10-25 00:00:00+00:00,7,36.0,505.5159282329157,13.258546496026879,30.936608490729377,461.3207732461595,13.258546496026879,9.744073658830606,3.514472837196273,44.01050440842749,13.258546496026879,0.0,30.936608490729377,0.0,461.3207732461595,0.0,19.28515853967546,6.026612043648582,492.2573817368889,656.3431756491851,164.08579391229628,0.0,0.0,0.0,0.0,5.541305987183477,0.0,15.719849912878114,191.37356185600646,696.8894900889221,675.6283341888605,0.0,0.0,0.0,0.0,0.0,42.96203437978408,23.817212834669423,0.0,0.0,0.0,-5.684341886080802e-14,0.0
2025-10-25 01:00:00+00:00,7,36.0,503.184815411444,13.208545798946357,30.81994019754149,459.156329414956,13.208545798946357,9.645096521986833,3.563449276959524,44.01050440842749,13.208545798946357,0.0,30.81994019754149,0.0,459.156329414956,0.0,19.212430253012883,6.003884454066526,489.9762696124975,653.3016928166633,163.32542320416582,0.0,0.0,0.0,0.0,5.516161500075805,0.0,15.645087720092183,190.49055687840035,908.4855441887646,672.5141230696761,0.0,0.0,0.0,214.81017189892037,0.0,246.74885671164967,23.81908442128068,0.0,0.0,0.0,-1.1368683772161603e-13,0.0
2025-10-25 02:00:00+00:00,7,36.0,507.19360684289,13.223047288571388,30.85377700666657,463.11678254765224,13.223047288571388,9.65959508371023,3.563452204861159,44.01050440842749,13.223047288571388,0.0,30.85377700666657,0.0,463.11678254765224,0.0,19.23352332883111,6.010476040259722,493.9705595543188,658.6274127390917,164.65685318477293,0.0,0.0,0.0,0.0,5.55678113567652,0.0,15.754122963436563,191.97823332414575,699.1718401670356,677.8609360679228,0.0,0.0,0.0,0.0,0.0,246.74885671164967,23.818777664208323,0.0,0.0,0.0,-1.4210854715202004e-13,0.0
2025-10-25 03:00:00+00:00,7,36.0,497.8396937172219,12.984390353869411,30.296910825695285,454.55839253765714,12.984390353869411,9.564339894821783,3.420050459047628,44.01050440842749,12.984390353869411,0.0,30.296910825695285,0.0,454.55839253765714,0.0,18.886385969264598,5.901995615395187,484.8553033633525,646.4737378178033,161.61843445445083,0.0,0.0,0.0,0.0,5.454491250147431,0.0,15.469858031618672,188.44477935161214,833.7619853154524,665.3601237870679,0.0,0.0,0.0,147.47751224661843,0.0,386.65830941805666,23.8204498999532,0.0,0.0,0.0,-5.684341886080802e-14,0.0
2025-10-25 04:00:00+00:00,7,36.0,498.0352610629395,13.008998570375129,30.35432999754196,454.6719324950225,13.008998570375129,9.557176339443387,3.4518222309317412,44.01050440842749,13.008998570375129,0.0,30.35432999754196,0.0,454.6719324950225,0.0,18.92217973872746,5.913181168352332,485.0262624925644,646.7016833234192,161.6754208308548,0.0,0.0,0.0,0.0,5.457349224876483,0.0,15.477639302523016,188.52359052660663,686.5588515895461,665.6238630621466,0.0,0.0,0.0,0.0,0.0,386.65830941805666,23.820648783668332,0.0,0.0,0.0,-8.526512829121202e-14,0.0
2025-10-25 05:00:00+00:00,7,36.0,502.7665882371614,13.10940357731031,30.58860834705738,459.0685763127937,13.10940357731031,9.612976619124751,3.496426958185559,44.01050440842749,13.10940357731031,0.0,30.58860834705738,0.0,459.0685763127937,0.0,19.068223385178634,5.958819807868323,489.65718465985105,652.8762462131347,163.21906155328367,0.0,0.0,0.0,0.0,5.508344013539658,0.0,15.619395039329662,190.30562041402135,693.0722086511827,671.9444695983133,0.0,0.0,0.0,0.0,0.0,386.65830941805666,23.81980891006582,0.0,0.0,0.0,-5.684341886080802e-14,0.0
2025-10-25 06:00:00+00:00,7,36.0,508.8376504984754,13.30359787139511,31.04172836658858,464.49232426049167,13.30359787139511,9.779552689168998,3.5240451822261125,44.01050440842749,13.30359787139511,0.0,31.04172836658858,0.0,464.49232426049167,0.0,19.350687812938343,6.047089941543232,495.5340526270802,660.7120701694403,165.17801754236007,0.0,0.0,0.0,0.0,5.576175093602573,0.0,15.815932066279105,192.617214643785,701.4548651422604,680.0627579823786,0.0,0.0,0.0,0.0,0.0,386.65830941805666,23.816831820463886,0.0,0.0,0.0,-2.842170943040401e-14,0.0
2025-10-25 07:00:00+00:00,7,36.0,505.31412171377184,13.105909492058823,30.580455481470587,461.6277567402424,13.105909492058823,9.621089631679595,3.4848198603792273,44.01050440842749,13.105909492058823,0.0,30.580455481470587,0.0,461.6277567402424,0.0,19.06314107935829,5.957231587299465,492.2082122217129,656.2776162956172,164.0694040739043,0.0,0.0,0.0,0.0,5.533691231846541,0.0,15.687017404476574,191.2473442975269,696.5614660112988,675.3407573749755,0.0,0.0,0.0,0.0,0.0,386.65830941805666,23.81985642146814,0.0,0.0,0.0,2.842170943040401e-14,0.0
2025-10-25 08:00:00+00:00,7,36.0,497.6075400515535,12.830618886729603,29.938110735702395,454.8388104291215,12.830618886729603,9.416331651099588,3.414287235630015,44.01050440842749,12.830618886729603,0.0,29.938110735702395,0.0,454.8388104291215,0.0,18.662718380697605,5.832099493968002,484.7769211648239,646.3692282197651,161.59230705494127,0.0,0.0,0.0,0.0,5.446531426362287,0.0,15.434380275566031,188.30531825083762,685.9128583023911,665.0319466004627,0.0,0.0,0.0,0.0,0.0,386.65830941805666,23.823655633967935,0.0,0.0,0.0,0.0,0.0
2025-10-25 09:00:00+00:00,7,36.0,502.3093005652719,12.853980839181565,29.99262195809031,459.462697768,12.853980839181565,9.41866026764546,3.4353205715361046,44.01050440842749,12.853980839181565,0.0,29.99262195809031,0.0,459.462697768,0.0,18.696699402445912,5.842718563264348,489.4553197260903,652.6070929681204,163.1517732420301,0.0,0.0,0.0,0.0,5.494405636422709,0.0,15.562063822580313,190.05096126429746,692.3602618295693,671.3037923705663,0.0,0.0,0.0,0.0,0.0,386.65830941805666,23.823702988406538,0.0,0.0,0.0,-8.526512829121202e-14,0.0
2025-10-25 10:00:00+00:00,7,36.0,505.7268562955514,12.993510571479042,30.31819133345109,462.4151543906212,12.993510571479042,9.525728660876439,3.4677819106026035,44.01050440842749,12.993510571479042,0.0,30.31819133345109,0.0,462.4151543906212,0.0,18.89965174033315,5.90614116885411,492.7333457240723,656.977794298763,164.24444857469075,0.0,0.0,0.0,0.0,5.533697283909746,0.0,15.677390002036788,191.3616770294914,585.8397894929782,675.8774460390962,0.0,0.0,0.0,0.0,111.24874383206453,269.3918369707458,23.821703528026873,0.0,0.0,0.0,-8.526512829121202e-14,0.0
2025-10-25 11:00:00+00:00,7,36.0,502.5792560601656,12.838727181050578,29.957030089118003,459.7834987899971,12.838727181050578,9.482189851116924,3.356537329933653,44.01050440842749,12.838727181050578,0.0,29.957030089118003,0.0,459.7834987899971,0.0,18.674512263346294,5.8357850822957165,489.7405288791151,652.9873718388201,163.24684295970502,0.0,0.0,0.0,0.0,5.496545890573511,0.0,15.571618189492181,190.15079212206643,477.9198762833117,671.6618841021664,0.0,0.0,0.0,0.0,214.81017189892037,42.96203437978408,23.82247892302034,0.0,0.0,0.0,0.0,0.0
2025-10-25 12:00:00+00:00,7,36.0,480.87766495671076,12.510057061115972,29.19013314260393,439.1774747529911,12.510057061115972,9.200566520358688,3.3094905407572845,44.01050440842749,12.510057061115972,0.0,29.19013314260393,0.0,439.1774747529911,0.0,18.196446634350504,5.686389573234533,468.36760789559503,624.4901438607933,156.12253596519832,0.0,0.0,0.0,0.0,5.267478741808029,0.0,14.936203123924658,182.01260740416552,662.8902723608762,642.6865904951438,0.0,0.0,0.0,0.0,0.0,42.96203437978408,23.827549659497755,0.0,0.0,0.0,-5.684341886080802e-14,0.0
2025-10-25 13:00:00+00:00,7,36.0,484.0321301325839,12.629650698248868,29.469184962580684,441.93329447175427,12.629650698248868,9.227527431348523,3.402123266900345,44.01050440842749,12.629650698248868,0.0,29.469184962580684,0.0,441.93329447175427,0.0,18.370401015634716,5.7407503173858485,471.40247943433496,628.53663924578,157.134159811445,0.0,0.0,0.0,0.0,5.303408493594963,0.0,15.036619807921905,183.2149384303477,814.7245808095499,646.9070402614146,0.0,0.0,0.0,147.47751224661843,0.0,182.87148708619108,23.827139782453372,0.0,0.0,0.0,-1.1368683772161603e-13,0.0
2025-10-25 14:00:00+00:00,7,36.0,486.4100176001526,12.69247042558219,29.615764326358434,444.101782848212,12.69247042558219,9.285918802983204,3.406551622598985,44.01050440842749,12.69247042558219,0.0,29.615764326358434,0.0,444.101782848212,0.0,18.461775164483186,5.7693047389009955,473.7175471745704,631.6233962327606,157.90584905819014,0.0,0.0,0.0,0.0,5.329490758272873,0.0,15.11147335330259,184.11611790866658,670.5261355088192,650.0851713972438,0.0,0.0,0.0,0.0,0.0,182.87148708619108,23.826084988149947,0.0,0.0,0.0,-5.684341886080802e-14,0.0
2025-10-25 15:00:00+00:00,7,36.0,486.6030183071486,12.7422885515991,29.73200662039789,444.12872313515174,12.7422885515991,9.320355420777876,3.4219331308212233,44.01050440842749,12.7422885515991,0.0,29.73200662039789,0.0,444.12872313515174,0.0,18.534237893235055,5.791949341635955,473.86072975554964,631.8143063407329,157.9535765851832,0.0,0.0,0.0,0.0,5.333247429963454,0.0,15.125171210555528,184.20394456733814,885.6171347734071,650.3485442339679,0.0,0.0,0.0,214.81017189892037,0.0,386.65830941805666,23.82550419092614,0.0,0.0,0.0,-2.842170943040401e-14,0.0
2025-10-25 16:00:00+00:00,7,36.0,494.62819995789204,12.989958509038036,30.309903187755417,451.3283382610987,12.989958509038036,9.533881607372855,3.456076901665181,44.01050440842749,12.989958509038036,0.0,30.309903187755417,0.0,451.3283382610987,0.0,18.894485104055324,5.9045265950172885,481.6382414488541,642.1843219318055,160.54608048295137,0.0,0.0,0.0,0.0,5.422580478243649,0.0,15.383383779702692,187.256571335915,681.884771293807,661.0788070358608,0.0,0.0,0.0,0.0,0.0,386.65830941805666,23.8214033521299,0.0,0.0,0.0,0.0,0.0
2025-10-25 17:00:00+00:00,7,36.0,493.68260909718543,13.007783104630779,30.35149391080514,450.32333208174947,13.007783104630779,9.486381405170787,3.5214016994599913,44.01050440842749,13.007783104630779,0.0,30.35149391080514,0.0,450.32333208174947,0.0,18.92041178855386,5.9126286839230815,480.67482599255464,640.8997679900729,160.22494199751821,0.0,0.0,0.0,0.0,5.41377813814165,0.0,15.357335575529195,186.90868439511215,680.5912934922975,659.8201797786268,0.0,0.0,0.0,0.0,0.0,386.65830941805666,23.822310662242234,0.0,0.0,0.0,-8.526512829121202e-14,0.0
2025-10-25 18:00:00+00:00,7,36.0,488.6705721818662,12.842404051109312,29.965609452588385,445.86255867816845,12.842404051109312,9.443412653480205,3.398991397629106,44.01050440842749,12.842404051109312,0.0,29.965609452588385,0.0,445.86255867816845,0.0,18.679860437977183,5.83745638686787,475.8281681307568,634.4375575076757,158.60938937691893,0.0,0.0,0.0,0.0,5.357593870359335,0.0,15.200866547658656,185.00530618180477,458.86570646475053,653.1174179456528,0.0,0.0,0.0,0.0,214.81017189892037,160.2285068270949,23.82299920735482,0.0,0.0,0.0,-5.684341886080802e-14,0.0
2025-10-25 19:00:00+00:00,7,36.0,495.75185928226097,12.922117675294045,30.151607909019432,452.67813369794743,12.922117675294045,9.47611687685819,3.446000798435854,44.01050440842749,12.922117675294045,0.0,30.151607909019432,0.0,452.67813369794743,0.0,18.79580752770043,5.873689852406384,482.8297416069669,643.7729888092891,160.94324720232228,0.0,0.0,0.0,0.0,5.431329574250057,0.0,15.400734285855897,187.64900091483463,572.1521163650311,662.5687963369895,0.0,0.0,0.0,0.0,111.24874383206452,42.96203437978408,23.82252453800578,0.0,0.0,0.0,5.684341886080802e-14,0.0
2025-10-25 20:00:00+00:00,7,36.0,499.70999800703163,13.152029591882611,30.68806904772609,455.86989936742293,13.152029591882611,9.56129542067178,3.5907341712108316,44.01050440842749,13.152029591882611,0.0,30.68806904772609,0.0,455.86989936742293,0.0,19.130224860920162,5.978195269037551,486.55796841514905,648.7439578868654,162.18598947171634,0.0,0.0,0.0,0.0,5.479341065106012,0.0,15.54023078689589,189.1837565927558,688.8937545997874,667.8741827477855,0.0,0.0,0.0,0.0,0.0,42.96203437978408,23.82106014027122,0.0,0.0,0.0,-5.684341886080802e-14,0.0
2025-10-25 21:00:00+00:00,7,36.0,507.84691808976305,13.418062307582913,31.308812051026784,463.1200437311534,13.418062307582913,9.84790602316999,3.5701562844129224,44.01050440842749,13.418062307582913,0.0,31.308812051026784,0.0,463.1200437311534,0.0,19.51718153830242,6.099119230719507,494.4288557821801,659.2384743762401,164.80961859406003,0.0,0.0,0.0,0.0,5.5704647988423375,0.0,15.808667999831858,192.28787062345373,700.1347887132167,678.7556559145426,0.0,0.0,0.0,0.0,0.0,42.96203437978408,23.815584523807754,0.0,0.0,0.0,-5.684341886080802e-14,0.0
2025-10-25 22:00:00+00:00,7,36.0,543.8502164142526,14.344635157568698,33.47081536766029,496.0347658890239,14.344635157568698,10.429847377544139,3.914787780024559,44.01050440842749,14.344635157568698,0.0,33.47081536766029,0.0,496.0347658890239,0.0,20.86492386555447,6.520288707985772,529.5055812566842,706.0074416755789,176.50186041889472,0.0,0.0,0.0,0.0,5.964472119920048,0.0,16.918423133627858,205.90504438042842,749.7552607946809,726.8723655411334,0.0,0.0,0.0,0.0,0.0,42.96203437978408,23.804863350092464,0.0,0.0,0.0,-1.1368683772161603e-13,0.0
2025-10-25 23:00:00+00:00,7,36.0,533.0982840743934,14.023041182458973,32.720429425737606,486.3548134661967,14.023041182458973,10.19292623545741,3.8301149470015634,44.01050440842749,14.023041182458973,0.0,32.720429425737606,0.0,486.3548134661967,0.0,20.397150810849414,6.374109628390442,519.0752428919343,692.1003238559124,173.0250809639781,0.0,0.0,0.0,0.0,5.845161017434096,0.0,16.57709584513444,201.82144745493707,734.9197315293304,712.4974746667618,0.0,0.0,0.0,0.0,0.0,42.96203437978408,23.80915247699646,0.0,0.0,0.0,-5.684341886080802e-14,0.0
2025-12-05 00:00:00+00:00,8,47.0,663.5398129241075,16.779326819083707,39.15176257786197,607.6087235271618,16.779326819083707,12.921708882386934,3.857617936696773,44.01050440842749,16.779326819083707,0.0,6.595680758634556,32.556081819227416,607.6087235271618,0.0,24.406293555030846,7.626966735947139,614.2044042857964,818.9392057143951,204.7348014285988,0.0,0.0,32.556081819227494,0.4883412272884124,6.9250792944152035,0.6511216363845483,20.564592159953946,240.99090248258804,904.5307154066955,843.345499269426,0.0,0.0,0.0,0.0,0.0,182.87148708619108,23.75916971305393,0.0,0.0,0.0,-2.842170943040401e-14,0.0
2025-12-05 01:00:00+00:00,8,47.0,651.9121655313238,16.520869383741747,38.548695228730736,596.8426009188512,16.520869383741747,12.761358328952715,3.7595110547890336,44.01050440842749,16.520869383741747,0.0,17.361803366945228,21.18689186178551,596.8426009188512,0.0,24.030355467260723,7.509486083518976,614.2044042857964,818.9392057143951,204.7348014285988,0.0,0.0,21.186891861785615,0.3178033779267842,6.913017947432579,0.42373783723571024,20.213171804204,240.11201847891684,892.0241840102406,842.9695611816559,0.0,0.0,0.0,0.0,0.0,182.87148708619108,23.762150342305357,0.0,0.0,0.0,-8.526512829121202e-14,0.0
2025-12-05 02:00:00+00:00,8,47.0,654.8332120062842,16.663804353840497,38.88221015896115,599.2871974934824,16.663804353840497,12.878439185114456,3.7853651687260434,44.01050440842749,16.663804353840497,0.0,14.917206792314026,23.965003366647124,599.2871974934824,0.0,24.238260878313454,7.5744565244729545,614.2044042857964,818.9392057143951,204.7348014285988,0.0,0.0,23.96500336664717,0.35947505049970757,6.919688246037187,0.4793000673329425,20.316447109943066,240.38416842688463,1110.027552332089,843.1774665927086,0.0,0.0,0.0,214.81017189892037,0.0,386.65830941805666,23.759928788616715,0.0,0.0,0.0,-1.1368683772161603e-13,0.0
2025-12-05 03:00:00+00:00,8,47.0,648.9742338409956,16.483811264515523,38.46222628386954,594.0281962926106,16.483811264515523,12.73996657916072,3.7438446853548033,44.01050440842749,16.483811264515523,0.0,20.176207993185812,18.286018290683728,594.0281962926106,0.0,23.976452748386215,7.492641483870692,614.2044042857964,818.9392057143951,204.7348014285988,0.0,0.0,18.286018290683632,0.2742902743602545,6.911288568535355,0.36572036581367456,20.12921853518584,239.9079606563646,888.8821944973602,842.9156584627814,0.0,0.0,0.0,0.0,0.0,386.65830941805666,23.762603840580606,0.0,0.0,0.0,0.0,0.0
2025-12-05 04:00:00+00:00,8,47.0,649.7183145953394,16.418376488841247,38.30954514062956,594.9903929658686,16.418376488841247,12.66620203803519,3.7521744508060557,44.01050440842749,16.418376488841247,0.0,19.214011319927643,19.095533820701917,594.9903929658688,0.0,23.881274892859995,7.462898404018748,614.2044042857964,818.9392057143951,204.7348014285988,0.0,0.0,19.09553382070171,0.2864330073105256,6.9082349456705545,0.38191067641403836,20.135725666110453,239.91000412812312,889.6283187234625,842.8204806072551,0.0,0.0,0.0,0.0,0.0,386.65830941805666,23.76405986208461,0.0,0.0,0.0,-2.842170943040401e-14,0.0
2025-12-05 05:00:00+00:00,8,47.0,643.4674553410214,16.33655151215563,38.1186201950298,589.0122836338359,16.33655151215563,12.6122136168903,3.7243378952653305,44.01050440842749,16.33655151215563,0.0,25.192120651960472,12.926499543069326,589.0122836338359,0.0,23.762256744953643,7.4257052327980135,614.2044042857964,818.9392057143951,204.7348014285988,0.0,0.0,12.926499543069374,0.1938974931460406,6.904416446758559,0.2585299908613865,19.956154647672495,239.47350523983525,882.9409605808567,842.7014624593488,0.0,0.0,0.0,0.0,0.0,386.65830941805666,23.765128961527985,0.0,0.0,0.0,2.842170943040401e-14,0.0
2025-12-05 06:00:00+00:00,8,47.0,647.292226683225,16.63712950849582,38.81996885315691,591.8351283215723,16.63712950849582,12.948762484681488,3.688367023814333,44.01050440842749,16.63712950849582,0.0,22.369275964224176,16.450692888932736,591.8351283215723,0.0,24.19946110326665,7.5623315947708285,614.2044042857964,818.9392057143951,204.7348014285988,0.0,0.0,16.45069288893275,0.24676039333399125,6.918443419921102,0.3290138577786547,20.118040915482567,239.90939160988592,887.2016182931109,843.1386668176618,0.0,0.0,0.0,0.0,0.0,386.65830941805666,23.75871406250192,0.0,0.0,0.0,0.0,0.0
2025-12-05 07:00:00+00:00,8,47.0,655.8120234646519,16.726399331548834,39.02826510694727,600.0573590261558,16.726399331548834,13.038709513001594,3.6876898185472395,44.01050440842749,16.726399331548834,0.0,14.147045259640533,24.88121984730674,600.0573590261558,0.0,24.329308118616485,7.602908787067651,614.2044042857964,818.9392057143951,204.7348014285988,0.0,0.0,24.881219847306852,0.37321829770960274,6.922609344996909,0.49762439694613475,20.36111324370326,240.49227549902236,896.3042989636742,843.2685138330116,0.0,0.0,0.0,0.0,0.0,386.65830941805666,23.7566305114686,0.0,0.0,0.0,-5.684341886080802e-14,0.0
2025-12-05 08:00:00+00:00,8,47.0,658.9379544870618,16.754563796033104,39.093982190743894,603.0894085002848,16.754563796033104,13.058195239872699,3.6963685561604045,44.01050440842749,16.754563796033104,0.0,11.114995785511631,27.978986405232263,603.0894085002848,0.0,24.370274612411787,7.615710816378684,614.2044042857964,818.9392057143951,204.7348014285988,0.0,0.0,27.978986405232444,0.41968479607848663,6.9239236866728415,0.5595797281046453,20.4488041325819,240.70250458841534,899.6404590754771,843.3094803268069,0.0,0.0,0.0,0.0,0.0,386.65830941805666,23.756293170544975,0.0,0.0,0.0,-2.842170943040401e-14,0.0
2025-12-05 09:00:00+00:00,8,47.0,650.1259113719993,16.480396100543874,38.4542575679357,595.1912577035197,16.480396100543874,12.774720319756106,3.705675780787768,44.01050440842749,16.480396100543874,0.0,19.013146582276747,19.441110985658952,595.1912577035197,0.0,23.971485237154727,7.491089136610852,614.2044042857964,818.9392057143951,204.7348014285988,0.0,0.0,19.441110985658852,0.2916166647848828,6.911129194216677,0.38882221971317904,20.161669176737554,239.97912782066192,890.1050391926613,842.9106909515499,0.0,0.0,0.0,0.0,0.0,386.65830941805666,23.76147014077863,0.0,0.0,0.0,0.0,0.0
2025-12-05 10:00:00+00:00,8,47.0,650.8745462308826,16.578191359910136,38.682446506456984,595.6139083645155,16.578191359910136,12.860555038393427,3.7176363215167108,44.01050440842749,16.578191359910136,0.0,18.59049592128093,20.09195058517605,595.6139083645155,0.0,24.113732887142017,7.535541527231881,614.2044042857964,818.9392057143951,204.7348014285988,0.0,0.0,20.09195058517616,0.3013792587776424,6.915692972987103,0.40183901170352104,20.199595346286596,240.08884954558553,779.7146519444036,843.0529386015371,0.0,0.0,0.0,0.0,111.24874383206453,269.3918369707458,23.759784073614995,0.0,0.0,0.0,-2.842170943040401e-14,0.0
2025-12-05 11:00:00+00:00,8,47.0,638.261152214895,15.914556664485957,37.133965550467224,585.2126299999418,15.914556664485957,12.369149363686706,3.5454073007992513,44.01050440842749,15.914556664485957,0.0,28.991774285854717,8.142191264612507,585.2126299999417,0.0,23.148446057434118,7.233889392948162,614.2044042857964,818.9392057143951,204.7348014285988,0.0,0.0,8.142191264612544,0.12213286896918815,6.884723353867308,0.16284382529225014,19.748782571906887,238.8871734415826,662.3381537575572,842.0876517718293,0.0,0.0,0.0,0.0,214.81017189892037,42.96203437978408,23.76902192874067,0.0,0.0,0.0,-1.1368683772161603e-13,0.0
2025-12-05 12:00:00+00:00,8,47.0,663.8283949982359,16.640689989639284,38.82827664249166,608.3594283661048,16.640689989639284,12.928632023160306,3.7120579664789766,44.01050440842749,16.640689989639284,0.0,5.844975919691564,32.983300722800095,608.3594283661048,0.0,24.20463998492987,7.563949995290584,614.2044042857964,818.9392057143951,204.7348014285988,0.0,0.0,32.98330072280008,0.4947495108420012,6.918609575707797,0.6596660144560019,20.55532914048849,240.92710566538366,904.7555006636196,843.143845699325,0.0,0.0,0.0,0.0,0.0,42.96203437978408,23.758645843027402,0.0,0.0,0.0,2.842170943040401e-14,0.0
2025-12-05 13:00:00+00:00,8,47.0,667.277368825887,16.83375830571588,39.27876938000371,611.1648411401671,16.83375830571588,13.029513488574263,3.8042448171416154,44.01050440842749,16.83375830571588,0.0,3.0395631456292307,36.23920623437448,611.1648411401671,0.0,24.485466626495825,7.651708320779945,614.2044042857964,818.9392057143951,204.7348014285988,0.0,0.0,36.23920623437438,0.5435880935156157,6.927619430458038,0.7247841246874897,20.6777798400051,241.26028123804497,908.537650063932,843.424672340891,0.0,0.0,0.0,0.0,0.0,42.96203437978408,23.75668468840862,0.0,0.0,0.0,0.0,0.0
2025-12-05 14:00:00+00:00,8,47.0,656.2361159331532,16.377400212756548,38.213933829765274,601.6447818906315,16.377400212756548,12.69221671711078,3.68518349564577,44.01050440842749,16.377400212756548,0.0,12.559622395164816,25.65431143460046,601.6447818906315,0.0,23.8216730367368,7.44427282398025,614.2044042857964,818.9392057143951,204.7348014285988,0.0,0.0,25.65431143460054,0.3848146715190081,6.906322719453269,0.5130862286920091,20.305076406561504,240.28837427880484,1044.0020024585765,842.7608787511319,0.0,0.0,0.0,147.47751224661843,0.0,182.87148708619108,23.762967386950848,0.0,0.0,0.0,2.842170943040401e-14,0.0
2025-12-05 15:00:00+00:00,8,47.0,649.1401459438043,15.966622537054283,37.25545258645998,595.9180708202902,15.966622537054283,12.169840414264815,3.796782122789468,44.01050440842749,15.966622537054283,0.0,18.28633346550608,18.969119120953906,595.9180708202903,0.0,23.22417823571532,7.257555698661038,614.2044042857964,818.9392057143951,204.7348014285988,0.0,0.0,18.96911912095388,0.2845367868143082,6.8871530945871635,0.3793823824190781,20.030072700863585,239.57350209194396,1103.5238199346686,842.1633839501104,0.0,0.0,0.0,214.81017189892037,0.0,386.65830941805666,23.77315533480943,0.0,0.0,0.0,-5.684341886080802e-14,0.0
2025-12-05 16:00:00+00:00,8,47.0,658.3620909479483,16.04477494845169,37.43780821305393,604.8795077864427,16.04477494845169,12.068964514477777,3.975810433973912,44.01050440842749,16.04477494845169,0.0,9.324896499353716,28.112911713700214,604.8795077864427,0.0,23.337854470475182,7.293079522023494,614.2044042857964,818.9392057143951,204.7348014285988,0.0,0.0,28.11291171370027,0.42169367570550403,6.890800207119042,0.5622582342740043,20.277403766758773,240.18003683447958,898.5421277824279,842.2770601848704,0.0,0.0,0.0,0.0,0.0,386.65830941805666,23.7751325968207,0.0,0.0,0.0,-2.842170943040401e-14,0.0
2025-12-05 17:00:00+00:00,8,47.0,652.7164235928576,15.915282842517826,37.13565996587492,599.665480784465,15.915282842517826,11.917940120132952,3.9973427223848734,44.01050440842749,15.915282842517826,0.0,14.538923501331437,22.596736464543483,599.665480784465,0.0,23.149502316389565,7.23421947387174,614.2044042857964,818.9392057143951,204.7348014285988,0.0,0.0,22.596736464543557,0.33895104696815337,6.884757242175462,0.45193472929086964,20.10130696245006,239.74597088335506,892.4623944762127,842.0887080307847,0.0,0.0,0.0,0.0,0.0,386.65830941805666,23.777920911013325,0.0,0.0,0.0,2.842170943040401e-14,0.0
2025-12-05 18:00:00+00:00,8,47.0,640.5893790660042,15.628366201219936,36.46618780284651,588.494825061938,15.628366201219936,11.660972891576563,3.9673933096433736,44.01050440842749,15.628366201219936,0.0,0.0,36.46618780284651,588.494825061938,0.0,22.73216901995627,7.103802818736335,588.494825061938,784.6597667492506,196.16494168731265,0.0,0.0,36.466187802846584,0.5469928170426988,6.61427200667631,0.7293237560569302,19.72652570974301,230.88585879556797,871.475237861572,807.3919357692068,0.0,0.0,0.0,0.0,0.0,386.65830941805666,23.782727914406326,0.0,0.0,0.0,-1.1368683772161603e-13,0.0
2025-12-05 19:00:00+00:00,8,47.0,644.5417298599413,15.71738131531297,36.673889735730256,592.150458808898,15.71738131531297,11.917161143841554,3.800220171471416,44.01050440842749,15.71738131531297,0.0,0.0,36.673889735730256,592.150458808898,0.0,22.86164554954614,7.144264234233169,592.150458808898,789.5339450785306,197.38348626963264,0.0,0.0,36.673889735730285,0.5501083460359543,6.654982382803585,0.7334777947146052,19.85981444120191,232.32613346862186,765.6191194964986,812.3955906280767,0.0,0.0,0.0,0.0,111.24874383206453,269.3918369707458,23.777979487527837,0.0,0.0,0.0,-2.842170943040401e-14,0.0
2025-12-05 20:00:00+00:00,8,47.0,671.925425228235,16.320238830581722,38.08055727135734,617.5246291262958,16.320238830581722,12.541695237479269,3.7785435931024534,44.01050440842749,16.320238830581722,0.0,0.0,38.08055727135752,614.2044042857965,3.3202248404992645,23.73852920811887,7.418290377537147,614.2044042857964,818.9392057143951,204.7348014285988,3.3202248404992147,1.106741613499738,42.50752372535647,0.637612855880347,6.903655188285111,0.7616111454271505,20.703458486697514,242.26617109592578,699.3814244252403,842.677734922514,0.0,0.0,0.0,0.0,214.81017189892037,42.96203437978408,23.766411422144145,0.0,0.0,0.0,-1.4210854715202004e-13,0.0
2025-12-05 21:00:00+00:00,8,47.0,669.633511988809,16.37394643180071,38.205875007534985,615.0536905494732,16.37394643180071,12.576842607374944,3.7971038244257684,44.01050440842749,16.37394643180071,0.0,0.0,38.20587500753538,614.2044042857968,0.8492862636763903,23.816649355346488,7.442702923545777,614.2044042857964,818.9392057143951,204.7348014285988,0.8492862636764098,0.28309542122546993,39.33825669243726,0.5900738503865589,6.906161543008663,0.7641175001507077,20.65184198589301,241.37279465280898,911.006306641618,842.7558550697416,0.0,0.0,0.0,0.0,0.0,42.96203437978408,23.76577488021175,0.0,0.0,0.0,5.684341886080802e-14,0.0
2025-12-05 22:00:00+00:00,8,47.0,657.7285885322821,16.074559871226118,37.507306366194264,604.1467222948618,16.074559871226118,12.321808913398716,3.752750957827402,44.01050440842749,16.074559871226118,0.0,10.05768199093462,27.449624375259646,604.1467222948618,0.0,23.38117799451072,7.3066181232846,614.2044042857964,818.9392057143951,204.7348014285988,0.0,0.0,27.449624375259756,0.4117443656288963,6.892190170181849,0.5489924875051929,20.281514891616464,240.1758614668158,897.9044499990978,842.3203837089059,0.0,0.0,0.0,0.0,0.0,42.96203437978408,23.770414217654142,0.0,0.0,0.0,-8.526512829121202e-14,0.0
2025-12-05 23:00:00+00:00,8,47.0,626.1968552056563,15.357512863711113,35.83419668199258,575.0051456599527,15.357512863711113,11.816855962502986,3.540656901208127,44.01050440842749,15.357512863711113,0.0,35.83419668199258,0.0,575.0051456599527,0.0,22.338200529034346,6.980687665323233,610.8393423419454,814.4524564559272,203.6131141139818,0.0,0.0,0.0,0.0,6.825077357059306,0.0,19.321750315110805,236.74062945147517,1010.4149969037497,836.7906569849615,0.0,0.0,0.0,147.47751224661843,0.0,182.87148708619108,23.779899503473082,0.0,0.0,0.0,-1.9895196601282805e-13,0.0
