timestamp_hour_utc,representative_day_id,day_weight,it_load_kw,q_air_kw,q_cp_kw,q_rdhx_kw,s_air_kw,s_air_old_kw,s_air_new_kw,old_ac_capacity_eff_kw,q_air_to_ashp_kw,q_air_to_reject_kw,q_cp_to_wshp_kw,q_cp_to_free_kw,q_rdhx_to_wshp_kw,q_rdhx_to_chiller_kw,q_ashp_out_kw,p_ashp_kw,q_wshp_in_kw,q_wshp_out_kw,p_wshp_kw,q_chiller_evap_kw,p_chiller_kw,q_tower_kw,p_tower_kw,p_pump_kw,p_cdu_free_kw,p_terminal_kw,p_cooling_kw,p_grid_kw,q_heat_kw,q_tes_ch_kw,q_tes_dis_kw,e_tes_kwh,p_bess_ch_kw,p_bess_dis_kw,e_bess_kwh,max_theta_c,hotspot_slack_c,hotspot_penalty_yuan,bess_degradation_cost_yuan,power_balance_residual_kw,heat_balance_residual_kw
2025-01-15 00:00:00+00:00,0,71.0,2808.3800211662774,364.9848554313147,797.1833156899916,1646.2118500449703,364.9848554313147,209.0262013932709,155.95865403804385,1316.7488541498915,341.64999243856784,23.33486299274688,797.1833156899916,0.0,1646.2118500449703,0.0,496.94544354700787,155.29545110843995,2443.3951657349617,3257.8602209799487,814.4650552449872,23.334862992746523,7.7782876642488405,31.113150656995362,0.46669725985493044,40.37761797114945,0.0,129.5560770518307,1147.939186300511,3956.3192074667877,3754.8056645269567,0.0,0.0,0.0,0.0,0.0,186.41539462144613,23.96256602814588,0.0,0.0,0.0,-6.821210263296962e-13,0.0
2025-01-15 01:00:00+00:00,0,71.0,2850.3519168317885,369.813442155029,807.5679438889363,1672.9705307878205,369.813442155029,210.81411966114902,158.99932249388,1316.7488541498915,346.1005473809728,23.71289477405624,807.5679438889363,0.0,1672.9705307878205,0.0,503.4189780086877,157.31843062771492,2480.5384746767572,3307.3846329023427,826.8461582255857,23.712894774055968,7.904298258018656,31.617193032074624,0.47425789548111935,40.9567436245463,0.0,131.3529812852141,1164.8528699165608,4015.204786748349,3810.8036109110303,0.0,0.0,0.0,0.0,0.0,186.41539462144613,23.962565002727807,0.0,0.0,0.0,-4.547473508864641e-13,0.0
2025-01-15 02:00:00+00:00,0,71.0,2878.6567769324,373.0933660456813,814.7617906109916,1690.801620275727,373.0933660456813,212.42069773301364,160.67266831266767,1316.7488541498915,349.1836245475679,23.909741498113412,814.7617906109916,0.0,1690.801620275727,0.0,507.9034538873715,158.7198293398036,2505.563410886718,3340.751214515624,835.187803628906,23.90974149811393,7.969913832704643,31.879655330818572,0.4781948299622786,41.35086992108701,0.0,132.57391574177143,1176.280527294235,4273.910330592218,3848.6546684029954,0.0,0.0,0.0,218.97302636558314,0.0,394.15144745804963,23.962703582403606,0.0,0.0,0.0,-2.5579538487363607e-13,0.0
2025-01-15 03:00:00+00:00,0,71.0,2848.0398182076824,369.9947637670637,807.5244727252064,1670.5205817154124,369.9947637670637,211.01634175497637,158.97842201208732,1316.7488541498915,346.0819168822314,23.91284688483233,807.5244727252064,0.0,1670.5205817154124,0.0,503.39187910142755,157.3099622191961,2478.0450544406185,3304.060072587491,826.0150181468728,23.91284688483246,7.97094896161082,31.88379584644328,0.4782569376966492,40.93093999891032,0.0,131.32330795571474,1164.0284342200014,4012.068252427684,3807.4519516889186,0.0,0.0,0.0,0.0,0.0,394.15144745804963,23.962493396183284,0.0,0.0,0.0,2.2737367544323206e-13,0.0
2025-01-15 04:00:00+00:00,0,71.0,2876.2462463172383,373.57894977977566,815.1788878363669,1687.4884087010964,373.57894977977566,212.91373312660477,160.66521665317092,1316.7488541498915,349.36238050130015,24.216569278475497,815.1788878363669,0.0,1687.4884087010964,0.0,508.1634625473458,158.80108204604556,2502.6672965374632,3336.8897287166174,834.2224321791543,24.21656927847539,8.072189759491796,32.28875903796718,0.4843313855695077,41.330250722101965,0.0,132.60986043841535,1175.5201465307784,4051.766392848017,3845.053191263963,0.0,0.0,0.0,0.0,0.0,394.15144745804963,23.961750300689946,0.0,0.0,0.0,2.2737367544323206e-13,0.0
2025-01-15 05:00:00+00:00,0,71.0,2860.627209702743,371.1870311963707,810.8658383567728,1678.5743401495988,371.1870311963707,211.7159940282232,159.4710371681475,1316.7488541498915,347.51393072433126,23.673100472039422,810.8658383567728,0.0,1678.5743401495988,0.0,505.4748083263001,157.96087760196878,2489.440178506372,3319.2535713418292,829.8133928354573,23.673100472039394,7.891033490679797,31.56413396271919,0.4734620094407878,41.11171855219918,0.0,131.81719342615065,1169.0676779158964,4029.6948876186398,3824.7283796681295,0.0,0.0,0.0,0.0,0.0,394.15144745804963,23.96316879500294,0.0,0.0,0.0,2.2737367544323206e-13,0.0
2025-01-15 06:00:00+00:00,0,71.0,2891.20752532406,375.72212288806816,820.9809791813857,1694.5044232546063,375.72212288806816,214.77729772812452,160.94482515994363,1316.7488541498915,351.8489910777368,23.87313181033133,820.9809791813857,0.0,1694.5044232546063,0.0,511.78035065852623,159.93135958078943,2515.485402435992,3353.9805365813227,838.4951341453307,23.873131810331174,7.957710603443724,31.830842413774896,0.47746263620662344,41.57447360798764,0.0,133.3258938565785,1181.7620344303364,4072.9695597543964,3865.7608872398487,0.0,0.0,0.0,0.0,0.0,394.15144745804963,23.96312308876654,0.0,0.0,0.0,0.0,0.0
2025-01-15 07:00:00+00:00,0,71.0,2991.1255254053904,386.5099655539383,845.7667586117745,1758.8488012396772,386.5099655539383,221.48120036134424,165.02876519259405,1316.7488541498915,362.4714679764749,24.038497577463396,845.7667586117745,0.0,1758.8488012396772,0.0,527.2312261475998,164.75975817112496,2604.6155598514515,3472.820746468602,868.2051866171505,24.038497577463247,8.012832525821082,32.05133010328433,0.48076995154926494,42.961490770750004,0.0,137.58949282618718,1222.009530862583,4213.135056267973,4000.051972616202,0.0,0.0,0.0,0.0,0.0,394.15144745804963,23.96283835162591,0.0,0.0,0.0,-6.821210263296962e-13,0.0
2025-01-15 08:00:00+00:00,0,71.0,2944.9752679612047,380.0665830286619,832.1244991450045,1732.7841857875394,380.0665830286619,218.24946282377482,161.8171202048871,1316.7488541498915,356.6247853478592,23.4417976808027,832.1244991450045,0.0,1732.7841857875394,0.0,518.726960505977,162.1021751581178,2564.908684932544,3419.8782465767254,854.9695616441813,23.441797680803106,7.813932560267702,31.255730241070808,0.4688359536160621,42.29157683222553,0.0,135.40296125205504,1203.0490434004635,4148.024311361668,3938.6052070827022,0.0,0.0,0.0,0.0,0.0,394.15144745804963,23.96391028824836,0.0,0.0,0.0,-2.2737367544323206e-13,0.0
2025-01-15 09:00:00+00:00,0,71.0,2856.3171736067093,369.00674915302164,807.2150897047887,1680.0953347488985,369.00674915302164,211.81930451114042,157.18744464188123,1316.7488541498915,345.9493241591952,23.0574249938264,807.2150897047887,0.0,1680.0953347488985,0.0,503.1990169588295,157.2496927996342,2487.310424453687,3316.4138992715825,829.1034748178956,23.05742499382653,7.68580833127551,30.74323332510204,0.46114849987653056,41.01740603863264,0.0,131.4157559310172,1166.9332864183316,4023.2504600250404,3819.612916230412,0.0,0.0,0.0,0.0,0.0,394.15144745804963,23.96361826270492,0.0,0.0,0.0,-4.547473508864641e-13,0.0
2025-01-15 10:00:00+00:00,0,71.0,2920.5415446704137,377.00833613631835,825.3313615423266,1718.201846991767,377.00833613631835,216.49437630279053,160.5139598335278,1316.7488541498915,353.71344066099715,23.294895475321177,825.3313615423266,0.0,1718.201846991767,0.0,514.4922773250869,160.77883666408965,2543.533208534094,3391.3776113787917,847.8444028446979,23.294895475321,7.764965158440333,31.059860633761332,0.46589790950641996,41.941959316187464,0.0,134.2854693265772,1193.081531219499,4000.21841771693,3905.8698887038786,0.0,0.0,0.0,0.0,113.40465817298245,274.6124417582317,23.964273656243343,0.0,0.0,0.0,0.0,0.0
2025-01-15 11:00:00+00:00,0,71.0,2884.3580135951543,373.1516453106029,816.6326447601416,1694.5737235244094,373.1516453106029,215.00859297641546,158.14305233418742,1316.7488541498915,349.9854191829179,23.16622612768495,816.6326447601416,0.0,1694.5737235244094,0.0,509.06970062969873,159.08428144678086,2511.2063682845514,3348.275157712735,837.0687894281838,23.16622612768508,7.722075375895026,30.888301503580102,0.4633245225537015,41.44471657804835,0.0,132.7782591685805,1178.5614465200422,3843.946433749613,3857.344858342434,0.0,0.0,0.0,0.0,218.97302636558314,43.79460527311663,23.964058584827175,0.0,0.0,0.0,-2.2737367544323206e-13,0.0
2025-01-15 12:00:00+00:00,0,71.0,2853.4237402053895,368.7665442473815,807.5975461904856,1677.0596497675244,368.7665442473815,212.5873251736665,156.179219073715,1316.7488541498915,346.1132340816368,22.65331016574474,807.5975461904856,0.0,1677.0596497675244,0.0,503.43743139147153,157.32419730983486,2484.6571959580097,3312.876261277346,828.2190653193366,22.653310165744777,7.551103388581592,30.20441355432637,0.4530662033148955,40.99852288338981,0.0,131.27995037841802,1165.825905482876,4019.249645688265,3816.3136926688176,0.0,0.0,0.0,0.0,0.0,43.79460527311663,23.96517206781504,0.0,0.0,0.0,-4.547473508864641e-13,0.0
2025-01-15 13:00:00+00:00,0,71.0,2959.8028347531276,383.24327931529655,837.4990783302491,1739.0604771075825,383.24327931529655,220.65013301900655,162.59314629629003,1316.7488541498915,358.9281764272497,24.315102888046884,837.4990783302491,0.0,1739.0604771075825,0.0,522.077347530545,163.14917110329532,2576.559555437831,3435.4127405837744,858.8531851459436,24.315102888047363,8.105034296015788,32.42013718406315,0.48630205776094726,42.515577120983295,0.0,136.31838107345013,1209.4276507974491,4169.230485550577,3957.4900881143194,0.0,0.0,0.0,0.0,0.0,43.79460527311663,23.962107765847545,0.0,0.0,0.0,4.547473508864641e-13,0.0
2025-01-15 14:00:00+00:00,0,71.0,2688.7827231125098,349.2124257583636,764.0795692057419,1575.490728148404,349.2124257583636,201.5414445753098,147.6709811830538,1316.7488541498915,327.46267251674664,21.749753241617018,764.0795692057419,0.0,1575.490728148404,0.0,476.3093418425405,148.8466693257939,2339.570297354146,3119.4270631388613,779.8567657847153,21.749753241617064,7.2499177472056875,28.99967098882275,0.43499506483234124,38.677294357656294,0.0,123.97865447672534,1099.0442967569288,3938.162531880039,3595.736404981402,0.0,0.0,0.0,150.3355120106009,0.0,186.41539462144613,23.967025902346847,0.0,0.0,0.0,-6.252776074688882e-13,0.0
2025-01-15 15:00:00+00:00,0,71.0,2904.154167839462,377.21701098346045,824.6127438973197,1702.3244129586824,377.21701098346045,218.03430106685752,159.18270991660293,1316.7488541498915,353.4054616702799,23.811549313180517,824.6127438973197,0.0,1702.3244129586824,0.0,514.0443078840435,160.6388462137636,2526.9371568560023,3369.2495424746694,842.3123856186673,23.811549313180166,7.937183104393388,31.748732417573553,0.4762309862636033,41.76162644650642,0.0,133.95520220436,1187.0814745739542,4310.208668778999,3883.293850358713,0.0,0.0,0.0,218.97302636558314,0.0,394.15144745804963,23.963347521927883,0.0,0.0,0.0,-4.831690603168681e-13,0.0
2025-01-15 16:00:00+00:00,0,71.0,2899.9406730654787,377.1657502647973,823.4864270338988,1699.2884957667825,377.1657502647973,217.90727439642453,159.25847586837276,1316.7488541498915,352.9227544430996,24.24299582169767,823.4864270338988,0.0,1699.2884957667825,0.0,513.3421882808722,160.41943383777254,2522.7749228006815,3363.699897067575,840.9249742668937,24.24299582169789,8.08099860723263,32.32399442893052,0.48485991643395776,41.69747776868479,0.0,133.85463712309442,1185.462381520112,4085.4030545855903,3877.042085348447,0.0,0.0,0.0,0.0,0.0,394.15144745804963,23.961961531880476,0.0,0.0,0.0,-4.547473508864641e-13,0.0
2025-01-15 17:00:00+00:00,0,71.0,2892.0617509044387,376.0995733420033,820.6437088471789,1695.3184687152545,376.0995733420033,216.72131903259822,159.37825430940507,1316.7488541498915,351.704446648791,24.395126693212244,820.6437088471789,0.0,1695.3184687152545,0.0,511.5701042164233,159.8656575676323,2515.962177562434,3354.616236749912,838.654059187478,24.395126693211765,8.131708897737255,32.52683559094902,0.48790253386423527,41.57249595256792,0.0,133.47411975924368,1182.1859438985232,4074.247694802962,3866.186340966335,0.0,0.0,0.0,0.0,0.0,394.15144745804963,23.961570978454056,0.0,0.0,0.0,2.2737367544323206e-13,0.0
2025-01-15 18:00:00+00:00,0,71.0,2844.1633228233004,369.2014541534063,805.8200433728276,1669.141825297067,369.2014541534063,212.2544141013817,156.9470400520246,1316.7488541498915,345.35144715978333,23.850006993622948,0.0,805.820043372828,1669.141825297067,0.0,502.32937768695757,156.97793052717424,1669.141825297067,2225.5224337294226,556.3806084323556,23.850006993622706,7.9500023312075685,837.6200526976583,12.564300790464873,32.807819120427226,16.11640086745656,131.1426486726416,913.9397107417277,3758.1030335650275,2727.8518114163803,0.0,0.0,0.0,0.0,0.0,394.15144745804963,23.962732865308737,0.0,0.0,0.0,-5.684341886080801e-13,0.0
2025-01-15 19:00:00+00:00,0,71.0,2852.84069226675,371.06083312918577,807.0001043855432,1674.7797547520208,371.06083312918577,212.34424879177953,158.71658433740626,1316.7488541498915,345.85718759380427,25.20364553538151,0.0,807.0001043855427,1674.7797547520208,0.0,503.06500013644256,157.2078125426383,1674.7797547520208,2233.039673002694,558.2599182506735,25.20364553538151,8.401215178460504,840.6049650993847,12.60907447649077,32.88779963523107,16.140002087710855,131.69107740734384,917.1968995785489,3656.632933672316,2736.1046731391366,0.0,0.0,0.0,0.0,113.40465817298245,274.6124417582317,23.95895966830952,0.0,0.0,0.0,-2.2737367544323206e-13,0.0
2025-01-15 20:00:00+00:00,0,71.0,2910.839210415089,378.8182243353603,822.3772489002372,1709.643737179492,378.8182243353603,215.69488106281457,163.12334327254575,1316.7488541498915,352.44739238581604,26.37083194954429,352.67252090081325,469.704727999424,1709.643737179492,0.0,512.650752561187,160.20336017537093,2062.316258080305,2749.7550107737397,687.4387526934349,26.37083194954465,8.790277316514883,504.86583726548355,7.572987558982253,37.0707075588078,9.39409455998848,134.40338451043806,1044.8735643735374,3736.739748423043,3262.4057633349266,0.0,0.0,0.0,0.0,218.97302636558314,43.79460527311663,23.956241281361322,0.0,0.0,0.0,-2.2737367544323206e-13,0.0
2025-01-15 21:00:00+00:00,0,71.0,2858.059779910936,370.9507167393428,804.7666343810336,1682.3424287905586,370.9507167393428,208.8983368054655,162.0523799338773,1316.7488541498915,344.8999861633002,26.05073057604264,804.7666343810336,0.0,1682.3424287905586,0.0,501.67270714661845,156.77272098331827,2487.1090631715915,3316.145417562122,829.0363543905305,26.05073057604288,8.68357685868096,34.73430743472384,0.5210146115208576,40.966423319336585,0.0,131.73369077390262,1167.7137809372898,4025.7735608482258,3817.8181247087405,0.0,0.0,0.0,0.0,0.0,43.79460527311663,23.957159901510956,0.0,0.0,0.0,0.0,0.0
2025-01-15 22:00:00+00:00,0,71.0,2908.4096275591255,376.98739942860584,818.5680790244669,1712.8541491060523,376.98739942860584,212.1112213828173,164.87617804578855,1316.7488541498915,350.8148910104859,26.172508418119946,818.5680790244669,0.0,1712.8541491060523,0.0,510.2762051061613,159.4613140956754,2531.422228130519,3375.229637507359,843.8074093768397,26.17250841811989,8.72416947270663,34.89667789082652,0.5234501683623978,41.68558386179453,0.0,133.95726882845514,1188.1591958038339,4096.568823362959,3885.50584261352,0.0,0.0,0.0,0.0,0.0,43.79460527311663,23.95726391796606,0.0,0.0,0.0,-4.547473508864641e-13,0.0
2025-01-15 23:00:00+00:00,0,71.0,2895.535406614037,375.641703681905,816.1249662791838,1703.7687366529499,375.641703681905,211.67448231592314,163.96722136598186,1316.7488541498915,349.76784269107884,25.873860990826152,816.1249662791838,0.0,1703.7687366529499,0.0,508.7532257324783,158.98538304139947,2519.893702932134,3359.8582705761787,839.9645676440447,25.87386099082582,8.624620330275272,34.49848132110109,0.5174772198165163,41.52143635490502,0.0,133.4172066067627,1183.0306911972036,4228.901609821842,3868.611496308657,0.0,0.0,0.0,150.3355120106009,0.0,186.41539462144613,23.957709337415423,0.0,0.0,0.0,5.684341886080802e-14,0.0
2025-03-21 00:00:00+00:00,1,14.0,4576.190816440603,593.220924915482,1298.0717033168648,2684.8981882082544,593.220924915482,339.59940102096203,253.62152389451995,1316.7488541498915,556.3164442786566,36.904480636825454,1298.0717033168648,0.0,2684.8981882082544,0.0,809.1875553144095,252.87111103575296,3982.9698915251197,5310.626522033493,1327.6566305083732,36.90448063682486,12.301493545608285,49.20597418243314,0.7380896127364971,65.7911329815885,0.0,210.7389365793322,1870.0973942633916,6446.288210703995,6119.814077347902,0.0,0.0,0.0,0.0,0.0,43.79460527311663,23.94137676357608,0.0,0.0,0.0,2.2737367544323206e-13,0.0
2025-03-21 01:00:00+00:00,1,14.0,3752.032514841168,486.8749960080796,1064.9652385070626,2200.1922803260254,486.8749960080796,278.7568501496099,208.11814585846972,1316.7488541498915,456.41367364588405,30.461322362195553,1064.9652385070626,0.0,2200.1922803260254,0.0,663.874434394013,207.46076074812905,3265.1575188330885,4353.543358444118,1088.3858396110295,30.461322362195176,10.153774120731725,40.6150964829269,0.6092264472439035,53.95087995847214,0.0,172.87532970889518,1533.4358105945014,5504.4413518012525,5017.4177928381305,0.0,0.0,0.0,218.97302636558314,0.0,251.53065810972015,23.951251427189458,0.0,0.0,0.0,-2.842170943040401e-14,0.0
2025-03-21 02:00:00+00:00,1,14.0,4490.833738574025,581.7823281692197,1273.7940507903656,2635.2573596144366,581.7823281692197,333.346912989409,248.43541517981066,1316.7488541498915,545.911736053014,35.8705921162057,1273.7940507903656,0.0,2635.2573596144366,0.0,794.0534342589294,248.14169820591545,3909.051410404803,5212.068547206403,1303.0171368016008,35.870592116205486,11.956864038735162,47.82745615494065,0.7174118423241097,64.56639511985534,0.0,206.74649189375066,1835.1459979021815,6325.979736476207,6006.121981465332,0.0,0.0,0.0,0.0,0.0,251.53065810972015,23.94340989517684,0.0,0.0,0.0,4.547473508864641e-13,0.0
2025-03-21 03:00:00+00:00,1,14.0,3516.3896015150417,455.75854895924516,997.5476371786893,2063.083415377106,455.75854895924516,261.52329974651417,194.235249212731,1316.7488541498915,427.5204159337241,28.238133025521066,997.5476371786893,0.0,2063.083415377106,0.0,621.8478777217805,194.3274617880564,3060.631052555796,4080.8414034077277,1020.2103508519319,28.23813302552155,9.412711008507182,37.65084403402873,0.5647626605104309,50.55726326913175,0.0,161.9470217807654,1437.019571358903,5103.744684884545,4702.689281129508,0.0,0.0,0.0,150.3355120106009,0.0,394.15144745804963,23.954773930676627,0.0,0.0,0.0,-8.526512829121202e-13,0.0
2025-03-21 04:00:00+00:00,1,14.0,3028.9048086142343,392.16421485155496,858.2539986498514,1778.4865951128302,392.16421485155496,224.94932801655818,167.2148868349968,1316.7488541498915,367.8231422785078,24.341072573047143,858.2539986498514,0.0,1778.4865951128302,0.0,535.0154796778295,167.19233739932173,2636.740593762682,3515.654125016909,878.9135312542272,24.341072573046887,8.113690857682295,32.45476343072918,0.4868214514609377,43.53248591062385,0.0,139.4277215416778,1237.6665884149938,4266.571397029227,4050.669604694738,0.0,0.0,0.0,0.0,0.0,394.15144745804963,23.960760937954014,0.0,0.0,0.0,-9.094947017729282e-13,0.0
2025-03-21 05:00:00+00:00,1,14.0,4635.98210501564,599.6960405821026,1313.3544769020912,2722.931587531448,599.6960405821026,344.1418631708438,255.5541774112587,1316.7488541498915,562.8662043866105,36.82983619549192,1313.3544769020912,0.0,2722.931587531448,0.0,818.7144791077973,255.84827472118664,4036.2860644335387,5381.714752578051,1345.4286881445128,36.82983619549108,12.276612065163693,49.10644826065477,0.7365967239098216,66.62995018237721,0.0,213.30409832541207,1894.224220162562,6530.206325178202,6200.429231685848,0.0,0.0,0.0,0.0,0.0,394.15144745804963,23.941432895212234,0.0,0.0,0.0,2.2737367544323206e-13,0.0
2025-03-21 06:00:00+00:00,1,14.0,3635.065831251845,470.558105596297,1030.16719834635,2134.3405273092,470.558105596297,270.07592100159184,200.48218459470516,1316.7488541498915,441.50022786272154,29.057877733575495,1030.16719834635,0.0,2134.3405273092,0.0,642.182149618504,200.6819217557825,3164.5077256555496,4219.343634207399,1054.8359085518498,29.05787773357548,9.68595924452516,38.74383697810064,0.5811575546715095,52.248421223482495,0.0,167.31615970501173,1485.3495280353231,5120.415359287168,4861.525783825903,0.0,0.0,0.0,0.0,0.0,394.15144745804963,23.953477994868695,0.0,0.0,0.0,0.0,0.0
2025-03-21 07:00:00+00:00,1,14.0,2470.475698291082,320.32775258159995,700.1981635844878,1449.949782124995,320.32775258159995,183.5970334123437,136.73071916925625,1316.7488541498915,300.08492725049484,20.24282533110513,700.1981635844878,0.0,1449.949782124995,0.0,436.4871669098106,136.4022396593158,2150.147945709483,2866.8639276126437,716.7159819031609,20.24282533110535,6.747608443701783,26.990433774807133,0.404856506622107,35.50544272878459,0.0,113.80857165081326,1009.5847008923985,3480.0603991834805,3303.3510945224543,0.0,0.0,0.0,0.0,0.0,394.15144745804963,23.96669927849262,0.0,0.0,0.0,-1.1368683772161603e-13,0.0
2025-03-21 08:00:00+00:00,1,14.0,2446.126005063638,317.18710049299017,693.7817999287761,1435.1571046418717,317.18710049299017,181.96878470784108,135.2183157851491,1316.7488541498915,297.33505711233266,19.85204338065752,693.7817999287761,0.0,1435.1571046418717,0.0,432.4873557997564,135.15229868742387,2128.9389045706484,2838.585206094198,709.6463015235495,19.852043380657612,6.617347793552537,26.46939117421015,0.3970408676131522,35.165025044282004,0.0,112.69052122831069,999.6685351447318,3445.7945402083697,3271.072561893954,0.0,0.0,0.0,0.0,0.0,394.15144745804963,23.967619745693582,0.0,0.0,0.0,0.0,0.0
2025-03-21 09:00:00+00:00,1,14.0,2455.700848684079,318.02619467189356,695.369133557462,1442.305520454723,318.02619467189356,181.6959566528427,136.33023801905085,1316.7488541498915,298.015342953198,20.010851718695562,695.369133557462,0.0,1442.305520454723,0.0,433.4768624773789,135.46151952418091,2137.6746540121844,2850.232872016246,712.5582180040615,20.01085171869545,6.670283906231816,26.681135624927265,0.40021703437390893,35.28412921127108,0.0,113.04679642701718,1003.4211641071364,3459.122012791215,3283.7097344936246,0.0,0.0,0.0,0.0,0.0,394.15144745804963,23.967294342975084,0.0,0.0,0.0,-3.410605131648481e-13,0.0
2025-03-21 10:00:00+00:00,1,14.0,2562.0348076078476,330.59275926563384,722.614217142353,1508.8278311998595,330.59275926563384,188.40396824406673,142.18879102156714,1316.7488541498915,309.69180734672284,20.90095191891105,722.614217142353,0.0,1508.8278311998595,0.0,450.46081068614234,140.76900333941947,2231.4420483422123,2975.2560644562827,743.8140161140707,20.90095191891099,6.96698397297033,27.86793589188132,0.4180190383782198,36.76670482626918,0.0,117.76666198942905,1046.5013892805368,3495.131538715402,3425.716875142425,0.0,0.0,0.0,0.0,113.40465817298245,274.6124417582317,23.964983843687858,0.0,0.0,0.0,0.0,0.0
2025-03-21 11:00:00+00:00,1,14.0,2488.264137829577,321.9592057172381,703.5792510138843,1462.7256810984543,321.9592057172381,183.96609400222118,137.99311171501694,1316.7488541498915,301.5339647202362,20.425240997001893,703.5792510138843,0.0,1462.7256810984543,0.0,438.594857774889,137.0608930546528,2166.3049321123385,2888.4065761497845,722.1016440374461,20.425240997001552,6.808413665667183,27.233654662668734,0.408504819940031,35.734634341401076,0.0,114.52288964632116,1016.6369795654283,3285.928091029422,3327.0014339246736,0.0,0.0,0.0,0.0,218.97302636558314,43.79460527311663,23.966087062170754,0.0,0.0,0.0,-1.1368683772161603e-13,0.0
2025-03-21 12:00:00+00:00,1,14.0,2638.836141428213,341.3292141276518,745.2531763436893,1552.2537509568701,341.3292141276518,194.10135160600834,147.2278625216435,1316.7488541498915,319.39421843300977,21.93499569464202,745.2531763436893,0.0,1552.2537509568701,0.0,464.5734086298325,145.17919019682265,2297.5069273005597,3063.3425697340795,765.8356424335199,21.934995694641763,7.311665231547254,29.246660926189016,0.4386999138928352,37.880132799879384,0.0,121.3559488674613,1078.0012794431232,3716.8374208713362,3527.915978363912,0.0,0.0,0.0,0.0,0.0,43.79460527311663,23.964331027240927,0.0,0.0,0.0,0.0,0.0
2025-03-21 13:00:00+00:00,1,14.0,2567.667681468264,332.443630814226,725.2099664366968,1510.0140842173416,332.443630814226,189.10907665195367,143.33455416227233,1316.7488541498915,310.80427133001297,21.639359484213017,725.2099664366968,0.0,1510.0140842173416,0.0,452.0789401163825,141.27466878636955,2235.224050654039,2980.298734205385,745.0746835513462,21.639359484213188,7.213119828071062,28.85247931228425,0.4327871896842637,36.85643983527433,0.0,118.19882458825919,1049.0505237790046,3767.0537172578697,3432.3776743217672,0.0,0.0,0.0,150.3355120106009,0.0,186.41539462144613,23.963395262394563,0.0,0.0,0.0,5.684341886080802e-14,0.0
2025-03-21 14:00:00+00:00,1,14.0,2514.518970629087,326.11866730440255,711.6614876019327,1476.738815722752,326.11866730440255,185.83551325696607,140.28315404743648,1316.7488541498915,304.9977804008284,21.120886903574174,711.6614876019327,0.0,1476.738815722752,0.0,443.63313512847765,138.63535472764926,2188.4003033246845,2917.8670710995793,729.4667677748948,21.120886903574153,7.040295634524718,28.16118253809887,0.42241773807148303,36.1172327852855,0.0,115.85158645557392,1027.5336551159996,3542.0526257450865,3361.500206228057,0.0,0.0,0.0,0.0,0.0,186.41539462144613,23.96454166209466,0.0,0.0,0.0,-2.2737367544323206e-13,0.0
2025-03-21 15:00:00+00:00,1,14.0,2476.830108709238,321.030408470713,700.9246872667403,1454.875012971787,321.030408470713,183.09610648412837,137.93430198658461,1316.7488541498915,300.39629454288877,20.634113927824217,700.9246872667403,0.0,1454.875012971787,0.0,436.94006478965633,136.5437702467676,2155.7997002385273,2874.3996003180364,718.5999000795091,20.634113927823826,6.878037975941275,27.5121519037651,0.4126822785564765,35.57649074772008,0.0,114.09209718926948,1012.102978517764,3707.906113592586,3311.339665107693,0.0,0.0,0.0,218.97302636558314,0.0,394.15144745804963,23.96573036089602,0.0,0.0,0.0,5.400124791776761e-13,0.0
2025-03-21 16:00:00+00:00,1,14.0,2427.784647119749,314.4816663164748,686.9236093930358,1426.379371410239,314.4816663164748,179.6621970036948,134.81946931277997,1316.7488541498915,294.39583259701544,20.085833719459337,686.9236093930358,0.0,1426.379371410239,0.0,428.21212014111336,133.81628754409792,2113.302980803275,2817.7373077377,704.434326934425,20.085833719459572,6.695277906486524,26.781111625946096,0.4017166743891914,34.87150199589347,0.0,111.79378329693392,992.0128943522261,3419.797541471975,3245.9494278788134,0.0,0.0,0.0,0.0,0.0,394.15144745804963,23.966650904475237,0.0,0.0,0.0,-2.2737367544323206e-13,0.0
2025-03-21 17:00:00+00:00,1,14.0,2607.7242161239196,337.56077543588503,736.7627148747122,1533.400725813323,337.56077543588503,192.92067955714373,144.6400958787413,1316.7488541498915,315.75544923201954,21.805326203865476,736.7627148747122,0.0,1533.400725813323,0.0,459.28065342839216,143.52520419637256,2270.163440688035,3026.884587584046,756.7211468960115,21.805326203865448,7.268442067955149,29.073768271820597,0.43610652407730893,37.436888704374596,0.0,120.05514874855552,1065.4429371373467,3673.1671532612663,3486.1652410124384,0.0,0.0,0.0,0.0,0.0,394.15144745804963,23.963427936781645,0.0,0.0,0.0,0.0,0.0
2025-03-21 18:00:00+00:00,1,14.0,3405.2650082195255,441.41171492605304,962.1047120420762,2001.7485812513955,441.41171492605304,251.6059591644514,189.80575576160166,1316.7488541498915,412.33059087517563,29.08112405087741,962.1047120420762,0.0,2001.7485812513955,0.0,599.7535867275282,187.42299585235256,2963.8532932934713,3951.8043910579618,987.9510977644904,29.081124050877122,9.69370801695904,38.77483206783616,0.5816224810175423,48.88062717377624,0.0,156.89043467140294,1391.4204859599988,4577.712467813941,4551.55797778549,0.0,0.0,0.0,0.0,218.97302636558314,163.3336109729346,23.9499186280921,0.0,0.0,0.0,-6.821210263296962e-13,0.0
2025-03-21 19:00:00+00:00,1,14.0,3403.97539606335,442.0129130540082,961.7216678521911,2000.2408151571515,442.0129130540082,251.24299345861763,190.7699195953906,1316.7488541498915,412.1664290795106,29.846483974497644,961.7216678521911,0.0,2000.2408151571515,0.0,599.5148059338336,187.348376854323,2961.9624830093435,3949.2833106791245,987.3208276697811,29.84648397449743,9.948827991499144,39.795311965996575,0.5969296794899486,48.854058187137255,0.0,156.96831918134347,1391.037339563574,4681.608077453942,4548.798116612958,0.0,0.0,0.0,0.0,113.40465817298247,43.79460527311663,23.94786685431994,0.0,0.0,0.0,6.821210263296962e-13,0.0
2025-03-21 20:00:00+00:00,1,14.0,2965.7143758801526,386.80500411999856,839.7196780685846,1739.1896936915693,386.80500411999856,219.42887693988447,167.37612718011408,1316.7488541498915,359.87986202939345,26.92514209060507,839.7196780685846,0.0,1739.1896936915693,0.0,523.4616174972997,163.58175546790616,2578.9093717601536,3438.545829013538,859.6364572533845,26.92514209060512,8.97504736353504,35.90018945414016,0.5385028418121024,42.58348727897323,0.0,137.05159520676307,1212.3668454123742,4178.081221292527,3962.007446510838,0.0,0.0,0.0,0.0,0.0,43.79460527311663,23.952139046798184,0.0,0.0,0.0,-2.2737367544323206e-13,0.0
2025-03-21 21:00:00+00:00,1,14.0,4367.399333036642,570.0125911043573,1238.1995392398371,2559.1872026924484,570.0125911043573,324.14737035069714,245.8652207536601,1316.7488541498915,530.6569453885016,39.35564571585558,1238.1995392398371,0.0,2559.1872026924484,0.0,771.8646478378206,241.20770244931893,3797.3867419322846,5063.182322576379,1265.7955806440948,39.3556457158557,13.1185485719519,52.4741942878076,0.7871129143171139,62.73785820411958,0.0,201.89004824183357,1785.536851025636,6152.936184062278,5835.0469704142,0.0,0.0,0.0,0.0,0.0,43.79460527311663,23.930985082638603,0.0,0.0,0.0,-2.2737367544323206e-13,0.0
2025-03-21 22:00:00+00:00,1,14.0,4044.7511990677795,526.7709263580734,1145.0620913737885,2372.9181813359187,526.7709263580734,299.1338110401138,227.63711531795957,1316.7488541498915,490.74089630305224,36.0300300550212,1145.0620913737885,0.0,2372.9181813359187,0.0,713.8049400771669,223.06404377411465,3517.9802727097076,4690.6403636129435,1172.6600909032359,36.03003005502194,12.010010018340646,48.04004007336258,0.7206006011004387,58.08104455457284,0.0,186.76157892986134,1653.2973687812257,5698.048567849005,5404.44530369011,0.0,0.0,0.0,0.0,0.0,43.79460527311663,23.937399410016713,0.0,0.0,0.0,-2.2737367544323206e-13,0.0
2025-03-21 23:00:00+00:00,1,14.0,3180.2473885094764,414.27681509785555,898.8008516553062,1867.1697217563126,414.27681509785555,234.96444857934517,179.31236651851034,1316.7488541498915,385.20036499513134,29.07645010272416,898.8008516553062,0.0,1867.1697217563126,0.0,560.2914399929182,175.09107499778693,2765.9705734116187,3687.960764548825,921.9901911372062,29.07645010272381,9.69215003424127,38.76860013696508,0.5815290020544761,45.63572276722231,0.0,146.88772853630758,1299.8783964748186,4480.125784984295,4248.252204541743,0.0,0.0,0.0,0.0,0.0,43.79460527311663,23.948094337009298,0.0,0.0,0.0,0.0,0.0
2025-03-23 00:00:00+00:00,2,1.0,3047.0827957348697,395.58936594375325,861.7848133893558,1789.70861640176,395.58936594375325,225.24742321490552,170.34194272884773,1316.7488541498915,369.33634859543827,26.25301734831499,861.7848133893558,0.0,1789.70861640176,0.0,537.2165070479101,167.8801584524719,2651.493429791116,3535.324573054821,883.8311432637053,26.253017348314884,8.751005782771628,35.00402313108651,0.5250603469662977,43.75063056569827,0.0,140.46939702351588,1245.2073954351292,4292.290191169998,4072.541080102731,0.0,0.0,0.0,0.0,0.0,43.79460527311663,23.956109700362724,0.0,0.0,0.0,-6.821210263296962e-13,0.0
2025-03-23 01:00:00+00:00,2,1.0,3689.539622469024,479.12636586961776,1045.0067952404897,2165.4064613589157,479.12636586961776,273.79027552115565,205.3360903484621,1316.7488541498915,447.86005510306717,31.26631076655061,1045.0067952404897,0.0,2165.4064613589157,0.0,651.4328074226431,203.57275231957598,3210.4132565994055,4280.551008799207,1070.1377521998018,31.26631076655096,10.42210358885032,41.68841435540128,0.6253262153310192,53.00426847080385,0.0,170.11776846635635,1507.8799712607195,5416.3926200953265,4931.98381622185,0.0,0.0,0.0,218.97302636558314,0.0,251.53065810972015,23.948000859364626,0.0,0.0,0.0,-2.842170943040401e-14,0.0
2025-03-23 02:00:00+00:00,2,1.0,4766.883972927061,619.1116999643316,1349.5464540736823,2798.2258188890514,619.1116999643316,353.4130039061265,265.6986960582051,1316.7488541498915,578.3770517458639,40.73464821846764,1349.5464540736823,0.0,2798.2258188890514,0.0,841.2757116303475,262.8986598844836,4147.772272962733,5530.363030616977,1382.5907576542443,40.73464821846714,13.57821607282238,54.31286429128952,0.8146929643693428,68.46865181110098,0.0,219.79606473118815,1948.1470431182088,6715.03101604527,6371.638742247324,0.0,0.0,0.0,0.0,0.0,251.53065810972015,23.932094193085636,0.0,0.0,0.0,0.0,0.0
2025-03-23 03:00:00+00:00,2,1.0,5065.620620082867,657.6837728116944,1435.0141350555357,2972.9227122156353,657.6837728116944,376.0150878292243,281.66868498247015,1316.7488541498915,615.006057880944,42.677714930750426,1435.0141350555357,0.0,2972.9227122156353,0.0,894.5542660086459,279.54820812770186,4407.936847271171,5877.249129694895,1469.3122824237237,42.677714930751094,14.22590497691703,56.90361990766812,0.8535542986150219,72.77965117382243,0.0,233.543582668311,2070.263183669091,7286.219315762559,6771.80339570354,0.0,0.0,0.0,150.3355120106009,0.0,394.15144745804963,23.929540375777325,0.0,0.0,0.0,-6.252776074688882e-13,0.0
2025-03-23 04:00:00+00:00,2,1.0,4612.233252327111,598.8731749409271,1306.6154375023266,2706.744639883858,598.8731749409271,342.34197336347097,256.53120157745616,1316.7488541498915,559.9780446438544,38.895130297072726,1306.6154375023266,0.0,2706.744639883858,0.0,814.5135194819703,254.53547483811573,4013.3600773861845,5351.146769848246,1337.7866924620614,38.89513029707318,12.965043432357726,51.860173729430905,0.7779026059414635,66.26590952390838,0.0,212.64351611700178,1884.9745389793866,6497.207791306498,6165.660289330216,0.0,0.0,0.0,0.0,0.0,394.15144745804963,23.935827826501466,0.0,0.0,0.0,4.547473508864641e-13,0.0
2025-03-23 05:00:00+00:00,2,1.0,4918.4003314097545,638.5459254910977,1393.6506923656063,2886.203713553049,638.5459254910977,365.28906679856647,273.2568586925313,1316.7488541498915,597.2788681566885,41.267057334409174,1393.6506923656063,0.0,2886.203713553049,0.0,868.7692627733651,271.4903946166766,4279.854405918655,5706.472541224874,1426.6181353062184,41.26705733440869,13.755685778136229,55.022743112544916,0.8253411466881737,70.67155790649868,0.0,226.74855305584143,2010.1096678100596,6928.509999219814,6575.2418039982385,0.0,0.0,0.0,0.0,0.0,394.15144745804963,23.932026128073268,0.0,0.0,0.0,-2.2737367544323206e-13,0.0
2025-03-23 06:00:00+00:00,2,1.0,4640.041575661417,602.5183670085357,1314.4819738082006,2723.041234844679,602.5183670085357,344.47287474787726,258.0454922606584,1316.7488541498915,563.3494173463719,39.168949662163854,1314.4819738082006,0.0,2723.041234844679,0.0,819.4173343219954,256.0679169756236,4037.5232086528795,5383.364278203839,1345.8410695509597,39.16894966216428,13.05631655405476,52.22526621621904,0.7833789932432855,66.66487156269281,0.0,213.9306579200701,1896.3442115566443,6536.38578721806,6202.781612525834,0.0,0.0,0.0,0.0,0.0,394.15144745804963,23.935212454919625,0.0,0.0,0.0,-1.1368683772161603e-12,0.0
2025-03-23 07:00:00+00:00,2,1.0,4423.780537253034,575.0082173695769,1253.6243855362384,2595.1479343472215,575.0082173695769,328.47208876055754,246.53612860901933,1316.7488541498915,537.2675938012451,37.74062356833173,1253.6243855362384,0.0,2595.1479343472215,0.0,781.4801364381747,244.21254263692958,3848.77231988346,5131.69642651128,1282.92410662782,37.74062356833204,12.580207856110679,50.320831424442716,0.7548124713666408,63.56021090955937,0.0,204.06085555948735,1808.0927360612739,6231.873273314307,5913.176562949455,0.0,0.0,0.0,0.0,0.0,394.15144745804963,23.937106194629305,0.0,0.0,0.0,-6.821210263296962e-13,0.0
2025-03-23 08:00:00+00:00,2,1.0,2525.460535255602,328.84271127909074,716.1155308604825,1480.5022931160288,328.84271127909074,188.0907965902546,140.7519146888361,1316.7488541498915,306.90665608306404,21.936055196026707,716.1155308604825,0.0,1480.5022931160288,0.0,446.40968157536577,139.5030254923018,2196.6178239765118,2928.8237653020155,732.2059413255039,21.936055196026395,7.312018398675464,29.248073594701857,0.4387211039205278,36.288488856974766,0.0,116.61570658752534,1032.3639017649018,3557.8244370205034,3375.2334468773815,0.0,0.0,0.0,0.0,0.0,394.15144745804963,23.962658760710042,0.0,0.0,0.0,-2.2737367544323206e-13,0.0
2025-03-23 09:00:00+00:00,2,1.0,4083.5344389885936,531.7442504659396,1159.2099906987914,2392.5801978238615,531.7442504659396,304.7647176680559,226.9795327978837,1316.7488541498915,496.80428172805347,34.93996873788611,1159.2099906987914,0.0,2392.5801978238615,0.0,722.6244097862595,225.8201280582061,3551.790188522653,4735.720251363537,1183.9300628408841,34.93996873788598,11.646656245961992,46.58662498384797,0.6987993747577195,58.70210169920235,0.0,188.56628066945996,1669.3640288884724,5752.898467877065,5458.344661149797,0.0,0.0,0.0,0.0,0.0,394.15144745804963,23.941304583175224,0.0,0.0,0.0,-1.1368683772161603e-12,0.0
2025-03-23 10:00:00+00:00,2,1.0,2599.533019262855,340.1694397793717,738.9288836533797,1520.4346958301048,340.1694397793717,194.6600904009506,145.5093493784211,1316.7488541498915,316.6838072800199,23.485632499351816,738.9288836533797,0.0,1520.4346958301048,0.0,460.6309924073017,143.94718512728178,2259.363579483484,3012.484772644645,753.1211931611613,23.485632499351944,7.828544166450648,31.31417666580259,0.4697126499870389,37.372213467902434,0.0,120.3432619383852,1063.0821105111684,3549.2104716010404,3473.1157650519467,0.0,0.0,0.0,0.0,113.40465817298245,274.6124417582317,23.95903550108917,0.0,0.0,0.0,-2.2737367544323206e-13,0.0
2025-03-23 11:00:00+00:00,2,1.0,2678.3055703265177,349.0849177600935,760.0720017058851,1569.1486508605392,349.0849177600935,199.37555778579716,149.70935997429632,1316.7488541498915,325.7451435882365,23.339774171856988,760.0720017058851,0.0,1569.1486508605392,0.0,473.8111179465257,148.06597435828928,2329.220652566424,3105.627536755232,776.406884188808,23.339774171856796,7.779924723952265,31.11969889580906,0.46679548343713584,38.49364655978194,0.0,123.71998875814117,1094.9332140724098,3554.265758033344,3579.438654701758,0.0,0.0,0.0,0.0,218.97302636558314,43.79460527311663,23.96053263168431,0.0,0.0,0.0,-2.2737367544323206e-13,0.0
2025-03-23 12:00:00+00:00,2,1.0,3707.387082912041,483.2154834194952,1054.1917420358973,2169.9798574566476,483.2154834194952,277.667022100267,205.54846131922818,1316.7488541498915,451.7964608725274,31.419022546967728,1054.1917420358973,0.0,2169.9798574566476,0.0,657.1584885418581,205.36202766933064,3224.1715994925444,4298.895465990059,1074.7238664975148,31.419022546968208,10.473007515656068,41.89203006262427,0.628380450939364,53.325550835643384,0.0,171.2674248319233,1515.7802578010076,5223.167340713048,4956.053954531917,0.0,0.0,0.0,0.0,0.0,43.79460527311663,23.947707228468662,0.0,0.0,0.0,-2.2737367544323206e-13,0.0
2025-03-23 13:00:00+00:00,2,1.0,4774.338456629509,621.6434802121632,1356.5011571411692,2796.1938192761736,621.6434802121632,356.8614522904786,264.78202792168463,1316.7488541498915,581.3576387747869,40.2858414373764,1356.5011571411692,0.0,2796.1938192761736,0.0,845.6111109451448,264.2534721703577,4152.694976417343,5536.926635223124,1384.231658805781,40.28584143737538,13.42861381245846,53.71445524983384,0.8057168287475076,68.65697290699681,0.0,220.4286106365981,1951.8050451609395,6876.479013801049,6382.537746168269,0.0,0.0,0.0,150.3355120106009,0.0,186.41539462144613,23.933170784475266,0.0,0.0,0.0,5.684341886080802e-14,0.0
2025-03-23 14:00:00+00:00,2,1.0,2979.168721184503,387.88604850662824,845.8403046182516,1745.4423680596249,387.88604850662824,222.1098903217445,165.7761581848837,1316.7488541498915,362.50298769353645,25.383060813091767,845.8403046182516,0.0,1745.4423680596249,0.0,527.2770730087802,164.77408531524384,2591.282672677876,3455.0435635705007,863.7608908926252,25.383060813092058,8.461020271030685,33.84408108412274,0.5076612162618411,42.82963281914378,0.0,137.52561567619034,1217.8589061904959,4197.027627374998,3982.320636579281,0.0,0.0,0.0,0.0,0.0,186.41539462144613,23.957765931841532,0.0,0.0,0.0,-9.094947017729282e-13,0.0
2025-03-23 15:00:00+00:00,2,1.0,2661.2908495157944,344.55897239108424,753.9162780499743,1562.8155990747332,344.55897239108424,196.95663551648812,147.60233687459615,1316.7488541498915,323.10697630713184,21.451996083952405,753.9162780499743,0.0,1562.8155990747332,0.0,469.97378371946456,146.86680741233266,2316.7318771247074,3088.975836166276,772.243959041569,21.451996083952352,7.150665361317451,28.602661445269803,0.42903992167904703,38.24564433224656,0.0,122.47691833647055,1087.4130344056152,3967.6769102869926,3558.9496198857405,0.0,0.0,0.0,218.97302636558314,0.0,394.15144745804963,23.96602972312512,0.0,0.0,0.0,-2.5579538487363607e-13,0.0
2025-03-23 16:00:00+00:00,2,1.0,2571.9426533617698,333.069063462197,728.6444519860679,1510.2291379135029,333.069063462197,190.57601967008344,142.49304379211355,1316.7488541498915,312.2761937083149,20.792869753882087,728.6444519860679,0.0,1510.2291379135029,0.0,454.21991812118534,141.9437244128704,2238.8735898995706,2985.1647865327604,746.2911966331901,20.792869753881867,6.930956584627289,27.723826338509156,0.4158573950776373,36.961624938717065,0.0,118.38737980591341,1050.930739770396,3622.873393132166,3439.384704653946,0.0,0.0,0.0,0.0,0.0,394.15144745804963,23.966824356337916,0.0,0.0,0.0,0.0,0.0
2025-03-23 17:00:00+00:00,2,1.0,2694.2734470521896,348.0026612958329,761.93203312896,1584.3387526273973,348.0026612958329,198.83753675474898,149.16512454108397,1316.7488541498915,326.5422999124115,21.46036138342143,761.93203312896,0.0,1584.3387526273973,0.0,474.9706180544168,148.42831814200525,2346.2707857563573,3128.361047675143,782.0902619187857,21.46036138342165,7.153453794473883,28.613815177895532,0.42920722766843294,38.70134852014277,0.0,123.84464387991648,1100.6472334829925,3794.9206805351823,3603.3316657295595,0.0,0.0,0.0,0.0,0.0,394.15144745804963,23.966640486018047,0.0,0.0,0.0,2.2737367544323206e-13,0.0
2025-03-23 18:00:00+00:00,2,1.0,4148.013061258572,537.6396995119973,1176.495807780695,2433.8775539658805,537.6396995119973,308.37446368044135,229.26523583155588,1316.7488541498915,504.21248904886943,33.42721046312781,1176.495807780695,0.0,2433.8775539658805,0.0,733.3999840710829,229.18749502221343,3610.373361746575,4813.831148995433,1203.4577872488583,33.427210463127864,11.142403487709288,44.56961395083715,0.6685442092625572,59.63364977307965,0.0,191.04620266019714,1695.1360824013204,5624.176117294309,5547.231133066516,0.0,0.0,0.0,0.0,218.97302636558314,163.3336109729346,23.946926391123206,0.0,0.0,0.0,-4.547473508864641e-13,0.0
2025-03-23 19:00:00+00:00,2,1.0,4286.388019597032,556.0126817299213,1217.1995969988122,2513.1757408682975,556.0126817299213,319.90593580976696,236.10674592015434,1316.7488541498915,521.6569701423482,34.35571158757309,1217.1995969988122,0.0,2513.1757408682975,0.0,758.7737747525065,237.11680461015828,3730.3753378671104,4973.8337838228135,1243.4584459557034,34.35571158757378,11.451903862524592,45.80761545009837,0.6871142317514755,61.64774531864735,0.0,197.51487103642305,1751.8768850152082,5924.860246439258,5732.60755857532,0.0,0.0,0.0,0.0,113.40465817298247,43.79460527311663,23.945138285784818,0.0,0.0,0.0,0.0,0.0
2025-03-23 20:00:00+00:00,2,1.0,3276.2455494626297,424.3070772856159,929.4985315341529,1922.4399406428588,424.3070772856159,243.77186730124401,180.53520998437185,1316.7488541498915,398.356513514637,25.950563770978846,929.4985315341529,0.0,1922.4399406428588,0.0,579.4276560212903,181.07114250665322,2851.9384721770116,3802.5846295693486,950.6461573923372,25.950563770979244,8.650187923659747,34.60075169463899,0.5190112754195848,47.10935535245318,0.0,150.83281608934504,1338.8286705398677,4615.074220002498,4382.012285590639,0.0,0.0,0.0,0.0,0.0,43.79460527311663,23.959155203295964,0.0,0.0,0.0,4.547473508864641e-13,0.0
2025-03-23 21:00:00+00:00,2,1.0,3539.052929292931,458.168604317434,1002.909623618629,2077.9747013568694,458.168604317434,262.86322892733756,195.30537539009643,1316.7488541498915,429.81841012226965,28.35019419516435,1002.909623618629,0.0,2077.9747013568694,0.0,625.1904147233013,195.37200460103165,3080.8843249754977,4107.845766633996,1026.961441658499,28.35019419516432,9.45006473172144,37.80025892688576,0.5670038839032864,50.867035722127554,0.0,162.89734785057848,1446.1148984478616,4985.167827740792,4733.036181357298,0.0,0.0,0.0,0.0,0.0,43.79460527311663,23.955013985881372,0.0,0.0,0.0,-6.821210263296962e-13,0.0
2025-03-23 22:00:00+00:00,2,1.0,4426.837872567179,572.4335031328247,1251.979168547337,2602.425200887017,572.4335031328247,327.78804385992123,244.64545927290354,1316.7488541498915,536.5625008060017,35.87100232682307,1251.979168547337,0.0,2602.425200887017,0.0,780.4545466269116,243.89204582090986,3854.4043694343536,5139.2058259124715,1284.8014564781179,35.87100232682286,11.95700077560762,47.82800310243048,0.7174200465364572,63.58362706529028,0.0,203.62408971461352,1808.5756399010756,6235.413512468253,5919.660372539383,0.0,0.0,0.0,0.0,0.0,43.79460527311663,23.942729664113763,0.0,0.0,0.0,-1.3642420526593924e-12,0.0
2025-03-23 23:00:00+00:00,2,1.0,4604.1904827817725,596.190597304049,1303.1960390617528,2704.8038464159713,596.190597304049,341.85501556182084,254.33558174222816,1316.7488541498915,558.5125881693227,37.67800913472625,1303.1960390617528,0.0,2704.8038464159713,0.0,812.381946428106,253.8693582587831,4007.999885477725,5343.999847303633,1335.9999618259083,37.67800913472628,12.559336378242094,50.237345512968375,0.7535601826945256,66.14391963601231,0.0,211.93712582854312,1881.2632621101834,6485.4537448919555,6156.381793731739,0.0,0.0,0.0,0.0,0.0,43.79460527311663,23.9392007433525,0.0,0.0,0.0,-4.547473508864641e-13,0.0
2025-04-12 00:00:00+00:00,3,40.0,3091.7851799709215,401.4014054716068,881.6974681559789,1808.6863063433368,401.4014054716068,231.8874218395468,169.51398363206002,1316.7488541498915,377.8703434954196,23.53106197618721,881.6974681559789,0.0,1808.6863063433368,0.0,549.629590538792,171.75924704337248,2690.383774499316,3587.178365999088,896.794591499772,23.531061976187345,7.8436873253957815,31.374749301583126,0.47062123952374685,44.53778710811274,0.0,142.5270512727278,1263.9329854889045,4355.718165459826,4136.807956537879,0.0,0.0,0.0,0.0,0.0,43.79460527311663,23.963981245118646,0.0,0.0,0.0,2.2737367544323206e-13,0.0
2025-04-12 01:00:00+00:00,3,40.0,3069.36490939459,398.49397383452646,873.8385051305794,1797.0324304294838,398.49397383452646,229.76060794956297,168.73336588496346,1316.7488541498915,374.5022164845341,23.99175734999234,873.8385051305794,0.0,1797.0324304294838,0.0,544.7304967047769,170.22828022024277,2670.870935560063,3561.161247413417,890.2903118533543,23.99175734999241,7.99725244999747,31.98900979998988,0.4798351469998482,44.18547945821222,0.0,141.51075173376995,1254.6919108625766,4543.02984662275,4105.891744118194,0.0,0.0,0.0,218.97302636558314,0.0,251.53065810972015,23.962119529613442,0.0,0.0,0.0,-2.5579538487363607e-13,0.0
2025-04-12 02:00:00+00:00,3,40.0,3040.409167427768,394.97714844010636,865.8937982003655,1779.538220787295,394.97714844010636,227.8009242681247,167.17622417198163,1316.7488541498915,371.097342085871,23.879806354235328,865.8937982003655,0.0,1779.538220787295,0.0,539.7779521249033,168.68061003903227,2645.43201898766,3527.242691983546,881.8106729958865,23.879806354235612,7.95993545141187,31.83974180564748,0.4775961270847122,43.77219615388391,0.0,140.21741037608206,1242.9184211433812,4283.327588571148,4067.0206441084492,0.0,0.0,0.0,0.0,0.0,251.53065810972015,23.96236650245697,0.0,0.0,0.0,-9.094947017729282e-13,0.0
2025-04-12 03:00:00+00:00,3,40.0,3062.6154219436226,397.31102896657325,871.6521618509151,1793.6522311261338,397.31102896657325,229.08973166319768,168.22129730337556,1316.7488541498915,373.56521222182084,23.745816744752396,871.6521618509151,0.0,1793.6522311261338,0.0,543.3675814135577,169.80236919173677,2665.3043929770497,3553.7391906360663,888.4347976590166,23.745816744753398,7.915272248251132,31.66108899300453,0.4749163348950679,44.0860871667888,0.0,141.13662016738206,1251.8500627680703,4464.800996722293,4097.106772049624,0.0,0.0,0.0,150.3355120106009,0.0,394.15144745804963,23.96328234230627,0.0,0.0,0.0,-3.979039320256561e-13,0.0
2025-04-12 04:00:00+00:00,3,40.0,3109.60323598824,403.67547009370236,885.5560493176655,1820.3717165768726,403.67547009370236,232.8465328121648,170.82893728153758,1316.7488541498915,379.52402113614244,24.151448957559914,885.5560493176655,0.0,1820.3717165768726,0.0,552.034939834389,172.51091869824654,2705.9277658945375,3607.9036878593834,901.9759219648458,24.151448957560575,8.050482985853524,32.201931943414095,0.4830289791512114,44.770398645298684,0.0,143.35155591927997,1271.1423071926756,4380.745543180916,4159.938627693772,0.0,0.0,0.0,0.0,0.0,394.15144745804963,23.962219322799086,0.0,0.0,0.0,0.0,0.0
2025-04-12 05:00:00+00:00,3,40.0,3108.01247362187,403.4394574351668,885.4229923115985,1819.1500238751064,403.4394574351668,232.90388838031294,170.53556905485388,1316.7488541498915,379.4669967049709,23.972460730195948,885.4229923115985,0.0,1819.1500238751064,0.0,551.9519952072304,172.48499850225951,2704.573016186705,3606.0973549156065,901.5243387289016,23.972460730196005,7.990820243398668,31.96328097359467,0.47944921460392004,44.75419000809902,0.0,143.27357852796024,1270.5073752252229,4378.519848847092,4158.049350122837,0.0,0.0,0.0,0.0,0.0,394.15144745804963,23.962706752142,0.0,0.0,0.0,-4.547473508864641e-13,0.0
2025-04-12 06:00:00+00:00,3,40.0,3057.446493160741,397.2955322718689,871.6571773272258,1788.4937835616458,397.2955322718689,229.86456387049108,167.43096840137787,1316.7488541498915,373.5673617116683,23.728170560200653,871.6571773272258,0.0,1788.4937835616458,0.0,543.3707079442448,169.8033462325765,2660.150960888872,3546.867947851829,886.7169869629572,23.728170560201264,7.909390186733754,31.637560746935016,0.47456341120402523,44.03465315543323,0.0,141.03376726192622,1249.972707210831,4307.419200371572,4090.2386557960735,0.0,0.0,0.0,0.0,0.0,394.15144745804963,23.96276263017425,0.0,0.0,0.0,-2.2737367544323206e-13,0.0
2025-04-12 07:00:00+00:00,3,40.0,3070.6544380104815,399.73465876704785,875.5822396365603,1795.3375396068739,399.73465876704785,231.22249735411216,168.5121614129357,1316.7488541498915,375.2495312728116,24.485127494236217,875.5822396365603,0.0,1795.3375396068739,0.0,545.8175000331806,170.56796876036896,2670.9197792434343,3561.2263723245787,890.3065930811447,24.48512749423591,8.161709164745304,32.646836658981215,0.48970254988471823,44.22084258516555,0.0,141.77789074340416,1255.5247068847136,4326.179144895194,4107.043872357759,0.0,0.0,0.0,0.0,0.0,394.15144745804963,23.960672184110187,0.0,0.0,0.0,-6.821210263296962e-13,0.0
2025-04-12 08:00:00+00:00,3,40.0,3024.258249840333,393.4813350641155,861.7662940987116,1769.0106206775026,393.4813350641155,227.64295648905141,165.83837857506413,1316.7488541498915,369.32841175659075,24.152923307524794,861.7662940987116,0.0,1769.0106206775026,0.0,537.204962555041,167.8765507984503,2630.7769147762147,3507.702553034953,876.9256382587382,24.152923307525214,8.050974435841738,32.20389774336695,0.48305846615050424,43.54309502973638,0.0,139.60075729353412,1236.4800742824514,4260.7383241227835,4044.9075155899936,0.0,0.0,0.0,0.0,0.0,394.15144745804963,23.961230933394408,0.0,0.0,0.0,-9.094947017729282e-13,0.0
2025-04-12 09:00:00+00:00,3,40.0,2952.048198650281,384.30717768332704,842.2030020468475,1725.5380189201046,384.30717768332704,222.9198159571251,161.3873617262019,1316.7488541498915,360.9441437343633,23.363033948963732,842.2030020468475,0.0,1725.5380189201046,0.0,525.0096636136194,164.06551987925607,2567.7410209669524,3423.654694622603,855.9136736556508,23.363033948963903,7.787677982987967,31.150711931951868,0.467260678979278,42.52147025060647,0.0,136.30806047153803,1207.0636629190185,4159.111861569299,3948.6643582362226,0.0,0.0,0.0,0.0,0.0,394.15144745804963,23.962977874631846,0.0,0.0,0.0,0.0,0.0
2025-04-12 10:00:00+00:00,3,40.0,2929.163055665478,381.2301004247755,835.2941798954758,1712.638775345226,381.2301004247755,221.40766927271451,159.82243115206097,1316.7488541498915,357.98321995520405,23.246880469571472,835.2941798954758,0.0,1712.638775345226,0.0,520.7028653893877,162.71964543418366,2547.932955240701,3397.2439403209346,849.3109850802336,23.24688046957114,7.7489601565237125,30.99584062609485,0.46493760939142276,42.18521315031653,0.0,135.2396915588036,1197.6694329894526,4013.427830481948,3917.946805710322,0.0,0.0,0.0,0.0,113.40465817298245,274.6124417582317,23.962953504510786,0.0,0.0,0.0,0.0,0.0
2025-04-12 11:00:00+00:00,3,40.0,3018.0422265829366,392.6603064179133,860.6124008331072,1764.7695193319162,392.6603064179133,227.6381288432551,165.02217757465823,1316.7488541498915,368.8338860713318,23.826420346581536,860.6124008331072,0.0,1764.7695193319162,0.0,536.4856524673916,167.65176639605986,2625.3819201650235,3500.509226886698,875.1273067216745,23.82642034658099,7.942140115526996,31.768560462107985,0.47652840693161974,43.466067218312375,0.0,139.29883863473523,1233.9626474932404,4033.0318477105934,4036.9948793540893,0.0,0.0,0.0,0.0,218.97302636558314,43.79460527311663,23.962477869529977,0.0,0.0,0.0,-2.2737367544323206e-13,0.0
2025-04-12 12:00:00+00:00,3,40.0,2937.9634504198903,382.60880712113396,838.25917100839,1717.0954722903666,382.60880712113396,221.9451651966262,160.66364192450777,1316.7488541498915,359.25393043216724,23.35487668896674,838.25917100839,0.0,1717.0954722903666,0.0,522.5511715376978,163.29724110553056,2555.354643298757,3407.1395243983425,851.7848810995856,23.3548766889661,7.784958896322033,31.139835585288132,0.46709753377932195,42.318729853155375,0.0,135.6782571588432,1201.3311656472163,4139.294616067106,3929.6906959360404,0.0,0.0,0.0,0.0,0.0,43.79460527311663,23.963144793343062,0.0,0.0,0.0,-2.2737367544323206e-13,0.0
2025-04-12 13:00:00+00:00,3,40.0,2936.394018063023,382.4565358676455,837.1616018851093,1716.775880310267,382.4565358676455,221.1207848557558,161.3357510118897,1316.7488541498915,358.7835436650469,23.672992202598564,837.1616018851093,0.0,1716.775880310267,0.0,521.8669726037047,163.0834289386577,2553.937482195377,3405.2499762605025,851.3124940651256,23.672992202598408,7.890997400866135,31.56398960346454,0.4734598440519681,42.28260685965596,0.0,135.60331617966995,1200.6463032880274,4287.375833361651,3927.116948864207,0.0,0.0,0.0,150.3355120106009,0.0,186.41539462144613,23.96259821268512,0.0,0.0,0.0,-6.252776074688882e-13,0.0
2025-04-12 14:00:00+00:00,3,40.0,3007.658007168605,391.43416832666213,856.8371755332247,1759.3866633087196,391.43416832666213,225.59945174757553,165.83471657908657,1316.7488541498915,367.2159323713821,24.21823595528003,856.8371755332247,0.0,1759.3866633087196,0.0,534.1322652674648,166.91633289608276,2616.2238388419446,3488.298451789259,872.0746129473148,24.218235955280207,8.072745318426735,32.29098127370694,0.4843647191056041,43.29898189908394,0.0,138.83644787044142,1229.6834856504552,4237.34149281906,4022.430717056724,0.0,0.0,0.0,0.0,0.0,186.41539462144613,23.961802540281678,0.0,0.0,0.0,-4.547473508864641e-13,0.0
2025-04-12 15:00:00+00:00,3,40.0,3059.3822059163886,398.38851036276606,872.6770167282687,1788.3166788253554,398.38851036276606,230.10273613315306,168.28577422961303,1316.7488541498915,374.00443574068663,24.38407462207943,872.6770167282687,0.0,1788.3166788253554,0.0,544.0064519864532,170.0020162457666,2660.993695553624,3547.9915940714986,886.9978985178747,24.38407462207894,8.128024874026313,32.51209949610525,0.4876814924415787,44.063477290101616,0.0,141.27965119579477,1250.9587496160054,4529.313981897977,4091.998046057952,0.0,0.0,0.0,218.97302636558314,0.0,394.15144745804963,23.96194766199715,0.0,0.0,0.0,-2.842170943040401e-14,0.0
2025-04-12 16:00:00+00:00,3,40.0,3006.305278603771,392.9098391893976,857.6486483967461,1755.7467910176267,392.9098391893976,225.85952610464886,167.05031308474872,1316.7488541498915,367.5637064557484,25.346132733649178,857.6486483967461,0.0,1755.7467910176267,0.0,534.6381184810886,167.07441202534017,2613.3954394143734,3484.527252552498,871.1318131381245,25.346132733649284,8.448710911216427,33.79484364486571,0.5069226546729856,43.28692736207866,0.0,139.09649668724558,1229.545282778678,4235.850561382449,4019.1653710335863,0.0,0.0,0.0,0.0,0.0,394.15144745804963,23.958212942331777,0.0,0.0,0.0,0.0,0.0
2025-04-12 17:00:00+00:00,3,40.0,3007.45062791119,392.0664147391154,857.3864452826483,1757.997767889427,392.0664147391154,225.17814881758812,166.88826592152725,1316.7488541498915,367.4513336925636,24.615081046551765,857.3864452826483,0.0,1757.997767889427,0.0,534.4746671891834,167.0233334966198,2615.3842131720753,3487.1789508961,871.794737724025,24.61508104655168,8.205027015517226,32.820108062068904,0.4923016209310335,43.30157103737372,0.0,138.94628731412857,1229.7632582085955,4237.2138861197855,4021.6536180852836,0.0,0.0,0.0,0.0,0.0,394.15144745804963,23.96046367502812,0.0,0.0,0.0,-2.2737367544323206e-13,0.0
2025-04-12 18:00:00+00:00,3,40.0,3066.3174869809536,399.38915450102695,873.0009882194063,1793.9273442605204,399.38915450102695,228.86299289735305,170.5261616036739,1316.7488541498915,374.14328066545994,25.245873835567025,873.0009882194063,0.0,1793.9273442605204,0.0,544.208408240669,170.06512757520906,2666.928332479927,3555.904443306569,888.9761108266423,25.245873835566954,8.415291278522318,33.66116511408927,0.504917476711339,44.129303089187395,0.0,141.6040200141778,1253.6947702604505,4101.03923087582,4100.112851547238,0.0,0.0,0.0,0.0,218.97302636558314,163.3336109729346,23.959091241262335,0.0,0.0,0.0,-1.1368683772161603e-12,0.0
2025-04-12 19:00:00+00:00,3,40.0,3014.1137776552564,392.44806245124045,859.0044034934853,1762.6613117105328,392.44806245124045,225.17611827933627,167.27194417190418,1316.7488541498915,368.14474435435085,24.30331809688959,859.0044034934853,0.0,1762.6613117105328,0.0,535.4832645154195,167.33852016106857,2621.665715204018,3495.5542869386904,873.8885717346726,24.30331809688873,8.101106032296244,32.404424129184974,0.4860663619377746,43.39674522190988,0.0,139.15000979563288,1232.361019307518,4133.070138789792,4031.03755145411,0.0,0.0,0.0,0.0,113.40465817298247,43.79460527311663,23.961500588649418,0.0,0.0,0.0,-2.2737367544323206e-13,0.0
2025-04-12 20:00:00+00:00,3,40.0,2967.55226047756,386.7199568060099,846.9527964393429,1733.8795072322073,386.7199568060099,222.57476476521225,164.1451920407977,1316.7488541498915,362.9797699025756,23.74018690343435,846.9527964393429,0.0,1733.8795072322073,0.0,527.9705744037464,164.99080450117074,2580.83230367155,3441.1097382287335,860.2774345571834,23.740186903433525,7.913395634477841,31.653582537911365,0.4748037380686705,42.747378965502364,0.0,137.07121436370906,1213.475031760112,4181.027292237672,3969.08031263248,0.0,0.0,0.0,0.0,0.0,43.79460527311663,23.96237165153991,0.0,0.0,0.0,-4.547473508864641e-13,0.0
2025-04-12 21:00:00+00:00,3,40.0,2956.3872331650873,384.6628528651958,843.3829934812977,1728.3413868185928,384.6628528651958,221.1414517378438,163.52140112735202,1316.7488541498915,361.4498543491277,23.21299851606816,843.3829934812977,0.0,1728.3413868185928,0.0,525.7452426896402,164.29538834051257,2571.72438029989,3428.9658403998533,857.2414600999633,23.21299851606841,7.737666172022803,30.950664688091212,0.4642599703213682,42.584903672624854,0.0,136.42792764854633,1208.7516059039913,4165.138839069079,3954.7110830894935,0.0,0.0,0.0,0.0,0.0,43.79460527311663,23.964038524030215,0.0,0.0,0.0,4.547473508864641e-13,0.0
2025-04-12 22:00:00+00:00,3,40.0,2970.19408654103,387.08528631947746,847.4321566997824,1735.6766435217714,387.08528631947746,221.97357460098013,165.11171171849736,1316.7488541498915,363.1852100141925,23.900076305285015,847.4321566997824,0.0,1735.6766435217714,0.0,528.2693963842798,165.08418637008745,2583.108800221554,3444.1450669620717,861.0362667405179,23.900076305285012,7.96669210176167,31.86676840704668,0.4780015261057002,42.77973113621118,0.0,137.16383363041743,1214.5087115051015,4184.702798046132,3972.4144633463516,0.0,0.0,0.0,0.0,0.0,43.79460527311663,23.96238901555322,0.0,0.0,0.0,0.0,0.0
2025-04-12 23:00:00+00:00,3,40.0,3033.7416111196762,396.13211127741187,865.2679788201181,1772.3415210221478,396.13211127741187,226.47887056973974,169.65324070767213,1316.7488541498915,370.82913378005065,25.302977497361226,865.2679788201181,0.0,1772.3415210221478,0.0,539.3878309528009,168.55869717275027,2637.6094998422664,3516.812666456355,879.2031666140888,25.302977497361226,8.434325832453741,33.737303329814964,0.5060595499472245,43.681454574825025,0.0,140.23675740167914,1240.6204611457442,4274.3620722654205,4056.200497409156,0.0,0.0,0.0,0.0,0.0,43.79460527311663,23.95895981140692,0.0,0.0,0.0,0.0,0.0
2025-06-08 00:00:00+00:00,4,59.0,2668.226443465902,345.9888211553787,756.1234161236545,1566.1142061868675,345.9888211553787,197.79300254937667,148.19581860600204,1316.7488541498915,324.0528926244234,21.935928530955298,756.1234161236545,0.0,1566.1142061868675,0.0,471.3496619991613,147.2967693747379,2322.2376223105216,3096.316829747362,774.0792074368405,21.93592853095501,7.311976176985003,29.247904707940013,0.4387185706191002,38.344844545578304,0.0,122.99537866434675,1090.4668947691077,3758.6933382350094,3567.666491746523,0.0,0.0,0.0,0.0,0.0,43.79460527311663,23.962791383873352,0.0,0.0,0.0,-2.2737367544323206e-13,0.0
2025-06-08 01:00:00+00:00,4,59.0,2697.086106739959,347.8035405520599,760.2864080220033,1588.9961581658943,347.8035405520599,198.18158369546836,149.6219568565916,1316.7488541498915,325.83703200943006,21.966508542629867,760.2864080220033,0.0,1588.9961581658943,0.0,473.94477383189826,148.1077418224682,2349.2825661878974,3132.376754917196,783.094188729299,21.96650854263045,7.32216951421015,29.2886780568406,0.43933017085260895,38.69855382231904,0.0,123.94306805888603,1101.605052118035,4017.6641852235775,3606.3215287490943,0.0,0.0,0.0,218.97302636558314,0.0,251.53065810972015,23.963135656997856,0.0,0.0,0.0,1.9895196601282805e-13,0.0
2025-06-08 02:00:00+00:00,4,59.0,2748.2279820414296,354.306183471143,774.5667428622822,1619.3550557080039,354.306183471143,201.60218186255835,152.70400160858463,1316.7488541498915,331.9571755124067,22.34900795873626,774.5667428622822,0.0,1619.3550557080039,0.0,482.84680074531883,150.88962523291212,2393.9217985702862,3191.8957314270483,797.9739328567621,22.349007958736806,7.449669319578935,29.79867727831574,0.4469801591747361,39.43055284294851,0.0,126.27217138896116,1122.4629318003374,3870.6909138417673,3674.742532172367,0.0,0.0,0.0,0.0,0.0,251.53065810972015,23.962963103305537,0.0,0.0,0.0,2.2737367544323206e-13,0.0
2025-06-08 03:00:00+00:00,4,59.0,2787.1014940741543,360.5654351202401,789.0181113935944,1637.5179475603184,360.5654351202401,206.40350112075524,154.1619339994849,1316.7488541498915,338.15061916868336,22.414815951556765,789.0181113935944,0.0,1637.5179475603184,0.0,491.8554460635394,153.70482689485607,2426.5360589539127,3235.38141193855,808.8453529846375,22.414815951556747,7.471605317185582,29.88642126874233,0.4482963190311349,40.04572281741101,0.0,128.3033866253094,1138.8191909584307,4076.2561970431857,3727.2368580020893,0.0,0.0,0.0,150.3355120106009,0.0,394.15144745804963,23.962873226915722,0.0,0.0,0.0,-1.7053025658242404e-13,0.0
2025-06-08 04:00:00+00:00,4,59.0,2835.911021442252,368.34138040843493,807.0515972559103,1660.5180437779109,368.34138040843493,211.6247556487137,156.71662475972124,1316.7488541498915,345.8792559668188,22.462124441616115,807.0515972559103,0.0,1660.5180437779109,0.0,503.09709958810015,157.2178436212813,2467.569641033821,3290.092854711761,822.5232136779402,22.462124441615757,7.487374813871918,29.949499255487673,0.4492424888323151,40.81672835545642,0.0,130.80711448709442,1159.3015174444765,3995.2125388867285,3793.1899542998613,0.0,0.0,0.0,0.0,0.0,394.15144745804963,23.963417288682347,0.0,0.0,0.0,-2.2737367544323206e-13,0.0
2025-06-08 05:00:00+00:00,4,59.0,2864.877477365525,371.74638122435346,815.0502720064802,1678.0808241346933,371.74638122435346,213.70903423690518,158.0373469874483,1316.7488541498915,349.3072594313487,22.43912179300474,815.0502720064802,0.0,1678.0808241346933,0.0,508.0832864455983,158.77602701424945,2493.1310961411737,3324.174794854898,831.0436987137246,22.43912179300476,7.47970726433492,29.91882905733968,0.44878243586009514,41.23231640154134,0.0,132.0830011864591,1171.0635330161695,4035.9410103816945,3832.2580813004965,0.0,0.0,0.0,0.0,0.0,394.15144745804963,23.963966585996822,0.0,0.0,0.0,0.0,0.0
2025-06-08 06:00:00+00:00,4,59.0,2869.0960452254612,371.00024033903105,813.7349869388278,1684.3608179476023,371.00024033903105,212.44242035885753,158.5578199801735,1316.7488541498915,348.7435658309263,22.256674508104755,813.7349869388278,0.0,1684.3608179476023,0.0,507.26336848134724,158.519802650421,2498.0958048864304,3330.7944065152406,832.6986016288101,22.256674508104695,7.418891502701564,29.675566010806257,0.44513349016209386,41.255657787640864,0.0,132.038096651257,1172.3761837109928,4041.4722289364536,3838.057774996588,0.0,0.0,0.0,0.0,0.0,394.15144745804963,23.964482584035736,0.0,0.0,0.0,-4.547473508864641e-13,0.0
2025-06-08 07:00:00+00:00,4,59.0,2935.153587802032,379.710524343981,833.9960583474706,1721.4470051105804,379.710524343981,217.94323775081563,161.76728659316535,1316.7488541498915,357.42688214891604,22.28364219506495,833.9960583474706,0.0,1721.4470051105804,0.0,519.8936467620598,162.46676461314368,2555.443063458051,3407.2574179440676,851.8143544860169,22.283642195065568,7.427880731688522,29.71152292675409,0.44567284390131134,42.23435180152992,0.0,135.07281378095917,1199.4618382572396,4134.615426059271,3927.1510647061273,0.0,0.0,0.0,0.0,0.0,394.15144745804963,23.96507056105024,0.0,0.0,0.0,-2.2737367544323206e-13,0.0
2025-06-08 08:00:00+00:00,4,59.0,2902.079830330927,375.7656847851599,825.3597233944568,1700.9544221513117,375.7656847851599,215.73987277188078,160.0258120132791,1316.7488541498915,353.72559574048154,22.040089044678354,825.3597233944568,0.0,1700.9544221513117,0.0,514.5099574407004,160.78436170021888,2526.314145545769,3368.418860727692,842.104715181923,22.040089044678027,7.346696348226009,29.386785392904034,0.4408017808935605,41.77033592334682,0.0,133.5856295280082,1186.0325404626165,4088.1123707935435,3882.9288181683924,0.0,0.0,0.0,0.0,0.0,394.15144745804963,23.965493464279675,0.0,0.0,0.0,0.0,0.0
2025-06-08 09:00:00+00:00,4,59.0,2865.8243195745335,373.8337834081447,820.6237526189275,1671.3667835474612,373.8337834081447,216.43495711964056,157.39882628850415,1316.7488541498915,351.6958939795405,22.137889428604257,820.6237526189275,0.0,1671.3667835474612,0.0,511.5576639702407,159.86176999070022,2491.990536166389,3322.654048221852,830.663512055463,22.137889428604353,7.379296476201451,29.517185904805803,0.44275778857208703,41.33238041404245,0.0,132.4218280711383,1172.1015447961177,4037.925864370651,3834.211712192093,0.0,0.0,0.0,0.0,0.0,394.15144745804963,23.964866607326226,0.0,0.0,0.0,0.0,0.0
2025-06-08 10:00:00+00:00,4,59.0,3004.936785739249,393.00791022187684,861.9646649753706,1749.9642105419987,393.00791022187684,227.5016701231348,165.506240098742,1316.7488541498915,369.41342784658747,23.59448237528935,861.9646649753706,0.0,1749.9642105419987,0.0,537.3286223223091,167.9151944757216,2611.928875517369,3482.5718340231583,870.6429585057896,23.594482375288777,7.864827458429592,31.45930983371837,0.4718896475057755,43.3585820546811,0.0,139.0417935077903,1229.2952456499181,4120.827373216183,4019.9004563454673,0.0,0.0,0.0,0.0,113.40465817298245,274.6124417582317,23.963058443883966,0.0,0.0,0.0,-1.1368683772161603e-12,0.0
2025-06-08 11:00:00+00:00,4,59.0,2992.4877938225673,391.6783569503338,858.6668954846804,1742.1425413875536,391.6783569503338,226.66077442524332,165.0175825250905,1316.7488541498915,368.0000980648631,23.678258885470704,858.6668954846804,0.0,1742.1425413875536,0.0,535.2728699125281,167.27277184766504,2600.8094368722336,3467.7459158296447,866.9364789574112,23.678258885470697,7.8927529618235654,31.571011847294262,0.4735651777094139,43.18143227841594,0.0,138.50752410818632,1224.2645253312114,3997.779292788195,4003.018785742173,0.0,0.0,0.0,0.0,218.97302636558314,43.79460527311663,23.962574650064784,0.0,0.0,0.0,-2.2737367544323206e-13,0.0
2025-06-08 12:00:00+00:00,4,59.0,2864.58811242164,374.71592501438323,820.8541912009326,1669.0179962063223,374.71592501438323,216.7301182334662,157.98580678091707,1316.7488541498915,351.79465337182836,22.9212716425549,820.8541912009326,0.0,1669.0179962063223,0.0,511.7013139953867,159.90666062355837,2489.8721874072553,3319.8295832096737,829.9573958024184,22.921271642554956,7.640423880851651,30.561695523406605,0.45842543285109905,41.31580569809121,0.0,132.57654391650357,1171.8552553542743,4036.443367775914,3831.5308972050607,0.0,0.0,0.0,0.0,0.0,43.79460527311663,23.963385453342354,0.0,0.0,0.0,-2.2737367544323206e-13,0.0
2025-06-08 13:00:00+00:00,4,59.0,2798.9460515361766,365.2423310379271,801.1415802809499,1632.562140217301,365.2423310379271,211.34976791277006,153.892563125157,1316.7488541498915,343.3463915489786,21.89593948894848,801.1415802809499,0.0,1632.562140217301,0.0,499.41293316215075,156.06654161317212,2433.703720498251,3244.938293997668,811.234573499417,21.895939488948557,7.298646496316185,29.19458598526474,0.4379187897789711,40.35986881060151,0.0,129.3712214536947,1144.7687706629804,4094.0503342097572,3744.351227159819,0.0,0.0,0.0,150.3355120106009,0.0,186.41539462144613,23.96592737797237,0.0,0.0,0.0,-6.252776074688882e-13,0.0
2025-06-08 14:00:00+00:00,4,59.0,2815.0490135332443,368.10440359594645,807.8169362145076,1639.127673722788,368.10440359594645,213.55272540604216,154.5516781899043,1316.7488541498915,346.20725837764616,21.897145218300267,807.8169362145076,0.0,1639.127673722788,0.0,503.574194003849,157.3669356262028,2446.944609937296,3262.5928132497274,815.6482033124319,21.897145218299954,7.299048406099985,29.19619362439994,0.4379429043659991,40.62578482366311,0.0,130.23372647225113,1151.611641545015,3966.6606550782594,3766.1670072535762,0.0,0.0,0.0,0.0,0.0,186.41539462144613,23.96568489219754,0.0,0.0,0.0,2.2737367544323206e-13,0.0
2025-06-08 15:00:00+00:00,4,59.0,3010.6690789388085,394.9911502216486,861.8501756435753,1753.8277530735857,394.9911502216486,229.32263628472722,165.66851393692133,1316.7488541498915,369.36436099010376,25.626789231544777,861.8501756435753,0.0,1753.8277530735857,0.0,537.2572523492419,167.89289135913808,2615.6779287171607,3487.570571622881,871.8926429057202,25.62678923154492,8.542263077181639,34.169052308726556,0.5125357846308983,43.39378280004311,0.0,139.57415572484754,1231.8082716515614,4461.450376955953,4024.8278239721226,0.0,0.0,0.0,218.97302636558314,0.0,394.15144745804963,23.956756130413538,0.0,0.0,0.0,1.9895196601282805e-13,0.0
2025-06-08 16:00:00+00:00,4,59.0,3078.2069923204554,403.23365732348077,879.6685811777488,1795.3047538192259,403.23365732348077,232.94885421804244,170.28480310543833,1316.7488541498915,377.0008205047496,26.2328368187312,879.6685811777488,0.0,1795.3047538192259,0.0,548.3648298250903,171.3640093203407,2674.9733349969742,3566.631113329299,891.6577783323247,26.232836818731755,8.744278939577251,34.977115758309004,0.5246567363746351,44.34310497352472,0.0,142.57743348485877,1259.211261787001,4337.418254107456,4114.995943154389,0.0,0.0,0.0,0.0,0.0,394.15144745804963,23.955527047525983,0.0,0.0,0.0,-2.2737367544323206e-13,0.0
2025-06-08 17:00:00+00:00,4,59.0,3074.9395644076244,402.0769871248422,877.9624150250983,1794.9001622576839,402.0769871248422,232.3536034974121,169.7233836274301,1316.7488541498915,376.2696064393279,25.807380685514303,877.9624150250983,0.0,1794.9001622576839,0.0,547.3012457299315,171.03163929060358,2672.8625772827822,3563.8167697103763,890.9541924275941,25.807380685514573,8.602460228504857,34.409840914019426,0.5161476137102914,44.28787407332979,0.0,142.29033286644906,1257.6826465001916,4332.622210907815,4111.118015440308,0.0,0.0,0.0,0.0,0.0,394.15144745804963,23.9570706818477,0.0,0.0,0.0,-6.821210263296962e-13,0.0
2025-06-08 18:00:00+00:00,4,59.0,3058.9732310608524,400.2104226857334,873.4116481328463,1785.3511602422755,400.2104226857334,231.17822385689348,169.03219882883997,1316.7488541498915,374.31927777121996,25.89114491451349,873.4116481328463,0.0,1785.3511602422755,0.0,544.4644040308654,170.14512625964542,2658.762808375122,3545.017077833496,886.254269458374,25.89114491451332,8.630381638171105,34.52152655268442,0.5178228982902663,44.05586104640815,0.0,141.6056061876144,1251.2090674885035,4091.209272183772,4089.4814818643613,0.0,0.0,0.0,0.0,218.97302636558314,163.3336109729346,23.956464410029515,0.0,0.0,0.0,-4.547473508864641e-13,0.0
2025-06-08 19:00:00+00:00,4,59.0,3062.354483484829,400.4453350946015,875.3967943402248,1786.5123540500033,400.4453350946015,232.01267964573898,168.43265544886253,1316.7488541498915,375.1700547172393,25.2752803773622,875.3967943402248,0.0,1786.5123540500033,0.0,545.7018977705297,170.53184305329054,2661.9091483902275,3549.2121978536366,887.3030494634091,25.275280377361682,8.42509345912056,33.70037383648224,0.5055056075472336,44.12702737070677,0.0,141.75705876581034,1252.6495777198847,4201.599403031731,4094.9140956241663,0.0,0.0,0.0,0.0,113.40465817298247,43.79460527311663,23.95779043685605,0.0,0.0,0.0,-4.547473508864641e-13,0.0
2025-06-08 20:00:00+00:00,4,59.0,3034.895582970205,397.36025023710056,868.3558392890807,1769.179493444022,397.36025023710056,230.51445717875265,166.84579305834788,1316.7488541498915,372.1525025524632,25.207747684637305,868.3558392890807,0.0,1769.179493444022,0.0,541.3127309854011,169.16022843293786,2637.535332733103,3516.713776977471,879.1784442443677,25.207747684637184,8.402582561545728,33.61033024618291,0.5041549536927437,43.742470113112645,0.0,140.58355850590786,1241.5714388115646,4276.467021781769,4058.026507962872,0.0,0.0,0.0,0.0,0.0,43.79460527311663,23.95771698898131,0.0,0.0,0.0,-2.2737367544323206e-13,0.0
2025-06-08 21:00:00+00:00,4,59.0,3007.7975109015924,395.1346683754517,861.4360663804476,1751.2267761456917,395.1346683754517,229.0150772971065,166.11959107834522,1316.7488541498915,369.1868855916205,25.947782783831187,861.4360663804476,0.0,1751.2267761456917,0.0,536.9991063150844,167.8122207234639,2612.66284252614,3483.55045670152,870.88761417538,25.947782783831258,8.649260927943752,34.59704371177501,0.518955655676625,43.35534975287035,0.0,139.55734001525778,1230.7807412505924,4238.578252152185,4020.549563016604,0.0,0.0,0.0,0.0,0.0,43.79460527311663,23.955403407271792,0.0,0.0,0.0,2.2737367544323206e-13,0.0
2025-06-08 22:00:00+00:00,4,59.0,2975.856033715487,390.47471809623744,849.457505104471,1735.9238105147795,390.47471809623744,224.8687528034373,165.60596529280016,1316.7488541498915,364.05321647334483,26.421501622892613,849.457505104471,0.0,1735.9238105147795,0.0,529.5319512339561,165.47873476061127,2585.38131561925,3447.175087492333,861.7937718730833,26.421501622892947,8.807167207630982,35.22866883052393,0.5284300324578589,42.84296325828193,0.0,137.95769863680357,1217.408765768869,4193.2647994843555,3976.7070387262893,0.0,0.0,0.0,0.0,0.0,43.79460527311663,23.954243932750032,0.0,0.0,0.0,-2.2737367544323206e-13,0.0
2025-06-08 23:00:00+00:00,4,59.0,2972.2519996359006,388.69049956828167,847.6495424837258,1735.9119575838927,388.69049956828167,224.07228715486713,164.61821241341454,1316.7488541498915,363.2783753501683,25.41212421811337,847.6495424837258,0.0,1735.9119575838927,0.0,528.4049096002448,165.12653425007647,2583.5615000676185,3444.7486667568246,861.1871666892062,25.41212421811322,8.470708072704406,33.882832290817625,0.5082424843622644,42.788605850350706,0.0,137.54914176615034,1215.6303991128502,4187.88239874875,3973.153576357069,0.0,0.0,0.0,0.0,0.0,43.79460527311663,23.95729131000055,0.0,0.0,0.0,-4.547473508864641e-13,0.0
2025-07-04 00:00:00+00:00,5,66.0,2818.240359639253,364.9520625414518,804.3043261900785,1648.983970907722,364.9520625414518,210.56086203973032,154.39120050172147,1316.7488541498915,344.70185408146233,20.250208459989494,804.3043261900785,0.0,1648.983970907722,0.0,501.3845150275815,156.6826609461192,2453.2882970978008,3271.0510627970675,817.7627656992669,20.25020845998931,6.750069486663103,27.00027794665241,0.40500416919978616,40.61896949477958,0.0,129.86432555129997,1152.0837953473285,4120.659666997182,3772.435577824649,0.0,0.0,0.0,150.3355120106009,0.0,186.41539462144613,23.967728447464797,0.0,0.0,0.0,5.684341886080802e-14,0.0
2025-07-04 01:00:00+00:00,5,66.0,2774.3114535455616,359.34396783793596,790.8520636346083,1624.1154220730155,359.34396783793596,207.0037010394619,152.3402667984741,1316.7488541498915,338.9365987005465,20.407369137389516,790.8520636346083,0.0,1624.1154220730155,0.0,492.9986890189768,154.06209031843025,2414.967485707624,3219.956647610165,804.9891619025412,20.407369137389395,6.802456379129798,27.209825516519192,0.4081473827477879,39.96671612976841,0.0,127.89617840127295,1134.1247505138904,3908.436204059452,3712.9553366291416,0.0,0.0,0.0,0.0,0.0,186.41539462144613,23.9660256143214,0.0,0.0,0.0,0.0,0.0
2025-07-04 02:00:00+00:00,5,66.0,2760.9594491582247,357.246372700598,786.8365854752906,1616.8764909823362,357.246372700598,205.88673240630857,151.3596402942894,1316.7488541498915,337.2156794894103,20.030693211187675,786.8365854752906,0.0,1616.8764909823362,0.0,490.49553380277865,153.27985431336833,2403.7130764576264,3204.9507686101683,801.2376921525421,20.030693211187156,6.676897737062385,26.70759094824954,0.40061386422374307,39.77386247408207,0.0,127.20431384921173,1128.5732343904904,3889.5326835487153,3695.446302412947,0.0,0.0,0.0,0.0,0.0,186.41539462144613,23.967084584233177,0.0,0.0,0.0,2.2737367544323206e-13,0.0
2025-07-04 03:00:00+00:00,5,66.0,2753.5121730464352,356.9278221670305,785.664549002615,1610.919801876788,356.9278221670305,205.79336188314412,151.1344602838864,1316.7488541498915,336.71337814397793,20.2144440230526,785.664549002615,0.0,1610.919801876788,0.0,489.7649136639679,153.05153551998995,2396.584350879403,3195.445801172537,798.8614502931342,20.214444023052735,6.738148007684245,26.95259203073698,0.4042888804610547,39.67913448884633,0.0,126.9815220570984,1125.716079247214,4098.201278659233,3685.210714836505,0.0,0.0,0.0,218.97302636558314,0.0,394.15144745804963,23.966439127129117,0.0,0.0,0.0,6.536993168992922e-13,0.0
2025-07-04 04:00:00+00:00,5,66.0,2746.0345353449115,356.38875705787024,783.7169058930535,1605.9288723939876,356.38875705787024,205.28593546345297,151.1028215944173,1316.7488541498915,335.87867395416583,20.510083103704417,783.7169058930535,0.0,1605.9288723939876,0.0,488.55079847878665,152.6721245246208,2389.645778287041,3186.194371049388,796.548592762347,20.51008310370466,6.836694367901552,27.34677747160621,0.41020166207409314,39.57079590073148,0.0,126.71464352287609,1122.753052740551,3868.7875880854626,3674.7451695281743,0.0,0.0,0.0,0.0,0.0,394.15144745804963,23.965519880378864,0.0,0.0,0.0,0.0,0.0
2025-07-04 05:00:00+00:00,5,66.0,2742.154172633252,355.33448020750427,782.8177804278484,1604.0019119979006,355.33448020750427,204.9848912976725,150.3495889098318,1316.7488541498915,335.493334469078,19.8411457384263,782.8177804278484,0.0,1604.0019119979006,0.0,487.9903046822952,152.49697021321725,2386.819692425749,3182.4262565676654,795.6065641419164,19.841145738425965,6.613715246141988,26.45486098456795,0.3968229147685192,39.52455253281446,0.0,126.43810552692179,1121.0767305757804,3863.2309032090325,3670.4165612499605,0.0,0.0,0.0,0.0,0.0,394.15144745804963,23.967418769495865,0.0,0.0,0.0,0.0,0.0
2025-07-04 06:00:00+00:00,5,66.0,2725.883905048667,354.03251142759507,778.5942359784261,1593.2571576426465,354.03251142759507,203.9610324962725,150.07147893132256,1316.7488541498915,333.68324399075414,20.349267436840954,778.5942359784261,0.0,1593.2571576426465,0.0,485.35744580473323,151.67420181397912,2371.8513936210725,3162.4685248280966,790.6171312070242,20.349267436840947,6.783089145613649,27.132356582454594,0.4069853487368189,39.29039865577925,0.0,125.84069259226345,1114.6124987633964,3840.4964038120634,3647.82597063283,0.0,0.0,0.0,0.0,0.0,394.15144745804963,23.965627833818477,0.0,0.0,0.0,-2.2737367544323206e-13,0.0
2025-07-04 07:00:00+00:00,5,66.0,2750.898024777563,357.97506881166487,787.1993524222019,1605.7236035436956,357.97506881166487,206.73706371202908,151.2380050996358,1316.7488541498915,337.37115103808657,20.60391777357833,787.1993524222019,0.0,1605.7236035436956,0.0,490.7216742372168,153.35052319913024,2392.9229559658975,3190.563941287863,797.6409853219658,20.603917773578345,6.867972591192782,27.471890364771127,0.4120783554715669,39.673216608103004,0.0,127.11468220346518,1125.0594582793285,3875.9574830568913,3681.28561552508,0.0,0.0,0.0,0.0,0.0,394.15144745804963,23.96546958161033,0.0,0.0,0.0,-2.2737367544323206e-13,0.0
2025-07-04 08:00:00+00:00,5,66.0,2781.6229960812484,361.6830727916935,795.6765226615599,1624.2634006279945,361.6830727916935,208.52621662039851,153.15685617129498,1316.7488541498915,341.00422399781144,20.67884879388204,795.6765226615599,0.0,1624.2634006279945,0.0,496.00614399681666,155.0019199990052,2419.939923289554,3226.5865643860716,806.6466410965179,20.678848793881997,6.892949597960666,27.571798391842663,0.4135769758776399,40.11292968612673,0.0,128.46547259248857,1137.5334899479767,3919.1564860292247,3722.5927083828883,0.0,0.0,0.0,0.0,0.0,394.15144745804963,23.96550933073516,0.0,0.0,0.0,-4.547473508864641e-13,0.0
2025-07-04 09:00:00+00:00,5,66.0,2776.4756009080784,360.7312130876389,793.8480591503461,1621.8963286700932,360.7312130876389,208.00914954347425,152.72206354416466,1316.7488541498915,340.2205967787198,20.51061630891909,793.8480591503461,0.0,1621.8963286700932,0.0,494.8663225872288,154.645725808509,2415.7443878204394,3220.992517093919,805.2481292734798,20.51061630891911,6.836872102973037,27.347488411892147,0.4102123261783822,40.03440506121132,0.0,128.19739414796936,1135.372738720321,3911.848339628398,3715.858839681148,0.0,0.0,0.0,0.0,0.0,394.15144745804963,23.96588708567443,0.0,0.0,0.0,-1.1368683772161603e-12,0.0
2025-07-04 10:00:00+00:00,5,66.0,2749.9392623389845,358.84091005832624,787.9079327580006,1603.1904195226577,358.84091005832624,206.6631227535807,152.17778730474555,1316.7488541498915,337.67482832485746,21.166081733468793,787.9079327580006,0.0,1603.1904195226577,0.0,491.1633866543381,153.48855832948067,2391.098352280658,3188.1311363742107,797.0327840935527,21.166081733468644,7.055360577822881,28.221442311291526,0.4233216346693729,39.66914217796659,0.0,127.23760195247205,1124.9067687659642,3874.8460311049485,3679.2945230285486,0.0,0.0,0.0,0.0,0.0,394.15144745804963,23.964278219114437,0.0,0.0,0.0,-2.2737367544323206e-13,0.0
2025-07-04 11:00:00+00:00,5,66.0,2729.8440828788735,356.507266869534,783.4120564394553,1589.9247595698841,356.507266869534,206.22134138507926,150.28592548445474,1316.7488541498915,335.7480241883381,20.75924268119592,0.0,783.4120564394652,1589.9247595698841,0.0,488.3607624557644,152.61273826742638,1589.9247595698744,2119.899679426499,529.9749198566248,20.759242681195673,6.919747560398557,811.0910466810593,12.16636570021589,31.567488724487852,15.668241128789306,126.35213871731605,875.2616399552587,3386.1326964685486,2608.2604418822634,0.0,0.0,0.0,0.0,218.97302636558314,163.3336109729346,23.965584440689078,0.0,0.0,0.0,-2.2737367544323206e-13,0.0
2025-07-04 12:00:00+00:00,5,66.0,2640.408421575164,344.34844691926986,757.395889255301,1538.6640854005923,344.34844691926986,199.453485187788,144.89496173148186,1316.7488541498915,324.5982382522719,19.75020866699797,0.0,757.3958892553086,1538.6640854005923,0.0,472.14289200330455,147.54465375103268,1538.6640854005843,2051.5521138674458,512.8880284668614,19.750208666998077,6.583402888999359,783.729500811306,11.75594251216959,30.534558639111864,15.147917785106172,122.14629342600144,846.6007974692825,3373.604560871464,2523.6950058707503,0.0,0.0,0.0,0.0,113.40465817298247,43.79460527311663,23.967203154099387,0.0,0.0,0.0,0.0,0.0
2025-07-04 13:00:00+00:00,5,66.0,2663.4376508569358,345.29535779973054,760.860873085533,1557.2814199716738,345.29535779973054,199.73196377521282,145.5633940245177,1316.7488541498915,326.0832313223713,19.212126477359234,760.860873085533,0.0,1557.2814199716738,0.0,474.3028819234491,148.21965060107783,2318.142293057206,3090.8563907429416,772.7140976857354,19.212126477359234,6.4040421591197445,25.616168636478978,0.38424252954718463,38.39864039228272,0.0,122.81703358689593,1088.9377069546588,3902.710869822195,3565.1592726663907,0.0,0.0,0.0,150.3355120106009,0.0,186.41539462144613,23.96876378397864,0.0,0.0,0.0,-3.979039320256561e-13,0.0
2025-07-04 14:00:00+00:00,5,66.0,2712.354349978731,350.36771247376424,773.3110460655621,1588.6755914394048,350.36771247376424,202.67087792520041,147.69683454856383,1316.7488541498915,331.41901974238385,18.94869273138039,773.3110460655621,0.0,1588.6755914394048,0.0,482.0640287161945,150.64500897381077,2361.9866375049664,3149.3155166732886,787.3288791683221,18.948692731379865,6.3162309104599546,25.264923641839818,0.37897385462759725,39.08608729636091,0.0,124.81557902150428,1108.5707592250856,3820.9251092038166,3631.379545389483,0.0,0.0,0.0,0.0,0.0,186.41539462144613,23.970872912800562,0.0,0.0,0.0,0.0,0.0
2025-07-04 15:00:00+00:00,5,66.0,2751.8690673449673,355.72020050393724,785.3141933298851,1610.8346735111434,355.72020050393724,206.5145522833326,149.20564822060464,1316.7488541498915,336.56322571280805,19.156974791129183,785.3141933298851,0.0,1610.8346735111434,0.0,489.5465101277207,152.9832844149127,2396.1488668410284,3194.8651557880376,798.7162889470094,19.156974791129443,6.385658263709814,25.542633054839257,0.3831394958225888,39.667772535007984,0.0,126.6987547457335,1124.8348984021961,4095.6769921127466,3684.411665915758,0.0,0.0,0.0,218.97302636558314,0.0,394.15144745804963,23.970343960789396,0.0,0.0,0.0,-2.842170943040401e-14,0.0
2025-07-04 16:00:00+00:00,5,66.0,2760.8345873863886,356.4610868948393,787.86734376849,1616.5061567230587,356.4610868948393,207.1938510676175,149.26723582722178,1316.7488541498915,337.65743304363866,18.80365385120064,0.0,787.8673437684996,1616.5061567230587,0.0,491.1380844271107,153.4806513834721,1616.5061567230482,2155.3415422973976,538.8353855743494,18.803653851201062,6.26788461706702,812.9388822367678,12.194083233551517,31.922408442600283,15.757346875369993,127.0392821960154,885.4970423224257,3427.358603343231,2646.4796267245083,0.0,0.0,0.0,0.0,218.97302636558314,163.3336109729346,23.971288517536188,0.0,0.0,0.0,1.1368683772161603e-13,0.0
2025-07-04 17:00:00+00:00,5,66.0,2761.2847957782765,356.57819919114564,787.9627292938454,1616.7438672932856,356.57819919114564,207.48810732124434,149.09009186990127,1316.7488541498915,337.69831255450526,18.87988663664037,787.9627292938454,0.0,1616.7438672932856,0.0,491.19754553382586,153.4992329793206,2404.706596587131,3206.275462116175,801.5688655290437,18.879886636640464,6.293295545546821,25.173182182187283,0.3775977327328092,39.80632055174822,0.0,127.08515064889613,1128.6304629872882,3889.9152587655644,3697.473007650001,0.0,0.0,0.0,0.0,0.0,163.3336109729346,23.97033187012733,0.0,0.0,0.0,-2.2737367544323206e-13,0.0
2025-07-04 18:00:00+00:00,5,66.0,3000.193083244442,385.3044030970058,852.9803146006203,1761.908365546814,385.3044030970058,222.85762164678997,162.44678145021578,1316.7488541498915,365.56299197169454,19.741411125311238,852.9803146006203,0.0,1761.908365546814,0.0,531.7279883224647,166.16499635077022,2614.8886801474346,3486.5182401965794,871.6295600491449,19.741411125312027,6.580470375104008,26.321881500416033,0.3948282225062405,43.20849309348675,0.0,137.71137535147858,1225.6897234424907,4112.478148513949,4018.246228519044,0.0,0.0,0.0,0.0,113.40465817298247,43.79460527311663,23.969854250451608,0.0,0.0,0.0,-6.821210263296962e-13,0.0
2025-07-04 19:00:00+00:00,5,66.0,2979.2868905398427,382.18034116213346,846.3186324689932,1750.7879169087173,382.18034116213346,220.73604688405786,161.4442942780756,1316.7488541498915,362.7079853438543,19.472355818279127,846.3186324689932,0.0,1750.7879169087173,0.0,527.5752514092427,164.86726606538835,2597.1065493777105,3462.808732503614,865.7021831259035,19.472355818278857,6.490785272759618,25.963141091038473,0.3894471163655771,42.897438143156975,0.0,136.6636476539269,1217.010767377501,4196.297657917344,3990.383983912857,0.0,0.0,0.0,0.0,0.0,43.79460527311663,23.97053989644137,0.0,0.0,0.0,0.0,0.0
2025-07-04 20:00:00+00:00,5,66.0,2756.4462746615827,355.49442071263803,783.8813285432617,1617.0705254056857,355.49442071263803,205.62230504949923,149.8721156631388,1316.7488541498915,335.9491408042551,19.545279908382966,783.8813285432617,0.0,1617.0705254056857,0.0,488.65329571528,152.704154911025,2400.9518539489477,3201.269138598597,800.3172846496492,19.54527990838264,6.515093302794213,26.060373211176852,0.39090559816765275,39.68714511035471,0.0,126.64027092835778,1126.2548545003485,3882.7011291619315,3689.9224343138767,0.0,0.0,0.0,0.0,0.0,43.79460527311663,23.97032445246074,0.0,0.0,0.0,2.2737367544323206e-13,0.0
2025-07-04 21:00:00+00:00,5,66.0,2678.48131628407,346.0353162608453,762.0798535979626,1570.3661464252646,346.0353162608453,200.3419263289994,145.69338993184593,1316.7488541498915,326.605651541984,19.429664718861332,762.0798535979626,0.0,1570.3661464252646,0.0,475.06276587924947,148.45711433726547,2332.446000023227,3109.928000030969,777.4820000077423,19.42966471886141,6.476554906287136,25.906219625148545,0.38859329437722817,38.56605707219152,0.0,123.13172831113056,1094.5020479289942,3772.9833642130643,3584.9907659102187,0.0,0.0,0.0,0.0,0.0,43.79460527311663,23.969941151409085,0.0,0.0,0.0,0.0,0.0
2025-07-04 22:00:00+00:00,5,66.0,2653.3286196868225,343.6126137728139,756.2826768999198,1553.4333290140885,343.6126137728139,199.19463215189097,144.41798162092297,1316.7488541498915,324.1211472428228,19.491466529991115,756.2826768999198,0.0,1553.4333290140885,0.0,471.44894144410586,147.32779420128307,2309.716005914008,3079.621341218677,769.9053353046693,19.491466529991143,6.4971555099970475,25.98862203998819,0.38982933059982283,38.222813597138476,0.0,122.11710259442661,1084.4600305381143,3737.7886502249366,3551.070282662783,0.0,0.0,0.0,0.0,0.0,43.79460527311663,23.96949282080438,0.0,0.0,0.0,-2.2737367544323206e-13,0.0
2025-07-04 23:00:00+00:00,5,66.0,2639.941990440102,341.36904454504696,750.8588497499782,1547.714096145076,341.36904454504696,197.26439175087953,144.10465279416746,1316.7488541498915,321.7966498928479,19.57239465219913,750.8588497499782,0.0,1547.714096145076,0.0,468.0678543895969,146.27120449674902,2298.572945895054,3064.763927860072,766.190981965018,19.5723946521991,6.524131550733033,26.096526202932132,0.391447893043982,38.002906453950104,0.0,121.4040851067714,1078.7847574662655,3718.726747906367,3532.831782249669,0.0,0.0,0.0,0.0,0.0,43.79460527311663,23.969027200450466,0.0,0.0,0.0,-4.547473508864641e-13,0.0
2025-09-25 00:00:00+00:00,6,31.0,2901.6103379852475,378.71242333904553,820.6337993391531,1702.264115307051,378.71242333904553,213.57269630525613,165.13972703378943,1316.7488541498915,351.70019971678,27.01222362226559,820.6337993391531,0.0,1702.264115307051,0.0,511.5639268607709,159.8637271439909,2522.8979146462043,3363.863886194939,840.9659715487347,27.01222362226551,9.00407454075517,36.01629816302068,0.5402444724453102,41.64165513324511,0.0,133.9325856670399,1185.948258506211,4087.5585964914585,3875.42781305571,0.0,0.0,0.0,0.0,0.0,43.79460527311663,23.95256468599377,0.0,0.0,0.0,0.0,0.0
2025-09-25 01:00:00+00:00,6,31.0,2813.053221362433,366.16152945222285,793.6917518588975,1653.1999400513137,366.16152945222285,205.7940940277311,160.36743542449176,1316.7488541498915,340.1536079395276,26.007921512695255,793.6917518588975,0.0,1653.1999400513137,0.0,494.76888427567644,154.6152763361489,2446.891691910211,3262.5222558802816,815.6305639700704,26.00792151269532,8.669307170898438,34.67722868359375,0.5201584302539063,40.34275195628007,0.0,129.64505644304094,1149.4231143066927,4181.449362034708,3757.291140155958,0.0,0.0,0.0,218.97302636558314,0.0,251.53065810972015,23.95481747462198,0.0,0.0,0.0,-2.5579538487363607e-13,0.0
2025-09-25 02:00:00+00:00,6,31.0,2778.8391508903856,362.63399651580386,784.9931831214793,1631.2119712531003,362.63399651580386,204.24859476740662,158.38540174839727,1316.7488541498915,336.4256499092055,26.208346606598397,784.9931831214793,0.0,1631.2119712531003,0.0,489.3463998679352,152.92074995872974,2416.2051543745797,3221.6068724994393,805.4017181248598,26.208346606598703,8.7361155355329,34.9444621421316,0.524166932131974,39.86191520617538,0.0,128.23821348263266,1135.6828792400624,3914.522030130448,3710.9532723673747,0.0,0.0,0.0,0.0,0.0,251.53065810972015,23.95403536039306,0.0,0.0,0.0,0.0,0.0
2025-09-25 03:00:00+00:00,6,31.0,2801.830507389542,366.24140161901744,792.2673774584888,1643.3217283120352,366.24140161901744,206.7337912351354,159.50761038388202,1316.7488541498915,339.54316176792383,26.698239851093632,792.2673774584888,0.0,1643.3217283120352,0.0,493.8809625715256,154.33780080360174,2435.589105770524,3247.452141027365,811.8630352568413,26.698239851093376,8.899413283697791,35.597653134791166,0.5339647970218675,40.201238606875016,0.0,129.4172368478318,1145.2526895958695,4097.418708996012,3741.333103598891,0.0,0.0,0.0,150.3355120106009,0.0,394.15144745804963,23.952787336815966,0.0,0.0,0.0,-1.7053025658242404e-13,0.0
2025-09-25 04:00:00+00:00,6,31.0,2797.6655864432987,364.6701741940534,791.4935273020665,1641.5018849471785,364.6701741940534,207.09783491637185,157.57233927768152,1316.7488541498915,339.2115117008857,25.458662493167658,791.4935273020665,0.0,1641.5018849471785,0.0,493.39856247401553,154.18705077312984,2432.995412249244,3243.993882998992,810.998470749748,25.45866249316741,8.486220831055803,33.94488332422321,0.5091732498633482,40.15982466853377,0.0,129.05449561814206,1143.3952358904728,3941.0608223337717,3737.3924454730077,0.0,0.0,0.0,0.0,0.0,394.15144745804963,23.956298198431906,0.0,0.0,0.0,2.2737367544323206e-13,0.0
2025-09-25 05:00:00+00:00,6,31.0,2851.1160942723395,371.48073193621053,806.312582754502,1673.3227795816272,371.48073193621053,211.2715947530607,160.20913718314983,1316.7488541498915,345.5625354662152,25.918196469995326,806.312582754502,0.0,1673.3227795816272,0.0,502.63641522358563,157.07387975737052,2479.635362336129,3306.180483114839,826.5451207787097,25.918196469995728,8.63939882333191,34.55759529332764,0.5183639293999145,40.922605278451336,0.0,131.5079654645472,1165.2073340318107,4016.32342830415,3808.8168983384244,0.0,0.0,0.0,0.0,0.0,394.15144745804963,23.955499080854917,0.0,0.0,0.0,0.0,0.0
2025-09-25 06:00:00+00:00,6,31.0,2897.596325228168,376.6964431932069,819.2349765042273,1701.6649055307328,376.6964431932069,214.37548880869036,162.32095438451654,1316.7488541498915,351.1007042160975,25.59573897710942,819.2349765042273,0.0,1701.6649055307328,0.0,510.69193340523276,159.59122918913525,2520.8998820349607,3361.1998427132808,840.2999606783202,25.59573897710925,8.53191299236975,34.127651969479,0.5119147795421849,41.59369835043415,0.0,133.49725586633582,1184.0259718561374,4081.6222970843055,3871.8917761185135,0.0,0.0,0.0,0.0,0.0,394.15144745804963,23.956578998022454,0.0,0.0,0.0,0.0,0.0
2025-09-25 07:00:00+00:00,6,31.0,2939.804260036653,381.1676020306706,829.9216426832828,1728.7150153226987,381.1676020306706,216.89576442095557,164.27183760971502,1316.7488541498915,355.6807040071213,25.4868980235493,829.9216426832828,0.0,1728.7150153226987,0.0,517.3537512830854,161.6730472759642,2558.6366580059816,3411.515544007975,852.8788860019938,25.486898023549173,8.49563267451639,33.98253069806556,0.5097379604709834,42.18479943372547,0.0,135.2792580337012,1201.021361380372,4140.825621417025,3928.8692952910606,0.0,0.0,0.0,0.0,0.0,394.15144745804963,23.95699310370917,0.0,0.0,0.0,2.2737367544323206e-13,0.0
2025-09-25 08:00:00+00:00,6,31.0,2945.080060947703,382.7316238273388,834.8573759055705,1727.4910612147958,382.7316238273388,219.02351249896327,163.7081113283755,1316.7488541498915,357.79601824524457,24.935605582094233,834.8573759055705,0.0,1727.4910612147958,0.0,520.430571993083,162.63455374783845,2562.3484371203667,3416.4645828271555,854.1161457067889,24.93560558209449,8.31186852736483,33.24747410945932,0.4987121116418898,42.320631889315074,0.0,135.70147954260395,1203.583391525553,4148.663452473255,3936.8951548202385,0.0,0.0,0.0,0.0,0.0,394.15144745804963,23.957843159174903,0.0,0.0,0.0,-4.547473508864641e-13,0.0
2025-09-25 09:00:00+00:00,6,31.0,2930.317398884138,381.78683798977005,830.8649353741658,1717.6656255202026,381.78683798977005,218.21132514791128,163.57551284185877,1316.7488541498915,356.084972303214,25.70186568655604,830.8649353741658,0.0,1717.6656255202026,0.0,517.941777895584,161.85680559237,2548.5305608943686,3398.040747859158,849.5101869647895,25.701865686555806,8.567288562185269,34.269154248741074,0.514037313731116,42.102604316427005,0.0,135.21778261249455,1197.7687053619975,4128.086104246136,3915.982525754742,0.0,0.0,0.0,0.0,0.0,394.15144745804963,23.95512769967588,0.0,0.0,0.0,0.0,0.0
2025-09-25 10:00:00+00:00,6,31.0,2948.936314313021,382.24222523073684,832.9631424403342,1733.7309466419508,382.24222523073684,217.0999927574412,165.14223247329562,1316.7488541498915,356.98420390300043,25.258021327736415,832.9631424403342,0.0,1733.7309466419508,0.0,519.249751131637,162.26554722863656,2566.694089082285,3422.2587854430462,855.5646963607616,25.258021327736557,8.419340442578852,33.67736177031541,0.5051604265547311,42.326203739629534,0.0,135.6995283163957,1204.780476514557,4040.3121326545943,3941.508536574683,0.0,0.0,0.0,0.0,113.40465817298245,274.6124417582317,23.956837634364877,0.0,0.0,0.0,-9.094947017729282e-13,0.0
2025-09-25 11:00:00+00:00,6,31.0,2984.0348840763613,387.8920354088506,843.9259252470254,1752.2169234204844,387.8920354088506,220.56324721812805,167.3287881907225,1316.7488541498915,361.6825393915824,26.20949601726818,843.9259252470254,0.0,1752.2169234204844,0.0,526.0836936604835,164.4011542689011,2596.1428486675104,3461.523798223347,865.3809495558368,26.209496017267995,8.736498672422664,34.94599468969066,0.5241899203453598,42.83994699161561,0.0,137.5207037993149,1219.4034432084363,3984.465300919214,3987.6074918838303,0.0,0.0,0.0,0.0,218.97302636558314,43.79460527311663,23.954412612522383,0.0,0.0,0.0,-4.547473508864641e-13,0.0
2025-09-25 12:00:00+00:00,6,31.0,2952.3289487971765,384.2734028427698,834.6443967770143,1733.4111491773906,384.2734028427698,217.1218086699834,167.15159417278642,1316.7488541498915,357.7047414758634,26.568661366906433,834.6443967770143,0.0,1733.4111491773906,0.0,520.2978057830741,162.59306430721065,2568.055545954405,3424.0740612725394,856.0185153181349,26.568661366907122,8.856220455635707,35.42488182254283,0.5313732273381424,42.37344339508434,0.0,136.10620377181252,1206.4788204752163,4158.807769272393,3944.3718670556136,0.0,0.0,0.0,0.0,0.0,43.79460527311663,23.9533882854397,0.0,0.0,0.0,0.0,0.0
2025-09-25 13:00:00+00:00,6,31.0,2912.9973999582544,378.7306902445742,821.7887143917199,1712.4779953219622,378.7306902445742,213.34512233280518,165.385567911769,1316.7488541498915,352.19516331073714,26.535526933837005,821.7887143917199,0.0,1712.4779953219622,0.0,512.2838739065268,160.08871059578962,2534.266709713682,3379.0222796182425,844.7555699045606,26.535526933836906,8.8451756446123,35.3807025784492,0.530710538676738,41.77844138497122,0.0,134.20788990457913,1190.2064979731897,4253.539409942045,3891.3061535247693,0.0,0.0,0.0,150.3355120106009,0.0,186.41539462144613,23.95314904171406,0.0,0.0,0.0,-3.979039320256561e-13,0.0
2025-09-25 14:00:00+00:00,6,31.0,2897.536658208427,378.0365507907598,818.4396882142631,1701.0604192034045,378.0365507907598,213.29895586866772,164.7375949220921,1316.7488541498915,350.7598663775414,27.276684413218376,818.4396882142631,0.0,1701.0604192034045,0.0,510.196169276424,159.4363028988825,2519.500107417668,3359.3334765568907,839.8333691392227,27.27668441321829,9.09222813773943,36.36891255095772,0.5455336882643658,41.563794838461945,0.0,133.77281891845715,1184.2440476210281,4081.7807058294547,3869.5296458333146,0.0,0.0,0.0,0.0,0.0,186.41539462144613,23.95036048404014,0.0,0.0,0.0,-4.547473508864641e-13,0.0
2025-09-25 15:00:00+00:00,6,31.0,2901.2151153021136,376.82690769936363,817.4948013423607,1706.8934062603896,376.82690769936363,212.46613687678573,164.36077082257788,1316.7488541498915,350.3549148610118,26.471992838351802,817.4948013423607,0.0,1706.8934062603896,0.0,509.6071488887444,159.25223402773264,2524.3882076027508,3365.850943470334,841.4627358675835,26.471992838351277,8.823997612783758,35.29599045113503,0.5294398567670254,41.59377810287472,0.0,133.6157429043047,1185.2779283720463,4305.4660700397435,3875.4580923590784,0.0,0.0,0.0,218.97302636558314,0.0,394.15144745804963,23.95317149394532,0.0,0.0,0.0,4.263256414560601e-13,0.0
2025-09-25 16:00:00+00:00,6,31.0,2901.737994427714,377.59134719752706,818.888992845778,1705.2576543844093,377.59134719752706,213.1900053368276,164.40134186069946,1316.7488541498915,350.9524255053335,26.63892169219357,818.888992845778,0.0,1705.2576543844093,0.0,510.476255280485,159.52382977515157,2524.146647230187,3365.528862973583,841.3822157433957,26.638921692194273,8.879640564064758,35.51856225625903,0.5327784338438855,41.61924632921743,0.0,133.76736232880705,1185.7050731744803,4087.443067602194,3876.005118254068,0.0,0.0,0.0,0.0,0.0,394.15144745804963,23.952651668815733,0.0,0.0,0.0,-4.547473508864641e-13,0.0
2025-09-25 17:00:00+00:00,6,31.0,2922.2616041557385,381.0999119239745,826.1726349295973,1714.9890573021678,381.0999119239745,215.3913839408214,165.7085279831531,1316.7488541498915,354.0739863983989,27.025925525575566,826.1726349295973,0.0,1714.9890573021678,0.0,515.0167074885802,160.94272109018132,2541.161692231765,3388.215589642353,847.0538974105882,27.025925525574905,9.008641841858301,36.034567367433205,0.540518510511498,41.9350696209096,0.0,134.8725060887847,1194.3533545628338,4116.614958718572,3903.232297130933,0.0,0.0,0.0,0.0,0.0,394.15144745804963,23.951912993233478,0.0,0.0,0.0,-4.547473508864641e-13,0.0
2025-09-25 18:00:00+00:00,6,31.0,2984.318557264252,388.4214505770102,842.5332765696418,1753.3638301176009,388.4214505770102,219.06152603024748,169.3599245467627,1316.7488541498915,361.085689958418,27.335760618592193,842.5332765696418,0.0,1753.3638301176009,0.0,525.2155490304262,164.1298590720082,2595.8971066872423,3461.196142249656,865.299035562414,27.335760618592865,9.11192020619762,36.44768082479048,0.5467152123718572,42.80963659826526,0.0,137.60009008090583,1219.497256732163,3984.842787630831,3986.4116912800823,0.0,0.0,0.0,0.0,218.97302636558314,163.3336109729346,23.951698983485034,0.0,0.0,0.0,-4.547473508864641e-13,0.0
2025-09-25 19:00:00+00:00,6,31.0,3005.1735252236713,390.75505425413985,848.4426953413234,1765.9757756282072,390.75505425413985,220.40553787148215,170.34951638265773,1316.7488541498915,363.61829800342446,27.136756250715436,848.4426953413234,0.0,1765.9757756282072,0.0,528.8993425504354,165.28104454701108,2614.4184709695305,3485.8912946260407,871.4728236565102,27.136756250714868,9.045585416904956,36.18234166761982,0.5427351250142973,43.11303861652178,0.0,138.49036201574722,1227.9455893777097,4119.714456428398,4014.790637176476,0.0,0.0,0.0,0.0,113.40465817298247,43.79460527311663,23.952624461771336,0.0,0.0,0.0,-2.2737367544323206e-13,0.0
2025-09-25 20:00:00+00:00,6,31.0,3020.229052487607,392.7134689448214,851.4139064083574,1776.101677134428,392.7134689448214,220.71689331595059,171.99657562887083,1316.7488541498915,364.8916741750104,27.82179476981102,851.4139064083574,0.0,1776.101677134428,0.0,530.7515260727424,165.859851897732,2627.5155835427845,3503.3541113903793,875.8385278475948,27.821794769811092,9.27393158993703,37.09572635974812,0.5564358953962217,43.303433963595,0.0,139.18267523450237,1234.0148564287572,4254.2439089163645,4034.1056374631216,0.0,0.0,0.0,0.0,0.0,43.79460527311663,23.950789701669176,0.0,0.0,0.0,2.2737367544323206e-13,0.0
2025-09-25 21:00:00+00:00,6,31.0,2950.7057417030483,383.97090249017623,831.908821020899,1734.8260181919734,383.97090249017623,215.47561280881663,168.4952896813596,1316.7488541498915,356.5323518660997,27.438550624076534,831.908821020899,0.0,1734.8260181919734,0.0,518.592511805236,162.06015993913624,2566.734839212872,3422.3131189504957,855.5782797376239,27.4385506240761,9.146183541358699,36.584734165434796,0.5487710124815219,42.30552481254671,0.0,136.02340472390713,1205.6623237670542,4156.368065470102,3940.9056307557316,0.0,0.0,0.0,0.0,0.0,43.79460527311663,23.95127919424719,0.0,0.0,0.0,-4.547473508864641e-13,0.0
2025-09-25 22:00:00+00:00,6,31.0,3008.2873212151394,390.6894559138149,847.3662515414366,1770.2316137598852,390.6894559138149,219.31794589559942,171.37151001821547,1316.7488541498915,363.15696494633005,27.532490967484883,847.3662515414366,0.0,1770.2316137598852,0.0,528.2283126492074,165.07134770287732,2617.5978653013212,3490.130487068428,872.532621767107,27.532490967485003,9.177496989161668,36.70998795664667,0.5506498193497,43.12330368384195,0.0,138.54267536487632,1228.9980953272138,4237.285416542353,4018.3587997176355,0.0,0.0,0.0,0.0,0.0,43.79460527311663,23.951681051898007,0.0,0.0,0.0,0.0,0.0
2025-09-25 23:00:00+00:00,6,31.0,3018.9215469377955,392.98221181206316,852.6380165381557,1773.3013185875764,392.98221181206316,221.7160904316203,171.26612138044288,1316.7488541498915,365.4162928020668,27.56591900999637,852.6380165381557,0.0,1773.3013185875764,0.0,531.5146077120972,166.09831491003038,2625.939335125732,3501.2524468343095,875.3131117085774,27.565919009996534,9.188639669998844,36.75455867999538,0.5513183801999306,43.31215368202044,0.0,139.21291013995318,1233.67644849078,4252.597995428576,4032.7670545464066,0.0,0.0,0.0,0.0,0.0,43.79460527311663,23.951526565479455,0.0,0.0,0.0,2.2737367544323206e-13,0.0
2025-10-25 00:00:00+00:00,7,36.0,2528.7797424181535,332.28833911942036,715.792801786955,1480.6986015117764,332.28833911942036,186.0636123639091,146.22472675551126,1316.7488541498915,306.76834362298075,25.51999549643958,715.792801786955,0.0,1480.6986015117764,0.0,446.2084998152448,139.440156192264,2196.4914032987317,2928.655204398309,732.1638010995772,25.519995496439492,8.50666516547983,34.02666066191932,0.5103999099287898,36.28077006872642,0.0,117.07952551450165,1033.981317950478,3562.761060368631,3374.863704213554,0.0,0.0,0.0,0.0,0.0,43.79460527311663,23.9537597732952,0.0,0.0,0.0,-2.2737367544323206e-13,0.0
2025-10-25 01:00:00+00:00,7,36.0,2517.520352218336,330.9683625486112,711.8823081149839,1474.6696815547425,330.9683625486112,184.88170808164756,146.08665446696364,1316.7488541498915,305.0924177635646,25.875944785046627,711.8823081149839,0.0,1474.6696815547425,0.0,443.77078947427583,138.6783717107112,2186.5519896697265,2915.4026528929685,728.8506632232421,25.875944785046592,8.625314928348864,34.501259713395456,0.5175188957009318,36.10316605899694,0.0,116.58567387660149,1029.3607086936015,3765.854087277521,3359.173442367244,0.0,0.0,0.0,218.97302636558314,0.0,251.53065810972015,23.952480707193256,0.0,0.0,0.0,4.263256414560601e-13,0.0
2025-10-25 02:00:00+00:00,7,36.0,2536.9740567440685,332.46371237906834,715.3706807186365,1489.139663646364,332.46371237906834,184.7633065557938,147.70040582327456,1316.7488541498915,306.58743459370146,25.87627778536693,715.3706807186365,0.0,1489.139663646364,0.0,445.9453594090201,139.3579248153188,2204.5103443650005,2939.3471258200007,734.8367814550002,25.87627778536698,8.625425928455659,34.501703713822636,0.5175255557073395,36.35251705802274,0.0,117.2686272045579,1036.9588020170627,3573.9328587611312,3385.2924852290207,0.0,0.0,0.0,0.0,0.0,251.53065810972015,23.952848224011174,0.0,0.0,0.0,0.0,0.0
2025-10-25 03:00:00+00:00,7,36.0,2490.5298133950173,326.5432503967768,703.9853240925983,1460.0012389056408,326.5432503967768,182.3740858414187,144.1691645553581,1316.7488541498915,301.70799603968504,24.83525435709178,703.9853240925983,0.0,1460.0012389056408,0.0,438.8479942395419,137.13999819985685,2163.9865629982387,2885.315417330985,721.3288543327462,24.8352543570913,8.278418119030434,33.113672476121735,0.496705087141826,35.71957211183435,0.0,115.1501740069101,1018.1137218575199,3658.979047263138,3324.163411570527,0.0,0.0,0.0,150.3355120106009,0.0,394.15144745804963,23.955778047229973,0.0,0.0,0.0,-5.684341886080802e-14,0.0
2025-10-25 04:00:00+00:00,7,36.0,2491.2758855604698,326.7731795002399,703.9827835985122,1460.519922461719,326.7731795002399,182.26589318421597,144.50728631602394,1316.7488541498915,301.7069072565053,25.066272243734602,703.9827835985122,0.0,1460.519922461719,0.0,438.8464105549169,137.1395032984115,2164.502706060231,2886.003608080308,721.500902020077,25.066272243734318,8.355424081244772,33.42169632497909,0.5013254448746863,35.72468273257255,0.0,115.20752667056017,1018.4293642477406,3509.70524980821,3324.850018635225,0.0,0.0,0.0,0.0,0.0,394.15144745804963,23.95520526759189,0.0,0.0,0.0,-5.684341886080801e-13,0.0
2025-10-25 05:00:00+00:00,7,36.0,2514.2272191741786,329.8510962901485,710.4080894218139,1473.9680334622162,329.8510962901485,183.801266397914,146.0498298922345,1316.7488541498915,304.460609752206,25.390486537942515,710.4080894218139,0.0,1473.9680334622162,0.0,442.8517960032087,138.39118625100272,2184.37612288403,2912.5014971787064,728.1253742946766,25.390486537942515,8.463495512647505,33.85398205059002,0.5078097307588503,36.05192301727658,0.0,116.27749849750477,1027.8172873038668,3542.0445064780456,3355.353293181915,0.0,0.0,0.0,0.0,0.0,394.15144745804963,23.954421036126163,0.0,0.0,0.0,2.2737367544323206e-13,0.0
2025-10-25 06:00:00+00:00,7,36.0,2544.3729493899773,333.8438606592635,719.2558490620826,1491.273239668632,333.8438606592635,186.08210603653148,147.76175462273204,1316.7488541498915,308.2525067408926,25.591353918370935,719.2558490620826,0.0,1491.273239668632,0.0,448.3672825322074,140.11477579131483,2210.5290887307146,2947.3721183076195,736.8430295769049,25.591353918371,8.530451306123666,34.121805224494665,0.5118270783674199,36.4904078685488,0.0,117.68964455442921,1040.1801361756889,3584.553085565666,3395.739400839827,0.0,0.0,0.0,0.0,0.0,394.15144745804963,23.953494976742448,0.0,0.0,0.0,0.0,0.0
2025-10-25 07:00:00+00:00,7,36.0,2526.457168777455,330.9608866103961,713.1928514198534,1482.3034307472062,330.9608866103961,183.9045760683578,147.05631054203823,1316.7488541498915,305.65407917993724,25.30680743045884,713.1928514198534,0.0,1482.3034307472062,0.0,444.5877515344542,138.93367235451694,2195.4962821670592,2927.3283762227456,731.8320940556864,25.30680743045832,8.43560247681944,33.74240990727776,0.5061361486091664,36.21881985006766,0.0,116.75392669854897,1032.6802515842485,3559.137420361704,3371.9161277572,0.0,0.0,0.0,0.0,0.0,394.15144745804963,23.95436576482474,0.0,0.0,0.0,2.2737367544323206e-13,0.0
2025-10-25 08:00:00+00:00,7,36.0,2488.024131698533,325.6523077330048,702.0006243421863,1460.3711996233428,325.6523077330048,180.72970401482496,144.92260371817986,1316.7488541498915,300.85741043236555,24.794897300639242,702.0006243421863,0.0,1460.3711996233428,0.0,437.61077881071355,136.753368378348,2162.3718239655286,2883.162431954038,720.7906079885095,24.794897300639498,8.264965766879833,33.05986306751933,0.4958979460127899,35.66373072649901,0.0,114.91719302282102,1016.8857638290701,3504.909895527603,3320.7732107647516,0.0,0.0,0.0,0.0,0.0,394.15144745804963,23.95545747675237,0.0,0.0,0.0,0.0,0.0
2025-10-25 09:00:00+00:00,7,36.0,2511.5316420559743,328.62929999056763,708.589830505105,1474.3125115603007,328.62929999056763,182.3715421465402,146.25775784402742,1316.7488541498915,303.68135593075937,24.947944059808307,708.589830505105,0.0,1474.3125115603007,0.0,441.7183358992863,138.03697996852696,2182.9023420654053,2910.5364560872067,727.6341140218017,24.947944059808258,8.315981353269418,33.26392541307767,0.49895888119616505,36.00082003075615,0.0,115.98598546709076,1026.472839722641,3538.004481778615,3352.254791986493,0.0,0.0,0.0,0.0,0.0,394.15144745804963,23.955114175251886,0.0,0.0,0.0,-2.2737367544323206e-13,0.0
2025-10-25 10:00:00+00:00,7,36.0,2528.253386990863,330.7154961071819,712.9068526899011,1484.6310381937787,330.7154961071819,183.52753582209223,147.18796028508964,1316.7488541498915,305.531508295672,25.183987811509912,712.9068526899011,0.0,1484.6310381937787,0.0,444.4094666118866,138.87795831621457,2197.53789088368,2930.05052117824,732.51263029456,25.18398781150934,8.394662603836446,33.578650415345784,0.5036797562301868,36.233515962634826,0.0,116.73931033898084,1033.2617572724569,3448.1104860903374,3374.459987790127,0.0,0.0,0.0,0.0,113.40465817298245,274.6124417582317,23.95463305313663,0.0,0.0,0.0,2.2737367544323206e-13,0.0
2025-10-25 11:00:00+00:00,7,36.0,2512.5000461809145,328.0491344658379,708.5697308201786,1475.8811808948988,328.0491344658379,182.31982299898374,145.7293114668541,1316.7488541498915,303.67274178007665,24.37639268576125,708.5697308201786,0.0,1475.8811808948988,0.0,441.70580622556605,138.0330644454894,2184.4509117150774,2912.601215620103,728.1503039050258,24.376392685760827,8.125464228586942,32.50185691434777,0.4875278537152165,36.015903733554346,0.0,115.88960280368796,1026.7018669700597,3320.228886785391,3354.307021845669,0.0,0.0,0.0,0.0,218.97302636558314,43.79460527311663,23.956771406422682,0.0,0.0,0.0,0.0,0.0
2025-10-25 12:00:00+00:00,7,36.0,2404.621778597998,314.8754020800255,678.6275782920413,1411.1187982259305,314.8754020800255,175.07624769583617,139.79915438418934,1316.7488541498915,290.84039069658917,24.035011383436313,678.6275782920413,0.0,1411.1187982259305,0.0,423.040568285948,132.20017758935876,2089.7463765179714,2786.328502023962,696.5821255059905,24.035011383436306,8.011670461145435,32.04668184458174,0.4807002276687261,34.47001533102054,0.0,111.0831148060916,982.8278039212755,3387.4495825192735,3209.36907030991,0.0,0.0,0.0,0.0,0.0,43.79460527311663,23.956610697317046,0.0,0.0,0.0,0.0,0.0
2025-10-25 13:00:00+00:00,7,36.0,2420.1149006663345,317.3162213224168,682.7524005786495,1420.046278765268,317.3162213224168,175.86909045426717,141.44713086814966,1316.7488541498915,292.6081716765641,24.70804964585273,682.7524005786495,0.0,1420.046278765268,0.0,425.61188607500225,133.0037143984382,2102.7986793439177,2803.731572458557,700.9328931146392,24.70804964585261,8.236016548617537,32.944066194470146,0.4941609929170522,34.68303480501217,0.0,111.8748779899457,989.22469784957,3559.675110526505,3229.343458533559,0.0,0.0,0.0,150.3355120106009,0.0,186.41539462144613,23.954812251548375,0.0,0.0,0.0,-6.252776074688882e-13,0.0
2025-10-25 14:00:00+00:00,7,36.0,2432.1762087706884,318.9176754796573,686.4133888983621,1426.845144392669,318.9176754796573,176.83979324357153,142.0778822360858,1316.7488541498915,294.1771666707267,24.74050880893065,686.4133888983621,0.0,1426.845144392669,0.0,427.89406061196604,133.7168939412394,2113.258533291031,2817.6780443880416,704.4195110970104,24.740508808930585,8.246836269643527,32.98734507857411,0.4948101761786116,34.86085311087756,0.0,112.43967356404876,994.1785781589982,3426.3547869296867,3245.5721050000075,0.0,0.0,0.0,0.0,0.0,186.41539462144613,23.955079145884337,0.0,0.0,0.0,1.1368683772161603e-13,0.0
2025-10-25 15:00:00+00:00,7,36.0,2433.220030783311,319.1809550095381,686.7663521949615,1427.2727235788118,319.1809550095381,176.98627714782245,142.19467786171563,1316.7488541498915,294.3284366549836,24.852518354554494,686.7663521949615,0.0,1427.2727235788118,0.0,428.11408967997613,133.78565302499254,2114.039075773773,2818.718767698364,704.679691924591,24.85251835455479,8.284172784851595,33.13669113940638,0.4970503670910957,34.875717801636966,0.0,112.50968754290702,994.6319734460702,3646.8250305949646,3246.83285737834,0.0,0.0,0.0,218.97302636558314,0.0,394.15144745804963,23.954774098837316,0.0,0.0,0.0,3.126388037344441e-13,0.0
2025-10-25 16:00:00+00:00,7,36.0,2473.2096265882515,323.9607562241135,697.3399044668422,1451.908965897297,323.9607562241135,179.44940110542186,144.5113551186916,1316.7488541498915,298.85995905721813,25.10079716689532,697.3399044668422,0.0,1451.908965897297,0.0,434.7053949923172,135.84543593509915,2149.2488703641393,2865.6651604855188,716.4162901213797,25.100797166895816,8.366932388965271,33.467729555861084,0.5020159433379162,35.43928679297824,0.0,114.26570690586345,1010.8356680876237,3484.045294675875,3300.370555477836,0.0,0.0,0.0,0.0,0.0,394.15144745804963,23.954477112810007,0.0,0.0,0.0,-1.1368683772161603e-13,0.0
2025-10-25 17:00:00+00:00,7,36.0,2468.5778610092766,323.60022082144496,695.390907296164,1449.5867328916686,323.60022082144496,178.79279637238366,144.80742444906127,1316.7488541498915,298.0246745554989,25.57554626594606,695.390907296164,0.0,1449.5867328916686,0.0,433.4904357170892,135.46576116159036,2144.9776401878325,2859.97018691711,714.9925467292775,25.57554626594608,8.525182088648693,34.10072835459477,0.5115109253189215,35.357594547801604,0.0,114.10134966771884,1008.9539451203559,3477.531806129632,3293.4606226341994,0.0,0.0,0.0,0.0,0.0,394.15144745804963,23.95304738400127,0.0,0.0,0.0,-4.547473508864641e-13,0.0
2025-10-25 18:00:00+00:00,7,36.0,2443.485067689006,319.52662825908993,687.9596194186784,1435.9988200112382,319.52662825908993,176.83515952011598,142.69146873897395,1316.7488541498915,294.83983689371934,24.68679136537058,687.9596194186784,0.0,1435.9988200112382,0.0,428.8579445726827,134.01810767896333,2123.9584394299163,2831.944585906555,707.9861464766387,24.68679136537066,8.228930455123553,32.91572182049421,0.49373582730741317,34.998776782672735,0.0,112.79603589167706,998.5217331123829,3223.0337744358053,3260.8025304792377,0.0,0.0,0.0,0.0,218.97302636558314,163.3336109729346,23.955333976471096,0.0,0.0,0.0,-2.2737367544323206e-13,0.0
2025-10-25 19:00:00+00:00,7,36.0,2479.0774094315857,324.082678560419,697.7930342455484,1457.2016966256201,324.082678560419,179.30819008793836,144.77448847248067,1316.7488541498915,299.0541575338065,25.028521026612523,697.7930342455484,0.0,1457.2016966256201,0.0,434.9878655037186,135.93370796991206,2154.994730871169,2873.3263078282253,718.3315769570563,25.028521026612992,8.34284034220433,33.37136136881732,0.5005704205322598,35.50580799362266,0.0,114.40875866493501,1013.0232623482626,3378.6960136068656,3308.314173331944,0.0,0.0,0.0,0.0,113.40465817298247,43.79460527311663,23.95478718890342,0.0,0.0,0.0,-1.1368683772161603e-13,0.0
2025-10-25 20:00:00+00:00,7,36.0,2499.227206624947,327.2511480102926,702.7325787336961,1469.243479880959,327.2511480102926,180.52209507253147,146.72905293776108,1316.7488541498915,301.1711051715841,26.080042838708465,702.7325787336961,0.0,1469.243479880959,0.0,438.0670620677587,136.8959568961746,2171.9760586146554,2895.9680781528737,723.9920195382184,26.08004283870867,8.69334761290289,34.77339045161156,0.5216008567741734,35.774412160820475,0.0,115.45663499610902,1021.3339720609995,3520.5611786859467,3334.0351402206325,0.0,0.0,0.0,0.0,0.0,43.79460527311663,23.952012549033014,0.0,0.0,0.0,2.2737367544323206e-13,0.0
2025-10-25 21:00:00+00:00,7,36.0,2539.409197134827,332.1361960717535,714.4790359399769,1492.7939651230977,332.1361960717535,183.7196740249377,148.4165220468158,1316.7488541498915,306.20530111713305,25.93089495462044,714.4790359399769,0.0,1492.7939651230977,0.0,445.389528897648,139.18422778051502,2207.2730010630744,2943.030668084099,735.7576670210248,25.93089495462025,8.643631651540083,34.57452660616033,0.518617899092405,36.362310729430284,0.0,117.2423671504568,1037.7088222320594,3577.118019366886,3388.420196981747,0.0,0.0,0.0,0.0,0.0,43.79460527311663,23.95305887787367,0.0,0.0,0.0,-4.547473508864641e-13,0.0
2025-10-25 22:00:00+00:00,7,36.0,2719.374850323636,355.9418751872447,764.1841598413627,1599.2488152950273,355.9418751872447,196.22826768583022,159.71360750141446,1316.7488541498915,327.5074970748698,28.4343781123749,764.1841598413627,0.0,1599.2488152950273,0.0,476.37454119981066,148.86704412494083,2363.4329751363903,3151.2439668485204,787.8109917121301,28.434378112375313,9.478126037458438,37.91250414983375,0.5686875622475063,38.918012948191155,0.0,125.6167155418457,1111.2595779268138,3830.6344282504497,3627.618508048331,0.0,0.0,0.0,0.0,0.0,43.79460527311663,23.94748562877609,0.0,0.0,0.0,-2.2737367544323206e-13,0.0
2025-10-25 23:00:00+00:00,7,36.0,2665.5769577284495,349.6370328299108,750.9070937830464,1565.0328311154904,349.6370328299108,193.44697425872675,156.19005857118407,1316.7488541498915,321.81732590702,27.81970692289081,750.9070937830464,0.0,1565.0328311154904,0.0,468.097928592029,146.28060268500906,2315.939924898537,3087.9198998647157,771.9799749661789,27.819706922890482,9.273235640963494,37.092942563853974,0.5563941384578096,38.1775411246463,0.0,123.2840596813411,1089.5518082365968,3755.128765965046,3556.0178284567446,0.0,0.0,0.0,0.0,0.0,43.79460527311663,23.948327708870295,0.0,0.0,0.0,-2.2737367544323206e-13,0.0
2025-12-05 00:00:00+00:00,8,47.0,3313.760256430499,435.6150910787352,950.2945919026541,1927.8505734491087,435.6150910787352,251.50309606100194,184.11199501773328,1316.7488541498915,407.2691108154233,28.3459802633119,950.2945919026541,0.0,1927.8505734491087,0.0,592.391433913343,185.1223230979197,2878.145165351763,3837.526887135684,959.381721783921,28.345980263312626,9.448660087770875,37.7946403510835,0.5669196052662525,47.78734349157071,0.0,153.74570991932754,1356.052677985776,4669.812934416275,4429.918321049026,0.0,0.0,0.0,0.0,0.0,186.41539462144613,23.949835588478848,0.0,0.0,0.0,4.547473508864641e-13,0.0
2025-12-05 01:00:00+00:00,8,47.0,3255.273607904799,427.6101302680149,933.2976596794398,1894.3658179573472,427.6101302680149,246.20184990488804,181.40828036312686,1316.7488541498915,399.98471129118855,27.625418976826346,933.2976596794398,0.0,1894.3658179573472,0.0,581.7959436962742,181.8112324050857,2827.6634776367864,3770.2179701823816,942.5544925455954,27.625418976826694,9.208472992275563,36.833891969102254,0.5525083795365338,46.94258796995666,0.0,150.95002728077847,1332.0193215732281,4587.292929478027,4352.013913878656,0.0,0.0,0.0,0.0,0.0,186.41539462144613,23.951471922649397,0.0,0.0,0.0,-2.2737367544323206e-13,0.0
2025-12-05 02:00:00+00:00,8,47.0,3269.75182916589,428.9877628560241,936.0680668160937,1904.6959994937697,428.9877628560241,246.47745556693997,182.51030728908412,1316.7488541498915,401.17202863546885,27.81573422055527,936.0680668160937,0.0,1904.6959994937697,0.0,583.5229507425001,182.3509221070313,2840.7640663098637,3787.6854217464847,946.9213554366212,27.815734220554887,9.271911406851629,37.087645627406516,0.5563146844110978,47.12900199942051,0.0,151.52913453710127,1337.758640171437,4826.48349570291,4371.208372488985,0.0,0.0,0.0,218.97302636558314,0.0,394.15144745804963,23.951098604035558,0.0,0.0,0.0,-2.5579538487363607e-13,0.0
2025-12-05 03:00:00+00:00,8,47.0,3240.5741984163383,425.1894603016066,927.9164912841125,1887.4682468306194,425.1894603016066,244.3993152489902,180.79014505261634,1316.7488541498915,397.6784962646197,27.510964036986877,927.9164912841125,0.0,1887.4682468306194,0.0,578.4414491121742,180.76295284755443,2815.384738114732,3753.846317486309,938.4615793715773,27.51096403698655,9.170321345662183,36.68128538264873,0.5502192807397309,46.71217720682957,0.0,150.1815995565241,1325.8388496088874,4566.413048025225,4332.287766598483,0.0,0.0,0.0,0.0,0.0,394.15144745804963,23.951823467402207,0.0,0.0,0.0,-4.547473508864641e-13,0.0
2025-12-05 04:00:00+00:00,8,47.0,3244.6578009155373,426.1229444227381,929.9510219762484,1888.583834516551,426.1229444227381,245.39423272818448,180.72871169455365,1316.7488541498915,398.5504379898208,27.572506432917294,929.9510219762484,0.0,1888.583834516551,0.0,579.7097279851939,181.15928999537311,2818.534856492799,3758.046475323732,939.511618830933,27.57250643291664,9.19083547763888,36.76334191055552,0.5514501286583328,46.78436900445296,0.0,150.43974511017825,1327.6373085472346,4572.2951094627715,4337.756203308926,0.0,0.0,0.0,0.0,0.0,394.15144745804963,23.951821019239457,0.0,0.0,0.0,-4.547473508864641e-13,0.0
2025-12-05 05:00:00+00:00,8,47.0,3213.546996667924,422.09200503272416,921.0220198406379,1870.4329717945625,422.09200503272416,243.07166427370598,179.02034075901815,1316.7488541498915,394.72372278884484,27.36828224387927,921.0220198406379,0.0,1870.4329717945625,0.0,574.1435967837745,179.4198739949295,2791.4549916352003,3721.9399888469334,930.4849972117333,27.368282243879378,9.122760747959791,36.491042991839166,0.5473656448775874,46.33499031316477,0.0,149.02650178702135,1314.9364896996863,4528.48348636761,4296.083585630708,0.0,0.0,0.0,0.0,0.0,394.15144745804963,23.951998081972476,0.0,0.0,0.0,-4.547473508864641e-13,0.0
2025-12-05 06:00:00+00:00,8,47.0,3231.6086361001035,423.7281582293359,925.4557219011842,1882.424755969584,423.7281582293359,243.84480257647743,179.88335565285848,1316.7488541498915,396.6238808147933,27.10427741454259,925.4557219011842,0.0,1882.424755969584,0.0,576.9074630033358,180.28358218854243,2807.880477870769,3743.8406371610254,935.9601592902563,27.10427741454218,9.034759138180727,36.13903655272291,0.5420855482908435,46.58791921673138,0.0,149.70268699229086,1322.1111923742924,4553.719828474395,4320.748100164361,0.0,0.0,0.0,0.0,0.0,394.15144745804963,23.95363226919295,0.0,0.0,0.0,-4.547473508864641e-13,0.0
2025-12-05 07:00:00+00:00,8,47.0,3273.6988613332783,427.3564438009487,933.9325705862252,1912.4098469461037,427.3564438009487,245.18205018914844,182.1743936118002,1316.7488541498915,400.25681596552516,27.09962783542349,933.9325705862252,0.0,1912.4098469461037,0.0,582.1917323134911,181.93491634796598,2846.3424175323285,3795.1232233764376,948.7808058441094,27.09962783542352,9.033209278474505,36.13283711389802,0.5419925567084702,47.142075587047785,0.0,151.31432002960625,1338.7473196439125,4612.446180977191,4377.314955689929,0.0,0.0,0.0,0.0,0.0,394.15144745804963,23.954472885608936,0.0,0.0,0.0,2.2737367544323206e-13,0.0
2025-12-05 08:00:00+00:00,8,47.0,3289.965582270757,430.5070496049152,941.13440602275,1918.3241266430903,430.5070496049152,248.17579358035366,182.33125602456158,1316.7488541498915,403.3433168668929,27.16373273802232,941.13440602275,0.0,1918.3241266430903,0.0,586.6811881700261,183.33787130313314,2859.4585326658407,3812.6113768877876,953.1528442219469,27.163732738022162,9.05457757934072,36.21831031736288,0.5432746547604431,47.41727344711341,0.0,152.27090122149255,1345.776742427787,4635.742324698544,4399.292565057814,0.0,0.0,0.0,0.0,0.0,394.15144745804963,23.954429589867573,0.0,0.0,0.0,-2.2737367544323206e-13,0.0
2025-12-05 09:00:00+00:00,8,47.0,3246.17856726729,425.45056802913143,929.1755904389078,1891.552408799248,425.45056802913143,245.08864350067856,180.3619245284529,1316.7488541498915,398.2181101881034,27.23245784102805,929.1755904389078,0.0,1891.552408799248,0.0,579.2263420917868,181.0082319036834,2820.727999238156,3760.9706656508743,940.2426664127186,27.232457841027866,9.077485947009288,36.30994378803715,0.5446491568205573,46.79079180115971,0.0,150.36676726110048,1328.030592482492,4574.209159749782,4340.197007742661,0.0,0.0,0.0,0.0,0.0,394.15144745804963,23.95320534467791,0.0,0.0,0.0,0.0,0.0
2025-12-05 10:00:00+00:00,8,47.0,3249.987944525909,425.39056100858676,928.8297138187829,1895.7676696985413,425.39056100858676,244.50436500849264,180.88619600009415,1316.7488541498915,398.06987735090706,27.32068365767971,928.8297138187829,0.0,1895.7676696985413,0.0,579.0107306922284,180.94085334132137,2824.597383517325,3766.1298446897663,941.5324611724416,27.320683657679552,9.10689455255985,36.4275782102394,0.546413673153591,46.82256811154891,0.0,150.43140190824778,1329.380592759273,4465.963879112199,4345.1405753819945,0.0,0.0,0.0,0.0,113.40465817298245,274.6124417582317,23.952745018002346,0.0,0.0,0.0,-4.547473508864641e-13,0.0
2025-12-05 11:00:00+00:00,8,47.0,3187.5281264695495,415.52232403088055,908.7563955571696,1863.2494068814972,415.52232403088055,238.975953720914,176.5463703099666,1316.7488541498915,389.4670266673585,26.05529736352208,908.7563955571696,0.0,1863.2494068814972,0.0,566.4974933343395,177.0304666669811,2772.0058024386663,3696.0077365848883,924.0019341462221,26.05529736352257,8.68509912117419,34.74039648469676,0.5211059472704513,45.89518593553005,0.0,147.25632222147996,1303.3901140386577,4271.9452141426245,4262.5052299192275,0.0,0.0,0.0,0.0,218.97302636558314,43.79460527311663,23.955709602236084,0.0,0.0,0.0,2.2737367544323206e-13,0.0
2025-12-05 12:00:00+00:00,8,47.0,3315.267657587318,433.1610702598559,947.055021248226,1935.0515660792366,433.1610702598559,249.30112663443475,183.85994362542115,1316.7488541498915,405.88072339209697,27.28034686775894,947.055021248226,0.0,1935.0515660792366,0.0,590.3719612975957,184.49123790549865,2882.106587327463,3842.8087831032835,960.7021957758209,27.28034686775902,9.093448955919673,36.37379582367869,0.5456069373551803,47.76216629823915,0.0,153.32358653729523,1355.9182424101286,4671.1858999974465,4433.180744400879,0.0,0.0,0.0,0.0,0.0,43.79460527311663,23.9538323845346,0.0,0.0,0.0,0.0,0.0
2025-12-05 13:00:00+00:00,8,47.0,3332.0630603017357,436.76681615461075,953.8868268767633,1941.4094172703635,436.76681615461075,251.52872534391713,185.23809081069365,1316.7488541498915,408.8086400900415,27.958176064569322,953.8868268767633,0.0,1941.4094172703635,0.0,594.6307492218783,185.82210913183698,2895.2962441471273,3860.3949921961694,965.0987480490423,27.958176064569216,9.319392021523072,37.27756808609229,0.5591635212913842,48.03069897900654,0.0,154.33112003766962,1363.16123174037,4695.224292042105,4455.025741418048,0.0,0.0,0.0,0.0,0.0,43.79460527311663,23.952401508534066,0.0,0.0,0.0,-9.094947017729282e-13,0.0
2025-12-05 14:00:00+00:00,8,47.0,3276.583242998947,428.93636600100047,937.6566950294612,1909.9901819684853,428.93636600100047,247.237098773998,181.69926722700248,1316.7488541498915,401.8528692983406,27.0834967026599,937.6566950294612,0.0,1909.9901819684853,0.0,584.5132644339499,182.66039513560935,2847.646876997947,3796.8625026639293,949.2156256659823,27.0834967026598,9.027832234219932,36.11132893687973,0.541669934053196,47.229602670568696,0.0,151.64482641361215,1340.3199520540456,4767.238707063593,4381.375767097879,0.0,0.0,0.0,150.3355120106009,0.0,186.41539462144613,23.954303397784734,0.0,0.0,0.0,-1.7053025658242404e-13,0.0
2025-12-05 15:00:00+00:00,8,47.0,3241.7336253367407,425.5343661886619,927.8041774030256,1888.3950817450523,425.5343661886619,244.51134848451656,181.02301770414533,1316.7488541498915,397.6303617441539,27.904004444507983,927.8041774030256,0.0,1888.3950817450523,0.0,578.371435264224,180.74107352007002,2816.199259148078,3754.9323455307704,938.7330863826926,27.904004444507336,9.301334814835778,37.20533925934311,0.5580800888901467,46.718076139541296,0.0,150.25802585605132,1326.3096768020812,4787.016328504405,4333.303780794994,0.0,0.0,0.0,218.97302636558314,0.0,394.15144745804963,23.950980940967867,0.0,0.0,0.0,-4.831690603168681e-13,0.0
2025-12-05 16:00:00+00:00,8,47.0,3285.9808779116343,430.31256124952927,935.8823990712699,1919.7859175908332,430.31256124952927,245.5618855860714,184.75067566345783,1316.7488541498915,401.0924567448301,29.22010450469918,935.8823990712699,0.0,1919.7859175908332,0.0,583.4072098106618,182.3147530658318,2855.668316662103,3807.55775554947,951.8894388873675,29.22010450469878,9.740034834899593,38.96013933959837,0.5844020900939756,47.27433114804643,0.0,152.1441246478671,1343.9470846741065,4629.92796258574,4390.964965360132,0.0,0.0,0.0,0.0,0.0,394.15144745804963,23.946647617753165,0.0,0.0,0.0,-9.094947017729282e-13,0.0
2025-12-05 17:00:00+00:00,8,47.0,3258.13848750876,427.8813035882804,929.8393853670142,1900.4177985534648,427.8813035882804,244.5237326947304,183.35757089355002,1316.7488541498915,398.50259372872046,29.37870985955997,929.8393853670142,0.0,1900.4177985534648,0.0,579.6401363326843,181.13754260396382,2830.2571839204793,3773.6762452273056,943.4190613068264,29.378709859559436,9.792903286519811,39.171613146079245,0.5875741971911886,46.89935954654508,0.0,151.07473451326857,1332.9111754543148,4591.049662963074,4353.31638155999,0.0,0.0,0.0,0.0,0.0,394.15144745804963,23.945534728616934,0.0,0.0,0.0,-6.821210263296962e-13,0.0
2025-12-05 18:00:00+00:00,8,47.0,3197.7869855633876,420.6398296346145,913.455393688073,1863.6917622407018,420.6398296346145,240.24562830493517,180.3942013296793,1316.7488541498915,391.4808830091742,29.158946625440286,0.0,913.4553936880836,1863.6917622407018,0.0,569.4267389224352,177.945855913261,1863.6917622406909,2484.9223496542545,621.2305874135636,29.15894662544025,9.71964887514675,952.3339891886707,14.28500983783006,36.90602549616837,18.269107873761673,148.38921629012216,1026.7454516998537,4224.532437263241,2775.8488488583293,278.50023971836026,0.0,264.5752277324422,0.0,0.0,394.15144745804963,23.94586718479212,0.0,0.0,0.0,0.0,0.0
2025-12-05 19:00:00+00:00,8,47.0,3215.358481917195,421.72592561014136,918.8557136538816,1874.77684265317,421.72592561014136,241.54640856265982,180.1795170474815,1316.7488541498915,393.7953058516636,27.930619758477725,0.0,918.8557136538914,1874.77684265317,0.0,572.7931721478744,178.99786629621076,1874.77684265316,2499.70245687088,624.92561421772,27.930619758477505,9.310206586159168,956.096539998528,14.341448099977919,37.12488269960923,18.377114273077822,148.9517311317208,1032.0288633044756,4133.982687048688,2506.3521639949536,566.1434650238006,0.0,801.8823690495879,0.0,113.40465817298245,274.6124417582317,23.950376025432007,0.0,0.0,0.0,-4.547473508864641e-13,1.1368683772161603e-13
2025-12-05 20:00:00+00:00,8,47.0,3350.7519629627786,436.91135857717217,954.6593488604707,1959.1812555251333,436.91135857717217,249.6794550466394,187.23190353053278,1316.7488541498915,409.13972094020187,27.77163763697032,166.18849793374778,788.470850926723,1959.1812555251333,0.0,595.1123213675663,185.97260042736448,2125.369753458881,2833.8263379451746,708.4565844862937,27.771637636969317,9.257212545656438,825.4997011093487,12.38249551664023,40.34688451179823,15.769417018534458,154.73416667284226,1126.9193611791297,4258.6982977763255,4189.203333408655,0.0,760.2646740959143,0.0,0.0,218.97302636558314,43.79460527311663,23.952255566537794,0.0,0.0,0.0,0.0,0.0
2025-12-05 21:00:00+00:00,8,47.0,3339.1010558841294,436.2033252215195,952.6881850058395,1950.2095456567724,436.2033252215195,249.72139523904113,186.4819299824784,1316.7488541498915,408.2949364310741,27.90838879044539,952.6881850058395,0.0,1950.2095456567724,0.0,593.8835438997442,185.58860746867003,2902.897730662612,3870.5303075501492,967.6325768875373,27.90838879044503,9.302796263481676,37.211185053926705,0.5581677758089005,48.08274100674291,0.0,154.3448014978938,1365.5096909001345,4704.610746784264,4464.413851449894,0.0,0.0,0.0,0.0,0.0,43.79460527311663,23.95172539672974,0.0,0.0,0.0,0.0,0.0
2025-12-05 22:00:00+00:00,8,47.0,3279.836809560675,428.5350460477719,935.5553999926317,1915.7463635202746,428.5350460477719,245.19798625644842,183.33705979132353,1316.7488541498915,400.95231428255653,27.582731765215378,935.5553999926317,0.0,1915.7463635202746,0.0,583.2033662291731,182.2510519466166,2851.3017635129063,3801.7356846838748,950.4339211709687,27.582731765215954,9.19424392173865,36.7769756869546,0.551654635304319,47.224125634981704,0.0,151.6246105141549,1341.2796078237648,4621.116417384439,4384.939050913048,0.0,0.0,0.0,0.0,0.0,43.79460527311663,23.951974120379063,0.0,0.0,0.0,-9.094947017729282e-13,0.0
2025-12-05 23:00:00+00:00,8,47.0,3122.4725653333685,407.64112502636556,890.4395997335487,1824.3918405734569,407.64112502636556,233.6700994366703,173.97102558969522,1316.7488541498915,381.6169713143781,26.02415371198743,890.4395997335487,0.0,1824.3918405734569,0.0,555.0792310027317,173.46225968835367,2714.8314403070053,3619.7752537426736,904.9438134356684,26.024153711987253,8.67471790399575,34.698871615983,0.520483074239745,44.95710639774103,0.0,144.28407305437045,1276.842453554369,4549.650530898338,4174.854484745405,0.0,0.0,0.0,150.3355120106009,0.0,186.41539462144613,23.955103183693765,0.0,0.0,0.0,-6.252776074688882e-13,0.0
