timestamp_hour_utc,representative_day_id,day_weight,it_load_kw,q_air_kw,q_cp_kw,q_rdhx_kw,s_air_kw,q_air_to_ashp_kw,q_air_to_reject_kw,q_cp_to_wshp_kw,q_cp_to_free_kw,q_rdhx_to_wshp_kw,q_rdhx_to_chiller_kw,q_ashp_out_kw,p_ashp_kw,q_wshp_in_kw,q_wshp_out_kw,p_wshp_kw,q_chiller_evap_kw,p_chiller_kw,q_tower_kw,p_tower_kw,p_pump_kw,p_cdu_free_kw,p_terminal_kw,p_cooling_kw,p_grid_kw,q_heat_kw,q_heat_unserved_kw,q_tes_ch_kw,q_tes_dis_kw,e_tes_kwh,p_bess_ch_kw,p_bess_dis_kw,e_bess_kwh,max_theta_c,hotspot_slack_c,hotspot_penalty_yuan,heat_unserved_penalty_yuan,bess_degradation_cost_yuan,power_balance_residual_kw,heat_balance_residual_kw
2025-01-15 00:00:00+00:00,0,70.0,558.7860315656566,169.0865672979798,336.35368648989896,53.34577777777778,169.0865672979797,155.7501228535355,13.33644444444444,336.35368648989896,0.0,53.34577777777778,0.0,226.54563324150618,70.79551038797068,389.69946426767683,519.5992856902358,129.89982142255894,13.33644444444434,4.445481481481446,17.781925925925783,0.26672888888888674,10.624068372474749,0.0,37.547462542689374,253.57907309606406,812.3651046617206,746.1449189317419,0.0,0.0,0.0,0.0,0.0,0.0,54.71409002023498,23.828057129156566,0.0,0.0,0.0,0.0,-5.684341886080802e-14,0.0
2025-01-15 01:00:00+00:00,0,70.0,567.1325940170941,171.62561474358975,341.3907553418803,54.116223931623935,171.62561474358964,158.09655876068388,13.52905598290598,341.3907553418803,0.0,54.116223931623935,0.0,229.95863092463114,71.86207216394723,395.5069792735042,527.3426390313389,131.83565975783472,13.529055982905874,4.509685327635291,18.038741310541162,0.27058111965811743,10.782884899572649,0.0,38.11047380489314,257.37135707354116,824.5039510906353,757.30126995597,0.0,0.0,0.0,0.0,0.0,0.0,54.71409002023498,23.82553021861039,0.0,0.0,0.0,0.0,0.0,0.0
2025-01-15 02:00:00+00:00,0,70.0,572.756701324189,173.38103509604326,345.258213818438,54.11745240970785,173.38103509604315,159.85167199361643,13.529363102426958,345.258213818438,0.0,54.11745240970785,0.0,232.51152289980573,72.65985090618929,399.37566622814586,532.5008883041944,133.1252220760486,13.529363102426856,4.5097877008089515,18.039150803235806,0.27058726204853706,10.89892093865022,0.0,38.485639688881676,259.95000857262727,832.7067098968162,765.0124112040002,0.0,0.0,0.0,0.0,0.0,0.0,54.71409002023498,23.827441795783802,0.0,0.0,0.0,0.0,-5.684341886080802e-14,0.0
2025-01-15 03:00:00+00:00,0,70.0,566.6574103535354,171.60525333694085,341.3592786616161,53.69287835497836,171.60525333694073,158.18203374819637,13.423219588744585,341.3592786616161,0.0,53.69287835497836,0.0,230.08295817919472,71.90092443099834,395.05215701659444,526.7362093554592,131.6840523388648,13.423219588744473,4.474406529581491,17.897626118325963,0.26846439177488945,10.777707143398267,0.0,38.09490391451116,257.2004587491289,823.8578691026644,756.819167534654,0.0,0.0,0.0,0.0,0.0,0.0,54.71409002023498,23.82978290029461,0.0,0.0,0.0,0.0,5.684341886080802e-14,0.0
2025-01-15 04:00:00+00:00,0,70.0,572.2605287356321,173.33509750957856,344.77965344827584,54.14577777777778,173.3350975095785,159.79865306513426,13.53644444444444,344.77965344827584,0.0,54.14577777777778,0.0,232.43440445837712,72.63575139324286,398.9254312260536,531.9005749680714,132.97514374201785,13.536444444444328,4.512148148148109,18.048592592592435,0.2707288888888865,10.884847381226052,0.0,38.476573448908034,259.7551930024318,832.0157217380638,764.3349794264486,0.0,0.0,0.0,0.0,0.0,0.0,54.71409002023498,23.82615442548428,0.0,0.0,0.0,0.0,-5.684341886080802e-14,-1.1368683772161603e-13
2025-01-15 05:00:00+00:00,0,70.0,569.1438808268199,172.2339615584516,342.9487915787738,53.96112768959436,172.2339615584515,158.74367963605314,13.490281922398585,342.9487915787738,0.0,53.96112768959436,0.0,230.89989765244096,72.1562180163878,396.9099192683682,529.2132256911575,132.30330642278938,13.490281922398452,4.496760640799484,17.987042563197935,0.269805638447969,10.828075024259158,0.0,38.23636746881534,258.29053321149917,1288.8241328848014,760.1131233435984,0.0,0.0,0.0,0.0,461.38971884648237,0.0,492.42681018211476,23.827053287839583,0.0,0.0,0.0,0.0,0.0,0.0
2025-01-15 06:00:00+00:00,0,70.0,575.2209285714287,174.0311888888889,346.4659555555555,54.72378412698413,174.03118888888883,160.350242857143,13.68094603174603,346.4659555555555,0.0,54.72378412698413,0.0,233.2367168831171,72.8864740259741,401.18973968253965,534.9196529100528,133.7299132275132,13.68094603174589,4.560315343915296,18.241261375661185,0.2736189206349178,10.941216507936508,0.0,38.64064534492062,261.03218337089464,836.2531119423231,768.1563697931699,0.0,0.0,0.0,0.0,0.0,0.0,492.42681018211476,23.825187756645636,0.0,0.0,0.0,0.0,-1.7053025658242404e-13,0.0
2025-01-15 07:00:00+00:00,0,70.0,595.0878313492063,180.04358543771048,360.2800052188552,54.7642406926407,180.0435854377104,166.35252526455045,13.691060173160169,360.2800052188552,0.0,54.7642406926407,0.0,241.96730947570975,75.6147842111593,415.04424591149586,553.3923278819944,138.3480819704986,13.691060173160025,4.563686724386675,18.2547468975467,0.2738212034632005,11.356042563492062,0.0,39.92656658639368,270.08298325939353,865.1708146085998,795.3596373577043,0.0,0.0,0.0,0.0,0.0,0.0,492.42681018211476,23.82439771519992,0.0,0.0,0.0,0.0,-5.684341886080802e-14,-1.1368683772161603e-13
2025-01-15 08:00:00+00:00,0,70.0,585.8920697959447,177.2491620763496,355.2549479312354,53.38795978835979,177.24916207634948,163.90217212925978,13.346989947089943,355.2549479312354,0.0,53.38795978835979,0.0,238.4031594607415,74.50098733148172,408.6429077195952,544.8572102927935,136.21430257319838,13.346989947089838,4.4489966490299455,17.795986596119782,0.2669397989417967,11.19152803582066,0.0,39.292926870107415,265.9156812585799,851.8077510545246,783.2603697535351,0.0,0.0,0.0,0.0,0.0,0.0,492.42681018211476,23.828359006411233,0.0,0.0,0.0,0.0,-5.684341886080802e-14,0.0
2025-01-15 09:00:00+00:00,0,70.0,568.2448662982006,171.9540012854133,343.9657765897689,52.325088423018336,171.9540012854132,158.87272917965876,13.081272105754579,343.9657765897689,0.0,52.325088423018336,0.0,231.08760607950367,72.2148768998449,396.2908650127872,528.3878200170495,132.09695500426238,13.08127210575455,4.3604240352515165,17.441696141006066,0.261625442115091,10.84222418192325,0.0,38.13318491790278,257.90929048129993,826.1541567795006,759.4754260965533,0.0,0.0,0.0,0.0,0.0,0.0,492.42681018211476,23.828659491722128,0.0,0.0,0.0,0.0,5.684341886080802e-14,-1.1368683772161603e-13
2025-01-15 10:00:00+00:00,0,70.0,581.0144916006232,175.84880219128905,352.6921637031768,52.47352570615728,175.8488021912889,162.73042076474985,13.118381426539319,352.6921637031768,0.0,52.47352570615728,0.0,236.69879383963615,73.9683730748863,405.16568940933405,540.2209192124453,135.05522980311133,13.11838142653923,4.37279380884641,17.49117523538564,0.2623676285307846,11.105500168156876,0.0,38.96943745949161,263.7337019430233,844.7481935436465,776.9197130520815,0.0,0.0,0.0,0.0,0.0,0.0,492.42681018211476,23.825520242445112,0.0,0.0,0.0,0.0,5.684341886080802e-14,0.0
2025-01-15 11:00:00+00:00,0,70.0,573.8076919609014,173.75935761479622,348.51479148047406,51.533542865631105,173.75935761479616,160.8759718983885,12.883385716407773,348.51479148047406,0.0,51.533542865631105,0.0,234.00141367038327,73.12544177199477,400.04833434610515,533.3977791281402,133.34944478203505,12.883385716407702,4.294461905469234,17.177847621876936,0.25766771432815405,10.970779173070532,0.0,38.49801360822116,260.4958089551189,419.05275395418636,767.3991927985235,0.0,0.0,0.0,0.0,0.0,415.25074696183395,54.71409002023498,23.829121561156793,0.0,0.0,0.0,0.0,5.684341886080802e-14,0.0
2025-01-15 12:00:00+00:00,0,70.0,567.6426806659601,171.83847549059757,345.12815197242696,50.67605320293556,171.8384754905975,159.16946218986376,12.669013300733885,345.12815197242696,0.0,50.67605320293556,0.0,231.51921773071095,72.34975554084717,395.80420517536254,527.7389402338167,131.93473505845418,12.66901330073378,4.223004433577927,16.892017734311707,0.2533802660146756,10.860605091202165,0.0,38.06479762221847,257.6862780123146,825.3289586782747,759.2581579645276,0.0,0.0,0.0,0.0,0.0,0.0,54.71409002023498,23.83117309156406,0.0,0.0,0.0,0.0,0.0,0.0
2025-01-15 13:00:00+00:00,0,70.0,588.7972485966046,178.57191298422654,358.0224438545773,52.20289175780074,178.5719129842264,165.5211900447765,13.050722939450178,358.0224438545773,0.0,52.20289175780074,0.0,240.75809461058398,75.23690456580749,410.22533561237805,546.9671141498374,136.74177853745934,13.050722939450026,4.350240979816675,17.4009639192667,0.2610144587890005,11.262702233215327,0.0,39.544194436310896,267.39683521139875,856.1940838080034,787.7252087604213,0.0,0.0,0.0,0.0,0.0,0.0,54.71409002023498,23.827239379857296,0.0,0.0,0.0,0.0,0.0,0.0
2025-01-15 14:00:00+00:00,0,70.0,534.8794444444445,162.03235555555557,324.87046666666663,47.976622222222225,162.03235555555548,150.0382000000001,11.994155555555555,324.87046666666663,0.0,47.976622222222225,0.0,218.23738181818197,68.19918181818187,372.84708888888883,497.12945185185174,124.28236296296294,11.994155555555437,3.9980518518518124,15.99220740740725,0.23988311111110874,10.225880222222221,0.0,35.89769487111109,242.84305483744106,1239.1122181283677,715.3668336700338,0.0,0.0,0.0,0.0,461.3897188464822,0.0,492.42681018211476,23.83217956346144,0.0,0.0,0.0,0.0,-1.1368683772161603e-13,-1.1368683772161603e-13
2025-01-15 15:00:00+00:00,0,70.0,577.711758234519,175.17021119779028,351.1338579629244,51.407689073804406,175.17021119779017,162.3182889293393,12.851922268451098,351.1338579629244,0.0,51.407689073804406,0.0,236.09932935176627,73.78104042242695,402.5415470367288,536.7220627156383,134.1805156789096,12.851922268450949,4.2839740894836495,17.135896357934598,0.257038445369019,11.048092629625774,0.0,38.796177893423575,262.3468391592386,840.0585973937576,772.8213920674046,0.0,0.0,0.0,0.0,0.0,0.0,492.42681018211476,23.83077010063536,0.0,0.0,0.0,0.0,0.0,0.0
2025-01-15 16:00:00+00:00,0,70.0,576.8650467171717,175.11346300505053,350.7226059343434,51.02897777777778,175.11346300505036,162.35621856060618,12.75724444444444,350.7226059343434,0.0,51.02897777777778,0.0,236.15449972451808,73.7982811639119,401.75158371212115,535.6687782828282,133.91719457070704,12.757244444444353,4.2524148148147844,17.009659259259138,0.25514488888888703,11.03196795580808,0.0,38.774014955290376,262.02901834942105,838.8940650665928,771.8232780073463,0.0,0.0,0.0,0.0,0.0,0.0,492.42681018211476,23.83257042825583,0.0,0.0,0.0,0.0,5.684341886080802e-14,0.0
2025-01-15 17:00:00+00:00,0,70.0,575.2903560606061,174.69092272727275,349.5472555555555,51.052177777777786,174.6909227272727,161.9278782828284,12.76304444444444,349.5472555555555,0.0,51.052177777777786,0.0,235.5314593204777,73.60358103764928,400.5994333333333,534.1325777777777,133.53314444444442,12.763044444444347,4.254348148148115,17.01739259259246,0.2552608888888869,10.996939444444443,0.0,38.68433289792928,261.3276068615044,836.6179629221106,769.6640370982553,0.0,0.0,0.0,0.0,0.0,0.0,492.42681018211476,23.832885876731005,0.0,0.0,0.0,0.0,5.684341886080802e-14,0.0
2025-01-15 18:00:00+00:00,0,70.0,565.7533888888888,171.7045388888889,343.5123611111111,50.5364888888889,171.70453888888878,159.07041666666674,12.634122222222219,83.02818977564193,260.48417133546917,50.5364888888889,0.0,231.37515151515163,72.30473484848488,133.56467866453085,178.08623821937445,44.52155955484361,12.634122222222175,4.211374074074058,277.3296676317654,4.159945014476481,8.205894008867531,5.2096834267093834,38.03247691611109,176.64566784356703,742.3990567324558,409.46138973452605,0.0,0.0,0.0,0.0,0.0,0.0,492.42681018211476,23.836836553672097,0.0,0.0,0.0,0.0,0.0,0.0
2025-01-15 19:00:00+00:00,0,70.0,567.4678333333334,172.69728888888892,344.29601111111106,50.47453333333334,172.69728888888886,160.0786555555557,12.618633333333332,55.54168706850818,288.7543240426029,50.47453333333334,0.0,232.84168080808104,72.76302525252532,106.01622040184151,141.35496053578868,35.33874013394717,12.61863333333315,4.20621111111105,305.57916848704707,4.583687527305706,7.946082426240636,5.775086480852058,38.24298576888888,168.85581870087083,321.0729050723705,374.1966413438697,0.0,0.0,0.0,0.0,0.0,415.2507469618337,54.71409002023498,23.841472464795377,0.0,0.0,0.0,0.0,0.0,0.0
2025-01-15 20:00:00+00:00,0,70.0,578.9941906565657,176.36068017676772,350.5564054292929,52.077105050505054,176.36068017676757,163.34140391414155,13.01927626262626,244.62773319943656,105.92867222985632,52.077105050505054,0.0,237.58749660238772,74.24609268824616,296.70483824994164,395.6064509999222,98.90161274998054,13.019276262626136,4.339758754208711,123.28770724669116,1.8493156087003673,9.978176491085275,2.1185734445971263,39.06832063761361,230.5018503744318,809.4960410309975,633.1939476023099,0.0,0.0,0.0,0.0,0.0,0.0,54.71409002023498,23.836361705552495,0.0,0.0,0.0,0.0,0.0,0.0
2025-01-15 21:00:00+00:00,0,70.0,568.4895555555556,173.08265,343.20863888888886,52.19826666666667,173.08264999999994,160.03308333333348,13.049566666666662,343.20863888888886,0.0,52.19826666666667,0.0,232.77539393939415,72.74231060606067,395.4069055555555,527.2092074074073,131.80230185185184,13.049566666666522,4.349855555555507,17.39942222222203,0.2609913333333304,10.818241833333332,0.0,38.37101637166665,258.34471755180135,826.8342731073569,759.9846013468015,0.0,0.0,0.0,0.0,0.0,0.0,54.71409002023498,23.83407840067438,0.0,0.0,0.0,0.0,-5.684341886080802e-14,0.0
2025-01-15 22:00:00+00:00,0,70.0,578.4975555555556,175.96158333333332,349.01241666666664,53.52355555555557,175.96158333333324,162.5806944444446,13.380888888888883,349.01241666666664,0.0,53.52355555555557,0.0,236.48101010101033,73.90031565656572,402.5359722222222,536.7146296296296,134.1786574074074,13.380888888888734,4.460296296296244,17.841185185184976,0.2676177777777746,11.005608055555555,0.0,39.021364580555534,262.83385977415827,841.3314153297138,773.1956397306399,0.0,0.0,0.0,0.0,0.0,0.0,54.71409002023498,23.83087907500738,0.0,0.0,0.0,0.0,-5.684341886080802e-14,0.0
2025-01-15 23:00:00+00:00,0,70.0,575.9300000000001,175.0588666666667,347.1202,53.750933333333336,175.0588666666666,161.62113333333343,13.43773333333333,347.1202,0.0,53.750933333333336,0.0,235.085284848485,73.46415151515157,400.8711333333333,534.4948444444444,133.6237111111111,13.437733333333284,4.4792444444444275,17.91697777777771,0.26875466666666564,10.951115333333334,0.0,38.83447953999998,261.62145661070707,837.5514566107071,769.5801292929294,0.0,0.0,0.0,0.0,0.0,0.0,54.71409002023498,23.83231017455621,0.0,0.0,0.0,0.0,-5.684341886080802e-14,0.0
2025-03-21 00:00:00+00:00,1,20.0,888.9409444444444,268.94641111111116,538.1733777777778,81.82115555555556,268.94641111111116,248.49112222222226,20.455288888888884,362.65713409031105,175.51624368746673,81.82115555555556,0.0,361.4416323232324,112.95051010101012,444.4782896458666,592.6377195278221,148.15942988195553,20.4552888888889,6.818429629629634,202.78996220598526,3.0418494330897787,15.208250452014223,3.5103248737493344,59.642108676666666,349.3309030481153,1238.2718474925596,954.0793518510545,0.0,0.0,0.0,0.0,0.0,0.0,54.71409002023498,23.727457271256657,0.0,0.0,0.0,0.0,-1.7053025658242404e-13,0.0
2025-03-21 01:00:00+00:00,1,20.0,728.8360555555555,220.5411166666667,440.93213888888886,67.36280000000001,220.5411166666667,203.7004166666667,16.8407,377.1154896458666,63.81664924302227,67.36280000000001,0.0,296.2915151515152,92.59109848484852,444.4782896458666,592.6377195278221,148.15942988195553,16.840699999999963,5.613566666666654,86.27091590968888,1.294063738645333,13.263425674236444,1.2763329848604454,48.91475083166667,311.1126682628796,1501.3384426649172,888.9292346793374,0.0,0.0,0.0,0.0,461.38971884648197,0.0,492.42681018211476,23.776985928667976,0.0,0.0,0.0,0.0,1.7053025658242404e-13,0.0
2025-03-21 02:00:00+00:00,1,20.0,872.3286111111111,263.8056166666667,528.2481944444444,80.2748,263.8056166666667,243.73691666666667,20.0687,364.2034896458666,164.04470479857778,80.2748,0.0,354.52642424242424,110.78950757575757,444.4782896458666,592.6377195278221,148.15942988195553,20.06869999999995,6.68956666666665,190.80297146524438,2.862044571978666,15.009746785347556,3.2808940959715556,58.50254248166667,345.2937320593442,1217.6223431704552,947.1641437702464,0.0,0.0,0.0,0.0,0.0,0.0,492.42681018211476,23.73394081256602,0.0,0.0,0.0,0.0,-5.684341886080802e-14,0.0
2025-03-21 03:00:00+00:00,1,20.0,683.0305555555556,206.63958888888888,413.77194444444444,62.61902222222222,206.63958888888888,190.98483333333334,15.65475555555555,381.8592674236444,31.912677020800068,62.61902222222222,0.0,277.79612121212125,86.8112878787879,444.4782896458666,592.6377195278221,148.15942988195553,15.654755555555568,5.218251851851855,52.78568442820749,0.7917852664231123,12.720221785347555,0.6382535404160014,45.81828423444445,300.15751443922636,983.1880699947819,870.4338407399434,0.0,0.0,0.0,0.0,0.0,0.0,492.42681018211476,23.79264055818638,0.0,0.0,0.0,0.0,0.0,0.0
2025-03-21 04:00:00+00:00,1,20.0,588.3298333333333,178.06778333333338,356.9038277777778,53.358222222222224,178.06778333333324,164.72822777777787,13.339555555555554,356.9038277777778,0.0,53.358222222222224,0.0,239.6046949494951,74.87646717171722,410.26205000000004,547.0160666666667,136.75401666666667,13.339555555555478,4.446518518518492,17.78607407407397,0.26679111111110954,11.240697055555557,0.0,39.4670781872222,267.05156871079123,855.3814020441246,786.6207616161618,0.0,0.0,0.0,0.0,0.0,0.0,492.42681018211476,23.822496328356916,0.0,0.0,0.0,0.0,0.0,0.0
2025-03-21 05:00:00+00:00,1,20.0,900.4637777777778,272.40182777777784,546.4402611111111,81.6216888888889,272.40182777777784,251.99640555555558,20.40542222222222,362.8566007569776,183.58366035413343,81.6216888888889,0.0,366.54022626262633,114.54382070707072,444.4782896458666,592.6377195278221,148.15942988195553,20.405422222222256,6.801807407407418,210.7908899837631,3.1618633497564463,15.373588118680889,3.6716732070826685,60.37524535166668,352.0874280236204,1252.5512058013983,959.1779457904485,0.0,0.0,0.0,0.0,0.0,0.0,492.42681018211476,23.72899183190387,0.0,0.0,0.0,0.0,1.1368683772161603e-13,0.0
2025-03-21 06:00:00+00:00,1,20.0,706.0415921717172,213.63587335858588,428.3149703282828,64.09074848484849,213.63587335858588,197.61318623737375,16.02268712121212,380.3875411610181,47.927429167264705,64.09074848484849,0.0,287.4373617998164,89.82417556244263,444.4782896458666,592.6377195278221,148.15942988195553,16.02268712121211,5.340895707070702,69.2910119955475,1.0393651799332126,13.011082303024324,0.9585485833452941,47.35239097157829,305.68588818935,1011.727480361067,880.0750813276386,0.0,0.0,0.0,0.0,0.0,0.0,492.42681018211476,23.787071374201805,0.0,0.0,0.0,0.0,-1.7053025658242404e-13,0.0
2025-03-21 07:00:00+00:00,1,20.0,479.84220580808073,145.3636061868687,290.95708851010096,43.52151111111112,145.36360618686862,134.48322840909103,10.880377777777776,290.95708851010096,0.0,43.52151111111112,0.0,195.6119685950415,61.12874018595047,334.4785996212121,445.9714661616161,111.49286654040402,10.880377777777653,3.626792592592551,14.507170370370204,0.21760755555555306,9.16392776641414,0.0,32.21752268657827,217.847457327495,697.6896631355758,641.5834347566577,0.0,0.0,0.0,0.0,0.0,0.0,492.42681018211476,23.855671101463805,0.0,0.0,0.0,0.0,2.842170943040401e-14,0.0
2025-03-21 08:00:00+00:00,1,20.0,475.1079979203803,143.81924382055854,287.83346521093284,43.45528888888889,143.81924382055848,132.95542159833641,10.863822222222222,287.83346521093284,0.0,43.45528888888889,0.0,193.38970414303478,60.43428254469837,331.28875409982174,441.7183387997623,110.42958469994058,10.863822222222126,3.6212740740740417,14.485096296296167,0.2172764444444425,9.069556845216875,0.0,31.8857375600089,215.6577121683832,690.7657100887635,635.108042942797,0.0,0.0,0.0,0.0,0.0,0.0,492.42681018211476,23.855145957830757,0.0,0.0,0.0,0.0,2.842170943040401e-14,0.0
2025-03-21 09:00:00+00:00,1,20.0,476.9575555555556,144.37720555555558,288.72079444444444,43.85955555555556,144.37720555555546,133.41231666666678,10.964888888888886,288.72079444444444,0.0,43.85955555555556,0.0,194.05427878787896,60.641962121212174,332.58035,443.4404666666667,110.86011666666667,10.964888888888794,3.654962962962931,14.619851851851724,0.21929777777777584,9.100219388888888,0.0,32.01568704944442,216.49224596695285,693.4498015225084,637.4947454545456,0.0,0.0,0.0,0.0,0.0,0.0,492.42681018211476,23.85320505823877,0.0,0.0,0.0,0.0,0.0,0.0
2025-03-21 10:00:00+00:00,1,20.0,497.55061111111115,150.61539444444446,301.14890555555553,45.78631111111112,150.61539444444438,139.16881666666671,11.446577777777776,301.14890555555553,0.0,45.78631111111112,0.0,202.42736969696978,63.258553030303055,346.93521666666663,462.58028888888884,115.64507222222221,11.446577777777748,3.8155259259259156,15.262103703703662,0.22893155555555492,9.492330277777777,0.0,33.39984703722221,225.8402600490067,723.3908711601179,665.0076585858586,0.0,0.0,0.0,0.0,0.0,0.0,492.42681018211476,23.852171970135554,0.0,0.0,0.0,0.0,0.0,0.0
2025-03-21 11:00:00+00:00,1,20.0,483.2366805555555,146.35020972222225,292.62104861111106,44.26542222222223,146.3502097222221,135.28385416666677,11.066355555555552,292.62104861111106,0.0,44.26542222222223,0.0,196.7765151515153,61.49266098484853,336.8864708333333,449.18196111111104,112.29549027777776,11.066355555555475,3.688785185185158,14.755140740740632,0.22132711111110948,9.221285680555555,0.0,32.448073506527756,219.36762274600585,287.3535563397275,645.9584762626264,0.0,0.0,0.0,0.0,0.0,415.2507469618337,54.71409002023498,23.855962092679015,0.0,0.0,0.0,0.0,-1.1368683772161603e-13,0.0
2025-03-21 12:00:00+00:00,1,20.0,512.4991597222222,155.55097708333335,311.97250486111113,44.975677777777776,155.55097708333324,144.30705763888903,11.243919444444442,311.97250486111113,0.0,44.975677777777776,0.0,209.90117474747495,65.59411710858592,356.9481826388889,475.9309101851852,118.9827275462963,11.243919444444316,3.7479731481481053,14.991892592592421,0.2248783888888863,9.808931923611112,0.0,34.43309926381942,232.79172737934977,745.2908871015719,685.8320849326601,0.0,0.0,0.0,0.0,0.0,0.0,54.71409002023498,23.840716021274737,0.0,0.0,0.0,0.0,-5.684341886080802e-14,0.0
2025-03-21 13:00:00+00:00,1,20.0,498.6522272897897,151.23658346471473,301.95887715840837,45.45676666666667,151.2365834647146,139.87239179804814,11.364191666666663,301.95887715840837,0.0,45.45676666666667,0.0,203.45075170625188,63.57835990820371,347.4156438250751,463.2208584334335,115.80521460835837,11.364191666666557,3.788063888888852,15.152255555555408,0.2272838333333311,9.51333398141892,0.0,33.52386220307618,226.43611842327937,725.088345713069,666.6716101396853,0.0,0.0,0.0,0.0,0.0,0.0,54.71409002023498,23.848609942485364,0.0,0.0,0.0,0.0,-1.1368683772161603e-13,0.0
2025-03-21 14:00:00+00:00,1,20.0,488.3239145092108,147.99378426437943,295.1235873155385,45.20654292929293,147.9937842643793,136.6921485320563,11.301635732323232,295.1235873155385,0.0,45.20654292929293,0.0,198.82494331935465,62.13279478729832,340.3301302448314,453.7735069931085,113.44337674827713,11.30163573232312,3.7672119107743733,15.068847643097493,0.22603271464646238,9.305773048759084,0.0,32.824245084924115,221.6994342946795,1171.413067650372,652.5984503124632,0.0,0.0,0.0,0.0,461.3897188464819,0.0,492.42681018211476,23.85150710195927,0.0,0.0,0.0,0.0,-5.684341886080802e-14,0.0
2025-03-21 15:00:00+00:00,1,20.0,481.01074166111675,145.67959472055725,290.481502496115,44.84964444444444,145.67959472055713,134.46718360944618,11.212411111111109,290.481502496115,0.0,44.84964444444444,0.0,195.588630704649,61.12144709520281,335.33114694055945,447.1081959207459,111.77704898018648,11.212411111111066,3.7374703703703553,14.949881481481421,0.22424822222222132,9.162941519327894,0.0,32.32024496956083,218.34340115687058,699.3541428179873,642.6968266253949,0.0,0.0,0.0,0.0,0.0,0.0,492.42681018211476,23.854833141974186,0.0,0.0,0.0,0.0,-5.684341886080802e-14,0.0
2025-03-21 16:00:00+00:00,1,20.0,471.4551557440516,142.84269620331057,285.4862959043774,43.12616363636364,142.84269620331057,132.0611552942198,10.781540909090905,285.4862959043774,0.0,43.12616363636364,0.0,192.08895315522878,60.02779786100899,328.6124595407411,438.14994605432145,109.53748651358036,10.781540909090808,3.5938469696969357,14.375387878787743,0.21563081818181615,8.995850513494961,0.0,31.668327515011104,214.03894019097416,685.4940959350257,630.2388992095503,0.0,0.0,0.0,0.0,0.0,0.0,492.42681018211476,23.859689371326496,0.0,0.0,0.0,0.0,-2.842170943040401e-14,0.0
2025-03-21 17:00:00+00:00,1,20.0,506.3876581196581,153.6238858974359,307.39523888888885,45.36853333333334,153.6238858974358,142.28175256410273,11.342133333333333,307.39523888888885,0.0,45.36853333333334,0.0,206.9552764568767,64.67352389277397,352.76377222222214,470.35169629629615,117.58792407407404,11.342133333333209,3.7807111111110694,15.122844444444278,0.22684266666666417,9.675542499999997,0.0,34.03169054961536,229.97623479424112,736.3638929138992,677.3069727531729,0.0,0.0,0.0,0.0,0.0,0.0,492.42681018211476,23.853281242981197,0.0,0.0,0.0,0.0,0.0,0.0
2025-03-21 18:00:00+00:00,1,20.0,661.2437539682539,200.67989285714287,400.2938166666666,60.27004444444445,200.6798928571428,185.6123817460319,15.067511111111108,384.2082452014222,16.085571465244456,60.27004444444445,0.0,269.9816461760464,84.36926443001451,444.4782896458666,592.6377195278221,148.15942988195553,15.067511111110974,5.0225037037036575,36.175586280059086,0.5426337942008863,12.450659229791999,0.3217114293048891,44.48244928134919,295.34865175032064,956.5924057185746,862.6193657038685,0.0,0.0,0.0,0.0,0.0,0.0,492.42681018211476,23.808908868568693,0.0,0.0,0.0,0.0,0.0,0.0
2025-03-21 19:00:00+00:00,1,20.0,660.9889503968254,200.8120628968254,399.5052875,60.6716,200.8120628968253,185.64416289682552,15.167899999999996,383.8066896458666,15.69859785413341,60.6716,0.0,270.0278733044735,84.38371040764795,444.4782896458666,592.6377195278221,148.15942988195553,15.16789999999989,5.055966666666629,35.92246452079993,0.5388369678119989,12.434888646458667,0.31397195708266823,44.52133524105155,295.40813976867497,956.3970901655005,862.6655928322956,0.0,0.0,0.0,0.0,0.0,0.0,492.42681018211476,23.804668016632746,0.0,0.0,0.0,0.0,5.684341886080802e-14,0.0
2025-03-21 20:00:00+00:00,1,20.0,575.8912777777778,175.16022777777778,346.9885611111111,53.74248888888889,175.16022777777772,161.72460555555574,13.435622222222216,346.9885611111111,0.0,53.74248888888889,0.0,235.23578989899016,73.51118434343442,400.7310499999999,534.3080666666665,133.57701666666662,13.435622222222065,4.478540740740688,17.914162962962752,0.26871244444444126,10.947081722222219,0.0,38.85591663166665,261.63845254917504,422.27898336511913,769.5438565656566,0.0,0.0,0.0,0.0,0.0,415.2507469618337,54.71409002023498,23.831036007866583,0.0,0.0,0.0,0.0,5.684341886080802e-14,0.0
2025-03-21 21:00:00+00:00,1,20.0,848.0591111111111,257.87938333333335,511.3407055555555,78.83902222222223,257.87938333333335,238.1696277777778,19.709755555555553,365.63926742364436,145.70143813191112,78.83902222222223,0.0,346.42854949494955,108.25892171717173,444.4782896458666,592.6377195278221,148.15942988195553,19.709755555555518,6.569918518518506,171.98111220598514,2.579716683089777,14.671597007569776,2.9140287626382224,57.19805830722223,340.3516708781658,1188.410781989277,939.0662690227716,0.0,0.0,0.0,0.0,0.0,0.0,54.71409002023498,23.744895492066473,0.0,0.0,0.0,0.0,1.1368683772161603e-13,0.0
2025-03-21 22:00:00+00:00,1,20.0,785.4006111111112,238.71451111111114,473.9123666666666,72.77373333333334,238.71451111111114,220.5210777777778,18.19343333333333,371.70455631253327,102.20781035413337,72.77373333333334,0.0,320.75793131313134,100.23685353535355,444.4782896458666,592.6377195278221,148.15942988195553,18.19343333333336,6.064477777777786,126.46572146524451,1.8969858219786677,13.923030229791998,2.0441562070826675,52.94179495777778,325.266728411718,1110.6673395228293,913.3956508409535,0.0,0.0,0.0,0.0,0.0,0.0,54.71409002023498,23.761094722718944,0.0,0.0,0.0,0.0,5.684341886080802e-14,0.0
2025-03-21 23:00:00+00:00,1,20.0,617.5177777777778,188.05783333333335,373.1753666666666,56.28457777777778,188.0578333333332,173.986688888889,14.07114444444444,373.1753666666666,0.0,56.28457777777778,0.0,253.07154747474766,79.08485858585864,429.4599444444444,572.6132592592592,143.1533148148148,14.071144444444343,4.690381481481447,18.76152592592579,0.28142288888888684,11.758106777777776,0.0,41.679500294444416,280.647584843266,898.1653626210438,825.6848067340068,0.0,0.0,0.0,0.0,0.0,0.0,54.71409002023498,23.819945001381633,0.0,0.0,0.0,0.0,-5.684341886080802e-14,0.0
2025-03-23 00:00:00+00:00,2,1.0,591.4327222222223,179.57147222222224,357.9637833333333,53.89746666666667,179.57147222222218,166.09710555555566,13.474366666666663,357.9637833333333,0.0,53.89746666666667,0.0,241.59578989899006,75.49868434343439,411.86125,549.1483333333333,137.28708333333333,13.474366666666555,4.491455555555518,17.965822222222073,0.2694873333333311,11.277888166666667,0.0,39.802706480555536,268.62730521287875,860.060027435101,790.7441232323233,0.0,0.0,0.0,0.0,0.0,0.0,54.71409002023498,23.825721341377903,0.0,0.0,0.0,0.0,-5.684341886080802e-14,0.0
2025-03-23 01:00:00+00:00,2,1.0,716.1225,217.23960555555558,433.51245,65.37044444444444,217.23960555555558,200.8969944444445,16.342611111111104,379.10784520142215,54.40460479857785,65.37044444444444,0.0,292.21381010101015,91.31681565656567,444.4782896458666,592.6377195278221,148.15942988195553,16.342611111111133,5.447537037037044,76.19475294672603,1.1429212942008904,13.115031896458667,1.088092095971557,48.156420485000005,308.42624834718936,1485.938467193671,884.8515296288323,0.0,0.0,0.0,0.0,461.38971884648197,0.0,492.42681018211476,23.78569176108422,0.0,0.0,0.0,0.0,-3.410605131648481e-13,0.0
2025-03-23 02:00:00+00:00,2,1.0,925.211111111111,280.8575944444445,560.4989833333333,83.85453333333334,280.8575944444445,259.89396111111114,20.96363333333333,360.62375631253326,199.87522702080003,83.85453333333334,0.0,378.02757979797985,118.1336186868687,444.4782896458666,592.6377195278221,148.15942988195553,20.963633333333362,6.987877777777787,227.82673813191116,3.4174010719786674,15.654762563125331,3.997504540416001,62.24141306611112,358.5920075882332,1283.8031186993442,970.6652993258019,0.0,0.0,0.0,0.0,0.0,0.0,492.42681018211476,23.723398373840585,0.0,0.0,0.0,0.0,0.0,0.0
2025-03-23 03:00:00+00:00,2,1.0,983.1763888888888,298.13036111111114,595.0019833333333,90.04404444444447,298.13036111111114,275.61935000000005,22.511011111111106,354.4342452014221,240.5677381319112,90.04404444444447,0.0,400.9008727272728,125.28152272727276,444.4782896458666,592.6377195278221,148.15942988195553,22.511011111111074,7.503670370370358,270.58241961339263,4.058736294200889,16.344822563125334,4.811354762638224,66.09662534722223,372.25616194678537,1355.432550835674,993.538592255095,0.0,0.0,0.0,0.0,0.0,0.0,492.42681018211476,23.705920150942273,0.0,0.0,0.0,0.0,-2.2737367544323206e-13,0.0
2025-03-23 04:00:00+00:00,2,1.0,895.1717777777778,271.4749777777778,541.856311111111,81.84048888888891,271.4749777777778,251.01485555555558,20.460122222222218,362.63780075697764,179.21851035413346,81.84048888888891,0.0,365.11251717171723,114.09766161616163,444.4782896458666,592.6377195278221,148.15942988195553,20.460122222222196,6.8200407407407315,206.49867331709638,3.0974800997564453,15.28190911868089,3.584370207082669,60.18297570666668,351.2238673710446,1246.3956451488225,957.7502366995393,0.0,0.0,0.0,0.0,0.0,0.0,492.42681018211476,23.73443967313194,0.0,0.0,0.0,0.0,5.684341886080802e-14,0.0
2025-03-23 05:00:00+00:00,2,1.0,954.5763333333333,289.40819444444446,577.8073388888888,87.36080000000001,289.40819444444446,267.5679944444445,21.840199999999992,357.1174896458666,220.68984924302222,87.36080000000001,0.0,389.18981010101015,121.62181565656567,444.4782896458666,592.6377195278221,148.15942988195553,21.84020000000001,7.28006666666667,249.8101159096889,3.7471517386453335,16.000929674236442,4.413796984860444,64.16159235277777,365.3847829557078,1319.961116289041,981.8275296288323,0.0,0.0,0.0,0.0,0.0,0.0,492.42681018211476,23.714623826187545,0.0,0.0,0.0,0.0,-1.1368683772161603e-13,0.0
2025-03-23 06:00:00+00:00,2,1.0,900.5412765151516,273.1472746212122,545.3080332070707,82.0859686868687,273.1472746212122,252.625782449495,20.52149217171717,362.3923209589979,182.9157122480728,82.0859686868687,0.0,367.45568356290187,114.82990111340683,444.4782896458666,592.6377195278221,148.15942988195553,20.52149217171717,6.84049739057239,210.27770181036237,3.1541655271554356,15.35094356060008,3.658314244961456,60.54685075675507,352.5401024754068,1253.0813789905583,960.093403090724,0.0,0.0,0.0,0.0,0.0,0.0,492.42681018211476,23.732845360094025,0.0,0.0,0.0,0.0,-1.1368683772161603e-13,0.0
2025-03-23 07:00:00+00:00,2,1.0,858.559,260.5032277777778,519.4407944444444,78.61497777777778,260.5032277777778,240.84948333333335,19.653744444444442,365.8633118680888,153.57748257635564,78.61497777777778,0.0,350.3265212121213,109.47703787878791,444.4782896458666,592.6377195278221,148.15942988195553,19.653744444444513,6.55124814814817,179.7824751689483,2.6967371275342247,14.833598785347554,3.071549651527113,57.75283668722223,342.5424381605227,1201.1014381605228,942.9642407399434,0.0,0.0,0.0,0.0,0.0,0.0,492.42681018211476,23.74452932883501,0.0,0.0,0.0,0.0,1.1368683772161603e-13,0.0
2025-03-23 08:00:00+00:00,2,1.0,490.1247222222222,148.87131111111114,296.5823,44.67111111111112,148.87131111111105,137.70353333333344,11.167777777777776,296.5823,0.0,44.67111111111112,0.0,200.29604848484865,62.5925151515152,341.25341111111106,455.00454814814805,113.75113703703701,11.167777777777701,3.7225925925925667,14.890370370370267,0.223355555555554,9.344180111111111,0.0,32.997583628888876,222.63136407670032,712.7560862989225,655.3005966329968,0.0,0.0,0.0,0.0,0.0,0.0,492.42681018211476,23.856371810318247,0.0,0.0,0.0,0.0,-5.684341886080802e-14,0.0
2025-03-23 09:00:00+00:00,2,1.0,792.4803333333334,240.46431111111113,479.2584222222222,72.75760000000001,240.46431111111113,222.27491111111115,18.1894,371.7206896458666,107.5377325763556,72.75760000000001,0.0,323.30896161616164,101.03405050505052,444.4782896458666,592.6377195278221,148.15942988195553,18.189399999999978,6.063133333333326,131.7902659096889,1.9768539886453336,14.02995134090311,2.150754651527112,53.31529968444445,326.7294733858593,1119.2098067191928,915.9466811439838,0.0,0.0,0.0,0.0,0.0,0.0,492.42681018211476,23.760780913105194,0.0,0.0,0.0,0.0,5.684341886080802e-14,0.0
2025-03-23 10:00:00+00:00,2,1.0,504.46869584679456,153.5152420873717,304.81852042608944,46.134933333333336,153.5152420873716,141.98150875403846,11.53373333333333,304.81852042608944,0.0,46.134933333333336,0.0,206.51855818769232,64.53704943365385,350.9534537594228,467.93793834589707,116.98448458647427,11.533733333333288,3.8445777777777623,15.37831111111105,0.23067466666666572,9.605904946116018,0.0,34.028782967404645,229.23147437809322,733.7001702248878,674.4564965335894,0.0,0.0,0.0,0.0,0.0,0.0,492.42681018211476,23.849687993699625,0.0,0.0,0.0,0.0,-2.842170943040401e-14,0.0
2025-03-23 11:00:00+00:00,2,1.0,519.7610682660537,157.81698492216543,313.9170811789326,48.027002164955654,157.8169849221653,145.8102343809266,12.00675054123891,313.9170811789326,0.0,48.027002164955654,0.0,212.08761364498415,66.27737926405754,361.9440833438883,482.5921111251844,120.6480277812961,12.006750541238858,4.002250180412952,16.00900072165181,0.24013501082477712,9.897782457017536,0.0,34.998205235238046,236.06377992884694,340.57410123306687,694.6797247701685,0.0,0.0,0.0,0.0,0.0,415.2507469618337,54.71409002023498,23.844093017415382,0.0,0.0,0.0,0.0,-5.684341886080802e-14,0.0
2025-03-23 12:00:00+00:00,2,1.0,719.4712083333334,218.2118138888889,435.23304999999993,66.02634444444445,218.2118138888889,201.70522777777782,16.506586111111105,378.4519452014222,56.781104798577786,66.02634444444445,0.0,293.38942222222227,91.68419444444446,444.4782896458666,592.6377195278221,148.15942988195553,16.50658611111107,5.502195370370356,78.7898862800592,1.181848294200888,13.149443896458667,1.1356220959715557,48.38156275583333,309.19429673923474,1028.665505072568,886.0271417500444,0.0,0.0,0.0,0.0,0.0,0.0,54.71409002023498,23.783561354881968,0.0,0.0,0.0,0.0,-5.684341886080802e-14,0.0
2025-03-23 13:00:00+00:00,2,1.0,926.5099027777778,280.9913763888889,560.8525708333333,84.66595555555557,280.9913763888889,259.82488750000005,21.166488888888882,359.8123340903111,201.04023674302226,84.66595555555557,0.0,377.92710909090914,118.10222159090911,444.4782896458666,592.6377195278221,148.15942988195553,21.16648888888882,7.0554962962962735,229.26222192820734,3.43893332892311,15.661834313125333,4.020804734860445,62.29150495652779,358.73022510259756,1285.2401278803754,970.5648286187313,0.0,0.0,0.0,0.0,0.0,0.0,54.71409002023498,23.72096076430019,0.0,0.0,0.0,0.0,5.684341886080802e-14,0.0
2025-03-23 14:00:00+00:00,2,1.0,578.127949074074,175.43630039682543,350.0150074074074,52.67664126984127,175.43630039682532,162.2671400793652,13.169160317460314,350.0150074074074,0.0,52.67664126984127,0.0,236.02493102453118,73.757790945166,402.69164867724874,536.9221982363316,134.2305495590829,13.16916031746024,4.389720105820079,17.558880423280318,0.26338320634920476,11.027216634920636,0.0,38.88666838845236,262.5553288397912,1302.072996760347,772.9471292608628,0.0,0.0,0.0,0.0,461.3897188464819,0.0,492.42681018211476,23.833560931608766,0.0,0.0,0.0,0.0,-5.684341886080802e-14,0.0
2025-03-23 15:00:00+00:00,2,1.0,516.4356807631967,156.25700978451457,312.7635154231266,47.41515555555556,156.2570097845145,144.40322089562576,11.853788888888884,312.7635154231266,0.0,47.41515555555556,0.0,210.04104857545568,65.6378276798299,360.17867097868213,480.2382279715762,120.05955699289404,11.853788888888772,3.951262962962924,15.805051851851696,0.23707577777777541,9.857057018249353,0.0,34.64862461317297,234.39140504488694,750.8270858080837,690.2792765470318,0.0,0.0,0.0,0.0,0.0,0.0,492.42681018211476,23.850571352258072,0.0,0.0,0.0,0.0,0.0,0.0
2025-03-23 16:00:00+00:00,2,1.0,499.09041011691886,151.06124049539312,302.46037597073206,45.56879365079366,151.0612404953931,139.66904208269483,11.39219841269841,302.46037597073206,0.0,45.56879365079366,0.0,203.1549703021016,63.485928219406745,348.02916962152574,464.03889282870097,116.00972320717524,11.392198412698292,3.7973994708994305,15.189597883597722,0.22784396825396583,9.529499215629897,0.0,33.48936012561153,226.53975420697682,725.6301643238957,667.1938631308026,0.0,0.0,0.0,0.0,0.0,0.0,492.42681018211476,23.85424749289404,0.0,0.0,0.0,0.0,-2.842170943040401e-14,0.0
2025-03-23 17:00:00+00:00,2,1.0,522.8236454909506,158.19548809172966,317.3691351769988,47.25902222222223,158.19548809172954,146.3807325361742,11.814755555555553,317.3691351769988,0.0,47.25902222222223,0.0,212.91742914352614,66.53669660735191,364.628157399221,486.17087653229464,121.54271913307366,11.814755555555479,3.938251851851826,15.753007407407305,0.23629511111110957,9.993664277532186,0.0,35.05873989409149,237.3063668750122,760.1300123659628,699.0883056758207,0.0,0.0,0.0,0.0,0.0,0.0,492.42681018211476,23.845439817742797,0.0,0.0,0.0,0.0,-5.684341886080802e-14,0.0
2025-03-23 18:00:00+00:00,2,1.0,804.8981580154264,243.52374271419637,487.39615555555554,73.97825974567438,243.52374271419637,225.0291777777778,18.49456493641859,370.50002990019215,116.89612565536338,73.97825974567438,0.0,327.3151676767677,102.28598989898991,444.4782896458666,592.6377195278221,148.15942988195553,18.49456493641857,6.16485497880619,141.55554557058815,2.123333183558822,14.192706007569779,2.3379225131072676,54.001447701284135,329.26568416527164,1134.1638421806979,919.9528872045898,0.0,0.0,0.0,0.0,0.0,0.0,492.42681018211476,23.753837469669964,0.0,0.0,0.0,0.0,-1.1368683772161603e-13,0.0
2025-03-23 19:00:00+00:00,2,1.0,831.7235000000001,251.60103333333333,503.8719777777778,76.2504888888889,251.60103333333333,232.53841111111112,19.062622222222217,368.2278007569777,135.64417702080007,76.2504888888889,0.0,338.2376888888889,105.69927777777778,444.4782896458666,592.6377195278221,148.15942988195553,19.06262222222219,6.3542074074073955,161.06100665042965,2.4159150997564445,14.522222452014223,2.7128835404160014,55.78777877888889,335.65171493821623,1167.375214938216,930.875408416711,0.0,0.0,0.0,0.0,0.0,0.0,492.42681018211476,23.74734291912818,0.0,0.0,0.0,0.0,-2.8421709430404007e-13,0.0
2025-03-23 20:00:00+00:00,2,1.0,635.7152124183008,192.19188594771242,385.154304248366,58.36902222222223,192.19188594771234,177.599630392157,14.592255555555552,385.154304248366,0.0,58.36902222222223,0.0,258.3267351158647,80.72710472370773,443.5233264705882,591.3644352941176,147.8411088235294,14.592255555555425,4.864085185185141,19.456340740740565,0.29184511111110845,12.138319349673202,0.0,42.61818511591501,288.4806483091216,508.9451137655886,849.6911704099823,0.0,0.0,0.0,0.0,0.0,415.2507469618337,54.71409002023498,23.805781518068358,0.0,0.0,0.0,0.0,-5.684341886080802e-14,0.0
2025-03-23 21:00:00+00:00,2,1.0,686.6984315245478,207.82274612403103,416.7049742894057,62.17071111111111,207.82274612403103,192.28006834625324,15.542677777777776,382.30757853475546,34.39739575465021,62.17071111111111,0.0,279.680099412732,87.40003106647875,444.4782896458666,592.6377195278221,148.15942988195553,15.54267777777774,5.1808925925925795,55.12096612502053,0.8268144918753079,12.778882382246781,0.6879479150930042,46.059244691149885,301.0932430213918,987.7916745459396,872.3178189405542,0.0,0.0,0.0,0.0,0.0,0.0,54.71409002023498,23.788180184431152,0.0,0.0,0.0,0.0,0.0,0.0
2025-03-23 22:00:00+00:00,2,1.0,858.9541666666667,260.3635833333334,522.9936055555555,75.59697777777777,260.3635833333334,241.46433888888893,18.89924444444444,368.8813118680888,154.11229368746672,75.59697777777777,0.0,351.2208565656566,109.75651767676769,444.4782896458666,592.6377195278221,148.15942988195553,18.89924444444435,6.299748148148116,179.31128628005916,2.6896692942008875,14.904655007569776,3.0822458737493346,57.643017669444454,342.53528355183585,1201.4894502185025,943.8585760934787,0.0,0.0,0.0,0.0,0.0,0.0,54.71409002023498,23.734600657700906,0.0,0.0,0.0,0.0,0.0,0.0
2025-03-23 23:00:00+00:00,2,1.0,893.3551666666667,270.9827777777778,544.2811888888888,78.09120000000001,270.9827777777778,251.4599777777778,19.522799999999997,366.3870896458665,177.8940992430223,78.09120000000001,0.0,365.7599676767677,114.2999898989899,444.4782896458666,592.6377195278221,148.15942988195553,19.52279999999999,6.5075999999999965,203.9244992430223,3.058867488645334,15.330406674236446,3.557881984860446,59.97843641111112,350.8926123397988,1244.2477790064652,958.3976872045898,0.0,0.0,0.0,0.0,0.0,0.0,54.71409002023498,23.724552241208013,0.0,0.0,0.0,0.0,-3.410605131648481e-13,0.0
2025-04-12 00:00:00+00:00,3,36.0,595.6929484236589,179.3790587206461,358.5544932872423,57.75939641577061,179.37905872064596,164.93920961670352,14.439849103942649,358.5544932872423,0.0,57.75939641577061,0.0,239.91157762429603,74.97236800759251,416.3138897030129,555.0851862706838,138.77129656767096,14.439849103942606,4.813283034647535,19.25313213859014,0.28879698207885207,11.334228762774973,0.0,39.86392885361996,270.0439022083848,865.7368506320437,794.9967638949798,0.0,0.0,0.0,0.0,0.0,0.0,54.71409002023498,23.822421264687083,0.0,0.0,0.0,0.0,0.0,0.0
2025-04-12 01:00:00+00:00,3,36.0,591.338061868687,178.36555189393943,356.3219766414141,56.650533333333335,178.3655518939393,164.2029185606062,14.16263333333333,356.3219766414141,0.0,56.650533333333335,0.0,238.84060881542723,74.63769025482101,412.9725099747474,550.6300132996632,137.6575033249158,14.162633333333218,4.720877777777739,18.883511111110955,0.2832526666666643,11.256164632575757,0.0,39.61795757306816,268.1734462298251,1320.901226944994,789.4706221150905,0.0,0.0,0.0,0.0,461.38971884648197,0.0,492.42681018211476,23.825750693306105,0.0,0.0,0.0,0.0,0.0,0.0
2025-04-12 02:00:00+00:00,3,36.0,585.7620702372564,176.7457488489547,353.0912102771905,55.925111111111114,176.74574884895463,162.76447107117704,13.981277777777773,353.0912102771905,0.0,55.925111111111114,0.0,236.7483215580757,73.98385048689866,409.0163213883016,545.3550951844021,136.33877379610053,13.98127777777762,4.660425925925873,18.64170370370349,0.27962555555555235,11.151987419426826,0.0,39.252581973466036,265.6672451573735,851.4293153946298,782.1034167424777,0.0,0.0,0.0,0.0,0.0,0.0,492.42681018211476,23.824046587712306,0.0,0.0,0.0,0.0,0.0,0.0
2025-04-12 03:00:00+00:00,3,36.0,590.0336500469814,177.94546723631666,355.86960503288697,56.21857777777778,177.94546723631657,163.89082279187232,14.05464444444444,355.86960503288697,0.0,56.21857777777778,0.0,238.38665133363247,74.49582854176015,412.08818281066476,549.4509104142196,137.3627276035549,14.054644444444364,4.684881481481455,18.73952592592582,0.2810928888888873,11.238273928764388,0.0,39.51673865951196,267.5795431039618,857.6131931509432,787.8375617478521,0.0,0.0,0.0,0.0,0.0,0.0,492.42681018211476,23.820871703835593,0.0,0.0,0.0,0.0,0.0,0.0
2025-04-12 04:00:00+00:00,3,36.0,599.0596209394611,180.65154739294945,361.0887846576227,57.31928888888889,180.65154739294928,166.3217251707273,14.32982222222222,361.0887846576227,0.0,57.31928888888889,0.0,241.92250933923975,75.60078416851242,418.40807354651156,557.8774313953487,139.46935784883718,14.329822222222077,4.776607407407359,19.106429629629435,0.2865964444444415,11.405856428617568,0.0,40.12419683342882,271.6633991312478,870.7230200707088,799.7999407345885,0.0,0.0,0.0,0.0,0.0,0.0,492.42681018211476,23.816414481055272,0.0,0.0,0.0,0.0,-5.684341886080802e-14,0.0
2025-04-12 05:00:00+00:00,3,36.0,598.7374468522434,180.48303405567304,360.84152390768145,57.41288888888889,180.4830340556729,166.12981183345093,14.35322222222222,360.84152390768145,0.0,57.41288888888889,0.0,241.64336266683773,75.51355083338679,418.25441279657036,557.6725503954272,139.4181375988568,14.353222222222115,4.784407407407372,19.137629629629487,0.2870644444444423,11.399374606119334,0.0,40.09066593325285,271.49320082346753,870.2306476757109,799.3159130622648,0.0,0.0,0.0,0.0,0.0,0.0,492.42681018211476,23.817137675439298,0.0,0.0,0.0,0.0,0.0,0.0
2025-04-12 06:00:00+00:00,3,36.0,588.9834368393235,177.6296366073526,355.17980023197083,56.174,177.62963660735252,163.58613660735276,14.043499999999996,355.17980023197083,0.0,56.174,0.0,237.94347142887673,74.35733482152398,411.3538002319708,548.4717336426277,137.11793341065692,14.04349999999988,4.681166666666627,18.724666666666508,0.2808699999999976,11.217134006959125,0.0,39.44806434299123,267.10250324879786,856.0859400881214,786.4152050715044,0.0,0.0,0.0,0.0,0.0,0.0,492.42681018211476,23.824669838010227,0.0,0.0,0.0,0.0,5.684341886080802e-14,0.0
2025-04-12 07:00:00+00:00,3,36.0,591.525695648344,178.6963086945032,357.0579647316185,55.77142222222223,178.69630869450305,164.75345313894775,13.942855555555552,357.0579647316185,0.0,55.77142222222223,0.0,239.64138638392402,74.88793324497625,412.8293869538407,550.4391826051209,137.60979565128022,13.942855555555468,4.647618518518489,18.590474074073956,0.27885711111110933,11.269453164170777,0.0,39.66534385690419,268.35900154696105,859.8846971953051,790.0805689890449,0.0,0.0,0.0,0.0,0.0,0.0,492.42681018211476,23.82475515377134,0.0,0.0,0.0,0.0,0.0,0.0
2025-04-12 08:00:00+00:00,3,36.0,582.5819444444444,176.08227777777782,352.1732666666666,54.3264,176.08227777777768,162.50067777777792,13.581599999999996,352.1732666666666,0.0,54.3264,0.0,236.36462222222244,73.86394444444451,406.4996666666666,541.9995555555554,135.49988888888885,13.581599999999895,4.527199999999965,18.10879999999986,0.2716319999999979,11.108462,0.0,39.068432361111086,264.3395596944444,846.9215041388887,778.3641777777779,0.0,0.0,0.0,0.0,0.0,0.0,492.42681018211476,23.82835631162433,0.0,0.0,0.0,0.0,-5.684341886080802e-14,0.0
2025-04-12 09:00:00+00:00,3,36.0,568.6415,171.8171388888889,343.95382777777775,52.87053333333334,171.81713888888885,158.59950555555565,13.21763333333333,343.95382777777775,0.0,52.87053333333334,0.0,230.69018989899004,72.09068434343439,396.8243611111111,529.0991481481481,132.27478703703702,13.21763333333331,4.40587777777777,17.62351111111108,0.2643526666666662,10.847320166666666,0.0,38.118391713888876,258.0014137054714,826.6429137054713,759.7893380471381,0.0,0.0,0.0,0.0,0.0,0.0,492.42681018211476,23.831792780200903,0.0,0.0,0.0,0.0,-5.684341886080802e-14,0.0
2025-04-12 10:00:00+00:00,3,36.0,564.2147222222222,170.62288333333333,342.10419444444443,51.487644444444456,170.62288333333328,157.75097222222234,12.871911111111109,342.10419444444443,0.0,51.487644444444456,0.0,229.45595959595977,71.70498737373742,393.5918388888889,524.7891185185185,131.19727962962963,12.87191111111099,4.290637037036996,17.162548148147984,0.25743822222221974,10.778002277777777,0.0,37.8265327461111,256.0548772865152,820.2695995087372,754.2450781144782,0.0,0.0,0.0,0.0,0.0,0.0,492.42681018211476,23.83319402534327,0.0,0.0,0.0,0.0,-2.2737367544323206e-13,0.0
2025-04-12 11:00:00+00:00,3,36.0,581.3411111111111,175.6971666666667,352.09385555555554,53.550088888888894,175.6971666666666,162.30964444444456,13.387522222222218,352.09385555555554,0.0,53.550088888888894,0.0,236.08675555555573,73.77711111111117,405.6439444444444,540.8585925925925,135.21464814814811,13.387522222222145,4.462507407407381,17.850029629629525,0.26775044444444285,11.098316555555556,0.0,38.9655618722222,263.78589553888884,429.8762596881663,776.9453481481482,0.0,0.0,0.0,0.0,0.0,415.2507469618337,54.71409002023498,23.82627810087567,0.0,0.0,0.0,0.0,5.684341886080802e-14,0.0
2025-04-12 12:00:00+00:00,3,36.0,565.8996666666667,171.05600555555557,342.4896611111111,52.354000000000006,171.0560055555555,157.96750555555565,13.088499999999996,342.4896611111111,0.0,52.354000000000006,0.0,229.77091717171731,71.80341161616167,394.8436611111111,526.4582148148147,131.61455370370368,13.088499999999925,4.362833333333308,17.45133333333323,0.26176999999999845,10.798229833333334,0.0,37.942049387222205,256.7828478737542,822.6825145404209,756.229131986532,0.0,0.0,0.0,0.0,0.0,0.0,54.71409002023498,23.832316840584284,0.0,0.0,0.0,0.0,5.684341886080802e-14,0.0
2025-04-12 13:00:00+00:00,3,36.0,565.6102777777778,171.05305555555557,342.0220222222222,52.5352,171.05305555555546,157.91925555555568,13.133799999999995,342.0220222222222,0.0,52.5352,0.0,229.70073535353555,71.78147979797986,394.5572222222222,526.0762962962963,131.51907407407407,13.133799999999866,4.377933333333289,17.511733333333154,0.2626759999999973,10.786012666666666,0.0,37.9462207722222,256.67339664427607,822.2836744220539,755.7770316498318,0.0,0.0,0.0,0.0,0.0,0.0,54.71409002023498,23.827753470809643,0.0,0.0,0.0,0.0,0.0,0.0
2025-04-12 14:00:00+00:00,3,36.0,579.3450555555555,175.05345000000003,349.33480555555553,54.956799999999994,175.05344999999994,161.3142500000001,13.739199999999999,349.33480555555553,0.0,54.956799999999994,0.0,234.63890909090924,73.32465909090914,404.2916055555555,539.055474074074,134.7638685185185,13.739199999999926,4.579733333333309,18.318933333333234,0.27478399999999853,11.029612166666666,0.0,38.865277464999984,262.83793457442755,1303.572708976465,773.6943831649833,0.0,0.0,0.0,0.0,461.3897188464819,0.0,492.42681018211476,23.82248013576962,0.0,0.0,0.0,0.0,5.684341886080802e-14,0.0
2025-04-12 15:00:00+00:00,3,36.0,589.3056111111111,177.8746944444445,354.69509444444446,56.735822222222225,177.87469444444437,163.69073888888906,14.183955555555551,354.69509444444446,0.0,56.735822222222225,0.0,238.09562020202046,74.4048813131314,411.43091666666663,548.5745555555554,137.14363888888886,14.183955555555428,4.727985185185142,18.91194074074057,0.2836791111111085,11.208211055555555,0.0,39.51532149166665,267.2837170455387,856.5893281566498,786.6701757575759,0.0,0.0,0.0,0.0,0.0,0.0,492.42681018211476,23.820231967879245,0.0,0.0,0.0,0.0,-5.684341886080802e-14,0.0
2025-04-12 16:00:00+00:00,3,36.0,579.0735555555556,175.13497222222225,347.2628055555556,56.67577777777778,175.13497222222216,160.9660277777779,14.16894444444444,347.2628055555556,0.0,56.67577777777778,0.0,234.13240404040423,73.16637626262631,403.9385833333333,538.5847777777777,134.64619444444443,14.16894444444435,4.722981481481449,18.891925925925797,0.28337888888888696,10.984641944444444,0.0,38.928251674999984,262.7318246968855,841.8053802524411,772.717181818182,0.0,0.0,0.0,0.0,0.0,0.0,492.42681018211476,23.823134781187544,0.0,0.0,0.0,0.0,0.0,0.0
2025-04-12 17:00:00+00:00,3,36.0,579.2900555555556,174.91932222222226,347.4120222222222,56.958711111111114,174.9193222222222,160.67964444444453,14.239677777777771,347.4120222222222,0.0,56.958711111111114,0.0,233.71584646464657,73.03620202020205,404.3707333333333,539.1609777777777,134.79024444444443,14.2396777777777,4.746559259259233,18.986237037036933,0.28479355555555397,10.991947777777778,0.0,38.88966500333333,262.73941206057236,842.0294676161279,772.8768242424243,0.0,0.0,0.0,0.0,0.0,0.0,492.42681018211476,23.821324418763407,0.0,0.0,0.0,0.0,0.0,0.0
2025-04-12 18:00:00+00:00,3,36.0,590.6072777777778,178.38268333333338,354.1208611111111,58.10373333333334,178.38268333333326,163.85675000000015,14.52593333333333,354.1208611111111,0.0,58.10373333333334,0.0,238.33709090909113,74.48034090909098,412.2245944444444,549.6327925925925,137.40819814814813,14.525933333333228,4.841977777777743,19.36791111111097,0.29051866666666454,11.204663166666665,0.0,39.66012836166665,267.88582703001686,858.4931048077946,787.9698835016836,0.0,0.0,0.0,0.0,0.0,0.0,492.42681018211476,23.820079280762208,0.0,0.0,0.0,0.0,-5.684341886080802e-14,0.0
2025-04-12 19:00:00+00:00,3,36.0,580.5663888888889,175.1375666666667,347.9913111111111,57.43751111111112,175.13756666666657,160.77818888888902,14.359377777777775,347.9913111111111,0.0,57.43751111111112,0.0,233.85918383838404,73.08099494949501,405.4288222222222,540.5717629629629,135.14294074074073,14.359377777777667,4.786459259259222,19.145837037036888,0.2871875555555533,11.014114444444445,0.0,38.94899204111109,263.260688990606,843.8270778794949,774.430946801347,0.0,0.0,0.0,0.0,0.0,0.0,492.42681018211476,23.826168857415105,0.0,0.0,0.0,0.0,0.0,0.0
2025-04-12 20:00:00+00:00,3,36.0,571.5785555555556,172.34302222222223,342.5238444444444,56.71168888888889,172.3430222222221,158.1651000000001,14.177922222222218,342.5238444444444,0.0,56.71168888888889,0.0,230.05832727272747,71.89322727272733,399.2355333333333,532.3140444444443,133.07851111111108,14.177922222222094,4.725974074074031,18.903896296296125,0.28355844444444184,10.84283222222222,0.0,38.33256360444442,259.1566667290235,415.48447532274537,762.3723717171717,0.0,0.0,0.0,0.0,0.0,415.2507469618337,54.71409002023498,23.83141156905598,0.0,0.0,0.0,0.0,0.0,0.0
2025-04-12 21:00:00+00:00,3,36.0,569.4257222222221,171.51413333333335,341.1505222222222,56.761066666666665,171.51413333333323,157.32386666666682,14.19026666666666,341.1505222222222,0.0,56.761066666666665,0.0,228.83471515151538,71.51084848484855,397.9115888888889,530.5487851851851,132.63719629629628,14.19026666666656,4.730088888888853,18.92035555555541,0.28380533333333113,10.802126333333334,0.0,38.15673855999998,258.1208038967003,827.5465261189224,759.3835003367005,0.0,0.0,0.0,0.0,0.0,0.0,54.71409002023498,23.829590013595308,0.0,0.0,0.0,0.0,0.0,0.0
2025-04-12 22:00:00+00:00,3,36.0,572.0856666666666,172.50379444444448,342.5127611111111,57.06911111111111,172.50379444444437,158.2365166666668,14.267277777777773,342.5127611111111,0.0,57.06911111111111,0.0,230.1622060606063,71.92568939393948,399.5818722222222,532.7758296296296,133.1939574074074,14.26727777777765,4.755759259259216,19.023037037036865,0.28534555555555297,10.846073944444445,0.0,38.376392317222205,259.38321787782826,831.4688845444949,762.9380356902359,0.0,0.0,0.0,0.0,0.0,0.0,54.71409002023498,23.82858277922777,0.0,0.0,0.0,0.0,5.684341886080802e-14,0.0
2025-04-12 23:00:00+00:00,3,36.0,584.3265,176.4957777777778,349.55845555555555,58.272266666666674,176.49577777777768,161.92771111111125,14.568066666666661,349.55845555555555,0.0,58.272266666666674,0.0,235.53121616161638,73.60350505050512,407.8307222222222,543.7742962962963,135.94357407407406,14.568066666666539,4.85602222222218,19.42408888888872,0.29136133333333075,11.069476333333334,0.0,39.26136277777775,265.02530179124574,849.3518017912457,779.3055124579126,0.0,0.0,0.0,0.0,0.0,0.0,54.71409002023498,23.824483665306886,0.0,0.0,0.0,0.0,0.0,0.0
2025-06-08 00:00:00+00:00,4,59.0,503.21705317779566,152.0072380609461,302.1031435635233,49.10667155332634,152.00723806094598,139.73057017261462,12.27666788833158,302.1031435635233,0.0,49.10667155332634,0.0,203.24446570562128,63.51389553300665,351.20981511684965,468.2797534891329,117.06993837228322,12.276667888331474,4.092222629443825,16.3688905177753,0.24553335776662946,9.554161022438963,0.0,33.7852735697873,228.2610244847266,731.4780776625222,671.5242191947541,0.0,0.0,0.0,0.0,0.0,0.0,54.71409002023498,23.84026378409559,0.0,0.0,0.0,0.0,-5.684341886080802e-14,0.0
2025-06-08 01:00:00+00:00,4,59.0,508.7024978642294,154.0400552437871,308.5741786356522,46.088263984790046,154.040055243787,142.5179892475897,11.52206599619751,308.5741786356522,0.0,46.088263984790046,0.0,207.29889345103956,64.78090420344986,354.6624426204422,472.8832568272563,118.22081420681407,11.522065996197398,3.8406886653991323,15.36275466159653,0.23044131992394792,9.718107998917466,0.0,34.139698801194214,230.9306551956987,1201.02287190641,680.1821502782958,0.0,0.0,0.0,0.0,461.38971884648197,0.0,492.42681018211476,23.81628947684873,0.0,0.0,0.0,0.0,0.0,0.0
2025-06-08 02:00:00+00:00,4,59.0,518.3551803462401,156.89639604945967,314.05420970006077,47.404574596719684,156.89639604945958,145.04525240027988,11.851143649179916,314.05420970006077,0.0,47.404574596719684,0.0,210.97491258222527,65.9296601819454,361.45878429678044,481.94504572904054,120.48626143226014,11.85114364917979,3.950381216393263,15.801524865573052,0.23702287298359578,9.895672036969021,0.0,34.78498106258258,235.28397880313398,753.639159149374,692.9199583112659,0.0,0.0,0.0,0.0,0.0,0.0,492.42681018211476,23.80932410035272,0.0,0.0,0.0,0.0,-8.526512829121202e-14,0.0
2025-06-08 03:00:00+00:00,4,59.0,525.6835253661667,158.85310480402856,317.3202005627721,49.51021999936606,158.85310480402848,146.47554980418718,12.377554999841509,317.3202005627721,0.0,49.51021999936606,0.0,213.05534516972682,66.57979536553964,366.8304205621381,489.1072274161841,122.27680685404603,12.37755499984138,4.1258516666137925,16.50340666645517,0.24755109999682753,10.014708216876823,0.0,35.25892932660408,238.5036425296772,764.1871678958439,702.162572585911,0.0,0.0,0.0,0.0,0.0,0.0,492.42681018211476,23.811165408665314,0.0,0.0,0.0,0.0,2.842170943040401e-14,0.0
2025-06-08 04:00:00+00:00,4,59.0,534.9287666680926,161.24345843272434,320.9864980755027,52.69881015986557,161.24345843272422,148.06875589275802,13.174702539966392,320.9864980755027,0.0,52.69881015986557,0.0,215.37273584401166,67.30397995125364,373.68530823536827,498.24707764715765,124.56176941178941,13.174702539966347,4.391567513322116,17.566270053288463,0.2634940507993269,10.156583043863737,0.0,35.854245536309605,242.53163950733784,777.4604061754304,713.6198134911693,0.0,0.0,0.0,0.0,0.0,0.0,492.42681018211476,23.803550853869044,0.0,0.0,0.0,0.0,-5.684341886080802e-14,0.0
2025-06-08 05:00:00+00:00,4,59.0,540.3977219019893,162.8084027803412,324.34584308248196,53.24347603916597,162.80840278034114,149.49753377054984,13.310869009791487,324.34584308248196,0.0,53.24347603916597,0.0,217.45095821170887,67.95342444115902,377.5893191216479,503.4524254955305,125.86310637388263,13.310869009791332,4.4369563365971105,17.747825346388442,0.26621738019582664,10.262810052866119,0.0,36.2031077891968,244.98562237389748,785.3833442758867,720.9033837072394,0.0,0.0,0.0,0.0,0.0,0.0,492.42681018211476,23.800435091467318,0.0,0.0,0.0,0.0,-8.526512829121202e-14,0.0
2025-06-08 06:00:00+00:00,4,59.0,541.2056753058482,163.0077296200314,325.08875955091355,53.10918613490325,163.0077296200313,149.73043308630568,13.277296533725808,325.08875955091355,0.0,53.10918613490325,0.0,217.78972085280827,68.05928776650259,378.1979456858168,504.2639275810891,126.06598189527227,13.27729653372569,4.425765511241896,17.703062044967584,0.26554593067451376,10.283754647876439,0.0,36.24214525237563,245.34248100394333,786.5481563097916,722.0536484338974,0.0,0.0,0.0,0.0,0.0,0.0,492.42681018211476,23.796905469340818,0.0,0.0,0.0,0.0,2.842170943040401e-14,0.0
2025-06-08 07:00:00+00:00,4,59.0,553.7045480019286,166.64743782479692,332.99871423889147,54.05839593824028,166.64743782479684,153.13283884023696,13.514598984560065,332.99871423889147,0.0,54.05839593824028,0.0,222.7386746767083,69.60583583647134,387.05711017713173,516.0761469028423,129.01903672571058,13.514598984559939,4.504866328186646,18.019465312746583,0.2702919796911987,10.530545386549147,0.0,37.04510495552245,250.97568121213135,804.68022921406,738.8148215795507,0.0,0.0,0.0,0.0,0.0,0.0,492.42681018211476,23.799135791634438,0.0,0.0,0.0,0.0,0.0,0.0
2025-06-08 08:00:00+00:00,4,59.0,547.4462677302226,164.81132122550417,329.54622503226005,53.088721472458396,164.81132122550412,151.5391408573897,13.272180368114594,329.54622503226005,0.0,53.088721472458396,0.0,220.42056851983958,68.88142766244987,382.63494650471847,510.17992867295794,127.54498216823949,13.272180368114476,4.424060122704825,17.6962404908193,0.2654436073622895,10.417273965692386,0.0,36.62703046491037,248.16021799135922,795.6064857215819,730.6004971927975,0.0,0.0,0.0,0.0,0.0,0.0,492.42681018211476,23.80182491812352,0.0,0.0,0.0,0.0,0.0,0.0
2025-06-08 09:00:00+00:00,4,59.0,540.5846436304136,162.8126581763221,324.90680872347457,52.865176730616895,162.81265817632206,149.59636399366795,13.216294182654218,324.90680872347457,0.0,52.865176730616895,0.0,217.59471126351707,67.99834726984909,377.7719854540915,503.69598060545536,125.92399515136384,13.21629418265411,4.405431394218036,17.621725576872144,0.2643258836530822,10.275856029010408,0.0,36.19399223564137,245.0619479637358,785.6465915941493,721.2906918689724,0.0,0.0,0.0,0.0,0.0,0.0,492.42681018211476,23.80388176810562,0.0,0.0,0.0,0.0,-5.684341886080802e-14,0.0
2025-06-08 10:00:00+00:00,4,59.0,566.867660281659,170.7104881315726,339.5827125579681,56.57445959211836,170.71048813157248,156.5668732335431,14.143614898029584,339.5827125579681,0.0,56.57445959211836,0.0,227.73363379424453,71.16676056070142,396.15717215008647,528.2095628667819,132.05239071669547,14.143614898029512,4.71453829934317,18.85815319737268,0.28287229796059016,10.753225972660227,0.0,37.980054492908174,256.949842340269,823.8175026219279,755.9431966610264,0.0,0.0,0.0,0.0,0.0,0.0,492.42681018211476,23.7978797438827,0.0,0.0,0.0,0.0,-1.1368683772161603e-13,0.0
2025-06-08 11:00:00+00:00,4,59.0,564.5305113675216,170.1021507425852,338.3781088011495,56.05025182378692,170.1021507425851,156.08958778663856,14.012562955946727,338.3781088011495,0.0,56.05025182378692,0.0,227.03940041692883,70.94981263029025,394.42836062493643,525.9044808332485,131.47612020831212,14.012562955946635,4.670854318648878,18.683417274595513,0.28025125911893267,10.711845782272354,0.0,37.836161287020786,255.9250454856633,405.2048098913512,752.9438812501774,0.0,0.0,0.0,0.0,0.0,415.2507469618337,54.71409002023498,23.799972011904014,0.0,0.0,0.0,0.0,0.0,0.0
2025-06-08 12:00:00+00:00,4,59.0,540.3642869508682,162.9254952359353,323.95723375591604,53.48155795901684,162.9254952359352,149.55510574618123,13.370389489754208,323.95723375591604,0.0,53.48155795901684,0.0,217.5346992671727,67.97959352099147,377.4387917149329,503.2517222865772,125.8129305716443,13.370389489754103,4.456796496584701,17.827185986338804,0.26740778979508206,10.25353259226765,0.0,36.234439617833296,245.00470058911648,785.3689875399847,720.78642155375,0.0,0.0,0.0,0.0,0.0,0.0,54.71409002023498,23.805573190900883,0.0,0.0,0.0,0.0,2.842170943040401e-14,0.0
2025-06-08 13:00:00+00:00,4,59.0,527.9804533885499,159.09849802242823,317.1911031269908,51.69085223913092,159.09849802242815,146.17578496264565,12.922713059782724,317.1911031269908,0.0,51.69085223913092,0.0,212.61932358203003,66.44353861938438,368.8819553661217,491.8426071548289,122.96065178870722,12.922713059782609,4.307571019927536,17.230284079710145,0.2584542611956522,10.032641616201033,0.0,35.369156611729856,239.3720139171457,767.3524673056955,704.4619307368589,0.0,0.0,0.0,0.0,0.0,0.0,54.71409002023498,23.808801175259408,0.0,0.0,0.0,0.0,-5.684341886080802e-14,0.0
2025-06-08 14:00:00+00:00,4,59.0,531.0079335837669,159.9541038010766,318.93972842676095,52.11410135592933,159.95410380107654,146.92557846209442,13.028525338982327,318.93972842676095,0.0,52.11410135592933,0.0,213.70993230850098,66.78435384640656,371.05382978269034,494.7384397102538,123.68460992756344,13.02852533898215,4.342841779660716,17.371367118642866,0.260570506779643,10.089332866362124,0.0,35.56321566822218,240.72492459499466,1233.1225770252436,708.4483720187548,0.0,0.0,0.0,0.0,461.3897188464819,0.0,492.42681018211476,23.811942244689583,0.0,0.0,0.0,0.0,1.1368683772161603e-13,0.0
2025-06-08 15:00:00+00:00,4,59.0,567.7710555555557,172.21692222222222,343.5478666666666,52.00626666666667,172.2169222222222,159.21535555555567,13.001566666666664,343.5478666666666,0.0,52.00626666666667,0.0,231.5859717171719,72.37061616161623,395.55413333333325,527.405511111111,131.85137777777774,13.001566666666548,4.333855555555516,17.335422222222064,0.26003133333333095,10.826498666666666,0.0,38.180922345555544,257.823301840505,825.5943573960607,758.9914828282829,0.0,0.0,0.0,0.0,0.0,0.0,492.42681018211476,23.827601965100342,0.0,0.0,0.0,0.0,0.0,0.0
2025-06-08 16:00:00+00:00,4,59.0,580.5151111111111,175.98814444444446,350.51932222222223,54.00764444444445,175.98814444444432,162.48623333333344,13.501911111111108,350.51932222222223,0.0,54.00764444444445,0.0,236.3436121212123,73.85737878787884,404.5269666666667,539.3692888888888,134.8423222222222,13.501911111111013,4.500637037037004,18.002548148148016,0.27003822222222024,11.055656111111112,0.0,39.03986904555553,263.5659014260269,844.081012537138,775.7129010101012,0.0,0.0,0.0,0.0,0.0,0.0,492.42681018211476,23.82206217660554,0.0,0.0,0.0,0.0,0.0,0.0
2025-06-08 17:00:00+00:00,4,59.0,579.8920555555555,175.72724444444447,350.6803222222222,53.4844888888889,175.72724444444435,162.35612222222238,13.371122222222215,350.6803222222222,0.0,53.4844888888889,0.0,236.15435959595985,73.79823737373745,404.164811111111,538.8864148148147,134.72160370370366,13.371122222222112,4.4570407407407036,17.828162962962814,0.2674224444444422,11.055254555555553,0.0,38.97025109333331,263.26980991151515,843.1618654670707,775.0407744107745,0.0,0.0,0.0,0.0,0.0,0.0,492.42681018211476,23.81939449880159,0.0,0.0,0.0,0.0,0.0,0.0
2025-06-08 18:00:00+00:00,4,59.0,576.8701111111111,174.8255888888889,348.3813666666667,53.66315555555556,174.82558888888877,161.40980000000008,13.415788888888883,348.3813666666667,0.0,53.66315555555556,0.0,234.777890909091,73.36809090909094,402.0445222222222,536.059362962963,134.01484074074074,13.415788888888784,4.471929629629594,17.887718518518376,0.26831577777777565,10.988072555555556,0.0,38.78230196777775,261.89355158057236,838.7636626916833,770.8372538720539,0.0,0.0,0.0,0.0,0.0,0.0,492.42681018211476,23.823048853901568,0.0,0.0,0.0,0.0,-1.7053025658242404e-13,0.0
2025-06-08 19:00:00+00:00,4,59.0,577.4908333333334,174.6136111111111,347.6419333333333,55.23528888888889,174.613611111111,160.80478888888896,13.808822222222219,347.6419333333333,0.0,55.23528888888889,0.0,233.89787474747487,73.0930858585859,402.8772222222222,537.1696296296295,134.29240740740738,13.808822222222176,4.602940740740725,18.4117629629629,0.2761764444444435,10.981610888888888,0.0,38.77866384999997,262.0248851900673,839.5157185234007,771.0675043771043,0.0,0.0,0.0,0.0,0.0,0.0,492.42681018211476,23.82537532309298,0.0,0.0,0.0,0.0,-5.684341886080802e-14,0.0
2025-06-08 20:00:00+00:00,4,59.0,572.2821111111111,173.0867666666667,344.42418888888886,54.771155555555566,173.08676666666656,159.39397777777788,13.692788888888884,344.42418888888886,0.0,54.771155555555566,0.0,231.845785858586,72.45180808080812,399.19534444444446,532.2604592592593,133.06511481481482,13.692788888888828,4.5642629629629425,18.25705185185177,0.27385577777777653,10.880437222222222,0.0,38.44007765888886,259.6755565174747,416.7069206667522,764.1062451178452,0.0,0.0,0.0,0.0,0.0,415.2507469618337,54.71409002023498,23.829150328654592,0.0,0.0,0.0,0.0,5.684341886080802e-14,0.0
2025-06-08 21:00:00+00:00,4,59.0,567.1717777777778,171.9345277777778,341.5769388888889,53.66031111111111,171.93452777777773,158.51945000000015,13.415077777777775,341.5769388888889,0.0,53.66031111111111,0.0,230.57374545454567,72.05429545454552,395.23725,526.983,131.74575,13.415077777777668,4.4716925925925555,17.886770370370222,0.2683015555555533,10.78391127777778,0.0,38.16440683055554,257.48835771102694,824.6601354888047,757.5567454545456,0.0,0.0,0.0,0.0,0.0,0.0,54.71409002023498,23.8332493751275,0.0,0.0,0.0,0.0,-5.684341886080802e-14,0.0
2025-06-08 22:00:00+00:00,4,59.0,561.162111111111,170.5552277777778,339.09652777777774,51.510355555555556,170.5552277777777,157.67763888888902,12.877588888888885,339.09652777777774,0.0,51.510355555555556,0.0,229.3492929292931,71.67165404040409,390.6068833333333,520.8091777777777,130.20229444444442,12.877588888888795,4.292529629629598,17.170118518518393,0.2575517777777759,10.687999388888887,0.0,37.81267659833331,254.9247058794781,816.086816990589,750.1584707070708,0.0,0.0,0.0,0.0,0.0,0.0,54.71409002023498,23.832165471635477,0.0,0.0,0.0,0.0,-1.1368683772161603e-13,0.0
2025-06-08 23:00:00+00:00,4,59.0,560.470898779159,170.01135218711212,338.90050221699164,51.559044375055244,170.01135218711204,157.12159109334837,12.88976109376381,338.90050221699164,0.0,51.559044375055244,0.0,228.54049613577945,71.41890504243108,390.4595465920469,520.6127287893958,130.15318219734894,12.889761093763724,4.296587031254575,17.1863481250183,0.2577952218752745,10.682605510260302,0.0,37.697740638324795,254.50681564149497,814.977714420654,749.1532249251752,0.0,0.0,0.0,0.0,0.0,0.0,54.71409002023498,23.83259264515062,0.0,0.0,0.0,0.0,2.842170943040401e-14,0.0
2025-07-04 00:00:00+00:00,5,66.0,526.5216296296296,157.25652592592593,311.2182888888889,58.04681481481482,157.25652592592584,142.74482222222235,14.5117037037037,311.2182888888889,0.0,58.04681481481482,0.0,207.62883232323253,64.88401010101016,369.2651037037037,492.35347160493825,123.08836790123456,14.511703703703574,4.837234567901191,19.348938271604766,0.2902340740740715,9.917016814814815,0.0,35.14396018296294,238.16082364199775,764.6824532716274,699.9823039281707,0.0,0.0,0.0,0.0,0.0,0.0,54.71409002023498,23.843608595308467,0.0,0.0,0.0,0.0,5.684341886080802e-14,0.0
2025-07-04 01:00:00+00:00,5,66.0,518.2588148148149,154.8514037037037,305.5442703703703,57.86314074074074,154.85140370370362,140.38561851851864,14.465785185185181,305.5442703703703,0.0,57.86314074074074,0.0,204.1972632996635,63.81164478114484,363.40741111111106,484.54321481481475,121.13580370370369,14.46578518518507,4.82192839506169,19.28771358024676,0.28931570370370135,9.744959518518517,0.0,34.62511820111109,234.42877030324354,752.6875851180583,688.7404781144783,0.0,0.0,0.0,0.0,0.0,0.0,54.71409002023498,23.847078591265124,0.0,0.0,0.0,0.0,-5.684341886080802e-14,0.0
2025-07-04 02:00:00+00:00,5,66.0,515.7637777777778,154.0596666666667,304.471637037037,57.232474074074084,154.05966666666657,139.7515481481483,14.308118518518516,304.471637037037,0.0,57.232474074074084,0.0,203.27497912457935,63.523430976431044,361.7041111111111,482.2721481481481,120.56803703703703,14.308118518518427,4.769372839506142,19.077491358024567,0.2861623703703685,9.70647385185185,0.0,34.43921132962961,233.29268840482607,749.0564661826038,685.5471272727275,0.0,0.0,0.0,0.0,0.0,0.0,54.71409002023498,23.84634969307826,0.0,0.0,0.0,0.0,-8.526512829121202e-14,0.0
2025-07-04 03:00:00+00:00,5,66.0,514.3534074074074,153.6614851851852,303.1839222222222,57.507999999999996,153.66148518518506,139.2844851851853,14.376999999999997,303.1839222222222,0.0,57.507999999999996,0.0,202.59561481481498,63.31112962962968,360.69192222222216,480.92256296296284,120.23064074074071,14.376999999999896,4.792333333333298,19.169333333333192,0.28753999999999785,9.670597666666666,0.0,34.36142138407405,232.65366275444438,747.0070701618519,683.5181777777779,0.0,0.0,0.0,0.0,0.0,0.0,54.71409002023498,23.846401590884508,0.0,0.0,0.0,0.0,5.684341886080802e-14,0.0
2025-07-04 04:00:00+00:00,5,66.0,512.960962962963,153.3422925925926,302.13428518518515,57.48438518518519,153.34229259259251,138.97119629629643,14.371096296296294,302.13428518518515,0.0,57.48438518518519,0.0,202.13992188552209,63.16872558922565,359.61867037037035,479.49156049382714,119.87289012345678,14.371096296296145,4.790365432098715,19.16146172839486,0.28742192592592286,9.638872407407407,0.0,34.292584134444425,232.0508596125589,745.0118225755219,681.6314823793492,0.0,0.0,0.0,0.0,0.0,0.0,54.71409002023498,23.847806170238982,0.0,0.0,0.0,0.0,5.684341886080802e-14,0.0
2025-07-04 05:00:00+00:00,5,66.0,512.2279259259259,152.8480888888889,301.4344148148148,57.94542222222223,152.84808888888873,138.36173333333343,14.486355555555551,301.4344148148148,0.0,57.94542222222223,0.0,201.25343030303046,62.891696969697016,359.379837037037,479.17311604938266,119.79327901234566,14.486355555555463,4.828785185185154,19.315140740740617,0.2897271111111092,9.622486666666667,0.0,34.19919028444441,231.62516522945003,1205.2428100018578,680.4265463524131,0.0,0.0,0.0,0.0,461.38971884648197,0.0,492.42681018211476,23.84733992845404,0.0,0.0,0.0,0.0,-5.684341886080802e-14,0.0
2025-07-04 06:00:00+00:00,5,66.0,509.16370370370373,152.09287777777777,299.12288518518517,57.94794074074075,152.09287777777772,137.6058925925927,14.486985185185182,299.12288518518517,0.0,57.94794074074075,0.0,200.15402558922577,62.54813299663305,357.07082592592593,476.0944345679012,119.0236086419753,14.486985185185091,4.828995061728364,19.315980246913455,0.28973970370370183,9.553165962962963,0.0,34.03786841074072,230.28151077774407,739.4452144814478,676.2484601571269,0.0,0.0,0.0,0.0,0.0,0.0,492.42681018211476,23.850780092922687,0.0,0.0,0.0,0.0,0.0,0.0
2025-07-04 07:00:00+00:00,5,66.0,513.8430740740741,153.53642222222223,302.0180592592592,58.28859259259259,153.53642222222214,138.96427407407415,14.572148148148143,302.0180592592592,0.0,58.28859259259259,0.0,202.1298531986533,63.16557912457916,360.30665185185177,480.4088691358023,120.10221728395058,14.572148148148045,4.857382716049348,19.429530864197393,0.29144296296296085,9.6434277037037,0.0,34.35538113259257,232.41543092383836,746.2585049979124,682.5387223344557,0.0,0.0,0.0,0.0,0.0,0.0,492.42681018211476,23.84948007318074,0.0,0.0,0.0,0.0,-1.1368683772161603e-13,0.0
2025-07-04 08:00:00+00:00,5,66.0,519.5250626780627,155.15879287749289,305.22677350427347,59.1394962962963,155.15879287749277,140.37391880341892,14.78487407407407,305.22677350427347,0.0,59.1394962962963,0.0,204.1802455322457,63.806326728826775,364.36626980056974,485.8216930674263,121.45542326685657,14.784874074073969,4.928291358024656,19.713165432098624,0.29569748148147934,9.748198168091168,0.0,34.724630689772056,234.9585676930527,754.4836303711154,690.001938599672,0.0,0.0,0.0,0.0,0.0,0.0,492.42681018211476,23.847677909470654,0.0,0.0,0.0,0.0,2.842170943040401e-14,0.0
2025-07-04 09:00:00+00:00,5,66.0,518.5402795698925,154.7530246117085,304.2016845878136,59.58557037037038,154.75302461170835,139.85663201911603,14.896392592592589,304.2016845878136,0.0,59.58557037037038,0.0,203.42782839144152,63.571196372325474,363.78725495818395,485.04967327757856,121.26241831939464,14.896392592592463,4.965464197530821,19.861856790123284,0.2979278518518492,9.721906241338111,0.0,34.64973897433689,234.4686519567778,753.0089315266703,688.4775016690201,0.0,0.0,0.0,0.0,0.0,0.0,492.42681018211476,23.847176831660953,0.0,0.0,0.0,0.0,-2.842170943040401e-14,0.0
2025-07-04 10:00:00+00:00,5,66.0,513.6327777777777,153.5302888888889,300.8166518518518,59.28583703703704,153.5302888888888,138.70882962962966,14.821459259259257,300.8166518518518,0.0,59.28583703703704,0.0,201.75829764309773,63.049468013468044,360.10248888888884,480.13665185185175,120.03416296296294,14.8214592592592,4.940486419753066,19.761945679012264,0.29642918518518396,9.617357925925925,0.0,34.38049741703702,232.31840192433216,745.9511797021098,681.8949494949495,0.0,0.0,0.0,0.0,0.0,0.0,492.42681018211476,23.850403181986177,0.0,0.0,0.0,0.0,-8.526512829121202e-14,0.0
2025-07-04 11:00:00+00:00,5,66.0,509.9001335578003,152.45392895622896,299.56229349046015,57.88391111111111,152.4539289562289,137.9829511784513,14.470977777777774,0.0,299.56229349046015,57.88391111111111,0.0,200.70247444138369,62.7195232629324,57.883911111111104,77.17854814814814,19.294637037037035,14.470977777777676,4.823659259259225,318.85693052749707,4.782853957912456,6.570084980920314,5.9912458698092035,34.11332826239056,138.29533263026119,232.9447192262278,277.8810225895318,0.0,0.0,0.0,0.0,0.0,415.2507469618337,54.71409002023498,23.85046999638448,0.0,0.0,0.0,0.0,8.526512829121202e-14,0.0
2025-07-04 12:00:00+00:00,5,66.0,493.0994074074074,147.28464444444447,289.51206666666667,56.3026962962963,147.28464444444435,133.20897037037042,14.075674074074072,0.0,289.51206666666667,56.3026962962963,0.0,193.75850235690243,60.54953198653201,56.30269629629629,75.07026172839505,18.767565432098763,14.075674074074072,4.691891358024691,308.27963209876543,4.6241944814814815,6.353268296296296,5.790241333333333,32.96674996962961,133.74344285739616,626.8428502648036,268.8287640852975,0.0,0.0,0.0,0.0,0.0,0.0,54.71409002023498,23.858763649438746,0.0,0.0,0.0,0.0,2.842170943040401e-14,0.0
2025-07-04 13:00:00+00:00,5,66.0,497.39699999999993,148.59444074074074,294.0582037037037,54.74435555555556,148.59444074074065,134.90835185185196,13.686088888888886,294.0582037037037,0.0,54.74435555555556,0.0,196.23032996633012,61.32197811447816,348.8025592592593,465.0700790123457,116.26751975308642,13.686088888888776,4.562029629629592,18.248118518518368,0.2737217777777755,9.369189666666667,0.0,33.205357408518495,224.9997963501571,722.3967963501569,661.3004089786758,0.0,0.0,0.0,0.0,0.0,0.0,54.71409002023498,23.850193862517617,0.0,0.0,0.0,0.0,-1.1368683772161603e-13,0.0
2025-07-04 14:00:00+00:00,5,66.0,506.5754702842378,151.3291188630491,301.034084754522,54.21226666666668,151.32911886304902,137.77605219638252,13.553066666666663,301.034084754522,0.0,54.21226666666668,0.0,200.4015304674655,62.62547827108297,355.2463514211886,473.6618018949181,118.41545047372952,13.553066666666552,4.51768888888885,18.0707555555554,0.271061333333331,9.573145209302325,0.0,33.77565776770024,229.17848194403723,735.753952228275,674.0633323623836,0.0,0.0,0.0,0.0,0.0,0.0,54.71409002023498,23.841001228533788,0.0,0.0,0.0,0.0,0.0,0.0
2025-07-04 15:00:00+00:00,5,66.0,513.930962962963,153.54272962962963,305.69324074074075,54.6949925925926,153.5427296296295,139.86898148148163,13.673748148148144,305.69324074074075,0.0,54.6949925925926,0.0,203.44579124579147,63.576809764309836,360.38823333333335,480.51764444444444,120.12941111111111,13.673748148148036,4.557916049382678,18.231664197530712,0.27347496296296064,9.717747148148149,0.0,34.261498625555525,232.51685766147028,1207.8375394709155,683.9634356902359,0.0,0.0,0.0,0.0,461.38971884648237,0.0,492.42681018211476,23.83935694311473,0.0,0.0,0.0,0.0,-1.1368683772161603e-13,0.0
2025-07-04 16:00:00+00:00,5,66.0,515.5814444444445,153.88466296296298,306.69180370370367,55.00497777777778,153.8846629629629,140.13341851851862,13.751244444444444,0.0,306.6918037037036,55.00497777777778,0.0,203.8304269360271,63.69700841750847,55.00497777777787,73.33997037037048,18.33499259259262,13.751244444444353,4.583748148148118,325.0267962962961,4.875401944444441,6.683885851851852,6.133836074074073,34.34278438629628,138.65165741491583,238.98235489752636,277.1703973063976,0.0,0.0,0.0,0.0,0.0,415.25074696183395,54.71409002023498,23.836308426208113,0.0,0.0,0.0,0.0,-2.842170943040401e-14,0.0
2025-07-04 17:00:00+00:00,5,66.0,515.5985833333333,153.93843055555556,306.84766388888886,54.8124888888889,153.93843055555553,140.23530833333345,13.703122222222216,306.84766388888886,0.0,54.8124888888889,0.0,203.97863030303049,63.74332196969703,361.66015277777774,482.213537037037,120.55338425925925,13.703122222222106,4.567707407407369,18.270829629629475,0.2740624444444421,9.753554805555556,0.0,34.34917356527776,233.2412044516414,748.8397877849746,686.1921673400675,0.0,0.0,0.0,0.0,0.0,0.0,54.71409002023498,23.836203262056074,0.0,0.0,0.0,0.0,-5.684341886080802e-14,0.0
2025-07-04 18:00:00+00:00,5,66.0,560.2729444444444,166.75052222222223,331.75846666666666,61.763955555555555,166.75052222222214,151.30953333333346,15.440988888888887,331.75846666666666,0.0,61.763955555555555,0.0,220.08659393939413,68.77706060606067,393.5224222222222,524.6965629629628,131.1741407407407,15.44098888888874,5.146996296296246,20.587985185184984,0.30881977777777475,10.570393555555555,0.0,37.27133142111109,253.24874239754206,813.5216868419865,744.783156902357,0.0,0.0,0.0,0.0,0.0,0.0,54.71409002023498,23.82076279963975,0.0,0.0,0.0,0.0,0.0,0.0
2025-07-04 19:00:00+00:00,5,66.0,556.3824999999999,165.55163333333337,329.51037777777776,61.32048888888889,165.55163333333329,150.22151111111125,15.330122222222217,329.51037777777776,0.0,61.32048888888889,0.0,218.50401616161636,68.28250505050511,390.8308666666667,521.1078222222222,130.27695555555556,15.330122222222087,5.110040740740695,20.44016296296278,0.3066024444444417,10.498516222222223,0.0,37.003376998888875,251.47799701235692,807.8604970123567,739.6118383838386,0.0,0.0,0.0,0.0,0.0,0.0,54.71409002023498,23.82123432943799,0.0,0.0,0.0,0.0,-1.1368683772161603e-13,0.0
2025-07-04 20:00:00+00:00,5,66.0,514.8611666666666,154.6846388888889,311.38337222222225,48.79315555555556,154.6846388888888,142.4863500000001,12.198288888888886,311.38337222222225,0.0,48.79315555555556,0.0,207.2528727272729,64.76652272727277,360.1765277777778,480.23537037037033,120.05884259259258,12.19828888888884,4.06609629629628,16.26438518518512,0.24396577777777678,9.829432722222222,0.0,34.34912595277776,233.31398606893939,748.1751527356059,687.4882430976432,0.0,0.0,0.0,0.0,0.0,0.0,54.71409002023498,23.81867157080437,0.0,0.0,0.0,0.0,-2.842170943040401e-14,0.0
2025-07-04 21:00:00+00:00,5,66.0,500.338,150.71895555555557,304.25624444444446,45.36279999999999,150.71895555555548,139.37825555555563,11.340699999999998,304.25624444444446,0.0,45.36279999999999,0.0,202.73200808080819,63.35375252525256,349.61904444444446,466.1587259259259,116.53968148148148,11.34069999999997,3.780233333333323,15.120933333333292,0.22681399999999938,9.581315333333334,0.0,33.41075500222221,226.89255167562288,727.2305516756228,668.8907340067341,0.0,0.0,0.0,0.0,0.0,0.0,54.71409002023498,23.829876234069655,0.0,0.0,0.0,0.0,-1.1368683772161603e-13,0.0
2025-07-04 22:00:00+00:00,5,66.0,495.62995568920576,149.38314797462297,301.33774197851693,44.909065736065735,149.3831479746229,138.15588154060663,11.227266434016432,301.33774197851693,0.0,44.909065736065735,0.0,200.95400951360963,62.79812797300301,346.2468077145827,461.66241028611023,115.41560257152756,11.227266434016343,3.742422144672114,14.969688578688457,0.22454532868032684,9.489222916716166,0.0,33.11326896418265,224.7831898987818,720.4131455879875,662.6164197997199,0.0,0.0,0.0,0.0,0.0,0.0,54.71409002023498,23.835230683915487,0.0,0.0,0.0,0.0,-5.684341886080802e-14,0.0
2025-07-04 23:00:00+00:00,5,66.0,493.1413888888889,148.7378666666667,300.0961444444444,44.30737777777778,148.73786666666663,137.66102222222236,11.076844444444443,300.0961444444444,0.0,44.30737777777778,0.0,200.23421414141436,62.573191919191984,344.40352222222225,459.20469629629633,114.80117407407408,11.076844444444333,3.6922814814814444,14.769125925925778,0.22153688888888665,9.44595811111111,0.0,32.95942761777776,223.69357009252525,716.8349589814142,659.4389104377107,0.0,0.0,0.0,0.0,0.0,0.0,54.71409002023498,23.842277329230125,0.0,0.0,0.0,0.0,0.0,0.0
2025-09-25 00:00:00+00:00,6,37.0,525.5984074074073,160.88722592592595,322.8376407407407,41.873540740740744,160.88722592592583,150.4188407407408,10.468385185185184,322.8376407407407,0.0,41.873540740740744,0.0,218.79104107744115,68.37220033670036,364.71118148148145,486.2815753086419,121.57039382716047,10.468385185185156,3.4894617283950518,13.957846913580207,0.20936770370370308,10.10386462962963,0.0,35.491249009999976,239.2365372355892,764.8349446429964,705.072616386083,0.0,0.0,0.0,0.0,0.0,0.0,54.71409002023498,23.835753846485797,0.0,0.0,0.0,0.0,-5.684341886080802e-14,0.0
2025-09-25 01:00:00+00:00,6,37.0,509.55065358198027,155.98845838309768,313.5252027517088,40.036992447173844,155.9884583830976,145.97921027130434,10.009248111793458,313.5252027517088,0.0,40.036992447173844,0.0,212.33339675826088,66.35418648695652,353.5621951988826,471.4162602651768,117.8540650662942,10.00924811179334,3.3364160372644465,13.345664149057786,0.2001849622358668,9.806126007023002,0.0,34.39571385631806,231.94669241609208,1202.8870648445543,683.7496570234376,0.0,0.0,0.0,0.0,461.38971884648197,0.0,492.42681018211476,23.838689295531648,0.0,0.0,0.0,0.0,0.0,0.0
2025-09-25 02:00:00+00:00,6,37.0,503.3700067927336,154.36680971145566,310.32664108722884,38.676555994049025,154.36680971145557,144.6976707129435,9.669138998512253,310.32664108722884,0.0,38.676555994049025,0.0,210.46933921882692,65.77166850588341,349.0031970812779,465.3375961083705,116.33439902709263,9.669138998512182,3.2230463328373937,12.892185331349575,0.1933827799702436,9.696564792557357,0.0,34.013115969180355,229.2321774075214,732.6021842002549,675.8069353271974,0.0,0.0,0.0,0.0,0.0,0.0,492.42681018211476,23.83926050639438,0.0,0.0,0.0,0.0,-8.526512829121202e-14,0.0
2025-09-25 03:00:00+00:00,6,37.0,507.50751851851857,155.7831592592593,313.22498148148145,38.49937777777778,155.7831592592592,146.158314814815,9.624844444444442,313.22498148148145,0.0,38.49937777777778,0.0,212.59391245791272,66.43559764309772,351.72435925925924,468.96581234567896,117.24145308641974,9.624844444444335,3.208281481481445,12.83312592592578,0.1924968888888867,9.781743222222222,0.0,34.3110946448148,231.1706669669248,738.6781854854434,681.5597248035917,0.0,0.0,0.0,0.0,0.0,0.0,492.42681018211476,23.838503397667278,0.0,0.0,0.0,0.0,-2.842170943040401e-14,0.0
2025-09-25 04:00:00+00:00,6,37.0,506.67477777777776,155.18661851851854,313.3151518518518,38.17300740740741,155.18661851851846,145.64336666666676,9.54325185185185,313.3151518518518,0.0,38.17300740740741,0.0,211.84489696969712,66.20153030303035,351.4881592592592,468.65087901234557,117.16271975308639,9.543251851851807,3.1810839506172686,12.724335802469074,0.1908650370370361,9.781184629629628,0.0,34.17496507370369,230.69234874710435,737.3671265248821,680.4957759820427,0.0,0.0,0.0,0.0,0.0,0.0,492.42681018211476,23.842134656895308,0.0,0.0,0.0,0.0,0.0,0.0
2025-09-25 05:00:00+00:00,6,37.0,516.2570747984395,158.16888849001046,319.62814258256606,38.46004372586302,158.16888849001032,148.55387755854483,9.61501093146575,319.62814258256606,0.0,38.46004372586302,0.0,216.0783673578834,67.52448979933857,358.08818630842904,477.4509150779054,119.36272876947635,9.615010931465633,3.2050036438218776,12.82001457528751,0.19230021862931265,9.973444714735612,0.0,34.819882629050575,235.0778497750523,751.3349245734917,693.5292824357888,0.0,0.0,0.0,0.0,0.0,0.0,492.42681018211476,23.839143015782398,0.0,0.0,0.0,0.0,-1.1368683772161603e-13,0.0
2025-09-25 06:00:00+00:00,6,37.0,524.6416293751469,160.4360859897424,324.5674103652807,39.63813302012372,160.43608598974228,150.52655273471157,9.909533255030928,324.5674103652807,0.0,39.63813302012372,0.0,218.9477130686714,68.4211603339598,364.20554338540444,485.60739118053925,121.40184779513481,9.909533255030823,3.303177751676941,13.212711006707764,0.19819066510061645,10.133403641159658,0.0,35.335602101041204,238.79338228807302,763.4350116632198,704.5551042492107,0.0,0.0,0.0,0.0,0.0,0.0,492.42681018211476,23.8373257679941,0.0,0.0,0.0,0.0,-5.684341886080802e-14,0.0
2025-09-25 07:00:00+00:00,6,37.0,532.3385185185185,162.58500370370373,329.1074111111111,40.64610370370371,162.58500370370362,152.42347777777792,10.161525925925925,329.1074111111111,0.0,40.64610370370371,0.0,221.706876767677,69.28339898989906,369.7535148148148,493.00468641975306,123.25117160493826,10.161525925925815,3.3871753086419383,13.548701234567753,0.20323051851851628,10.279683370370371,0.0,35.82153703962961,242.22619683199775,774.5647153505162,714.7115631874301,0.0,0.0,0.0,0.0,0.0,0.0,492.42681018211476,23.839077172643464,0.0,0.0,0.0,0.0,-1.1368683772161603e-13,0.0
2025-09-25 08:00:00+00:00,6,37.0,533.328037037037,162.4651962962963,328.2626925925926,42.60014814814815,162.4651962962962,151.81515925925936,10.650037037037036,328.2626925925926,0.0,42.60014814814815,0.0,220.82204983165,69.00689057239062,370.86284074074075,494.48378765432096,123.62094691358024,10.65003703703698,3.5500123456789936,14.200049382715974,0.2130007407407396,10.27388225925926,0.0,35.847716374444424,242.5124492060943,775.8404862431313,715.305837485971,0.0,0.0,0.0,0.0,0.0,0.0,492.42681018211476,23.844548411326954,0.0,0.0,0.0,0.0,0.0,0.0
2025-09-25 09:00:00+00:00,6,37.0,530.6100648148148,161.8904712962963,326.1304083333333,42.589185185185194,161.89047129629623,151.2431750000001,10.647296296296295,326.1304083333333,0.0,42.589185185185194,0.0,219.99007272727286,68.74689772727277,368.71959351851854,491.62612469135803,122.90653117283951,10.647296296296247,3.549098765432082,14.196395061728328,0.2129459259259249,10.209804101851851,0.0,35.724607123425905,241.34988481674804,771.9599496315628,711.6161974186309,0.0,0.0,0.0,0.0,0.0,0.0,492.42681018211476,23.8464325630244,0.0,0.0,0.0,0.0,0.0,0.0
2025-09-25 10:00:00+00:00,6,37.0,533.984505050505,162.66161801346803,327.91484797979797,43.408039057239066,162.66161801346792,151.80960824915837,10.852009764309763,327.91484797979797,0.0,43.408039057239066,0.0,220.81397563513946,69.00436738598108,371.32288703703705,495.09718271604936,123.77429567901234,10.852009764309685,3.6173365881032282,14.469346352412913,0.2170401952861937,10.271525829966329,0.0,35.91110080449493,242.7956664828441,776.7801715333492,715.9111583511888,0.0,0.0,0.0,0.0,0.0,0.0,492.42681018211476,23.843165474725417,0.0,0.0,0.0,0.0,2.842170943040401e-14,0.0
2025-09-25 11:00:00+00:00,6,37.0,540.3118148148147,164.84280370370374,331.9476481481481,43.52136296296297,164.8428037037037,153.9624629629631,10.88034074074074,331.9476481481481,0.0,43.52136296296297,0.0,223.94540067340085,69.98293771043777,375.46901111111106,500.6253481481481,125.15633703703702,10.880340740740621,3.6267802469135404,14.507120987654162,0.21760681481481242,10.393643074074074,0.0,36.38022326999999,245.7575281532772,370.81859600625813,724.5707488215489,0.0,0.0,0.0,0.0,0.0,415.2507469618337,54.71409002023498,23.84153272030551,0.0,0.0,0.0,0.0,-8.526512829121202e-14,0.0
2025-09-25 12:00:00+00:00,6,37.0,534.6248526658527,163.23705271333606,327.7725160018993,43.61528395061728,163.23705271333597,152.33323172568186,10.903820987654319,327.7725160018993,0.0,43.61528395061728,0.0,221.57560978280998,69.24237805712812,371.3877999525166,495.1837332700221,123.79593331750553,10.9038209876542,3.634606995884733,14.538427983538933,0.21807641975308398,10.269328319563153,0.0,36.03956318953125,243.19988629936586,777.8247389652184,716.759343052832,0.0,0.0,0.0,0.0,0.0,0.0,54.71409002023498,23.84179801627935,0.0,0.0,0.0,0.0,-1.1368683772161603e-13,0.0
2025-09-25 13:00:00+00:00,6,37.0,527.5269499499499,161.2763738738739,324.06882792792794,42.181748148148145,161.2763738738738,150.73093683683695,10.545437037037035,324.06882792792794,0.0,42.181748148148145,0.0,219.2449990353992,68.51406219856224,366.2505760760761,488.33410143476806,122.08352535869201,10.545437037036976,3.515145679012325,14.0605827160493,0.21090874074073948,10.143882319319319,0.0,35.58257742277275,240.0501017190994,767.5770516690492,707.5791004701673,0.0,0.0,0.0,0.0,0.0,0.0,54.71409002023498,23.84397203899253,0.0,0.0,0.0,0.0,-8.526512829121202e-14,0.0
2025-09-25 14:00:00+00:00,6,37.0,524.6788627065225,160.66237106824056,321.90674591750843,42.10974572077363,160.66237106824047,150.13493463804727,10.527436430193408,321.90674591750843,0.0,42.10974572077363,0.0,218.37808674625057,68.2431521082033,364.01649163828205,485.35532218437606,121.33883054609402,10.527436430193319,3.5091454767311063,14.036581906924425,0.21054872860386636,10.07829983473299,0.0,35.44945695888348,238.82943365324877,1224.8980152062531,703.7334089306266,0.0,0.0,0.0,0.0,461.3897188464819,0.0,492.42681018211476,23.84745977975013,0.0,0.0,0.0,0.0,-5.684341886080802e-14,0.0
2025-09-25 15:00:00+00:00,6,37.0,525.3372222222223,160.7259851851852,323.44288148148144,41.168355555555564,160.72598518518512,150.43389629629647,10.292088888888888,323.44288148148144,0.0,41.168355555555564,0.0,218.81294006734032,68.37904377104385,364.611237037037,486.14831604938263,121.53707901234566,10.292088888888742,3.4306962962962473,13.72278518518499,0.20584177777777482,10.11497,0.0,35.43810445629628,239.10573531375982,764.442957535982,704.961256116723,0.0,0.0,0.0,0.0,0.0,0.0,492.42681018211476,23.844939768037587,0.0,0.0,0.0,0.0,-8.526512829121202e-14,0.0
2025-09-25 16:00:00+00:00,6,37.0,525.4341851851851,160.77152962962964,323.20988518518516,41.45277037037037,160.77152962962958,150.4083370370372,10.363192592592592,323.20988518518516,0.0,41.45277037037037,0.0,218.7757629629632,68.367425925926,364.66265555555555,486.21687407407404,121.55421851851851,10.363192592592469,3.4543975308641564,13.817590123456625,0.20726385185184937,10.11082425925926,0.0,35.455374296666655,239.14950438308645,764.5836895682716,704.9926370370372,0.0,0.0,0.0,0.0,0.0,0.0,492.42681018211476,23.845478623447214,0.0,0.0,0.0,0.0,-2.842170943040401e-14,0.0
2025-09-25 17:00:00+00:00,6,37.0,529.1088148148148,161.85479259259262,324.6821407407407,42.57188148148149,161.8547925925925,151.21182222222234,10.642970370370367,324.6821407407407,0.0,42.57188148148149,0.0,219.9444686868689,68.73264646464654,367.2540222222222,489.6720296296296,122.4180074074074,10.64297037037025,3.5476567901234164,14.190627160493666,0.21285940740740497,10.166183037037037,0.0,35.71652403629627,240.79387714291806,769.9026919577328,709.6164983164986,0.0,0.0,0.0,0.0,0.0,0.0,492.42681018211476,23.844354017081482,0.0,0.0,0.0,0.0,0.0,0.0
2025-09-25 18:00:00+00:00,6,37.0,540.3569132996633,165.1489686868687,331.22083956228954,43.98710505050505,165.1489686868686,154.15219242424254,10.996776262626263,331.22083956228954,0.0,43.98710505050505,0.0,224.22137079889825,70.0691783746557,375.20794461279456,500.2772594837261,125.06931487093152,10.996776262626184,3.6655920875420613,14.662368350168245,0.21993552525252366,10.376496237373736,0.0,36.4579928922222,245.85850998797775,786.2154232876411,724.4986302826244,0.0,0.0,0.0,0.0,0.0,0.0,492.42681018211476,23.838138175539058,0.0,0.0,0.0,0.0,0.0,0.0
2025-09-25 19:00:00+00:00,6,37.0,544.1205185185185,166.1189851851852,333.24049629629627,44.76103703703704,166.1189851851851,154.92872592592607,11.190259259259257,333.24049629629627,0.0,44.76103703703704,0.0,225.35087407407428,70.42214814814821,378.0015333333333,504.00204444444444,126.00051111111111,11.190259259259108,3.730086419753036,14.920345679012144,0.22380518518518214,10.44482525925926,0.0,36.68579461555554,247.50717073901234,791.6276892575307,729.3529185185187,0.0,0.0,0.0,0.0,0.0,0.0,492.42681018211476,23.83538850374765,0.0,0.0,0.0,0.0,-5.684341886080802e-14,0.0
2025-09-25 20:00:00+00:00,6,37.0,546.8698914141414,167.15098594276094,334.9044758417508,44.814429629629636,167.15098594276088,155.94737853535366,11.203607407407407,334.9044758417508,0.0,44.814429629629636,0.0,226.83255059687806,70.8851720615244,379.7189054713804,506.29187396184057,126.57296849046014,11.203607407407276,3.734535802469092,14.938143209876367,0.2240721481481455,10.49527857154882,0.0,36.90774808115318,248.81977515530377,380.43891960761147,733.1244245587186,0.0,0.0,0.0,0.0,0.0,415.2507469618337,54.71409002023498,23.83450823734548,0.0,0.0,0.0,0.0,0.0,0.0
2025-09-25 21:00:00+00:00,6,37.0,534.2805555555556,163.36324074074076,326.97438148148143,43.942933333333336,163.3632407407407,152.3775074074075,10.98573333333333,326.97438148148143,0.0,43.942933333333336,0.0,221.6400107744109,69.2625033670034,370.91731481481474,494.5564197530863,123.63910493827157,10.985733333333286,3.6619111111110954,14.647644444444381,0.21971466666666573,10.248660777777776,0.0,36.07521227962962,243.10710714046013,777.3876626960156,716.1964305274972,0.0,0.0,0.0,0.0,0.0,0.0,54.71409002023498,23.837535353011965,0.0,0.0,0.0,0.0,-1.1368683772161603e-13,0.0
2025-09-25 22:00:00+00:00,6,37.0,544.7100068514603,166.42481602850208,333.5706170855845,44.71457373737374,166.42481602850205,155.24617259415876,11.178643434343432,333.5706170855845,0.0,44.71457373737374,0.0,225.8126146824128,70.566442088254,378.28519082295827,504.380254430611,126.09506360765275,11.178643434343314,3.726214478114438,14.904857912457752,0.22357286868686627,10.454264249941273,0.0,36.74991938933129,247.8154766819806,792.5254835334409,730.1928691130238,0.0,0.0,0.0,0.0,0.0,0.0,54.71409002023498,23.83404120360375,0.0,0.0,0.0,0.0,0.0,0.0
2025-09-25 23:00:00+00:00,6,37.0,546.5778888888889,166.96005925925925,334.619962962963,44.997866666666674,166.9600592592592,155.7105925925927,11.249466666666663,334.619962962963,0.0,44.997866666666674,0.0,226.48813468013483,70.77754208754213,379.6178296296296,506.15710617283946,126.53927654320987,11.249466666666592,3.749822222222197,14.999288888888788,0.22498933333333182,10.488577555555555,0.0,36.871808130370354,248.65201587223345,795.2299047611223,732.6452408529743,0.0,0.0,0.0,0.0,0.0,0.0,54.71409002023498,23.83597588230977,0.0,0.0,0.0,0.0,-5.684341886080802e-14,0.0
2025-10-22 00:00:00+00:00,7,30.0,470.29415025252524,144.45951881313133,289.5923253787879,36.24230606060606,144.4595188131312,135.39894229797986,9.060576515151514,289.5923253787879,0.0,36.24230606060606,0.0,196.94391606978888,61.544973771809026,325.83463143939395,434.4461752525252,108.6115438131313,9.060576515151467,3.020192171717156,12.080768686868623,0.18121153030302933,9.050192821969699,0.0,31.8314202809722,214.2395343899024,684.5336846424276,631.3900913223141,0.0,0.0,0.0,0.0,0.0,0.0,54.71409002023498,23.86321947693326,0.0,0.0,0.0,0.0,-2.842170943040401e-14,0.0
2025-10-22 01:00:00+00:00,7,30.0,467.4895,143.58796111111113,287.91540555555554,35.986133333333335,143.58796111111104,134.59142777777788,8.99653333333333,287.91540555555554,0.0,35.986133333333335,0.0,195.76934949494964,61.17792171717176,323.90153888888887,431.86871851851845,107.96717962962961,8.996533333333275,2.998844444444425,11.9953777777777,0.1799306666666655,8.9973235,0.0,31.638379822777758,212.9595797806902,1141.8387986271723,627.6380680134681,0.0,0.0,0.0,0.0,461.38971884648197,0.0,492.42681018211476,23.863860589063595,0.0,0.0,0.0,0.0,1.1368683772161603e-13,0.0
2025-10-22 02:00:00+00:00,7,30.0,467.7899444444445,143.6954166666667,288.0792833333333,36.01524444444444,143.6954166666666,134.69160555555564,9.003811111111109,288.0792833333333,0.0,36.01524444444444,0.0,195.91506262626277,61.22345707070711,324.0945277777777,432.12603703703695,108.03150925925924,9.00381111111102,3.0012703703703396,12.005081481481358,0.18007622222222036,9.002530944444443,0.0,31.66211451944443,213.10095838644776,680.8909028308922,628.0410996632997,0.0,0.0,0.0,0.0,0.0,0.0,492.42681018211476,23.86558052683552,0.0,0.0,0.0,0.0,-5.684341886080802e-14,0.0
2025-10-22 03:00:00+00:00,7,30.0,466.82655555555556,143.42509444444448,287.7348833333333,35.666577777777775,143.4250944444444,134.50845000000007,8.916644444444444,287.7348833333333,0.0,35.666577777777775,0.0,195.64865454545466,61.14020454545458,323.4014611111111,431.20194814814806,107.80048703703702,8.916644444444387,2.9722148148147953,11.888859259259181,0.1783328888888877,8.988712277777777,0.0,31.59510699388888,212.67505855786195,679.5016141134174,626.8506026936027,0.0,0.0,0.0,0.0,0.0,0.0,492.42681018211476,23.863612247218047,0.0,0.0,0.0,0.0,-8.526512829121202e-14,0.0
2025-10-22 04:00:00+00:00,7,30.0,480.58329292929295,147.5715090909091,295.30753636363636,37.704247474747476,147.57150909090902,138.1454472222223,9.426061868686867,295.30753636363636,0.0,37.704247474747476,0.0,200.93883232323242,62.79338510101013,333.01178383838385,444.0157117845118,111.00392794612794,9.426061868686816,3.142020622895605,12.56808249158242,0.1885212373737363,9.236268565656566,0.0,32.535194050808066,218.89931752387204,699.482610453165,644.9545441077441,0.0,0.0,0.0,0.0,0.0,0.0,492.42681018211476,23.860093054734705,0.0,0.0,0.0,0.0,-2.842170943040401e-14,0.0
2025-10-22 05:00:00+00:00,7,30.0,471.1395555555555,144.6832388888889,289.4546277777778,37.00168888888889,144.68323888888887,135.43281666666678,9.250422222222221,289.4546277777778,0.0,37.00168888888889,0.0,196.99318787878806,61.56037121212127,326.4563166666667,435.2750888888889,108.81877222222222,9.250422222222085,3.083474074074028,12.333896296296112,0.18500844444444167,9.053655722222222,0.0,31.899352906111094,214.6006345811953,685.7401901367507,632.268276767677,0.0,0.0,0.0,0.0,0.0,0.0,492.42681018211476,23.862407095222498,0.0,0.0,0.0,0.0,-8.526512829121202e-14,0.0
2025-10-22 06:00:00+00:00,7,30.0,460.92583333333334,141.6739777777778,283.0632777777777,36.18857777777778,141.67397777777774,132.62683333333342,9.047144444444442,283.0632777777777,0.0,36.18857777777778,0.0,192.91175757575772,60.28492424242429,319.25185555555555,425.6691407407407,106.41728518518518,9.04714444444437,3.01571481481479,12.06285925925916,0.18094288888888738,8.85378411111111,0.0,31.23472636222221,209.98737760464647,670.9132109379798,618.5808983164984,0.0,0.0,0.0,0.0,0.0,0.0,492.42681018211476,23.86589762582223,0.0,0.0,0.0,0.0,-2.842170943040401e-14,0.0
2025-10-22 07:00:00+00:00,7,30.0,448.2207222222222,137.5777277777778,275.95543888888886,34.687555555555555,137.5777277777777,128.90583888888895,8.671888888888887,275.95543888888886,0.0,34.687555555555555,0.0,187.49940202020213,58.59356313131316,310.6429944444444,414.1906592592592,103.5476648148148,8.671888888888844,2.890629629629615,11.56251851851846,0.17343777777777689,8.625538722222222,0.0,30.319580648333314,204.15041472409087,652.3711369463131,601.6900612794614,0.0,0.0,0.0,0.0,0.0,0.0,492.42681018211476,23.86907030642732,0.0,0.0,0.0,0.0,0.0,0.0
2025-10-22 08:00:00+00:00,7,30.0,469.5551691919193,143.82687765151516,287.72626325757574,38.00202828282829,143.8268776515151,134.32637058080823,9.500507070707068,287.72626325757574,0.0,38.00202828282829,0.0,195.38381175390288,61.057441173094645,325.72829154040403,434.30438872053867,108.57609718013467,9.50050707070696,3.166835690235653,12.667342760942612,0.19001014141413916,9.011808180555555,0.0,31.742857503623725,213.7450498690584,683.3002190609777,629.6882004744416,0.0,0.0,0.0,0.0,0.0,0.0,492.42681018211476,23.858626418644704,0.0,0.0,0.0,0.0,5.684341886080802e-14,0.0
2025-10-22 09:00:00+00:00,7,30.0,488.89444444444445,149.71176111111112,299.81983888888885,39.36284444444444,149.7117611111111,139.8710500000001,9.84071111111111,299.81983888888885,0.0,39.36284444444444,0.0,203.44880000000018,63.57775000000005,339.1826833333333,452.24357777777766,113.06089444444441,9.840711111111034,3.2802370370370113,13.120948148148045,0.19681422222222067,9.38822361111111,0.0,33.03651872722221,222.540438042037,711.4348824864815,655.6923777777779,0.0,0.0,0.0,0.0,0.0,0.0,492.42681018211476,23.850128049272826,0.0,0.0,0.0,0.0,0.0,0.0
2025-10-22 10:00:00+00:00,7,30.0,479.7498888888889,146.78136111111112,293.9334611111111,39.035066666666665,146.78136111111104,137.02259444444456,9.758766666666665,293.9334611111111,0.0,39.035066666666665,0.0,199.30559191919215,62.282997474747546,332.9685277777778,443.95803703703706,110.98950925925926,9.75876666666656,3.2529222222221863,13.011688888888745,0.19517533333333117,9.2083545,0.0,32.40160613611109,218.33056492567346,698.0804538145624,643.2636289562292,0.0,0.0,0.0,0.0,0.0,0.0,492.42681018211476,23.8520711990541,0.0,0.0,0.0,0.0,0.0,0.0
2025-10-22 11:00:00+00:00,7,30.0,486.99947222222227,149.14493055555556,298.2980972222222,39.556444444444445,149.14493055555548,139.2558194444445,9.88911111111111,298.2980972222222,0.0,39.556444444444445,0.0,202.5539191919193,63.29809974747478,337.85454166666665,450.47272222222216,112.61818055555554,9.889111111111049,3.2963703703703495,13.185481481481398,0.19778222222222097,9.344507361111111,0.0,32.92051743749998,221.67545769423396,293.4241829546225,653.0266414141415,0.0,0.0,0.0,0.0,0.0,415.2507469618337,54.71409002023498,23.84785536407439,0.0,0.0,0.0,0.0,0.0,0.0
2025-10-22 12:00:00+00:00,7,30.0,485.4934330808081,148.57740265151517,297.55487487373733,39.361155555555555,148.57740265151503,138.73711376262636,9.840288888888889,297.55487487373733,0.0,39.361155555555555,0.0,201.7994382001838,63.062324437557436,336.9160304292929,449.22137390572385,112.30534347643096,9.840288888888807,3.2800962962962688,13.120385185185075,0.1968057777777761,9.320257801767676,0.0,32.794061568850985,220.95888935868112,706.4523224394891,651.0208121059077,0.0,0.0,0.0,0.0,0.0,0.0,54.71409002023498,23.846115367090007,0.0,0.0,0.0,0.0,-1.1368683772161603e-13,0.0
2025-10-22 13:00:00+00:00,7,30.0,475.0838594771242,145.11440784313726,291.1398960784313,38.82955555555556,145.1144078431372,135.40701895424849,9.707388888888886,291.1398960784313,0.0,38.82955555555556,0.0,196.95566393345234,61.54864497920386,329.96945163398686,439.9592688453158,109.98981721132895,9.707388888888772,3.2357962962962574,12.94318518518503,0.19414777777777545,9.122492437908495,0.0,32.03993217830064,216.13083088081598,691.2146903579401,636.9149327787682,0.0,0.0,0.0,0.0,0.0,0.0,54.71409002023498,23.849916308522555,0.0,0.0,0.0,0.0,-8.526512829121202e-14,0.0
2025-10-22 14:00:00+00:00,7,30.0,475.7269444444445,145.24717222222222,291.58301666666665,38.89675555555556,145.24717222222216,135.52298333333343,9.724188888888888,291.58301666666665,0.0,38.89675555555556,0.0,197.12433939393955,61.60135606060611,330.4797722222222,440.6396962962963,110.15992407407407,9.724188888888762,3.2413962962962537,12.965585185185015,0.1944837777777752,9.136458055555554,0.0,32.07008472611109,216.40370299042087,1153.5203662813472,637.7640356902358,0.0,0.0,0.0,0.0,461.3897188464819,0.0,492.42681018211476,23.852628898210703,0.0,0.0,0.0,0.0,-1.1368683772161603e-13,0.0
2025-10-22 15:00:00+00:00,7,30.0,459.1575,140.18920555555556,280.8077611111111,38.16053333333333,140.18920555555545,130.64907222222232,9.540133333333333,280.8077611111111,0.0,38.16053333333333,0.0,190.03501414141428,59.385941919191964,318.96829444444444,425.2910592592592,106.3227648148148,9.540133333333216,3.1800444444444054,12.720177777777621,0.19080266666666432,8.805838166666668,0.0,30.969687360555533,208.85507937234001,668.01257937234,615.3260734006735,0.0,0.0,0.0,0.0,0.0,0.0,492.42681018211476,23.857598743399816,0.0,0.0,0.0,0.0,0.0,0.0
2025-10-22 16:00:00+00:00,7,30.0,484.42485353535346,148.79514924242426,296.5595093434343,39.07019494949495,148.7951492424242,139.02760050505063,9.767548737373735,296.5595093434343,0.0,39.07019494949495,0.0,202.22196437098273,63.194363865932104,335.6297042929292,447.50627239057224,111.87656809764306,9.767548737373659,3.2558495791245528,13.023398316498211,0.19535097474747315,9.287487229797978,0.0,32.832883559267664,220.64250330651282,705.0673568418663,649.728236761555,0.0,0.0,0.0,0.0,0.0,0.0,492.42681018211476,23.849267986457903,0.0,0.0,0.0,0.0,0.0,0.0
2025-10-22 17:00:00+00:00,7,30.0,481.93544444444444,147.79029444444447,294.7211944444444,39.42395555555556,147.7902944444444,137.93430555555562,9.855988888888886,294.7211944444444,0.0,39.42395555555556,0.0,200.63171717171727,62.697411616161645,334.14514999999994,445.5268666666666,111.38171666666665,9.855988888888845,3.285329629629615,13.14131851851846,0.1971197777777769,9.235875388888887,0.0,32.62752074499999,219.42497382412458,701.3604182685689,646.1585838383838,0.0,0.0,0.0,0.0,0.0,0.0,492.42681018211476,23.850304241709058,0.0,0.0,0.0,0.0,-1.4210854715202004e-13,0.0
2025-10-22 18:00:00+00:00,7,30.0,470.80477777777776,144.17805555555557,287.8685444444444,38.75817777777778,144.17805555555552,134.4885111111112,9.689544444444442,287.8685444444444,0.0,38.75817777777778,0.0,195.61965252525266,61.13114141414145,326.6267222222222,435.50229629629627,108.87557407407407,9.68954444444438,3.2298481481481263,12.919392592592505,0.19379088888888757,9.023638111111111,0.0,31.83794218333332,214.29193481969696,685.0967125974747,631.1219488215489,0.0,0.0,0.0,0.0,0.0,0.0,492.42681018211476,23.8531993655428,0.0,0.0,0.0,0.0,0.0,0.0
2025-10-22 19:00:00+00:00,7,30.0,445.965111111111,136.72512222222224,272.5337222222222,36.70626666666667,136.72512222222215,127.5485555555557,9.176566666666666,272.5337222222222,0.0,36.70626666666667,0.0,185.5251717171719,57.97661616161622,309.2399888888889,412.31998518518515,103.07999629629629,9.17656666666656,3.0588555555555197,12.235422222222079,0.1835313333333312,8.543074333333333,0.0,30.19087468555554,203.03294836569023,648.9980594768012,597.8451569023571,0.0,0.0,0.0,0.0,0.0,0.0,492.42681018211476,23.865974616983024,0.0,0.0,0.0,0.0,0.0,0.0
2025-10-22 20:00:00+00:00,7,30.0,533.6374292929293,161.58078080808082,316.47603838383833,55.580610101010095,161.58078080808076,147.68562828282842,13.895152525252522,316.47603838383833,0.0,55.580610101010095,0.0,214.81545932047774,67.1298310376493,372.0566484848485,496.0755313131313,124.01888282828283,13.89515252525237,4.631717508417457,18.526870033669827,0.2779030505050474,10.050087252525254,0.0,36.00269902636362,242.1111207037435,360.497803034839,710.890990633609,0.0,0.0,0.0,0.0,0.0,415.2507469618337,54.71409002023498,23.822959474075887,0.0,0.0,0.0,0.0,0.0,0.0
2025-10-22 21:00:00+00:00,7,30.0,545.1663333333333,164.7750777777778,322.5527666666666,57.83848888888889,164.77507777777768,150.31545555555573,14.459622222222219,322.5527666666666,0.0,57.83848888888889,0.0,218.6406626262629,68.32520707070715,380.3912555555555,507.18834074074067,126.79708518518517,14.459622222222094,4.819874074074031,19.279496296296124,0.28919244444444187,10.254967888888888,0.0,36.745154076666644,247.23148073996634,792.3978140732996,725.8290033670036,0.0,0.0,0.0,0.0,0.0,0.0,54.71409002023498,23.8153341352071,0.0,0.0,0.0,0.0,-5.684341886080802e-14,0.0
2025-10-22 22:00:00+00:00,7,30.0,545.4061111111113,165.02727777777778,322.2402555555555,58.13857777777778,165.02727777777773,150.4926333333335,14.53464444444444,322.2402555555555,0.0,58.13857777777778,0.0,218.898375757576,68.4057424242425,380.3788333333333,507.1717777777777,126.79294444444443,14.534644444444325,4.844881481481441,19.379525925925766,0.29069288888888645,10.248593444444445,0.0,36.807001572222205,247.38985625572394,792.7959673668352,726.0701535353537,0.0,0.0,0.0,0.0,0.0,0.0,54.71409002023498,23.820493613002203,0.0,0.0,0.0,0.0,-5.684341886080802e-14,0.0
2025-10-22 23:00:00+00:00,7,30.0,544.5103333333333,164.91975555555555,321.3640888888889,58.22648888888889,164.91975555555553,150.36313333333348,14.556622222222218,321.3640888888889,0.0,58.22648888888889,0.0,218.71001212121234,68.34687878787886,379.59057777777775,506.12077037037034,126.53019259259258,14.556622222222074,4.852207407407358,19.40882962962943,0.2911324444444414,10.223187555555555,0.0,36.78635371777777,247.02995250565658,791.5402858389898,724.8307824915827,0.0,0.0,0.0,0.0,0.0,0.0,54.71409002023498,23.82292416222008,0.0,0.0,0.0,0.0,-5.684341886080802e-14,0.0
2025-12-05 00:00:00+00:00,8,46.0,584.4156666666665,176.9525888888889,351.7269,55.73617777777778,176.95258888888878,163.0185444444446,13.93404444444444,351.7269,0.0,55.73617777777778,0.0,237.11788282828303,74.09933838383844,407.4630777777778,543.2841037037037,135.82102592592594,13.93404444444431,4.644681481481436,18.578725925925745,0.27868088888888615,11.109168777777779,0.0,39.291776956666645,265.2446724145791,849.6603390812456,780.4019865319867,0.0,0.0,0.0,0.0,0.0,0.0,54.71409002023498,23.81683332327399,0.0,0.0,0.0,0.0,0.0,0.0
2025-12-05 01:00:00+00:00,8,46.0,574.1494444444445,173.6675666666667,344.85352222222224,55.62835555555556,173.6675666666666,159.7604777777779,13.907088888888886,344.85352222222224,0.0,55.62835555555556,0.0,232.37887676767696,72.61839898989905,400.4818777777778,533.9758370370371,133.49395925925927,13.90708888888878,4.63569629629626,18.54278518518504,0.2781417777777756,10.901889222222223,0.0,38.58691041888887,260.5149959643434,834.6644404087879,766.354713804714,0.0,0.0,0.0,0.0,0.0,0.0,54.71409002023498,23.819204130764117,0.0,0.0,0.0,0.0,-5.684341886080802e-14,0.0
2025-12-05 02:00:00+00:00,8,46.0,576.6842222222223,174.45565555555558,346.3610111111111,55.867555555555555,174.45565555555544,160.48876666666683,13.966888888888885,346.3610111111111,0.0,55.867555555555555,0.0,233.43820606060632,72.94943939393947,402.22856666666667,536.3047555555555,134.07618888888888,13.966888888888775,4.655629629629591,18.622518518518365,0.27933777777777546,10.94950588888889,0.0,38.76166381444442,261.67176539356905,838.3559876157913,769.7429616161619,0.0,0.0,0.0,0.0,0.0,0.0,54.71409002023498,23.81742757187084,0.0,0.0,0.0,0.0,-5.684341886080802e-14,0.0
2025-12-05 03:00:00+00:00,8,46.0,571.5294444444445,172.8815777777778,343.2996,55.34826666666667,172.88157777777772,159.04451111111126,13.837066666666665,343.2996,0.0,55.34826666666667,0.0,231.33747070707093,72.29295959595967,398.6478666666667,531.5304888888888,132.8826222222222,13.837066666666544,4.6123555555555145,18.449422222222058,0.27674133333333084,10.852470666666667,0.0,38.41152223777776,259.3286716115152,830.8581160559596,762.8679595959597,0.0,0.0,0.0,0.0,0.0,0.0,54.71409002023498,23.819461224799028,0.0,0.0,0.0,0.0,-5.684341886080802e-14,0.0
2025-12-05 04:00:00+00:00,8,46.0,572.2355555555556,173.1565666666667,344.08787777777775,54.99111111111111,173.15656666666658,159.408788888889,13.747777777777772,344.08787777777775,0.0,54.99111111111111,0.0,231.86732929292947,72.45854040404046,399.07898888888883,532.1053185185184,133.0263296296296,13.747777777777657,4.582592592592552,18.330370370370208,0.2749555555555531,10.872547444444443,0.0,38.46082274111109,259.6757883673737,831.9113439229293,763.9726478114478,0.0,0.0,0.0,0.0,0.0,0.0,54.71409002023498,23.82059935333578,0.0,0.0,0.0,0.0,0.0,0.0
2025-12-05 05:00:00+00:00,8,46.0,566.7209166666667,171.43197500000002,340.2327638888889,55.056177777777776,171.43197499999994,157.66793055555564,13.764044444444442,340.2327638888889,0.0,55.056177777777776,0.0,229.33517171717185,71.6672411616162,395.2889416666667,527.0519222222222,131.76298055555554,13.76404444444438,4.588014814814793,18.35205925925917,0.2752808888888876,10.757544694444444,0.0,38.09400176861109,257.145063883931,1285.2556993970798,756.387093939394,0.0,0.0,0.0,0.0,461.38971884648237,0.0,492.42681018211476,23.821352972854058,0.0,0.0,0.0,0.0,-2.8421709430404007e-13,0.0
2025-12-05 06:00:00+00:00,8,46.0,569.9656666666666,172.37123333333338,342.90643333333327,54.688,172.37123333333327,158.69923333333344,13.671999999999997,342.90643333333327,0.0,54.688,0.0,230.83524848484865,72.13601515151521,397.59443333333326,530.125911111111,132.53147777777775,13.671999999999912,4.557333333333304,18.229333333333216,0.27343999999999824,10.834072999999998,0.0,38.28496456333332,258.61730382595954,828.5829704926261,760.9611595959597,0.0,0.0,0.0,0.0,0.0,0.0,492.42681018211476,23.816011468045385,0.0,0.0,0.0,0.0,0.0,0.0
2025-12-05 07:00:00+00:00,8,46.0,577.4150000000001,174.6127777777778,348.18062222222215,54.62160000000001,174.61277777777772,160.9573777777779,13.655399999999997,348.18062222222215,0.0,54.62160000000001,0.0,234.1198222222224,73.1624444444445,402.80222222222216,537.0696296296295,134.26740740740738,13.6553999999999,4.551799999999966,18.207199999999865,0.27310799999999796,10.991634666666666,0.0,38.7622230111111,262.0086175296296,839.4236175296296,771.1894518518519,0.0,0.0,0.0,0.0,0.0,0.0,492.42681018211476,23.814281957903074,0.0,0.0,0.0,0.0,-5.684341886080802e-14,0.0
2025-12-05 08:00:00+00:00,8,46.0,580.2640714497921,175.4177881016043,349.6726833481877,55.1736,175.41778810160417,161.62438810160444,13.793399999999997,349.6726833481877,0.0,55.1736,0.0,235.09001905687919,73.46563095527475,404.84628334818774,539.7950444642503,134.94876111606257,13.793399999999878,4.597799999999959,18.391199999999834,0.2758679999999975,11.04191650044563,0.0,38.94888171731281,263.2788582890957,843.5429297388878,774.8850635211295,0.0,0.0,0.0,0.0,0.0,0.0,492.42681018211476,23.81411834244718,0.0,0.0,0.0,0.0,-5.684341886080802e-14,0.0
2025-12-05 09:00:00+00:00,8,46.0,572.4880450086737,173.15855794704657,344.57899817273824,54.750488888888896,173.1585579470465,159.47093572482441,13.687622222222217,344.57899817273824,0.0,54.750488888888896,0.0,231.9577246906537,72.48678896582928,399.3294870616271,532.4393160821694,133.10982902054235,13.68762222222216,4.56254074074072,18.25016296296288,0.2737524444444432,10.884874834071036,0.0,38.454871788839384,259.7726577944672,832.2607028031409,764.3970407728232,0.0,0.0,0.0,0.0,0.0,0.0,492.42681018211476,23.81828044897946,0.0,0.0,0.0,0.0,5.684341886080802e-14,-1.1368683772161603e-13
2025-12-05 10:00:00+00:00,8,46.0,573.1699556194126,173.4383977969349,345.3704022669221,54.36115555555556,173.4383977969348,159.84810890804607,13.590288888888885,345.3704022669221,0.0,54.36115555555556,0.0,232.5063402298852,72.65823132183912,399.7315578224776,532.9754104299701,133.24385260749253,13.590288888888807,4.530096296296269,18.120385185185075,0.2718057777777761,10.904723623563218,0.0,38.50435623142719,260.1130658583961,833.2830214778087,765.4817506598554,0.0,0.0,0.0,0.0,0.0,0.0,492.42681018211476,23.81687234676148,0.0,0.0,0.0,0.0,0.0,0.0
2025-12-05 11:00:00+00:00,8,46.0,562.1559161304161,169.93378595023597,339.32781906906905,52.894311111111115,169.93378595023592,156.71020817245832,13.223577777777773,339.32781906906905,0.0,52.894311111111115,0.0,227.9421209781212,71.23191280566287,392.22213018018016,522.9628402402402,130.74071006006005,13.223577777777649,4.407859259259216,17.631437037036864,0.26447155555555296,10.708777683183182,0.0,37.71654930200986,255.07028066573073,401.9754498343129,750.9049612183614,0.0,0.0,0.0,0.0,0.0,415.25074696183395,54.71409002023498,23.824010073775355,0.0,0.0,0.0,0.0,-2.842170943040401e-14,0.0
2025-12-05 12:00:00+00:00,8,46.0,584.7593333333333,176.75781111111115,352.48134444444446,55.520177777777775,176.75781111111098,162.87776666666682,13.880044444444442,352.48134444444446,0.0,55.520177777777775,0.0,236.91311515151537,74.03534848484856,408.0015222222222,544.0020296296295,136.00050740740738,13.880044444444309,4.626681481481436,18.506725925925743,0.2776008888888861,11.129642111111112,0.0,39.244428945555526,265.3142093192929,850.0735426526262,780.9151447811449,0.0,0.0,0.0,0.0,0.0,0.0,54.71409002023498,23.81628607954808,0.0,0.0,0.0,0.0,0.0,0.0
2025-12-05 13:00:00+00:00,8,46.0,587.7015555555555,177.8310666666667,354.2323555555555,55.638133333333336,177.83106666666657,163.92153333333337,13.909533333333329,354.2323555555555,0.0,55.638133333333336,0.0,238.43132121212128,74.5097878787879,409.8704888888888,546.493985185185,136.62349629629625,13.909533333333286,4.636511111111095,18.54604444444438,0.2781906666666657,11.183352,0.0,39.476909479999975,266.70824743286187,854.4098029884174,784.9253063973063,0.0,0.0,0.0,0.0,0.0,0.0,54.71409002023498,23.814842972554555,0.0,0.0,0.0,0.0,0.0,0.0
2025-12-05 14:00:00+00:00,8,46.0,577.8402222222222,174.81425555555558,349.0429444444444,53.98302222222223,174.81425555555546,161.31850000000017,13.49575555555555,349.0429444444444,0.0,53.98302222222223,0.0,234.64509090909115,73.32659090909098,403.02596666666665,537.3679555555555,134.34198888888886,13.495755555555405,4.498585185185135,17.99434074074054,0.2699151111111081,11.011118555555555,0.0,38.78835650111109,262.23655515094276,1301.466496219647,772.0130464646465,0.0,0.0,0.0,0.0,461.3897188464822,0.0,492.42681018211476,23.81958095172436,0.0,0.0,0.0,0.0,-1.1368683772161603e-13,0.0
2025-12-05 15:00:00+00:00,8,46.0,571.5477777777777,173.13530000000003,344.11105555555554,54.30142222222222,173.1352999999999,159.55994444444457,13.575355555555554,344.11105555555554,0.0,54.30142222222222,0.0,232.0871919191921,72.52724747474753,398.4124777777778,531.216637037037,132.80415925925925,13.575355555555461,4.525118518518487,18.100474074073947,0.2715071111111092,10.866345888888889,0.0,38.438001298888864,259.43237955141416,830.9801573291917,763.3038289562292,0.0,0.0,0.0,0.0,0.0,0.0,492.42681018211476,23.82832227717942,0.0,0.0,0.0,0.0,-1.7053025658242404e-13,0.0
2025-12-05 16:00:00+00:00,8,46.0,579.576921409214,175.94358238482388,349.3378550135501,54.29548401084011,175.94358238482377,162.36971138211396,13.573871002710023,349.3378550135501,0.0,54.29548401084011,0.0,236.17412564671122,73.80441426459726,403.63333902439024,538.1777853658537,134.5444463414634,13.573871002709922,4.524623667569974,18.098494670279894,0.2714774200541984,11.023090490514903,0.0,39.0379738819241,263.20602606612385,842.7829474753379,676.0005122773438,0.0,98.35139873522107,0.0,93.43382879846003,0.0,0.0,492.42681018211476,23.83028838057639,0.0,0.0,0.0,0.0,0.0,2.842170943040401e-14
2025-12-05 17:00:00+00:00,8,46.0,574.6500555555556,174.5317777777778,345.9694777777778,54.14880000000001,174.53177777777773,160.9945777777779,13.537199999999995,345.9694777777778,0.0,54.14880000000001,0.0,234.17393131313148,73.17935353535358,400.1182777777778,533.491037037037,133.37275925925925,13.537199999999899,4.512399999999966,18.049599999999863,0.27074399999999793,10.920572333333334,0.0,38.732384111111095,260.98821323905725,835.6382687946128,575.7572098658378,0.0,191.90775848433066,0.0,275.5593317009772,0.0,0.0,492.42681018211476,23.832560191020335,0.0,0.0,0.0,0.0,0.0,0.0
2025-12-05 18:00:00+00:00,8,46.0,563.994,171.36136111111114,339.2292166666667,53.40342222222223,171.36136111111108,158.01050555555568,13.350855555555551,0.0,339.2292166666667,53.40342222222223,0.0,229.83346262626281,71.82295707070713,53.40342222222222,71.20456296296295,17.80114074074074,13.350855555555455,4.450285185185152,357.0303574074073,5.355455361111109,7.318618555555556,6.784584333333334,38.035113558333315,151.56815480496633,715.5621548049663,538.7590686325946,0.0,0.0,237.72104304336875,24.775536149818706,0.0,0.0,492.42681018211476,23.836683736309936,0.0,0.0,0.0,0.0,-2.842170943040401e-14,0.0
2025-12-05 19:00:00+00:00,8,46.0,567.1956666666667,171.94231666666667,341.7933944444444,53.45995555555556,171.94231666666656,158.57732777777778,13.364988888888888,138.38633446730816,203.40705997713627,53.45995555555556,0.0,230.6579313131314,72.08060353535356,191.84629002286368,255.79505336381823,63.94876334095456,13.364988888888831,4.454996296296277,221.2270451623214,3.3184056774348205,8.754330789117525,4.068141199542725,38.16076189388887,194.78600273258834,346.7309224374214,486.45298467694965,0.0,0.0,0.0,24.72598507751907,0.0,415.2507469618337,54.71409002023498,23.832406213873618,0.0,0.0,0.0,0.0,2.842170943040401e-14,0.0
2025-12-05 20:00:00+00:00,8,46.0,591.0954217171717,178.81297436868687,356.81505239898985,55.46739494949495,178.81297436868678,164.94612563131327,13.866848737373735,356.81505239898985,0.0,55.46739494949495,0.0,239.92163728191022,74.97551165059694,412.2824473484848,549.7099297979797,137.42748244949493,13.86684873737363,4.622282912457877,18.489131649831506,0.2773369747474726,11.259125521464647,0.0,39.68221858874998,268.24395809751184,859.3393798146835,813.0742735318858,0.0,0.0,23.442706451995832,0.0,0.0,0.0,54.71409002023498,23.822913151545713,0.0,0.0,0.0,0.0,0.0,0.0
2025-12-05 21:00:00+00:00,8,46.0,589.0288333333333,178.27616666666668,355.62022222222214,55.132444444444445,178.27616666666657,164.4930555555557,13.783111111111106,355.62022222222214,0.0,55.132444444444445,0.0,239.2626262626265,74.76957070707078,410.7526666666666,547.670222222222,136.9175555555555,13.783111111110998,4.594370370370332,18.37748148148133,0.2756622222222199,11.219931111111109,0.0,39.55862659444441,267.3357165607744,856.3645498941077,786.9328484848486,0.0,0.0,0.0,0.0,0.0,0.0,54.71409002023498,23.822333750889605,0.0,0.0,0.0,0.0,-5.684341886080802e-14,0.0
2025-12-05 22:00:00+00:00,8,46.0,578.5573888888889,175.1496388888889,349.18539444444446,54.22235555555555,175.14963888888883,161.5940500000001,13.555588888888886,349.18539444444446,0.0,54.22235555555555,0.0,235.04589090909104,73.45184090909095,403.40775,537.877,134.46925,13.555588888888792,4.518529629629597,18.07411851851839,0.27111177777777584,11.017785388888889,0.0,38.86637025277776,262.594887958165,841.1522768470538,772.9228909090909,0.0,0.0,0.0,0.0,0.0,0.0,54.71409002023498,23.825870840015337,0.0,0.0,0.0,0.0,-5.684341886080802e-14,0.0
2025-12-05 23:00:00+00:00,8,46.0,550.8208333333333,166.81690000000003,333.4677111111111,50.53622222222222,166.81689999999995,154.18284444444456,12.634055555555554,333.4677111111111,0.0,50.53622222222222,0.0,224.26595555555573,70.08311111111117,384.0039333333333,512.0052444444443,128.00131111111108,12.634055555555506,4.211351851851835,16.84540740740734,0.2526811111111101,10.509393555555555,0.0,36.98798141888887,250.04583015962962,800.866663492963,736.2712,0.0,0.0,0.0,0.0,0.0,0.0,54.71409002023498,23.832698667520575,0.0,0.0,0.0,0.0,2.842170943040401e-14,0.0
