timestamp_hour_utc,representative_day_id,day_weight,it_load_kw,q_air_kw,q_cp_kw,q_rdhx_kw,s_air_kw,q_air_to_ashp_kw,q_air_to_reject_kw,q_cp_to_wshp_kw,q_cp_to_free_kw,q_rdhx_to_wshp_kw,q_rdhx_to_chiller_kw,q_ashp_out_kw,p_ashp_kw,q_wshp_in_kw,q_wshp_out_kw,p_wshp_kw,q_chiller_evap_kw,p_chiller_kw,q_tower_kw,p_tower_kw,p_pump_kw,p_cdu_free_kw,p_terminal_kw,p_cooling_kw,p_grid_kw,q_heat_kw,q_heat_unserved_kw,q_tes_ch_kw,q_tes_dis_kw,e_tes_kwh,p_bess_ch_kw,p_bess_dis_kw,e_bess_kwh,max_theta_c,hotspot_slack_c,hotspot_penalty_yuan,heat_unserved_penalty_yuan,bess_degradation_cost_yuan,power_balance_residual_kw,heat_balance_residual_kw
2025-01-15 00:00:00+00:00,0,70.0,558.7860315656566,169.0865672979798,336.35368648989896,53.34577777777778,169.0865672979797,144.15157992424258,24.93498737373737,336.35368648989896,0.0,53.34577777777778,0.0,209.67502534435286,65.52344542011026,389.69946426767683,519.5992856902358,129.89982142255894,24.934987373737243,8.311662457912414,33.246649831649655,0.4986997474747448,10.624068372474749,0.0,37.547462542689374,252.40515996322048,1539.7328064877902,729.2743110345887,0.0,0.0,0.0,0.0,728.541614958913,0.0,2132.0028113201356,23.828057129156566,0.0,0.0,0.0,0.0,1.1368683772161603e-13,0.0
2025-01-15 01:00:00+00:00,0,70.0,567.1325940170941,171.62561474358975,341.3907553418803,54.116223931623935,171.62561474358964,146.31032371794888,25.315291025641024,341.3907553418803,0.0,54.116223931623935,0.0,212.81501631701656,66.50469259906768,395.5069792735042,527.3426390313389,131.83565975783472,25.315291025640903,8.4384303418803,33.7537213675212,0.506305820512818,10.782884899572649,0.0,38.11047380489314,256.17844722376134,1551.8526561997683,740.1576553483555,0.0,0.0,0.0,0.0,728.541614958913,0.0,2823.1580733664046,23.82553021861039,0.0,0.0,0.0,0.0,-2.2737367544323206e-13,-1.1368683772161603e-13
2025-01-15 02:00:00+00:00,0,70.0,572.756701324189,173.38103509604326,345.258213818438,54.11745240970785,173.38103509604315,147.96780592218786,25.413229173855527,345.258213818438,0.0,54.11745240970785,0.0,215.22589952318236,67.25809360099448,399.37566622814586,532.5008883041944,133.1252220760486,25.413229173855427,8.471076391285141,33.884305565140565,0.5082645834771085,10.89892093865022,0.0,38.485639688881676,258.74721727933724,1560.0455335624392,747.7267878273767,0.0,0.0,0.0,0.0,728.541614958913,0.0,3514.3133354126735,23.827441795783802,0.0,0.0,0.0,0.0,0.0,0.0
2025-01-15 03:00:00+00:00,0,70.0,566.6574103535354,171.60525333694085,341.3592786616161,53.69287835497836,171.60525333694073,146.29683371212136,25.30841962481962,341.3592786616161,0.0,53.69287835497836,0.0,212.79539449035835,66.49856077823698,395.05215701659444,526.7362093554592,131.6840523388648,25.308419624819493,8.43613987493983,33.74455949975932,0.5061683924963898,10.777707143398267,0.0,38.09490391451116,255.9975324424474,1551.1965577548958,739.5316038458176,0.0,0.0,0.0,0.0,728.541614958913,0.0,4205.468597458943,23.82978290029461,0.0,0.0,0.0,0.0,0.0,0.0
2025-01-15 04:00:00+00:00,0,70.0,572.2605287356321,173.33509750957856,344.77965344827584,54.14577777777778,173.3350975095785,147.76270862068984,25.572388888888888,344.77965344827584,0.0,54.14577777777778,0.0,214.92757617554886,67.16486755485901,398.9254312260536,531.9005749680714,132.97514374201785,25.572388888888753,8.524129629629584,34.09651851851834,0.5114477777777751,10.884847381226052,0.0,38.476573448908034,258.5370095344183,1559.3391532289625,746.8281511436204,0.0,0.0,0.0,0.0,728.5416149589121,0.0,4896.623859505211,23.82615442548428,0.0,0.0,0.0,0.0,0.0,-1.1368683772161603e-13
2025-01-15 05:00:00+00:00,0,70.0,569.1438808268199,172.2339615584516,342.9487915787738,53.96112768959436,172.2339615584515,146.9780535337604,25.255908024691355,342.9487915787738,0.0,53.96112768959436,0.0,213.78625968546967,66.80820615170927,396.9099192683682,529.2132256911575,132.30330642278938,25.255908024691195,8.418636008230397,33.67454403292159,0.5051181604938239,10.828075024259158,0.0,38.23636746881534,257.0997092362974,1554.7852050220301,742.9994853766271,0.0,0.0,0.0,0.0,728.541614958913,0.0,5587.779121551481,23.827053287839583,0.0,0.0,0.0,0.0,-1.1368683772161603e-13,0.0
2025-01-15 06:00:00+00:00,0,70.0,575.2209285714287,174.0311888888889,346.4659555555555,54.72378412698413,174.03118888888883,148.4854095238097,25.545779365079362,346.4659555555555,0.0,54.72378412698413,0.0,215.97877748917773,67.49336796536804,401.18973968253965,534.9196529100528,133.7299132275132,25.5457793650792,8.515259788359732,34.06103915343893,0.5109155873015839,10.941216507936508,0.0,38.64064534492062,259.83131842139966,1563.5938619517403,750.8984303992306,0.0,0.0,0.0,0.0,728.5416149589121,0.0,6278.934383597749,23.825187756645636,0.0,0.0,0.0,0.0,0.0,0.0
2025-01-15 07:00:00+00:00,0,70.0,595.0878313492063,180.04358543771048,360.2800052188552,54.7642406926407,180.04358543771036,154.40571652236673,25.637868915343912,360.2800052188552,0.0,54.7642406926407,0.0,224.5901331234425,70.18441660107578,415.04424591149586,553.3923278819944,138.3480819704986,25.637868915343745,8.545956305114581,34.183825220458324,0.5127573783068748,11.356042563492062,0.0,39.92656658639368,268.8738214048816,1357.5891914837675,777.982461005437,0.0,0.0,0.0,0.0,493.6275387296796,0.0,6747.230585048379,23.82439771519992,0.0,0.0,0.0,0.0,0.0,0.0
2025-01-15 08:00:00+00:00,0,70.0,585.8920697959447,177.2491620763496,355.2549479312354,53.38795978835979,177.24916207634948,152.25212054195822,24.997041534391528,355.2549479312354,0.0,53.38795978835979,0.0,221.45762987921196,69.20550933725374,408.6429077195952,544.8572102927935,136.21430257319838,24.9970415343914,8.332347178130465,33.32938871252186,0.4999408306878279,11.19152803582066,0.0,39.292926870107415,264.7365548251985,850.6286246211432,766.3148401720055,0.0,0.0,0.0,0.0,0.0,0.0,6747.230585048379,23.828359006411233,0.0,0.0,0.0,0.0,0.0,0.0
2025-01-15 09:00:00+00:00,0,70.0,568.2448662982006,171.9540012854133,343.9657765897689,52.325088423018336,171.9540012854132,147.41390425275821,24.54009703265516,343.9657765897689,0.0,52.325088423018336,0.0,214.42022436764833,67.0063201148901,396.2908650127872,528.3878200170495,132.09695500426238,24.540097032655098,8.180032344218365,32.72012937687346,0.49080194065310184,10.84222418192325,0.0,38.13318491790278,256.74951850384997,824.9943848020505,742.808044384698,0.0,0.0,0.0,0.0,0.0,0.0,6747.23058504838,23.828659491722128,0.0,0.0,0.0,0.0,-5.684341886080802e-14,-1.1368683772161603e-13
2025-01-15 10:00:00+00:00,0,70.0,581.0144916006232,175.84880219128905,352.6921637031768,52.47352570615728,175.8488021912889,151.15378444421881,24.695017747070377,352.6921637031768,0.0,52.47352570615728,0.0,219.86005010068192,68.7062656564631,405.16568940933405,540.2209192124453,135.05522980311133,24.695017747070267,8.231672582356754,32.92669032942702,0.4939003549414053,11.105500168156876,0.0,38.96943745949161,262.56200602452105,115.03488266623117,760.0809693131273,0.0,0.0,0.0,0.0,0.0,728.541614958913,5979.280293885859,23.825520242445112,0.0,0.0,0.0,0.0,-5.684341886080802e-14,0.0
2025-01-15 11:00:00+00:00,0,70.0,573.8076919609014,173.75935761479622,348.51479148047406,51.533542865631105,173.75935761479616,149.36348206306045,24.395875551735845,348.51479148047406,0.0,51.533542865631105,0.0,217.25597390990612,67.89249184684566,400.04833434610515,533.3977791281402,133.34944478203505,24.395875551735713,8.131958517245238,32.52783406898095,0.48791751103471426,10.970779173070532,0.0,38.49801360822116,259.3306054384524,104.59668244044065,750.6537530380463,0.0,0.0,0.0,0.0,0.0,728.541614958913,5211.330002723336,23.829121561156793,0.0,0.0,0.0,0.0,-1.1368683772161603e-13,0.0
2025-01-15 12:00:00+00:00,0,70.0,567.6426806659601,171.83847549059757,345.12815197242696,50.67605320293556,171.83847549059746,147.91206513104024,23.926410359557416,345.12815197242696,0.0,50.67605320293556,0.0,215.1448220087858,67.23275687774557,395.80420517536254,527.7389402338167,131.93473505845418,23.92641035955731,7.975470119852436,31.901880479409744,0.47852820719114614,10.860605091202165,0.0,38.06479762221847,256.54689297666397,95.64795868371118,742.8837622426025,0.0,0.0,0.0,0.0,0.0,728.541614958913,4443.379711560816,23.831173091564064,0.0,0.0,0.0,0.0,5.684341886080802e-14,0.0
2025-01-15 13:00:00+00:00,0,70.0,588.7972485966046,178.57191298422654,358.0224438545773,52.20289175780074,178.5719129842264,153.43819022339048,25.13372276083622,358.0224438545773,0.0,52.20289175780074,0.0,223.18282214311344,69.74463191972295,410.22533561237805,546.9671141498374,136.74177853745934,25.133722760836037,8.377907586945344,33.51163034778138,0.5026744552167206,11.262702233215327,0.0,39.544194436310896,266.1738891688706,854.9711377654752,770.1499362929508,0.0,0.0,0.0,0.0,0.0,0.0,4443.379711560816,23.827239379857296,0.0,0.0,0.0,0.0,0.0,0.0
2025-01-15 14:00:00+00:00,0,70.0,534.8794444444445,162.03235555555557,324.87046666666663,47.976622222222225,162.0323555555555,139.23020000000014,22.802155555555554,324.87046666666663,0.0,47.976622222222225,0.0,202.51665454545474,63.2864545454546,372.84708888888883,497.12945185185174,124.28236296296294,22.8021555555554,7.600718518518467,30.402874074073868,0.456043111111108,10.225880222222221,0.0,35.89769487111109,241.74915423138043,930.5936065762916,699.6461063973065,0.0,0.0,0.0,0.0,153.96500790046673,0.0,4589.443743040204,23.832179563461438,0.0,0.0,0.0,0.0,-1.1368683772161603e-13,0.0
2025-01-15 15:00:00+00:00,0,70.0,577.711758234519,175.17021119779028,351.1338579629244,51.407689073804406,175.17021119779017,150.4859391269678,24.684272070822637,351.1338579629244,0.0,51.407689073804406,0.0,218.88863873013497,68.40269960316718,402.5415470367288,536.7220627156383,134.1805156789096,24.68427207082246,8.228090690274152,32.91236276109661,0.4936854414164491,11.048092629625774,0.0,38.796177893423575,261.14926193681674,838.8610201713358,755.6107014457733,0.0,0.0,0.0,0.0,0.0,0.0,4589.443743040204,23.83077010063536,0.0,0.0,0.0,0.0,0.0,0.0
2025-01-15 16:00:00+00:00,0,70.0,576.8650467171717,175.11346300505053,350.7226059343434,51.02897777777778,175.1134630050504,150.3096882575759,24.80377474747474,350.7226059343434,0.0,51.02897777777778,0.0,218.63227382920132,68.32258557162541,401.75158371212115,535.6687782828282,133.91719457070704,24.80377474747462,8.267924915824873,33.07169966329949,0.4960754949494923,11.03196795580808,0.0,38.774014955290376,260.8097634642053,837.674810181377,558.8740241403623,0.0,195.42702797166731,0.0,185.65567657308395,0.0,0.0,4589.443743040204,23.83257042825583,0.0,0.0,0.0,0.0,0.0,-5.684341886080802e-14
2025-01-15 17:00:00+00:00,0,70.0,575.2903560606061,174.69092272727275,349.5472555555555,51.052177777777786,174.69092272727272,149.80596666666682,24.884956060606054,349.5472555555555,0.0,51.052177777777786,0.0,217.8995878787881,68.09362121212129,400.5994333333333,534.1325777777777,133.53314444444442,24.88495606060593,8.29498535353531,33.17994141414124,0.49769912121211857,10.996939444444443,0.0,38.68433289792928,260.10072247368686,106.8494635753799,430.7242122125151,0.0,321.30795344405067,0.0,490.52692099178597,0.0,728.541614958913,3821.493451877683,23.832885876731005,0.0,0.0,0.0,0.0,-5.684341886080802e-14,0.0
2025-01-15 18:00:00+00:00,0,70.0,565.7533888888888,171.7045388888889,343.5123611111111,50.5364888888889,171.70453888888878,147.21958333333345,24.48495555555555,41.97523693106366,301.53712418004744,50.5364888888889,0.0,214.13757575757592,66.91799242424247,92.51172581995257,123.34896775993676,30.83724193998419,24.484955555555473,8.161651851851824,334.18373158745476,5.012755973811821,7.795364480421748,6.030742483600949,38.03247691611109,162.78822607002408,0.0,409.4613897345261,0.0,0.0,71.97484621701341,413.7828711318936,0.0,728.541614958913,3053.543160715162,23.836836553672097,0.0,0.0,0.0,0.0,8.526512829121202e-14,0.0
2025-01-15 19:00:00+00:00,0,70.0,567.4678333333334,172.69728888888892,344.29601111111106,50.47453333333334,172.69728888888886,147.55543333333353,25.14185555555555,34.41346483141821,309.88254627969286,50.47453333333334,0.0,214.62608484848514,67.07065151515161,84.88799816475154,113.18399755300204,28.29599938825051,25.14185555555534,8.380618518518446,343.40502035376664,5.1510753053065,7.734800203869737,6.197650925593857,38.24298576888888,161.07378162557956,0.0,374.1966413438697,0.0,0.0,46.38655894238252,364.1273486081746,0.0,728.541614958913,2285.5928695526404,23.841472464795377,0.0,0.0,0.0,0.0,5.684341886080802e-14,0.0
2025-01-15 20:00:00+00:00,0,70.0,578.9941906565657,176.36068017676772,350.5564054292929,52.077105050505054,176.36068017676757,150.23845946969715,26.122220707070703,0.0,350.5564054292929,52.077105050505054,0.0,218.5286683195595,68.29020884986234,52.077105050505054,69.43614006734006,17.359035016835016,26.12222070707054,8.707406902356846,385.3860330387203,5.7807904955808045,7.531899159090909,7.011128108585858,39.06832063761361,153.74878916992537,4.20136486757815,633.1939476023099,0.0,0.0,345.2291392154103,0.0,0.0,728.541614958913,1517.642578390119,23.836361705552495,0.0,0.0,0.0,0.0,5.684341886080802e-14,0.0
2025-01-15 21:00:00+00:00,0,70.0,568.4895555555556,173.08265,343.20863888888886,52.19826666666667,173.08264999999992,147.0894166666668,25.99323333333333,343.20863888888886,0.0,52.19826666666667,0.0,213.94824242424266,66.85882575757583,395.4069055555555,527.2092074074073,131.80230185185184,25.993233333333166,8.664411111111054,34.657644444444216,0.5198646666666632,10.818241833333332,0.0,38.37101637166665,257.03466159220534,96.98260218884798,741.1574498316501,0.0,0.0,0.0,0.0,0.0,728.541614958913,749.6922872275977,23.83407840067438,0.0,0.0,0.0,0.0,0.0,-1.1368683772161603e-13
2025-01-15 22:00:00+00:00,0,70.0,578.4975555555556,175.96158333333332,349.01241666666664,53.52355555555557,175.96158333333324,149.57675000000015,26.384833333333326,349.01241666666664,0.0,53.52355555555557,0.0,217.56618181818203,67.98943181818188,402.5359722222222,536.7146296296296,134.1786574074074,26.384833333333177,8.794944444444392,35.179777777777566,0.5276966666666635,11.005608055555555,0.0,39.021364580555534,261.51770297281143,840.0152585283669,754.2808114478116,0.0,0.0,0.0,0.0,0.0,0.0,749.6922872275977,23.83087907500738,0.0,0.0,0.0,0.0,-1.1368683772161603e-13,0.0
2025-01-15 23:00:00+00:00,0,70.0,575.9300000000001,175.0588666666667,347.1202,53.750933333333336,175.0588666666666,148.7658000000001,26.293066666666665,347.1202,0.0,53.750933333333336,0.0,216.38661818181833,67.62081818181824,400.8711333333333,534.4948444444444,133.6237111111111,26.29306666666662,8.76435555555554,35.05742222222216,0.5258613333333324,10.951115333333334,0.0,38.83447953999998,260.3203410551515,1564.7919560140645,750.8814626262629,0.0,0.0,0.0,0.0,728.541614958913,0.0,1440.8475492738667,23.83231017455621,0.0,0.0,0.0,0.0,-1.1368683772161603e-13,-1.1368683772161603e-13
2025-03-21 00:00:00+00:00,1,20.0,888.9409444444444,268.94641111111116,538.1733777777778,81.82115555555556,268.94641111111116,183.5114049302812,85.43500618082994,362.65713409031105,175.51624368746673,81.82115555555556,0.0,266.92567989859083,83.41427496830963,444.4782896458666,592.6377195278221,148.15942988195553,85.43500618082996,28.478335393609985,289.42958526190665,4.3414437789286,15.208250452014223,3.5103248737493344,59.642108676666666,342.754168025234,1960.2367274285912,859.563399426413,0.0,0.0,0.0,0.0,728.541614958913,0.0,2600.2990127707662,23.727457271256657,0.0,0.0,0.0,0.0,-3.410605131648481e-13,0.0
2025-03-21 01:00:00+00:00,1,20.0,728.8360555555555,220.5411166666667,440.93213888888886,67.36280000000001,220.5411166666667,183.51140493028117,37.029711736385515,377.1154896458666,63.81664924302227,67.36280000000001,0.0,266.92567989859083,83.41427496830963,444.4782896458666,592.6377195278221,148.15942988195553,37.029711736385565,12.343237245461854,113.18959822486968,1.6978439733730453,13.263425674236444,1.2763329848604454,48.91475083166667,309.06929555986363,1766.446966074332,859.563399426413,0.0,0.0,0.0,0.0,728.541614958913,0.0,3291.454274817035,23.776985928667976,0.0,0.0,0.0,0.0,0.0,0.0
2025-03-21 02:00:00+00:00,1,20.0,872.3286111111111,263.8056166666667,528.2481944444444,80.2748,263.8056166666667,183.5114049302812,80.29421173638548,364.2034896458666,164.04470479857778,80.2748,0.0,266.92567989859083,83.41427496830963,444.4782896458666,592.6377195278221,148.15942988195553,80.29421173638545,26.764737245461816,271.103653780425,4.0665548067063755,15.009746785347556,3.2808940959715556,58.50254248166667,339.1981802654192,1940.0684063354431,859.563399426413,0.0,0.0,0.0,0.0,728.541614958913,0.0,3982.609536863304,23.73394081256602,0.0,0.0,0.0,0.0,-1.1368683772161603e-13,0.0
2025-03-21 03:00:00+00:00,1,20.0,683.0305555555556,206.63958888888888,413.77194444444444,62.61902222222222,206.63958888888888,177.33083333333335,29.30875555555555,381.8592674236444,31.912677020800068,62.61902222222222,0.0,257.9357575757576,80.60492424242425,444.4782896458666,592.6377195278221,148.15942988195553,29.30875555555555,9.769585185185182,70.9910177615408,1.064865266423112,12.720221785347555,0.6382535404160014,45.81828423444445,298.77556413619607,1710.3477346506645,850.5734771035798,0.0,0.0,0.0,0.0,728.541614958913,0.0,4673.764798909573,23.79264055818638,0.0,0.0,0.0,0.0,-1.1368683772161603e-13,0.0
2025-03-21 04:00:00+00:00,1,20.0,588.3298333333333,178.06778333333338,356.9038277777778,53.358222222222224,178.06778333333324,152.95878333333343,25.109,356.9038277777778,0.0,53.358222222222224,0.0,222.48550303030316,69.52671969696974,410.26205000000004,547.0160666666667,136.75401666666667,25.108999999999924,8.36966666666664,33.47866666666656,0.5021799999999984,11.240697055555557,0.0,39.4670781872222,265.8603582730808,1582.7318065653262,769.5015696969699,0.0,0.0,0.0,0.0,728.5416149589121,0.0,5364.920060955841,23.822496328356916,0.0,0.0,0.0,0.0,0.0,0.0
2025-03-21 05:00:00+00:00,1,20.0,900.4637777777778,272.40182777777784,546.4402611111111,81.6216888888889,272.40182777777784,183.5114049302812,88.89042284749661,362.8566007569776,183.58366035413343,81.6216888888889,0.0,266.92567989859083,83.41427496830963,444.4782896458666,592.6377195278221,148.15942988195553,88.89042284749664,29.630140949165543,302.10422415079563,4.5315633622619345,15.373588118680889,3.6716732070826685,60.37524535166668,345.15591583912294,1974.1613085758136,859.563399426413,0.0,0.0,0.0,0.0,728.541614958913,0.0,6056.075323002111,23.72899183190387,0.0,0.0,0.0,0.0,-1.1368683772161603e-13,0.0
2025-03-21 06:00:00+00:00,1,20.0,706.0415921717172,213.63587335858588,428.3149703282828,64.09074848484849,213.63587335858588,183.5114049302812,30.124468428304688,380.3875411610181,47.927429167264705,64.09074848484849,0.0,266.92567989859083,83.41427496830963,444.4782896458666,592.6377195278221,148.15942988195553,30.124468428304688,10.041489476101562,88.09338707167095,1.3214008060750642,13.011082303024324,0.9585485833452941,47.35239097157829,304.25861699038967,1738.8418241210188,859.563399426413,0.0,0.0,0.0,0.0,728.5416149589121,0.0,6747.230585048379,23.787071374201805,0.0,0.0,0.0,0.0,-1.1368683772161603e-13,0.0
2025-03-21 07:00:00+00:00,1,20.0,479.84220580808073,145.3636061868687,290.95708851010096,43.52151111111112,145.36360618686862,124.6958950757577,20.66771111111111,290.95708851010096,0.0,43.52151111111112,0.0,181.3758473829203,56.679952307162594,334.4785996212121,445.9714661616161,111.49286654040402,20.66771111111096,6.889237037036986,27.556948148147946,0.4133542222222192,9.16392776641414,0.0,32.21752268657827,216.85686055981822,696.6990663678989,627.3473135445364,0.0,0.0,0.0,0.0,0.0,0.0,6747.230585048379,23.855671101463802,0.0,0.0,0.0,0.0,-2.842170943040401e-14,0.0
2025-03-21 08:00:00+00:00,1,20.0,475.1079979203803,143.81924382055854,287.83346521093284,43.45528888888889,143.81924382055848,123.35719937611422,20.462044444444444,287.83346521093284,0.0,43.45528888888889,0.0,179.42865363798433,56.0714542618701,331.28875409982174,441.7183387997623,110.42958469994058,20.462044444444317,6.820681481481438,27.282725925925753,0.40924088888888627,9.069556845216875,0.0,31.8857375600089,214.68625573740678,689.7942536577871,621.1469924377466,0.0,0.0,0.0,0.0,0.0,0.0,6747.230585048379,23.855145957830757,0.0,0.0,0.0,0.0,0.0,0.0
2025-03-21 09:00:00+00:00,1,20.0,476.9575555555556,144.37720555555558,288.72079444444444,43.85955555555556,144.37720555555546,123.73748333333347,20.63972222222222,288.72079444444444,0.0,43.85955555555556,0.0,179.98179393939415,56.24431060606067,332.58035,443.4404666666667,110.86011666666667,20.639722222222105,6.879907407407368,27.51962962962947,0.412794444444442,9.100219388888888,0.0,32.01568704944442,215.51303556291248,692.470591118468,623.4222606060608,0.0,0.0,0.0,0.0,0.0,0.0,6747.23058504838,23.85320505823877,0.0,0.0,0.0,0.0,-1.1368683772161603e-13,0.0
2025-03-21 10:00:00+00:00,1,20.0,497.55061111111115,150.61539444444446,301.14890555555553,45.78631111111112,150.61539444444438,129.06381666666675,21.551577777777776,301.14890555555553,0.0,45.78631111111112,0.0,187.729187878788,58.66537121212125,346.93521666666663,462.58028888888884,115.64507222222221,21.55157777777771,7.183859259259236,28.735437037036945,0.43103155555555417,9.492330277777777,0.0,33.39984703722221,224.81751156415822,0.0,650.3094767676769,0.0,0.0,0.0,0.0,0.0,722.3681226752694,5985.787726130455,23.852171970135554,0.0,0.0,0.0,0.0,5.684341886080802e-14,0.0
2025-03-21 11:00:00+00:00,1,20.0,483.2366805555555,146.35020972222225,292.62104861111106,44.26542222222223,146.3502097222221,125.40902083333347,20.94118888888888,292.62104861111106,0.0,44.26542222222223,0.0,182.4131212121214,57.00410037878794,336.8864708333333,449.18196111111104,112.29549027777776,20.941188888888774,6.980396296296258,27.92158518518503,0.41882377777777546,9.221285680555555,0.0,32.448073506527756,218.36816991772304,0.0,631.5950823232324,0.0,0.0,0.0,0.0,0.0,701.6048504732785,5246.231277824647,23.855962092679015,0.0,0.0,0.0,0.0,-5.684341886080802e-14,0.0
2025-03-21 12:00:00+00:00,1,20.0,512.4991597222222,155.55097708333335,311.97250486111113,44.975677777777776,155.55097708333324,133.7025020833335,21.848474999999997,311.97250486111113,0.0,44.975677777777776,0.0,194.47636666666693,60.77386458333342,356.9481826388889,475.9309101851852,118.9827275462963,21.848474999999837,7.282824999999946,29.131299999999783,0.43696949999999674,9.808931923611112,0.0,34.43309926381942,231.7184178170602,15.6759625803694,670.4072768518522,0.0,0.0,0.0,0.0,0.0,728.541614958913,4478.2809866621255,23.840716021274737,0.0,0.0,0.0,0.0,-2.842170943040401e-14,0.0
2025-03-21 13:00:00+00:00,1,20.0,498.6522272897897,151.23658346471473,301.95887715840837,45.45676666666667,151.2365834647146,129.41094735360375,21.82563611111111,301.95887715840837,0.0,45.45676666666667,0.0,188.23410524160545,58.8231578880017,347.4156438250751,463.2208584334335,115.80521460835837,21.82563611111098,7.275212037036994,29.100848148147975,0.4365127222222196,9.51333398141892,0.0,33.52386220307618,225.37729344011439,724.0295207299041,651.4549636750389,0.0,0.0,0.0,0.0,0.0,0.0,4478.2809866621255,23.848609942485364,0.0,0.0,0.0,0.0,0.0,0.0
2025-03-21 14:00:00+00:00,1,20.0,488.3239145092108,147.99378426437943,295.1235873155385,45.20654292929293,147.9937842643793,126.48153742094523,21.51224684343434,295.1235873155385,0.0,45.20654292929293,0.0,183.9731453395567,57.49160791861147,340.3301302448314,453.7735069931085,113.44337674827713,21.512246843434184,7.170748947811394,28.682995791245578,0.43024493686868365,9.305773048759084,0.0,32.824245084924115,220.66599668525188,826.1657449068418,637.7466523326652,0.0,0.0,0.0,0.0,117.1758337123792,0.0,4589.443743040204,23.85150710195927,0.0,0.0,0.0,0.0,-4.263256414560601e-14,0.0
2025-03-21 15:00:00+00:00,1,20.0,481.01074166111675,145.67959472055725,290.481502496115,44.84964444444444,145.67959472055713,124.4920724983351,21.18752222222222,290.481502496115,0.0,44.84964444444444,0.0,181.0793781793965,56.58730568106141,335.33114694055945,447.1081959207459,111.77704898018648,21.187522222222142,7.062507407407381,28.250029629629523,0.4237504444444428,9.162941519327894,0.0,32.32024496956083,217.3337990019884,698.344540663105,628.1875741001425,0.0,0.0,0.0,0.0,0.0,0.0,4589.443743040204,23.854833141974186,0.0,0.0,0.0,0.0,-1.4210854715202004e-13,0.0
2025-03-21 16:00:00+00:00,1,20.0,471.4551557440516,142.84269620331057,285.4862959043774,43.12616363636364,142.84269620331057,122.35126967330477,20.49142653000594,285.4862959043774,0.0,43.12616363636364,0.0,177.96548316117057,55.614213487865804,328.6124595407411,438.14994605432145,109.53748651358036,20.491426530005825,6.830475510001941,27.321902040007764,0.4098285306001164,8.995850513494961,0.0,31.668327515011104,213.05618207055429,684.5113378146058,616.115429215492,0.0,0.0,0.0,0.0,0.0,0.0,4589.443743040204,23.859689371326496,0.0,0.0,0.0,0.0,-8.526512829121202e-14,0.0
2025-03-21 17:00:00+00:00,1,20.0,506.3876581196581,153.6238858974359,307.39523888888885,45.36853333333334,153.6238858974358,131.74081666666686,21.88306923076923,307.39523888888885,0.0,45.36853333333334,0.0,191.62300606060634,59.882189393939484,352.76377222222214,470.35169629629615,117.58792407407404,21.88306923076908,7.29435641025636,29.17742564102544,0.43766138461538157,9.675542499999997,0.0,34.03169054961536,228.9093643125006,6.755407473245782,661.9747023569025,0.0,0.0,0.0,0.0,0.0,728.541614958913,3821.493451877683,23.853281242981197,0.0,0.0,0.0,0.0,5.684341886080802e-14,0.0
2025-03-21 18:00:00+00:00,1,20.0,661.2437539682539,200.67989285714287,400.2938166666666,60.27004444444445,200.6798928571428,171.55449285714303,29.1254,384.2082452014222,16.085571465244456,60.27004444444445,0.0,249.53380779220805,77.97931493506502,444.4782896458666,592.6377195278221,148.15942988195553,29.125399999999843,9.708466666666613,54.91943813191091,0.8237915719786636,12.450659229791999,0.3217114293048891,44.48244928134919,293.9258229961119,226.6279620054528,842.1715273200302,0.0,0.0,0.0,0.0,0.0,728.541614958913,3053.543160715162,23.808908868568697,0.0,0.0,0.0,0.0,-5.684341886080802e-14,0.0
2025-03-21 19:00:00+00:00,1,20.0,660.9889503968254,200.8120628968254,399.5052875,60.6716,200.81206289682527,171.21655178571444,29.595511111111108,383.8066896458666,15.69859785413341,60.6716,0.0,249.04225714285738,77.82570535714294,444.4782896458666,592.6377195278221,148.15942988195553,29.595511111110966,9.865170370370322,55.1592793356147,0.8273891900342204,12.434888646458667,0.31397195708266823,44.52133524105155,293.9478906440959,226.39522608200832,841.6799766706795,0.0,0.0,0.0,0.0,0.0,728.541614958913,2285.5928695526404,23.804668016632746,0.0,0.0,0.0,0.0,0.0,0.0
2025-03-21 20:00:00+00:00,1,20.0,575.8912777777778,175.16022777777778,346.9885611111111,53.74248888888889,175.16022777777772,148.70938333333353,26.45084444444444,346.9885611111111,0.0,53.74248888888889,0.0,216.30455757575788,67.59517424242433,400.7310499999999,534.3080666666665,133.57701666666662,26.45084444444427,8.81694814814809,35.26779259259236,0.5290168888888853,10.947081722222219,0.0,38.85591663166665,260.3211543000168,107.67081711888159,750.6126242424243,0.0,0.0,0.0,0.0,0.0,728.541614958913,1517.642578390119,23.831036007866583,0.0,0.0,0.0,0.0,0.0,0.0
2025-03-21 21:00:00+00:00,1,20.0,848.0591111111111,257.87938333333335,511.3407055555555,78.83902222222223,257.87938333333335,183.5114049302812,74.36797840305215,365.6392674236444,145.7014381319111,78.83902222222223,0.0,266.92567989859083,83.41427496830963,444.4782896458666,592.6377195278221,148.15942988195553,74.36797840305212,24.789326134350706,244.85874266931393,3.6728811400397086,14.671597007569776,2.914028762638222,57.19805830722223,334.81959620208585,454.33709235428387,859.563399426413,0.0,0.0,0.0,0.0,0.0,728.541614958913,749.6922872275977,23.744895492066473,0.0,0.0,0.0,0.0,-5.684341886080802e-14,0.0
2025-03-21 22:00:00+00:00,1,20.0,785.4006111111112,238.71451111111114,473.9123666666666,72.77373333333334,238.71451111111114,183.5114049302812,55.203106180829934,371.70455631253327,102.20781035413337,72.77373333333334,0.0,266.92567989859083,83.41427496830963,444.4782896458666,592.6377195278221,148.15942988195553,55.20310618082995,18.40103539360998,175.8119519285733,2.6371792789285995,13.923030229791998,2.0441562070826675,52.94179495777778,321.5209009174562,1600.5490507582474,859.563399426413,0.0,0.0,0.0,0.0,493.6275387296801,0.0,1217.9884886782284,23.761094722718944,0.0,0.0,0.0,0.0,-5.684341886080802e-14,0.0
2025-03-21 23:00:00+00:00,1,20.0,617.5177777777778,188.05783333333335,373.1753666666666,56.28457777777778,188.05783333333324,159.93230000000014,28.12553333333333,373.1753666666666,0.0,56.28457777777778,0.0,232.6288000000002,72.69650000000007,429.4599444444444,572.6132592592592,143.1533148148148,28.12553333333321,9.375177777777736,37.500711111110945,0.5625106666666642,11.758106777777776,0.0,41.679500294444416,279.22511033148146,1625.284503068172,805.2420592592593,0.0,0.0,0.0,0.0,728.5416149589129,0.0,1909.1437507244973,23.819945001381637,0.0,0.0,0.0,0.0,-2.2737367544323206e-13,0.0
2025-03-23 00:00:00+00:00,2,1.0,591.4327222222223,179.57147222222224,357.9637833333333,53.89746666666667,179.57147222222216,153.41305000000014,26.15842222222222,357.9637833333333,0.0,53.89746666666667,0.0,223.14625454545475,69.73320454545461,411.86125,549.1483333333333,137.28708333333333,26.15842222222207,8.719474074074023,34.87789629629609,0.5231684444444413,11.277888166666667,0.0,39.802706480555536,267.3435250445286,1587.3178622256637,772.2945878787881,0.0,0.0,0.0,0.0,728.5416149589129,0.0,2132.0028113201356,23.825721341377903,0.0,0.0,0.0,0.0,-1.1368683772161603e-13,0.0
2025-03-23 01:00:00+00:00,2,1.0,716.1225,217.23960555555558,433.51245,65.37044444444444,217.23960555555558,183.5114049302812,33.72820062527438,379.10784520142215,54.40460479857785,65.37044444444444,0.0,266.92567989859083,83.41427496830963,444.4782896458666,592.6377195278221,148.15942988195553,33.72820062527441,11.242733541758136,99.37553896561039,1.4906330844841558,13.115031896458667,1.088092095971557,48.156420485000005,306.66661595393765,1751.3307309128504,859.563399426413,0.0,0.0,0.0,0.0,728.541614958913,0.0,2823.1580733664046,23.78569176108422,0.0,0.0,0.0,0.0,-2.2737367544323206e-13,0.0
2025-03-23 02:00:00+00:00,2,1.0,925.211111111111,280.8575944444445,560.4989833333333,83.85453333333334,280.8575944444445,183.51140493028123,97.34618951416324,360.62375631253326,199.87522702080003,83.85453333333334,0.0,266.92567989859083,83.41427496830963,444.4782896458666,592.6377195278221,148.15942988195553,97.34618951416329,32.448729838054426,329.6701463730177,4.945052195595266,15.654762563125331,3.9975045404160006,62.24141306611112,350.8611670535673,2004.6138931235914,859.563399426413,0.0,0.0,0.0,0.0,728.541614958913,0.0,3514.3133354126735,23.723398373840585,0.0,0.0,0.0,0.0,1.1368683772161603e-13,0.0
2025-03-23 03:00:00+00:00,2,1.0,983.1763888888888,298.13036111111114,595.0019833333333,90.04404444444447,298.13036111111114,183.5114049302812,114.61895618082994,354.43424520142213,240.5677381319112,90.04404444444447,0.0,266.92567989859083,83.41427496830963,444.4782896458666,592.6377195278221,148.15942988195553,114.61895618082988,38.206318726943294,393.3930130396844,5.9008951955952655,16.344822563125334,4.811354762638224,66.09662534722223,362.9337214457895,2074.651725293591,859.563399426413,0.0,0.0,0.0,0.0,728.541614958913,0.0,4205.468597458943,23.705920150942273,0.0,0.0,0.0,0.0,-3.410605131648481e-13,0.0
2025-03-23 04:00:00+00:00,2,1.0,895.1717777777778,271.4749777777778,541.856311111111,81.84048888888891,271.4749777777778,183.5114049302812,87.96357284749661,362.63780075697764,179.21851035413346,81.84048888888891,0.0,266.92567989859083,83.41427496830963,444.4782896458666,592.6377195278221,148.15942988195553,87.96357284749658,29.321190949165526,296.50327415079556,4.4475491122619335,15.28190911868089,3.584370207082669,60.18297570666668,344.3916999441229,1968.1050926808127,859.563399426413,0.0,0.0,0.0,0.0,728.5416149589121,0.0,4896.623859505211,23.73443967313194,0.0,0.0,0.0,0.0,0.0,0.0
2025-03-23 05:00:00+00:00,2,1.0,954.5763333333333,289.40819444444446,577.8073388888888,87.36080000000001,289.40819444444446,183.5114049302812,105.89678951416326,357.1174896458666,220.68984924302222,87.36080000000001,0.0,266.92567989859083,83.41427496830963,444.4782896458666,592.6377195278221,148.15942988195553,105.89678951416329,35.29892983805443,361.88556859523993,5.428283528928599,16.000929674236442,4.413796984860444,64.16159235277777,356.8772372291228,2039.995185521369,859.563399426413,0.0,0.0,0.0,0.0,728.541614958913,0.0,5587.779121551481,23.714623826187545,0.0,0.0,0.0,0.0,-2.2737367544323206e-13,0.0
2025-03-23 06:00:00+00:00,2,1.0,900.5412765151516,273.1472746212122,545.3080332070707,82.0859686868687,273.1472746212122,183.5114049302812,89.63586969093097,362.3923209589979,182.9157122480728,82.0859686868687,0.0,266.92567989859083,83.41427496830963,444.4782896458666,592.6377195278221,148.15942988195553,89.63586969093097,29.878623230310325,302.4302051693141,4.536453077539711,15.35094356060008,3.658314244961456,60.54685075675507,345.5448897204318,1974.6277811944956,859.563399426413,0.0,0.0,0.0,0.0,728.5416149589121,0.0,6278.934383597749,23.732845360094025,0.0,0.0,0.0,0.0,1.1368683772161603e-13,0.0
2025-03-23 07:00:00+00:00,2,1.0,858.559,260.5032277777778,519.4407944444444,78.61497777777778,260.5032277777778,183.5114049302812,76.99182284749658,365.8633118680888,153.57748257635564,78.61497777777778,0.0,266.92567989859083,83.41427496830963,444.4782896458666,592.6377195278221,148.15942988195553,76.99182284749664,25.663940949165543,256.2332463730178,3.8434986955952666,14.833598785347554,3.071549651527113,57.75283668722223,336.7391296191228,1195.2981296191228,859.563399426413,0.0,0.0,0.0,0.0,0.0,0.0,6278.934383597749,23.74452932883501,0.0,0.0,0.0,0.0,5.684341886080802e-14,0.0
2025-03-23 08:00:00+00:00,2,1.0,490.1247222222222,148.87131111111114,296.5823,44.67111111111112,148.87131111111105,127.10670000000013,21.76461111111111,296.5823,0.0,44.67111111111112,0.0,184.88247272727293,57.77577272727279,341.25341111111106,455.00454814814805,113.75113703703701,21.76461111111101,7.254870370370336,29.019481481481343,0.43529222222222014,9.344180111111111,0.0,32.997583628888876,221.55883609690233,1205.311097048804,639.887020875421,0.0,0.0,0.0,0.0,493.6275387296796,0.0,6747.230585048379,23.856371810318247,0.0,0.0,0.0,0.0,-1.7053025658242404e-13,0.0
2025-03-23 09:00:00+00:00,2,1.0,792.4803333333334,240.46431111111113,479.2584222222222,72.75760000000001,240.46431111111113,183.5114049302812,56.952906180829935,371.7206896458666,107.5377325763556,72.75760000000001,0.0,266.92567989859083,83.41427496830963,444.4782896458666,592.6377195278221,148.15942988195553,56.9529061808299,18.984302060276633,183.47494081746214,2.752124112261932,14.02995134090311,2.150754651527112,53.31529968444445,322.80613669967835,1115.2864700330117,859.563399426413,0.0,0.0,0.0,0.0,0.0,0.0,6747.23058504838,23.760780913105194,0.0,0.0,0.0,0.0,-5.684341886080802e-14,0.0
2025-03-23 10:00:00+00:00,2,1.0,504.46869584679456,153.5152420873717,304.81852042608944,46.134933333333336,153.5152420873716,130.6365087540385,22.87873333333333,304.81852042608944,0.0,46.134933333333336,0.0,190.01674000587417,59.38023125183568,350.9534537594228,467.93793834589707,116.98448458647427,22.8787333333332,7.6262444444444,30.5049777777776,0.457574666666664,9.605904946116018,0.0,34.028782967404645,228.08322286294168,4.010303750823255,657.9546783517712,0.0,0.0,0.0,0.0,0.0,728.541614958913,5979.280293885859,23.84968799369963,0.0,0.0,0.0,0.0,0.0,0.0
2025-03-23 11:00:00+00:00,2,1.0,519.7610682660537,157.81698492216543,313.9170811789326,48.027002164955654,157.8169849221653,134.53589193382837,23.28109298833717,313.9170811789326,0.0,48.027002164955654,0.0,195.68857008556853,61.15267815174016,361.9440833438883,482.5921111251844,120.6480277812961,23.281092988337093,7.760364329445697,31.04145731778279,0.4656218597667418,9.897782457017536,0.0,34.998205235238046,234.92267981450425,26.142133121644974,678.2806812107528,0.0,0.0,0.0,0.0,0.0,728.541614958913,5211.330002723336,23.844093017415382,0.0,0.0,0.0,0.0,0.0,0.0
2025-03-23 12:00:00+00:00,2,1.0,719.4712083333334,218.2118138888889,435.23304999999993,66.02634444444445,218.2118138888889,183.5114049302812,34.70040895860772,378.4519452014222,56.781104798577786,66.02634444444445,0.0,266.92567989859083,83.41427496830963,444.4782896458666,592.6377195278221,148.15942988195553,34.700408958607674,11.566802986202557,103.04831674338801,1.54572475115082,13.149443896458667,1.1356220959715557,48.38156275583333,307.35286133588204,298.28245471030255,859.563399426413,0.0,0.0,0.0,0.0,0.0,728.541614958913,4443.379711560816,23.783561354881968,0.0,0.0,0.0,0.0,1.1368683772161603e-13,0.0
2025-03-23 13:00:00+00:00,2,1.0,926.5099027777778,280.9913763888889,560.8525708333333,84.66595555555557,280.9913763888889,183.5114049302812,97.47997145860772,359.812334090311,201.04023674302226,84.66595555555557,0.0,266.92567989859083,83.41427496830963,444.4782896458666,592.6377195278221,148.15942988195553,97.47997145860765,32.49332381953588,331.0135320211658,4.965202980317487,15.661834313125333,4.020804734860445,62.29150495652779,351.0063756546321,1431.4812863328766,859.563399426413,0.0,0.0,0.0,0.0,153.96500790046673,0.0,4589.443743040204,23.72096076430019,0.0,0.0,0.0,0.0,-5.684341886080802e-14,0.0
2025-03-23 14:00:00+00:00,2,1.0,578.127949074074,175.43630039682543,350.0150074074074,52.67664126984127,175.43630039682532,150.0064317460319,25.429868650793647,350.0150074074074,0.0,52.67664126984127,0.0,218.19117344877367,68.18474170274177,402.69164867724874,536.9221982363316,134.2305495590829,25.429868650793537,8.476622883597845,33.90649153439138,0.5085973730158706,11.027216634920636,0.0,38.88666838845236,261.3143965418114,839.4423456158853,755.1133716851052,0.0,0.0,0.0,0.0,0.0,0.0,4589.443743040204,23.833560931608766,0.0,0.0,0.0,0.0,-5.684341886080802e-14,0.0
2025-03-23 15:00:00+00:00,2,1.0,516.4356807631967,156.25700978451457,312.7635154231266,47.41515555555556,156.2570097845145,134.04150660991152,22.21550317460317,312.7635154231266,0.0,47.41515555555556,0.0,194.9694641598713,60.927957549959785,360.17867097868213,480.2382279715762,120.05955699289404,22.215503174603015,7.405167724867671,29.620670899470685,0.44431006349206026,9.857057018249353,0.0,34.64862461317297,233.3426739626359,749.7783547258326,675.2076921314475,0.0,0.0,0.0,0.0,0.0,0.0,4589.443743040204,23.850571352258072,0.0,0.0,0.0,0.0,0.0,0.0
2025-03-23 16:00:00+00:00,2,1.0,499.09041011691886,151.06124049539312,302.46037597073206,45.56879365079366,151.0612404953931,129.62587541602818,21.435365079365077,302.46037597073206,0.0,45.56879365079366,0.0,188.54672787785918,58.920852461831,348.02916962152574,464.03889282870097,116.00972320717524,21.435365079364942,7.145121693121647,28.580486772486587,0.4287073015872988,9.529499215629897,0.0,33.48936012561153,225.52326400495662,724.6136741218754,652.5856207065601,0.0,0.0,0.0,0.0,0.0,0.0,4589.443743040204,23.854247492894043,0.0,0.0,0.0,0.0,-5.684341886080802e-14,0.0
2025-03-23 17:00:00+00:00,2,1.0,522.8236454909506,158.19548809172966,317.3691351769988,47.25902222222223,158.19548809172954,136.01534364728533,22.180144444444444,317.3691351769988,0.0,47.25902222222223,0.0,197.84049985059684,61.825156203311515,364.628157399221,486.17087653229464,121.54271913307366,22.180144444444352,7.39338148148145,29.5735259259258,0.443602888888887,9.993664277532186,0.0,35.05873989409149,236.2572638783792,30.5392944104168,684.0113763828915,0.0,0.0,0.0,0.0,0.0,728.541614958913,3821.493451877683,23.845439817742797,0.0,0.0,0.0,0.0,-5.684341886080802e-14,0.0
2025-03-23 18:00:00+00:00,2,1.0,804.8981580154264,243.52374271419637,487.39615555555554,73.97825974567438,243.52374271419637,183.5114049302812,60.01233778391517,370.50002990019215,116.89612565536338,73.97825974567438,0.0,266.92567989859083,83.41427496830963,444.4782896458666,592.6377195278221,148.15942988195553,60.012337783915186,20.004112594638393,196.91257603391693,2.953688640508754,14.192706007569779,2.3379225131072676,54.001447701284135,325.0635823073735,401.4201253638869,859.563399426413,0.0,0.0,0.0,0.0,0.0,728.541614958913,3053.543160715162,23.753837469669964,0.0,0.0,0.0,0.0,0.0,0.0
2025-03-23 19:00:00+00:00,2,1.0,831.7235000000001,251.60103333333333,503.8719777777778,76.2504888888889,251.60103333333333,183.5114049302812,68.08962840305215,368.2278007569777,135.6441770208001,76.2504888888889,0.0,266.92567989859083,83.41427496830963,444.4782896458666,592.6377195278221,148.15942988195553,68.08962840305213,22.696542801017376,226.4303482248696,3.3964552233730436,14.522222452014223,2.712883540416002,55.78777877888889,330.68958764597465,433.87147268706167,859.563399426413,0.0,0.0,0.0,0.0,0.0,728.541614958913,2285.5928695526404,23.74734291912818,0.0,0.0,0.0,0.0,-5.684341886080802e-14,0.0
2025-03-23 20:00:00+00:00,2,1.0,635.7152124183008,192.19188594771242,385.154304248366,58.36902222222223,192.19188594771234,165.06613039215702,27.12575555555555,385.154304248366,0.0,58.36902222222223,0.0,240.0961896613193,75.03005926916228,443.5233264705882,591.3644352941176,147.8411088235294,27.1257555555554,9.041918518518466,36.167674074073865,0.542515111111108,12.138319349673202,0.0,42.61818511591501,287.21210618790946,194.3857036472972,831.4606249554369,0.0,0.0,0.0,0.0,0.0,728.541614958913,1517.642578390119,23.805781518068358,0.0,0.0,0.0,0.0,-5.684341886080802e-14,0.0
2025-03-23 21:00:00+00:00,2,1.0,686.6984315245478,207.82274612403103,416.7049742894057,62.17071111111111,207.82274612403103,178.58784612403102,29.2349,382.30757853475546,34.39739575465021,62.17071111111111,0.0,259.7641398167724,81.17629369274138,444.4782896458666,592.6377195278221,148.15942988195553,29.234899999999968,9.744966666666656,73.37726242131683,1.1006589363197523,12.778882382246781,0.6879479150930042,46.059244691149885,299.707424166173,257.86424073180774,852.4018593445945,0.0,0.0,0.0,0.0,0.0,728.541614958913,749.6922872275977,23.788180184431152,0.0,0.0,0.0,0.0,-5.684341886080802e-14,0.0
2025-03-23 22:00:00+00:00,2,1.0,858.9541666666667,260.3635833333334,522.9936055555555,75.59697777777777,260.3635833333334,183.5114049302812,76.85217840305218,368.8813118680888,154.11229368746672,75.59697777777777,0.0,266.92567989859083,83.41427496830963,444.4782896458666,592.6377195278221,148.15942988195553,76.85217840305208,25.61739280101736,256.58186489153616,3.8487279733730424,14.904655007569776,3.0822458737493346,57.643017669444454,336.66974417541917,1195.6239108420857,859.563399426413,0.0,0.0,0.0,0.0,0.0,0.0,749.6922872275977,23.734600657700906,0.0,0.0,0.0,0.0,-1.1368683772161603e-13,0.0
2025-03-23 23:00:00+00:00,2,1.0,893.3551666666667,270.9827777777778,544.2811888888888,78.09120000000001,270.9827777777778,183.5114049302812,87.4713728474966,366.3870896458665,177.89409924302228,78.09120000000001,0.0,266.92567989859083,83.41427496830963,444.4782896458666,592.6377195278221,148.15942988195553,87.4713728474966,29.157124282498863,294.52259637301773,4.417838945595266,15.330406674236446,3.5578819848604457,59.97843641111112,344.0153931485672,1965.912174774147,859.563399426413,0.0,0.0,0.0,0.0,728.541614958913,0.0,1440.8475492738667,23.724552241208013,0.0,0.0,0.0,0.0,0.0,0.0
2025-04-12 00:00:00+00:00,3,36.0,595.6929484236589,179.3790587206461,358.5544932872423,57.75939641577061,179.37905872064596,153.66621140881824,25.712847311827954,358.5544932872423,0.0,57.75939641577061,0.0,223.51448932191744,69.8482779130992,416.3138897030129,555.0851862706838,138.77129656767096,25.712847311827886,8.570949103942628,34.28379641577051,0.5142569462365576,11.334228762774973,0.0,39.86392885361996,268.9029381473443,1593.137501529916,778.5996755926012,0.0,0.0,0.0,0.0,728.541614958913,0.0,2132.0028113201356,23.822421264687083,0.0,0.0,0.0,0.0,0.0,0.0
2025-04-12 01:00:00+00:00,3,36.0,591.338061868687,178.36555189393943,356.3219766414141,56.650533333333335,178.3655518939393,152.70941856060622,25.65613333333333,356.3219766414141,0.0,56.650533333333335,0.0,222.12279063360907,69.41337207300283,412.9725099747474,550.6300132996632,137.6575033249158,25.65613333333323,8.552044444444409,34.208177777777635,0.5131226666666645,11.256164632575757,0.0,39.61795757306816,267.01016471467364,1586.8898415422734,772.7528039332723,0.0,0.0,0.0,0.0,728.541614958913,0.0,2823.1580733664046,23.825750693306105,0.0,0.0,0.0,0.0,-2.2737367544323206e-13,0.0
2025-04-12 02:00:00+00:00,3,36.0,585.7620702372564,176.7457488489547,353.0912102771905,55.925111111111114,176.7457488489546,151.3248044045104,25.42094444444444,353.0912102771905,0.0,55.925111111111114,0.0,220.10880640656057,68.78400200205019,409.0163213883016,545.3550951844021,136.33877379610053,25.420944444444302,8.4736481481481,33.8945925925924,0.508418888888886,11.151987419426826,0.0,39.252581973466036,264.5094122280806,1578.81309742425,765.4639015909627,0.0,0.0,0.0,0.0,728.541614958913,0.0,3514.3133354126735,23.824046587712306,0.0,0.0,0.0,0.0,0.0,0.0
2025-04-12 03:00:00+00:00,3,36.0,590.0336500469814,177.94546723631666,355.86960503288697,56.21857777777778,177.94546723631657,152.51554501409458,25.429922222222217,355.86960503288697,0.0,56.21857777777778,0.0,221.84079274777395,69.32524773367936,412.08818281066476,549.4509104142196,137.3627276035549,25.429922222222103,8.4766407407407,33.9065629629628,0.508598444444442,11.238273928764388,0.0,39.51673865951196,266.42822711069573,1585.0034921165902,771.2917031619936,0.0,0.0,0.0,0.0,728.541614958913,0.0,4205.468597458943,23.820871703835593,0.0,0.0,0.0,0.0,1.1368683772161603e-13,0.0
2025-04-12 04:00:00+00:00,3,36.0,599.0596209394611,180.65154739294945,361.0887846576227,57.31928888888889,180.65154739294928,154.75233628183847,25.899211111111107,361.0887846576227,0.0,57.31928888888889,0.0,225.09430731903777,70.3419710371993,418.40807354651156,557.8774313953487,139.46935784883718,25.89921111111093,8.633070370370309,34.532281481481235,0.5179842222222185,11.405856428617568,0.0,40.12419683342882,270.49243674067543,1598.0936726390487,782.9717387143864,0.0,0.0,0.0,0.0,728.5416149589121,0.0,4896.623859505211,23.816414481055272,0.0,0.0,0.0,0.0,1.1368683772161603e-13,0.0
2025-04-12 05:00:00+00:00,3,36.0,598.7374468522434,180.48303405567304,360.84152390768145,57.41288888888889,180.4830340556729,154.64636738900649,25.836666666666666,360.84152390768145,0.0,57.41288888888889,0.0,224.9401707476458,70.29380335863931,418.25441279657036,557.6725503954272,139.4181375988568,25.83666666666656,8.612222222222186,34.448888888888746,0.5167333333333312,11.399374606119334,0.0,40.09066593325285,270.3309370524238,1597.6099988635801,782.6127211430729,0.0,0.0,0.0,0.0,728.541614958913,0.0,5587.779121551481,23.817137675439298,0.0,0.0,0.0,0.0,0.0,0.0
2025-04-12 06:00:00+00:00,3,36.0,588.9834368393235,177.6296366073526,355.17980023197083,56.174,177.62963660735252,152.21991438513055,25.40972222222222,355.17980023197083,0.0,56.174,0.0,221.4107845601899,69.19087017505935,411.3538002319708,548.4717336426277,137.11793341065692,25.409722222222086,8.469907407407362,33.87962962962945,0.5081944444444417,11.217134006959125,0.0,39.44806434299123,265.9521037875184,1583.477155585754,769.8825182028176,0.0,0.0,0.0,0.0,728.5416149589121,0.0,6278.934383597749,23.824669838010227,0.0,0.0,0.0,0.0,0.0,0.0
2025-04-12 07:00:00+00:00,3,36.0,591.525695648344,178.6963086945032,357.0579647316185,55.77142222222223,178.69630869450305,153.02484202783666,25.67146666666666,357.0579647316185,0.0,55.77142222222223,0.0,222.58158840412605,69.5567463762894,412.8293869538407,550.4391826051209,137.60979565128022,25.67146666666656,8.55715555555552,34.22862222222208,0.5134293333333312,11.269453164170777,0.0,39.66534385690419,267.17192393753345,858.6976195858774,773.0207710092469,0.0,0.0,0.0,0.0,0.0,0.0,6278.934383597749,23.82475515377134,0.0,0.0,0.0,0.0,-5.684341886080802e-14,0.0
2025-04-12 08:00:00+00:00,3,36.0,582.5819444444444,176.08227777777782,352.1732666666666,54.3264,176.08227777777765,150.93140000000017,25.150877777777772,352.1732666666666,0.0,54.3264,0.0,219.53658181818207,68.6051818181819,406.4996666666666,541.9995555555554,135.49988888888885,25.15087777777765,8.383625925925884,33.534503703703535,0.503017555555553,11.108462,0.0,39.068432361111086,263.16860854966325,845.7505529941077,761.5361373737375,0.0,0.0,0.0,0.0,0.0,0.0,6278.934383597749,23.828356311624333,0.0,0.0,0.0,0.0,5.684341886080802e-14,0.0
2025-04-12 09:00:00+00:00,3,36.0,568.6415,171.8171388888889,343.95382777777775,52.87053333333334,171.81713888888885,147.40878333333345,24.408355555555552,343.95382777777775,0.0,52.87053333333334,0.0,214.41277575757593,67.00399242424248,396.8243611111111,529.0991481481481,132.27478703703702,24.408355555555517,8.136118518518504,32.54447407407402,0.4881671111111102,10.847320166666666,0.0,38.118391713888876,256.8687769714646,825.5102769714646,743.511923905724,0.0,0.0,0.0,0.0,0.0,0.0,6278.934383597749,23.831792780200903,0.0,0.0,0.0,0.0,0.0,0.0
2025-04-12 10:00:00+00:00,3,36.0,564.2147222222222,170.62288333333333,342.10419444444443,51.487644444444456,170.62288333333328,146.61608333333348,24.0068,342.10419444444443,0.0,51.487644444444456,0.0,213.2597575757578,66.64367424242431,393.5918388888889,524.7891185185185,131.19727962962963,24.006799999999856,8.002266666666618,32.00906666666647,0.480135999999997,10.778002277777777,0.0,37.8265327461111,254.92789156260943,90.60099882591874,738.0488760942764,0.0,0.0,0.0,0.0,0.0,728.541614958913,5510.984092435228,23.83319402534327,0.0,0.0,0.0,0.0,5.684341886080802e-14,0.0
2025-04-12 11:00:00+00:00,3,36.0,581.3411111111111,175.6971666666667,352.09385555555554,53.550088888888894,175.6971666666666,150.8973666666668,24.799799999999998,352.09385555555554,0.0,53.550088888888894,0.0,219.487078787879,68.58971212121219,405.6439444444444,540.8585925925925,135.21464814814811,24.79979999999989,8.266599999999963,33.06639999999985,0.49599599999999777,11.098316555555556,0.0,38.9655618722222,262.630834697138,115.4303308493362,760.3456713804715,0.0,0.0,0.0,0.0,0.0,728.541614958913,4743.033801272707,23.82627810087567,0.0,0.0,0.0,0.0,5.684341886080802e-14,0.0
2025-04-12 12:00:00+00:00,3,36.0,565.8996666666667,171.05600555555557,342.4896611111111,52.354000000000006,171.0560055555555,146.78128333333345,24.27472222222222,342.4896611111111,0.0,52.354000000000006,0.0,213.50004848484866,66.71876515151521,394.8436611111111,526.4582148148147,131.61455370370368,24.274722222222124,8.09157407407404,32.36629629629616,0.48549444444444245,10.798229833333334,0.0,37.942049387222205,255.6506665942929,93.00871830204653,739.9582632996634,0.0,0.0,0.0,0.0,0.0,728.541614958913,3975.0835101101857,23.832316840584284,0.0,0.0,0.0,0.0,-5.684341886080802e-14,0.0
2025-04-12 13:00:00+00:00,3,36.0,565.6102777777778,171.05305555555557,342.0220222222222,52.5352,171.05305555555543,146.58086666666682,24.472188888888887,342.0220222222222,0.0,52.5352,0.0,213.20853333333358,66.62766666666674,394.5572222222222,526.0762962962963,131.51907407407407,24.472188888888724,8.157396296296241,32.629585185184965,0.4894437777777745,10.786012666666666,0.0,37.9462207722222,255.52581425370371,821.1360920314816,739.2848296296298,0.0,0.0,0.0,0.0,0.0,0.0,3975.0835101101857,23.827753470809643,0.0,0.0,0.0,0.0,2.842170943040401e-14,0.0
2025-04-12 14:00:00+00:00,3,36.0,579.3450555555555,175.05345000000003,349.33480555555553,54.956799999999994,175.05344999999994,149.71491666666677,25.33853333333333,349.33480555555553,0.0,54.956799999999994,0.0,217.76715151515165,68.05223484848489,404.2916055555555,539.055474074074,134.7638685185185,25.33853333333326,8.446177777777752,33.78471111111101,0.5067706666666651,11.029612166666666,0.0,38.865277464999984,261.6639414431144,1488.6015436288162,756.8226255892257,0.0,0.0,0.0,0.0,647.5925466301463,0.0,4589.443743040204,23.82248013576962,0.0,0.0,0.0,0.0,-1.1368683772161603e-13,0.0
2025-04-12 15:00:00+00:00,3,36.0,589.3056111111111,177.8746944444445,354.69509444444446,56.735822222222225,177.87469444444437,152.01218333333352,25.862511111111107,354.69509444444446,0.0,56.735822222222225,0.0,221.1086303030306,69.09644696969706,411.43091666666663,548.5745555555554,137.14363888888886,25.862511111110962,8.620837037036987,34.48334814814795,0.5172502222222192,11.208211055555555,0.0,39.51532149166665,266.1017056650673,855.4073167761784,769.6831858585861,0.0,0.0,0.0,0.0,0.0,0.0,4589.443743040204,23.820231967879245,0.0,0.0,0.0,0.0,-5.684341886080802e-14,0.0
2025-04-12 16:00:00+00:00,3,36.0,579.0735555555556,175.13497222222225,347.2628055555556,56.67577777777778,175.13497222222216,148.82691666666682,26.308055555555548,347.2628055555556,0.0,56.67577777777778,0.0,216.47551515151537,67.64859848484855,403.9385833333333,538.5847777777777,134.64619444444443,26.308055555555427,8.769351851851809,35.077407407407236,0.5261611111111085,10.984641944444444,0.0,38.928251674999984,261.50319951170036,840.5767550672559,755.0602929292932,0.0,0.0,0.0,0.0,0.0,0.0,4589.443743040204,23.823134781187544,0.0,0.0,0.0,0.0,0.0,0.0
2025-04-12 17:00:00+00:00,3,36.0,579.2900555555556,174.91932222222226,347.4120222222222,56.958711111111114,174.9193222222222,148.89086666666677,26.02845555555555,347.4120222222222,0.0,56.958711111111114,0.0,216.56853333333348,67.67766666666671,404.3707333333333,539.1609777777777,134.79024444444443,26.028455555555496,8.67615185185183,34.70460740740732,0.5205691111111098,10.991947777777778,0.0,38.88966500333333,261.54624485518514,112.29468545182772,755.7295111111112,0.0,0.0,0.0,0.0,0.0,728.541614958913,3821.493451877683,23.821324418763403,0.0,0.0,0.0,0.0,0.0,0.0
2025-04-12 18:00:00+00:00,3,36.0,590.6072777777778,178.38268333333338,354.1208611111111,58.10373333333334,178.38268333333326,151.7660833333335,26.6166,354.1208611111111,0.0,58.10373333333334,0.0,220.75066666666694,68.98458333333342,412.2245944444444,549.6327925925925,137.40819814814813,26.616599999999863,8.872199999999953,35.48879999999981,0.5323319999999971,11.204663166666665,0.0,39.66012836166665,266.6621050098148,128.7277678286796,770.3834592592594,0.0,0.0,0.0,0.0,0.0,728.541614958913,3053.543160715162,23.820079280762208,0.0,0.0,0.0,0.0,0.0,0.0
2025-04-12 19:00:00+00:00,3,36.0,580.5663888888889,175.1375666666667,347.9913111111111,57.43751111111112,175.13756666666657,149.1391333333335,25.99843333333333,347.9913111111111,0.0,57.43751111111112,0.0,216.9296484848487,67.79051515151522,405.4288222222222,540.5717629629629,135.14294074074073,25.998433333333196,8.666144444444399,34.664577777777595,0.5199686666666639,11.014114444444445,0.0,38.94899204111109,262.0826754889225,114.10744941889845,757.5014114478116,0.0,0.0,0.0,0.0,0.0,728.541614958913,2285.5928695526404,23.826168857415105,0.0,0.0,0.0,0.0,0.0,0.0
2025-04-12 20:00:00+00:00,3,36.0,571.5785555555556,172.34302222222223,342.5238444444444,56.71168888888889,172.3430222222221,146.7959333333335,25.547088888888887,342.5238444444444,0.0,56.71168888888889,0.0,213.5213575757578,66.72542424242431,399.2355333333333,532.3140444444443,133.07851111111108,25.547088888888737,8.515696296296245,34.06278518518498,0.5109417777777746,10.84283222222222,0.0,38.33256360444442,258.00596925427607,101.0429098509187,745.8354020202021,0.0,0.0,0.0,0.0,0.0,728.541614958913,1517.642578390119,23.83141156905598,0.0,0.0,0.0,0.0,5.684341886080802e-14,0.0
2025-04-12 21:00:00+00:00,3,36.0,569.4257222222221,171.51413333333335,341.1505222222222,56.761066666666665,171.51413333333323,146.20736666666684,25.30676666666666,341.1505222222222,0.0,56.761066666666665,0.0,212.66526060606085,66.45789393939401,397.9115888888889,530.5487851851851,132.63719629629628,25.306766666666533,8.435588888888844,33.74235555555538,0.5061353333333306,10.802126333333334,0.0,38.15673855999998,256.9956793512458,97.87978661455486,743.214045791246,0.0,0.0,0.0,0.0,0.0,728.541614958913,749.6922872275977,23.829590013595304,0.0,0.0,0.0,0.0,-1.1368683772161603e-13,0.0
2025-04-12 22:00:00+00:00,3,36.0,572.0856666666666,172.50379444444448,342.5127611111111,57.06911111111111,172.50379444444437,146.79118333333352,25.71261111111111,342.5127611111111,0.0,57.06911111111111,0.0,213.51444848484877,66.72326515151524,399.5818722222222,532.7758296296296,133.1939574074074,25.71261111111096,8.570870370370319,34.283481481481274,0.5142522222222191,10.846073944444445,0.0,38.376392317222205,258.2248114131818,830.3104780798484,746.2902781144784,0.0,0.0,0.0,0.0,0.0,0.0,749.6922872275977,23.82858277922777,0.0,0.0,0.0,0.0,0.0,0.0
2025-04-12 23:00:00+00:00,3,36.0,584.3265,176.4957777777778,349.55845555555555,58.272266666666674,176.49577777777765,149.81076666666684,26.68501111111111,349.55845555555555,0.0,58.272266666666674,0.0,217.90656969696994,68.0958030303031,407.8307222222222,543.7742962962963,135.94357407407406,26.685011111110953,8.895003703703651,35.580014814814604,0.533700222222219,11.069476333333334,0.0,39.26136277777775,263.7989201414141,1576.667035100327,761.6808659932663,0.0,0.0,0.0,0.0,728.5416149589129,0.0,1440.8475492738667,23.824483665306886,0.0,0.0,0.0,0.0,0.0,0.0
2025-06-08 00:00:00+00:00,4,59.0,503.21705317779566,152.0072380609461,302.1031435635233,49.10667155332634,152.00723806094598,129.4727758129387,22.534462248007536,302.1031435635233,0.0,49.10667155332634,0.0,188.32403754609265,58.851261733153954,351.20981511684965,468.2797534891329,117.06993837228322,22.5344622480074,7.511487416002467,30.045949664009868,0.450689244960148,9.554161022438963,0.0,33.7852735697873,227.22281135862607,1458.9814794953345,656.6037910352255,0.0,0.0,0.0,0.0,728.541614958913,0.0,2132.0028113201356,23.84026378409559,0.0,0.0,0.0,0.0,-2.2737367544323206e-13,0.0
2025-06-08 01:00:00+00:00,4,59.0,508.7024978642294,154.0400552437871,308.5741786356522,46.088263984790046,154.040055243787,132.24607655813682,21.793978685650426,308.5741786356522,0.0,46.088263984790046,0.0,192.3579295391081,60.111852980971285,354.6624426204422,472.8832568272563,118.22081420681407,21.793978685650274,7.264659561883424,29.058638247533697,0.43587957371300545,9.718107998917466,0.0,34.139698801194214,229.89101312349345,1467.1351259466358,665.2411863663644,0.0,0.0,0.0,0.0,728.541614958913,0.0,2823.1580733664046,23.8267029864078,0.0,0.0,0.0,0.0,0.0,0.0
2025-06-08 02:00:00+00:00,4,59.0,518.3551803462401,156.89639604945967,314.05420970006077,47.404574596719684,156.89639604945958,134.59466130002625,22.30173474943359,314.05420970006077,0.0,47.404574596719684,0.0,195.7740528000382,61.17939150001193,361.45878429678044,481.94504572904054,120.48626143226014,22.30173474943342,7.433911583144473,29.735646332577893,0.4460346949886684,9.895672036969021,0.0,34.78498106258258,234.2262523099568,1481.1230476151097,677.7190985290788,0.0,0.0,0.0,0.0,728.541614958913,0.0,3514.3133354126735,23.824230022969864,0.0,0.0,0.0,0.0,-2.2737367544323206e-13,0.0
2025-06-08 03:00:00+00:00,4,59.0,525.6835253661667,158.85310480402856,317.3202005627721,49.51021999936606,158.85310480402848,135.99437166975963,22.858733134269077,317.3202005627721,0.0,49.51021999936606,0.0,197.80999515601403,61.81562348625438,366.8304205621381,489.1072274161841,122.27680685404603,22.85873313426893,7.619577711422977,30.478310845691908,0.4571746626853786,10.014708216876823,0.0,35.25892932660408,237.44282025788965,1491.6679605829693,686.9172225721982,0.0,0.0,0.0,0.0,728.541614958913,0.0,4205.468597458943,23.82425062543515,0.0,0.0,0.0,0.0,0.0,0.0
2025-06-08 04:00:00+00:00,4,59.0,534.9287666680926,161.24345843272434,320.9864980755027,52.69881015986557,161.24345843272422,137.56564203235845,23.677816400365987,320.9864980755027,0.0,52.69881015986557,0.0,200.09547931979412,62.52983728743566,373.68530823536827,498.24707764715765,124.56176941178941,23.677816400365913,7.892605466788638,31.57042186715455,0.47355632800731823,10.156583043863737,0.0,35.854245536309605,241.46859707419438,1504.9389787011992,698.3425569669517,0.0,0.0,0.0,0.0,728.5416149589121,0.0,4896.623859505211,23.825338172868978,0.0,0.0,0.0,0.0,1.1368683772161603e-13,0.0
2025-06-08 05:00:00+00:00,4,59.0,540.3977219019893,162.8084027803412,324.34584308248196,53.24347603916597,162.80840278034114,139.00536132106387,23.803041459277466,324.34584308248196,0.0,53.24347603916597,0.0,202.189616467002,63.184255145938124,377.5893191216479,503.4524254955305,125.86310637388263,23.803041459277296,7.934347153092432,31.737388612369728,0.4760608291855459,10.262810052866119,0.0,36.2031077891968,243.92368734416164,1512.863024205064,705.6420419625325,0.0,0.0,0.0,0.0,728.541614958913,0.0,5587.779121551481,23.82607620670057,0.0,0.0,0.0,0.0,1.1368683772161603e-13,0.0
2025-06-08 06:00:00+00:00,4,59.0,541.2056753058482,163.0077296200314,325.08875955091355,53.10918613490325,163.00772962003134,139.32375409324882,23.68397552678271,325.08875955091355,0.0,53.10918613490325,0.0,202.65273322654375,63.32897913329492,378.1979456858168,504.2639275810891,126.06598189527227,23.683975526782547,7.894658508927515,31.57863403571006,0.4736795105356509,10.283754647876439,0.0,36.24214525237563,244.28919894828243,1514.0364892130426,706.9166608076329,0.0,0.0,0.0,0.0,728.5416149589121,0.0,6278.934383597749,23.827744428896327,0.0,0.0,0.0,0.0,-1.1368683772161603e-13,0.0
2025-06-08 07:00:00+00:00,4,59.0,553.7045480019286,166.64743782479692,332.99871423889147,54.05839593824028,166.64743782479684,142.71373467381076,23.93370315098628,332.99871423889147,0.0,54.05839593824028,0.0,207.58361407099747,64.86987939718671,387.05711017713173,516.0761469028423,129.01903672571058,23.933703150986133,7.977901050328711,31.911604201314844,0.47867406301972265,10.530545386549147,0.0,37.04510495552245,249.9211415783173,803.6256895802459,723.6597609738398,0.0,0.0,0.0,0.0,0.0,0.0,6278.934383597749,23.828232978001427,0.0,0.0,0.0,0.0,-5.684341886080802e-14,0.0
2025-06-08 08:00:00+00:00,4,59.0,547.4462677302226,164.81132122550417,329.54622503226005,53.088721472458396,164.81132122550412,141.23409644239734,23.577224783106963,329.54622503226005,0.0,53.088721472458396,0.0,205.4314130071234,64.19731656472607,382.63494650471847,510.17992867295794,127.54498216823949,23.57722478310683,7.859074927702276,31.436299710809102,0.4715444956621365,10.417273965692386,0.0,36.62703046491037,247.1172225869327,794.5634903171554,715.6113416800813,0.0,0.0,0.0,0.0,0.0,0.0,6278.934383597749,23.83016903933746,0.0,0.0,0.0,0.0,0.0,0.0
2025-06-08 09:00:00+00:00,4,59.0,540.5846436304136,162.8126581763221,324.90680872347457,52.865176730616895,162.81265817632206,139.24577516720356,23.566883009118676,324.90680872347457,0.0,52.865176730616895,0.0,202.53930933411428,63.29353416691071,377.7719854540915,503.69598060545536,125.92399515136384,23.566883009118527,7.855627669706175,31.4225106788247,0.4713376601823705,10.275856029010408,0.0,36.19399223564137,244.01434291281487,784.5989865432284,706.2352899395696,0.0,0.0,0.0,0.0,0.0,0.0,6278.934383597749,23.828901733483853,0.0,0.0,0.0,0.0,0.0,0.0
2025-06-08 10:00:00+00:00,4,59.0,566.867660281659,170.7104881315726,339.5827125579681,56.57445959211836,170.71048813157248,145.53544823912935,25.175039892443376,339.5827125579681,0.0,56.57445959211836,0.0,211.68792471146088,66.15247647233153,396.15717215008647,528.2095628667819,132.05239071669547,25.175039892443266,8.391679964147755,33.56671985659102,0.5035007978488653,10.753225972660227,0.0,37.980054492908174,255.83332841659202,94.1593737393381,739.8974875782428,0.0,0.0,0.0,0.0,0.0,728.541614958913,5510.984092435228,23.81799369534723,0.0,0.0,0.0,0.0,2.842170943040401e-14,0.0
2025-06-08 11:00:00+00:00,4,59.0,564.5305113675216,170.1021507425852,338.3781088011495,56.05025182378692,170.1021507425851,145.01918948620707,25.08296125637824,338.3781088011495,0.0,56.05025182378692,0.0,210.93700288902846,65.9178134028214,394.42836062493643,525.9044808332485,131.47612020831212,25.082961256378127,8.360987085459374,33.4439483418375,0.5016592251275624,10.711845782272354,0.0,37.836161287020786,254.8045869910136,90.79348339962223,736.841483722277,0.0,0.0,0.0,0.0,0.0,728.541614958913,4743.033801272707,23.816938906755457,0.0,0.0,0.0,0.0,0.0,0.0
2025-06-08 12:00:00+00:00,4,59.0,540.3642869508682,162.9254952359353,323.95723375591604,53.48155795901684,162.92549523593522,138.83881446682133,24.08668076911412,323.95723375591604,0.0,53.48155795901684,0.0,201.94736649719468,63.10855203037334,377.4387917149329,503.2517222865772,125.8129305716443,24.086680769113997,8.028893589704666,32.11557435881866,0.48173361538227993,10.25353259226765,0.0,36.234439617833296,243.92008201720552,55.74275400916065,705.1990887837719,0.0,0.0,0.0,0.0,0.0,728.541614958913,3975.0835101101857,23.822360241001004,0.0,0.0,0.0,0.0,-5.684341886080802e-14,0.0
2025-06-08 13:00:00+00:00,4,59.0,527.9804533885499,159.09849802242823,317.1911031269908,51.69085223913092,159.09849802242815,135.93904419728196,23.159453825146436,317.1911031269908,0.0,51.69085223913092,0.0,197.72951883241012,61.79047463512816,368.8819553661217,491.8426071548289,122.96065178870722,23.1594538251463,7.719817941715434,30.879271766861734,0.463189076502926,10.032641616201033,0.0,35.369156611729856,238.33593166998463,766.3163850585344,689.572125987239,0.0,0.0,0.0,0.0,0.0,0.0,3975.0835101101857,23.831281896644676,0.0,0.0,0.0,0.0,-1.7053025658242404e-13,0.0
2025-06-08 14:00:00+00:00,4,59.0,531.0079335837669,159.9541038010766,318.93972842676095,52.11410135592933,159.95410380107654,136.68845504004062,23.265648761036154,318.93972842676095,0.0,52.11410135592933,0.0,198.81957096733183,62.1311159272912,371.05382978269034,494.7384397102538,123.68460992756344,23.265648761035948,7.755216253678649,31.020865014714595,0.4653129752207189,10.089332866362124,0.0,35.56321566822218,239.6888036183383,1418.2892838322514,693.5580106775856,0.0,0.0,0.0,0.0,647.5925466301463,0.0,4589.443743040204,23.83096425114619,0.0,0.0,0.0,0.0,-1.1368683772161603e-13,0.0
2025-06-08 15:00:00+00:00,4,59.0,567.7710555555557,172.21692222222222,343.5478666666666,52.00626666666667,172.2169222222222,147.23480000000015,24.98212222222222,343.5478666666666,0.0,52.00626666666667,0.0,214.1597090909093,66.92490909090915,395.55413333333325,527.405511111111,131.85137777777774,24.982122222222074,8.327374074074024,33.309496296296096,0.49964244444444145,10.826498666666666,0.0,38.180922345555544,256.61072439942757,824.3817799549832,741.5652202020203,0.0,0.0,0.0,0.0,0.0,0.0,4589.443743040204,23.827601965100342,0.0,0.0,0.0,0.0,0.0,0.0
2025-06-08 16:00:00+00:00,4,59.0,580.5151111111111,175.98814444444446,350.51932222222223,54.00764444444445,175.98814444444434,150.22256666666678,25.76557777777777,350.51932222222223,0.0,54.00764444444445,0.0,218.5055515151517,68.2829848484849,404.5269666666667,539.3692888888888,134.8423222222222,25.76557777777768,8.588525925925893,34.35410370370357,0.5153115555555535,11.055656111111112,0.0,39.03986904555553,262.3246697088552,842.8397808199662,757.8748404040405,0.0,0.0,0.0,0.0,0.0,0.0,4589.443743040204,23.82206217660554,0.0,0.0,0.0,0.0,-5.684341886080802e-14,0.0
2025-06-08 17:00:00+00:00,4,59.0,579.8920555555555,175.72724444444447,350.6803222222222,53.4844888888889,175.72724444444435,150.29156666666685,25.43567777777777,350.6803222222222,0.0,53.4844888888889,0.0,218.60591515151543,68.31434848484858,404.164811111111,538.8864148148147,134.72160370370366,25.43567777777764,8.478559259259214,33.914237037036855,0.5087135555555529,11.055254555555553,0.0,38.97025109333331,262.04873065225587,113.39917124889837,757.4923299663301,0.0,0.0,0.0,0.0,0.0,728.541614958913,3821.493451877683,23.81939449880159,0.0,0.0,0.0,0.0,-5.684341886080802e-14,0.0
2025-06-08 18:00:00+00:00,4,59.0,576.8701111111111,174.8255888888889,348.3813666666667,53.66315555555556,174.82558888888875,149.3063000000001,25.519288888888884,348.3813666666667,0.0,53.66315555555556,0.0,217.17280000000017,67.86650000000006,402.0445222222222,536.059362962963,134.01484074074074,25.519288888888752,8.506429629629583,34.02571851851833,0.5103857777777749,10.988072555555556,0.0,38.78230196777775,260.66853067148145,108.99702682367945,753.2321629629631,0.0,0.0,0.0,0.0,0.0,728.541614958913,3053.543160715162,23.823048853901568,0.0,0.0,0.0,0.0,-1.1368683772161603e-13,0.0
2025-06-08 19:00:00+00:00,4,59.0,577.4908333333334,174.6136111111111,347.6419333333333,55.23528888888889,174.613611111111,148.98940000000007,25.62421111111111,347.6419333333333,0.0,55.23528888888889,0.0,216.71185454545466,67.72245454545458,402.8772222222222,537.1696296296295,134.29240740740738,25.624211111111066,8.541403703703688,34.16561481481475,0.5124842222222212,10.981610888888888,0.0,38.77866384999997,260.82902461767674,109.77824299209715,753.8814841750842,0.0,0.0,0.0,0.0,0.0,728.541614958913,2285.5928695526404,23.82537532309298,0.0,0.0,0.0,0.0,0.0,0.0
2025-06-08 20:00:00+00:00,4,59.0,572.2821111111111,173.0867666666667,344.42418888888886,54.771155555555566,173.08676666666656,147.6103666666668,25.476399999999995,344.42418888888886,0.0,54.771155555555566,0.0,214.70598787878808,67.09562121212127,399.19534444444446,532.2604592592593,133.06511481481482,25.4763999999999,8.4921333333333,33.9685333333332,0.509527999999998,10.880437222222222,0.0,38.44007765888886,258.48291224138046,102.22340839357867,746.9664471380473,0.0,0.0,0.0,0.0,0.0,728.541614958913,1517.642578390119,23.829150328654592,0.0,0.0,0.0,0.0,5.684341886080802e-14,0.0
2025-06-08 21:00:00+00:00,4,59.0,567.1717777777778,171.9345277777778,341.5769388888889,53.66031111111111,171.93452777777773,146.39011666666684,25.54441111111111,341.5769388888889,0.0,53.66031111111111,0.0,212.93107878787904,66.5409621212122,395.23725,526.983,131.74575,25.544411111110975,8.514803703703658,34.05921481481463,0.5108882222222194,10.78391127777778,0.0,38.16440683055554,256.2607221554714,94.89088497433613,739.914078787879,0.0,0.0,0.0,0.0,0.0,728.541614958913,749.6922872275977,23.8332493751275,0.0,0.0,0.0,0.0,-1.1368683772161603e-13,0.0
2025-06-08 22:00:00+00:00,4,59.0,561.162111111111,170.5552277777778,339.09652777777774,51.510355555555556,170.55522777777767,145.3270833333335,25.22814444444444,339.09652777777774,0.0,51.510355555555556,0.0,211.38484848484873,66.05776515151523,390.6068833333333,520.8091777777777,130.20229444444442,25.228144444444325,8.409381481481441,33.637525925925765,0.5045628888888865,10.687999388888887,0.0,37.81267659833331,253.6746799535522,814.8367910646632,732.1940262626264,0.0,0.0,0.0,0.0,0.0,0.0,749.6922872275977,23.832165471635477,0.0,0.0,0.0,0.0,0.0,0.0
2025-06-08 23:00:00+00:00,4,59.0,560.470898779159,170.01135218711212,338.90050221699164,51.559044375055244,170.011352187112,145.24307237871085,24.768279808401367,338.90050221699164,0.0,51.559044375055244,0.0,211.26265073267032,66.01957835395947,390.4595465920469,520.6127287893958,130.15318219734894,24.768279808401246,8.256093269467081,33.024373077868326,0.4953655961680249,10.682605510260302,0.0,37.697740638324795,253.30456556552863,1542.3170793036006,731.875379522066,0.0,0.0,0.0,0.0,728.5416149589129,0.0,1440.8475492738667,23.83259264515062,0.0,0.0,0.0,0.0,1.1368683772161603e-13,0.0
2025-07-04 00:00:00+00:00,5,66.0,526.5216296296296,157.25652592592593,311.2182888888889,58.04681481481482,157.25652592592584,133.37926666666684,23.877259259259255,311.2182888888889,0.0,58.04681481481482,0.0,194.0062060606063,60.626939393939466,369.2651037037037,492.35347160493825,123.08836790123456,23.87725925925909,7.95908641975303,31.83634567901212,0.47754518518518174,9.917016814814815,0.0,35.14396018296294,237.21291589789,1492.2761604864324,686.3596776655445,0.0,0.0,0.0,0.0,728.541614958913,0.0,2132.0028113201356,23.844418476204126,0.0,0.0,0.0,0.0,-2.2737367544323206e-13,0.0
2025-07-04 01:00:00+00:00,5,66.0,518.2588148148149,154.8514037037037,305.5442703703703,57.86314074074074,154.85140370370362,130.9475444444446,23.903859259259256,305.5442703703703,0.0,57.86314074074074,0.0,190.46915555555577,59.52161111111118,363.40741111111106,484.54321481481475,121.13580370370369,23.90385925925912,7.967953086419707,31.871812345678826,0.4780771851851824,9.744959518518517,0.0,34.62511820111109,233.47352280604937,1480.2739525797772,675.0123703703705,0.0,0.0,0.0,0.0,728.541614958913,0.0,2823.1580733664046,23.847078591265124,0.0,0.0,0.0,0.0,0.0,0.0
2025-07-04 02:00:00+00:00,5,66.0,515.7637777777778,154.0596666666667,304.471637037037,57.232474074074084,154.05966666666657,130.48784444444462,23.571822222222217,304.471637037037,0.0,57.232474074074084,0.0,189.80050101010127,59.312656565656646,361.7041111111111,482.2721481481481,120.56803703703703,23.571822222222096,7.857274074074032,31.429096296296127,0.4714364444444419,9.70647385185185,0.0,34.43921132962961,232.3550893026936,1476.6604820393843,672.0726491582494,0.0,0.0,0.0,0.0,728.541614958913,0.0,3514.3133354126735,23.84634969307826,0.0,0.0,0.0,0.0,-1.1368683772161603e-13,0.0
2025-07-04 03:00:00+00:00,5,66.0,514.3534074074074,153.6614851851852,303.1839222222222,57.507999999999996,153.66148518518506,129.93596666666681,23.725518518518516,303.1839222222222,0.0,57.507999999999996,0.0,188.99776969696993,59.0618030303031,360.69192222222216,480.92256296296284,120.23064074074071,23.725518518518385,7.908506172839461,31.634024691357844,0.47451037037036764,9.670597666666666,0.0,34.36142138407405,231.70747936499436,1474.6025017313145,669.9203326599328,0.0,0.0,0.0,0.0,728.541614958913,0.0,4205.468597458943,23.846401590884508,0.0,0.0,0.0,0.0,-2.2737367544323206e-13,0.0
2025-07-04 04:00:00+00:00,5,66.0,512.960962962963,153.3422925925926,302.13428518518515,57.48438518518519,153.34229259259251,129.48612222222238,23.856170370370368,302.13428518518515,0.0,57.48438518518519,0.0,188.34345050505073,58.85732828282835,359.61867037037035,479.49156049382714,119.87289012345678,23.856170370370194,7.952056790123398,31.80822716049359,0.47712340740740383,9.638872407407407,0.0,34.292584134444425,231.09085514566777,1472.5934330675427,667.8350109988778,0.0,0.0,0.0,0.0,728.5416149589121,0.0,4896.623859505211,23.847806170238982,0.0,0.0,0.0,0.0,-1.1368683772161603e-13,0.0
2025-07-04 05:00:00+00:00,5,66.0,512.2279259259259,152.8480888888889,301.4344148148148,57.94542222222223,152.84808888888873,129.1861777777779,23.66191111111111,301.4344148148148,0.0,57.94542222222223,0.0,187.90716767676787,58.720989898989956,359.379837037037,479.17311604938266,119.79327901234566,23.66191111111098,7.88730370370366,31.54921481481464,0.47323822222221956,9.622486666666667,0.0,34.19919028444441,230.69648778837256,1471.4660286732114,667.0802837261506,0.0,0.0,0.0,0.0,728.541614958913,0.0,5587.779121551481,23.84733992845404,0.0,0.0,0.0,0.0,0.0,0.0
2025-07-04 06:00:00+00:00,5,66.0,509.16370370370373,152.09287777777777,299.12288518518517,57.94794074074075,152.09287777777772,128.19552222222237,23.897355555555553,299.12288518518517,0.0,57.94794074074075,0.0,186.46621414141435,58.27069191919199,357.07082592592593,476.0944345679012,119.0236086419753,23.897355555555436,7.965785185185145,31.86314074074058,0.47794711111110866,9.553165962962963,0.0,34.03786841074072,229.32906723116722,1467.034385893783,662.5606487093155,0.0,0.0,0.0,0.0,728.5416149589121,0.0,6278.934383597749,23.850780092922687,0.0,0.0,0.0,0.0,1.1368683772161603e-13,0.0
2025-07-04 07:00:00+00:00,5,66.0,513.8430740740741,153.53642222222223,302.0180592592592,58.28859259259259,153.53642222222217,129.43631111111122,24.100111111111104,302.0180592592592,0.0,58.28859259259259,0.0,188.27099797979815,58.83468686868692,360.30665185185177,480.4088691358023,120.10221728395058,24.100111111110976,8.033370370370324,32.1334814814813,0.48200222222221945,9.6434277037037,0.0,34.35538113259257,231.45108558152634,745.2941596556005,668.6798671156005,0.0,0.0,0.0,0.0,0.0,0.0,6278.934383597749,23.84948007318074,0.0,0.0,0.0,0.0,5.684341886080802e-14,0.0
2025-07-04 08:00:00+00:00,5,66.0,519.5250626780627,155.15879287749289,305.22677350427347,59.1394962962963,155.15879287749277,130.8114743589745,24.347318518518513,305.22677350427347,0.0,59.1394962962963,0.0,190.27123543123562,59.45976107226113,364.36626980056974,485.8216930674263,121.45542326685657,24.347318518518392,8.11577283950613,32.46309135802452,0.4869463703703678,9.748198168091168,0.0,34.724630689772056,233.9907324068574,1247.1433338145998,676.0929284986619,0.0,0.0,0.0,0.0,493.6275387296796,0.0,6747.230585048379,23.847677909470658,0.0,0.0,0.0,0.0,1.1368683772161603e-13,0.0
2025-07-04 09:00:00+00:00,5,66.0,518.5402795698925,154.7530246117085,304.2016845878136,59.58557037037038,154.75302461170838,130.37215053763458,24.38087407407407,304.2016845878136,0.0,59.58557037037038,0.0,189.63221896383212,59.260068426197535,363.78725495818395,485.04967327757856,121.26241831939464,24.380874074073915,8.126958024691305,32.50783209876522,0.48761748148147827,9.721906241338111,0.0,34.64973897433689,233.50870746743996,752.0489870373325,674.6818922414107,0.0,0.0,0.0,0.0,0.0,0.0,6747.23058504838,23.847176831660953,0.0,0.0,0.0,0.0,2.842170943040401e-14,0.0
2025-07-04 10:00:00+00:00,5,66.0,513.6327777777777,153.5302888888889,300.8166518518518,59.28583703703704,153.5302888888888,128.9214222222223,24.608866666666664,300.8166518518518,0.0,59.28583703703704,0.0,187.5220686868688,58.6006464646465,360.10248888888884,480.13665185185175,120.03416296296294,24.608866666666586,8.202955555555528,32.81182222222211,0.4921773333333317,9.617357925925925,0.0,34.38049741703702,231.32779765946125,16.41896047832597,667.6587205387206,0.0,0.0,0.0,0.0,0.0,728.541614958913,5979.280293885859,23.850403181986177,0.0,0.0,0.0,0.0,-2.842170943040401e-14,0.0
2025-07-04 11:00:00+00:00,5,66.0,509.9001335578003,152.45392895622896,299.56229349046015,57.88391111111111,152.4539289562289,128.3838400673402,24.070088888888886,263.733065410241,35.829228080219146,57.88391111111111,0.0,186.7401310070403,58.356290939700095,321.6169765213521,428.8226353618028,107.2056588404507,24.070088888888762,8.02336296296292,67.92267993207082,1.0188401989810623,9.207415635022725,0.7165845616043829,34.11332826239056,218.64148140111243,0.0,615.5627663688431,0.0,0.0,0.0,0.0,0.0,728.541614958913,5211.330002723336,23.85046999638448,0.0,0.0,0.0,0.0,2.5579538487363607e-13,0.0
2025-07-04 12:00:00+00:00,5,66.0,493.0994074074074,147.28464444444447,289.51206666666667,56.3026962962963,147.28464444444435,124.07660000000008,23.20804444444444,289.51206666666667,0.0,56.3026962962963,0.0,180.47505454545467,56.398454545454584,345.81476296296296,461.0863506172839,115.27158765432098,23.20804444444441,7.736014814814803,30.944059259259213,0.4641608888888882,9.248388962962963,0.0,32.96674996962961,222.08535683607184,0.0,641.5614051627385,0.0,0.0,0.0,0.0,0.0,715.1847642434792,4457.459068436689,23.858763649438746,0.0,0.0,0.0,0.0,-2.842170943040401e-14,0.0
2025-07-04 13:00:00+00:00,5,66.0,497.39699999999993,148.59444074074074,294.0582037037037,54.74435555555556,148.59444074074065,126.02494444444459,22.569496296296293,294.0582037037037,0.0,54.74435555555556,0.0,183.3090101010103,57.284065656565716,348.8025592592593,465.0700790123457,116.26751975308642,22.56949629629615,7.5231654320987165,30.092661728394866,0.451389925925923,9.369189666666667,0.0,33.205357408518495,224.10068784286196,1450.0393028017747,648.379089113356,0.0,0.0,0.0,0.0,728.541614958913,0.0,5148.614330482958,23.85208314505616,0.0,0.0,0.0,0.0,-1.1368683772161603e-13,0.0
2025-07-04 14:00:00+00:00,5,66.0,506.5754702842378,151.3291188630491,301.034084754522,54.21226666666668,151.32911886304902,129.01460775193812,22.31451111111111,301.034084754522,0.0,54.21226666666668,0.0,187.65761127554634,58.64300352360823,355.2463514211886,473.6618018949181,118.41545047372952,22.31451111111096,7.43817037037032,29.75268148148128,0.44629022222221915,9.573145209302325,0.0,33.77565776770024,228.29171756693285,952.4734036703005,661.3194131704645,0.0,0.0,0.0,0.0,217.60621581912997,0.0,5355.0537129825425,23.855755796101658,0.0,0.0,0.0,0.0,-8.526512829121202e-14,0.0
2025-07-04 15:00:00+00:00,5,66.0,513.930962962963,153.54272962962963,305.69324074074075,54.6949925925926,153.5427296296295,131.01138888888906,22.53134074074074,305.69324074074075,0.0,54.6949925925926,0.0,190.56202020202045,59.55063131313139,360.38823333333335,480.51764444444444,120.12941111111111,22.531340740740603,7.510446913580201,30.041787654320803,0.45062681481481204,9.717747148148149,0.0,34.261498625555525,231.62036192634116,745.5513248893042,671.0796646464648,0.0,0.0,0.0,0.0,0.0,0.0,5355.0537129825425,23.853973368175478,0.0,0.0,0.0,0.0,0.0,0.0
2025-07-04 16:00:00+00:00,5,66.0,515.5814444444445,153.88466296296298,306.69180370370367,55.00497777777778,153.8846629629629,131.43934444444457,22.44531851851852,243.85446090345346,62.837342800250205,55.00497777777778,0.0,191.1845010101012,59.74515656565663,298.85943868123127,398.479251574975,99.61981289374376,22.445318518518405,7.481772839506135,92.76443415827475,1.3914665123741212,9.122430460886386,1.2567468560050041,34.34278438629628,212.9601705144683,0.0,589.6637525850763,0.0,0.0,0.0,0.0,0.0,728.541614958913,4587.103421820022,23.85709183233748,0.0,0.0,0.0,0.0,1.7053025658242404e-13,0.0
2025-07-04 17:00:00+00:00,5,66.0,515.5985833333333,153.93843055555556,306.84766388888886,54.8124888888889,153.9384305555555,131.50614166666682,22.432288888888884,306.84766388888886,0.0,54.8124888888889,0.0,191.28166060606083,59.775518939394004,361.66015277777774,482.213537037037,120.55338425925925,22.432288888888735,7.477429629629578,29.90971851851831,0.44864577777777465,9.753554805555556,0.0,34.34917356527776,232.35770697689392,19.41467535131426,673.4951976430978,0.0,0.0,0.0,0.0,0.0,728.541614958913,3819.1531306575007,23.855684224648783,0.0,0.0,0.0,0.0,2.842170943040401e-14,0.0
2025-07-04 18:00:00+00:00,5,66.0,560.2729444444444,166.75052222222223,331.75846666666666,61.763955555555555,166.75052222222214,142.18220000000017,24.56832222222222,331.75846666666666,0.0,61.763955555555555,0.0,206.81047272727298,64.6282727272728,393.5224222222222,524.6965629629628,131.1741407407407,24.568322222222037,8.189440740740679,32.757762962962715,0.4913664444444407,10.570393555555555,0.0,37.27133142111109,252.32494562986528,84.05627511539672,731.5070356902359,0.0,0.0,0.0,0.0,0.0,728.541614958913,3051.2028394949793,23.85013769692754,0.0,0.0,0.0,0.0,0.0,0.0
2025-07-04 19:00:00+00:00,5,66.0,556.3824999999999,165.55163333333337,329.51037777777776,61.32048888888889,165.55163333333329,141.2187333333335,24.332899999999995,329.51037777777776,0.0,61.32048888888889,0.0,205.40906666666694,64.19033333333343,390.8308666666667,521.1078222222222,130.27695555555556,24.332899999999825,8.110966666666608,32.44386666666643,0.4866579999999964,10.498516222222223,0.0,37.003376998888875,250.5668067766667,78.40769181775363,726.5168888888892,0.0,0.0,0.0,0.0,0.0,728.541614958913,2283.252548332458,23.852376390091454,0.0,0.0,0.0,0.0,-2.842170943040401e-14,0.0
2025-07-04 20:00:00+00:00,5,66.0,514.8611666666666,154.6846388888889,311.38337222222225,48.79315555555556,154.6846388888888,133.45001666666678,21.23462222222222,311.38337222222225,0.0,48.79315555555556,0.0,194.10911515151534,60.65909848484854,360.1765277777778,480.23537037037033,120.05884259259258,21.234622222222157,7.078207407407385,28.31282962962954,0.4246924444444431,9.829432722222222,0.0,34.34912595277776,232.39939960429294,18.718951312046443,674.3444855218856,0.0,0.0,0.0,0.0,0.0,728.541614958913,1515.3022571699366,23.85168706397473,0.0,0.0,0.0,0.0,-8.526512829121202e-14,0.0
2025-07-04 21:00:00+00:00,5,66.0,500.338,150.71895555555557,304.25624444444446,45.36279999999999,150.71895555555548,130.39553333333342,20.32342222222222,304.25624444444446,0.0,45.36279999999999,0.0,189.66623030303043,59.27069696969701,349.61904444444446,466.1587259259259,116.53968148148148,20.32342222222215,6.77447407407405,27.0978962962962,0.40646844444444297,9.581315333333334,0.0,33.41075500222221,225.9833913052525,0.0,655.8249562289564,0.0,0.0,0.0,0.0,0.0,726.3213913052526,749.6922872275977,23.852088219566287,0.0,0.0,0.0,0.0,1.1368683772161603e-13,0.0
2025-07-04 22:00:00+00:00,5,66.0,495.62995568920576,149.38314797462297,301.33774197851693,44.909065736065735,149.3831479746229,129.14474656222168,20.23840141240141,301.33774197851693,0.0,44.909065736065735,0.0,187.84690409050427,58.702157528282584,346.2468077145827,461.66241028611023,115.41560257152756,20.238401412401288,6.746133804133763,26.98453521653505,0.40476802824802577,9.489222916716166,0.0,33.11326896418265,223.87115381309076,719.5011095022965,649.5093143766145,0.0,0.0,0.0,0.0,0.0,0.0,749.6922872275977,23.851191267356807,0.0,0.0,0.0,0.0,-5.684341886080802e-14,0.0
2025-07-04 23:00:00+00:00,5,66.0,493.1413888888889,148.7378666666667,300.0961444444444,44.30737777777778,148.7378666666666,128.6126333333335,20.125233333333334,300.0961444444444,0.0,44.30737777777778,0.0,187.07292121212146,58.46028787878795,344.40352222222225,459.20469629629633,114.80117407407408,20.1252333333332,6.708411111111066,26.833644444444264,0.40250466666666396,9.44595811111111,0.0,32.95942761777776,222.77776345952861,1444.4607673073306,646.2776175084177,0.0,0.0,0.0,0.0,728.541614958913,0.0,1440.8475492738667,23.85017387244968,0.0,0.0,0.0,0.0,0.0,0.0
2025-09-25 00:00:00+00:00,6,37.0,525.5984074074073,160.88722592592595,322.8376407407407,41.873540740740744,160.88722592592583,138.35898888888897,22.528237037037037,322.8376407407407,0.0,41.873540740740744,0.0,201.2494383838385,62.890449494949536,364.71118148148145,486.2815753086419,121.57039382716047,22.528237037036973,7.5094123456789905,30.037649382715962,0.45056474074073943,10.10386462962963,0.0,35.491249009999976,238.01593404815935,1492.1559564144795,687.5310136924804,0.0,0.0,0.0,0.0,728.541614958913,0.0,2132.0028113201356,23.835753846485797,0.0,0.0,0.0,0.0,-1.1368683772161603e-13,0.0
2025-09-25 01:00:00+00:00,6,37.0,509.55065358198027,155.98845838309768,313.5252027517088,40.036992447173844,155.98845838309762,134.3679440364468,21.620514346651014,313.5252027517088,0.0,40.036992447173844,0.0,195.44428223483172,61.07633819838491,353.5621951988826,471.4162602651768,117.8540650662942,21.62051434665088,7.206838115550292,28.82735246220117,0.43241028693301753,9.806126007023002,0.0,34.39571385631806,230.77149153050348,1468.8637600713967,666.8605425000085,0.0,0.0,0.0,0.0,728.541614958913,0.0,2823.1580733664046,23.838689295531648,0.0,0.0,0.0,0.0,0.0,0.0
2025-09-25 02:00:00+00:00,6,37.0,503.3700067927336,154.36680971145566,310.32664108722884,38.676555994049025,154.3668097114556,132.9971318945268,21.369677816928977,310.32664108722884,0.0,38.676555994049025,0.0,193.45037366476626,60.45324177023946,349.0031970812779,465.3375961083705,116.33439902709263,21.369677816928885,7.123225938976295,28.49290375590518,0.4273935563385777,9.696564792557357,0.0,34.013115969180355,228.04794105438467,1459.9595628060313,658.7879697731368,0.0,0.0,0.0,0.0,728.541614958913,0.0,3514.3133354126735,23.83926050639438,0.0,0.0,0.0,0.0,0.0,0.0
2025-09-25 03:00:00+00:00,6,37.0,507.50751851851857,155.7831592592593,313.22498148148145,38.49937777777778,155.7831592592592,134.23927777777797,21.543881481481478,313.22498148148145,0.0,38.49937777777778,0.0,195.2571313131316,61.01785353535362,351.72435925925924,468.96581234567896,117.24145308641974,21.54388148148135,7.18129382716045,28.7251753086418,0.43087762962962695,9.781743222222222,0.0,34.3110946448148,229.96431594560045,1466.013449423032,664.2229436588106,0.0,0.0,0.0,0.0,728.541614958913,0.0,4205.468597458943,23.838503397667278,0.0,0.0,0.0,0.0,0.0,0.0
2025-09-25 04:00:00+00:00,6,37.0,506.67477777777776,155.18661851851854,313.3151518518518,38.17300740740741,155.18661851851846,134.27792222222234,20.90869629629629,313.3151518518518,0.0,38.17300740740741,0.0,195.3133414141416,61.03541919191925,351.4881592592592,468.65087901234557,117.16271975308639,20.908696296296228,6.969565432098742,27.878261728394968,0.4181739259259245,9.781184629629628,0.0,34.17496507370369,229.54202800636364,1464.7584207430534,663.9642204264871,0.0,0.0,0.0,0.0,728.5416149589121,0.0,4896.623859505211,23.842134656895308,0.0,0.0,0.0,0.0,0.0,0.0
2025-09-25 05:00:00+00:00,6,37.0,516.2570747984395,158.16888849001046,319.62814258256606,38.46004372586302,158.16888849001032,136.98348967824276,21.18539881176784,319.62814258256606,0.0,38.46004372586302,0.0,199.2487122592622,62.26522258101944,358.08818630842904,477.4509150779054,119.36272876947635,21.185398811767698,7.061799603922566,28.247198415690264,0.42370797623535394,9.973444714735612,0.0,34.819882629050575,233.9067862744399,1478.7054760317924,676.6996273371676,0.0,0.0,0.0,0.0,728.541614958913,0.0,5587.779121551481,23.839143015782398,0.0,0.0,0.0,0.0,0.0,0.0
2025-09-25 06:00:00+00:00,6,37.0,524.6416293751469,160.4360859897424,324.5674103652807,39.63813302012372,160.43608598974228,139.10031872797757,21.335767261764936,324.5674103652807,0.0,39.63813302012372,0.0,202.32773633160375,63.22741760362617,364.20554338540444,485.60739118053925,121.40184779513481,21.33576726176483,7.111922420588276,28.447689682353104,0.42671534523529653,10.133403641159658,0.0,35.335602101041204,237.63690890678544,1490.8201532408443,687.935127512143,0.0,0.0,0.0,0.0,728.5416149589121,0.0,6278.934383597749,23.8373257679941,0.0,0.0,0.0,0.0,0.0,0.0
2025-09-25 07:00:00+00:00,6,37.0,532.3385185185185,162.58500370370373,329.1074111111111,40.64610370370371,162.58500370370362,141.0460333333335,21.53897037037037,329.1074111111111,0.0,40.64610370370371,0.0,205.1578666666669,64.11183333333341,369.7535148148148,493.00468641975306,123.25117160493826,21.538970370370237,7.179656790123412,28.718627160493646,0.43077940740740467,10.279683370370371,0.0,35.82153703962961,241.07466154580248,773.4131800643208,698.16255308642,0.0,0.0,0.0,0.0,0.0,0.0,6278.934383597749,23.839077172643464,0.0,0.0,0.0,0.0,-1.7053025658242404e-13,0.0
2025-09-25 08:00:00+00:00,6,37.0,533.328037037037,162.4651962962963,328.2626925925926,42.60014814814815,162.4651962962962,140.68401111111123,21.781185185185183,328.2626925925926,0.0,42.60014814814815,0.0,204.63128888888906,63.94727777777783,370.86284074074075,494.48378765432096,123.62094691358024,21.78118518518511,7.260395061728369,29.041580246913476,0.4356237037037021,10.27388225925926,0.0,35.847716374444424,241.38584209049384,774.7138791275308,699.1150765432101,0.0,0.0,0.0,0.0,0.0,0.0,6278.934383597749,23.844548411326954,0.0,0.0,0.0,0.0,0.0,0.0
2025-09-25 09:00:00+00:00,6,37.0,530.6100648148148,161.8904712962963,326.1304083333333,42.589185185185194,161.89047129629625,139.77017500000014,22.120296296296296,326.1304083333333,0.0,42.589185185185194,0.0,203.30207272727293,63.53189772727279,368.71959351851854,491.62612469135803,122.90653117283951,22.120296296296203,7.3734320987654005,29.493728395061602,0.44240592592592404,10.209804101851851,0.0,35.724607123425905,240.1886781500814,770.7987429648962,694.9281974186309,0.0,0.0,0.0,0.0,0.0,0.0,6278.934383597749,23.8464325630244,0.0,0.0,0.0,0.0,0.0,0.0
2025-09-25 10:00:00+00:00,6,37.0,533.984505050505,162.66161801346803,327.91484797979797,43.408039057239066,162.66161801346792,140.534934848485,22.126683164983163,327.91484797979797,0.0,43.408039057239066,0.0,204.41445068870544,63.87951584022045,371.32288703703705,495.09718271604936,123.77429567901234,22.126683164983064,7.375561054994354,29.502244219977417,0.44253366329966126,10.271525829966329,0.0,35.91110080449493,241.65453287198807,47.097422963580016,699.5116334047548,0.0,0.0,0.0,0.0,0.0,728.541614958913,5510.984092435228,23.843165474725417,0.0,0.0,0.0,0.0,-1.1368683772161603e-13,0.0
2025-09-25 11:00:00+00:00,6,37.0,540.3118148148147,164.84280370370374,331.9476481481481,43.52136296296297,164.84280370370368,142.26327777777792,22.579525925925928,331.9476481481481,0.0,43.52136296296297,0.0,206.92840404040425,64.66512626262633,375.46901111111106,500.6253481481481,125.15633703703702,22.579525925925793,7.526508641975264,30.106034567901055,0.45159051851851584,10.393643074074074,0.0,36.38022326999999,244.57342880423118,56.343628660132936,707.5537521885524,0.0,0.0,0.0,0.0,0.0,728.541614958913,4743.033801272707,23.84153272030551,0.0,0.0,0.0,0.0,0.0,0.0
2025-09-25 12:00:00+00:00,6,37.0,534.6248526658527,163.23705271333606,327.7725160018993,43.61528395061728,163.23705271333597,140.4739354293856,22.763117283950617,327.7725160018993,0.0,43.61528395061728,0.0,204.3257242609245,63.851788831538904,371.3877999525166,495.1837332700221,123.79593331750553,22.763117283950464,7.587705761316821,30.350823045267283,0.45526234567900925,10.269328319563153,0.0,36.03956318953125,241.99958176513468,48.08281947207422,699.5094575309466,0.0,0.0,0.0,0.0,0.0,728.541614958913,3975.0835101101857,23.84179801627935,0.0,0.0,0.0,0.0,-1.7053025658242404e-13,0.0
2025-09-25 13:00:00+00:00,6,37.0,527.5269499499499,161.2763738738739,324.06882792792794,42.181748148148145,161.2763738738738,138.88664054054067,22.389733333333332,324.06882792792794,0.0,42.181748148148145,0.0,202.0169316953319,63.130291154791216,366.2505760760761,488.33410143476806,122.08352535869201,22.389733333333254,7.463244444444418,29.85297777777767,0.44779466666666506,10.143882319319319,0.0,35.58257742277275,238.85131536668638,766.3782653166362,690.3510331301,0.0,0.0,0.0,0.0,0.0,0.0,3975.0835101101857,23.84397203899253,0.0,0.0,0.0,0.0,-5.684341886080802e-14,0.0
2025-09-25 14:00:00+00:00,6,37.0,524.6788627065225,160.66237106824056,321.90674591750843,42.10974572077363,160.66237106824045,137.9600339646466,22.702337103594083,321.90674591750843,0.0,42.10974572077363,0.0,200.66914031221327,62.709106347566646,364.01649163828205,485.35532218437606,121.33883054609402,22.702337103593976,7.567445701197991,30.269782804791966,0.45404674207187945,10.07829983473299,0.0,35.44945695888348,237.59718613054702,1409.868595467216,686.0244624965893,0.0,0.0,0.0,0.0,647.5925466301463,0.0,4589.443743040204,23.84745977975013,0.0,0.0,0.0,0.0,1.1368683772161603e-13,0.0
2025-09-25 15:00:00+00:00,6,37.0,525.3372222222223,160.7259851851852,323.44288148148144,41.168355555555564,160.72598518518512,138.61837777777797,22.107607407407407,323.44288148148144,0.0,41.168355555555564,0.0,201.6267313131316,63.00835353535362,364.611237037037,486.14831604938263,121.53707901234566,22.107607407407244,7.369202469135748,29.47680987654299,0.44215214814814485,10.11497,0.0,35.43810445629628,237.90986162127948,763.2470838435017,687.7750473625142,0.0,0.0,0.0,0.0,0.0,0.0,4589.443743040204,23.844939768037584,0.0,0.0,0.0,0.0,-2.842170943040401e-14,0.0
2025-09-25 16:00:00+00:00,6,37.0,525.4341851851851,160.77152962962964,323.20988518518516,41.45277037037037,160.77152962962958,138.51852222222237,22.253007407407406,323.20988518518516,0.0,41.45277037037037,0.0,201.48148686868714,62.962964646464734,364.66265555555555,486.21687407407404,121.55421851851851,22.253007407407267,7.417669135802422,29.670676543209687,0.4450601481481453,10.11082425925926,0.0,35.455374296666655,237.94611100485972,763.3802961900448,687.6983609427612,0.0,0.0,0.0,0.0,0.0,0.0,4589.443743040204,23.845478623447214,0.0,0.0,0.0,0.0,-8.526512829121202e-14,0.0
2025-09-25 17:00:00+00:00,6,37.0,529.1088148148148,161.85479259259262,324.6821407407407,42.57188148148149,161.8547925925925,139.14948888888907,22.705303703703702,324.6821407407407,0.0,42.57188148148149,0.0,202.39925656565683,63.24976767676776,367.2540222222222,489.6720296296296,122.4180074074074,22.70530370370355,7.568434567901183,30.27373827160473,0.45410607407407094,10.166183037037037,0.0,35.71652403629627,239.5730227994837,40.1402226553854,692.0712861952865,0.0,0.0,0.0,0.0,0.0,728.541614958913,3821.493451877683,23.844354017081482,0.0,0.0,0.0,0.0,-8.526512829121202e-14,0.0
2025-09-25 18:00:00+00:00,6,37.0,540.3569132996633,165.1489686868687,331.22083956228954,43.98710505050505,165.1489686868686,141.95178838383853,23.1971803030303,331.22083956228954,0.0,43.98710505050505,0.0,206.4753285583106,64.52354017447206,375.20794461279456,500.2772594837261,125.06931487093152,23.197180303030194,7.732393434343398,30.92957373737359,0.46394360606060386,10.376496237373736,0.0,36.4579928922222,244.62368121540354,56.43897955615387,706.7525880420367,0.0,0.0,0.0,0.0,0.0,728.541614958913,3053.543160715162,23.83813817553906,0.0,0.0,0.0,0.0,-2.842170943040401e-14,0.0
2025-09-25 19:00:00+00:00,6,37.0,544.1205185185185,166.1189851851852,333.24049629629627,44.76103703703704,166.1189851851851,142.81735555555574,23.30162962962963,333.24049629629627,0.0,44.76103703703704,0.0,207.7343353535356,64.91697979797988,378.0015333333333,504.00204444444444,126.00051111111111,23.301629629629446,7.7672098765431485,31.068839506172594,0.4660325925925889,10.44482525925926,0.0,36.68579461555554,246.28135325304152,61.86025681264698,711.73637979798,0.0,0.0,0.0,0.0,0.0,728.541614958913,2285.5928695526404,23.83538850374765,0.0,0.0,0.0,0.0,0.0,0.0
2025-09-25 20:00:00+00:00,6,37.0,546.8698914141414,167.15098594276094,334.9044758417508,44.814429629629636,167.15098594276085,143.53048964646482,23.620496296296295,334.9044758417508,0.0,44.814429629629636,0.0,208.77162130394882,65.241131657484,379.7189054713804,506.29187396184057,126.57296849046014,23.620496296296125,7.873498765432041,31.493995061728164,0.47240992592592246,10.49527857154882,0.0,36.90774808115318,247.56303549200413,65.89131194723257,715.0634952657894,0.0,0.0,0.0,0.0,0.0,728.541614958913,1517.642578390119,23.83450823734548,0.0,0.0,0.0,0.0,0.0,0.0
2025-09-25 21:00:00+00:00,6,37.0,534.2805555555556,163.36324074074076,326.97438148148143,43.942933333333336,163.3632407407407,140.1318777777779,23.231362962962958,326.97438148148143,0.0,43.942933333333336,0.0,203.82818585858604,63.69630808080814,370.91731481481474,494.5564197530863,123.63910493827157,23.23136296296289,7.743787654320963,30.97515061728385,0.46462725925925774,10.248660777777776,0.0,36.07521227962962,241.86770099006733,47.606641586709884,698.3846056116723,0.0,0.0,0.0,0.0,0.0,728.541614958913,749.6922872275977,23.837535353011965,0.0,0.0,0.0,0.0,-2.842170943040401e-14,0.0
2025-09-25 22:00:00+00:00,6,37.0,544.7100068514603,166.42481602850208,333.5706170855845,44.71457373737374,166.42481602850205,142.9588358938221,23.46598013468013,333.5706170855845,0.0,44.71457373737374,0.0,207.94012493646852,64.98128904264641,378.28519082295827,504.380254430611,126.09506360765275,23.465980134679995,7.821993378226665,31.28797351290666,0.4693196026935999,10.454264249941273,0.0,36.74991938933129,246.571849270492,791.2818561219523,712.3203793670796,0.0,0.0,0.0,0.0,0.0,0.0,749.6922872275977,23.83404120360375,0.0,0.0,0.0,0.0,-5.684341886080802e-14,0.0
2025-09-25 23:00:00+00:00,6,37.0,546.5778888888889,166.96005925925925,334.619962962963,44.997866666666674,166.9600592592592,143.4085555555557,23.551503703703702,334.619962962963,0.0,44.997866666666674,0.0,208.59426262626283,65.18570707070714,379.6178296296296,506.15710617283946,126.53927654320987,23.551503703703588,7.850501234567862,31.40200493827145,0.4710300740740717,10.488577555555555,0.0,36.871808130370354,247.40690060848488,1522.5264044562866,714.7513687991022,0.0,0.0,0.0,0.0,728.5416149589129,0.0,1440.8475492738667,23.835975882309775,0.0,0.0,0.0,0.0,0.0,0.0
2025-10-22 00:00:00+00:00,7,30.0,470.29415025252524,144.45951881313133,289.5923253787879,36.24230606060606,144.4595188131312,124.11099659090915,20.34852222222222,289.5923253787879,0.0,36.24230606060606,0.0,180.5250859504133,56.41408935950416,325.83463143939395,434.4461752525252,108.6115438131313,20.348522222222172,6.782840740740724,27.131362962962896,0.4069704444444434,9.050192821969699,0.0,31.8314202809722,213.0970574607625,1411.9328226722007,614.9712612029385,0.0,0.0,0.0,0.0,728.541614958913,0.0,2504.569974533606,23.86321947693326,0.0,0.0,0.0,0.0,0.0,0.0
2025-10-22 01:00:00+00:00,7,30.0,467.4895,143.58796111111113,287.91540555555554,35.986133333333335,143.58796111111104,123.39231666666682,20.19564444444444,287.91540555555554,0.0,35.986133333333335,0.0,179.47973333333354,56.08741666666673,323.90153888888887,431.86871851851845,107.96717962962961,20.19564444444434,6.731881481481446,26.927525925925785,0.40391288888888677,8.9973235,0.0,31.638379822777758,211.82609398944442,1407.8572089483573,611.348451851852,0.0,0.0,0.0,0.0,728.541614958913,0.0,3195.725236579875,23.863860589063595,0.0,0.0,0.0,0.0,-1.1368683772161603e-13,0.0
2025-10-22 02:00:00+00:00,7,30.0,467.7899444444445,143.6954166666667,288.0792833333333,36.01524444444444,143.6954166666666,123.4625500000001,20.232866666666663,288.0792833333333,0.0,36.01524444444444,0.0,179.58189090909107,56.11934090909096,324.0945277777777,432.12603703703695,108.03150925925924,20.232866666666553,6.744288888888851,26.977155555555402,0.40465733333333104,9.002530944444443,0.0,31.66211451944443,211.96444185446123,1408.2960012578187,611.707927946128,0.0,0.0,0.0,0.0,728.541614958913,0.0,3886.880498626144,23.86558052683552,0.0,0.0,0.0,0.0,0.0,0.0
2025-10-22 03:00:00+00:00,7,30.0,466.82655555555556,143.42509444444448,287.7348833333333,35.666577777777775,143.4250944444444,123.31495000000007,20.110144444444444,287.7348833333333,0.0,35.666577777777775,0.0,179.3672000000001,56.052250000000036,323.4014611111111,431.20194814814806,107.80048703703702,20.110144444444373,6.703381481481458,26.81352592592583,0.40220288888888744,8.988712277777777,0.0,31.59510699388888,211.54214067907407,1406.9103111935424,610.5691481481482,0.0,0.0,0.0,0.0,728.541614958913,0.0,4578.035760672413,23.863612247218047,0.0,0.0,0.0,0.0,-2.2737367544323206e-13,0.0
2025-10-22 04:00:00+00:00,7,30.0,480.58329292929295,147.5715090909091,295.30753636363636,37.704247474747476,147.57150909090902,126.56037272727279,21.01113636363636,295.30753636363636,0.0,37.704247474747476,0.0,184.08781487603315,57.52744214876036,333.01178383838385,444.0157117845118,111.00392794612794,21.01113636363631,7.003712121212104,28.014848484848415,0.4202227272727262,9.236268565656566,0.0,32.535194050808066,217.72676755983775,1426.8516754480438,628.103526660545,0.0,0.0,0.0,0.0,728.541614958913,0.0,5269.191022718682,23.860093054734705,0.0,0.0,0.0,0.0,1.1368683772161603e-13,0.0
2025-10-22 05:00:00+00:00,7,30.0,471.1395555555555,144.6832388888889,289.4546277777778,37.00168888888889,144.68323888888884,124.05198333333348,20.631255555555555,289.4546277777778,0.0,37.00168888888889,0.0,180.43924848484872,56.38726515151522,326.4563166666667,435.2750888888889,108.81877222222222,20.63125555555537,6.877085185185123,27.508340740740493,0.4126251111111074,9.053655722222222,0.0,31.899352906111094,213.448756298367,1413.1299268128355,615.7143373737376,0.0,0.0,0.0,0.0,728.541614958913,0.0,5960.346284764951,23.862407095222498,0.0,0.0,0.0,0.0,0.0,0.0
2025-10-22 06:00:00+00:00,7,30.0,460.92583333333334,141.6739777777778,283.0632777777777,36.18857777777778,141.67397777777774,121.31283333333347,20.36114444444444,283.0632777777777,0.0,36.18857777777778,0.0,176.4550303030305,55.14219696969703,319.25185555555555,425.6691407407407,106.41728518518518,20.36114444444432,6.787048148148107,27.148192592592427,0.40722288888888636,8.85378411111111,0.0,31.23472636222221,208.84226366525252,1398.3097119574986,602.1241710437712,0.0,0.0,0.0,0.0,728.541614958913,0.0,6651.50154681122,23.86589762582223,0.0,0.0,0.0,0.0,-2.2737367544323206e-13,0.0
2025-10-22 07:00:00+00:00,7,30.0,448.2207222222222,137.5777277777778,275.95543888888886,34.687555555555555,137.5777277777777,118.26661666666675,19.31111111111111,275.95543888888886,0.0,34.687555555555555,0.0,172.02416969696984,53.75755303030307,310.6429944444444,414.1906592592592,103.5476648148148,19.31111111111111,6.437037037037001,25.748148148148005,0.3862222222222201,8.625538722222222,0.0,30.319580648333314,203.07359647493263,651.2943186971547,586.214828956229,0.0,0.0,0.0,0.0,0.0,0.0,6651.50154681122,23.86907030642732,0.0,0.0,0.0,0.0,-1.1368683772161603e-13,0.0
2025-10-22 08:00:00+00:00,7,30.0,469.5551691919193,143.82687765151516,287.72626325757574,38.00202828282829,143.8268776515151,123.31125568181838,20.515621969696966,287.72626325757574,0.0,38.00202828282829,0.0,179.36182644628127,56.0505707644629,325.72829154040403,434.30438872053867,108.57609718013467,20.51562196969681,6.838540656565603,27.35416262626241,0.41031243939393613,9.011808180555555,0.0,31.742857503623725,212.63018672473638,682.1853559166557,613.6662151668199,0.0,0.0,0.0,0.0,0.0,0.0,6651.50154681122,23.858626418644704,0.0,0.0,0.0,0.0,2.842170943040401e-14,0.0
2025-10-22 09:00:00+00:00,7,30.0,488.89444444444445,149.71176111111112,299.81983888888885,39.36284444444444,149.71176111111106,128.4942166666668,21.217544444444442,299.81983888888885,0.0,39.36284444444444,0.0,186.900678787879,58.406462121212186,339.1826833333333,452.24357777777766,113.06089444444441,21.217544444444343,7.072514814814781,28.290059259259124,0.42435088888888683,9.38822361111111,0.0,33.03651872722221,221.3889646076936,710.283409052138,639.1442565656566,0.0,0.0,0.0,0.0,0.0,0.0,6651.50154681122,23.850128049272826,0.0,0.0,0.0,0.0,0.0,0.0
2025-10-22 10:00:00+00:00,7,30.0,479.7498888888889,146.78136111111112,293.9334611111111,39.035066666666665,146.78136111111104,125.97148333333351,20.809877777777775,293.9334611111111,0.0,39.035066666666665,0.0,183.23124848484875,57.25976515151523,332.9685277777778,443.95803703703706,110.98950925925926,20.809877777777643,6.936625925925881,27.746503703703524,0.4161975555555529,9.2083545,0.0,32.40160613611109,217.21205852836704,0.0,627.1892855218858,0.0,0.0,0.0,0.0,0.0,696.9619474172559,5916.839148042874,23.8520711990541,0.0,0.0,0.0,0.0,0.0,0.0
2025-10-22 11:00:00+00:00,7,30.0,486.99947222222227,149.14493055555556,298.2980972222222,39.556444444444445,149.1449305555555,127.84204166666676,21.302888888888887,298.2980972222222,0.0,39.556444444444445,0.0,185.95206060606074,58.11001893939398,337.85454166666665,450.47272222222216,112.61818055555554,21.302888888888802,7.100962962962933,28.403851851851734,0.426057777777776,9.344507361111111,0.0,32.92051743749998,220.5202450343013,0.0,636.4247828282829,0.0,0.0,0.0,0.0,0.0,707.5197172565237,5171.047882706556,23.84785536407439,0.0,0.0,0.0,0.0,1.1368683772161603e-13,0.0
2025-10-22 12:00:00+00:00,7,30.0,485.4934330808081,148.57740265151517,297.55487487373733,39.361155555555555,148.57740265151503,127.52351780303042,21.05388484848485,297.55487487373733,0.0,39.361155555555555,0.0,185.48875316804427,57.96523536501383,336.9160304292929,449.22137390572385,112.30534347643096,21.053884848484742,7.01796161616158,28.07184646464632,0.42107769696969477,9.320257801767676,0.0,32.794061568850985,219.8239375251947,0.0,634.7101270737681,0.0,0.0,0.0,0.0,0.0,705.3173706060027,4427.578094574535,23.846115367090007,0.0,0.0,0.0,0.0,-1.1368683772161603e-13,0.0
2025-10-22 13:00:00+00:00,7,30.0,475.0838594771242,145.11440784313726,291.1398960784313,38.82955555555556,145.1144078431372,124.77424117647072,20.340166666666665,291.1398960784313,0.0,38.82955555555556,0.0,181.4898053475938,56.71556417112306,329.96945163398686,439.9592688453158,109.98981721132895,20.34016666666652,6.780055555555506,27.120222222222026,0.40680333333333035,9.122492437908495,0.0,32.03993217830064,215.05466488755,690.1385243646741,621.4490741929096,0.0,0.0,0.0,0.0,0.0,0.0,4427.578094574535,23.849916308522555,0.0,0.0,0.0,0.0,-2.842170943040401e-14,0.0
2025-10-22 14:00:00+00:00,7,30.0,475.7269444444445,145.24717222222222,291.58301666666665,38.89675555555556,145.24717222222213,124.96415000000015,20.283022222222222,291.58301666666665,0.0,38.89675555555556,0.0,181.76603636363657,56.80188636363643,330.4797722222222,440.6396962962963,110.15992407407407,20.283022222222044,6.761007407407348,27.044029629629392,0.4056604444444409,9.136458055555554,0.0,32.07008472611109,215.33502107122894,691.0619655156734,622.4057326599328,0.0,0.0,0.0,0.0,0.0,0.0,4427.578094574535,23.8526288982107,0.0,0.0,0.0,0.0,-5.684341886080802e-14,0.0
2025-10-22 15:00:00+00:00,7,30.0,459.1575,140.18920555555556,280.8077611111111,38.16053333333333,140.18920555555545,120.34618333333341,19.84302222222222,280.8077611111111,0.0,38.16053333333333,0.0,175.04899393939408,54.70281060606065,318.96829444444444,425.2910592592592,106.3227648148148,19.84302222222216,6.61434074074072,26.45736296296288,0.3968604444444432,8.805838166666668,0.0,30.969687360555533,207.8123021332828,666.9698021332829,600.3400531986533,0.0,0.0,0.0,0.0,0.0,0.0,4427.578094574535,23.857598743399816,0.0,0.0,0.0,0.0,5.684341886080802e-14,0.0
2025-10-22 16:00:00+00:00,7,30.0,484.42485353535346,148.79514924242426,296.5595093434343,39.07019494949495,148.7951492424242,127.09693257575773,21.698216666666667,296.5595093434343,0.0,39.07019494949495,0.0,184.86826556473852,57.77133298898079,335.6297042929292,447.50627239057224,111.87656809764306,21.698216666666553,7.232738888888851,28.930955555555403,0.433964333333331,9.287487229797978,0.0,32.832883559267664,219.43497509791166,703.8598286332651,632.3745379553108,0.0,0.0,0.0,0.0,0.0,0.0,4427.578094574535,23.849267986457903,0.0,0.0,0.0,0.0,0.0,0.0
2025-10-22 17:00:00+00:00,7,30.0,481.93544444444444,147.79029444444447,294.7211944444444,39.42395555555556,147.7902944444444,126.30908333333342,21.481211111111108,294.7211944444444,0.0,39.42395555555556,0.0,183.72230303030315,57.41321969696973,334.14514999999994,445.5268666666666,111.38171666666665,21.48121111111105,7.160403703703683,28.641614814814734,0.42962422222222096,9.235875388888887,0.0,32.62752074499999,218.24836042345117,0.0,629.2491696969697,0.0,0.0,0.0,0.0,0.0,700.1838048678957,3689.5195598593873,23.850304241709058,0.0,0.0,0.0,0.0,5.684341886080802e-14,0.0
2025-10-22 18:00:00+00:00,7,30.0,470.80477777777776,144.17805555555557,287.8685444444444,38.75817777777778,144.17805555555552,123.37223333333344,20.80582222222222,287.8685444444444,0.0,38.75817777777778,0.0,179.45052121212137,56.07828787878793,326.6267222222222,435.50229629629627,108.87557407407407,20.805822222222133,6.935274074074044,27.741096296296178,0.4161164444444426,9.023638111111111,0.0,31.83794218333332,213.1668327658249,0.0,614.9528175084176,0.0,0.0,0.0,0.0,0.0,683.9716105436027,2968.55017845558,23.8531993655428,0.0,0.0,0.0,0.0,0.0,0.0
2025-10-22 19:00:00+00:00,7,30.0,445.965111111111,136.72512222222224,272.5337222222222,36.70626666666667,136.72512222222215,116.80016666666684,19.924955555555556,272.5337222222222,0.0,36.70626666666667,0.0,169.89115151515176,53.09098484848492,309.2399888888889,412.31998518518515,103.07999629629629,19.9249555555554,6.641651851851799,26.566607407407197,0.3984991111111079,8.543074333333333,0.0,30.19087468555554,201.94508112663297,0.0,582.211136700337,0.0,0.0,0.0,0.0,0.0,647.910192237744,2285.5928695526404,23.865974616983024,0.0,0.0,0.0,0.0,2.842170943040401e-14,0.0
2025-10-22 20:00:00+00:00,7,30.0,533.6374292929293,161.58078080808082,316.47603838383833,55.580610101010095,161.58078080808076,135.63258787878806,25.948192929292926,316.47603838383833,0.0,55.580610101010095,0.0,197.2837641873281,61.65117630854003,372.0566484848485,496.0755313131313,124.01888282828283,25.94819292929276,8.649397643097586,34.597590572390345,0.5189638585858551,10.050087252525254,0.0,36.00269902636362,240.89120691739518,45.98702125141142,693.3592955004594,0.0,0.0,0.0,0.0,0.0,728.541614958913,1517.642578390119,23.822959474075887,0.0,0.0,0.0,0.0,-2.842170943040401e-14,0.0
2025-10-22 21:00:00+00:00,7,30.0,545.1663333333333,164.7750777777778,322.5527666666666,57.83848888888889,164.77507777777768,138.23690000000016,26.538177777777776,322.5527666666666,0.0,57.83848888888889,0.0,201.07185454545484,62.834954545454636,380.3912555555555,507.18834074074067,126.79708518518517,26.538177777777634,8.84605925925921,35.38423703703684,0.5307635555555525,10.254967888888888,0.0,36.745154076666644,246.0089845110101,62.633702885430466,708.2601952861955,0.0,0.0,0.0,0.0,0.0,728.541614958913,749.6922872275977,23.8153341352071,0.0,0.0,0.0,0.0,0.0,0.0
2025-10-22 22:00:00+00:00,7,30.0,545.4061111111113,165.02727777777778,322.2402555555555,58.13857777777778,165.02727777777773,138.10296666666684,26.92431111111111,322.2402555555555,0.0,58.13857777777778,0.0,200.8770424242427,62.774075757575844,380.3788333333333,507.1717777777777,126.79294444444443,26.924311111110967,8.974770370370322,35.89908148148129,0.5384862222222193,10.248593444444445,0.0,36.807001572222205,246.13587181127946,1184.2622553031454,708.0488202020204,0.0,0.0,0.0,0.0,392.72027238075464,0.0,1122.259450441068,23.820493613002203,0.0,0.0,0.0,0.0,0.0,0.0
2025-10-22 23:00:00+00:00,7,30.0,544.5103333333333,164.91975555555555,321.3640888888889,58.22648888888889,164.91975555555553,137.72746666666686,27.192288888888882,321.3640888888889,0.0,58.22648888888889,0.0,200.3308606060609,62.60339393939403,379.59057777777775,506.12077037037034,126.53019259259258,27.192288888888697,9.064096296296231,36.256385185184925,0.5438457777777739,10.223187555555555,0.0,36.78635371777777,245.75106987939398,1518.8030181716401,706.4516309764313,0.0,0.0,0.0,0.0,728.541614958913,0.0,1813.414712487337,23.82292416222008,0.0,0.0,0.0,0.0,-1.1368683772161603e-13,0.0
2025-12-05 00:00:00+00:00,8,46.0,584.4156666666665,176.9525888888889,351.7269,55.73617777777778,176.95258888888878,150.74010000000018,26.212488888888885,351.7269,0.0,55.73617777777778,0.0,219.25832727272754,68.51822727272736,407.4630777777778,543.2841037037037,135.82102592592594,26.212488888888714,8.737496296296237,34.94998518518495,0.5242497777777743,11.109168777777779,0.0,39.291776956666645,264.00194500717174,1576.9592266327513,762.5424309764313,0.0,0.0,0.0,0.0,728.541614958913,0.0,2132.0028113201356,23.81683332327399,0.0,0.0,0.0,0.0,0.0,0.0
2025-12-05 01:00:00+00:00,8,46.0,574.1494444444445,173.6675666666667,344.85352222222224,55.62835555555556,173.6675666666666,147.79436666666683,25.873199999999997,344.85352222222224,0.0,55.62835555555556,0.0,214.97362424242448,67.17925757575765,400.4818777777778,533.9758370370371,133.49395925925927,25.873199999999855,8.624399999999952,34.49759999999981,0.517463999999997,10.901889222222223,0.0,38.58691041888887,259.303880476128,1561.9949398794854,748.9494612794615,0.0,0.0,0.0,0.0,728.541614958913,0.0,2823.1580733664046,23.819204130764117,0.0,0.0,0.0,0.0,0.0,0.0
2025-12-05 02:00:00+00:00,8,46.0,576.6842222222223,174.45565555555558,346.3610111111111,55.867555555555555,174.45565555555544,148.44043333333352,26.01522222222222,346.3610111111111,0.0,55.867555555555555,0.0,215.91335757575786,67.47292424242433,402.22856666666667,536.3047555555555,134.07618888888888,26.015222222222093,8.671740740740697,34.68696296296279,0.5203044444444418,10.94950588888889,0.0,38.76166381444442,260.45232801983167,1565.6781652009668,752.2181131313134,0.0,0.0,0.0,0.0,728.541614958913,0.0,3514.3133354126735,23.81742757187084,0.0,0.0,0.0,0.0,-2.2737367544323206e-13,0.0
2025-12-05 03:00:00+00:00,8,46.0,571.5294444444445,172.8815777777778,343.2996,55.34826666666667,172.88157777777772,147.12840000000017,25.753177777777776,343.2996,0.0,55.34826666666667,0.0,214.00494545454572,66.87654545454554,398.6478666666667,531.5304888888888,132.8826222222222,25.753177777777637,8.584392592592545,34.33757037037018,0.5150635555555527,10.852470666666667,0.0,38.41152223777776,258.1226167293603,1558.1936761327179,745.5354343434345,0.0,0.0,0.0,0.0,728.541614958913,0.0,4205.468597458943,23.819461224799028,0.0,0.0,0.0,0.0,1.1368683772161603e-13,0.0
2025-12-05 04:00:00+00:00,8,46.0,572.2355555555556,173.1565666666667,344.08787777777775,54.99111111111111,173.1565666666666,147.4662333333335,25.690333333333328,344.08787777777775,0.0,54.99111111111111,0.0,214.49633939393962,67.03010606060613,399.07898888888883,532.1053185185184,133.0263296296296,25.69033333333317,8.56344444444439,34.25377777777756,0.5138066666666633,10.872547444444443,0.0,38.46082274111109,258.4670569869023,1559.24422750137,746.601657912458,0.0,0.0,0.0,0.0,728.5416149589121,0.0,4896.623859505211,23.82059935333578,0.0,0.0,0.0,0.0,0.0,0.0
2025-12-05 05:00:00+00:00,8,46.0,566.7209166666667,171.43197500000002,340.2327638888889,55.056177777777776,171.43197499999994,145.81404166666675,25.617933333333333,340.2327638888889,0.0,55.056177777777776,0.0,212.09315151515165,66.2791098484849,395.2889416666667,527.0519222222222,131.76298055555554,25.61793333333327,8.53931111111109,34.15724444444436,0.5123586666666654,10.757544694444444,0.0,38.09400176861109,255.94530664487374,1551.2078382704533,739.1450737373739,0.0,0.0,0.0,0.0,728.541614958913,0.0,5587.779121551481,23.821352972854058,0.0,0.0,0.0,0.0,-1.1368683772161603e-13,0.0
2025-12-05 06:00:00+00:00,8,46.0,569.9656666666666,172.37123333333338,342.90643333333327,54.688,172.3712333333333,146.95990000000015,25.41133333333333,342.90643333333327,0.0,54.688,0.0,213.75985454545477,66.79995454545461,397.59443333333326,530.125911111111,132.53147777777775,25.411333333333204,8.4704444444444,33.8817777777776,0.5082266666666639,10.834072999999998,0.0,38.28496456333332,257.42914099767677,1555.9364226232556,743.8857656565658,0.0,0.0,0.0,0.0,728.5416149589121,0.0,6278.934383597749,23.816011468045385,0.0,0.0,0.0,0.0,1.1368683772161603e-13,0.0
2025-12-05 07:00:00+00:00,8,46.0,577.4150000000001,174.6127777777778,348.18062222222215,54.62160000000001,174.61277777777772,149.22026666666682,25.39251111111111,348.18062222222215,0.0,54.62160000000001,0.0,217.04766060606082,67.827393939394,402.80222222222216,537.0696296296295,134.26740740740738,25.39251111111099,8.46417037037033,33.85668148148132,0.5078502222222198,10.991634666666666,0.0,38.7622230111111,260.82067961717166,1331.8632183468512,754.1172902356903,0.0,0.0,0.0,0.0,493.6275387296796,0.0,6747.230585048379,23.814281957903074,0.0,0.0,0.0,0.0,-1.1368683772161603e-13,0.0
2025-12-05 08:00:00+00:00,8,46.0,580.2640714497921,175.4177881016043,349.6726833481877,55.1736,175.41778810160417,149.8597214349378,25.558066666666665,349.6726833481877,0.0,55.1736,0.0,217.9777766326368,68.118055197699,404.84628334818774,539.7950444642503,134.94876111606257,25.55806666666652,8.519355555555506,34.077422222222026,0.5111613333333304,11.04191650044563,0.0,38.94888171731281,262.08813142040884,842.3522028702009,757.7728210968871,0.0,0.0,0.0,0.0,0.0,0.0,6747.230585048379,23.814118342447177,0.0,0.0,0.0,0.0,-5.684341886080802e-14,0.0
2025-12-05 09:00:00+00:00,8,46.0,572.4880450086737,173.15855794704657,344.57899817273824,54.750488888888896,173.1585579470465,147.6767135026022,25.48184444444444,344.57899817273824,0.0,54.750488888888896,0.0,214.8024923674214,67.12577886481918,399.3294870616271,532.4393160821694,133.10982902054235,25.481844444444363,8.493948148148121,33.975792592592484,0.5096368888888873,10.884874834071036,0.0,38.454871788839384,258.57893954530897,831.0669845539826,747.241808449591,0.0,0.0,0.0,0.0,0.0,0.0,6747.23058504838,23.81828044897946,0.0,0.0,0.0,0.0,-5.684341886080802e-14,-2.2737367544323206e-13
2025-12-05 10:00:00+00:00,8,46.0,573.1699556194126,173.4383977969349,345.3704022669221,54.36115555555556,173.4383977969348,148.0158866858239,25.42251111111111,345.3704022669221,0.0,54.36115555555556,0.0,215.2958351793802,67.2799484935563,399.7315578224776,532.9754104299701,133.24385260749253,25.422511111110992,8.47417037037033,33.89668148148132,0.5084502222222198,10.904723623563218,0.0,38.50435623142719,258.9155015486318,103.5438422091313,748.2712456093503,0.0,0.0,0.0,0.0,0.0,728.541614958913,5979.280293885859,23.81687234676148,0.0,0.0,0.0,0.0,-1.1368683772161603e-13,0.0
2025-12-05 11:00:00+00:00,8,46.0,562.1559161304161,169.93378595023597,339.32781906906905,52.894311111111115,169.93378595023592,145.42620817245836,24.507577777777776,339.32781906906905,0.0,52.894311111111115,0.0,211.52903006903034,66.10282189657198,392.22213018018016,522.9628402402402,130.74071006006005,24.507577777777612,8.169192592592537,32.67677037037015,0.49015155555555223,10.708777683183182,0.0,37.71654930200986,253.92820308997315,87.54250426147632,734.4918703092706,0.0,0.0,0.0,0.0,0.0,728.541614958913,5211.330002723336,23.824010073775355,0.0,0.0,0.0,0.0,2.842170943040401e-14,0.0
2025-12-05 12:00:00+00:00,8,46.0,584.7593333333333,176.75781111111115,352.48134444444446,55.520177777777775,176.75781111111098,151.0634333333335,25.694377777777774,352.48134444444446,0.0,55.520177777777775,0.0,219.72863030303057,68.66519696969705,408.0015222222222,544.0020296296295,136.00050740740738,25.694377777777618,8.56479259259254,34.25917037037016,0.5138875555555523,11.129642111111112,0.0,39.244428945555526,264.1184555819192,120.3361739563394,763.73065993266,0.0,0.0,0.0,0.0,0.0,728.541614958913,4443.379711560816,23.816286079548078,0.0,0.0,0.0,0.0,-1.1368683772161603e-13,0.0
2025-12-05 13:00:00+00:00,8,46.0,587.7015555555555,177.8310666666667,354.2323555555555,55.638133333333336,177.83106666666654,151.81386666666674,26.017199999999995,354.2323555555555,0.0,55.638133333333336,0.0,220.8201696969698,69.00630303030306,409.8704888888888,546.493985185185,136.62349629629625,26.017199999999917,8.672399999999971,34.689599999999885,0.5203439999999983,11.183352,0.0,39.476909479999975,265.48280480659923,1007.1493682626215,767.3141548821548,0.0,0.0,0.0,0.0,153.96500790046673,0.0,4589.443743040204,23.814842972554555,0.0,0.0,0.0,0.0,0.0,0.0
2025-12-05 14:00:00+00:00,8,46.0,577.8402222222222,174.81425555555558,349.0429444444444,53.98302222222223,174.81425555555546,149.58983333333353,25.224422222222216,349.0429444444444,0.0,53.98302222222223,0.0,217.5852121212124,67.99537878787888,403.02596666666665,537.3679555555555,134.34198888888886,25.224422222222046,8.40814074074068,33.63256296296272,0.5044884444444409,11.011118555555555,0.0,38.78835650111109,261.04947191861953,838.8896941408417,754.9531676767679,0.0,0.0,0.0,0.0,0.0,0.0,4589.443743040204,23.819580951724365,0.0,0.0,0.0,0.0,-5.684341886080802e-14,0.0
2025-12-05 15:00:00+00:00,8,46.0,571.5477777777777,173.13530000000003,344.11105555555554,54.30142222222222,173.1352999999999,147.4761666666668,25.65913333333333,344.11105555555554,0.0,54.30142222222222,0.0,214.5107878787881,67.03462121212128,398.4124777777778,531.216637037037,132.80415925925925,25.659133333333216,8.553044444444405,34.21217777777762,0.5131826666666642,10.866345888888889,0.0,38.438001298888864,258.2093547702694,829.7571325480469,745.7274249158252,0.0,0.0,0.0,0.0,0.0,0.0,4589.443743040204,23.82832227717942,0.0,0.0,0.0,0.0,-1.7053025658242404e-13,0.0
2025-12-05 16:00:00+00:00,8,46.0,579.576921409214,175.94358238482388,349.3378550135501,54.29548401084011,175.94358238482377,149.71622357723595,26.22735880758807,349.3378550135501,0.0,54.29548401084011,0.0,217.76905247597958,68.05282889874361,403.63333902439024,538.1777853658537,134.5444463414634,26.227358807587933,8.742452935862644,34.96981174345058,0.5245471761517586,11.023090490514903,0.0,39.0379738819241,261.92533972466043,841.5022611338744,667.6735151645341,0.0,88.27332267729918,0.0,83.85965654343421,0.0,0.0,4589.443743040204,23.83028838057639,0.0,0.0,0.0,0.0,-5.684341886080802e-14,-5.684341886080802e-14
2025-12-05 17:00:00+00:00,8,46.0,574.6500555555556,174.5317777777778,345.9694777777778,54.14880000000001,174.53177777777773,148.27263333333346,26.25914444444444,345.9694777777778,0.0,54.14880000000001,0.0,215.66928484848503,67.39665151515158,400.1182777777778,533.491037037037,133.37275925925925,26.25914444444433,8.75304814814811,35.01219259259244,0.5251828888888866,10.920572333333334,0.0,38.732384111111095,259.70059825589226,105.80903885253485,575.7572098658378,0.0,173.40311201968427,0.0,248.42489364904742,0.0,728.541614958913,3821.493451877683,23.832560191020335,0.0,0.0,0.0,0.0,0.0,0.0
2025-12-05 18:00:00+00:00,8,46.0,563.994,171.36136111111114,339.2292166666667,53.40342222222223,171.36136111111105,145.38395000000017,25.977411111111106,46.24028310916873,292.98893355749794,53.40342222222223,0.0,211.46756363636388,66.08361363636371,99.64370533139095,132.8582737751879,33.21456844379698,25.977411111110968,8.659137037036988,327.6254817056459,4.914382225584688,7.781021386647243,5.859778671149959,38.035113558333315,164.54761495891287,0.0,538.7590686325944,0.0,0.0,194.43323122104263,43.261484681704474,0.0,728.541614958913,3053.543160715162,23.836683736309933,0.0,0.0,0.0,0.0,8.526512829121202e-14,0.0
2025-12-05 19:00:00+00:00,8,46.0,567.1956666666667,171.94231666666667,341.7933944444444,53.45995555555556,171.94231666666667,146.48288333333343,25.459433333333333,151.58027386124738,190.21312058319705,53.45995555555556,0.0,213.06601212121228,66.58312878787883,205.0402294168029,273.3869725557372,68.3467431389343,25.459433333333237,8.486477777777745,224.15903169430803,3.3623854754146203,8.886270183056917,3.804262411663941,38.16076189388887,197.6300296686152,36.28408137636893,486.45298467694954,0.0,0.0,0.0,43.17496171234107,0.0,728.541614958913,2285.5928695526404,23.832406213873618,0.0,0.0,0.0,0.0,-2.842170943040401e-14,-5.684341886080802e-14
2025-12-05 20:00:00+00:00,8,46.0,591.0954217171717,178.81297436868687,356.81505239898985,55.46739494949495,178.81297436868678,152.9207367424244,25.89223762626262,356.81505239898985,0.0,55.46739494949495,0.0,222.43016253443548,69.50942579201109,412.2824473484848,549.7099297979797,137.42748244949493,25.8922376262625,8.630745875420832,34.52298350168333,0.5178447525252499,11.259125521464647,0.0,39.68221858874998,267.02684297966675,129.58064973792534,813.0742735318858,0.0,0.0,40.93418119947057,0.0,0.0,728.541614958913,1517.642578390119,23.822913151545713,0.0,0.0,0.0,0.0,-1.1368683772161603e-13,0.0
2025-12-05 21:00:00+00:00,8,46.0,589.0288333333333,178.27616666666668,355.62022222222214,55.132444444444445,178.27616666666654,152.40866666666685,25.867499999999993,355.62022222222214,0.0,55.132444444444445,0.0,221.6853333333336,69.27666666666676,410.7526666666666,547.670222222222,136.9175555555555,25.867499999999865,8.622499999999954,34.48999999999982,0.5173499999999972,11.219931111111109,0.0,39.55862659444441,266.1126299277778,126.59984830219798,769.3555555555556,0.0,0.0,0.0,0.0,0.0,728.541614958913,749.6922872275977,23.822333750889605,0.0,0.0,0.0,0.0,-1.1368683772161603e-13,0.0
2025-12-05 22:00:00+00:00,8,46.0,578.5573888888889,175.1496388888889,349.18539444444446,54.22235555555555,175.14963888888886,149.65088333333347,25.498755555555555,349.18539444444446,0.0,54.22235555555555,0.0,217.67401212121231,68.02312878787885,403.40775,537.877,134.46925,25.49875555555542,8.49958518518514,33.99834074074056,0.5099751111111084,11.017785388888889,0.0,38.86637025277776,261.38609472584176,839.9434836147307,755.5510121212124,0.0,0.0,0.0,0.0,0.0,0.0,749.6922872275977,23.825870840015337,0.0,0.0,0.0,0.0,0.0,-1.1368683772161603e-13
2025-12-05 23:00:00+00:00,8,46.0,550.8208333333333,166.81690000000003,333.4677111111111,50.53622222222222,166.81689999999995,142.9147333333335,23.902166666666666,333.4677111111111,0.0,50.53622222222222,0.0,207.875975757576,64.9612424242425,384.0039333333333,512.0052444444443,128.00131111111108,23.902166666666574,7.967388888888857,31.86955555555543,0.47804333333333143,10.509393555555555,0.0,36.98798141888887,248.9053607320202,1528.2678090242666,719.8812202020204,0.0,0.0,0.0,0.0,728.541614958913,0.0,1440.8475492738667,23.832698667520575,0.0,0.0,0.0,0.0,1.1368683772161603e-13,0.0
