timestamp_hour_utc,representative_day_id,day_weight,it_load_kw,q_air_kw,q_cp_kw,q_rdhx_kw,s_air_kw,s_air_old_kw,s_air_new_kw,old_ac_capacity_eff_kw,q_air_to_ashp_kw,q_air_to_reject_kw,q_cp_to_wshp_kw,q_cp_to_free_kw,q_rdhx_to_wshp_kw,q_rdhx_to_chiller_kw,q_ashp_out_kw,p_ashp_kw,q_wshp_in_kw,q_wshp_out_kw,p_wshp_kw,q_chiller_evap_kw,p_chiller_kw,q_tower_kw,p_tower_kw,p_pump_kw,p_cdu_free_kw,p_terminal_kw,p_cooling_kw,p_grid_kw,q_heat_kw,q_tes_ch_kw,q_tes_dis_kw,e_tes_kwh,p_bess_ch_kw,p_bess_dis_kw,e_bess_kwh,max_theta_c,hotspot_slack_c,hotspot_penalty_yuan,bess_degradation_cost_yuan,power_balance_residual_kw,heat_balance_residual_kw
2025-01-15 00:00:00+00:00,0,71.0,2808.3800211662774,794.3180918071424,580.693368260727,1433.368561098407,794.3180918071424,124.44194559899599,669.8761462081465,739.7495764592554,629.2391476967927,165.07894411034977,580.693368260727,0.0,1433.368561098407,0.0,915.2569421044257,286.017794407633,2014.061929359134,2685.4159058121786,671.3539764530447,165.07894411034977,55.02631470344992,220.10525881379968,3.301578882206995,31.75448665880588,0.0,214.9969772085573,1262.4511283136978,4070.831149479974,3600.672847916604,0.0,0.0,0.0,0.0,0.0,679.1055951404247,23.790760397709388,0.0,0.0,0.0,-1.1368683772161603e-12,0.0
2025-01-15 01:00:00+00:00,0,71.0,2850.3519168317885,800.0706619882898,585.853879104602,1464.4273757388942,800.0706619882898,124.90841895811054,675.1622430301792,739.7495764592554,634.7668104033249,165.30385158496483,585.853879104602,0.0,1464.4273757388942,0.0,923.2971787684727,288.5303683651477,2050.2812548434963,2733.7083397913284,683.4270849478321,165.30385158496483,55.10128386165494,220.40513544661977,3.3060770316992962,32.219890130527006,0.0,217.08269994217392,1279.6674042790346,4130.019321110823,3657.005518559801,0.0,0.0,0.0,0.0,0.0,679.1055951404247,23.78752048367269,0.0,0.0,0.0,-4.547473508864641e-13,0.0
2025-01-15 02:00:00+00:00,0,71.0,2878.6567769324,804.2069530330613,590.3251704744245,1484.1246534249142,804.2069530330613,125.90385923620475,678.3030937968565,739.7495764592554,638.3265885945284,165.88036443853287,590.3251704744245,0.0,1484.1246534249142,0.0,928.4750379556777,290.1484493611493,2074.4498238993388,2765.9330985324514,691.4832746331128,165.88036443853287,55.29345481284429,221.17381925137715,3.3176072887706574,32.55100164848187,0.0,218.54862940783426,1291.3424171521933,4967.711248347472,3694.408136488129,0.0,0.0,0.0,797.7120542628802,0.0,1435.8816976731844,23.785186999348547,0.0,0.0,0.0,-1.5916157281026244e-12,0.0
2025-01-15 03:00:00+00:00,0,71.0,2848.0398182076824,795.732714075688,582.8067347750949,1469.5003693568997,795.732714075688,124.74963152681912,670.9830825488689,739.7495764592554,630.6701696346777,165.06254444101035,582.8067347750949,0.0,1469.5003693568997,0.0,917.3384285595312,286.6682589248535,2052.3071041319945,2736.4094721759925,684.1023680439981,165.06254444101035,55.02084814700345,220.0833925880138,3.301250888820207,32.17920573682184,0.0,216.27485981577163,1277.5467915572688,4125.58660976495,3653.7479007355237,0.0,0.0,0.0,0.0,0.0,1435.8816976731844,23.78445889091443,0.0,0.0,0.0,-1.5916157281026244e-12,0.0
2025-01-15 04:00:00+00:00,0,71.0,2876.2462463172383,804.8378798717783,588.6125888953525,1482.7957775501081,804.8378798717783,125.96848316364571,678.8693967081326,739.7495764592554,637.9413875492477,166.89649232253066,588.6125888953525,0.0,1482.7957775501081,0.0,927.9147455261784,289.97335797693074,2071.4083664454606,2761.877821927281,690.4694554818202,166.89649232253066,55.63216410751022,222.52865643004088,3.337929846450613,32.48633544236166,0.0,218.64480120996043,1290.5440440650339,4166.790290382272,3689.792567453459,0.0,0.0,0.0,0.0,0.0,1435.8816976731844,23.78194848764164,0.0,0.0,0.0,2.2737367544323206e-13,0.0
2025-01-15 05:00:00+00:00,0,71.0,2860.627209702743,799.3853101591322,585.2364959467563,1476.0054035968537,799.3853101591322,124.98691734049387,674.3983928186384,739.7495764592554,633.9222837095269,165.4630264496053,585.2364959467563,0.0,1476.0054035968537,0.0,922.0687763047665,288.1464925952395,2061.24189954361,2748.3225327248133,687.0806331812033,165.4630264496053,55.154342149868434,220.61736859947374,3.3092605289921058,32.31714891437123,0.0,217.24553561939285,1283.2534129890673,4143.880622691811,3670.39130902958,0.0,0.0,0.0,0.0,0.0,1435.8816976731844,23.787253905015213,0.0,0.0,0.0,9.094947017729282e-13,0.0
2025-01-15 06:00:00+00:00,0,71.0,2891.20752532406,807.4097561059493,590.1484035334444,1493.6493656846662,807.4097561059492,126.30538563223993,681.1043704737093,739.7495764592554,639.5834306946542,167.8263254112951,590.1484035334444,0.0,1493.6493656846662,0.0,930.3031719194971,290.71974122484283,2083.7977692181107,2778.3970256241473,694.5992564060368,167.8263254112951,55.9421084704317,223.7684338817268,3.356526508225902,32.640945762849995,0.0,219.49971280539074,1296.7582911777781,4187.965816501838,3708.700197543644,0.0,0.0,0.0,0.0,0.0,1435.8816976731844,23.785458104001275,0.0,0.0,0.0,0.0,0.0
2025-01-15 07:00:00+00:00,0,71.0,2991.1255254053904,847.9833318120143,623.9686956401623,1519.1734979532134,847.9833318120143,133.95226839995178,714.0310634120625,739.7495764592554,672.976652462669,175.0066793493453,623.9686956401623,0.0,1519.1734979532134,0.0,978.8751308547913,305.8984783921223,2143.142193593376,2857.5229247911675,714.3807311977919,175.0066793493453,58.335559783115094,233.34223913246038,3.5001335869869057,33.91079584873701,0.0,229.3081050628503,1345.3338038716033,4336.459329276993,3836.3980556459587,0.0,0.0,0.0,0.0,0.0,1435.8816976731844,23.783815553889905,0.0,0.0,0.0,-4.547473508864641e-13,0.0
2025-01-15 08:00:00+00:00,0,71.0,2944.9752679612047,840.5347151132515,619.3240103489879,1485.1165424989663,840.5347151132515,133.2481774595158,707.2865376537358,739.7495764592554,667.1456486540802,173.38906645917132,619.3240103489879,0.0,1485.1165424989663,0.0,970.3936707695713,303.248022115491,2104.440552847954,2805.9207371306056,701.4801842826514,173.38906645917132,57.79635548639044,231.18542194556176,3.4677813291834263,33.4308857354593,0.0,226.7752436001786,1326.198472549354,4271.173740510558,3776.314407900177,0.0,0.0,0.0,0.0,0.0,1435.8816976731844,23.78936890321206,0.0,0.0,0.0,-9.094947017729282e-13,0.0
2025-01-15 09:00:00+00:00,0,71.0,2856.3171736067093,820.7773458828112,602.9775031782999,1432.5623245455977,820.7773458828112,129.6275608169783,691.1497850658329,739.7495764592554,651.3617197329606,169.4156261498506,602.9775031782999,0.0,1432.5623245455977,0.0,947.4352287024882,296.07350896952755,2035.5398277238976,2714.0531036318635,678.5132759079659,169.4156261498506,56.47187538328353,225.88750153313413,3.388312522997012,32.414948340804976,0.0,220.9474373495771,1287.8093584741562,4144.126532080864,3661.4883323343515,0.0,0.0,0.0,0.0,0.0,1435.8816976731844,23.79339793067755,0.0,0.0,0.0,-1.1368683772161603e-12,0.0
2025-01-15 10:00:00+00:00,0,71.0,2920.5415446704137,834.7812916316135,611.791739987296,1473.9685130515024,834.7812916316135,131.94420644601792,702.8370851855956,739.7495764592554,662.0505378858363,172.73075374577718,611.791739987296,0.0,1473.9685130515024,0.0,962.9826005612165,300.9320626753801,2085.7602530387985,2781.013670718398,695.2534176795995,172.73075374577718,57.57691791525906,230.30767166103624,3.4546150749155435,33.09343733013391,0.0,225.17127708705638,1315.4817277623442,3822.8935626432235,3743.996271279614,0.0,0.0,0.0,0.0,413.1297097895351,1000.4047470000868,23.791288302292696,0.0,0.0,0.0,9.094947017729282e-13,0.0
2025-01-15 11:00:00+00:00,0,71.0,2884.3580135951543,826.3890165778719,604.3916626348266,1453.5773343824555,826.3890165778719,131.177673907265,695.2113426706069,739.7495764592554,654.1607521417956,172.2282644360763,604.3916626348266,0.0,1453.5773343824555,0.0,951.5065485698844,297.3457964280889,2057.968997017282,2743.9586626897094,685.9896656724273,172.2282644360763,57.4094214786921,229.6376859147684,3.444565288721526,32.667523222869356,0.0,222.78356581041533,1299.6405379012144,3386.2864972334883,3695.465211259594,0.0,0.0,0.0,0.0,797.7120542628802,159.54241085257604,23.792168500863202,0.0,0.0,0.0,-4.547473508864641e-13,0.0
2025-01-15 12:00:00+00:00,0,71.0,2853.4237402053895,817.3068106074096,597.8971677412367,1438.2197618567452,817.3068106074096,129.76997776259824,687.5368328448113,739.7495764592554,647.1125066137254,170.19430399368423,597.8971677412367,0.0,1438.2197618567452,0.0,941.2545550745097,294.1420484607842,2036.1169295979819,2714.822572797309,678.7056431993273,170.19430399368423,56.73143466456141,226.92573865824565,3.4038860798736845,32.319112650804556,0.0,220.35566781977747,1285.6577928751285,4139.081533080518,3656.0771278718184,0.0,0.0,0.0,0.0,0.0,159.54241085257604,23.797115400158464,0.0,0.0,0.0,0.0,0.0
2025-01-15 13:00:00+00:00,0,71.0,2959.8028347531276,848.6692675566203,620.4371031831911,1490.696464013317,848.6692675566203,135.28279538721722,713.3864721694031,739.7495764592554,671.2953848916808,177.37388266493952,620.4371031831911,0.0,1490.696464013317,0.0,976.4296507515357,305.1342658598549,2111.133567196508,2814.8447562620104,703.7111890655026,177.37388266493952,59.12462755497984,236.49851021991935,3.5474776532987904,33.5200777356289,0.0,228.76362642833118,1333.8012642975964,4293.604099050724,3791.274407013546,0.0,0.0,0.0,0.0,0.0,159.54241085257604,23.78107303911401,0.0,0.0,0.0,-4.547473508864641e-13,0.0
2025-01-15 14:00:00+00:00,0,71.0,2688.7827231125098,767.0616800846503,553.2506462581733,1368.470396769686,767.0616800846503,120.76434261216284,646.2973374724875,739.7495764592554,605.2263277233853,161.835352361265,553.2506462581733,0.0,1368.470396769686,0.0,880.3292039612878,275.1028762379024,1921.7210430278592,2562.2947240371454,640.5736810092864,161.835352361265,53.945117453754996,215.78046981501998,3.2367070472252997,30.282223355442056,0.0,207.22718520910644,1210.3677903127177,4446.818196998363,3442.6239279984334,0.0,0.0,0.0,547.6676835731369,0.0,679.1055951404247,23.805431468876595,0.0,0.0,0.0,-9.094947017729282e-13,0.0
2025-01-15 15:00:00+00:00,0,71.0,2904.154167839462,830.0857818559513,604.6281192336207,1469.4402667498905,830.0857818559513,132.49036668383164,697.5954151721196,739.7495764592554,655.0624696811221,175.02331217482913,604.6281192336207,0.0,1469.4402667498905,0.0,952.8181377179959,297.7556680368737,2074.0683859835112,2765.4245146446815,691.3561286611704,175.02331217482913,58.34110405827638,233.36441623310552,3.5004662434965828,32.83324624450753,0.0,224.05431200554824,1307.8409252498727,5009.707147352215,3718.2426523626773,0.0,0.0,0.0,797.7120542628802,0.0,1435.8816976731844,23.785442160399878,0.0,0.0,0.0,-2.2737367544323206e-13,0.0
2025-01-15 16:00:00+00:00,0,71.0,2899.9406730654787,828.8691163031172,603.2552736372307,1467.816283125131,828.8691163031172,132.65692724172763,696.2121890613895,739.7495764592554,653.5634839382184,175.30563236489877,603.2552736372307,0.0,1467.816283125131,0.0,950.6377948192268,297.07431088100833,2071.0715567623615,2761.4287423498154,690.3571855874538,175.30563236489877,58.43521078829959,233.74084315319837,3.5061126472979756,32.77582104036823,0.0,223.75581598427488,1305.904456928703,4205.845129994182,3712.066537169042,0.0,0.0,0.0,0.0,0.0,1435.8816976731844,23.78084207875533,0.0,0.0,0.0,0.0,0.0
2025-01-15 17:00:00+00:00,0,71.0,2892.0617509044387,823.8461481040443,599.8610369783878,1468.3545658220046,823.8461481040443,131.62427688089247,692.2218712231519,739.7495764592554,649.9589451065534,173.88720299749093,599.8610369783878,0.0,1468.3545658220046,0.0,945.394829245896,295.4358841393425,2068.2156028003924,2757.6208037338565,689.4052009334641,173.88720299749093,57.96240099916364,231.84960399665457,3.4777440599498184,32.67937676757168,0.0,222.63778670872108,1301.5983936082127,4193.660144512651,3703.0156329797524,0.0,0.0,0.0,0.0,0.0,1435.8816976731844,23.779122280170846,0.0,0.0,0.0,-6.821210263296962e-13,0.0
2025-01-15 18:00:00+00:00,0,71.0,2844.1633228233004,808.5691730376232,591.2293846170314,1444.3647651686465,808.5691730376232,129.03873270531412,679.530440332309,739.7495764592554,639.0153915718015,169.55378146582166,1.4748562731452893e-12,591.22938461703,1444.3647651686465,0.0,929.4769331953477,290.4615416235461,1444.3647651686479,1925.8196868915304,481.4549217228826,169.55378146582166,56.51792715527389,817.3010932381255,12.259516398571883,26.268235344027108,11.824587692340598,218.5944201962582,1097.3811501329003,3941.5444729562014,2855.296620086878,0.0,0.0,0.0,0.0,0.0,1435.8816976731844,23.78407637359062,0.0,0.0,0.0,6.821210263296962e-13,0.0
2025-01-15 19:00:00+00:00,0,71.0,2852.84069226675,809.4665571314468,593.5489500797154,1449.8251850555876,809.4665571314467,129.93118153756694,679.5353755938798,739.7495764592554,639.596661862607,169.86989526883985,1.4748562731452893e-12,593.5489500797139,1449.8251850555876,0.0,930.3224172547011,290.7257553920941,1449.825185055589,1933.1002467407852,483.2750616851963,169.86989526883985,56.62329842294662,820.0421437715004,12.300632156572505,26.369230852150196,11.870979001594279,218.97746701150584,1100.1424245220596,3539.8534069992743,2488.898546306347,374.5241176891395,0.0,355.7979118046825,0.0,413.1297097895351,1000.4047470000868,23.770255761710395,0.0,0.0,0.0,0.0,5.684341886080802e-14
2025-01-15 20:00:00+00:00,0,71.0,2910.839210415089,823.7108029156416,603.9663815034617,1483.1620259959864,823.7108029156416,131.68862770974587,692.0221752058957,739.7495764592554,651.4230216713031,172.28778124433848,1.4748562731452893e-12,603.9663815034602,1483.1620259959864,0.0,947.524395158259,296.10137348695594,1483.1620259959877,1977.5493679946503,494.3873419986626,172.28778124433848,57.42926041477949,833.6834231625782,12.505251347438671,26.91094789002911,12.079327630069203,223.00850669155926,1122.4220094594941,3235.549165611703,3262.4057633349285,0.0,337.3320001820195,0.0,0.0,797.7120542628802,159.54241085257604,23.75937582689145,0.0,0.0,0.0,-2.2737367544323206e-13,0.0
2025-01-15 21:00:00+00:00,0,71.0,2858.059779910936,797.0494152888953,585.3216426805785,1475.6887219414612,797.0494152888953,125.67904554074605,671.3703697481492,739.7495764592554,632.6528187666812,164.39659652221405,585.3216426805785,0.0,1475.6887219414612,0.0,920.2222818424455,287.5694630757642,2061.0103646220396,2748.0138194960527,687.0034548740132,164.39659652221405,54.798865507404685,219.19546202961874,3.287931930444281,32.31653649983197,0.0,216.77614831210374,1281.752400199562,4139.812180110498,3668.236101338498,0.0,0.0,0.0,0.0,0.0,159.54241085257604,23.763148080306653,0.0,0.0,0.0,0.0,0.0
2025-01-15 22:00:00+00:00,0,71.0,2908.4096275591255,809.2165601799389,595.5655904305859,1503.6274769486001,809.216560179939,127.27132931798229,681.9452308619567,739.7495764592554,643.0724372944479,166.14412288549102,595.5655904305859,0.0,1503.6274769486001,0.0,935.3780906101061,292.30565331565816,2099.193067379186,2798.9240898389144,699.7310224597286,166.14412288549102,55.381374295163674,221.5254971806547,3.32288245770982,32.90324248240358,0.0,220.21551399411078,1303.8596890047745,4212.269316563899,3734.3021804490204,0.0,0.0,0.0,0.0,0.0,159.54241085257604,23.76223073801333,0.0,0.0,0.0,-6.821210263296962e-13,0.0
2025-01-15 23:00:00+00:00,0,71.0,2895.535406614037,803.6477783475432,591.7143407400994,1500.173287526396,803.6477783475432,126.35821854491147,677.2895598026317,739.7495764592554,638.42577572385,165.22200262369313,591.7143407400994,0.0,1500.173287526396,0.0,928.619310143782,290.19353441993184,2091.8876282664955,2789.1835043553274,697.2958760888318,165.22200262369313,55.074000874564376,220.2960034982575,3.3044400524738626,32.753163097466945,0.0,218.8785671707056,1297.4995817039744,4740.702671891148,3717.8028144991094,0.0,0.0,0.0,547.6676835731369,0.0,679.1055951404247,23.764589242797836,0.0,0.0,0.0,0.0,0.0
2025-03-21 00:00:00+00:00,1,14.0,4576.190816440603,1284.6820454459428,936.6701457001021,2354.8386252945566,1284.6820454459425,201.44432067367083,1083.2377247722718,739.7495764592554,1017.3133676628448,267.36867778309795,936.6701457001021,0.0,2354.8386252945566,0.0,1479.7285347823197,462.41516711947486,3291.508770994659,4388.678361326211,1097.1695903315529,267.36867778309795,89.12289259436598,356.4915703774639,5.347373555661958,51.64849062394863,0.0,348.7117060332511,2054.4152202582554,6630.606036698859,5868.406896108531,0.0,0.0,0.0,0.0,0.0,159.54241085257604,23.66598173556714,0.0,0.0,0.0,0.0,0.0
2025-03-21 01:00:00+00:00,1,14.0,3752.032514841168,1052.5495856754826,767.2605808367077,1932.2223483289774,1052.5495856754826,165.09497299347348,887.454612682009,739.7495764592554,833.1649360590299,219.38464961645275,767.2605808367077,0.0,1932.2223483289774,0.0,1211.8762706313162,378.71133457228626,2699.482929165685,3599.3105722209134,899.8276430552284,219.38464961645275,73.12821653881758,292.51286615527033,4.387692992329055,42.340040908391,0.0,285.7780530833612,1684.1729811504133,6233.917550254462,4811.186842852229,0.0,0.0,0.0,797.7120542628802,0.0,916.3185133853357,23.72392181824605,0.0,0.0,0.0,6.821210263296962e-13,0.0
2025-03-21 02:00:00+00:00,1,14.0,4490.833738574025,1261.7912784473413,921.2688311571942,2307.7736289694867,1261.7912784473413,198.03089706154034,1063.7603813858009,739.7495764592554,999.4571278730717,262.33415057426953,921.2688311571942,0.0,2307.7736289694867,0.0,1453.7558223608316,454.29869448775986,3229.042460126681,4305.389946835574,1076.3474867088935,262.33415057426953,87.44471685808985,349.7788674323594,5.24668301148539,50.71580122441069,0.0,342.3765500590487,2016.429932349688,6507.263670923713,5759.145769196406,0.0,0.0,0.0,0.0,0.0,916.3185133853357,23.675436855198893,0.0,0.0,0.0,0.0,0.0
2025-03-21 03:00:00+00:00,1,14.0,3516.3896015150417,992.8071007527673,724.863700395538,1798.7188003667354,992.8071007527673,156.26406597706998,836.5430347756973,739.7495764592554,785.99449193687,206.8126088158973,724.863700395538,0.0,1798.7188003667354,0.0,1143.2647155445381,357.27022360766813,2523.5825007622734,3364.776667683031,841.1941669207578,206.8126088158973,68.93753627196577,275.7501450878631,4.136252176317946,39.7330990155335,0.0,268.9607990429137,1580.2320770351569,5644.289362123335,4508.041383227569,0.0,0.0,0.0,547.6676835731369,0.0,1435.8816976731844,23.74415112232685,0.0,0.0,0.0,-2.2737367544323206e-13,0.0
2025-03-21 04:00:00+00:00,1,14.0,3028.9048086142343,857.0555248787502,626.1595337575175,1545.6897499779686,857.0555248787502,135.16936474693114,721.8861601318191,739.7495764592554,678.7104769168393,178.34504796191095,626.1595337575175,0.0,1545.6897499779686,0.0,987.2152391517662,308.50476223492694,2171.849283735486,2895.799044980648,723.949761245162,178.34504796191095,59.448349320636986,237.79339728254794,3.566900959238219,34.24168351250521,0.0,232.01496450879642,1361.7264217812658,4390.631230395501,3883.014284132414,0.0,0.0,0.0,0.0,0.0,1435.8816976731844,23.77919762221771,0.0,0.0,0.0,9.094947017729282e-13,0.0
2025-03-21 05:00:00+00:00,1,14.0,4635.98210501564,1311.2019032557964,959.0531563232735,2365.7270454365716,1311.2019032557964,206.79260713461505,1104.4092961211813,739.7495764592554,1038.7725304893831,272.4293727664133,959.0531563232735,0.0,2365.7270454365716,0.0,1510.9418625300118,472.16933204062866,3324.780201759845,4433.040269013127,1108.2600672532817,272.4293727664133,90.80979092213776,363.23916368855106,5.448587455328266,52.42886514406392,0.0,354.98806667526304,2084.104709490703,6720.086814506342,5943.982131543138,0.0,0.0,0.0,0.0,0.0,1435.8816976731844,23.66641034572341,0.0,0.0,0.0,-4.547473508864641e-13,0.0
2025-03-21 06:00:00+00:00,1,14.0,3635.065831251845,1028.8717976181777,751.9623127981879,1854.2317208354814,1028.8717976181777,162.28081177847503,866.5909858397026,739.7495764592554,814.8162734872993,214.05552413087833,751.9623127981879,0.0,1854.2317208354814,0.0,1185.1873068906173,370.3710334033179,2606.1940336336693,3474.9253781782254,868.7313445445564,214.05552413087833,71.35184137695944,285.40736550783777,4.281110482617566,41.10118659230045,0.0,278.4940248572674,1634.3305412570194,5269.396372508863,4660.112685068842,0.0,0.0,0.0,0.0,0.0,1435.8816976731844,23.736659231774766,0.0,0.0,0.0,-9.094947017729282e-13,0.0
2025-03-21 07:00:00+00:00,1,14.0,2470.475698291082,698.7924659463491,510.067720807912,1261.6155115368215,698.7924659463491,110.33764189162513,588.454824054724,739.7495764592554,553.0282756780256,145.76419026832355,510.067720807912,0.0,1261.6155115368215,0.0,804.4047646225827,251.37648894455708,1771.6832323447334,2362.2443097929777,590.5610774482444,145.76419026832355,48.58806342277452,194.35225369109807,2.915283805366471,27.918186739605574,0.0,189.21073872273445,1110.5698390832824,3581.0455373743644,3166.6490744155603,0.0,0.0,0.0,0.0,0.0,1435.8816976731844,23.815833871462907,0.0,0.0,0.0,-2.2737367544323206e-13,0.0
2025-03-21 08:00:00+00:00,1,14.0,2446.126005063638,692.8921941837922,505.2446926022841,1247.9891182775616,692.8921941837922,109.08833182734085,583.8038623564513,739.7495764592554,548.4054904800237,144.4867037037685,505.2446926022841,0.0,1247.9891182775616,0.0,797.680713425489,249.2752229454653,1753.2338108798458,2337.6450811731274,584.4112702932819,144.4867037037685,48.16223456792284,192.64893827169135,2.88973407407537,27.63723196084414,0.0,187.51660724932825,1099.8923010909177,3546.018306154556,3135.3257945986165,0.0,0.0,0.0,0.0,0.0,1435.8816976731844,23.81982462560321,0.0,0.0,0.0,2.2737367544323206e-13,0.0
2025-03-21 09:00:00+00:00,1,14.0,2455.700848684079,692.6091704731098,505.5656451577635,1257.5260330532053,692.6091704731098,108.569978194659,584.0391922784507,739.7495764592554,549.0025276322202,143.60664284088955,505.5656451577635,0.0,1257.5260330532053,0.0,798.5491311014113,249.546603469191,1763.091678210969,2350.7889042812917,587.6972260703229,143.60664284088955,47.86888094696318,191.47552378785272,2.8721328568177906,27.74222968526496,0.0,187.6834239617468,1103.4104969903067,3559.1113456743856,3149.338035382703,0.0,0.0,0.0,0.0,0.0,1435.8816976731844,23.818619854862618,0.0,0.0,0.0,-2.2737367544323206e-13,0.0
2025-03-21 10:00:00+00:00,1,14.0,2562.0348076078476,727.3381025128078,536.8413542651036,1297.855350829935,727.3381025128078,114.69540010696939,612.6427024058385,739.7495764592554,578.3027134258374,149.03538908697044,536.8413542651036,0.0,1297.855350829935,0.0,841.1675831648544,262.86486973901697,1834.6967050950389,2446.262273460052,611.565568365013,149.03538908697044,49.678463028990144,198.71385211596058,2.9807077817394085,29.083794136252465,0.0,196.54467720468256,1152.7180802556945,3301.623178074007,3287.4298566249063,0.0,0.0,0.0,0.0,413.1297097895351,1000.4047470000868,23.81023729710422,0.0,0.0,0.0,0.0,0.0
2025-03-21 11:00:00+00:00,1,14.0,2488.264137829577,704.7156341508784,517.6281216400366,1265.9203820386617,704.7156341508784,111.26001046147283,593.4556236894056,739.7495764592554,559.0213654394925,145.69426871138592,517.6281216400366,0.0,1265.9203820386617,0.0,813.1219860938072,254.10062065431475,1783.5485036786984,2378.0646715715975,594.5161678928994,145.69426871138592,48.56475623712864,194.25902494851456,2.913885374227718,28.188047469587715,0.0,190.65296015225925,1118.9364377804175,2809.488521347115,3191.1866576654047,0.0,0.0,0.0,0.0,797.7120542628802,159.54241085257604,23.814381711721527,0.0,0.0,0.0,6.821210263296962e-13,0.0
2025-03-21 12:00:00+00:00,1,14.0,2638.836141428213,739.2259787837113,535.2089200293294,1364.4012426151705,739.2259787837113,115.80980168774063,623.4161770959706,739.7495764592554,585.3557231257654,153.8702556579459,535.2089200293294,0.0,1364.4012426151705,0.0,851.4265063647497,266.07078323898423,1899.6101626445,2532.8135501926663,633.2033875481666,153.8702556579459,51.2900852193153,205.1603408772612,3.077405113158918,29.70028002703159,0.0,200.89732435639547,1184.2392655030521,3823.075406931264,3384.240056557416,0.0,0.0,0.0,0.0,0.0,159.54241085257604,23.80101543871151,0.0,0.0,0.0,-1.3642420526593924e-12,0.0
2025-03-21 13:00:00+00:00,1,14.0,2567.667681468264,724.8779176952387,530.2790647798566,1312.5106989931692,724.8779176952388,113.98539175607183,610.892525939167,739.7495764592554,574.961173584358,149.9167441108807,530.2790647798566,0.0,1312.5106989931692,0.0,836.307161577248,261.34598799289,1842.7897637730257,2457.053018364034,614.2632545910085,149.9167441108807,49.97224803696023,199.88899214784092,2.998334882217614,29.03347893332739,0.0,196.3537891443708,1153.9670935807744,4269.302458622175,3293.360179941282,0.0,0.0,0.0,547.6676835731369,0.0,679.1055951404247,23.803308975158604,0.0,0.0,0.0,0.0,0.0
2025-03-21 14:00:00+00:00,1,14.0,2514.518970629087,708.6402568746377,518.4275509721283,1287.4511627823213,708.6402568746375,111.32287970015457,597.317377174483,739.7495764592554,561.7582502221701,146.88200665246757,518.4275509721283,0.0,1287.4511627823213,0.0,817.1029094140656,255.3446591918955,1805.8787137544496,2407.8382850059324,601.9595712514831,146.88200665246757,48.96066888415586,195.84267553662343,2.9376401330493516,28.427338156987062,0.0,192.06090769089678,1129.6907853084676,3644.209755937555,3224.9411944199983,0.0,0.0,0.0,0.0,0.0,679.1055951404247,23.808135206213723,0.0,0.0,0.0,4.547473508864641e-13,0.0
2025-03-21 15:00:00+00:00,1,14.0,2476.830108709238,699.7125109488545,513.3481595812207,1263.7694381791653,699.7125109488546,109.99959241653777,589.7129185323168,739.7495764592554,555.0445981614082,144.6679127874463,513.3481595812207,0.0,1263.7694381791653,0.0,807.3375973256847,252.29299916427644,1777.117597760386,2369.490130347181,592.3725325867953,144.6679127874463,48.222637595815435,192.89055038326174,2.893358255748926,28.038139169228273,0.0,189.45107076398537,1113.2707375358498,4387.812900507966,3176.827727672866,0.0,0.0,0.0,797.7120542628802,0.0,1435.8816976731844,23.812317536340323,0.0,0.0,0.0,-1.8189894035458565e-12,0.0
2025-03-21 16:00:00+00:00,1,14.0,2427.784647119749,685.8529900771547,502.98815838939237,1238.9434986532026,685.8529900771547,108.29506715337027,577.5579229237844,739.7495764592554,543.6627063074916,142.1902837696631,502.98815838939237,0.0,1238.9434986532026,0.0,790.7821182654424,247.11941195795072,1741.931657042595,2322.57554272346,580.643885680865,142.1902837696631,47.39676125655436,189.58704502621745,2.843805675393262,27.479079738213798,0.0,185.7302361178302,1091.2131804268074,3518.9978275465564,3113.3576609889024,0.0,0.0,0.0,0.0,0.0,1435.8816976731844,23.81724570601613,0.0,0.0,0.0,0.0,0.0
2025-03-21 17:00:00+00:00,1,14.0,2607.7242161239196,739.7234080910996,543.4765195499202,1324.5242884829004,739.7234080910997,117.62488813663614,622.0985199544635,739.7495764592554,586.19429070277,153.5291173883296,543.4765195499202,0.0,1324.5242884829004,0.0,852.6462410222109,266.45195031944087,1868.0008080328207,2490.6677440437606,622.6669360109402,153.5291173883296,51.176372462776534,204.70548985110614,3.070582347766592,29.549538471326613,0.0,200.05504537809145,1172.9704249903423,3780.6946411142617,3343.313985065972,0.0,0.0,0.0,0.0,0.0,1435.8816976731844,23.80068081281355,0.0,0.0,0.0,-2.2737367544323206e-13,0.0
2025-03-21 18:00:00+00:00,1,14.0,3405.2650082195255,963.6860270677427,709.4597520724626,1732.1192290793194,963.6860270677427,153.05745123892197,810.6285758288207,739.7495764592554,764.040629637686,199.64539743005662,709.4597520724626,0.0,1732.1192290793194,0.0,1111.3318249275433,347.2911952898572,2441.578981151782,3255.4386415357094,813.8596603839273,199.64539743005662,66.54846581001887,266.1938632400755,3.992907948601132,38.60498485296708,0.0,260.78741817747687,1531.0846324628485,4138.637586419492,4366.770466463253,0.0,0.0,0.0,0.0,797.7120542628802,595.0193615256736,23.73367987353689,0.0,0.0,0.0,-1.5916157281026244e-12,0.0
2025-03-21 19:00:00+00:00,1,14.0,3403.97539606335,963.3300360741007,706.6722779735431,1733.973082015707,963.3300360741007,152.4179945099735,810.9120415641272,739.7495764592554,763.4493614942936,199.88067457980708,706.6722779735431,0.0,1733.973082015707,0.0,1110.4717985371544,347.02243704286076,2440.64535998925,3254.193813319,813.54845332975,199.88067457980708,66.62689152660236,266.50756610640946,3.997613491596142,38.539899159363365,0.0,260.7181920305711,1530.4534865807436,4521.2991728545585,4364.665611856155,0.0,0.0,0.0,0.0,413.1297097895351,159.54241085257604,23.7268482806092,0.0,0.0,0.0,-4.547473508864641e-13,0.0
2025-03-21 20:00:00+00:00,1,14.0,2965.7143758801526,832.2433716155583,609.5349642727896,1523.9360399918046,832.2433716155583,131.62054462700425,700.622826988554,739.7495764592554,658.5950754048438,173.64829621071453,609.5349642727896,0.0,1523.9360399918046,0.0,957.9564733161365,299.3613979112926,2133.4710042645943,2844.6280056861256,711.1570014215314,173.64829621071453,57.88276540357151,231.53106161428605,3.4729659242142907,33.52540932810174,0.0,225.91140507653432,1331.3109450652457,4297.025320945399,3802.584479002262,0.0,0.0,0.0,0.0,0.0,159.54241085257604,23.752337118176648,0.0,0.0,0.0,2.2737367544323206e-13,0.0
2025-03-21 21:00:00+00:00,1,14.0,4367.399333036642,1229.7625011437876,895.7520100608784,2241.8848218319768,1229.7625011437876,193.98409921014314,1035.7784019336445,739.7495764592554,971.9938976500766,257.768603493711,895.7520100608784,0.0,2241.8848218319768,0.0,1413.8093056728387,441.8154080227621,3137.6368318928553,4183.51577585714,1045.878943964285,257.768603493711,85.922867831237,343.691471324948,5.15537206987422,49.29140852014612,0.0,333.51835456907435,1961.5823549773788,6328.98168801402,5597.325081529979,0.0,0.0,0.0,0.0,0.0,159.54241085257604,23.639277061320637,0.0,0.0,0.0,-1.1368683772161603e-12,0.0
2025-03-21 22:00:00+00:00,1,14.0,4044.7511990677795,1139.3810697232468,830.0267708135868,2075.343358530947,1139.3810697232468,179.18420383645503,960.1968658867918,739.7495764592554,901.6059169626888,237.77515276055806,830.0267708135868,0.0,2075.343358530947,0.0,1311.4267883093655,409.8208713466767,2905.370129344534,3873.826839126045,968.4567097815112,237.77515276055806,79.25838425351935,317.0335370140774,4.755503055211161,45.654236709717075,0.0,308.93731145634774,1816.8830166029832,5861.634215670762,5185.253627435411,0.0,0.0,0.0,0.0,0.0,159.54241085257604,23.67029196179812,0.0,0.0,0.0,-2.2737367544323206e-13,0.0
2025-03-21 23:00:00+00:00,1,14.0,3180.2473885094764,897.433889629176,656.679685149058,1626.1338137312405,897.433889629176,142.5052159118334,754.9286737173426,739.7495764592554,710.0169419737142,187.41694765546174,656.679685149058,0.0,1626.1338137312405,0.0,1032.7519155981297,322.7349736244155,2282.8134988802985,3043.751331840398,760.9378329600995,187.41694765546174,62.47231588515391,249.88926354061564,3.7483389531092346,35.961728691784145,0.0,243.18655369311904,1429.0417438076815,4609.289132317158,4076.503247438528,0.0,0.0,0.0,0.0,0.0,159.54241085257604,23.732139850071896,0.0,0.0,0.0,0.0,0.0
2025-03-23 00:00:00+00:00,2,1.0,3047.0827957348697,858.2237634739747,628.5986798715597,1560.2603523893347,858.2237634739748,135.7820122582941,722.4417512156807,739.7495764592554,679.7078242908157,178.51593918315905,628.5986798715597,0.0,1560.2603523893347,0.0,988.6659262411864,308.95810195037075,2188.8590322608943,2918.4787096811924,729.6196774202981,178.51593918315905,59.505313061053016,238.02125224421206,3.570318783663181,34.460563920040144,0.0,232.67989969221262,1368.7938748276376,4415.876670562508,3907.1446359223787,0.0,0.0,0.0,0.0,0.0,159.54241085257604,23.760225018163244,0.0,0.0,0.0,2.2737367544323206e-13,0.0
2025-03-23 01:00:00+00:00,2,1.0,3689.539622469024,1043.8388141981804,762.6006005954101,1883.1002076754326,1043.8388141981804,164.95791603914085,878.8808981590397,739.7495764592554,826.1055118613716,217.73330233680883,762.6006005954101,0.0,1883.1002076754326,0.0,1201.6080172529041,375.5025053915325,2645.7008082708426,3527.6010776944568,881.9002694236142,217.73330233680883,72.57776744560294,290.3110697824118,4.354666046736177,41.70902009461663,0.0,282.603255390037,1658.6474837921394,6145.899160524042,4729.20909494736,0.0,0.0,0.0,797.7120542628802,0.0,916.3185133853357,23.715316216376273,0.0,0.0,0.0,-1.8189894035458565e-12,0.0
2025-03-23 02:00:00+00:00,2,1.0,4766.883972927061,1346.9247405179724,982.8908990535576,2437.0683333555353,1346.9247405179726,212.94780916359434,1133.9769313543782,739.7495764592554,1065.6852309131018,281.2395096048706,982.8908990535576,0.0,2437.0683333555353,0.0,1550.0876086008755,484.40237768777354,3419.9592324090927,4559.945643212123,1139.9864108030308,281.2395096048706,93.74650320162353,374.9860128064941,5.624790192097412,53.857410305162084,0.0,364.85263160118797,2142.4701237908753,6909.354096717937,6110.033251812999,0.0,0.0,0.0,0.0,0.0,916.3185133853357,23.62866061132669,0.0,0.0,0.0,4.547473508864641e-13,0.0
2025-03-23 03:00:00+00:00,2,1.0,5065.620620082867,1433.5158898148802,1047.9722001088994,2584.1325301590855,1433.51588981488,226.46106127176793,1207.054828543112,739.7495764592554,1134.7042390521626,298.8116507627176,1047.9722001088994,0.0,2584.1325301590855,0.0,1650.478893166782,515.7746541146194,3632.104730267985,4842.80630702398,1210.701576755995,298.8116507627176,99.60388358757253,398.4155343502901,5.976233015254351,57.28049130485784,0.0,388.0481828496443,2277.3850216279434,7890.673325283948,6493.285200190761,0.0,0.0,0.0,547.6676835731369,0.0,1435.8816976731844,23.61136673549717,0.0,0.0,0.0,0.0,0.0
2025-03-23 04:00:00+00:00,2,1.0,4612.233252327111,1302.6300970935283,952.9916421905448,2356.6115130430385,1302.6300970935285,206.0292803720628,1096.6008167214657,739.7495764592554,1031.0288787369193,271.601218356609,952.9916421905448,0.0,2356.6115130430385,0.0,1499.6783690718826,468.6494903349633,3309.6031552335835,4412.804206978111,1103.2010517445278,271.601218356609,90.53373945220301,362.13495780881203,5.43202436713218,52.15586439614673,0.0,352.8542439815385,2072.826414276511,6685.059666603622,5912.482576049993,0.0,0.0,0.0,0.0,0.0,1435.8816976731844,23.645457259923912,0.0,0.0,0.0,0.0,0.0
2025-03-23 05:00:00+00:00,2,1.0,4918.4003314097545,1391.5739854052931,1017.1692830692497,2509.6570629352104,1391.5739854052931,219.8690726342484,1171.7049127710447,739.7495764592554,1101.3741033268898,290.19988207840333,1017.1692830692497,0.0,2509.6570629352104,0.0,1601.9986957482033,500.62459242131354,3526.82634600446,4702.435128005946,1175.6087820014866,290.19988207840333,96.73329402613444,386.9331761045378,5.803997641568066,55.61164912142959,0.0,376.72626000130714,2211.1085752132394,7129.508906622993,6304.43382375415,0.0,0.0,0.0,0.0,0.0,1435.8816976731844,23.624319919329025,0.0,0.0,0.0,-9.094947017729282e-13,0.0
2025-03-23 06:00:00+00:00,2,1.0,4640.041575661417,1310.79207799071,958.4410105280784,2370.8084871426263,1310.7920779907101,207.39922625360455,1103.3928517371055,739.7495764592554,1037.284499031294,273.5075789594159,958.4410105280784,0.0,2370.8084871426263,0.0,1508.7774531364278,471.49295410513366,3329.249497670705,4438.999330227606,1109.7498325569015,273.5075789594159,91.16919298647197,364.6767719458879,5.470151579188318,52.46131518726862,0.0,355.0534714354263,2085.3969178503903,6725.438493511807,5947.776783364034,0.0,0.0,0.0,0.0,0.0,1435.8816976731844,23.642973151918717,0.0,0.0,0.0,0.0,0.0
2025-03-23 07:00:00+00:00,2,1.0,4423.780537253034,1248.298626695253,912.0061685893884,2263.475741968395,1248.298626695253,197.34712981164648,1050.9514968836065,739.7495764592554,987.5751528858552,260.7234738093978,912.0061685893884,0.0,2263.475741968395,0.0,1436.4729496521531,448.89779676629786,3175.4819105577835,4233.975880743711,1058.4939701859278,260.7234738093978,86.9078246031326,347.6312984125304,5.214469476187956,49.994942477365605,0.0,338.2635055008519,1987.7725090097638,6411.553046262796,5670.448830395864,0.0,0.0,0.0,0.0,0.0,1435.8816976731844,23.655645885855318,0.0,0.0,0.0,-1.8189894035458565e-12,0.0
2025-03-23 08:00:00+00:00,2,1.0,2525.460535255602,714.850783693177,522.2640977560301,1288.3456538063951,714.850783693177,113.57783794798311,601.272945745194,739.7495764592554,564.8757140066225,149.97506968655455,522.2640977560301,0.0,1288.3456538063951,0.0,821.637402191451,256.7616881848284,1810.6097515624251,2414.1463354165667,603.5365838541417,149.97506968655455,49.991689895518185,199.96675958207274,2.999501393731091,28.551379470744855,0.0,193.52919750022198,1135.3700402991863,3660.830575554788,3235.783737608018,0.0,0.0,0.0,0.0,0.0,1435.8816976731844,23.799279516105468,0.0,0.0,0.0,0.0,0.0
2025-03-23 09:00:00+00:00,2,1.0,4083.5344389885936,1160.0473990152623,844.5414652749419,2078.945574698388,1160.0473990152623,183.4484648454022,976.5989341698601,739.7495764592554,916.4327273467603,243.61467166850196,844.5414652749419,0.0,2078.945574698388,0.0,1332.993057958924,416.56033061216374,2923.48703997333,3897.9827199644396,974.4956799911099,243.61467166850196,81.20489055616731,324.81956222466926,4.8722934333700385,46.12569970523214,0.0,313.69422110630916,1836.9531154043523,5920.4875543929475,5230.975777923364,0.0,0.0,0.0,0.0,0.0,1435.8816976731844,23.68168012325907,0.0,0.0,0.0,1.5916157281026244e-12,0.0
2025-03-23 10:00:00+00:00,2,1.0,2599.533019262855,736.6033382640125,534.3215810828797,1328.608099915964,736.6033382640126,117.0346546463156,619.5686836176969,739.7495764592554,580.3972148477495,156.20612341626293,534.3215810828797,0.0,1328.608099915964,0.0,844.2141306876357,263.8169158398861,1862.9296809988437,2483.9062413317915,620.9765603329479,156.20612341626293,52.06870780542098,208.2748312216839,3.1241224683252584,29.31572843164603,0.0,199.43129721583026,1168.7333320940565,3355.1366415673765,3328.120372019427,0.0,0.0,0.0,0.0,413.1297097895351,1000.4047470000868,23.784763129533655,0.0,0.0,0.0,0.0,0.0
2025-03-23 11:00:00+00:00,2,1.0,2678.3055703265177,755.3472548082142,550.3966692962289,1372.5616462220748,755.3472548082141,119.31453236582495,636.0327224423892,739.7495764592554,596.8802350777943,158.4670197304199,550.3966692962289,0.0,1372.5616462220748,0.0,868.189432840428,271.30919776263374,1922.9583155183036,2563.944420691071,640.9861051727678,158.4670197304199,52.822339910139966,211.28935964055987,3.169340394608398,30.237516541107613,0.0,204.74823466881418,1203.2727344500718,3083.866250513709,3432.133853531499,0.0,0.0,0.0,0.0,797.7120542628802,159.54241085257604,23.78695248591367,0.0,0.0,0.0,-4.547473508864641e-13,0.0
2025-03-23 12:00:00+00:00,2,1.0,3707.387082912041,1051.33279802982,764.4866175090935,1891.5676673731264,1051.33279802982,166.43210258838576,884.9006954414343,739.7495764592554,829.7085600230253,221.6242380067947,764.4866175090935,0.0,1891.5676673731264,0.0,1206.8488145789458,377.14025455592054,2656.0542848822197,3541.405713176293,885.3514282940732,221.6242380067947,73.8747460022649,295.4989840090596,4.432484760135893,41.850275199004074,0.0,284.4984759186402,1667.147664730039,5374.534747642081,4748.254527755239,0.0,0.0,0.0,0.0,0.0,159.54241085257604,23.713862132791377,0.0,0.0,0.0,1.1368683772161603e-12,0.0
2025-03-23 13:00:00+00:00,2,1.0,4774.338456629509,1352.0752085176812,983.4449748469251,2438.8182732648993,1352.0752085176812,213.8815686737603,1138.193639843921,739.7495764592554,1067.5820845390656,284.4931239786156,983.4449748469251,0.0,2438.8182732648993,0.0,1552.846668420459,485.26458388139343,3422.2632481118244,4563.017664149099,1140.7544160372747,284.4931239786156,94.8310413262052,379.3241653048208,5.689862479572311,53.89153197805675,0.0,366.0399176696732,2146.4713533721756,7468.47749357482,6115.8643325695575,0.0,0.0,0.0,547.6676835731369,0.0,679.1055951404247,23.633292769205994,0.0,0.0,0.0,-1.3642420526593924e-12,0.0
2025-03-23 14:00:00+00:00,2,1.0,2979.168721184503,834.6570975887668,610.7785491019869,1533.733074493751,834.6570975887669,132.7527684193312,701.9043291694356,739.7495764592554,659.3821956938464,175.2749018949204,610.7785491019869,0.0,1533.733074493751,0.0,959.1013755546857,299.71917986083923,2144.511623595738,2859.348831460984,714.837207865246,175.2749018949204,58.4249672983068,233.6998691932272,3.5054980378984077,33.66068721799712,0.0,226.751696991726,1336.8992372720136,4316.067958456516,3818.4502070156695,0.0,0.0,0.0,0.0,0.0,679.1055951404247,23.767983601379918,0.0,0.0,0.0,-4.547473508864641e-13,0.0
2025-03-23 15:00:00+00:00,2,1.0,2661.2908495157944,741.2071921084128,545.7302243205362,1374.3534330868429,741.2071921084129,117.1647575194764,624.0424345889364,739.7495764592554,587.6880805761614,153.51911153225137,545.7302243205362,0.0,1374.3534330868429,0.0,854.8190262925984,267.130945716437,1920.0836574073792,2560.1115432098386,640.0278858024597,153.51911153225137,51.17303717741712,204.6921487096685,3.070382230645027,30.115441060484518,0.0,201.66723612195136,1193.1849281093946,4652.187831888068,3414.930569502437,0.0,0.0,0.0,797.7120542628802,0.0,1435.8816976731844,23.805090948835215,0.0,0.0,0.0,-1.1368683772161603e-12,0.0
2025-03-23 16:00:00+00:00,2,1.0,2571.9426533617698,719.5758412024571,528.5983093708384,1323.7685027884725,719.5758412024571,113.77326570028337,605.8025755021738,739.7495764592554,570.2223474573425,149.35349374511463,528.5983093708384,0.0,1323.7685027884725,0.0,829.4143235743164,259.1919761169739,1852.366812159311,2469.8224162124143,617.4556040531036,149.35349374511463,49.78449791503821,199.13799166015284,2.9870698749022924,29.09563430900988,0.0,195.5042475214717,1154.0190297904996,3725.961683152269,3299.2367397867306,0.0,0.0,0.0,0.0,0.0,1435.8816976731844,23.811341682912055,0.0,0.0,0.0,-4.547473508864641e-13,0.0
2025-03-23 17:00:00+00:00,2,1.0,2694.2734470521896,754.2858916432267,553.7238426718404,1386.2637127371233,754.2858916432267,118.9204439086887,635.3654477345381,739.7495764592554,598.3773986595753,155.9084929836514,553.7238426718404,0.0,1386.2637127371233,0.0,870.3671253230186,271.9897266634433,1939.9875554089638,2586.650073878618,646.6625184696545,155.9084929836514,51.96949766121713,207.87799064486853,3.118169859673028,30.474352407526446,0.0,204.88549291895123,1209.0997579804657,3903.373205032655,3457.0171992016367,0.0,0.0,0.0,0.0,0.0,1435.8816976731844,23.805706749002855,0.0,0.0,0.0,-4.547473508864641e-13,0.0
2025-03-23 18:00:00+00:00,2,1.0,4148.013061258572,1173.0178728943363,855.8991948628434,2119.095993501393,1173.0178728943363,184.38982546926547,988.6280474250708,739.7495764592554,928.7459271432604,244.27194575107592,855.8991948628434,0.0,2119.095993501393,0.0,1350.9031667538334,422.1572396105729,2974.995188364236,3966.6602511523147,991.6650627880787,244.27194575107592,81.4239819170253,325.6959276681012,4.885438915021518,46.86793578089923,0.0,317.6060135945307,1864.605672606128,5214.90667960182,5317.563417906148,0.0,0.0,0.0,0.0,797.7120542628802,595.0193615256736,23.6977284619881,0.0,0.0,0.0,-2.2737367544323206e-13,0.0
2025-03-23 19:00:00+00:00,2,1.0,4286.388019597032,1215.9559118957839,886.8937964724283,2183.538311228819,1215.9559118957839,191.70790259928552,1024.2480092964984,739.7495764592554,961.8484163973282,254.1074954984557,886.8937964724283,0.0,2183.538311228819,0.0,1399.0522420324774,437.20382563514914,3070.4321077012473,4093.9094769349963,1023.4773692337491,254.1074954984557,84.70249849948523,338.8099939979409,5.082149909969114,48.44219700646104,0.0,328.91201865545304,1927.8200589402668,5801.078368747764,5492.961718967474,0.0,0.0,0.0,0.0,413.1297097895351,159.54241085257604,23.689041264237357,0.0,0.0,0.0,0.0,0.0
2025-03-23 20:00:00+00:00,2,1.0,3276.2455494626297,927.2859925522598,676.9484983805341,1672.0110585298335,927.2859925522598,145.7805040325562,781.5054885197036,739.7495764592554,734.2900251681374,192.99596738412242,676.9484983805341,0.0,1672.0110585298335,0.0,1068.0582184263817,333.76819325824425,2348.9595569103676,3131.94607588049,782.9865189701225,192.99596738412242,64.3319891280408,257.3279565121632,3.859919347682448,37.02856553671436,0.0,250.99143667305788,1472.9666229138622,4749.212172376492,4200.004294306871,0.0,0.0,0.0,0.0,0.0,159.54241085257604,23.765709989201163,0.0,0.0,0.0,2.2737367544323206e-13,0.0
2025-03-23 21:00:00+00:00,2,1.0,3539.052929292931,1003.4356261892092,730.4829562027213,1805.134346901002,1003.4356261892092,157.71983059476474,845.7157955944444,739.7495764592554,794.376823887135,209.05880230207424,730.4829562027213,0.0,1805.134346901002,0.0,1155.4571983812873,361.08037449415224,2535.6173031037233,3380.823070804964,845.205767701241,209.05880230207424,69.68626743402474,278.74506973609897,4.181176046041484,39.96583215509166,0.0,271.48932251396127,1591.6087403445124,5130.661669637441,4536.280269186252,0.0,0.0,0.0,0.0,0.0,159.54241085257604,23.744038217344922,0.0,0.0,0.0,-2.0463630789890885e-12,0.0
2025-03-23 22:00:00+00:00,2,1.0,4426.837872567179,1255.5315815534748,911.3796586737303,2259.9266323399734,1255.5315815534748,197.68943332687533,1057.8421482265994,739.7495764592554,993.6311235742255,261.90045797924927,911.3796586737303,0.0,2259.9266323399734,0.0,1445.2816342897827,451.65051071555706,3171.3062910137037,4228.408388018272,1057.102097004568,261.90045797924927,87.30015265974976,349.200610638999,5.238009159584985,49.94065608361164,0.0,339.7496096142063,1990.9810352372776,6417.818907804454,5673.690022308054,0.0,0.0,0.0,0.0,0.0,159.54241085257604,23.67567635004544,0.0,0.0,0.0,-2.5011104298755527e-12,0.0
2025-03-23 23:00:00+00:00,2,1.0,4604.1904827817725,1307.8848562568505,947.3052059556553,2349.0004205692676,1307.8848562568505,206.40939825151196,1101.4754580053386,739.7495764592554,1033.7821457453094,274.1027105115411,947.3052059556553,0.0,2349.0004205692676,0.0,1503.6831210840865,469.900975338777,3296.305626524923,4395.074168699897,1098.7685421749743,274.1027105115411,91.3675701705137,365.4702806820548,5.482054210230822,51.90916038436234,0.0,353.7980061024499,2071.226308381308,6675.416791163081,5898.757289783984,0.0,0.0,0.0,0.0,0.0,159.54241085257604,23.65884572991787,0.0,0.0,0.0,4.547473508864641e-13,0.0
2025-04-12 00:00:00+00:00,3,40.0,3091.7851799709215,870.3954785834841,640.9881606685145,1580.401540718924,870.3954785834841,136.70827344332054,733.6872051401635,739.7495764592554,689.5703405525649,180.82513803091922,640.9881606685145,0.0,1580.401540718924,0.0,1003.0114044400943,313.4410638875295,2221.3897013874384,2961.8529351832512,740.4632337958128,180.82513803091922,60.275046010306404,241.10018404122562,3.616502760618384,35.033660227244674,0.0,235.87771834612695,1388.7072250276387,4480.49240499856,3964.8643396233456,0.0,0.0,0.0,0.0,0.0,159.54241085257604,23.786893364703435,0.0,0.0,0.0,0.0,0.0
2025-04-12 01:00:00+00:00,3,40.0,3069.36490939459,866.4740717584513,638.6441487202312,1564.2466889159073,866.4740717584511,136.66569929286405,729.8083724655871,739.7495764592554,686.4329751976055,180.04109656084574,638.6441487202312,0.0,1564.2466889159073,0.0,998.4479639237899,312.0149887261843,2202.8908376361387,2937.1877835148516,734.2969458787129,180.04109656084574,60.013698853615246,240.05479541446098,3.6008219312169145,34.80179135076601,0.0,234.60785969841177,1379.3361064389073,5246.413070096378,3935.6357474386414,0.0,0.0,0.0,797.7120542628802,0.0,916.3185133853357,23.782025370249062,0.0,0.0,0.0,2.2737367544323206e-13,0.0
2025-04-12 02:00:00+00:00,3,40.0,3040.409167427768,860.2214180086598,631.5439545745634,1548.6437948445437,860.2214180086598,135.4088158520023,724.8126021566575,739.7495764592554,680.9818626799284,179.2395553287314,631.5439545745634,0.0,1548.6437948445437,0.0,990.5190729889869,309.53721030905837,2180.187749419107,2906.916999225476,726.729249806369,179.2395553287314,59.746518442910464,238.98607377164186,3.584791106574628,34.43275658568234,0.0,232.78164082709606,1366.812167077691,4407.221334505459,3897.436072214463,0.0,0.0,0.0,0.0,0.0,916.3185133853357,23.78367918480123,0.0,0.0,0.0,0.0,0.0
2025-04-12 03:00:00+00:00,3,40.0,3062.6154219436226,867.1667925016113,636.3401385162239,1559.1084909257868,867.1667925016113,136.1811304572758,730.9856620443355,739.7495764592554,686.9007296179813,180.26606288363007,636.3401385162239,0.0,1559.1084909257868,0.0,999.1283339897909,312.22760437180966,2195.4486294420108,2927.264839256014,731.8162098140035,180.26606288363007,60.08868762787669,240.35475051150675,3.605321257672601,34.68128906474458,0.0,234.592880213063,1377.01199234917,4987.295097865929,3926.393173245805,0.0,0.0,0.0,547.6676835731369,0.0,1435.8816976731844,23.78550903176287,0.0,0.0,0.0,-2.2737367544323206e-13,0.0
2025-04-12 04:00:00+00:00,3,40.0,3109.60323598824,881.265474473482,645.7452655212096,1582.5924959935487,881.2654744734821,138.194945748001,743.070528725481,739.7495764592554,697.8603758932903,183.40509858019163,645.7452655212096,0.0,1582.5924959935487,0.0,1015.0696376629678,317.2092617696774,2228.3377615147583,2971.117015353011,742.7792538382528,183.40509858019163,61.13503286006388,244.54013144025552,3.6681019716038326,35.198282925571775,0.0,238.3441357029484,1398.334069068118,4507.937305056357,3986.1866530159787,0.0,0.0,0.0,0.0,0.0,1435.8816976731844,23.781908133829347,0.0,0.0,0.0,-9.094947017729282e-13,0.0
2025-04-12 05:00:00+00:00,3,40.0,3108.01247362187,880.5953700354673,645.7863260441022,1581.630777542302,880.5953700354673,138.14764507761916,742.4477249578482,739.7495764592554,697.3593976623274,183.23597237313993,645.7863260441022,0.0,1581.630777542302,0.0,1014.3409420542945,316.981544391967,2227.417103586404,2969.8894714485386,742.4723678621347,183.23597237313993,61.07865745771331,244.31462983085325,3.6647194474627987,35.18989755674609,0.0,238.17314732904492,1397.5603340450687,4505.5728076669375,3984.230413502833,0.0,0.0,0.0,0.0,0.0,1435.8816976731844,23.78355033876768,0.0,0.0,0.0,-1.1368683772161603e-12,0.0
2025-04-12 06:00:00+00:00,3,40.0,3057.446493160741,867.4906543086108,637.2915555467754,1552.6642833053543,867.4906543086108,136.94591192757068,730.5447423810401,739.7495764592554,686.3466428883177,181.14401142029317,637.2915555467754,0.0,1552.6642833053543,0.0,998.3223896557348,311.9757467674171,2189.9558388521295,2919.941118469506,729.9852796173765,181.14401142029317,60.38133714009772,241.52534856039088,3.622880228405863,34.645389499456805,0.0,234.52983003753113,1375.1404632902852,4432.586956451026,3918.2635081252406,0.0,0.0,0.0,0.0,0.0,1435.8816976731844,23.784748061705763,0.0,0.0,0.0,-2.2737367544323206e-13,0.0
2025-04-12 07:00:00+00:00,3,40.0,3070.6544380104815,872.3592053996261,638.9388750741017,1559.356357536754,872.3592053996261,138.14622336956555,734.2129820300606,739.7495764592554,689.1839555405887,183.17524985903742,638.9388750741017,0.0,1559.356357536754,0.0,1002.44938987722,313.26543433663124,2198.2952326108557,2931.0603101478073,732.7650775369518,183.17524985903742,61.05841661967914,244.23366647871657,3.6635049971807483,34.76172982759059,0.0,235.8090380369224,1381.323201354956,4451.977639365437,3933.509700025027,0.0,0.0,0.0,0.0,0.0,1435.8816976731844,23.777069038945793,0.0,0.0,0.0,0.0,0.0
2025-04-12 08:00:00+00:00,3,40.0,3024.258249840333,860.5917301503297,630.235798256958,1533.4307214330422,860.5917301503296,136.584345325034,724.0073848252956,739.7495764592554,679.8060450833216,180.7856850670081,630.235798256958,0.0,1533.4307214330422,0.0,988.8087928484678,309.0027477651462,2163.6665196900003,2884.8886929200003,721.2221732300001,180.7856850670081,60.261895022336034,241.04758008934414,3.615713701340162,34.24138116203916,0.0,232.51622016762855,1360.8601310484903,4385.118380888824,3873.697485768468,0.0,0.0,0.0,0.0,0.0,1435.8816976731844,23.780115343848824,0.0,0.0,0.0,2.2737367544323206e-13,0.0
2025-04-12 09:00:00+00:00,3,40.0,2952.048198650281,841.6670567212816,615.1685319912458,1495.2126099377517,841.6670567212816,133.66063185899887,708.0064248622828,739.7495764592554,664.2815220787564,177.38553464252516,615.1685319912458,0.0,1495.2126099377517,0.0,966.2276684781912,301.9461463994347,2110.3811419289977,2813.841522571997,703.4603806429992,177.38553464252516,59.12851154750839,236.51404619003355,3.547710692850503,33.407182059114895,0.0,227.28549932611438,1328.775430668022,4280.823629318304,3780.0691910501882,0.0,0.0,0.0,0.0,0.0,1435.8816976731844,23.78765146309618,0.0,0.0,0.0,6.821210263296962e-13,0.0
2025-04-12 10:00:00+00:00,3,40.0,2929.163055665478,838.6363991402002,611.4181863156808,1479.1084702095964,838.6363991402002,133.5429745038088,705.0934246363913,739.7495764592554,661.3488669048774,177.28753223532283,611.4181863156808,0.0,1479.1084702095964,0.0,961.9619882252762,300.61312132039876,2090.5266565252773,2787.3688753670363,696.8422188417591,177.28753223532283,59.09584407844094,236.38337631376376,3.545750644706456,33.13363029156639,0.0,226.20184649466265,1319.4324116715343,3835.4657575474766,3749.330863592312,0.0,0.0,0.0,0.0,413.1297097895351,1000.4047470000868,23.788461322345032,0.0,0.0,0.0,-9.094947017729282e-13,0.0
2025-04-12 11:00:00+00:00,3,40.0,3018.0422265829366,859.6229605486748,626.8014528379314,1531.6178131963306,859.6229605486749,136.33860148180491,723.2843590668699,739.7495764592554,678.3539769140505,181.2689836346243,626.8014528379314,0.0,1531.6178131963306,0.0,986.6966936931643,308.34271677911386,2158.419266034262,2877.892354712349,719.4730886780873,181.2689836346243,60.42299454487477,241.69197817949907,3.625379672692486,34.120221717101245,0.0,232.24374911178003,1358.2281505036497,3578.558322823705,3864.5890484055135,0.0,0.0,0.0,0.0,797.7120542628802,159.54241085257604,23.783717295326404,0.0,0.0,0.0,-6.821210263296962e-13,0.0
2025-04-12 12:00:00+00:00,3,40.0,2937.9634504198903,837.1763921433917,611.0552061218892,1489.7318521546097,837.1763921433917,133.01611723976666,704.160274903625,739.7495764592554,660.4217745189729,176.75461762441876,611.0552061218892,0.0,1489.7318521546097,0.0,960.6134902094152,300.1917156904422,2100.787058276499,2801.049411035332,700.262352758833,176.75461762441876,58.918205874806254,235.67282349922502,3.535092352488375,33.22897470520277,0.0,226.14059240681894,1322.2769337885916,4260.240384208481,3761.6629012447474,0.0,0.0,0.0,0.0,0.0,159.54241085257604,23.787874971949055,0.0,0.0,0.0,-4.547473508864641e-13,0.0
2025-04-12 13:00:00+00:00,3,40.0,2936.394018063023,835.9179325648529,608.0216961591553,1492.4543893390137,835.9179325648528,132.0413753552283,703.8765572096245,739.7495764592554,659.644451076174,176.27348148867884,608.0216961591553,0.0,1492.4543893390137,0.0,959.4828379289804,299.83838685280637,2100.476085498169,2800.634780664225,700.1586951660563,176.27348148867884,58.757827162892944,235.03130865157178,3.5254696297735766,33.1651947781648,0.0,225.88758938418107,1321.333162973875,4805.394864610034,3760.1176185932054,0.0,0.0,0.0,547.6676835731369,0.0,679.1055951404247,23.78548270067246,0.0,0.0,0.0,-4.547473508864641e-13,0.0
2025-04-12 14:00:00+00:00,3,40.0,3007.658007168605,853.3948105675247,622.8511943566537,1531.412002244428,853.3948105675246,134.14707898114673,719.2477315863779,739.7495764592554,674.6847767662993,178.71003380122545,622.8511943566537,0.0,1531.412002244428,0.0,981.3596752964353,306.67489853013603,2154.2631966010817,2872.350928801442,718.0877322003605,178.71003380122545,59.57001126707515,238.2800450683006,3.574200676024509,33.99965585314389,0.0,230.78494196102753,1352.6914404877675,4360.349447656372,3853.7106040978774,0.0,0.0,0.0,0.0,0.0,679.1055951404247,23.780754697053936,0.0,0.0,0.0,-4.547473508864641e-13,0.0
2025-04-12 15:00:00+00:00,3,40.0,3059.3822059163886,869.5282393640366,636.2107931749365,1553.643173377417,869.5282393640366,136.72892392458346,732.7993154394532,739.7495764592554,687.5411969170259,181.9870424470107,636.2107931749365,0.0,1553.643173377417,0.0,1000.0599227884013,312.5187258713754,2189.8539665523535,2919.805288736471,729.9513221841178,181.9870424470107,60.662347482336905,242.64938992934762,3.6397408489402143,34.622755529022264,0.0,234.97315854373238,1376.368050459525,5233.462310638793,3919.8652115248724,0.0,0.0,0.0,797.7120542628802,0.0,1435.8816976731844,23.779514710230526,0.0,0.0,0.0,-1.1368683772161603e-12,0.0
2025-04-12 16:00:00+00:00,3,40.0,3006.305278603771,852.0628580435821,623.0968903817522,1531.1455301784363,852.0628580435821,133.84635707575723,718.2165009678248,739.7495764592554,673.4074587554077,178.6553992881744,623.0968903817522,0.0,1531.1455301784363,0.0,979.5017581896839,306.0942994342762,2154.2424205601883,2872.3232274135844,718.0808068533961,178.6553992881744,59.551799762724805,238.20719905089922,3.573107985763488,34.00436201323693,0.0,230.46781976203877,1351.7721958114362,4358.077474415207,3851.824985603268,0.0,0.0,0.0,0.0,0.0,1435.8816976731844,23.769387423051207,0.0,0.0,0.0,-4.547473508864641e-13,0.0
2025-04-12 17:00:00+00:00,3,40.0,3007.45062791119,848.5220510761857,621.5010970984162,1537.4274797365888,848.5220510761858,132.64634330570297,715.8757077704828,739.7495764592554,671.6490201587648,176.87303091742092,621.5010970984162,0.0,1537.4274797365888,0.0,976.9440293218397,305.2950091630749,2158.928576835005,2878.5714357800066,719.6428589450016,176.87303091742092,58.95767697247364,235.83070788989457,3.5374606183484185,34.01930771031837,0.0,229.81691078143362,1351.2692241906504,4358.719852101841,3855.5154651018465,0.0,0.0,0.0,0.0,0.0,1435.8816976731844,23.77712498265675,0.0,0.0,0.0,2.2737367544323206e-13,0.0
2025-04-12 18:00:00+00:00,3,40.0,3066.3174869809536,863.4169231968492,634.5010753093937,1568.3994884747108,863.4169231968492,135.11951882779377,728.2974043690555,739.7495764592554,684.1275418794339,179.2893813174153,634.5010753093937,0.0,1568.3994884747108,0.0,995.0946063700858,310.9670644906518,2202.9005637841046,2937.200751712139,734.3001879280348,179.2893813174153,59.7631271058051,239.0525084232204,3.5857876263483055,34.71902714402892,0.0,233.96915271798414,1377.304347012853,3645.9097797309255,3932.295358082225,0.0,0.0,0.0,0.0,797.7120542628802,595.0193615256736,23.77100665000357,0.0,0.0,0.0,-6.821210263296962e-13,0.0
2025-04-12 19:00:00+00:00,3,40.0,3014.1137776552564,843.0371179803457,621.5415067541742,1549.5351529207387,843.0371179803456,132.0504100107534,710.9867079695922,739.7495764592554,668.1828251831338,174.85429279721188,621.5415067541742,0.0,1549.5351529207387,0.0,971.9022911754673,303.71946599233354,2171.0766596749127,2894.76887956655,723.6922198916375,174.85429279721188,58.284764265737294,233.13905706294918,3.4970858559442375,34.141596731832614,0.0,228.9362107526819,1352.271343490167,3953.2554113558886,3866.6711707420172,0.0,0.0,0.0,0.0,413.1297097895351,159.54241085257604,23.779594920094148,0.0,0.0,0.0,4.547473508864641e-13,0.0
2025-04-12 20:00:00+00:00,3,40.0,2967.55226047756,830.9440043186765,613.5563181036741,1523.0519380552096,830.9440043186764,130.60930314229284,700.3347011763836,739.7495764592554,658.1490699691116,172.79493434956498,613.5563181036741,0.0,1523.0519380552096,0.0,957.3077381368896,299.158668167778,2136.6082561588837,2848.8110082118446,712.2027520529612,172.79493434956498,57.598311449855,230.39324579942,3.4558986869912998,33.63720892366232,0.0,225.5629628632883,1331.615802144536,4299.168062622097,3806.118746348734,0.0,0.0,0.0,0.0,0.0,159.54241085257604,23.784397330427673,0.0,0.0,0.0,6.821210263296962e-13,0.0
2025-04-12 21:00:00+00:00,3,40.0,2956.3872331650873,825.1557936971751,609.2591356453379,1521.9723038225734,825.1557936971751,129.05309091338057,696.1027027837946,739.7495764592554,654.2830248004789,170.87276889669624,609.2591356453379,0.0,1521.9723038225734,0.0,951.6843997097875,297.4013749093086,2131.2314394679115,2841.6419192905487,710.4104798226372,170.87276889669624,56.95758963223208,227.83035852892831,3.4174553779339245,33.49749710758587,0.0,224.21256014827208,1325.8969569979697,4282.284190163056,3793.3263190003363,0.0,0.0,0.0,0.0,0.0,159.54241085257604,23.789938282713464,0.0,0.0,0.0,-6.821210263296962e-13,0.0
2025-04-12 22:00:00+00:00,3,40.0,2970.19408654103,824.9671830653484,608.0253295265184,1537.2015739491644,824.9671830653484,128.91149298858136,696.0556900767671,739.7495764592554,653.7497255350786,171.21745753026983,608.0253295265184,0.0,1537.2015739491644,0.0,950.9086916873871,297.15896615230844,2145.226903475683,2860.302537967577,715.0756344918942,171.21745753026983,57.07248584342327,228.2899433736931,3.4243491506053965,33.6127756252872,0.0,224.56218204943372,1330.906393312952,4301.1004798539825,3811.211229654964,0.0,0.0,0.0,0.0,0.0,159.54241085257604,23.78322906128024,0.0,0.0,0.0,2.2737367544323206e-13,0.0
2025-04-12 23:00:00+00:00,3,40.0,3033.7416111196762,841.5497182995633,618.9073510429414,1573.284541777173,841.5497182995633,131.49112522391886,710.0585930756445,739.7495764592554,666.4478722709133,175.10184602865002,618.9073510429414,0.0,1573.284541777173,0.0,969.3787233031467,302.9308510322333,2192.1918928201144,2922.922523760152,730.730630940038,175.10184602865002,58.36728200955,233.4691280382,3.502036920573,34.30006594905997,0.0,229.2065182224074,1359.0373850738615,4392.778996193538,3892.301247063299,0.0,0.0,0.0,0.0,0.0,159.54241085257604,23.769541182877294,0.0,0.0,0.0,0.0,0.0
2025-06-08 00:00:00+00:00,4,59.0,2668.226443465902,769.1232520911391,564.8367991072986,1334.266392267463,769.1232520911392,119.77822390759863,649.3450281835405,739.7495764592554,610.9732848369591,158.14996725417996,564.8367991072986,0.0,1334.266392267463,0.0,888.6884143083042,277.71512947134505,1899.1031913747615,2532.137588499682,633.0343971249205,158.14996725417996,52.71665575139332,210.86662300557327,3.162999345083599,30.287767895893587,0.0,206.7352745777833,1203.6522241664193,3871.878667632321,3420.8260028079862,0.0,0.0,0.0,0.0,0.0,159.54241085257604,23.80086484531421,0.0,0.0,0.0,0.0,0.0
2025-06-08 01:00:00+00:00,4,59.0,2697.086106739959,793.4158074461997,567.1946743517353,1336.4756249420227,793.4158074461996,121.47535534946556,671.940452096734,739.7495764592554,629.5685695805624,163.84723786563723,567.1946743517353,0.0,1336.4756249420227,0.0,915.7361012080909,286.1675316275284,1903.670299293758,2538.2270657250106,634.5567664312526,163.84723786563723,54.61574595521241,218.46298382084964,3.2769447573127444,30.38059647997229,0.0,212.0896387311322,1221.0872239824107,4715.8853849852485,3453.9631669331015,0.0,0.0,0.0,797.7120542628802,0.0,916.3185133853357,23.80108879547583,0.0,0.0,0.0,-1.5916157281026244e-12,0.0
2025-06-08 02:00:00+00:00,4,59.0,2748.2279820414296,808.649921614105,577.1650524857471,1362.4130079415772,808.6499216141049,123.15813284885554,685.4917887652493,739.7495764592554,642.0100832969096,166.63983831719543,577.1650524857471,0.0,1362.4130079415772,0.0,933.8328484318685,291.8227651349589,1939.5780604273243,2586.1040805697658,646.5260201424414,166.63983831719543,55.546612772398475,222.1864510895939,3.3327967663439084,30.939081653988186,0.0,216.13371223262715,1244.300988702758,3992.5289707441875,3519.9369290016343,0.0,0.0,0.0,0.0,0.0,916.3185133853357,23.798132888312857,0.0,0.0,0.0,-2.2737367544323206e-13,0.0
2025-06-08 03:00:00+00:00,4,59.0,2787.1014940741543,819.7450067665317,587.5046577358681,1379.851829571753,819.7450067665316,125.34509255668394,694.3999142098477,739.7495764592554,650.0517263156141,169.69328045091754,587.5046577358681,0.0,1379.851829571753,0.0,945.5297837318024,295.4780574161882,1967.3564873076211,2623.141983076828,655.785495769207,169.69328045091754,56.564426816972514,226.25770726789005,3.3938656090183508,31.423658027793575,0.0,219.0882080921434,1261.733711731323,4596.502889378614,3568.6717668086303,0.0,0.0,0.0,547.6676835731369,0.0,1435.8816976731844,23.79700396986877,0.0,0.0,0.0,-2.2737367544323206e-13,0.0
2025-06-08 04:00:00+00:00,4,59.0,2835.911021442252,831.903214292703,594.9234130872326,1409.0843940623206,831.903214292703,126.18350332991837,705.7197109627846,739.7495764592554,659.1223287043043,172.78088558839863,594.9234130872326,0.0,1409.0843940623206,0.0,958.7233872062609,299.6010585019565,2004.0078071495532,2672.0104095327374,668.0026023831844,172.78088558839863,57.59362852946621,230.37451411786483,3.4556177117679723,31.938546333240183,0.0,222.504786144636,1283.0962396042512,4119.007261046503,3630.7337967389985,0.0,0.0,0.0,0.0,0.0,1435.8816976731844,23.79767740067955,0.0,0.0,0.0,-2.2737367544323206e-13,0.0
2025-06-08 05:00:00+00:00,4,59.0,2864.877477365525,842.4364157304324,602.5091845294236,1419.9318771056712,842.4364157304324,127.6416680629312,714.7947476675012,739.7495764592554,667.7448090465609,174.69160668387144,602.5091845294236,0.0,1419.9318771056712,0.0,971.2651767949977,303.5203677484368,2022.4410616350947,2696.588082180126,674.1470205450315,174.69160668387144,58.23053556129048,232.92214224516192,3.4938321336774285,32.27459430693942,0.0,225.13178905743894,1296.7981393528146,4161.675616718339,3667.853258975124,0.0,0.0,0.0,0.0,0.0,1435.8816976731844,23.79845549003341,0.0,0.0,0.0,-2.2737367544323206e-13,0.0
2025-06-08 06:00:00+00:00,4,59.0,2869.0960452254612,844.7523606955677,604.5712472620137,1419.77243726788,844.7523606955679,127.33622570910924,717.4161349864586,739.7495764592554,671.0228162268388,173.72954446872893,604.5712472620137,0.0,1419.77243726788,0.0,976.0331872390383,305.01037101219947,2024.3436845298936,2699.124912706525,674.7812281766312,173.72954446872893,57.90984815624298,231.63939262497192,3.4745908893745785,32.33486179053921,0.0,225.61658981693765,1299.1274898419251,4168.223535067386,3675.158099945563,0.0,0.0,0.0,0.0,0.0,1435.8816976731844,23.800770161067383,0.0,0.0,0.0,0.0,0.0
2025-06-08 07:00:00+00:00,4,59.0,2935.153587802032,853.7100146585774,612.9957265153524,1468.447846628102,853.7100146585773,129.34690550557812,724.3631091529992,739.7495764592554,677.6267401248336,176.08327453374375,612.9957265153524,0.0,1468.447846628102,0.0,985.6388947270308,308.0121546021971,2081.4435731434546,2775.258097524606,693.8145243811515,176.08327453374375,58.69442484458125,234.777699378325,3.521665490674875,33.07435026174159,0.0,228.93508051630266,1326.052200096649,4261.20578789868,3760.8969922516367,0.0,0.0,0.0,0.0,0.0,1435.8816976731844,23.80028403684936,0.0,0.0,0.0,-9.094947017729282e-13,0.0
2025-06-08 08:00:00+00:00,4,59.0,2902.079830330927,839.1032997602775,601.0383510941843,1461.9381794764665,839.1032997602777,127.15402793900404,711.9492718212736,739.7495764592554,665.3657736084799,173.73752615179762,601.0383510941843,0.0,1461.9381794764665,0.0,967.8047616123345,302.4389880038545,2062.976530570651,2750.6353740942013,687.6588435235503,173.73752615179762,57.91250871726587,231.6500348690635,3.474750523035952,32.6505323275902,0.0,225.50749436523782,1309.6431174605345,4211.722947791462,3718.440135706536,0.0,0.0,0.0,0.0,0.0,1435.8816976731844,23.802571108736707,0.0,0.0,0.0,0.0,0.0
2025-06-08 09:00:00+00:00,4,59.0,2865.8243195745335,829.8535430974927,589.6003565555484,1446.3704199214924,829.8535430974925,126.30100899035156,703.552534107141,739.7495764592554,654.6599326899038,175.19361040758884,589.6003565555484,0.0,1446.3704199214924,0.0,952.2326293671329,297.572696677229,2035.9707764770408,2714.6277019693875,678.6569254923469,175.19361040758884,58.397870135862945,233.59148054345178,3.5038722081517766,32.151714895881376,0.0,223.0422561440548,1293.3253355535269,4159.149655128061,3666.86033133652,0.0,0.0,0.0,0.0,0.0,1435.8816976731844,23.801400014035426,0.0,0.0,0.0,2.2737367544323206e-13,0.0
2025-06-08 10:00:00+00:00,4,59.0,3004.936785739249,866.0052461825383,617.4774774313286,1521.4540621253793,866.0052461825383,132.03504565641072,733.9702005261275,739.7495764592554,683.0054882693621,182.99975791317615,617.4774774313286,0.0,1521.4540621253793,0.0,993.4625283917994,310.4570401224373,2138.931539556708,2851.9087194089434,712.9771798522358,182.99975791317615,60.99991930439205,243.9996772175682,3.659995158263523,33.73886494419365,0.0,233.0870205903221,1354.9200199718443,3946.727095921559,3845.371247800743,0.0,0.0,0.0,0.0,413.1297097895351,1000.4047470000868,23.787268083412105,0.0,0.0,0.0,9.094947017729282e-13,0.0
2025-06-08 11:00:00+00:00,4,59.0,2992.4877938225673,859.3691678789193,612.2012548344803,1520.9173711091682,859.3691678789191,131.21713235674923,728.15203552217,739.7495764592554,677.2835398580825,182.0856280208368,612.2012548344803,0.0,1520.9173711091682,0.0,985.1396943390291,307.8561544809466,2133.1186259436486,2844.1581679248648,711.0395419812162,182.0856280208368,60.69520934027893,242.78083736111572,3.6417125604167357,33.57521135612609,0.0,231.60260275790876,1348.4104324768932,3543.1861720365805,3829.297862263894,0.0,0.0,0.0,0.0,797.7120542628802,159.54241085257604,23.78610904001928,0.0,0.0,0.0,0.0,0.0
2025-06-08 12:00:00+00:00,4,59.0,2864.58811242164,830.7659739600017,590.9480790971967,1442.87405936444,830.7659739600017,126.7557017096812,704.0102722503204,739.7495764592554,655.010482591343,175.75549136865868,590.9480790971967,0.0,1442.87405936444,0.0,952.7425201328626,297.73203754151956,2033.8221384616368,2711.762851282182,677.9407128205455,175.75549136865868,58.585163789552894,234.34065515821158,3.5151098273731733,32.1571829665603,0.0,223.16427872813767,1293.0944856736892,4157.682598095329,3664.5053714150445,0.0,0.0,0.0,0.0,0.0,159.54241085257604,23.793143742762858,0.0,0.0,0.0,0.0,0.0
2025-06-08 13:00:00+00:00,4,59.0,2798.9460515361766,812.7867057847773,577.8447071996858,1408.3146385517148,812.7867057847774,123.86305393192806,688.9236518528493,739.7495764592554,641.2607276848888,171.52597809988845,577.8447071996858,0.0,1408.3146385517148,0.0,932.7428766325656,291.48214894767676,1986.1593457514005,2648.2124610018673,662.0531152504668,171.52597809988845,57.17532603329615,228.7013041331846,3.430519561997769,31.41848760150772,0.0,218.2432942026912,1263.8028915976365,4610.4166267069495,3580.955337634433,0.0,0.0,0.0,547.6676835731369,0.0,679.1055951404247,23.80326467291692,0.0,0.0,0.0,-4.547473508864641e-13,0.0
2025-06-08 14:00:00+00:00,4,59.0,2815.0490135332443,810.8745709547737,577.3468965373555,1426.8275460411128,810.8745709547737,124.10745167445016,686.7671192803235,739.7495764592554,638.8593832957373,172.01518765903643,577.3468965373555,0.0,1426.8275460411128,0.0,929.250012066527,290.39062877078965,2004.1744425784682,2672.2325901046243,668.0581475261561,172.01518765903643,57.338395886345474,229.3535835453819,3.440303753180728,31.58868235653179,0.0,218.3324318527176,1269.1485901457213,4084.1976036789647,3601.4826021711515,0.0,0.0,0.0,0.0,0.0,679.1055951404247,23.80303140923791,0.0,0.0,0.0,-9.094947017729282e-13,0.0
2025-06-08 15:00:00+00:00,4,59.0,3010.6690789388085,864.541568990455,623.6644480521131,1522.4630618962417,864.541568990455,137.71587174076637,726.8256972496886,739.7495764592554,678.674392041612,185.86717694884294,623.6644480521131,0.0,1522.4630618962417,0.0,987.1627520605266,308.48836001891453,2146.1275099483546,2861.503346597806,715.3758366494515,185.86717694884294,61.955725649614315,247.82290259845726,3.7173435389768588,33.93456406052581,0.0,233.10622706810483,1356.5780569855879,5164.959190187277,3848.6660986583324,0.0,0.0,0.0,797.7120542628802,0.0,1435.8816976731844,23.764710565324116,0.0,0.0,0.0,6.821210263296962e-13,0.0
2025-06-08 16:00:00+00:00,4,59.0,3078.2069923204554,878.9081640123404,635.7421922883018,1563.5566360198134,878.9081640123404,139.16638790037103,739.7417761119693,739.7495764592554,691.4486020523256,187.45956196001487,635.7421922883018,0.0,1563.5566360198134,0.0,1005.743421167019,314.29481911469344,2199.298828308115,2932.398437744153,733.0996094360382,187.45956196001487,62.48652065333829,249.94608261335316,3.749191239200297,34.70783212884719,0.0,237.35847720077265,1385.69644977289,4463.903442093346,3938.1418589111718,0.0,0.0,0.0,0.0,0.0,1435.8816976731844,23.759091205121575,0.0,0.0,0.0,4.547473508864641e-13,0.0
2025-06-08 17:00:00+00:00,4,59.0,3074.9395644076244,880.6062722255875,635.7947558277339,1558.538536354303,880.6062722255875,139.10685697209715,741.4994152534904,739.7495764592554,693.1027958048963,187.5034764206912,635.7947558277339,0.0,1558.538536354303,0.0,1008.1495211707584,315.04672536586196,2194.333292182037,2925.7777229093826,731.4444307273457,187.5034764206912,62.50115880689706,250.00463522758824,3.7500695284138232,34.65922803837505,0.0,237.58978916907847,1384.9914016359721,4459.9309660435965,3933.927244080141,0.0,0.0,0.0,0.0,0.0,1435.8816976731844,23.763821586139557,0.0,0.0,0.0,0.0,0.0
2025-06-08 18:00:00+00:00,4,59.0,3058.9732310608524,875.9537426101665,634.5589875035381,1548.4605009471504,875.9537426101665,138.66978080835597,737.2839618018105,739.7495764592554,689.6724745605087,186.2812680496578,634.5589875035381,0.0,1548.4605009471504,0.0,1003.1599629971035,313.48748843659484,2183.0194884506886,2910.6926512675846,727.6731628168961,186.2812680496578,62.0937560165526,248.3750240662104,3.7256253609931558,34.521374634577654,0.0,236.30309353617204,1377.8045008017864,3639.0656775997586,3913.852614264688,0.0,0.0,0.0,0.0,797.7120542628802,595.0193615256736,23.762367849206903,0.0,0.0,0.0,-2.2737367544323206e-13,0.0
2025-06-08 19:00:00+00:00,4,59.0,3062.354483484829,879.8571778800385,642.032167853655,1540.465137751136,879.8571778800385,139.36046365987326,740.4967142201652,739.7495764592554,693.7065008940361,186.1506769860024,642.032167853655,0.0,1540.465137751136,0.0,1009.0276376640526,315.32113677001644,2182.497305604791,2909.9964074730547,727.4991018682637,186.1506769860024,62.0502256620008,248.2009026480032,3.7230135397200477,34.665616413121015,0.0,236.97303076734275,1380.2321250204648,4029.456898715758,3919.0240451371074,0.0,0.0,0.0,0.0,413.1297097895351,159.54241085257604,23.768172504763772,0.0,0.0,0.0,-6.821210263296962e-13,0.0
2025-06-08 20:00:00+00:00,4,59.0,3034.895582970205,871.9138165269286,636.6550526129862,1526.3267138302883,871.9138165269285,138.52753459734816,733.3862819295804,739.7495764592554,686.9299961417513,184.9838203851773,636.6550526129862,0.0,1526.3267138302883,0.0,999.170903478911,312.2409073371597,2162.9817664432744,2883.9756885910324,720.9939221477581,184.9838203851773,61.66127346172576,246.64509384690305,3.6996764077035458,34.36291871669247,0.0,234.84794840179714,1367.8066464728367,4402.702229443041,3883.1465920699434,0.0,0.0,0.0,0.0,0.0,159.54241085257604,23.768411282170423,0.0,0.0,0.0,-9.094947017729282e-13,0.0
2025-06-08 21:00:00+00:00,4,59.0,3007.7975109015924,860.4615453325955,626.2431852913151,1521.0927802776805,860.4615453325955,137.36200861425948,723.099536718336,739.7495764592554,676.3540416190551,184.10750371354038,626.2431852913151,0.0,1521.0927802776805,0.0,983.7876969004438,307.43365528138867,2147.3359655689956,2863.1146207586607,715.7786551896652,184.10750371354038,61.36916790451346,245.47667161805384,3.6821500742708073,33.99822336151626,0.0,232.17960809665496,1354.4414599080092,4362.238970809602,3846.9023176591045,0.0,0.0,0.0,0.0,0.0,159.54241085257604,23.760441341118813,0.0,0.0,0.0,0.0,0.0
2025-06-08 22:00:00+00:00,4,59.0,2975.856033715487,847.7544446313877,613.3837812706731,1514.717807813427,847.7544446313877,134.9895560229886,712.7648886083991,739.7495764592554,666.3655614088007,181.38888322258708,613.3837812706731,0.0,1514.717807813427,0.0,969.258998412801,302.8934370040003,2128.1015890841,2837.4687854454664,709.3671963613666,181.38888322258708,60.4629610741957,241.8518442967828,3.6277776644517417,33.548691516254465,0.0,229.15624725803636,1339.056310878305,4314.912344593791,3806.7277838582677,0.0,0.0,0.0,0.0,0.0,159.54241085257604,23.755978229389317,0.0,0.0,0.0,-6.821210263296962e-13,0.0
2025-06-08 23:00:00+00:00,4,59.0,2972.2519996359006,846.5726802719256,614.9376268671128,1510.7416924968618,846.5726802719256,134.5551553079406,712.017524963985,739.7495764592554,666.6881807868147,179.88449948511095,614.9376268671128,0.0,1510.7416924968618,0.0,969.7282629626395,303.0400821758248,2125.6793193639746,2834.2390924852994,708.5597731213248,179.88449948511095,59.961499828370314,239.84599931348126,3.5976899897022188,33.555545730982004,0.0,228.78511027127206,1337.4997011174762,4309.751700753377,3803.9673554479386,0.0,0.0,0.0,0.0,0.0,159.54241085257604,23.76614174249415,0.0,0.0,0.0,2.2737367544323206e-13,0.0
2025-07-04 00:00:00+00:00,5,66.0,2818.240359639253,805.1840865029368,610.964133640623,1402.0921394956924,805.1840865029368,125.17575367174348,680.0083328311933,739.7495764592554,643.7976367834195,161.38644971951726,610.964133640623,0.0,1402.0921394956924,0.0,936.4329262304284,292.63528944700886,2013.0562731363154,2684.0750308484203,671.0187577121051,161.38644971951726,53.795483239839086,215.18193295935635,3.227728994390345,32.34984540417562,0.0,216.58634693317714,1269.613451730696,4635.521494943086,3620.5079570788484,0.0,0.0,0.0,547.6676835731369,0.0,679.1055951404247,23.815096935314905,0.0,0.0,0.0,0.0,0.0
2025-07-04 01:00:00+00:00,5,66.0,2774.3114535455616,798.3247507407009,607.9863430271369,1368.0003597777218,798.3247507407008,124.25822426167102,674.0665264790298,739.7495764592554,638.9866133392445,159.33813740145638,607.9863430271369,0.0,1368.0003597777218,0.0,929.435073947992,290.4484606087475,1975.9867028048586,2634.6489370731447,658.6622342682862,159.33813740145638,53.11271246715213,212.45084986860851,3.1867627480291274,31.919593888591322,0.0,214.16604809544702,1251.4958120762533,4025.8072656218146,3564.0840110211366,0.0,0.0,0.0,0.0,0.0,679.1055951404247,23.812896633515244,0.0,0.0,0.0,-2.2737367544323206e-13,0.0
2025-07-04 02:00:00+00:00,5,66.0,2760.9594491582247,794.638003862659,604.1665639267771,1362.1548813687884,794.638003862659,123.49498962455516,671.1430142381039,739.7495764592554,636.0520471783033,158.58595668435578,604.1665639267771,0.0,1362.1548813687884,0.0,925.166614077532,289.11456689922875,1966.3214452955656,2621.761927060754,655.4404817651885,158.58595668435578,52.861985561451924,211.4479422458077,3.171719133687115,31.7465457314912,0.0,213.18019569408355,1245.5154947851308,4006.4749439433563,3546.9285411382857,0.0,0.0,0.0,0.0,0.0,679.1055951404247,23.81683823131678,0.0,0.0,0.0,6.821210263296962e-13,0.0
2025-07-04 03:00:00+00:00,5,66.0,2753.5121730464352,792.2956091222998,601.8857755607964,1359.3307883633372,792.2956091222997,123.1053470367048,669.1902620855949,739.7495764592554,633.7486225835498,158.54698653874993,601.8857755607964,0.0,1359.3307883633372,0.0,921.8161783033453,288.0675557197954,1961.2165639241337,2614.9554185655115,653.7388546413779,158.54698653874993,52.848995512916645,211.39598205166658,3.1709397307749985,31.649881150457265,0.0,212.57739612238015,1242.0536228777023,4793.277850187018,3536.7715968688567,0.0,0.0,0.0,797.7120542628802,0.0,1435.8816976731844,23.815041274421795,0.0,0.0,0.0,2.2737367544323206e-13,0.0
2025-07-04 04:00:00+00:00,5,66.0,2746.0345353449115,788.6074302132015,599.1649465957082,1358.2621585360014,788.6074302132015,122.63895098415834,665.9684792290432,739.7495764592554,630.5741653995578,158.03326481364365,599.1649465957082,0.0,1358.2621585360014,0.0,917.1987860357206,286.62462063616266,1957.4271051317096,2609.9028068422795,652.4757017105699,158.03326481364365,52.67775493788122,210.71101975152487,3.160665296272873,31.55756998323126,0.0,211.7301002993436,1238.2264128634615,3984.260948208373,3527.101592878,0.0,0.0,0.0,0.0,0.0,1435.8816976731844,23.81179905325032,0.0,0.0,0.0,0.0,0.0
2025-07-04 05:00:00+00:00,5,66.0,2742.154172633252,788.1127905309966,600.166537719698,1353.874844382559,788.1127905309966,122.24683535550034,665.8659551754962,739.7495764592554,630.863414907658,157.24937562333855,600.166537719698,0.0,1353.874844382559,0.0,917.6195125929571,286.7560976852991,1954.041382102257,2605.388509469676,651.347127367419,157.24937562333855,52.41645854111285,209.6658341644514,3.144987512466771,31.543744575416532,0.0,211.49166652522536,1236.7000822069397,3978.8542548401906,3523.0080220626332,0.0,0.0,0.0,0.0,0.0,1435.8816976731844,23.818618384910767,0.0,0.0,0.0,-1.1368683772161603e-12,0.0
2025-07-04 06:00:00+00:00,5,66.0,2725.883905048667,781.6725417649144,596.0756813661482,1348.1356819176053,781.6725417649144,121.56585215148297,660.1066896134314,739.7495764592554,625.387701616392,156.28484014852245,596.0756813661482,0.0,1348.1356819176053,0.0,909.6548387147519,284.26713709835997,1944.2113632837536,2592.2818177116715,648.0704544279179,156.28484014852245,52.09494671617415,208.3797868646966,3.125696802970449,31.3636272601605,0.0,209.9176742814539,1228.8395365870367,3954.7234416357037,3501.9366564264233,0.0,0.0,0.0,0.0,0.0,1435.8816976731844,23.81269545054446,0.0,0.0,0.0,-2.2737367544323206e-13,0.0
2025-07-04 07:00:00+00:00,5,66.0,2750.898024777563,788.2525279781302,599.2919067995732,1363.353589999859,788.2525279781303,122.77906520541646,665.4734627727138,739.7495764592554,629.5660296817799,158.68649829635024,599.2919067995732,0.0,1363.353589999859,0.0,915.7324068098617,286.16637712808176,1962.6454967994323,2616.8606623992428,654.2151655998107,158.68649829635024,52.89549943211674,211.58199772846697,3.1737299659270044,31.612293103985788,0.0,211.79050539280308,1239.8535706227249,3990.751595400287,3532.593069209104,0.0,0.0,0.0,0.0,0.0,1435.8816976731844,23.810383443952865,0.0,0.0,0.0,-9.094947017729282e-13,0.0
2025-07-04 08:00:00+00:00,5,66.0,2781.6229960812484,793.0149543154795,603.8735075072703,1384.734534258498,793.0149543154794,123.25315578340559,669.7617985320738,739.7495764592554,633.9408414384126,159.0741128770669,603.8735075072703,0.0,1384.734534258498,0.0,922.0957693649638,288.1549279265512,1988.6080417657681,2651.477389021024,662.869347255256,159.0741128770669,53.024704292355636,212.09881716942255,3.181482257541338,31.96355056780309,0.0,213.40649837049233,1252.6005106699995,4034.2235067512484,3573.573158385988,0.0,0.0,0.0,0.0,0.0,1435.8816976731844,23.809853868541225,0.0,0.0,0.0,4.547473508864641e-13,0.0
2025-07-04 09:00:00+00:00,5,66.0,2776.4756009080784,795.1224839094439,606.7217070196469,1374.6314099789874,795.122483909444,123.40710409891093,671.715379810533,739.7495764592554,636.2575050089993,158.8649789004446,606.7217070196469,0.0,1374.6314099789874,0.0,925.4654618312717,289.20795682227237,1981.3531169986345,2641.8041559981793,660.4510389995448,158.8649789004446,52.95499296681487,211.81997186725948,3.177299578008892,31.94796531037928,0.0,213.60303279276417,1251.3422864697845,4027.8178873778616,3567.269617829451,0.0,0.0,0.0,0.0,0.0,1435.8816976731844,23.81167228040864,0.0,0.0,0.0,-1.3642420526593924e-12,0.0
2025-07-04 10:00:00+00:00,5,66.0,2749.9392623389845,781.3828943410545,594.8514424100554,1373.7049255878746,781.3828943410545,121.46380676992997,659.9190875711245,739.7495764592554,624.0061994447261,157.37669489632833,594.8514424100554,0.0,1373.7049255878746,0.0,907.6453810105107,283.6391815657846,1968.55636799793,2624.74182399724,656.18545599931,157.37669489632833,52.45889829877611,209.83559319510445,3.1475338979265666,31.582592528180406,0.0,210.51442157641824,1237.528083866396,3987.4673462053797,3532.3872050077507,0.0,0.0,0.0,0.0,0.0,1435.8816976731844,23.804337846157708,0.0,0.0,0.0,-6.821210263296962e-13,0.0
2025-07-04 11:00:00+00:00,5,66.0,2729.8440828788735,778.2843300869306,589.010443143498,1362.549309648445,778.2843300869307,121.25605865127439,657.0282714356563,739.7495764592554,620.1028934233782,158.1814366635524,0.0,589.010443143498,1362.549309648445,0.0,901.9678449794592,281.864951556081,1362.549309648445,1816.7324128645932,454.1831032161483,158.1814366635524,52.72714555451747,799.919025361568,11.998785380423518,25.40570195935441,11.78020886286996,209.537068459461,1047.4969649888558,2979.6289936048493,2718.7002578440524,0.0,0.0,0.0,0.0,797.7120542628802,595.0193615256736,23.808292919250462,0.0,0.0,0.0,4.547473508864641e-13,0.0
2025-07-04 12:00:00+00:00,5,66.0,2640.408421575164,754.4044690505518,574.5010840779437,1311.5028684466674,754.4044690505518,117.95188246692638,636.4525865836255,739.7495764592554,601.8390156827311,152.56545336782074,0.0,574.5010840779437,1311.5028684466674,0.0,875.402204629427,273.56318894669596,1311.5028684466674,1748.670491262223,437.1676228155558,152.56545336782074,50.85515112260691,777.9216885683713,11.66882532852557,24.605050366025548,11.490021681558874,202.89338618707703,1012.2432464480457,3239.521958233674,2624.0726958916503,0.0,0.0,0.0,0.0,413.1297097895351,159.54241085257604,23.817930504079413,0.0,0.0,0.0,-9.094947017729282e-13,0.0
2025-07-04 13:00:00+00:00,5,66.0,2663.4376508569358,765.702786755406,578.7778533185194,1318.9570107830118,765.7027867554061,119.00352991064318,646.6992568447629,739.7495764592554,611.4326026723548,154.27018408305116,578.7778533185194,0.0,1318.9570107830118,0.0,889.3565129779707,277.92391030561583,1897.7348641015312,2530.313152135375,632.5782880338437,154.27018408305116,51.423394694350385,205.69357877740154,3.085403681661023,30.552905707385698,0.0,205.5781473704071,1201.1420497932636,4412.247384223336,3419.6696651133457,0.0,0.0,0.0,547.6676835731369,0.0,679.1055951404247,23.824693163389895,0.0,0.0,0.0,-4.547473508864641e-13,0.0
2025-07-04 14:00:00+00:00,5,66.0,2712.354349978731,782.2094794199779,586.7854998754324,1343.3593706833208,782.209479419978,120.91996120294978,661.2895182170282,739.7495764592554,624.5878462457117,157.6216331742662,586.7854998754324,0.0,1343.3593706833208,0.0,908.4914127210352,283.9035664753235,1930.1448705587532,2573.5264940783372,643.3816235195843,157.6216331742662,52.54054439142207,210.16217756568827,3.1524326634853237,31.037158703096182,0.0,209.87025757104863,1223.88558332396,3936.239933302692,3482.017906799372,0.0,0.0,0.0,0.0,0.0,679.1055951404247,23.828750955554824,0.0,0.0,0.0,9.094947017729282e-13,0.0
2025-07-04 15:00:00+00:00,5,66.0,2751.8690673449673,798.5612559916173,598.3938276513239,1354.9139837020246,798.5612559916171,123.93872628648528,674.6225297051319,739.7495764592554,636.8887691224822,161.672486869135,598.3938276513239,0.0,1354.9139837020246,0.0,926.383664178156,289.49489505567374,1953.3078113533484,2604.410415137798,651.1026037844495,161.672486869135,53.890828956378336,215.56331582551334,3.2334497373827,31.500954666559963,0.0,213.84419050094317,1243.0669227013873,4792.648044309235,3530.7940793159537,0.0,0.0,0.0,797.7120542628802,0.0,1435.8816976731844,23.826788317780597,0.0,0.0,0.0,2.2737367544323206e-13,0.0
2025-07-04 16:00:00+00:00,5,66.0,2760.8345873863886,803.8596882167299,601.9285988199173,1355.0463003497407,803.8596882167299,124.42905906517987,679.43062915155,739.7495764592554,641.4120862496302,162.44760196709967,0.0,601.9285988199173,1355.0463003497407,0.0,932.9630345449167,291.55094829528645,1355.0463003497407,1806.7284004663209,451.6821001165802,162.44760196709967,54.14920065569989,818.5254014427169,12.277881021640752,25.589034979895754,12.038571976398346,215.01297692051176,1062.300713966013,3025.4232470895217,2739.6914350112374,0.0,0.0,0.0,0.0,797.7120542628802,595.0193615256736,23.830754808849147,0.0,0.0,0.0,4.547473508864641e-13,0.0
2025-07-04 17:00:00+00:00,5,66.0,2761.2847957782765,807.7102934138927,604.451631653247,1349.122870711137,807.7102934138927,125.24129552710242,682.4689978867902,739.7495764592554,644.2587969205093,163.4514964933834,604.451631653247,0.0,1349.122870711137,0.0,937.10370461165,292.8449076911406,1953.574502364384,2604.766003152512,651.191500788128,163.4514964933834,54.48383216446113,217.9353286578445,3.2690299298676675,31.62477765670878,0.0,215.72554811083438,1249.1395963411405,4010.4243921194175,3541.869707764162,0.0,0.0,0.0,0.0,0.0,595.0193615256736,23.82996885725265,0.0,0.0,0.0,4.547473508864641e-13,0.0
2025-07-04 18:00:00+00:00,5,66.0,3000.193083244442,875.8443128408173,663.3248912732706,1461.023879130352,875.8443128408173,134.5534954615741,741.2908173792432,739.7495764592554,702.6952298576354,173.14908298318198,663.3248912732706,0.0,1461.023879130352,0.0,1022.1021525201969,319.4069226625615,2124.3487704036224,2832.4650272048298,708.1162568012074,173.14908298318198,57.716360994393995,230.86544397757598,3.4629816596636394,34.509985529501634,0.0,233.82847911081916,1357.0409867581473,3944.1043602130544,3854.5671797250266,0.0,0.0,0.0,0.0,413.1297097895351,159.54241085257604,23.823564385964005,0.0,0.0,0.0,6.821210263296962e-13,0.0
2025-07-04 19:00:00+00:00,5,66.0,2979.2868905398427,868.2678747355521,658.0307976412823,1452.9882181630096,868.2678747355521,133.1402814967182,735.1275932388339,739.7495764592554,697.1583192237341,171.10955551181803,658.0307976412823,0.0,1452.9882181630096,0.0,1014.0484643254315,316.8901451016973,2111.019015804292,2814.6920210723893,703.6730052680973,171.10955551181803,57.03651850393934,228.14607401575736,3.4221911102363602,34.27080611086856,0.0,231.91740845117155,1347.2100745460104,4326.49696508585,3828.7404853978205,0.0,0.0,0.0,0.0,0.0,159.54241085257604,23.826292195786994,0.0,0.0,0.0,-2.9558577807620168e-12,0.0
2025-07-04 20:00:00+00:00,5,66.0,2756.4462746615827,801.13051399601,577.8342631934232,1377.4814974721521,801.13051399601,122.6487131803956,678.4818008156144,739.7495764592554,635.4422981739835,165.68821582202645,577.8342631934232,0.0,1377.4814974721521,0.0,924.2797064348852,288.8374082609016,1955.3157606655755,2607.0876808874336,651.7719202218584,165.68821582202645,55.22940527400882,220.91762109603528,3.313764316440529,31.10984287052422,0.0,214.89938586794352,1245.161726811677,4001.6080014732597,3531.367387322319,0.0,0.0,0.0,0.0,0.0,159.54241085257604,23.825821093126212,0.0,0.0,0.0,0.0,0.0
2025-07-04 21:00:00+00:00,5,66.0,2678.48131628407,772.2210127303215,554.4674587377309,1351.7928448160203,772.2210127303215,119.35388346006074,652.8671292702608,739.7495764592554,610.6621583138647,161.55885441645682,554.4674587377309,0.0,1351.7928448160203,0.0,888.2358666383486,277.5737083244839,1906.2603035537513,2541.680404738335,635.4201011845837,161.55885441645682,53.85295147215228,215.4118058886091,3.2311770883291366,30.15195221029213,0.0,207.83350554062912,1208.0633958204703,3886.5447121045404,3429.9162713766837,0.0,0.0,0.0,0.0,0.0,159.54241085257604,23.824891456241957,0.0,0.0,0.0,0.0,0.0
2025-07-04 22:00:00+00:00,5,66.0,2653.3286196868225,761.0971060486704,546.7979552012196,1345.433558436932,761.0971060486704,118.20885353546682,642.8882525132036,739.7495764592554,601.0118589879696,160.0852470607008,546.7979552012196,0.0,1345.433558436932,0.0,874.1990676188649,273.18720863089527,1892.2315136381515,2522.9753515175353,630.7438378793838,160.0852470607008,53.361749020233596,213.44699608093438,3.2017049412140155,29.858274240405905,0.0,205.21306744988337,1195.565842162016,3848.8944618488376,3397.1744191364,0.0,0.0,0.0,0.0,0.0,159.54241085257604,23.823445323534816,0.0,0.0,0.0,-9.094947017729282e-13,0.0
2025-07-04 23:00:00+00:00,5,66.0,2639.941990440102,752.7416084721348,544.5065513459742,1342.693830621992,752.7416084721348,117.57007591311344,635.1715325590213,739.7495764592554,595.2020518910603,157.53955658107452,544.5065513459742,0.0,1342.693830621992,0.0,865.7484391142694,270.5463872232092,1887.2003819679662,2516.267175957288,629.066793989322,157.53955658107452,52.51318552702484,210.05274210809935,3.15079113162149,29.762134846599146,0.0,203.32214349273485,1188.3614362105116,3828.303426650613,3382.0156150715575,0.0,0.0,0.0,0.0,0.0,159.54241085257604,23.821459371838266,0.0,0.0,0.0,-6.821210263296962e-13,0.0
2025-09-25 00:00:00+00:00,6,31.0,2901.6103379852475,799.2918661038224,564.1596576455009,1538.1588142359265,799.2918661038223,125.92932610381712,673.3625400000052,739.7495764592554,627.4417702327853,171.85009587103707,564.1596576455009,0.0,1538.1588142359265,0.0,912.6425748840513,285.200804651266,2102.3184718814273,2803.091295841903,700.7728239604758,171.85009587103707,57.28336529034569,229.13346116138277,3.4370019174207416,32.306377871724294,0.0,218.89232402797,1297.8926977192027,4199.503035704451,3715.733870725954,0.0,0.0,0.0,0.0,0.0,159.54241085257604,23.745751831582144,0.0,0.0,0.0,4.547473508864641e-13,0.0
2025-09-25 01:00:00+00:00,6,31.0,2813.053221362433,772.8519592034073,544.959821426718,1495.2414407323085,772.8519592034073,121.34498942336704,651.5069697800403,739.7495764592554,607.4948902561822,165.35706894722512,544.959821426718,0.0,1495.2414407323085,0.0,883.6289312817196,276.13404102553733,2040.2012621590266,2720.2683495453684,680.0670873863421,165.35706894722512,55.119022982408374,220.4760919296335,3.3071413789445026,31.301209050124626,0.0,211.84543749953042,1257.7739393228874,4868.5392149481995,3603.8972808270883,0.0,0.0,0.0,797.7120542628802,0.0,916.3185133853357,23.75577578136233,0.0,0.0,0.0,-9.094947017729282e-13,0.0
2025-09-25 02:00:00+00:00,6,31.0,2778.8391508903856,767.187826791233,536.8024676232338,1474.8488564759166,767.187826791233,120.77542073078473,646.4124060604482,739.7495764592554,601.3736575399987,165.81416925123426,536.8024676232338,0.0,1474.8488564759166,0.0,874.7253200581799,273.35166251818123,2011.6513240991503,2682.2017654655338,670.5504413663834,165.81416925123426,55.27138975041142,221.0855590016457,3.3162833850246853,30.852562593456184,0.0,210.04954651906291,1243.3918861325199,4022.231037022906,3556.9270855237137,0.0,0.0,0.0,0.0,0.0,916.3185133853357,23.753637871116798,0.0,0.0,0.0,6.821210263296962e-13,0.0
2025-09-25 03:00:00+00:00,6,31.0,2801.830507389542,776.458390297378,541.6744855170941,1483.6976315750694,776.458390297378,122.67335919635315,653.7850311010249,739.7495764592554,607.5931801424222,168.86521015495578,541.6744855170941,0.0,1483.6976315750694,0.0,883.7718983889778,276.17871824655555,2025.3721170921635,2700.4961561228847,675.1240390307212,168.86521015495578,56.28840338498526,225.15361353994103,3.3773042030991154,31.08721088126352,0.0,212.36855522003754,1254.424230966662,4603.922421929341,3584.2680545118624,0.0,0.0,0.0,547.6676835731369,0.0,1435.8816976731844,23.748822114124703,0.0,0.0,0.0,0.0,0.0
2025-09-25 04:00:00+00:00,6,31.0,2797.6655864432987,779.5821882693983,546.8769290806813,1471.2064690932189,779.5821882693984,123.74601912633644,655.836169143062,739.7495764592554,610.5435490948157,169.0386391745826,546.8769290806813,0.0,1471.2064690932189,0.0,888.0633441379138,277.51979504309804,2018.0833981739002,2690.7778642318667,672.6944660579667,169.0386391745826,56.3462130581942,225.3848522327768,3.380772783491652,31.11837256335263,0.0,212.77629273408408,1253.8359122401873,4051.5014986834863,3578.8412083697804,0.0,0.0,0.0,0.0,0.0,1435.8816976731844,23.76095823665143,0.0,0.0,0.0,2.2737367544323206e-13,0.0
2025-09-25 05:00:00+00:00,6,31.0,2851.1160942723395,799.6603621278575,560.7171612053742,1490.738570939108,799.6603621278575,127.20567914670882,672.4546829811487,739.7495764592554,626.1676727177821,173.4926894100754,560.7171612053742,0.0,1490.738570939108,0.0,910.7893421349559,284.6216694171737,2051.455732144482,2735.274309525976,683.818577381494,173.4926894100754,57.83089647002513,231.32358588010052,3.4698537882015077,31.728900545552307,0.0,217.78711213962387,1279.2570097420703,4130.37310401441,3646.063651660932,0.0,0.0,0.0,0.0,0.0,1435.8816976731844,23.756716375315076,0.0,0.0,0.0,4.547473508864641e-13,0.0
2025-09-25 06:00:00+00:00,6,31.0,2897.596325228168,811.0324443191815,571.4789528928562,1515.0849280161292,811.0324443191816,128.76787044547012,682.2645738737115,739.7495764592554,636.1807721523096,174.85167216687194,571.4789528928562,0.0,1515.0849280161292,0.0,925.3538504033594,289.1730782510498,2086.5638809089855,2782.0851745453137,695.5212936363284,174.85167216687194,58.28389072229064,233.13556288916257,3.4970334433374384,32.29521786694698,0.0,220.96267530457118,1299.7331892245245,4197.329514452693,3707.4390249486733,0.0,0.0,0.0,0.0,0.0,1435.8816976731844,23.760150794973907,0.0,0.0,0.0,2.2737367544323206e-13,0.0
2025-09-25 07:00:00+00:00,6,31.0,2939.804260036653,823.9536067291718,585.8236869779571,1530.0269663295235,823.9536067291718,131.15341419875642,692.8001925304154,739.7495764592554,647.775122359103,176.17848437006887,585.8236869779571,0.0,1530.0269663295235,0.0,942.2183597950589,294.4432374359559,2115.8506533074806,2821.134204409974,705.2835511024934,176.17848437006887,58.726161456689624,234.9046458267585,3.5235696874013773,32.87498027263395,0.0,224.2703287565476,1319.121828711722,4258.926088748374,3763.3525642050326,0.0,0.0,0.0,0.0,0.0,1435.8816976731844,23.760788148153537,0.0,0.0,0.0,-6.821210263296962e-13,0.0
2025-09-25 08:00:00+00:00,6,31.0,2945.080060947703,823.4275128256612,590.6547783625659,1530.997769759478,823.4275128256612,131.6050607657769,691.8224520598843,739.7495764592554,647.3404791839691,176.08703364169207,590.6547783625659,0.0,1530.997769759478,0.0,941.5861515403187,294.2456723563496,2121.6525481220438,2828.8700641627247,707.2175160406812,176.08703364169207,58.69567788056403,234.7827115222561,3.5217406728338414,33.02962104847175,0.0,224.20901206946934,1320.9192400683696,4265.999301016072,3770.456215703043,0.0,0.0,0.0,0.0,0.0,1435.8816976731844,23.765551599340874,0.0,0.0,0.0,0.0,0.0
2025-09-25 09:00:00+00:00,6,31.0,2930.317398884138,821.3176833757219,588.9269158081469,1520.0727997002698,821.3176833757218,131.61281014473246,689.7048732309894,739.7495764592554,645.1074739817524,176.21020939396954,588.9269158081469,0.0,1520.0727997002698,0.0,938.338143973458,293.2306699917056,2108.9997155084166,2811.9996206778887,702.9999051694722,176.21020939396954,58.73673646465651,234.94694585862604,3.5242041878793904,32.8685354712471,0.0,223.46181300103444,1314.8218642859952,4245.139263170134,3750.337764651347,0.0,0.0,0.0,0.0,0.0,1435.8816976731844,23.757503626932813,0.0,0.0,0.0,4.547473508864641e-13,0.0
2025-09-25 10:00:00+00:00,6,31.0,2948.936314313021,821.4909542241609,592.4615193081036,1534.9838407807574,821.4909542241609,130.60259502698648,690.8883591971744,739.7495764592554,648.0038083109778,173.4871459131831,592.4615193081036,0.0,1534.9838407807574,0.0,942.5509939068768,294.54718559589895,2127.445360088861,2836.5938134518146,709.1484533629537,173.4871459131831,57.8290486377277,231.3161945509108,3.469742918263662,33.12368398705068,0.0,223.85548343813804,1321.9735979400327,3857.7802024635175,3779.1448073586917,0.0,0.0,0.0,0.0,413.1297097895351,1000.4047470000868,23.762570436210613,0.0,0.0,0.0,-1.1368683772161603e-12,0.0
2025-09-25 11:00:00+00:00,6,31.0,2984.0348840763613,832.9704921590433,598.284290158792,1552.780101758525,832.9704921590433,132.86628051067316,700.1042116483701,739.7495764592554,655.6575505152535,177.3129416437897,598.284290158792,0.0,1552.780101758525,0.0,953.6837098403688,298.02615932511526,2151.064391917317,2868.085855889756,717.021463972439,177.3129416437897,59.10431388126324,236.41725552505295,3.546258832875794,33.476329722349014,0.0,226.9009218206328,1338.075447554675,3524.398277368155,3821.769565730125,0.0,0.0,0.0,0.0,797.7120542628802,159.54241085257604,23.753104664776952,0.0,0.0,0.0,-9.094947017729282e-13,0.0
2025-09-25 12:00:00+00:00,6,31.0,2952.3289487971765,811.8802818746385,581.9845892764748,1558.4640776460615,811.8802818746385,128.71987066840285,683.1604112062357,739.7495764592554,639.2305589036896,172.64972297094891,581.9845892764748,0.0,1558.4640776460615,0.0,929.7899038599122,290.55934495622256,2140.448666922536,2853.9315558967146,713.4828889741786,172.64972297094891,57.549907656982974,230.1996306279319,3.4529944594189783,33.04417845475486,0.0,222.2984997595209,1320.387814261079,4272.716763058255,3783.7214597566267,0.0,0.0,0.0,0.0,0.0,159.54241085257604,23.74922777744771,0.0,0.0,0.0,-2.2737367544323206e-13,0.0
2025-09-25 13:00:00+00:00,6,31.0,2912.9973999582544,800.4697599227804,573.0634040584126,1539.464235977063,800.4697599227804,126.99776419186281,673.4719957309176,739.7495764592554,630.4137403167473,170.05601960603315,573.0634040584126,0.0,1539.464235977063,0.0,916.9654404607234,286.551700143976,2112.5276400354755,2816.7035200473006,704.1758800118251,170.05601960603315,56.685339868677715,226.74135947471086,3.4011203921206627,32.586544481523006,0.0,219.25716648942466,1302.6577513875473,4763.3228349189385,3733.6689605080237,0.0,0.0,0.0,547.6676835731369,0.0,679.1055951404247,23.749182607921703,0.0,0.0,0.0,0.0,0.0
2025-09-25 14:00:00+00:00,6,31.0,2897.536658208427,801.9106382768609,574.3536131352876,1521.2724067962788,801.9106382768609,128.08598331722422,673.8246549596367,739.7495764592554,630.4937147832411,171.41692349361983,574.3536131352876,0.0,1521.2724067962788,0.0,917.0817669574416,286.58805217420047,2095.6260199315666,2794.168026575422,698.5420066438555,171.41692349361983,57.13897449787328,228.5558979914931,3.4283384698723967,32.44333246202142,0.0,219.13664277605463,1297.2773470238778,4194.814005232304,3711.249793532864,0.0,0.0,0.0,0.0,0.0,679.1055951404247,23.741160844873683,0.0,0.0,0.0,-6.821210263296962e-13,0.0
2025-09-25 15:00:00+00:00,6,31.0,2901.2151153021136,803.1092272915588,574.7192091384493,1523.3866788721061,803.1092272915588,127.8897916277914,675.2194356637674,739.7495764592554,632.3973770629414,170.71185022861744,574.7192091384493,0.0,1523.3866788721061,0.0,919.8507302733693,287.4533532104279,2098.1058880105556,2797.4745173474075,699.3686293368519,170.71185022861744,56.90395007620581,227.61580030482324,3.4142370045723482,32.47544306287455,0.0,219.44874628593948,1299.064358976872,4997.991528541865,3717.3252476207767,0.0,0.0,0.0,797.7120542628802,0.0,1435.8816976731844,23.749873788519654,0.0,0.0,0.0,-1.1368683772161603e-12,0.0
2025-09-25 16:00:00+00:00,6,31.0,2901.737994427714,802.6217286141708,573.8716783146683,1525.2445874988753,802.6217286141708,127.9341434663928,674.687585147778,739.7495764592554,631.3681588951599,171.2535697190109,573.8716783146683,0.0,1525.2445874988753,0.0,918.3536856656872,286.9855267705272,2099.1162658135436,2798.8216877513914,699.7054219378479,171.2535697190109,57.0845232396703,228.3380929586812,3.425071394380218,32.46859622442881,0.0,219.39060596906415,1299.0597455359186,4200.797739963631,3717.175373417079,0.0,0.0,0.0,0.0,0.0,1435.8816976731844,23.7480064381359,0.0,0.0,0.0,-1.5916157281026244e-12,0.0
2025-09-25 17:00:00+00:00,6,31.0,2922.2616041557385,807.7343223981087,577.7124807658822,1536.8148009917484,807.7343223981087,128.70761194039332,679.0267104577154,739.7495764592554,634.9726217622743,172.76170063583436,577.7124807658822,0.0,1536.8148009917484,0.0,923.5965407451264,288.623918982852,2114.5272817576306,2819.369709010174,704.8424272525435,172.76170063583436,57.58723354527812,230.34893418111247,3.4552340127166867,32.69952243289395,0.0,220.83002282137966,1308.038359047664,4230.299963203402,3742.9662497553004,0.0,0.0,0.0,0.0,0.0,1435.8816976731844,23.744373608482633,0.0,0.0,0.0,-9.094947017729282e-13,0.0
2025-09-25 18:00:00+00:00,6,31.0,2984.318557264252,825.9343307881427,591.7580519946513,1566.626174481459,825.9343307881427,130.94604870475288,694.9882820833898,739.7495764592554,650.5177613899772,175.4165693981655,591.7580519946513,0.0,1566.626174481459,0.0,946.207652930876,295.6898915408987,2158.38422647611,2877.84563530148,719.46140882537,175.4165693981655,58.4721897993885,233.888759197554,3.50833138796331,33.419003304654126,0.0,225.64877787537583,1336.1996027336504,3522.8061057350224,3824.053288232356,0.0,0.0,0.0,0.0,797.7120542628802,595.0193615256736,23.742121677215767,0.0,0.0,0.0,0.0,0.0
2025-09-25 19:00:00+00:00,6,31.0,3005.1735252236713,831.6094852731773,596.3393175406247,1577.2247224098685,831.6094852731774,131.41776055423384,700.1917247189435,739.7495764592554,655.5424500631826,176.06703520999463,596.3393175406247,0.0,1577.2247224098685,0.0,953.516291000993,297.9738409378103,2173.564039950493,2898.0853866006573,724.5213466501643,176.06703520999463,58.689011736664874,234.7560469466595,3.521340704199892,33.66242675031743,0.0,227.1747349565397,1345.5427017356965,3937.5865171698324,3851.6016776016504,0.0,0.0,0.0,0.0,413.1297097895351,159.54241085257604,23.744564794854888,0.0,0.0,0.0,-4.547473508864641e-13,0.0
2025-09-25 20:00:00+00:00,6,31.0,3020.229052487607,834.9930396721303,598.5285440106212,1586.7074688048554,834.9930396721302,131.87020701306375,703.1228326590665,739.7495764592554,658.4809113733983,176.51212829873202,598.5285440106212,0.0,1586.7074688048554,0.0,957.7904165431248,299.3095051697265,2185.2360128154764,2913.648017087302,728.4120042718255,176.51212829873202,58.83737609957734,235.34950439830936,3.5302425659746404,33.82293100836719,0.0,228.17570534915035,1352.0877644646216,4372.316816952228,3871.4384336304265,0.0,0.0,0.0,0.0,0.0,159.54241085257604,23.73746967682364,0.0,0.0,0.0,-9.094947017729282e-13,0.0
2025-09-25 21:00:00+00:00,6,31.0,2950.7057417030483,813.2869177522867,582.3037428247627,1555.1150811259993,813.2869177522866,128.24692540332137,685.0399923489653,739.7495764592554,641.2370519946321,172.04986575765463,582.3037428247627,0.0,1555.1150811259993,0.0,932.7084392649194,291.4713872702873,2137.418823950762,2849.891765267683,712.4729413169207,172.04986575765463,57.349955252551545,229.39982101020618,3.440997315153093,33.02026309600288,0.0,222.48602893352415,1320.2415731844399,4270.947314887487,3782.600204532602,0.0,0.0,0.0,0.0,0.0,159.54241085257604,23.74103321294767,0.0,0.0,0.0,-1.3642420526593924e-12,0.0
2025-09-25 22:00:00+00:00,6,31.0,3008.2873212151394,831.3087882351548,596.2596107178605,1580.7189222621214,831.3087882351548,130.99247884546966,700.3163093896851,739.7495764592554,656.1540182608379,175.15476997431688,596.2596107178605,0.0,1580.7189222621214,0.0,954.405844743037,298.2518264821991,2176.978532979982,2902.6380439733093,725.6595109933273,175.15476997431688,58.384923324772295,233.53969329908918,3.5030953994863374,33.69497754415703,0.0,227.1830748767179,1346.67740862066,4354.9647298357995,3857.0438887163464,0.0,0.0,0.0,0.0,0.0,159.54241085257604,23.74042849656995,0.0,0.0,0.0,2.2737367544323206e-13,0.0
2025-09-25 23:00:00+00:00,6,31.0,3018.9215469377955,836.7158315891647,600.1011545674838,1582.1045607811466,836.7158315891647,132.49675713112717,704.2190744580375,739.7495764592554,659.2056176675145,177.51021392165023,600.1011545674838,0.0,1582.1045607811466,0.0,958.844534789112,299.6389171215975,2182.2057153486303,2909.6076204648402,727.4019051162101,177.51021392165023,59.170071307216745,236.68028522886698,3.5502042784330046,33.82408024483598,0.0,228.45512799086475,1352.040306059158,4370.961852996954,3868.4521552539522,0.0,0.0,0.0,0.0,0.0,159.54241085257604,23.739858107893134,0.0,0.0,0.0,4.547473508864641e-13,0.0
2025-10-25 00:00:00+00:00,7,36.0,2528.7797424181535,686.0739739994516,477.92069205973695,1364.7850763589631,686.0739739994517,108.23968370711094,577.8342902923407,739.7495764592554,536.1985325806874,149.87544141876424,477.92069205973695,0.0,1364.7850763589631,0.0,779.9251382991816,243.72660571849426,1842.7057684187,2456.9410245582667,614.2352561395667,149.87544141876424,49.958480472921416,199.83392189168566,2.9975088283752847,27.98547152538174,0.0,189.05121961236011,1127.9545422970996,3656.7342847152527,3236.866162857448,0.0,0.0,0.0,0.0,0.0,159.54241085257604,23.757356796098442,0.0,0.0,0.0,-4.547473508864641e-13,0.0
2025-10-25 01:00:00+00:00,7,36.0,2517.520352218336,681.9992927358636,474.8346613657724,1360.6863981167014,681.9992927358636,107.79461227462343,574.2046804612402,739.7495764592554,532.8478503115774,149.1514424242862,474.8346613657724,0.0,1360.6863981167014,0.0,775.0514186350217,242.20356832344427,1835.521059482474,2447.3614126432985,611.8403531608246,149.1514424242862,49.717147474762065,198.86858989904826,2.983028848485724,27.851903822140187,0.0,188.0435867647937,1122.6395883944506,4437.871994875667,3222.4128312783205,0.0,0.0,0.0,797.7120542628802,0.0,916.3185133853357,23.753550762036618,0.0,0.0,0.0,2.2737367544323206e-13,0.0
2025-10-25 02:00:00+00:00,7,36.0,2536.9740567440685,681.0223329553071,475.9364875304571,1380.0152362583046,681.0223329553071,107.34182290952945,573.6805100457776,739.7495764592554,533.3547356960089,147.6675972592982,475.9364875304571,0.0,1380.0152362583046,0.0,775.788706466922,242.4339707709131,1855.9517237887617,2474.6022983850153,618.6505745962538,147.6675972592982,49.22253241976606,196.89012967906424,2.953351945185964,28.07824698849676,0.0,188.32939821673293,1129.6680749373486,3666.642131681417,3250.3910048519374,0.0,0.0,0.0,0.0,0.0,916.3185133853357,23.75385921439794,0.0,0.0,0.0,0.0,0.0
2025-10-25 03:00:00+00:00,7,36.0,2490.5298133950173,670.001826814659,467.14428003702807,1353.3837065433288,670.0018268146591,105.44939958567349,564.5524272289856,739.7495764592554,524.2151705436609,145.78665627099815,467.14428003702807,0.0,1353.3837065433288,0.0,762.4947935180522,238.27962297439132,1820.5279865803568,2427.370648773809,606.8426621934523,145.78665627099815,48.59555209033272,194.38220836133087,2.9157331254199628,27.54816546654413,0.0,185.15715401418618,1109.3388898643266,4147.536386832479,3189.865442291861,0.0,0.0,0.0,547.6676835731369,0.0,1435.8816976731844,23.764604040326645,0.0,0.0,0.0,-1.3642420526593924e-12,0.0
2025-10-25 04:00:00+00:00,7,36.0,2491.2758855604698,669.259801761541,466.58683505594195,1355.4292487429882,669.259801761541,105.35589287650443,563.9039088850366,739.7495764592554,523.6115758953667,145.64822586617424,466.58683505594195,0.0,1355.4292487429882,0.0,761.616837665988,238.00526177062125,1822.0160837989301,2429.354778398573,607.3386945996433,145.64822586617424,48.54940862205808,194.19763448823232,2.9129645173234846,27.55189753910814,0.0,185.04617313487324,1109.4044001836273,3600.6802857440966,3190.971616064561,0.0,0.0,0.0,0.0,0.0,1435.8816976731844,23.762114811565812,0.0,0.0,0.0,-4.547473508864641e-13,0.0
2025-10-25 05:00:00+00:00,7,36.0,2514.2272191741786,673.8170929224818,470.1747485788918,1370.2353776728048,673.8170929224817,106.10398692323828,567.7131059992435,739.7495764592554,527.2574472100141,146.55964571246773,470.1747485788918,0.0,1370.2353776728048,0.0,766.919923214566,239.66247600455185,1840.4101262516965,2453.880168335595,613.4700420838988,146.55964571246773,48.853215237489245,195.41286094995698,2.9311929142493547,27.807596234094802,0.0,186.45562003765784,1119.180142511942,3633.40736168612,3220.800091550161,0.0,0.0,0.0,0.0,0.0,1435.8816976731844,23.75843090653743,0.0,0.0,0.0,-4.547473508864641e-13,0.0
2025-10-25 06:00:00+00:00,7,36.0,2544.3729493899773,683.0655379268628,477.5854059945573,1383.7220054685579,683.0655379268629,107.30362041921647,575.7619175076464,739.7495764592554,534.8757619888896,148.1897759379732,477.5854059945573,0.0,1383.7220054685579,0.0,778.0011083474758,243.12534635858617,1861.3074114631152,2481.7432152841534,620.4358038210383,148.1897759379732,49.3965919793244,197.5863679172976,2.963795518759464,28.1647822345223,0.0,188.86130909256252,1132.947629004793,3677.320578394769,3259.7443236316294,0.0,0.0,0.0,0.0,0.0,1435.8816976731844,23.756746354187786,0.0,0.0,0.0,-1.1368683772161603e-12,0.0
2025-10-25 07:00:00+00:00,7,36.0,2526.457168777455,674.0854355427776,473.498369315955,1378.873363918723,674.0854355427776,105.78815168424602,568.2972838585316,739.7495764592554,528.742939470546,145.3424960722316,473.498369315955,0.0,1378.873363918723,0.0,769.0806392298852,240.3376997593391,1852.371733234678,2469.828977646237,617.4572444115593,145.3424960722316,48.44749869074386,193.78999476297545,2.9068499214446315,27.993684718665882,0.0,186.73159844450572,1123.8745759462586,3650.331744723713,3238.909616876122,0.0,0.0,0.0,0.0,0.0,1435.8816976731844,23.759755320482384,0.0,0.0,0.0,-4.547473508864641e-13,0.0
2025-10-25 08:00:00+00:00,7,36.0,2488.024131698533,660.7830922996874,464.9820120770673,1362.259027321779,660.7830922996874,103.63294892963552,557.1501433700519,739.7495764592554,518.666274824105,142.11681747558237,464.9820120770673,0.0,1362.259027321779,0.0,754.4236724714254,235.75739764732043,1827.2410393988464,2436.3213858651284,609.0803464662821,142.11681747558237,47.37227249186079,189.48908996744316,2.842336349511647,27.572050635529813,0.0,183.32583083141418,1105.9502344219188,3593.974366120451,3190.745058336554,0.0,0.0,0.0,0.0,0.0,1435.8816976731844,23.76462325347471,0.0,0.0,0.0,-6.821210263296962e-13,0.0
2025-10-25 09:00:00+00:00,7,36.0,2511.5316420559743,666.0894647722907,469.9725747533475,1375.4696025303351,666.0894647722906,104.57651053539499,561.5129542368957,739.7495764592554,523.0892870909878,143.00017768130294,469.9725747533475,0.0,1375.4696025303351,0.0,760.8571448596186,237.76785776863082,1845.4421772836827,2460.5895697115766,615.1473924278941,143.00017768130294,47.66672589376765,190.6669035750706,2.8600035536260586,27.85387326790378,0.0,184.86641079487939,1116.1622637067019,3627.6939057626755,3221.446714571195,0.0,0.0,0.0,0.0,0.0,1435.8816976731844,23.76269736512339,0.0,0.0,0.0,-6.821210263296962e-13,0.0
2025-10-25 10:00:00+00:00,7,36.0,2528.253386990863,672.2529332170004,473.17268696965436,1382.8277668042072,672.2529332170003,105.61933455646523,566.6335986605351,739.7495764592554,527.6984131983892,144.55452001861124,473.17268696965436,0.0,1382.8277668042072,0.0,767.5613282885661,239.8629150901769,1856.0004537738614,2474.6672716984817,618.6668179246204,144.55452001861124,48.18484000620375,192.739360024815,2.891090400372225,28.023458277131702,0.0,186.43849954866187,1124.0676212471667,3239.191298448495,3242.228599987048,0.0,0.0,0.0,0.0,413.1297097895351,1000.4047470000868,23.760458435862745,0.0,0.0,0.0,4.547473508864641e-13,0.0
2025-10-25 11:00:00+00:00,7,36.0,2512.5000461809145,666.5930650587433,469.512203032162,1376.3947780900098,666.5930650587433,104.50430041621107,562.0887646425322,739.7495764592554,523.648252850415,142.94481220832824,469.512203032162,0.0,1376.3947780900098,0.0,761.6701859642401,238.021933113825,1845.9069811221718,2461.2093081628955,615.3023270407239,142.94481220832824,47.64827073610942,190.59308294443767,2.858896244166565,27.84931387186496,0.0,184.99828582375656,1116.6790268304464,2831.467018748481,3222.8794941271353,0.0,0.0,0.0,0.0,797.7120542628802,159.54241085257604,23.76875234750886,0.0,0.0,0.0,6.821210263296962e-13,0.0
2025-10-25 12:00:00+00:00,7,36.0,2404.621778597998,641.3022545057416,447.89913277276037,1315.4203913194956,641.3022545057416,100.7270195898177,540.5752349159239,739.7495764592554,502.4234622223407,138.87879228340097,447.89913277276037,0.0,1315.4203913194956,0.0,730.7977632324955,228.37430101015485,1763.319524092256,2351.0926987896746,587.7731746974187,138.87879228340097,46.292930761133654,185.17172304453462,2.7775758456680193,26.59117789637777,0.0,177.74765044057142,1069.5568106513242,3474.1785892493217,3081.89046202217,0.0,0.0,0.0,0.0,0.0,159.54241085257604,23.771874992188895,0.0,0.0,0.0,-4.547473508864641e-13,0.0
2025-10-25 13:00:00+00:00,7,36.0,2420.1149006663345,643.276377466814,450.03333944083164,1326.8051837586886,643.276377466814,101.02081160643283,542.2555658603811,739.7495764592554,504.14199911309265,139.13437835372133,450.03333944083164,0.0,1326.8051837586886,0.0,733.2974532554075,229.15545414231482,1776.8385231995203,2369.1180309326937,592.2795077331734,139.13437835372133,46.37812611790711,185.51250447162843,2.782687567074426,26.769052020811834,0.0,178.48656684490982,1075.8513944261913,4043.633978665662,3102.4154841881013,0.0,0.0,0.0,547.6676835731369,0.0,679.1055951404247,23.764915156530023,0.0,0.0,0.0,-4.547473508864641e-13,0.0
2025-10-25 14:00:00+00:00,7,36.0,2432.1762087706884,646.7738795708927,452.9522793604207,1332.450049839375,646.7738795708926,101.48450399888276,545.2893755720099,739.7495764592554,507.02340249464834,139.7504770762444,452.9522793604207,0.0,1332.450049839375,0.0,737.4885854467612,230.46518295211288,1785.4023291997955,2380.5364389330607,595.1341097332652,139.7504770762444,46.58349235874814,186.33396943499255,2.7950095415248883,26.91306887920637,0.0,179.41131966637633,1081.3021831312337,3513.478391901922,3118.025024379822,0.0,0.0,0.0,0.0,0.0,679.1055951404247,23.76468917813218,0.0,0.0,0.0,-2.2737367544323206e-13,0.0
2025-10-25 15:00:00+00:00,7,36.0,2433.220030783311,647.3779620955429,452.62141029436157,1333.220658393407,647.3779620955429,101.59526997948984,545.782692116053,739.7495764592554,507.2572211070689,140.12074098847398,452.62141029436157,0.0,1333.220658393407,0.0,737.8286852466457,230.57146413957676,1785.8420686877685,2381.122758250358,595.2806895625895,140.12074098847398,46.70691366282466,186.82765465129864,2.8024148197694796,26.910848892764918,0.0,179.56543481773667,1081.837765895262,4312.769850941453,3118.9514434970038,0.0,0.0,0.0,797.7120542628802,0.0,1435.8816976731844,23.763680491817755,0.0,0.0,0.0,0.0,0.0
2025-10-25 16:00:00+00:00,7,36.0,2473.2096265882515,657.568183985923,459.3432930800295,1356.2981495223,657.5681839859229,103.00039176597593,554.567792219947,739.7495764592554,515.5306124057191,142.03757158020392,459.3432930800295,0.0,1356.2981495223,0.0,749.8627089537733,234.33209654805415,1815.6414426023296,2420.855256803106,605.2138142007765,142.03757158020392,47.34585719340131,189.38342877360523,2.8407514316040783,27.343280287623887,0.0,182.4391329901156,1099.5149326515755,3572.7245592398267,3170.7179657568795,0.0,0.0,0.0,0.0,0.0,1435.8816976731844,23.761693469636434,0.0,0.0,0.0,-2.2737367544323206e-13,0.0
2025-10-25 17:00:00+00:00,7,36.0,2468.5778610092766,656.3049454908614,458.48423760458024,1353.7886779138357,656.3049454908614,102.93491255687945,553.370032933982,739.7495764592554,514.5091046187313,141.79584087213016,458.48423760458024,0.0,1353.7886779138357,0.0,748.3768794454273,233.86777482669604,1812.272915518416,2416.363887357888,604.090971839472,141.79584087213016,47.26528029071005,189.0611211628402,2.835916817442603,27.292413907275765,0.0,182.09700545145176,1097.4493631330483,3566.027224142325,3164.740766803315,0.0,0.0,0.0,0.0,0.0,1435.8816976731844,23.756690933603284,0.0,0.0,0.0,0.0,0.0
2025-10-25 18:00:00+00:00,7,36.0,2443.485067689006,651.0875585038142,454.92298845323245,1337.47452073196,651.0875585038142,101.93223564486816,549.1553228589461,739.7495764592554,510.83620800111987,140.25135050269432,454.92298845323245,0.0,1337.47452073196,0.0,743.0344843652653,232.19827636414539,1792.3975091851923,2389.8633455802565,597.4658363950641,140.25135050269432,46.75045016756477,187.0018006702591,2.805027010053886,27.022434860916576,0.0,180.49741199444054,1086.7394367921852,2732.5124502183094,3132.8978299455216,0.0,0.0,0.0,0.0,797.7120542628802,595.0193615256736,23.765836035340357,0.0,0.0,0.0,-1.3642420526593924e-12,0.0
2025-10-25 19:00:00+00:00,7,36.0,2479.0774094315857,658.0435412674068,459.76783674081406,1361.2660314233667,658.0435412674067,103.25404484246195,554.7894964249448,739.7495764592554,516.1271718294435,141.91636943796334,459.76783674081406,0.0,1361.2660314233667,0.0,750.7304317519178,234.60325992247428,1821.0338681641808,2428.045157552241,607.0112893880603,141.91636943796334,47.305456479321116,189.22182591728446,2.838327388759267,27.405695416458087,0.0,182.69007630322793,1101.854104898301,3167.801804540352,3178.775589304159,0.0,0.0,0.0,0.0,413.1297097895351,159.54241085257604,23.762270877503028,0.0,0.0,0.0,4.547473508864641e-13,0.0
2025-10-25 20:00:00+00:00,7,36.0,2499.227206624947,665.8186660347037,465.2321795335046,1368.1763610567393,665.8186660347038,104.62450260573462,561.1941634289692,739.7495764592554,522.1260782702192,143.69258776448453,465.2321795335046,0.0,1368.1763610567393,0.0,759.4561138475916,237.33003557737237,1833.408540590244,2444.544720786992,611.136180196748,143.69258776448453,47.89752925482818,191.59011701931271,2.8738517552896905,27.63872899657253,0.0,184.61061078253096,1111.4869365633417,3610.7141431882874,3204.0008346345835,0.0,0.0,0.0,0.0,0.0,159.54241085257604,23.751298551402087,0.0,0.0,0.0,-1.3642420526593924e-12,0.0
2025-10-25 21:00:00+00:00,7,36.0,2539.409197134827,679.0358575963561,473.5551915017363,1386.8181480367355,679.0358575963562,106.445277351999,572.5905802443572,739.7495764592554,532.4972565538161,146.53860104254,473.5551915017363,0.0,1386.8181480367355,0.0,774.541464078278,242.04420752446185,1860.3733395384718,2480.4977860512954,620.1244465128239,146.53860104254,48.84620034751333,195.38480139005333,2.9307720208508,28.074837225419444,0.0,188.0377329482187,1130.0581965792878,3669.467393714115,3255.0392501295732,0.0,0.0,0.0,0.0,0.0,159.54241085257604,23.753460046964904,0.0,0.0,0.0,2.2737367544323206e-13,0.0
2025-10-25 22:00:00+00:00,7,36.0,2719.374850323636,727.0249042014376,509.0094886491006,1483.3404574730964,727.0249042014376,114.22999944285606,612.7949047585815,739.7495764592554,570.4730042747054,156.55189992673218,509.0094886491006,0.0,1483.3404574730964,0.0,829.7789153086625,259.305911033957,1992.349946122197,2656.466594829596,664.116648707399,156.55189992673218,52.18396664224406,208.73586656897623,3.1310379985346435,30.103689234203983,0.0,201.30232001815227,1210.143573634491,3929.5184239581267,3486.2455101382584,0.0,0.0,0.0,0.0,0.0,159.54241085257604,23.728728731252783,0.0,0.0,0.0,-4.547473508864641e-13,0.0
2025-10-25 23:00:00+00:00,7,36.0,2665.5769577284495,715.185866977536,501.49179981607773,1448.8992909348337,715.185866977536,112.52355624831817,602.6623107292178,739.7495764592554,560.7596080858087,154.42625889172723,501.49179981607773,0.0,1448.8992909348337,0.0,815.6503390339036,254.89073094809487,1950.3910907509114,2600.5214543345483,650.1303635836371,154.42625889172723,51.47541963057574,205.90167852230297,3.0885251778345446,29.53374690383067,0.0,197.75735694193818,1186.8761431859111,3852.4531009143607,3416.1717933684517,0.0,0.0,0.0,0.0,0.0,159.54241085257604,23.734566241718785,0.0,0.0,0.0,0.0,0.0
2025-12-05 00:00:00+00:00,8,47.0,3313.760256430499,949.5131509090193,685.7999495359611,1678.4471559855178,949.5131509090193,149.4167460332379,800.0964048757813,739.7495764592554,746.4293562706155,203.0837946384038,685.7999495359611,0.0,1678.4471559855178,0.0,1085.7154273027134,339.2860710320979,2364.247105521479,3152.3294740286387,788.0823685071597,203.0837946384038,67.69459821280127,270.77839285120507,4.061675892768076,37.35847004593401,0.0,256.09320140623686,1492.5763850969977,4806.336641527496,4238.044901331352,0.0,0.0,0.0,0.0,0.0,679.1055951404247,23.730414513091358,0.0,0.0,0.0,-6.821210263296962e-13,0.0
2025-12-05 01:00:00+00:00,8,47.0,3255.273607904799,925.4442583971615,669.9313350448734,1659.898014462767,925.4442583971615,144.87648580747995,780.5677725896816,739.7495764592554,728.5704105263325,196.87384787082908,669.9313350448734,0.0,1659.898014462767,0.0,1059.7387789473928,331.1683684210602,2329.8293495076405,3106.4391326768537,776.6097831692134,196.87384787082908,65.62461595694303,262.4984638277721,3.9374769574165818,36.696920195973874,0.0,250.199024743935,1464.236189444542,4719.509797349341,4166.177911624247,0.0,0.0,0.0,0.0,0.0,679.1055951404247,23.737433372458803,0.0,0.0,0.0,0.0,0.0
2025-12-05 02:00:00+00:00,8,47.0,3269.75182916589,930.2840195030059,673.8510132842408,1665.6167963786406,930.2840195030058,145.34797507586558,784.9360444271402,739.7495764592554,733.1146152476878,197.1694042553181,673.8510132842408,0.0,1665.6167963786406,0.0,1066.348531269364,333.23391602167624,2339.4678096628813,3119.290412883842,779.8226032209604,197.1694042553181,65.7231347517727,262.8925390070908,3.943388085106362,36.87169836231363,0.0,251.41740889715643,1471.012149338986,5538.476032767755,4185.638944153206,0.0,0.0,0.0,797.7120542628802,0.0,1435.8816976731844,23.73575497157917,0.0,0.0,0.0,-1.1368683772161603e-12,0.0
2025-12-05 03:00:00+00:00,8,47.0,3240.5741984163383,921.9590429999372,667.9350198914808,1650.6801355249204,921.9590429999372,144.11353499084882,777.8455080090883,739.7495764592554,726.5077351746767,195.45130782526053,667.9350198914808,0.0,1650.6801355249204,0.0,1056.7385238904387,330.23078871576206,2318.615155416401,3091.486873888535,772.8717184721337,195.45130782526053,65.15043594175351,260.60174376701406,3.909026156505211,36.54485195199363,0.0,249.17046328311875,1457.877284521267,4698.451482937607,4148.225397778973,0.0,0.0,0.0,0.0,0.0,1435.8816976731844,23.738663399405596,0.0,0.0,0.0,1.3642420526593924e-12,0.0
2025-12-05 04:00:00+00:00,8,47.0,3244.6578009155373,922.59054663456,667.4172537061436,1654.6500005748337,922.59054663456,144.6231610772977,777.9673855572623,739.7495764592554,726.1470540155685,196.4434926189915,667.4172537061436,0.0,1654.6500005748337,0.0,1056.213896749918,330.06684273434934,2322.067254280977,3096.089672374636,774.022418093659,196.4434926189915,65.4811642063305,261.924656825322,3.92886985237983,36.56901761693264,0.0,249.4342734489533,1459.5025859526045,4704.160386868143,4152.303569124554,0.0,0.0,0.0,0.0,0.0,1435.8816976731844,23.737854856990182,0.0,0.0,0.0,1.3642420526593924e-12,0.0
2025-12-05 05:00:00+00:00,8,47.0,3213.546996667924,916.8236874747779,663.9689404089924,1632.7543687841542,916.8236874747779,143.53721827823682,773.2864691965411,739.7495764592554,721.9555100481264,194.86817742665153,663.9689404089924,0.0,1632.7543687841542,0.0,1050.1171055245475,328.16159547642104,2296.7233091931466,3062.297745590862,765.5744363977155,194.86817742665153,64.95605914221717,259.8242365688687,3.89736354853303,36.24661190011131,0.0,247.56032391530363,1446.3963903803017,4659.943387048225,4112.41485111541,0.0,0.0,0.0,0.0,0.0,1435.8816976731844,23.739896194260403,0.0,0.0,0.0,-2.2737367544323206e-13,0.0
2025-12-05 06:00:00+00:00,8,47.0,3231.6086361001035,921.3954940178677,664.3948742061534,1645.8182678760832,921.3954940178678,143.63067931808425,777.7648146997835,739.7495764592554,725.6713664501362,195.72412756773144,664.3948742061534,0.0,1645.8182678760832,0.0,1055.5219875638345,329.85062111369825,2310.2131420822366,3080.284189442982,770.0710473607455,195.72412756773144,65.24137585591048,260.9655034236419,3.9144825513546286,36.39002890494544,0.0,248.89257359176727,1454.3601293784216,4685.968765478526,4135.806177006816,0.0,0.0,0.0,0.0,0.0,1435.8816976731844,23.74347472663192,0.0,0.0,0.0,6.821210263296962e-13,0.0
2025-12-05 07:00:00+00:00,8,47.0,3273.6988613332783,934.8688916873524,676.7416110432819,1662.0883586026434,934.8688916873523,145.7709594070367,789.0979322803156,739.7495764592554,738.1328840204056,196.73600766694676,676.7416110432819,0.0,1662.0883586026434,0.0,1073.6478313024081,335.51494728200254,2338.8299696459253,3118.4399595279,779.609989881975,196.73600766694676,65.57866922231558,262.31467688926233,3.934720153338935,36.923131917324895,0.0,252.3430572098213,1473.9045156667785,4747.603377000056,4192.087790830308,0.0,0.0,0.0,0.0,0.0,1435.8816976731844,23.744403255124976,0.0,0.0,0.0,-9.094947017729282e-13,0.0
2025-12-05 08:00:00+00:00,8,47.0,3289.965582270757,943.5223577169966,682.0066533261397,1664.4365712276192,943.5223577169966,147.55196087895922,795.9703968380373,739.7495764592554,743.6668657747354,199.8554919422612,682.0066533261397,0.0,1664.4365712276192,0.0,1081.697259308706,338.0303935339706,2346.443224553759,3128.590966071679,782.1477415179197,199.8554919422612,66.61849731408707,266.47398925634826,3.997109838845224,37.10456531206039,0.0,254.3497657590059,1482.248073275889,4772.213655546646,4210.288225380385,0.0,0.0,0.0,0.0,0.0,1435.8816976731844,23.74385063179018,0.0,0.0,0.0,0.0,0.0
2025-12-05 09:00:00+00:00,8,47.0,3246.17856726729,928.7260928113875,671.9938158107566,1645.4586586451433,928.7260928113876,145.47801164259084,783.2480811687967,739.7495764592554,731.6683118260279,197.0577809853596,671.9938158107566,0.0,1645.4586586451433,0.0,1064.2448172014952,332.5765053754672,2317.4524744559,3089.936632607866,772.4841581519665,197.0577809853596,65.68592699511987,262.7437079804795,3.941155619707192,36.61440106077413,0.0,250.5592910010056,1461.8614382040405,4708.040005471329,4154.181449809361,0.0,0.0,0.0,0.0,0.0,1435.8816976731844,23.743205788545875,0.0,0.0,0.0,-1.3642420526593924e-12,0.0
2025-12-05 10:00:00+00:00,8,47.0,3249.987944525909,929.0299664159404,671.5868604520894,1649.3711176578815,929.0299664159404,145.2699656096671,783.7600008062733,739.7495764592554,732.3686237901261,196.6613426258143,671.5868604520894,0.0,1649.3711176578815,0.0,1065.263452785638,332.8948289955119,2320.957978109971,3094.610637479961,773.6526593699903,196.6613426258143,65.55378087527144,262.21512350108577,3.9332268525162863,36.6413169901415,0.0,250.71930314846753,1463.395116231899,4300.2533509682735,4159.874090265599,0.0,0.0,0.0,0.0,413.1297097895351,1000.4047470000868,23.742454534565336,0.0,0.0,0.0,4.547473508864641e-13,0.0
2025-12-05 11:00:00+00:00,8,47.0,3187.5281264695495,915.2529894974514,665.924710249496,1606.3504267226003,915.2529894974514,143.56417558892844,771.6888139085229,739.7495764592554,723.0750336065245,192.1779558909269,665.924710249496,0.0,1606.3504267226003,0.0,1051.745503427672,328.6704698211475,2272.2751369720963,3029.700182629462,757.4250456573654,192.1779558909269,64.05931863030897,256.23727452123586,3.843559117818538,36.041245574710885,0.0,246.55028835715154,1436.589927158503,3826.405999365173,4081.4456860571336,0.0,0.0,0.0,0.0,797.7120542628802,159.54241085257604,23.754092983750823,0.0,0.0,0.0,9.094947017729282e-13,0.0
2025-12-05 12:00:00+00:00,8,47.0,3315.267657587318,948.9391035924452,689.0363695886552,1677.292184406218,948.9391035924453,148.67633449153854,800.2627691009068,739.7495764592554,748.9177350395922,200.021368552853,689.0363695886552,0.0,1677.292184406218,0.0,1089.334887330316,340.4171522907237,2366.3285539948733,3155.104738659831,788.7761846649578,200.021368552853,66.67378951761766,266.69515807047065,4.00042737105706,37.44401293172184,0.0,255.92055768109364,1493.2321244571717,4808.49978204449,4244.439625990147,0.0,0.0,0.0,0.0,0.0,159.54241085257604,23.74233803281016,0.0,0.0,0.0,0.0,0.0
2025-12-05 13:00:00+00:00,8,47.0,3332.0630603017357,948.237023982061,685.2039356178783,1698.6221007017982,948.237023982061,148.68426681033625,799.5527571717248,739.7495764592554,746.5627745888019,201.67424939325917,685.2039356178783,0.0,1698.6221007017982,0.0,1085.9094903109844,339.34671572218264,2383.8260363196764,3178.4347150929016,794.6086787732254,201.67424939325917,67.22474979775306,268.89899919101225,4.033484987865184,37.54233907555433,0.0,256.3209626919138,1499.0769310484943,4831.13999135023,4264.344205403886,0.0,0.0,0.0,0.0,0.0,159.54241085257604,23.736209270414403,0.0,0.0,0.0,0.0,0.0
2025-12-05 14:00:00+00:00,8,47.0,3276.583242998947,930.6987943389812,672.751317341708,1673.1331313182577,930.6987943389813,146.23005403526176,784.4687403037195,739.7495764592554,732.706462507712,197.9923318312692,672.751317341708,0.0,1673.1331313182577,0.0,1065.754854556672,333.04839204895995,2345.8844486599655,3127.8459315466207,781.9614828866552,197.9923318312692,65.99744394375641,263.98977577502563,3.959846636625384,36.91387083343382,0.0,251.756860626551,1473.6378969759817,5297.888823548066,4193.600786103292,0.0,0.0,0.0,547.6676835731369,0.0,679.1055951404247,23.74457496926436,0.0,0.0,0.0,9.094947017729282e-13,0.0
2025-12-05 15:00:00+00:00,8,47.0,3241.7336253367407,915.8512439872171,666.2034860742261,1659.6788952752966,915.8512439872172,144.66123281250128,771.1900111747159,739.7495764592554,721.02128178163,194.8299622055871,666.2034860742261,0.0,1659.6788952752966,0.0,1048.7582280460074,327.7369462643773,2325.882381349523,3101.17650846603,775.2941271165075,194.8299622055871,64.9433207351957,259.7732829407828,3.8965992441117416,36.58289353497975,0.0,248.12959653928016,1456.583483434452,5496.029163034071,4149.9347365120375,0.0,0.0,0.0,797.7120542628802,0.0,1435.8816976731844,23.73470582149381,0.0,0.0,0.0,-2.2737367544323206e-12,0.0
2025-12-05 16:00:00+00:00,8,47.0,3285.9808779116343,928.7506492083671,679.3181070875548,1677.9121216157105,928.7506492083671,147.34041492446838,781.4102342838987,739.7495764592554,732.6123058683189,196.1383433400482,679.3181070875548,0.0,1677.9121216157105,0.0,1065.6178994448276,333.0055935765086,2357.2302287032653,3142.9736382710203,785.7434095677551,196.1383433400482,65.37944778001606,261.51779112006426,3.9227668668009636,37.15866442878375,0.0,251.5351187414629,1476.7450009613274,4762.7258788729605,4208.591537715848,0.0,0.0,0.0,0.0,0.0,1435.8816976731844,23.720669172915954,0.0,0.0,0.0,-1.1368683772161603e-12,0.0
2025-12-05 17:00:00+00:00,8,47.0,3258.13848750876,919.0957496699108,671.1649244913136,1667.877813347535,919.0957496699108,146.0707275364,773.0250221335108,739.7495764592554,723.8033002253461,195.29244944456468,671.1649244913136,0.0,1667.877813347535,0.0,1052.804800327776,329.00150010243,2339.0427378388486,3118.7236504517978,779.6809126129494,195.29244944456468,65.09748314818823,260.3899325927529,3.905848988891294,36.81372586821476,0.0,249.12096164546116,1463.6204323661348,4721.758919874895,4171.528450779574,0.0,0.0,0.0,0.0,0.0,1435.8816976731844,23.718708103294375,0.0,0.0,0.0,-2.2737367544323206e-13,0.0
2025-12-05 18:00:00+00:00,8,47.0,3197.7869855633876,898.2705393378019,655.5745677417437,1643.9418784838435,898.2705393378019,142.7917121527916,755.4788271850103,739.7495764592554,706.8969712735031,191.37356806429875,5.899425092581157e-12,655.5745677417378,1643.9418784838435,0.0,1028.2137763978228,321.3168051243196,1643.9418784838495,2191.9225046451324,547.9806261612831,191.37356806429875,63.79118935476625,910.7393251608029,13.661089877412042,29.55091013967337,13.111491354834756,243.83939366593646,1233.2515056782258,4431.038491241612,3057.126026356173,163.01025468678236,0.0,154.85974195244327,0.0,0.0,1435.8816976731844,23.720279964861465,0.0,0.0,0.0,-1.3642420526593924e-12,8.526512829121202e-14
2025-12-05 19:00:00+00:00,8,47.0,3215.358481917195,901.650039412359,657.0236407537705,1656.6848017510633,901.6500394123591,142.5994029554103,759.0506364569487,739.7495764592554,710.0274152408282,191.6226241715308,0.0,657.0236407537705,1656.6848017510633,0.0,1032.7671494412048,322.73973420037646,1656.6848017510633,2208.9130690014176,552.2282672503544,191.6226241715308,63.87420805717693,912.5204729824782,13.687807094737172,29.707320832586042,13.140472815075409,244.89673168017572,1240.2745419304822,4042.5033140581418,2506.3521639949527,735.3280544476697,0.0,853.1116741938247,0.0,413.1297097895351,1000.4047470000868,23.733849406796786,0.0,0.0,0.0,-6.821210263296962e-13,0.0
2025-12-05 20:00:00+00:00,8,47.0,3350.7519629627786,938.0609972618146,686.1409880260308,1726.5499776749307,938.0609972618146,147.5006586941312,790.5603385676834,739.7495764592554,741.3322937663386,196.728703495476,5.899425092581157e-12,686.1409880260248,1726.5499776749307,0.0,1078.3015182055833,336.9692244392448,1726.5499776749366,2302.0666368999155,575.5166592249789,196.728703495476,65.576234498492,948.4459260199928,14.226688890299892,30.98831953726998,13.722819760520498,254.83834654063259,1291.8382928914384,3844.8782015913366,4189.203333408664,0.0,808.8351783031652,0.0,0.0,797.7120542628802,159.54241085257604,23.736630072436306,0.0,0.0,0.0,-4.547473508864641e-13,0.0
2025-12-05 21:00:00+00:00,8,47.0,3339.1010558841294,936.3002170276104,682.4697874518421,1720.3310514046789,936.3002170276104,147.35575525876456,788.9444617688458,739.7495764592554,738.7817272539799,197.51848977363056,682.4697874518421,0.0,1720.3310514046789,0.0,1074.5916032785162,335.8098760245363,2402.800838856521,3203.7344518086943,800.9336129521736,197.51848977363056,65.83949659121019,263.35798636484077,3.9503697954726116,37.67740413760205,0.0,254.28030763531353,1498.4910671363082,4837.592123020437,4278.326055087211,0.0,0.0,0.0,0.0,0.0,159.54241085257604,23.735202575548755,0.0,0.0,0.0,-9.094947017729282e-13,0.0
2025-12-05 22:00:00+00:00,8,47.0,3279.836809560675,920.0208035712653,670.9923373720006,1688.8236686174123,920.0208035712653,144.8681904382576,775.1526131330077,739.7495764592554,725.9946574091575,194.0261461621078,670.9923373720006,0.0,1688.8236686174123,0.0,1055.9922289587746,329.997571549617,2359.816005989413,3146.4213413192174,786.6053353298043,194.0261461621078,64.67538205403594,258.70152821614374,3.880522923242156,37.018006807334146,0.0,249.82100520736896,1471.9978238714025,4751.834633432076,4202.413570277992,0.0,0.0,0.0,0.0,0.0,159.54241085257604,23.73823600510187,0.0,0.0,0.0,-1.8189894035458565e-12,0.0
2025-12-05 23:00:00+00:00,8,47.0,3122.4725653333685,879.145034116525,638.4300101021689,1604.8975211146771,879.145034116525,138.5671015045693,740.5779326119557,739.7495764592554,693.0908246150719,186.0542095014531,638.4300101021689,0.0,1604.8975211146771,0.0,1008.1321085310137,315.0412839159418,2243.327531216846,2991.1033749557946,747.7758437389487,186.0542095014531,62.0180698338177,248.0722793352708,3.7210841900290617,35.20187551421184,0.0,238.49246579928166,1402.2506229922308,5072.390871898736,3999.2354834868083,0.0,0.0,0.0,547.6676835731369,0.0,679.1055951404247,23.753321152747,0.0,0.0,0.0,-2.2737367544323206e-13,0.0
