timestamp_hour_utc,representative_day_id,day_weight,it_load_kw,q_air_kw,q_cp_kw,q_rdhx_kw,s_air_kw,s_air_old_kw,s_air_new_kw,old_ac_capacity_eff_kw,q_air_to_ashp_kw,q_air_to_reject_kw,q_cp_to_wshp_kw,q_cp_to_free_kw,q_rdhx_to_wshp_kw,q_rdhx_to_chiller_kw,q_ashp_out_kw,p_ashp_kw,q_wshp_in_kw,q_wshp_out_kw,p_wshp_kw,q_chiller_evap_kw,p_chiller_kw,q_tower_kw,p_tower_kw,p_pump_kw,p_cdu_free_kw,p_terminal_kw,p_cooling_kw,p_grid_kw,q_heat_kw,q_tes_ch_kw,q_tes_dis_kw,e_tes_kwh,p_bess_ch_kw,p_bess_dis_kw,e_bess_kwh,max_theta_c,hotspot_slack_c,hotspot_penalty_yuan,bess_degradation_cost_yuan,power_balance_residual_kw,heat_balance_residual_kw
2025-01-15 00:00:00+00:00,0,71.0,2808.3800211662774,1223.315697626367,994.3410809529296,590.7232425869801,1223.3156976262753,241.95761720794272,981.3580804183327,1201.652553583143,957.6698847304604,265.6458128959092,994.3410809529296,0.0,590.7232425869801,0.0,1392.9743777897606,435.30449305930017,1585.0643235399098,2113.419098053213,528.3547745133033,265.64581289590626,88.54860429863541,354.19441719454164,5.312916257918125,35.737464854457684,0.0,286.5525947172064,1379.810847700821,4188.190868867098,3506.3934758429737,0.0,0.0,0.0,0.0,0.0,20739.719619052463,24.044748518302917,0.0,0.0,0.0,0.0,0.0
2025-01-15 01:00:00+00:00,0,71.0,2850.3519168317885,1238.3885466625864,1012.1251900927426,599.838180076457,1238.3885466624988,246.94940101360322,991.4391456488955,1201.652553583143,971.0313303367379,267.357216325851,1012.1251900927426,0.0,599.838180076457,0.0,1412.409207762528,441.37787742579,1611.9633701691996,2149.284493558933,537.3211233897332,267.35721632584807,89.11907210861602,356.4762884344641,5.347144326516961,36.36213750354685,0.0,290.19583679213065,1399.7231915463337,4250.0751083781215,3561.693701321461,0.0,0.0,0.0,0.0,0.0,20739.719619052463,24.047500012974407,0.0,0.0,0.0,-6.821210263296962e-13,0.0
2025-01-15 02:00:00+00:00,0,71.0,2878.6567769324,1247.937060373716,1022.525165065201,608.1945514934829,1247.937060373628,250.0373440495592,997.8997163240688,1201.652553583143,980.2679493665581,267.66911100716027,1022.525165065201,0.0,608.1945514934829,0.0,1425.8442899877211,445.57634062116284,1630.719716558684,2174.2929554115785,543.5732388528946,267.6691110071574,89.22303700238581,356.89214800954323,5.353382220143148,36.75770046689086,0.0,292.56169716720933,1413.0453963306866,4291.7021732630865,3600.1372453993,0.0,0.0,0.0,0.0,0.0,20739.719619052463,24.049392877209794,0.0,0.0,0.0,-2.2737367544323206e-13,0.0
2025-01-15 03:00:00+00:00,0,71.0,2848.0398182076824,1236.2474442639314,1008.2476531462648,603.5447207974862,1236.2474442638431,246.91097107961053,989.3364731842325,1201.652553583143,970.2845227199917,265.96292154394257,1008.2476531462648,0.0,603.5447207974861,0.0,1411.3229421381698,441.038419418178,1611.792373943751,2149.056498591668,537.264124647917,265.96292154394007,88.65430718131336,354.6172287252534,5.319258430878802,36.28287680236281,0.0,289.81257220233056,1398.3715586829805,4246.411376890663,3560.379440729838,0.0,0.0,0.0,0.0,0.0,20739.719619052463,24.048823913548745,0.0,0.0,0.0,-2.2737367544323206e-13,0.0
2025-01-15 04:00:00+00:00,0,71.0,2876.2462463172383,1248.4643646497616,1019.1500898234513,608.6317918440261,1248.4643646496695,249.4016773705481,999.0626872791214,1201.652553583143,979.4435842662202,269.0207803835439,1019.1500898234513,0.0,608.6317918440261,0.0,1424.6452134781387,445.2016292119183,1627.7818816674776,2170.375842223303,542.5939605558258,269.02078038354193,89.67359346118064,358.6943738447226,5.380415607670838,36.660820613143805,0.0,292.65977220782725,1412.1701916575666,4288.416437974805,3595.0210557014416,0.0,0.0,0.0,0.0,0.0,20739.719619052463,24.04861412658014,0.0,0.0,0.0,4.547473508864641e-13,0.0
2025-01-15 05:00:00+00:00,0,71.0,2860.627209702743,1241.6110922913829,1013.4907932925681,605.5253241187913,1241.6110922912956,248.06838464862557,993.5427076426699,1201.652553583143,974.4606905458776,267.1504017455081,1013.4907932925681,0.0,605.5253241187913,0.0,1417.3973680667316,442.9366775208536,1619.0161174113596,2158.688156548479,539.6720391371198,267.1504017455047,89.05013391516823,356.2005356606729,5.343008034910094,36.45997703996496,0.0,291.0608469377721,1404.522682585789,16660.920615897463,3576.0855246152105,0.0,0.0,0.0,12395.77072360893,0.0,32499.380271003785,24.049494972865933,0.0,0.0,0.0,0.0,0.0
2025-01-15 06:00:00+00:00,0,71.0,2891.20752532406,1256.3504154140417,1020.9319623329252,613.9251475770932,1256.3504154139507,250.26989266247432,1006.0805227514765,1201.652553583143,985.4888922480404,270.8615231660042,1020.9319623329252,0.0,613.9251475770932,0.0,1433.4383887244226,447.949496476382,1634.8571099100184,2179.8094798800244,544.9523699700061,270.8615231660009,90.28717438866695,361.1486975546678,5.417230463320017,36.767210345758684,0.0,294.5137598750589,1419.8872415191927,4311.094766843253,3613.247868604447,0.0,0.0,0.0,0.0,0.0,32499.380271003785,24.050931563873323,0.0,0.0,0.0,0.0,0.0
2025-01-15 07:00:00+00:00,0,71.0,2991.1255254053904,1297.1305519146322,1063.5685298862759,630.4264436044822,1297.130551914545,258.083447155242,1039.047104759303,1201.652553583143,1018.9016552483877,278.2288966662476,1063.5685298862759,0.0,630.4264436044822,0.0,1482.038771270382,463.1371160219944,1693.9949734907582,2258.659964654344,564.664991163586,278.2288966662445,92.74296555541483,370.9718622216593,5.564577933324889,38.2113203326331,0.0,304.00883113584405,1468.3298021427972,4459.455327548188,3740.698735924726,0.0,0.0,0.0,0.0,0.0,32499.380271003785,24.051124805505108,0.0,0.0,0.0,0.0,0.0
2025-01-15 08:00:00+00:00,0,71.0,2944.9752679612047,1277.3365673307792,1048.4694024943717,619.169298136055,1277.3365673306885,253.43537945586604,1023.9011878748225,1201.652553583143,1003.266769513209,274.0697978175732,1048.4694024943717,0.0,619.169298136055,0.0,1459.2971192919406,456.0303497787314,1667.638700630427,2223.5182675072356,555.8795668768089,274.06979781757025,91.35659927252341,365.42639709009364,5.481395956351404,37.64577505619171,0.0,299.3147493319407,1445.7084362725475,4390.683704233752,3682.815386799176,0.0,0.0,0.0,0.0,0.0,32499.380271003785,24.050224278708644,0.0,0.0,0.0,-2.2737367544323206e-13,0.0
2025-01-15 09:00:00+00:00,0,71.0,2856.3171736067093,1241.5608735321916,1018.5517456589089,596.2045544156085,1241.5608735321057,245.29227821641962,996.2685953156861,1201.652553583143,972.9885259263335,268.57234760586056,1018.5517456589089,0.0,596.2045544156085,0.0,1415.2560377110306,442.26751178469704,1614.7563000745174,2153.0084000993565,538.2521000248391,268.57234760585834,89.52411586861945,358.0964634744778,5.371446952117166,36.51859791392335,0.0,290.76588354038176,1402.6996560845778,4259.016829691287,3568.264437810387,0.0,0.0,0.0,0.0,0.0,32499.380271003785,24.046367104632864,0.0,0.0,0.0,0.0,0.0
2025-01-15 10:00:00+00:00,0,71.0,2920.5415446704137,1266.6059029862886,1038.7055686567837,615.2300730273394,1266.6059029862008,251.2883095978013,1015.3175933883996,1201.652553583143,993.8935774183913,272.7123255679003,1038.7055686567837,0.0,615.2300730273395,0.0,1445.663385335842,451.7698079174506,1653.9356416841233,2205.2475222454977,551.3118805613744,272.7123255678973,90.90410852263244,363.61643409052976,5.454246511357947,37.31346778997691,0.0,296.83047956853716,1433.5839908713294,0.0,3650.9109075813394,0.0,0.0,0.0,0.0,4354.125535541743,27909.72896746634,24.05033493244298,0.0,0.0,0.0,2.2737367544323206e-13,0.0
2025-01-15 11:00:00+00:00,0,71.0,2884.3580135951543,1252.428415591557,1021.524188372395,610.4054096312019,1252.4284155914688,247.32393605964614,1005.1044795318227,1201.652553583143,982.0759115512459,270.3525040403139,1021.524188372395,0.0,610.4054096312019,0.0,1428.4740531654488,446.39814161420276,1631.929598003597,2175.9061306714625,543.9765326678656,270.35250404031103,90.11750134677034,360.47000538708136,5.40705008080622,36.74977974748387,0.0,293.51224748569166,1416.1612529428205,0.0,3604.3801838369113,0.0,0.0,0.0,0.0,4300.5192665379745,23376.583632900758,24.04864446520355,0.0,0.0,0.0,-2.2737367544323206e-13,0.0
2025-01-15 12:00:00+00:00,0,71.0,2853.4237402053895,1238.1980042948217,1010.6469448195718,604.5787910909979,1238.1980042947323,244.718226449918,993.4797778448143,1201.652553583143,971.379022529851,266.8189817649737,1010.6469448195718,0.0,604.5787910909979,0.0,1412.9149418616016,441.5359193317505,1615.2257359105697,2153.634314547426,538.4085786368565,266.818981764971,88.93966058832366,355.75864235329465,5.336379635299419,36.36519625549713,0.0,290.21271497930866,1400.7984494270358,0.0,3566.5492564090277,0.0,0.0,0.0,0.0,4254.222189632425,18892.239702345018,24.048748684771677,0.0,0.0,0.0,0.0,0.0
2025-01-15 13:00:00+00:00,0,71.0,2959.8028347531276,1283.9030277936633,1048.0076128338135,627.8921941256515,1283.9030277935738,253.87087781360214,1030.0321499799716,1201.652553583143,1007.0843521084937,276.8186756851722,1048.0076128338135,0.0,627.8921941256515,0.0,1464.849966703264,457.76561459477,1675.899806959465,2234.533075945953,558.6332689864882,276.81867568516907,92.27289189505635,369.0915675802254,5.5363735137033805,37.71915032627092,0.0,300.9498155546371,1452.8771148709259,4412.679949624054,3699.383042649217,0.0,0.0,0.0,0.0,0.0,18892.239702345018,24.050377531951007,0.0,0.0,0.0,2.2737367544323206e-13,0.0
2025-01-15 14:00:00+00:00,0,71.0,2688.7827231125098,1169.3738329118974,944.4129074506843,574.9959827499281,1169.373832911811,230.35591325873395,939.017919653077,1201.652553583143,914.5648685836805,254.80896432822004,944.4129074506843,0.0,574.9959827499281,0.0,1330.2761724853533,415.7113039016729,1519.4088902006124,2025.878520267483,506.46963006687076,254.80896432821737,84.93632144273911,339.74528577095646,5.096179286564347,34.08234705101981,0.0,274.135318976435,1320.4311007253018,4009.2138238378116,3356.154692752836,0.0,0.0,0.0,0.0,0.0,18892.239702345018,24.048486852748454,0.0,0.0,0.0,0.0,0.0
2025-01-15 15:00:00+00:00,0,71.0,2904.154167839462,1261.938849561406,1020.9265185528047,621.2887997252519,1261.9388495613175,248.406856632604,1013.5319929287135,1201.652553583143,989.1133368763361,272.8255126850726,1020.9265185528047,0.0,621.2887997252519,0.0,1438.7103081837618,449.5969713074255,1642.2153182780567,2189.620424370742,547.4051060926855,272.82551268506995,90.94183756168998,363.7673502467599,5.456510253701398,36.84068355383666,0.0,295.84804743999484,1426.0891562093339,12003.717765219173,3628.330732554504,0.0,0.0,0.0,7673.474441170378,0.0,26171.936742700855,24.050921234014712,0.0,0.0,0.0,-9.094947017729282e-13,0.0
2025-01-15 16:00:00+00:00,0,71.0,2899.9406730654787,1259.7164373574637,1018.4870867851414,621.7371489228736,1259.7164373573721,248.05067766985684,1011.6657596875152,1201.652553583143,987.3617745342104,272.35466282325586,1018.4870867851414,0.0,621.7371489228738,0.0,1436.1625811406698,448.80080660645933,1640.2242357080154,2186.965647610687,546.7414119026718,272.3546628232533,90.7848876077511,363.1395504310044,5.447093256465066,36.771984092782986,0.0,295.36337890718005,1423.9095623733103,4323.850235438789,3623.128228751357,0.0,0.0,0.0,0.0,0.0,26171.936742700855,24.049270138631993,0.0,0.0,0.0,2.2737367544323206e-13,0.0
2025-01-15 17:00:00+00:00,0,71.0,2892.0617509044387,1255.2022426262533,1017.1495635257445,619.7099447524389,1255.202242626161,248.0299170779395,1007.1723255482216,1201.652553583143,984.2557375158084,270.94650511044756,1017.1495635257445,0.0,619.7099447524389,0.0,1431.6447091139032,447.38897159809477,1636.8595082781835,2182.4793443709113,545.6198360927278,270.94650511044483,90.3155017034816,361.2620068139264,5.418930102208896,36.711586353296724,0.0,294.3381999088597,1419.7930257586695,0.0,3614.124053484815,0.0,0.0,0.0,0.0,4311.854776663109,21626.842731323497,24.049102221344288,0.0,0.0,0.0,9.094947017729282e-13,0.0
2025-01-15 18:00:00+00:00,0,71.0,2844.1633228233004,1233.2576034687695,1003.9452145843288,606.9605047702026,1233.25760346868,244.51805443014928,988.7395490385306,1201.652553583143,968.0479811205391,265.20962234823327,1003.9452145843273,0.0,606.9605047702026,0.0,1408.0697907207843,440.0218096002451,1610.90571935453,2147.8742924727067,536.9685731181767,265.20962234823025,88.40320744941008,353.6128297976418,5.304192446964627,36.187961485231874,0.0,289.17895906471676,1396.064703164745,0.0,3555.9440831934908,0.0,0.0,0.0,0.0,4240.228025988046,17157.24994445621,24.049043065969055,0.0,0.0,0.0,9.094947017729282e-13,0.0
2025-01-15 19:00:00+00:00,0,71.0,2852.84069226675,1235.0322774370343,1009.2309135904239,608.5775012392917,1235.0322774369492,245.9942225880219,989.0380548489272,1201.652553583143,970.3008771789331,264.73140025810443,1009.2309135904239,0.0,608.5775012392917,0.0,1411.3467304420844,441.0458532631514,1617.8084148297157,2157.0778864396207,539.2694716099052,264.7314002581012,88.24380008603373,352.9752003441349,5.294628005162023,36.362702420105634,0.0,289.6471393763454,1399.8635947607033,0.0,3568.4246168817053,0.0,0.0,0.0,0.0,4252.7042870274545,12674.506023733138,24.045881497515722,0.0,0.0,0.0,1.1368683772161603e-12,0.0
2025-01-15 20:00:00+00:00,0,71.0,2910.839210415089,1259.5119236517066,1033.1768834220481,618.1504033413348,1259.5119236516175,251.90937387715397,1007.6025497744636,1201.652553583143,989.3158761262359,270.1960475254737,1033.1768834220481,0.0,618.1504033413348,0.0,1439.0049107290704,449.6890346028345,1651.327286763383,2201.7697156845106,550.4424289211277,270.19604752547093,90.06534917515697,360.26139670062787,5.403920950509418,37.1768105360748,0.0,295.3637068575413,1428.1412510432447,0.0,3640.7746264135812,0.0,0.0,0.0,0.0,4338.980461458334,8100.819030007548,24.045134265662224,0.0,0.0,0.0,0.0,0.0
2025-01-15 21:00:00+00:00,0,71.0,2858.059779910936,1232.5578509011962,1021.8659193525893,603.6360096571494,1232.5578509011045,250.1673068476902,982.3905440534144,1201.652553583143,969.738794410123,262.81905649107597,1021.8659193525893,0.0,603.6360096571494,0.0,1410.5291555056335,440.7903610955105,1625.501929009739,2167.335905346318,541.8339763365796,262.81905649107307,87.60635216369101,350.42540865476406,5.25638112982146,36.69233767714918,0.0,289.13705264049486,1401.3164610432466,0.0,3577.865060851952,0.0,0.0,0.0,0.0,4259.376240954183,3611.0422523337543,24.046001639556952,0.0,0.0,0.0,6.821210263296962e-13,0.0
2025-01-15 22:00:00+00:00,0,71.0,2908.4096275591255,1253.9664828739458,1041.502526682689,612.9406180024904,1253.966482873861,254.9199684446535,999.0465144292076,1201.652553583143,987.1090637545915,266.85741911935736,1041.502526682689,0.0,612.9406180024904,0.0,1435.7950018248605,448.6859380702689,1654.4431446851795,2205.9241929135724,551.4810482283931,266.85741911935395,88.95247303978465,355.8098921591386,5.3371483823870784,37.37448198050558,0.0,294.1467951624195,1425.9778848637588,4334.387512422884,3641.7191947384326,0.0,0.0,0.0,0.0,0.0,3611.0422523337543,24.04740169369833,0.0,0.0,0.0,0.0,0.0
2025-01-15 23:00:00+00:00,0,71.0,2895.535406614037,1249.5996626709468,1034.5747181359425,611.3610258071495,1249.5996626708613,253.59205220152796,996.0076104693334,1201.652553583143,983.6061364760349,265.9935261949146,1034.5747181359425,0.0,611.3610258071494,0.0,1430.6998348742325,447.09369839819766,1645.935743943092,2194.5809919241224,548.6452479810306,265.9935261949122,88.6645087316374,354.6580349265496,5.319870523898244,37.150851802149774,0.0,293.11533128068595,1419.9895087175998,22370.736177000406,3625.2808267983546,0.0,0.0,0.0,18055.21126166877,0.0,20739.719619052463,24.046916793923845,0.0,0.0,0.0,0.0,0.0
2025-03-21 00:00:00+00:00,1,14.0,4576.190816440603,1983.2418302334397,1618.5226130821984,974.4263731249633,1983.2418302333556,395.7085427164669,1587.5332875168888,1201.652553583143,1556.7384838595206,426.5033463739233,1072.6319375427008,545.8906755394976,974.4263731249632,0.0,2264.3468856138484,707.6084017543276,2047.0583106676638,2729.4110808902183,682.3527702225546,426.5033463739194,142.16778212463979,1114.5618040380568,16.718427060570853,52.841035368320604,10.917813510789951,465.07503415814335,2077.681264199347,6653.872080639949,4993.757966504067,0.0,0.0,0.0,0.0,0.0,20739.719619052463,24.07593482710406,0.0,0.0,0.0,-1.3642420526593924e-12,0.0
2025-03-21 01:00:00+00:00,1,14.0,3752.032514841168,1626.8733990116996,1325.7747667032722,799.3843491261961,1626.8733990116089,324.3506894302462,1302.5227095813627,1201.652553583143,1276.730461027228,350.1429379844748,1247.6739615414674,78.10080516180483,799.3843491261961,0.0,1857.0624887668776,580.3320277396492,2047.0583106676638,2729.4110808902183,682.3527702225546,350.1429379844717,116.71431266149057,544.9580558077671,8.174370837116506,46.98607844074209,1.5620161032360966,381.4940759713868,1817.615651976176,5569.648166817344,4586.473569657096,0.0,0.0,0.0,0.0,0.0,20739.719619052463,24.06142311114071,0.0,0.0,0.0,-2.2737367544323206e-13,0.0
2025-03-21 02:00:00+00:00,1,14.0,4490.833738574025,1946.3578119339352,1588.7221602700424,955.7537663700443,1946.35781193385,388.0829052869604,1558.2749066468896,1201.652553583143,1528.1751169903887,418.1826949435507,1091.3045442976193,497.41761597242316,955.7537663700443,0.0,2222.8001701678377,694.6250531774492,2047.0583106676638,2729.4110808902183,682.3527702225546,418.1826949435467,139.3942316478489,1054.9945425638189,15.824918138457283,52.24502631207749,9.948352319448464,456.40652719430545,2050.7968790121413,18937.401341195095,4952.2112510580555,0.0,0.0,0.0,12395.77072360893,0.0,32499.380271003785,24.075221517544296,0.0,0.0,0.0,-1.8189894035458565e-12,0.0
2025-03-21 03:00:00+00:00,1,14.0,3516.3896015150417,1525.1204356851479,1243.847571450285,747.4215943796078,1525.1204356850535,303.16995966446916,1221.9504760205843,1201.652553583143,1196.7836526037584,328.33678308139315,1243.847571450285,0.0,747.4215943796079,0.0,1740.776221969103,543.9925693653447,1991.2691658298927,2655.025554439857,663.7563886099642,328.3367830813893,109.44559436046309,437.78237744185236,6.566735661627785,44.789643087304626,0.0,357.5656549653404,1726.116586050045,5242.506187565086,4395.80177640896,0.0,0.0,0.0,0.0,0.0,32499.380271003785,24.056873252071043,0.0,0.0,0.0,-4.547473508864641e-13,0.0
2025-03-21 04:00:00+00:00,1,14.0,3028.9048086142343,1312.3579411080984,1073.0595124990862,643.487355007052,1312.3579411080148,261.19784899598443,1051.1600921120303,1201.652553583143,1030.2939790682144,282.06396203988703,1073.0595124990862,0.0,643.487355007052,0.0,1498.609424099221,468.31544503100656,1716.5468675061381,2288.729156674851,572.1822891687127,282.06396203988334,94.02132067996111,376.08528271984443,5.641279240797666,38.6266589250431,0.0,307.70760705239854,1486.4946000979198,4515.399408712154,3787.338580774072,0.0,0.0,0.0,0.0,0.0,32499.380271003785,24.04811386231434,0.0,0.0,0.0,-4.547473508864641e-13,0.0
2025-03-21 05:00:00+00:00,1,14.0,4635.98210501564,2008.1539656262166,1642.8890975671582,984.9390418222667,2008.1539656261305,399.8138871812246,1608.3400784449059,1201.652553583143,1577.1862100900319,430.9677555361891,1062.119268845397,580.769828721761,984.9390418222669,0.0,2294.0890328582277,716.9028227681962,2047.0583106676638,2729.4110808902183,682.3527702225546,430.96775553618545,143.65591851206182,1155.3935027700081,17.33090254155012,53.3283650580198,11.61539657443522,470.86430752410115,2096.0504832009187,6732.032588216559,5023.500113748446,0.0,0.0,0.0,0.0,0.0,32499.380271003785,24.075646863073526,0.0,0.0,0.0,4.547473508864641e-13,0.0
2025-03-21 06:00:00+00:00,1,14.0,3635.065831251845,1575.2997689717415,1287.576218158646,772.1898441214595,1575.2997689716517,313.32954006810144,1261.9702289035502,1201.652553583143,1236.7303103649756,338.56945860676973,1274.8684665462042,12.707751612441712,772.1898441214595,0.0,1798.880451439964,562.1501410749887,2047.0583106676638,2729.4110808902183,682.3527702225546,338.56945860676615,112.85648620225538,464.13369642146324,6.962005446321949,46.22210746984956,0.25415503224883423,369.347623516192,1780.145288964411,5415.211120216254,4528.291532330182,0.0,0.0,0.0,0.0,0.0,32499.380271003785,24.05854960283758,0.0,0.0,0.0,-1.8189894035458565e-12,0.0
2025-03-21 07:00:00+00:00,1,14.0,2470.475698291082,1070.4966928475396,874.6634290562349,525.3155763873082,1070.4966928474519,213.08291832347078,857.4137745239811,1201.652553583143,840.1972807331324,230.29941211441007,874.6634290562349,0.0,525.315576387308,0.0,1222.105135611829,381.9078548786965,1399.979005443543,1866.638673924724,466.659668481181,230.29941211440746,76.76647070480249,307.06588281920995,4.605988242288149,31.493058635560132,0.0,251.00632939058187,1212.4393703331102,3682.9150686241924,3088.743809536553,0.0,0.0,0.0,0.0,0.0,32499.380271003785,24.037619298656015,0.0,0.0,0.0,0.0,0.0
2025-03-21 08:00:00+00:00,1,14.0,2446.126005063638,1061.2675745341269,865.8292529075139,519.0291776219972,1061.2675745340362,210.7372882035728,850.5302863304632,1201.652553583143,832.2535217647459,229.01405276938334,865.8292529075139,0.0,519.0291776219972,0.0,1210.5505771123578,378.29705534761183,1384.858430529511,1846.4779073726813,461.61947684317033,229.01405276938067,76.33801758979355,305.3520703591742,4.580281055387613,31.165169363445386,0.0,248.7837109908528,1200.7837111902616,3646.9097162538997,3057.0284844850394,0.0,0.0,0.0,0.0,0.0,32499.380271003785,24.037916038392027,0.0,0.0,0.0,2.2737367544323206e-13,0.0
2025-03-21 09:00:00+00:00,1,14.0,2455.700848684079,1063.9729825110114,872.1243892869098,519.6034768861572,1063.9729825109202,212.43526546114518,851.5377170497751,1201.652553583143,834.9196145253787,229.05336798563525,872.1243892869098,0.0,519.6034768861572,0.0,1214.428530218733,379.508915693354,1391.7278661730668,1855.6371548974223,463.9092887243556,229.05336798563235,76.35112266187744,305.40449064750976,4.581067359712646,31.359766447468857,0.0,249.4410658677366,1205.151226754505,3660.852075438584,3070.0656851161552,0.0,0.0,0.0,0.0,0.0,32499.380271003785,24.037969457059628,0.0,0.0,0.0,0.0,0.0
2025-03-21 10:00:00+00:00,1,14.0,2562.0348076078476,1108.6767561974398,917.9727468540099,535.3853045563967,1108.6767561973506,221.79478415896665,886.881972038384,1201.652553583143,871.4477396346552,237.22901656278745,917.9727468540099,0.0,535.3853045563967,0.0,1267.5603485594986,396.1126089248433,1453.3580514104065,1937.8107352138752,484.4526838034688,237.2290165627843,79.07633885426142,316.3053554170457,4.744580331255685,32.89303545118426,0.0,259.80666223446815,1257.0859095994815,0.0,3205.371083773374,0.0,0.0,0.0,0.0,3819.120717207329,28473.673562500127,24.036722632340542,0.0,0.0,0.0,0.0,0.0
2025-03-21 11:00:00+00:00,1,14.0,2488.264137829577,1077.6454684168375,886.2170048088009,524.4016646039386,1077.6454684167545,215.03498113917595,862.6104872775785,1201.652553583143,846.4770125324613,231.16845588437863,886.2170048088009,0.0,524.4016646039386,0.0,1231.2392909563077,384.76227842384617,1410.6186694127396,1880.8248925503194,470.20622313757985,231.1684558843757,77.05615196145857,308.22460784583427,4.623369117687514,31.830526790303416,0.0,252.60206995362796,1221.0806193845035,0.0,3112.064183506627,0.0,0.0,0.0,0.0,3709.3447572140813,24563.68087596653,24.036762353784653,0.0,0.0,0.0,6.821210263296962e-13,0.0
2025-03-21 12:00:00+00:00,1,14.0,2638.836141428213,1136.8707689431772,936.6118848294576,565.3534876555765,1136.870768943088,229.72651424427895,907.144254698809,1201.652553583143,893.625720120558,243.24504882262227,936.6118848294576,0.0,565.3534876555765,0.0,1299.8192292662663,406.1935091457082,1501.965372485034,2002.6204966467121,500.65512416167803,243.24504882261908,81.08168294087302,324.3267317634921,4.864900976452382,33.75189142143949,0.0,266.8659985604763,1293.4131072066275,0.0,3302.4397259129782,0.0,0.0,0.0,0.0,3932.2492486348406,20418.726224909246,24.042260967453924,0.0,0.0,0.0,0.0,0.0
2025-03-21 13:00:00+00:00,1,14.0,2567.667681468264,1110.364086732341,915.7035089378804,541.6000857980431,1110.3640867322474,222.73994498150765,887.6241417507397,1201.652553583143,871.9816766225115,238.38241010983242,915.7035089378804,0.0,541.600085798043,0.0,1268.3369841781985,396.35530755568703,1457.3035947359233,1943.0714596478977,485.7678649119744,238.38241010982938,79.46080336994312,317.8432134797725,4.767648202196587,32.88710612611684,0.0,260.340413211492,1259.57914337741,3827.2468248456744,3211.408443826096,0.0,0.0,0.0,0.0,0.0,20418.726224909246,24.0367789517488,0.0,0.0,0.0,2.2737367544323206e-13,0.0
2025-03-21 14:00:00+00:00,1,14.0,2514.518970629087,1089.4451496596528,894.3848119497186,530.6890090197156,1089.4451496595718,217.80606775384197,871.6390819057298,1201.652553583143,855.0032194202389,234.4419302394166,894.3848119497186,0.0,530.6890090197157,0.0,1243.6410464294383,388.6378270091995,1425.073820969434,1900.0984279592453,475.02460698981133,234.4419302394141,78.1473100798047,312.5892403192188,4.688838604788281,32.13843444868871,0.0,255.3875863081007,1234.024603440393,13629.67083184074,3143.7394743886834,0.0,0.0,0.0,9881.12725777126,0.0,29792.786620268515,24.036720292218924,0.0,0.0,0.0,-1.8189894035458565e-12,0.0
2025-03-21 15:00:00+00:00,1,14.0,2476.830108709238,1073.977086928184,882.0436893699117,520.8093324111446,1073.9770869280958,214.26059937095718,859.7164875571386,1201.652553583143,842.8016113969151,231.17547553127153,882.0436893699117,0.0,520.8093324111446,0.0,1225.8932529409676,383.0916415440524,1402.8530217810564,1870.4706957080753,467.6176739270188,231.17547553126883,77.05849184375627,308.2339673750251,4.623509510625376,31.669404005208804,0.0,251.69343941014176,1215.7541602408032,3692.5842689500414,3096.363948649043,0.0,0.0,0.0,0.0,0.0,29792.786620268515,24.037227992183826,0.0,0.0,0.0,0.0,0.0
2025-03-21 16:00:00+00:00,1,14.0,2427.784647119749,1051.25355188772,863.1161951009251,513.4149001311048,1051.2535518876214,209.92319328736713,841.3303586002542,1201.652553583143,825.7578325312675,225.4957193564551,863.1161951009251,0.0,513.4149001311048,0.0,1201.102301863662,375.3444693323944,1376.5310952320299,1835.3747936427064,458.8436984106766,225.49571935645224,75.16523978548408,300.6609591419363,4.509914387129045,31.0276348543388,0.0,246.46147504126884,1191.3524318112918,3619.137078931041,3036.4770955063686,0.0,0.0,0.0,0.0,0.0,29792.786620268515,24.03627310720713,0.0,0.0,0.0,0.0,0.0
2025-03-21 17:00:00+00:00,1,14.0,2607.7242161239196,1127.439072773098,928.1414296303797,552.1437137204425,1127.4390727730113,225.319537330768,902.1195354422432,1201.652553583143,886.3954137156003,241.0436590575007,928.1414296303797,0.0,552.1437137204425,0.0,1289.302419949964,402.90700623436373,1480.2851433508222,1973.713524467763,493.4283811169407,241.04365905749796,80.34788635249932,321.39154540999726,4.820873181149959,33.36568002611581,0.0,264.3704253106607,1279.2402522217303,0.0,3263.015944417727,0.0,0.0,0.0,0.0,3886.96446834565,25695.566318895944,24.03799857283572,0.0,0.0,0.0,0.0,0.0
2025-03-21 18:00:00+00:00,1,14.0,3405.2650082195255,1473.232405165792,1213.7236210752942,718.3089819784385,1473.2324051657022,294.6746681998781,1178.557736965824,1201.652553583143,1158.014481212155,315.21792395363985,1213.7236210752942,0.0,718.3089819784385,0.0,1684.384699944953,526.3702187327978,1932.0326030537328,2576.04347073831,644.0108676845775,315.21792395363696,105.07264131787898,420.2905652715159,6.3043584790727385,43.59479845204321,0.0,345.38222164769013,1670.7351063140604,0.0,4260.428170683263,0.0,0.0,0.0,0.0,5076.000114533586,20344.992397162045,24.046266562638266,0.0,0.0,0.0,4.547473508864641e-13,0.0
2025-03-21 19:00:00+00:00,1,14.0,3403.97539606335,1473.5392899717444,1214.0678818192257,716.3682242723809,1473.5392899716614,294.91733659046906,1178.6219533811925,1201.652553583143,1156.7614966867097,316.777793285038,1214.0678818192257,0.0,716.3682242723808,0.0,1682.5621769988502,525.8006803121407,1930.4361060916065,2573.914808122142,643.4787020305355,316.77779328503493,105.5925977616783,422.3703910467132,6.335555865700698,43.58571869730058,0.0,345.4071611144818,1670.2004157818376,0.0,4256.476985120992,0.0,0.0,0.0,0.0,5074.175811845188,14996.341459307114,24.044872181579574,0.0,0.0,0.0,2.2737367544323206e-13,0.0
2025-03-21 20:00:00+00:00,1,14.0,2965.7143758801526,1284.9201827680672,1053.6615244982088,627.1326686138764,1284.9201827679804,257.42091047216667,1027.4992722958136,1201.652553583143,1008.3239944739248,276.5961882941451,1053.6615244982088,0.0,627.1326686138764,0.0,1466.6530828711636,458.32908839723865,1680.7941931120852,2241.0589241494467,560.2647310373617,276.5961882941424,92.1987294313808,368.7949177255232,5.531923765882848,37.881172421085026,0.0,301.24213696355855,1455.4477820165075,0.0,3707.71200702061,0.0,0.0,0.0,0.0,4421.162157896661,10336.027351340968,24.03761784309832,0.0,0.0,0.0,4.547473508864641e-13,0.0
2025-03-21 21:00:00+00:00,1,14.0,4367.399333036642,1894.5764828043013,1547.6262561100812,925.1965941222604,1894.5764828042147,378.1342009972897,1516.442281806925,1201.652553583143,1484.516610174863,410.059872629441,1121.8617165454036,425.76453956467765,925.1965941222604,0.0,2159.296887527074,674.7802773522106,2047.0583106676638,2729.4110808902183,682.3527702225546,410.05987262943813,136.6866242098127,972.5110364039284,14.587665546058926,51.42310822887826,8.515290791293554,444.1359736792747,2012.4817100300834,0.0,4888.707968417292,0.0,0.0,0.0,0.0,6379.881043066725,3611.0422523337543,24.058259722803356,0.0,0.0,0.0,0.0,0.0
2025-03-21 22:00:00+00:00,1,14.0,4044.7511990677795,1752.9178441009738,1437.2011228198653,854.6322321469415,1752.917844100889,350.73868735130924,1402.1791567495798,1201.652553583143,1373.9551063373156,378.9627377636613,1192.4260785207223,244.77504429914302,854.6322321469416,0.0,1998.4801546724593,624.5250483351435,2047.0583106676638,2729.4110808902183,682.3527702225546,378.9627377636582,126.32091258788606,750.0586946506872,11.250880419760309,49.214605563073945,4.895500885982861,410.93384150034717,1909.4935595147485,5954.2447585825275,4727.891235562678,0.0,0.0,0.0,0.0,0.0,3611.0422523337543,24.055399700123942,0.0,0.0,0.0,-4.547473508864641e-13,0.0
2025-03-21 23:00:00+00:00,1,14.0,3180.2473885094764,1375.6959122161186,1131.9000710412415,672.6514052521143,1375.695912216029,275.92160079011904,1099.77431142591,1201.652553583143,1079.8896423691208,295.80626984700064,1131.9000710412415,0.0,672.6514052521143,0.0,1570.748570718721,490.8589283496003,1804.5514762933558,2406.0686350578076,601.5171587644519,295.806269846998,98.60208994899934,394.40835979599734,5.91612539693996,40.683516183758385,0.0,322.57275217794404,1560.1505708216941,22795.60922099994,3976.8172057765287,0.0,0.0,0.0,18055.21126166877,0.0,20739.719619052463,24.03971902685675,0.0,0.0,0.0,0.0,0.0
2025-03-23 00:00:00+00:00,2,1.0,3047.0827957348697,1318.038561480296,1083.127242032057,645.9169922225162,1318.0385614802112,264.10208248231646,1053.9364789978947,1201.652553583143,1035.4632976589899,282.57526382130914,1083.127242032057,0.0,645.9169922225163,0.0,1506.1284329585308,470.66513529954085,1729.0442342545734,2305.392312339431,576.3480780848578,282.57526382130595,94.19175460710198,376.76701842840794,5.651505276426119,38.95298718318688,0.0,309.0842793244765,1494.8937397755901,4541.976535510459,3811.520745297962,0.0,0.0,0.0,0.0,0.0,3611.0422523337543,24.04632747087708,0.0,0.0,0.0,-6.821210263296962e-13,0.0
2025-03-23 01:00:00+00:00,2,1.0,3689.539622469024,1598.8852530400356,1308.691903686911,781.9624657420767,1598.885253039947,318.63110618055214,1280.2541468593947,1201.652553583143,1254.475576300302,344.40967673973705,1265.0958449255872,43.596058761323775,781.9624657420766,0.0,1824.6917473458939,570.2161710455919,2047.0583106676638,2729.4110808902183,682.3527702225546,344.4096767397341,114.80322557991136,502.8089610809692,7.542134416214537,46.64442118041485,0.8719211752264755,374.8483025807409,1797.2789462006544,5486.818568669678,4554.102828236112,0.0,0.0,0.0,0.0,0.0,3611.0422523337543,24.05621553919048,0.0,0.0,0.0,-4.547473508864641e-13,0.0
2025-03-23 02:00:00+00:00,2,1.0,4766.883972927061,2063.8101167315954,1690.6571440107207,1012.4167121847487,2063.810116731512,412.1510961312357,1651.6590206002766,1201.652553583143,1619.7359716154472,444.07414511615247,1034.6415984829152,656.0155455278057,1012.4167121847487,0.0,2355.9795950770144,736.243623461567,2047.0583106676638,2729.4110808902183,682.3527702225546,444.074145116148,148.02471503871598,1248.1144056826697,18.721716085240043,54.283725986891056,13.120310910556114,483.94824162397117,2136.6951033294963,6903.5790762565575,5085.390675967233,0.0,0.0,0.0,0.0,0.0,3611.0422523337543,24.07254779665087,0.0,0.0,0.0,0.0,0.0
2025-03-23 03:00:00+00:00,2,1.0,5065.620620082867,2195.9911038864375,1796.862924515157,1072.766591681271,2195.991103886349,437.28542646883244,1758.7056774175164,1201.652553583143,1722.9090049861477,473.0820989002948,974.2917189863928,822.5712055287643,1072.766591681271,0.0,2506.0494617980335,783.1404568118854,2047.0583106676638,2729.4110808902183,682.3527702225546,473.08209890028957,157.6940329667632,1453.347337395817,21.800210060937253,56.40784159697978,16.451424110575285,514.7959860811684,2232.642721850864,7298.263341933731,5235.460542688252,0.0,0.0,0.0,0.0,0.0,3611.0422523337543,24.078542375095022,0.0,0.0,0.0,-4.547473508864641e-13,0.0
2025-03-23 04:00:00+00:00,2,1.0,4612.233252327111,1998.4577855529924,1635.2125228719797,978.5629439021399,1998.4577855529058,398.39508554874766,1600.0627000041582,1201.652553583143,1568.7553333032022,429.7024522497942,1068.4953667655243,566.7171561064554,978.5629439021398,0.0,2281.8259393501125,713.0706060469101,2047.0583106676638,2729.4110808902183,682.3527702225546,429.70245224978976,143.2341507499299,1139.6537591061751,17.094806386592627,53.17483356411623,11.334343122129107,468.5557280404928,2088.817238132726,6701.050490459836,5011.237020240331,0.0,0.0,0.0,0.0,0.0,3611.0422523337543,24.071721738578518,0.0,0.0,0.0,-9.094947017729282e-13,0.0
2025-03-23 05:00:00+00:00,2,1.0,4918.4003314097545,2132.2763801058886,1743.6269423063295,1042.4970089975352,2132.2763801058063,424.44734515562004,1707.8290349501865,1201.652553583143,1672.9940291413266,459.28235096456683,1004.5613016701287,739.0656406362008,1042.497008997535,0.0,2433.4458605692025,760.4518314278757,2047.0583106676638,2729.4110808902183,682.3527702225546,459.2823509645614,153.09411698818712,1351.4421085889492,20.271631628834236,55.34312195280323,14.781312812724014,499.87413699639364,2186.168922029373,7104.569253439126,5162.85694145942,0.0,0.0,0.0,0.0,0.0,3611.0422523337543,24.076582242690666,0.0,0.0,0.0,-9.094947017729282e-13,0.0
2025-03-23 06:00:00+00:00,2,1.0,4640.041575661417,2010.1961262861003,1644.599901054326,985.2455483209887,2010.1961262860111,400.7608372688907,1609.4352890171203,1201.652553583143,1577.9646841948822,432.23144209122177,1061.812762346675,582.7871387076509,985.2455483209887,0.0,2295.22135882892,717.2566746340375,2047.0583106676638,2729.4110808902183,682.3527702225546,432.231442091218,144.07714736373933,1159.0957281626083,17.386435922439123,53.362581127763164,11.655742774153019,471.33113883732494,2097.4224908820115,6737.464066543428,5024.632439719138,0.0,0.0,0.0,0.0,0.0,3611.0422523337543,24.071711852077716,0.0,0.0,0.0,0.0,0.0
2025-03-23 07:00:00+00:00,2,1.0,4423.780537253034,1917.095808472413,1567.3581108117007,939.3266179689228,1917.0958084723288,382.25466327515977,1534.8411451971692,1201.652553583143,1504.3878766992386,412.7079317731783,1107.7316926987414,459.6264181129593,939.3266179689228,0.0,2188.2005479261657,683.8126712269268,2047.0583106676638,2729.4110808902183,682.3527702225546,412.70793177317387,137.56931059105796,1009.9036604771911,15.148554907157866,51.817745322910646,9.192528362259186,449.4922242419548,2029.385804874822,6453.166342127855,4917.611628816384,0.0,0.0,0.0,0.0,0.0,3611.0422523337543,24.067478972863334,0.0,0.0,0.0,-4.547473508864641e-13,0.0
2025-03-23 08:00:00+00:00,2,1.0,2525.460535255602,1095.0800864372236,893.4632430889827,536.9172057293958,1095.0800864371286,217.76437846811706,877.3157079690116,1201.652553583143,859.0206033205483,236.0594831166777,893.4632430889827,0.0,536.9172057293958,0.0,1249.4845139207978,390.4639106002493,1430.3804488183787,1907.173931757838,476.7934829394595,236.05948311667441,78.6864943722248,314.7459774888992,4.7211896623334875,32.17306934996344,0.0,256.74469904105536,1239.582845965286,3765.0433812208876,3156.658445678636,0.0,0.0,0.0,0.0,0.0,3611.0422523337543,24.03651543513531,0.0,0.0,0.0,-2.2737367544323206e-13,0.0
2025-03-23 09:00:00+00:00,2,1.0,4083.5344389885936,1774.0794968136709,1443.253631980059,866.2013101948623,1774.0794968135913,351.250513497224,1422.8289833163672,1201.652553583143,1389.3648812253225,384.71461558835153,1180.8570004728012,262.3966315072578,866.2013101948623,0.0,2020.8943726913783,631.5294914660557,2047.0583106676638,2729.4110808902183,682.3527702225546,384.7146155883481,128.23820519611604,775.349452291722,11.630241784375828,49.33565574627782,5.247932630145156,415.80185007208183,1924.136147117607,6007.6705861062,4750.305453581596,0.0,0.0,0.0,0.0,0.0,3611.0422523337543,24.060893846746332,0.0,0.0,0.0,-4.547473508864641e-13,0.0
2025-03-23 10:00:00+00:00,2,1.0,2599.533019262855,1129.4993150367025,915.241473921358,554.7922303047958,1129.4993150366092,223.68367878005964,905.8156362565496,1201.652553583143,884.0045149188721,245.49480011783277,915.241473921358,0.0,554.7922303047958,0.0,1285.824748972905,401.82023405403277,1470.033704226154,1960.0449389682053,490.01123474205133,245.4948001178301,81.8316000392767,327.3264001571068,4.909896002356602,33.005166520688704,0.0,264.79549815287373,1276.37362951128,3875.9066487741347,3245.86968794111,0.0,0.0,0.0,0.0,0.0,3611.0422523337543,24.03546078570355,0.0,0.0,0.0,0.0,0.0
2025-03-23 11:00:00+00:00,2,1.0,2678.3055703265177,1162.303274762957,946.9233485494182,569.0789470141425,1162.303274762871,231.26440183641012,931.0388729264611,1201.652553583143,911.0154616351136,251.28781312784582,946.9233485494182,0.0,569.0789470141426,0.0,1325.1133987419837,414.0979371068699,1516.0022955635607,2021.3363940847476,505.3340985211869,251.28781312784372,83.7626043759479,335.0504175037916,5.025756262556874,34.09848992662397,0.0,272.4859235556569,1314.8048097488424,3993.11038007536,3346.449792826731,0.0,0.0,0.0,0.0,0.0,3611.0422523337543,24.039626427220846,0.0,0.0,0.0,-2.2737367544323206e-13,0.0
2025-03-23 12:00:00+00:00,2,1.0,3707.387082912041,1611.6847518816528,1305.5248181386291,790.1775128917579,1611.6847518815714,318.4257906073165,1293.258961274255,1201.652553583143,1262.144603295218,349.54014858643785,1256.8807977759054,48.64402036272372,790.1775128917578,0.0,1835.8466957021358,573.7020924069175,2047.0583106676638,2729.4110808902183,682.3527702225546,349.54014858643427,116.51338286214475,514.6975518113027,7.720463277169539,46.58107946944922,0.9728804072544744,377.78809028664864,1805.6307589321386,5513.017841844179,4565.257776592354,0.0,0.0,0.0,0.0,0.0,3611.0422523337543,24.056335471376464,0.0,0.0,0.0,-4.547473508864641e-13,0.0
2025-03-23 13:00:00+00:00,2,1.0,4774.338456629509,2073.440346440676,1682.9608191243974,1017.9372910644325,2073.4403464405873,410.6501991568742,1662.7901472837132,1201.652553583143,1624.6584694174003,448.7818770232801,1029.121019603231,653.8397995211665,1017.9372910644325,0.0,2363.1395918798553,738.4811224624548,2047.0583106676638,2729.4110808902183,682.3527702225546,448.78187702327546,149.59395900775849,1252.2156355522004,18.783234533283004,54.1297994891646,13.07679599042333,486.0961450083728,2142.5138267140114,6916.85228334352,5092.550672770074,0.0,0.0,0.0,0.0,0.0,3611.0422523337543,24.073027044937394,0.0,0.0,0.0,-4.547473508864641e-13,0.0
2025-03-23 14:00:00+00:00,2,1.0,2979.168721184503,1290.2196748668582,1049.8518459170914,639.0972004005552,1290.219674866772,257.399445197949,1032.8202296688232,1201.652553583143,1013.994359187285,276.2253156795762,1049.8518459170914,0.0,639.0972004005552,0.0,1474.9008860905963,460.9065269033113,1688.9490463176462,2251.9320617568615,562.9830154392154,276.2253156795731,92.07510522652436,368.30042090609743,5.524506313591461,37.886527381518285,0.0,302.66845330314027,1462.0441345673012,4441.2128557518035,3726.832947847458,0.0,0.0,0.0,0.0,0.0,3611.0422523337543,24.045534930078734,0.0,0.0,0.0,-4.547473508864641e-13,0.0
2025-03-23 15:00:00+00:00,2,1.0,2661.2908495157944,1150.2970401707207,942.505965025772,568.487844319299,1150.297040170635,230.88884882143975,919.4081913491952,1201.652553583143,906.0455774987616,244.25146267196195,942.505965025772,0.0,568.487844319299,0.0,1317.8844763618351,411.8388988630735,1510.993809345071,2014.6584124600945,503.6646031150236,244.25146267195908,81.41715422398636,325.66861689594543,4.885029253439181,33.96005739396615,0.0,269.8702501389589,1305.6359929884477,3966.9268425042424,3332.5428888219294,0.0,0.0,0.0,0.0,0.0,3611.0422523337543,24.044513236367425,0.0,0.0,0.0,2.2737367544323206e-13,0.0
2025-03-23 16:00:00+00:00,2,1.0,2571.9426533617698,1112.2851211284715,910.7337441425317,548.9237880907648,1112.2851211283873,222.74645104441143,889.5386700839758,1201.652553583143,875.3417554819999,236.94336564647415,910.7337441425317,0.0,548.9237880907649,0.0,1273.2243716101814,397.88261612818167,1459.6575322332965,1946.2100429777286,486.55251074443214,236.94336564647176,78.98112188215725,315.924487528629,4.738867312929435,32.8112502051836,0.0,260.91904395320125,1261.8854102260852,3833.828063587855,3219.43441458791,0.0,0.0,0.0,0.0,0.0,3611.0422523337543,24.042385349282906,0.0,0.0,0.0,0.0,0.0
2025-03-23 17:00:00+00:00,2,1.0,2694.2734470521896,1163.4044646091918,956.6909110049784,574.1780714380203,1163.4044646091018,233.7621415680355,929.6423230410662,1201.652553583143,916.0135004273039,247.39096418189084,956.6909110049784,0.0,574.1780714380202,0.0,1332.3832733488057,416.36977292150175,1530.8689824429985,2041.1586432573313,510.2896608143328,247.39096418188763,82.46365472729588,329.8546189091835,4.947819283637752,34.44250804452955,0.0,272.9450188785313,1321.458434669829,4015.7318817220184,3373.541916606137,0.0,0.0,0.0,0.0,0.0,3611.0422523337543,24.046844010903175,0.0,0.0,0.0,-2.2737367544323206e-13,0.0
2025-03-23 18:00:00+00:00,2,1.0,4148.013061258572,1799.7765885232955,1468.5134371391505,879.7230355961269,1799.7765885232045,357.5508671069326,1442.2257214162719,1201.652553583143,1411.6035332330325,388.1730552902663,1167.3352750715364,301.17816206761404,879.7230355961269,0.0,2053.241502884411,641.6379696513785,2047.0583106676638,2729.4110808902183,682.3527702225546,388.17305529026294,129.39101843008763,818.7422357879645,12.281133536819468,49.84085184945965,6.023563241352281,421.89895512399653,1943.4262620556485,6091.43932331422,4782.652583774629,0.0,0.0,0.0,0.0,0.0,3611.0422523337543,24.069142582576536,0.0,0.0,0.0,-2.2737367544323206e-13,0.0
2025-03-23 19:00:00+00:00,2,1.0,4286.388019597032,1861.8168899470086,1514.0141118830297,910.5570177669928,1861.8168899469233,368.346063891162,1493.4708260557613,1201.652553583143,1459.586574762032,402.23031518498027,1136.5012929006714,377.51281898235834,910.5570177669927,0.0,2123.035017835683,663.4484430736509,2047.0583106676638,2729.4110808902183,682.3527702225546,402.23031518497623,134.0767717283254,913.81990589566,13.707298588434899,50.75086534433723,7.550256379647167,436.40104173472764,1988.2874470716777,6274.67546666871,4852.446098725901,0.0,0.0,0.0,0.0,0.0,3611.0422523337543,24.07005833911291,0.0,0.0,0.0,2.2737367544323206e-13,0.0
2025-03-23 20:00:00+00:00,2,1.0,3276.2455494626297,1421.8091656466504,1159.363740290422,695.0726435255551,1421.809165646566,282.11842966144866,1139.6907359851175,1201.652553583143,1115.3097774943253,306.49938815232775,1159.363740290422,0.0,695.0726435255551,0.0,1622.2687672644736,506.958989770148,1854.4363838159773,2472.5818450879697,618.1454612719924,306.49938815232485,102.16646271744162,408.6658508697665,6.129987763046497,41.73163864396821,0.0,333.28956432024506,1608.4221044868416,4884.667653949471,4094.850612352443,0.0,0.0,0.0,0.0,0.0,3611.0422523337543,24.054912577647734,0.0,0.0,0.0,-2.2737367544323206e-13,0.0
2025-03-23 21:00:00+00:00,2,1.0,3539.052929292931,1534.0252067874956,1253.5892524154622,751.4384700899748,1534.025206787411,305.03187853994046,1228.9933282474706,1201.652553583143,1203.1621542049033,330.8630525825951,1253.5892524154622,0.0,751.4384700899749,0.0,1750.0540424798598,546.8918882749562,2005.027722505437,2673.3702966739156,668.3425741684789,330.86305258259176,110.28768419419725,441.150736776789,6.617261051651835,45.12206227336361,0.0,359.65689976302747,1736.9183697256751,5275.971299018605,4423.424339153776,0.0,0.0,0.0,0.0,0.0,3611.0422523337543,24.058713062806792,0.0,0.0,0.0,-6.821210263296962e-13,0.0
2025-03-23 22:00:00+00:00,2,1.0,4426.837872567179,1913.3581240148683,1569.7017696560722,943.777978896238,1913.3581240147807,382.399095251531,1530.9590287632498,1201.652553583143,1501.8631815908675,411.4949424240041,1103.2803317714256,466.42143788464665,943.777978896238,0.0,2184.528264132171,682.6650825413035,2047.0583106676638,2729.4110808902183,682.3527702225546,411.4949424240008,137.16498080800025,1015.0813611166476,15.226220416749713,51.864618499798084,9.328428757692931,448.82103140212985,2027.4231326482288,6454.261005215408,4913.939345022389,0.0,0.0,0.0,0.0,0.0,3611.0422523337543,24.073071766865755,0.0,0.0,0.0,-2.2737367544323206e-13,0.0
2025-03-23 23:00:00+00:00,2,1.0,4604.1904827817725,1990.7261466805587,1628.945118912507,984.5192171887074,1990.7261466804732,397.1012255642597,1593.6249211162133,1201.652553583143,1561.8293970247082,428.89674965585436,1062.539093478956,566.4060254335511,984.5192171887076,0.0,2271.7518502177577,709.9224531930493,2047.0583106676638,2729.4110808902183,682.3527702225546,428.8967496558505,142.9655832186168,1138.2683583080184,17.074025374620277,53.04948548492679,11.328120508671022,467.0006117287694,2083.693049731208,6687.88353251298,5001.162931107976,0.0,0.0,0.0,0.0,0.0,3611.0422523337543,24.07449120449612,0.0,0.0,0.0,0.0,0.0
2025-04-12 00:00:00+00:00,3,40.0,3091.7851799709215,1348.651974482208,1089.4749736451156,653.6582318435989,1348.6519744821308,265.05017309372624,1083.6018013884045,1201.652553583143,1057.653689408349,290.9982850738614,1089.4749736451156,0.0,653.6582318435989,0.0,1538.4053664121443,480.75167700379507,1743.1332054887143,2324.1776073182855,581.0444018295714,290.9982850738588,96.99942835795294,387.99771343181175,5.819965701477176,39.22083152778945,0.0,315.9040572593253,1519.7403616799113,4611.525541650833,3862.58297373043,0.0,0.0,0.0,0.0,0.0,20739.719619052463,24.054290041527324,0.0,0.0,0.0,-2.2737367544323206e-13,0.0
2025-04-12 01:00:00+00:00,3,40.0,3069.36490939459,1337.1291719200074,1084.0439879752853,648.1917494992971,1337.1291719199248,263.3394378099119,1073.789734110013,1201.652553583143,1049.0289601130212,288.1002118069889,1084.0439879752853,0.0,648.1917494992971,0.0,1525.8603056189402,476.8313455059188,1732.2357374745825,2309.64764996611,577.4119124915275,288.1002118069857,96.03340393566191,384.13361574264763,5.762004236139714,39.003237134251535,0.0,313.23033972563553,1508.2722430291349,4577.637152423725,3835.50795558505,0.0,0.0,0.0,0.0,0.0,20739.719619052463,24.051067033312073,0.0,0.0,0.0,-2.2737367544323206e-13,0.0
2025-04-12 02:00:00+00:00,3,40.0,3040.409167427768,1325.1605857359873,1072.9185993641388,642.3299823276404,1325.1605857358984,260.6348052332027,1064.5257805026956,1201.652553583143,1038.5504835480435,286.6101021879468,1072.9185993641388,0.0,642.3299823276406,0.0,1510.6188851607906,472.06840161274704,1715.2485816917795,2286.9981089223725,571.7495272305931,286.610102187944,95.53670072931466,382.14680291725864,5.732202043758879,38.61085780420058,0.0,310.413692098241,1494.1113815188553,4534.5205489466225,3797.6169940831633,0.0,0.0,0.0,0.0,0.0,20739.719619052463,24.05109016373356,0.0,0.0,0.0,-6.821210263296962e-13,0.0
2025-04-12 03:00:00+00:00,3,40.0,3062.6154219436226,1334.354149604833,1082.1573089628891,646.1039633758998,1334.3541496047444,262.6668818046816,1071.6872678000627,1201.652553583143,1045.7623157952526,288.59183380958325,1082.1573089628891,0.0,646.1039633758998,0.0,1521.1088229749128,475.34650717966025,1728.2612723387888,2304.348363118385,576.0870907795962,288.59183380958075,96.19727793652692,384.78911174610766,5.771836676191615,38.92575890264567,0.0,312.5635698423521,1504.8920413169726,4567.507463260596,3825.4571860932974,0.0,0.0,0.0,0.0,0.0,20739.719619052463,24.053227143920648,0.0,0.0,0.0,4.547473508864641e-13,0.0
2025-04-12 04:00:00+00:00,3,40.0,3109.60323598824,1355.9597981528063,1098.0605687266816,655.5828691087526,1355.9597981527163,266.4883581970106,1089.4714399557058,1201.652553583143,1061.9395751312065,294.02022302160253,1098.0605687266816,0.0,655.5828691087526,0.0,1544.6393820090277,482.6998068778212,1753.6434378354343,2338.1912504472457,584.5478126118114,294.02022302159935,98.00674100719978,392.0269640287991,5.880404460431986,39.497645752887976,0.0,317.58533463556114,1528.2177453457136,4637.820981333954,3882.8306324562736,0.0,0.0,0.0,0.0,0.0,20739.719619052463,24.052720085418855,0.0,0.0,0.0,-2.2737367544323206e-13,0.0
2025-04-12 05:00:00+00:00,3,40.0,3108.01247362187,1355.6599356480822,1096.9517430732478,655.4007949005415,1355.6599356479962,266.2059025457597,1089.4540331022365,1201.652553583143,1061.813181814713,293.84675383337196,1096.9517430732478,0.0,655.4007949005415,0.0,1544.4555371850372,482.64235537032414,1752.3525379737894,2336.470050631719,584.1175126579298,293.8467538333696,97.94891794445653,391.7956717778261,5.876935076667391,39.46256024120285,0.0,317.50594429303374,1527.5542255836144,17031.337422814413,3880.925587816756,0.0,0.0,0.0,12395.77072360893,0.0,32499.380271003785,24.053079556390173,0.0,0.0,0.0,0.0,0.0
2025-04-12 06:00:00+00:00,3,40.0,3057.446493160741,1333.9158641944734,1076.8938409958132,646.636787970454,1333.9158641943882,261.31093474998727,1072.6049294444008,1201.652553583143,1045.1753233952022,288.7405407992741,1076.8938409958132,0.0,646.636787970454,0.0,1520.255015847567,475.07969245236467,1723.5306289662672,2298.0408386216895,574.5102096554224,288.74054079927146,96.24684693309048,384.9873877323619,5.774810815985429,38.77318310957894,0.0,312.4307463816408,1502.8154893480828,4560.261982508823,3818.2958544692565,0.0,0.0,0.0,0.0,0.0,32499.380271003785,24.051336767991103,0.0,0.0,0.0,-4.547473508864641e-13,0.0
2025-04-12 07:00:00+00:00,3,40.0,3070.6544380104815,1339.2046665096595,1079.6964390437595,651.7533324570629,1339.204666509575,262.3162488493972,1076.8884176601778,1201.652553583143,1048.903468462752,290.30119804691117,1079.6964390437595,0.0,651.7533324570629,0.0,1525.6777723094572,476.7743038467054,1731.4497715008226,2308.59969533443,577.1499238336075,290.30119804690776,96.76706601563592,387.0682640625437,5.8060239609381545,38.90842649588342,0.0,313.7256654358375,1509.1314095886078,4579.785847599089,3834.2774676438876,0.0,0.0,0.0,0.0,0.0,32499.380271003785,24.049763676751926,0.0,0.0,0.0,-4.547473508864641e-13,0.0
2025-04-12 08:00:00+00:00,3,40.0,3024.258249840333,1317.8892988846865,1063.8099337545148,642.5590172011284,1317.889298884599,258.3216436270075,1059.5676552575915,1201.652553583143,1032.5372339202625,285.3520649644271,1063.8099337545148,0.0,642.5590172011284,0.0,1501.8723402476546,469.33510632739205,1706.3689509556434,2275.158601274191,568.7896503185477,285.35206496442424,95.11735498814141,380.46941995256566,5.707041299288485,38.33988818464673,0.0,308.7692676440047,1486.058308762021,4510.316558602353,3777.0309415218453,0.0,0.0,0.0,0.0,0.0,32499.380271003785,24.04913525393295,0.0,0.0,0.0,-6.821210263296962e-13,0.0
2025-04-12 09:00:00+00:00,3,40.0,2952.048198650281,1287.5620054703502,1035.856656421429,628.6295367585,1287.562005470261,251.56579163441097,1035.99621383585,1201.652553583143,1008.1676122258783,279.39439324447443,1035.856656421429,0.0,628.6295367585,0.0,1466.4256177830957,458.2580055572174,1664.4861931799292,2219.3149242399054,554.8287310599763,279.3943932444721,93.13146441482402,372.5258576592961,5.587887864889441,37.361995060227876,0.0,301.6552221838215,1450.8233061409564,4402.871504791237,3685.740542023001,0.0,0.0,0.0,0.0,0.0,32499.380271003785,24.049222074407655,0.0,0.0,0.0,0.0,0.0
2025-04-12 10:00:00+00:00,3,40.0,2929.163055665478,1276.6995987121943,1027.1996690436363,625.2637879096467,1276.699598712104,249.25881176394145,1027.4407869481627,1201.652553583143,999.4712899463032,277.2283087658941,1027.1996690436363,0.0,625.2637879096467,0.0,1453.7764217400775,454.3051317937742,1652.463456953283,2203.284609271044,550.821152317761,277.22830876589126,92.40943625529708,369.6377450211883,5.544566175317825,37.068627950405556,0.0,299.1541676445768,1439.3030821371324,0.0,3657.0610310111215,0.0,0.0,0.0,0.0,4368.46613780261,27894.61264541204,24.048310929444998,0.0,0.0,0.0,-2.2737367544323206e-13,0.0
2025-04-12 11:00:00+00:00,3,40.0,3018.0422265829366,1315.0024752797826,1058.8195927608929,644.2201585422612,1315.0024752796967,257.4618448608112,1057.5406304188855,1201.652553583143,1029.8246398403353,285.1778354394496,1058.8195927608929,0.0,644.2201585422611,0.0,1497.92674885867,468.1021090183344,1703.0397513031544,2270.7196684042055,567.6799171010514,285.1778354394471,95.0592784798157,380.2371139192628,5.703556708788942,38.2067893682494,0.0,308.15546225740445,1482.9071129336444,0.0,3768.6464172628757,0.0,0.0,0.0,0.0,4500.949339516581,23150.195463444405,24.05086859360883,0.0,0.0,0.0,0.0,0.0
2025-04-12 12:00:00+00:00,3,40.0,2937.9634504198903,1280.972237415333,1029.9644330767967,627.0267799277609,1280.972237415242,250.38544725440528,1030.5867901608367,1201.652553583143,1003.0233796768932,277.9488577384428,1029.9644330767967,0.0,627.0267799277609,0.0,1458.9430977118445,455.9197180349514,1656.9912130045577,2209.3216173394103,552.3304043348526,277.94885773843987,92.64961924614661,370.59847698458645,5.5589771547687965,37.16920079158152,0.0,300.15192748953405,1443.7798470518348,0.0,3668.264715051255,0.0,0.0,0.0,0.0,4381.743297471725,18531.43248271528,24.049596710860115,0.0,0.0,0.0,-2.2737367544323206e-13,0.0
2025-04-12 13:00:00+00:00,3,40.0,2936.394018063023,1279.9648750246288,1031.3682565217835,625.0608865166096,1279.9648750245344,250.86619733469203,1029.0986776898424,1201.652553583143,1001.4190421042273,278.54583292040456,1031.3682565217835,0.0,625.0608865166096,0.0,1456.609515787967,455.1904736837397,1656.429143038393,2208.572190717857,552.1430476794643,278.5458329204015,92.84861097346716,371.39444389386864,5.570916658408029,37.1916565608196,0.0,299.9045118507256,1442.8492174066243,4379.243235469647,3665.181706505824,0.0,0.0,0.0,0.0,0.0,18531.43248271528,24.050094072108624,0.0,0.0,0.0,-6.821210263296962e-13,0.0
2025-04-12 14:00:00+00:00,3,40.0,3007.658007168605,1311.4600924703618,1060.1633768684844,636.0345378297601,1311.460092470274,257.6440013037767,1053.8160911664972,1201.652553583143,1026.2731613044862,285.18693116587895,1060.1633768684844,0.0,636.0345378297601,0.0,1492.760961897434,466.48780059294813,1696.1979146982449,2261.5972195976597,565.3993048994149,285.18693116587633,95.06231038862543,380.24924155450174,5.703738623317526,38.16524668435214,0.0,307.2004022547576,1478.0188034434157,4485.676810612021,3754.358181495094,0.0,0.0,0.0,0.0,0.0,18531.43248271528,24.051516269292904,0.0,0.0,0.0,2.2737367544323206e-13,0.0
2025-04-12 15:00:00+00:00,3,40.0,3059.3822059163886,1336.665122085668,1077.6921452518425,645.0249385788798,1336.6651220855808,261.4306676449143,1075.2344544406665,1201.652553583143,1045.4599071511302,291.20521493454066,1077.6921452518425,0.0,645.0249385788798,0.0,1520.6689558561895,475.2090487050592,1722.7170838307225,2296.9561117742965,574.2390279435741,291.2052149345377,97.06840497817923,388.2736199127169,5.824104298690754,38.781013743344076,0.0,312.98661857560455,1504.108218244452,13715.500058744477,3817.6250676304862,0.0,0.0,0.0,9152.009634583637,0.0,27213.791166642164,24.05327219641643,0.0,0.0,0.0,0.0,0.0
2025-04-12 16:00:00+00:00,3,40.0,3006.305278603771,1314.4720260816118,1060.0366290628867,631.7966234592718,1314.4720260815227,257.51500528068857,1056.9570208008342,1201.652553583143,1027.1618231995535,287.31020288206105,1060.0366290628867,0.0,631.7966234592718,0.0,1494.0535610175325,466.8917378179789,1691.8332525221583,2255.7776700295444,563.9444175073861,287.3102028820583,95.77006762735277,383.0802705094111,5.746204057641166,38.11906510647931,0.0,307.7352236103229,1478.2067157271613,4484.511994330931,3749.831231047077,0.0,0.0,0.0,0.0,0.0,27213.791166642164,24.047524121301013,0.0,0.0,0.0,-1.3642420526593924e-12,0.0
2025-04-12 17:00:00+00:00,3,40.0,3007.45062791119,1313.7170870525001,1062.1036500549794,631.6298908037109,1313.7170870524058,258.25768678397606,1055.4594002684296,1201.652553583143,1027.5849683519916,286.13211870051157,1062.1036500549794,0.0,631.6298908037109,0.0,1494.6690448756242,467.0840765236326,1693.7335408586903,2258.311387811587,564.5778469528967,286.1321187005087,95.37737290016958,381.5094916006783,5.722642374010174,38.17940840968649,0.0,307.59652252980004,1478.5378696901955,0.0,3752.980432687211,0.0,0.0,0.0,0.0,4485.9884976013855,22485.144096729775,24.049856978528204,0.0,0.0,0.0,-2.2737367544323206e-13,0.0
2025-04-12 18:00:00+00:00,3,40.0,3066.3174869809536,1337.8749092500998,1085.618426039786,642.8241516910679,1337.8749092500134,263.8953522817122,1073.9795569683013,1201.652553583143,1047.5509858354246,290.3239234146778,1085.618426039786,0.0,642.8241516910678,0.0,1523.710524851527,476.1595390161022,1728.4425777308538,2304.5901036411383,576.1475259102846,290.32392341467516,96.77464113822505,387.0985645529002,5.806478468293503,38.99679429810426,0.0,313.2748645436759,1507.1598433746856,0.0,3828.300628492665,0.0,0.0,0.0,0.0,4573.4773303556385,17664.27569970639,24.04985447103712,0.0,0.0,0.0,-6.821210263296962e-13,0.0
2025-04-12 19:00:00+00:00,3,40.0,3014.1137776552564,1314.6811735362087,1064.7945597562982,634.6380443627515,1314.6811735361148,259.62149190011667,1055.0596816359982,1201.652553583143,1030.794799331554,283.8863742046576,1064.7945597562982,0.0,634.6380443627515,0.0,1499.3378899368058,468.5430906052518,1699.4326041190495,2265.9101388253994,566.4775347063498,283.8863742046549,94.62879140155162,378.5151656062065,5.677727484093097,38.29021723631646,0.0,307.9182414008369,1481.5356028343997,0.0,3765.248028762205,0.0,0.0,0.0,0.0,4495.649380489656,12925.445165082307,24.051048953910083,0.0,0.0,0.0,2.2737367544323206e-13,0.0
2025-04-12 20:00:00+00:00,3,40.0,2967.55226047756,1295.879989018686,1045.775472899622,625.8967985592523,1295.8799890185949,254.9167447160312,1040.9632443025637,1201.652553583143,1016.0108816509403,279.8691073677487,1045.775472899622,0.0,625.8967985592523,0.0,1477.8340096740951,461.8231280231547,1671.672271458874,2228.896361945165,557.2240904862913,279.8691073677461,93.28970245591536,373.15880982366144,5.597382147354922,37.632232172581176,0.0,303.4858636027493,1459.0523988880468,0.0,3706.73037161926,0.0,0.0,0.0,0.0,4426.6046593656065,8259.394156845934,24.049841786956122,0.0,0.0,0.0,-4.547473508864641e-13,0.0
2025-04-12 21:00:00+00:00,3,40.0,2956.3872331650873,1290.3528794690183,1043.110565306811,622.9237883892571,1290.3528794689325,254.4652313265181,1035.8876481424145,1201.652553583143,1012.0030552700044,278.34982419901615,1043.110565306811,0.0,622.9237883892571,0.0,1472.0044440290976,460.001388759093,1666.0343536960681,2221.379138261424,555.344784565356,278.3498241990137,92.78327473300456,371.13309893201824,5.566996483980273,37.522554843096906,0.0,302.2075827223839,1453.4265821069146,0.0,3693.3835822905216,0.0,0.0,0.0,0.0,4409.813815272002,3611.0422523337543,24.051717980393693,0.0,0.0,0.0,2.2737367544323206e-13,0.0
2025-04-12 22:00:00+00:00,3,40.0,2970.19408654103,1295.5076123963222,1046.9923395677054,627.6941345770036,1295.5076123962363,256.28668528030187,1039.2209271159345,1201.652553583143,1016.1454137473052,279.36219864901955,1046.9923395677054,0.0,627.6941345770036,0.0,1478.029692723353,461.8842789760478,1674.6864741447089,2232.9152988596115,558.2288247149029,279.3621986490175,93.12073288300583,372.4829315320233,5.58724397298035,37.6867115328012,0.0,303.4890943451642,1459.9968864249022,4430.190972965933,3710.9449915829646,0.0,0.0,0.0,0.0,0.0,3611.0422523337543,24.051239521803506,0.0,0.0,0.0,4.547473508864641e-13,0.0
2025-04-12 23:00:00+00:00,3,40.0,3033.7416111196762,1322.7310723863977,1069.7392943854873,641.2712443477926,1322.7310723863072,262.2384695997837,1060.4926027865235,1201.652553583143,1037.0436601086976,285.68741227770283,1069.7392943854873,0.0,641.2712443477926,0.0,1508.4271419762874,471.3834818675898,1711.0105387332799,2281.3473849777065,570.3368462444266,285.6874122777001,95.22913742590003,380.91654970360014,5.713748245554002,38.50489127504254,0.0,309.8904858186097,1491.0585908771227,22580.01146366557,3789.7745269539937,0.0,0.0,0.0,18055.21126166877,0.0,20739.719619052463,24.04991039447729,0.0,0.0,0.0,3.637978807091713e-12,0.0
2025-06-08 00:00:00+00:00,4,59.0,2668.226443465902,1164.7726430413848,957.2539297261512,546.1998706983649,1164.7726430412972,228.89540107108817,935.877241970209,1201.652553583143,909.4656058954781,255.30703714590905,957.2539297261512,0.0,546.1998706983649,0.0,1322.8590631206955,413.39345722521733,1503.453800424516,2004.6050672326878,501.15126680817195,255.3070371459064,85.10234571530214,340.40938286120854,5.106140742918128,34.179616598768185,0.0,272.4243135855522,1311.35714067593,3979.5835841418316,3327.4641303533836,0.0,0.0,0.0,0.0,0.0,20739.719619052463,24.040262421981264,0.0,0.0,0.0,-2.2737367544323206e-13,0.0
2025-06-08 01:00:00+00:00,4,59.0,2697.086106739959,1173.2033898026232,972.908371761937,550.9743451753974,1173.2033898025352,231.50575553216268,941.6976342703725,1201.652553583143,911.9415429524851,261.2618468501411,972.908371761937,0.0,550.9743451753974,0.0,1326.4604261127056,414.5188831602205,1523.8827169373344,2031.8436225831124,507.9609056457781,261.26184685013743,87.08728228337914,348.34912913351656,5.225236937002748,34.69699460461209,0.0,274.48309908422607,1323.9724017152187,4021.058508455177,3358.304048695818,0.0,0.0,0.0,0.0,0.0,20739.719619052463,24.040268365107778,0.0,0.0,0.0,-6.821210263296962e-13,0.0
2025-06-08 02:00:00+00:00,4,59.0,2748.2279820414296,1196.215292477453,992.7575017914419,559.2551877725342,1196.215292477367,236.06848565218633,960.1468068251806,1201.652553583143,929.0438048398555,267.1714876376001,992.7575017914419,0.0,559.2551877725343,0.0,1351.3364434034263,422.29263856357073,1552.012689563976,2069.3502527519677,517.3375631879919,267.1714876375969,89.05716254586562,356.2286501834625,5.343429752751937,35.3752769314686,0.0,279.8090108706483,1349.215081852297,4097.4430638937265,3420.686696155394,0.0,0.0,0.0,0.0,0.0,20739.719619052463,24.04269237903977,0.0,0.0,0.0,-2.2737367544323206e-13,0.0
2025-06-08 03:00:00+00:00,4,59.0,2787.1014940741543,1218.2007120430778,1001.1874014358068,567.7133805952681,1218.200712042988,238.05053700880245,980.1501750341856,1201.652553583143,945.4019012284125,272.79881081466834,1001.1874014358068,0.0,567.7133805952682,0.0,1375.1300381504182,429.72813692200566,1568.9007820310753,2091.867709374767,522.9669273436917,272.79881081466556,90.93293693822184,363.7317477528874,5.45597621629331,35.71275584902689,0.0,284.8156670585822,1369.612400327822,4156.713894401975,3466.9977475251853,0.0,0.0,0.0,0.0,0.0,20739.719619052463,24.043743146683923,0.0,0.0,0.0,-9.094947017729282e-13,0.0
2025-06-08 04:00:00+00:00,4,59.0,2835.911021442252,1246.4469969270203,1013.173510321201,576.2905141940347,1246.446996926935,241.23584880750212,1005.2111481194329,1201.652553583143,964.6234086096865,281.82358831733706,1013.173510321201,0.0,576.2905141940347,0.0,1403.088594341362,438.46518573167566,1589.4640245152357,2119.285366020314,529.8213415050785,281.8235883173344,93.94119610577812,375.7647844231125,5.636471766346687,36.15811045157638,0.0,291.21613841640146,1395.2384439768568,4231.149465419108,3522.373960361676,0.0,0.0,0.0,0.0,0.0,20739.719619052463,24.04731813223487,0.0,0.0,0.0,-6.821210263296962e-13,0.0
2025-06-08 05:00:00+00:00,4,59.0,2864.877477365525,1259.5585133447091,1024.580667647539,580.7382963732788,1259.558513344618,243.51631548882378,1016.0421978557943,1201.652553583143,974.5039116079778,285.05460173673373,1024.580667647539,0.0,580.7382963732788,0.0,1417.4602350661496,442.95632345817177,1605.318964020818,2140.4252853610906,535.1063213402726,285.054601736731,95.01820057891032,380.0728023156413,5.70109203473462,36.54480299315897,0.0,294.2364874628538,1409.563227868102,16670.21142884256,3557.8855204272404,0.0,0.0,0.0,12395.77072360893,0.0,32499.380271003785,24.049099290619235,0.0,0.0,0.0,1.8189894035458565e-12,0.0
2025-06-08 06:00:00+00:00,4,59.0,2869.0960452254612,1259.179707268694,1032.343449561085,577.5728883956821,1259.1797072686052,244.70866040230402,1014.4710468663011,1201.652553583143,974.6067914391441,284.57291582955315,1032.343449561085,0.0,577.5728883956821,0.0,1417.6098784569372,443.00308701779284,1609.9163379567672,2146.5551172756896,536.6387793189224,284.57291582954974,94.85763860984991,379.43055443939966,5.691458316590994,36.74603237078937,0.0,294.1324652597391,1411.0694608936847,4280.165506119145,3564.1649957326267,0.0,0.0,0.0,0.0,0.0,32499.380271003785,24.04950868732715,0.0,0.0,0.0,-9.094947017729282e-13,0.0
2025-06-08 07:00:00+00:00,4,59.0,2935.153587802032,1285.786965113866,1049.9288444142685,599.4377782738975,1285.7869651137826,250.77518955800747,1035.011775555775,1201.652553583143,998.0505992203757,287.7363658934927,1049.9288444142685,0.0,599.4377782738975,0.0,1451.709962502365,453.65936328198904,1649.366622688166,2199.1554969175545,549.7888742293886,287.7363658934903,95.91212196449676,383.64848785798705,5.754727317869806,37.49224311516703,0.0,300.5942574636092,1443.2015873725204,4378.355175174553,3650.8654594199197,0.0,0.0,0.0,0.0,0.0,32499.380271003785,24.051829214266554,0.0,0.0,0.0,4.547473508864641e-13,0.0
2025-06-08 08:00:00+00:00,4,59.0,2902.079830330927,1270.020965281274,1034.436068687078,597.6227963625765,1270.0209652811875,248.28462551405053,1021.7363397671369,1201.652553583143,986.4463115945292,283.5746536867481,1034.436068687078,0.0,597.6227963625765,0.0,1434.8309986829515,448.38468708842237,1632.0588650496545,2176.0784867328725,544.0196216832181,283.5746536867449,94.5248845622483,378.0995382489932,5.671493073734898,37.009310024238104,0.0,297.05210945665976,1426.6621058885216,4328.741936219449,3610.909485415824,0.0,0.0,0.0,0.0,0.0,32499.380271003785,24.051430134152376,0.0,0.0,0.0,0.0,0.0
2025-06-08 09:00:00+00:00,4,59.0,2865.8243195745335,1260.3556367533408,1008.2154937820784,597.2531890391141,1260.355636753248,243.1246992965025,1017.2309374567456,1201.652553583143,976.0601897158388,284.2954470375048,1008.2154937820784,0.0,597.2531890391141,0.0,1419.7239123139473,443.6637225981085,1605.4686828211925,2140.6249104282565,535.1562276070641,284.29544703750184,94.76514901250061,379.06059605000246,5.6859089407500365,36.21899670385349,0.0,294.7565155558459,1410.2465204181226,4276.070839992655,3560.348822742204,0.0,0.0,0.0,0.0,0.0,32499.380271003785,24.04996773378335,0.0,0.0,0.0,-9.094947017729282e-13,0.0
2025-06-08 10:00:00+00:00,4,59.0,3004.936785739249,1323.6582010194186,1055.0883472322123,626.1902374876153,1323.658201019331,254.91529477487313,1068.7429062444578,1201.652553583143,1025.189393002076,298.4688080173456,1055.0883472322123,0.0,626.1902374876153,0.0,1491.184571639383,465.99517863730716,1681.2785847198274,2241.7047796264364,560.4261949066091,298.46880801734255,99.48960267244752,397.95841068979007,5.969376160346851,37.914552791842524,0.0,309.50904878912206,1479.303953957675,0.0,3732.8893512658196,0.0,0.0,0.0,0.0,4484.240739696924,27772.575499683615,24.054679718623554,0.0,0.0,0.0,-2.2737367544323206e-13,0.0
2025-06-08 11:00:00+00:00,4,59.0,2992.4877938225673,1317.180761457378,1048.7595692292389,626.547463135951,1317.1807614572947,254.142267859435,1063.0384935978595,1201.652553583143,1020.7447081980152,296.4360532593654,1048.7595692292389,0.0,626.547463135951,0.0,1484.7195755607493,463.97486736273413,1675.30703236519,2233.7427098202534,558.4356774550633,296.436053259363,98.812017753121,395.248071012484,5.9287210651872595,37.72826170823668,0.0,308.0862898869991,1472.9658352313415,0.0,3718.4622853810024,0.0,0.0,0.0,0.0,4465.453629053909,23065.57408179195,24.053572368559855,0.0,0.0,0.0,2.2737367544323206e-13,0.0
2025-06-08 12:00:00+00:00,4,59.0,2864.58811242164,1262.036494805512,1007.7517965021099,594.7998211140164,1262.0364948054273,242.7751950066556,1019.2612997987717,1201.652553583143,976.4507474846059,285.5857473209089,1007.7517965021099,0.0,594.7998211140164,0.0,1420.2919963412453,443.84124885663914,1602.5516176161264,2136.735490154835,534.1838725387088,285.58574732090597,95.19524910696865,380.7809964278746,5.711714946418119,36.180552106203464,0.0,295.04269279143455,1410.1553303463727,0.0,3557.02748649608,0.0,0.0,0.0,0.0,4274.743442768013,18559.598851119765,24.050463813329515,0.0,0.0,0.0,2.2737367544323206e-13,0.0
2025-06-08 13:00:00+00:00,4,59.0,2798.9460515361766,1231.6827477033037,985.8897266901346,581.3735771427397,1231.6827477032157,237.29174419481828,994.3910035083974,1201.652553583143,953.4019111861762,278.28083651713047,985.8897266901346,0.0,581.3735771427398,0.0,1386.766416270802,433.36450508462565,1567.2633038328743,2089.684405110499,522.4211012776248,278.2808365171271,92.76027883904237,371.0411153561695,5.565616730342542,35.39042757213143,0.0,287.9867113820742,1377.4886408858408,4176.434692422017,3476.450821381301,0.0,0.0,0.0,0.0,0.0,18559.598851119765,24.051416538376607,0.0,0.0,0.0,-2.2737367544323206e-13,0.0
2025-06-08 14:00:00+00:00,4,59.0,2815.0490135332443,1238.7274679280333,985.5963320801318,590.7252135250768,1238.7274679279512,238.59374403778506,1000.1337238901663,1201.652553583143,960.0964149565314,278.63105297150514,985.5963320801318,0.0,590.7252135250768,0.0,1396.503876300409,436.4074613438778,1576.3215456052087,2101.7620608069446,525.4405152017362,278.6310529715023,92.87701765716743,371.5080706286697,5.572621059430046,35.475142097654725,0.0,289.7616072843866,1385.5343646442527,4200.583378177496,3498.2659371073537,0.0,0.0,0.0,0.0,0.0,18559.598851119765,24.050476371104935,0.0,0.0,0.0,-6.821210263296962e-13,0.0
2025-06-08 15:00:00+00:00,4,59.0,3010.6690789388085,1315.5019860919747,1049.7896687407563,645.3774241060787,1315.5019860918876,255.33612976292238,1060.1658563289652,1201.652553583143,1026.2647337561118,289.23725233586526,1049.7896687407563,0.0,645.3774241060786,0.0,1492.7487036452535,466.4839698891417,1695.167092846835,2260.2227904624465,565.0556976156116,289.23725233586265,96.41241744528755,385.6496697811502,5.784745046717252,37.947464303283475,0.0,308.2033033621765,1479.8875976622178,13990.340947003162,3752.9714941077,0.0,0.0,0.0,9499.784270402135,0.0,27571.885523533256,24.04632715648494,0.0,0.0,0.0,0.0,0.0
2025-06-08 16:00:00+00:00,4,59.0,3078.2069923204554,1343.622622611874,1078.2650914530523,656.3192782555292,1343.6226226117838,262.3811438705379,1081.2414787412458,1201.652553583143,1048.9924934607839,294.6301291510926,1078.2650914530523,0.0,656.3192782555292,0.0,1525.8072632156857,476.81476975490176,1734.5843697085816,2312.779159611442,578.1947899028605,294.63012915108993,98.21004305036331,392.84017220145324,5.892602583021798,38.91114552614686,0.0,314.779220209482,1512.8025710267761,4591.009563347232,3838.5864228271275,0.0,0.0,0.0,0.0,0.0,27571.885523533256,24.04695222688369,0.0,0.0,0.0,4.547473508864641e-13,0.0
2025-06-08 17:00:00+00:00,4,59.0,3074.9395644076244,1341.55226526632,1078.5998789619857,654.7874201793185,1341.5522652662276,262.03898948676414,1079.5132757794634,1201.652553583143,1047.133534978899,294.41873028742435,1078.5998789619857,0.0,654.7874201793185,0.0,1523.1033236056712,475.96978862677224,1733.3872991413043,2311.183065521739,577.7957663804348,294.41873028742134,98.13957676247378,392.5583070498951,5.888374605748426,38.90587057065275,0.0,314.2917091432346,1510.9910860893165,0.0,3834.28638912741,0.0,0.0,0.0,0.0,4585.930650496941,22737.89017448395,24.04903323366026,0.0,0.0,0.0,0.0,0.0
2025-06-08 18:00:00+00:00,4,59.0,3058.9732310608524,1335.2488219912634,1073.9209481687571,649.8034609008346,1335.2488219911743,260.64747995287985,1074.6013420382944,1201.652553583143,1042.4774421743023,292.771379816964,1073.9209481687571,0.0,649.8034609008346,0.0,1516.3308249808033,473.85338280650103,1723.7244090695917,2298.299212092789,574.5748030231972,292.7713798169609,97.59045993898697,390.36183975594787,5.855427596339218,38.71566305407106,0.0,312.76280960356735,1503.3525460226626,0.0,3814.630037073592,0.0,0.0,0.0,0.0,4562.325777083515,17928.776546723435,24.04750612339087,0.0,0.0,0.0,2.2737367544323206e-13,0.0
2025-06-08 19:00:00+00:00,4,59.0,3062.354483484829,1340.7502118528005,1076.5422156683492,645.0620559636799,1340.7502118527113,259.99858605361703,1080.7516257990942,1201.652553583143,1046.4109199322413,294.33929192056223,1076.5422156683492,0.0,645.0620559636799,0.0,1522.0522471741692,475.6413272419279,1721.604271632029,2295.4723621760386,573.8680905440096,294.33929192055894,98.11309730685298,392.4523892274119,5.886785838411178,38.74688702968727,0.0,313.8186378284522,1506.0748257893413,0.0,3817.524609350208,0.0,0.0,0.0,0.0,4568.42930927417,13113.229231131378,24.047766998167514,0.0,0.0,0.0,-2.2737367544323206e-13,0.0
2025-06-08 20:00:00+00:00,4,59.0,3034.895582970205,1329.3888740336827,1064.9170055876207,640.5897033488998,1329.3888740335942,257.3397344389455,1072.0491395946488,1201.652553583143,1037.5838924384889,291.80498159519647,1064.9170055876207,0.0,640.5897033488998,0.0,1509.212934455984,471.62904201749495,1705.5067089365205,2274.0089452486936,568.5022363121734,291.804981595194,97.268327198398,389.073308793592,5.836099631903879,38.35340720111762,0.0,311.1631855830906,1492.7522979441783,0.0,3783.2218797046776,0.0,0.0,0.0,0.0,4527.647880914383,8340.669315489959,24.04687496265896,0.0,0.0,0.0,-4.547473508864641e-13,0.0
2025-06-08 21:00:00+00:00,4,59.0,3007.7975109015924,1316.3106419484834,1050.963893730045,640.5229752230626,1316.3106419483902,255.30622073271184,1061.0044212156783,1201.652553583143,1027.6072551068637,288.7033868416229,1050.963893730045,0.0,640.5229752230628,0.0,1494.7014619736199,467.0942068667562,1691.4868689531077,2255.31582527081,563.8289563177025,288.7033868416195,96.23446228053982,384.93784912215926,5.7740677368323885,37.93414656413198,0.0,308.2548501564379,1479.1206899224007,0.0,3750.01728724443,0.0,0.0,0.0,0.0,4486.918200823994,3611.0422523337543,24.044212081643067,0.0,0.0,0.0,9.094947017729282e-13,0.0
2025-06-08 22:00:00+00:00,4,59.0,2975.856033715487,1296.4193353435053,1042.7353957066716,636.7013026653108,1296.4193353434198,254.30354211613147,1042.1157932272881,1201.652553583143,1013.0622684839925,283.3570668595157,1042.7353957066716,0.0,636.7013026653108,0.0,1473.5451177948983,460.4828493109057,1679.4366983719824,2239.248931162643,559.8122327906608,283.3570668595123,94.45235561983743,377.80942247934973,5.6671413371902455,37.649074897853254,0.0,303.8364583759012,1461.9001123323487,4437.7561460478355,3712.7940489575412,0.0,0.0,0.0,0.0,0.0,3611.0422523337543,24.043779431751954,0.0,0.0,0.0,0.0,0.0
2025-06-08 23:00:00+00:00,4,59.0,2972.2519996359006,1294.1329592649558,1043.9674819273764,634.151558443568,1294.1329592648653,254.07974608637844,1040.0532131784869,1201.652553583143,1012.3293920546784,281.8035672102803,1043.9674819273764,0.0,634.151558443568,0.0,1472.479115715896,460.1497236612175,1678.1190403709443,2237.4920538279257,559.3730134569814,281.8035672102769,93.93452240342563,375.7380896137025,5.636071344205538,37.66054004225697,0.0,303.2825107046806,1460.0363816127676,22487.49964291744,3709.971169543822,0.0,0.0,0.0,18055.21126166877,0.0,20739.719619052463,24.046713796107994,0.0,0.0,0.0,0.0,0.0
2025-07-04 00:00:00+00:00,5,66.0,2818.240359639253,1242.95053600148,1013.0560483659856,562.2337752717867,1242.9505360013925,239.96145376919702,1002.9890822321954,1201.652553583143,972.1188541046662,270.83168189681663,1013.0560483659856,0.0,562.2337752717867,0.0,1413.9910605158782,441.87220641121195,1575.2898236377723,2100.3864315170295,525.0966078792574,270.8316818968133,90.27722729893776,361.10890919575104,5.416633637936266,36.01401920369744,0.0,290.05911222917257,1388.7358066602133,22262.187427968238,3514.377492032908,0.0,0.0,0.0,18055.21126166877,0.0,20739.719619052463,24.044475864070396,0.0,0.0,0.0,0.0,0.0
2025-07-04 01:00:00+00:00,5,66.0,2774.3114535455616,1225.4793567741258,1002.0865464685612,546.7455503028727,1225.4793567740353,235.8846452911224,989.5947114829129,1201.652553583143,957.5484059338145,267.93095084031387,1002.0865464685612,0.0,546.7455503028727,0.0,1392.7976813582757,435.24927542446113,1548.832096771434,2065.109462361912,516.277365590478,267.9309508403113,89.31031694677043,357.2412677870817,5.358619016806226,35.53005189708557,0.0,285.7838652155792,1367.5094940911806,4141.820947636742,3457.9071437201874,0.0,0.0,0.0,0.0,0.0,20739.719619052463,24.0398771487387,0.0,0.0,0.0,-2.2737367544323206e-13,0.0
2025-07-04 02:00:00+00:00,5,66.0,2760.9594491582247,1218.867202464356,997.1151347094867,544.9771119843818,1218.8672024642608,234.80340014922848,984.0638023150323,1201.652553583143,952.4433116610612,266.42389080329747,997.1151347094867,0.0,544.9771119843818,0.0,1385.3720896888165,432.92877802775513,1542.0922466938687,2056.1229955918247,514.0307488979562,266.4238908032952,88.8079636010984,355.2318544043936,5.328477816065903,35.363225161128426,0.0,284.2792311127232,1360.7384246167271,16517.468597383882,3441.4950852806414,0.0,0.0,0.0,12395.77072360893,0.0,32499.380271003785,24.04069089429235,0.0,0.0,0.0,0.0,0.0
2025-07-04 03:00:00+00:00,5,66.0,2753.5121730464352,1217.1371066248362,992.8261134060434,543.5489530155539,1217.1371066247475,233.92413618235244,983.212970442395,1201.652553583143,950.3796256809029,266.7574809439359,992.8261134060434,0.0,543.5489530155539,0.0,1382.370364626768,431.99073894586496,1536.3750664215972,2048.5000885621293,512.1250221405323,266.75748094393305,88.91916031464434,355.6766412585774,5.335149618878661,35.22027293233684,0.0,283.8362652435312,1357.4266091957884,4110.938782242223,3430.870453188897,0.0,0.0,0.0,0.0,0.0,32499.380271003785,24.039897838154335,0.0,0.0,0.0,-4.547473508864641e-13,0.0
2025-07-04 04:00:00+00:00,5,66.0,2746.0345353449115,1213.7829178996994,989.5151209137996,542.7364965314121,1213.7829178996117,233.4579892887539,980.3249286108578,1201.652553583143,947.8082140339332,265.97470386576913,989.5151209137996,0.0,542.7364965314122,0.0,1378.630129503903,430.82191546996967,1532.2516174452117,2043.0021565936154,510.75053914840385,265.9747038657662,88.65823462192205,354.6329384876882,5.319494077315323,35.11281859272811,0.0,283.07242840169147,1353.7354303120305,4099.769965656942,3421.6322860975183,0.0,0.0,0.0,0.0,0.0,32499.380271003785,24.03899933462965,0.0,0.0,0.0,0.0,0.0
2025-07-04 05:00:00+00:00,5,66.0,2742.154172633252,1213.2855346348458,989.0283508665549,539.8402871318528,1213.285534634755,232.88007327381584,980.4054613609394,1201.652553583143,947.371841109564,265.91369352528505,989.0283508665549,0.0,539.8402871318528,0.0,1377.9954052502749,430.62356414071087,1528.8686379984078,2038.4915173312104,509.6228793328026,265.9136935252816,88.63789784176052,354.5515913670421,5.318273870505631,35.06925339731518,0.0,282.8800830645728,1352.1519516476676,4094.3061242809194,3416.4869225814855,0.0,0.0,0.0,0.0,0.0,32499.380271003785,24.040666234880547,0.0,0.0,0.0,-2.2737367544323206e-13,0.0
2025-07-04 06:00:00+00:00,5,66.0,2725.883905048667,1206.483337824032,982.4548465399544,536.9457206846812,1206.4833378239452,231.63964757347117,974.8436902504741,1201.652553583143,942.1097178104391,264.3736200135955,982.4548465399544,0.0,536.9457206846812,0.0,1370.3414077242753,428.231689913836,1519.4005672246356,2025.8674229661806,506.46685574154515,264.3736200135928,88.12454000453093,352.4981600181237,5.287472400271856,34.84310260304544,0.0,281.2927849013131,1344.2464455645425,4070.1303506132094,3396.208830690456,0.0,0.0,0.0,0.0,0.0,32499.380271003785,24.038291720749122,0.0,0.0,0.0,-2.2737367544323206e-13,0.0
2025-07-04 07:00:00+00:00,5,66.0,2750.898024777563,1218.4032591342282,987.1475274164397,545.3472382268944,1218.4032591341463,233.34115975023647,985.0620993839099,1201.652553583143,950.9657205791717,267.43753855505906,987.1475274164397,0.0,545.3472382268943,0.0,1383.2228662969771,432.2571457178054,1532.4947656433342,2043.3263541911122,510.83158854777804,267.4375385550561,89.1458461850187,356.5833847400748,5.3487507711011215,35.06789820476214,0.0,284.1189979834903,1356.7702274099556,4107.668252187519,3426.5492204880893,0.0,0.0,0.0,0.0,0.0,32499.380271003785,24.039585788812516,0.0,0.0,0.0,4.547473508864641e-13,0.0
2025-07-04 08:00:00+00:00,5,66.0,2781.6229960812484,1230.9482197742734,998.9252481780319,551.7495281289425,1230.9482197741825,236.58380786914213,994.3644119050405,1201.652553583143,961.5542424081369,269.39397736613944,998.9252481780319,0.0,551.7495281289425,0.0,1398.624352593654,437.0701101855169,1550.6747763069743,2067.566368409299,516.8915921023247,269.39397736613626,89.79799245537875,359.191969821515,5.387879547322725,35.48525272663038,0.0,287.0899842032454,1371.7228112204189,4153.345807301666,3466.190721002953,0.0,0.0,0.0,0.0,0.0,32499.380271003785,24.040208321491637,0.0,0.0,0.0,-9.094947017729282e-13,0.0
2025-07-04 09:00:00+00:00,5,66.0,2776.4756009080784,1230.2649810085604,999.8076464456796,546.4029734538383,1230.2649810084781,235.80632638681692,994.4586546216613,1201.652553583143,960.3366785086565,269.92830249990664,999.8076464456796,0.0,546.4029734538382,0.0,1396.8533505580458,436.5166720493893,1546.2106198995177,2061.6141598660233,515.4035399665058,269.92830249990436,89.97610083330144,359.9044033332058,5.398566049998086,35.45825912790877,0.0,286.7945695493918,1369.5477075764952,4146.023308484573,3458.467510424069,0.0,0.0,0.0,0.0,0.0,32499.380271003785,24.040307018107157,0.0,0.0,0.0,-4.547473508864641e-13,0.0
2025-07-04 10:00:00+00:00,5,66.0,2749.9392623389845,1218.7643106434691,985.302391893786,545.8725598017294,1218.7643106433786,233.89429743603975,984.8700132073388,1201.652553583143,951.3013991053783,267.46291153809375,985.302391893786,0.0,545.8725598017293,0.0,1383.7111259714595,432.4097268660811,1531.1749516955151,2041.5666022606868,510.3916505651717,267.46291153809113,89.15430384603037,356.6172153841215,5.349258230761822,35.01779735483087,0.0,284.21555953539473,1356.5382963982706,0.0,3425.2777282321463,0.0,0.0,0.0,0.0,4106.477558737255,28170.77285567792,24.039681787127705,0.0,0.0,0.0,0.0,0.0
2025-07-04 11:00:00+00:00,5,66.0,2729.8440828788735,1210.0723968953694,973.230762967522,546.5409230159822,1210.072396895283,231.3595487790806,978.7128481162023,1201.652553583143,943.908805378816,266.16359151655587,973.230762967522,0.0,546.5409230159822,0.0,1372.958262369187,429.0494569903709,1519.7716859835045,2026.362247978006,506.5905619945015,266.16359151655286,88.72119717218428,354.8847886887371,5.323271830331056,34.66233211918549,0.0,282.26650321628085,1346.6133233228543,0.0,3399.320510347193,0.0,0.0,0.0,0.0,4076.4574062017273,23873.809459591364,24.04100564944484,0.0,0.0,0.0,-4.547473508864641e-13,0.0
2025-07-04 12:00:00+00:00,5,66.0,2640.408421575164,1170.9378557854168,943.3404203946615,526.130145395085,1170.9378557853308,223.47258476847213,947.4652710168587,1201.652553583143,914.1278482935384,256.8100074918811,943.3404203946615,0.0,526.130145395085,0.0,1329.6405066087832,415.5126583152447,1469.4705657897464,1959.2940877196618,489.82352192991544,256.8100074918781,85.60333583062602,342.4133433225041,5.136200149837562,33.56151406579069,0.0,273.0630371020052,1302.7002673934196,0.0,3288.934594328445,0.0,0.0,0.0,0.0,3943.108688968584,19717.407953344304,24.038889446243367,0.0,0.0,0.0,2.2737367544323206e-13,0.0
2025-07-04 13:00:00+00:00,5,66.0,2663.4376508569358,1176.5640802406874,955.8442027361364,531.0293678801135,1176.5640802405992,225.9786637770461,950.5854164635532,1201.652553583143,918.606849386913,257.95723085377745,955.8442027361364,0.0,531.0293678801133,0.0,1336.1554172900553,417.54856790314227,1486.8735706162497,1982.4980941549995,495.6245235387499,257.95723085377506,85.98574361792501,343.94297447170004,5.1591446170755,33.98561976088523,0.0,274.500868965089,1312.8044684028669,15082.299037254386,3318.653511445055,0.0,0.0,0.0,11106.056917994585,0.0,30253.53865864413,24.040489631642735,0.0,0.0,0.0,-1.8189894035458565e-12,0.0
2025-07-04 14:00:00+00:00,5,66.0,2712.354349978731,1195.2182124241174,974.3293519565748,542.8067855980388,1195.2182124240305,230.42034383143096,964.7978685925996,1201.652553583143,932.9872608677192,262.23095155640124,974.3293519565748,0.0,542.8067855980388,0.0,1357.0723794439552,424.085118576236,1517.1361375546137,2022.8481834061515,505.7120458515379,262.23095155639794,87.41031718546597,349.6412687418639,5.244619031127958,34.657948414677634,0.0,278.9741466512005,1336.084195710246,4048.438545688977,3379.9205628501068,0.0,0.0,0.0,0.0,0.0,30253.53865864413,24.045645686140357,0.0,0.0,0.0,-2.2737367544323206e-13,0.0
2025-07-04 15:00:00+00:00,5,66.0,2751.8690673449673,1214.1686300642234,986.6745854112028,551.0258518695395,1214.168630064133,232.79245236912237,981.3761776950105,1201.652553583143,946.9963330362718,267.1722970279544,986.6745854112028,0.0,551.0258518695395,0.0,1377.4492116891226,430.4528786528508,1537.700437280742,2050.267249707656,512.566812426914,267.1722970279518,89.0574323426506,356.2297293706024,5.343445940559036,35.11049608103148,0.0,283.3463009780203,1355.8773664220262,4107.7464337669935,3427.716461396779,0.0,0.0,0.0,0.0,0.0,30253.53865864413,24.045442999182676,0.0,0.0,0.0,0.0,0.0
2025-07-04 16:00:00+00:00,5,66.0,2760.8345873863886,1219.133688333453,990.8017012750687,550.8991977778662,1219.1336883333618,233.2126364249118,985.9210519084501,1201.652553583143,950.2289955564461,268.9046927770094,990.8017012750687,0.0,550.8991977778662,0.0,1382.1512662639216,431.9222707074755,1541.7008990529348,2055.6011987372462,513.9002996843116,268.9046927770064,89.63489759233546,358.53959036934185,5.378093855540127,35.23304301603072,0.0,284.435336007502,1360.5039408631953,0.0,3437.752465001168,0.0,0.0,0.0,0.0,4121.338528249584,25909.26640601917,24.04600638402711,0.0,0.0,0.0,-2.2737367544323206e-13,0.0
2025-07-04 17:00:00+00:00,5,66.0,2761.2847957782765,1219.9754153034285,991.2680311714009,550.0413493034473,1219.975415303339,232.7886861940714,987.1867291092676,1201.652553583143,950.3390447477933,269.636370555638,991.2680311714009,0.0,550.0413493034473,0.0,1382.3113378149721,431.9722930671788,1541.3093804748482,2055.079173966464,513.769793491616,269.6363705556347,89.87879018521156,359.5151607408462,5.392727411112693,35.2384544281765,0.0,284.58577853333645,1360.837837116632,0.0,3437.3905117814365,0.0,0.0,0.0,0.0,4122.122632894909,21564.167634526493,24.04331569445388,0.0,0.0,0.0,2.2737367544323206e-13,0.0
2025-07-04 18:00:00+00:00,5,66.0,3000.193083244442,1325.8158637327265,1090.034915725504,584.3423037862095,1325.8158637326364,254.22710298202537,1071.588760750611,1201.652553583143,1033.9326601547232,291.88320357800626,1090.034915725504,0.0,584.3423037862094,0.0,1503.9020511341428,469.9693909794196,1674.3772195117135,2232.502959348951,558.1257398372378,291.8832035780033,97.29440119266776,389.17760477067105,5.837664071560066,38.54447050962722,0.0,309.01285071428583,1478.7845173047983,0.0,3736.405010483094,0.0,0.0,0.0,0.0,4478.97760054924,16842.910698989348,24.04857644414587,0.0,0.0,0.0,2.2737367544323206e-13,0.0
2025-07-04 19:00:00+00:00,5,66.0,2979.2868905398427,1315.5055910331662,1084.0820892445809,579.6992102620969,1315.505591033081,252.908759180549,1062.596831852532,1201.652553583143,1026.3882914110325,289.11729962213656,1084.0820892445809,0.0,579.6992102620968,0.0,1492.9284238705927,466.54013245956025,1663.7812995066774,2218.375066008903,554.5937665022258,289.1172996221337,96.3724332073779,385.4897328295116,5.782345992442673,38.31945477995839,0.0,306.6320829040196,1468.2402158455848,0.0,3711.303489879496,0.0,0.0,0.0,0.0,4447.527106385428,12154.805495150697,24.048723544670704,0.0,0.0,0.0,4.547473508864641e-13,0.0
2025-07-04 20:00:00+00:00,5,66.0,2756.4462746615827,1205.1248517126496,981.9988228254227,569.322600123513,1205.1248517125582,234.78517252055562,970.3396791920027,1201.652553583143,938.1146306655552,267.01022104709756,981.9988228254227,0.0,569.3226001235129,0.0,1364.530371877171,426.41574121161597,1551.3214229489358,2068.428563931914,517.1071409829785,267.010221047095,89.00340701569833,356.0136280627933,5.3402044209419,35.153190685997814,0.0,281.9068391198166,1354.9265234370491,0.0,3432.9589358090852,0.0,0.0,0.0,0.0,4111.372798098631,7821.038044466943,24.048502231007145,0.0,0.0,0.0,-4.547473508864641e-13,0.0
2025-07-04 21:00:00+00:00,5,66.0,2678.48131628407,1166.0898613482298,947.4503663230291,564.9410886128139,1166.0898613481377,228.66911566064238,937.4207456874954,1201.652553583143,909.9551484333942,256.1347129148377,947.4503663230291,0.0,564.9410886128139,0.0,1323.571124994028,413.6159765606337,1512.3914549358433,2016.5219399144576,504.1304849786144,256.1347129148353,85.37823763827842,341.5129505531137,5.122694258296705,34.07292187581902,0.0,273.1510612639854,1315.4713765756278,0.0,3340.0930649084858,0.0,0.0,0.0,0.0,3993.9526928596974,3611.0422523337543,24.046414874555587,0.0,0.0,0.0,-4.547473508864641e-13,0.0
2025-07-04 22:00:00+00:00,5,66.0,2653.3286196868225,1155.0995450670068,934.4596064728977,563.7694681469176,1155.0995450669227,226.4431141870846,928.6564308798381,1201.652553583143,902.0619463828542,253.03759868415506,934.4596064728977,0.0,563.7694681469175,0.0,1312.0901038296063,410.02815744675195,1498.229074619815,1997.6387661597532,499.4096915399383,253.0375986841525,84.34586622805082,337.3834649122033,5.0607519736830495,33.6714828756561,0.0,270.66169582199245,1303.1776458860727,3956.5062655728952,3309.7288699893597,0.0,0.0,0.0,0.0,0.0,3611.0422523337543,24.045228364025782,0.0,0.0,0.0,0.0,0.0
2025-07-04 23:00:00+00:00,5,66.0,2639.941990440102,1145.6139366974362,932.3968426297067,561.9312111129582,1145.6139366973555,226.25557969878977,919.3583569985657,1201.652553583143,897.2690661262884,248.34487057115064,932.3968426297067,0.0,561.9312111129582,0.0,1305.1186416382377,407.8495755119493,1494.3280537426647,1992.4374049902194,498.10935124755486,248.34487057114802,82.78162352371601,331.12649409486403,4.96689741142296,33.59121739002078,0.0,268.5629855565471,1295.861650641211,3935.803641081313,3297.556046628457,0.0,0.0,0.0,0.0,0.0,3611.0422523337543,24.04414289101291,0.0,0.0,0.0,-2.2737367544323206e-13,0.0
2025-09-25 00:00:00+00:00,6,31.0,2901.6103379852475,1237.1931238774164,1020.2893051277359,644.1279089800976,1237.1931238773368,254.92754864585274,982.2655752314841,1201.652553583143,974.1358483273084,263.05727555011117,1020.2893051277359,0.0,644.1279089800976,0.0,1416.9248702942664,442.7890219669582,1664.4172141078334,2219.2229521437775,554.8057380359444,263.0572755501082,87.68575851670273,350.74303406681094,5.261145511002164,37.04995824363306,0.0,291.23692728175,1418.8285495559905,4320.438887541238,3636.147822438044,0.0,0.0,0.0,0.0,0.0,20739.719619052463,24.04573382884875,0.0,0.0,0.0,-2.2737367544323206e-13,0.0
2025-09-25 01:00:00+00:00,6,31.0,2813.053221362433,1196.3611314511577,992.368331892482,624.3237580187944,1196.3611314510672,248.1000177187398,948.2611137323275,1201.652553583143,942.9330640406682,253.42806741049247,992.368331892482,0.0,624.3237580187944,0.0,1371.539002240972,428.60593820030374,1616.6920899112765,2155.589453215035,538.8973633037588,253.42806741048946,84.47602247016314,337.9040898806526,5.068561348209789,36.01428753696241,0.0,281.7196537913833,1374.781826650781,4187.835048013214,3527.128455456007,0.0,0.0,0.0,0.0,0.0,20739.719619052463,24.045591287206175,0.0,0.0,0.0,0.0,0.0
2025-09-25 02:00:00+00:00,6,31.0,2778.8391508903856,1182.2134627119942,976.3938291665106,620.2318590118786,1182.2134627119085,244.42034436641862,937.7931183454899,1201.652553583143,930.428344090738,251.78511862125882,976.3938291665106,0.0,620.2318590118786,0.0,1353.3503186774371,422.9219745866991,1596.6256881783893,2128.8342509045187,532.2085627261297,251.78511862125617,83.92837287375205,335.7134914950082,5.035702372425123,35.4941334651141,0.0,278.438369476547,1358.0271155006672,4136.866266391052,3482.1845695819557,0.0,0.0,0.0,0.0,0.0,20739.719619052463,24.04435448509253,0.0,0.0,0.0,-9.094947017729282e-13,0.0
2025-09-25 03:00:00+00:00,6,31.0,2801.830507389542,1192.5599441540073,981.8537881897763,627.416775045758,1192.5599441539164,245.8317712183496,946.7281729355668,1201.652553583143,937.9063804310772,254.6535637229329,981.8537881897763,0.0,627.4167750457581,0.0,1364.2274624452034,426.3210820141261,1609.2705632355342,2145.6940843140455,536.4235210785114,254.6535637229298,84.8845212409766,339.5380849639064,5.0930712744585955,35.72978139615087,0.0,280.8907396160389,1369.3427166202623,4171.1732240098045,3509.921546759249,0.0,0.0,0.0,0.0,0.0,20739.719619052463,24.043784875561336,0.0,0.0,0.0,0.0,0.0
2025-09-25 04:00:00+00:00,6,31.0,2797.6655864432987,1191.4961764558325,979.8166770425898,626.352732944876,1191.4961764557365,244.3646649602895,947.131511495447,1201.652553583143,937.909631786879,253.58654466895618,979.8166770425898,0.0,626.3527329448759,0.0,1364.232191690006,426.32255990312683,1606.1694099874655,2141.5592133166206,535.3898033291551,253.58654466895337,84.52884822298445,338.1153928919378,5.071730893379067,35.658027640726445,0.0,280.59604075525976,1367.5670107446317,4165.23259718793,3505.7914050066265,0.0,0.0,0.0,0.0,0.0,20739.719619052463,24.046391136081038,0.0,0.0,0.0,-4.547473508864641e-13,0.0
2025-09-25 05:00:00+00:00,6,31.0,2851.1160942723395,1214.5621403989921,999.4021117670499,637.1518421062976,1214.5621403989057,248.45684381506268,966.1052965838431,1201.652553583143,955.5763737855729,258.9857666134222,999.4021117670499,0.0,637.1518421062977,0.0,1389.9292709608335,434.35289717526047,1636.5539538733474,2182.0719384977965,545.5179846244491,258.9857666134192,86.32858887113971,345.31435548455886,5.179715332268382,36.35358177407447,0.0,285.9808495022098,1393.713617279402,16640.60043516067,3572.00120945863,0.0,0.0,0.0,12395.77072360893,0.0,32499.380271003785,24.04718243553683,0.0,0.0,0.0,0.0,0.0
2025-09-25 06:00:00+00:00,6,31.0,2897.596325228168,1234.5034267153626,1017.5194100731774,645.5734884396271,1234.5034267152762,252.63297684182086,981.8704498734553,1201.652553583143,972.1739893480822,262.329437367283,1017.5194100731774,0.0,645.5734884396271,0.0,1414.071257233574,441.8972678854919,1663.0928985128044,2217.457198017072,554.364299504268,262.32943736727975,87.44314578909325,349.772583156373,5.246588747345595,36.98131718659159,0.0,290.6339289135208,1416.5665480263112,4314.16287325448,3631.5284552506464,0.0,0.0,0.0,0.0,0.0,32499.380271003785,24.04862690192113,0.0,0.0,0.0,2.2737367544323206e-13,0.0
2025-09-25 07:00:00+00:00,6,31.0,2939.804260036653,1252.2164679128612,1036.704236287053,650.8835558367384,1252.216467912771,256.3434666701098,995.8730012426612,1201.652553583143,987.4944118003118,264.7220561125522,1036.704236287053,0.0,650.8835558367383,0.0,1436.355508073181,448.8610962728691,1687.5877921237911,2250.1170561650547,562.5292640412637,264.722056112549,88.24068537084966,352.96274148339864,5.294441122250979,37.60996264697897,0.0,294.7222200928841,1437.2576695470966,4377.06192958375,3686.4725642382355,0.0,0.0,0.0,0.0,0.0,32499.380271003785,24.049418601643403,0.0,0.0,0.0,0.0,0.0
2025-09-25 08:00:00+00:00,6,31.0,2945.080060947703,1259.7350522743932,1034.3082038379237,651.0368048353882,1259.7350522743063,255.590938084693,1004.1441141896134,1201.652553583143,993.5259037988163,266.2091484755793,1034.3082038379237,0.0,651.0368048353882,0.0,1445.128587343733,451.60268354491654,1685.3450086733117,2247.126678231082,561.7816695577706,266.20914847557697,88.73638282519232,354.9455313007693,5.324182969511539,37.539614163491585,0.0,296.3127310017526,1441.297264062635,4386.377325010338,3692.255265574815,0.0,0.0,0.0,0.0,0.0,32499.380271003785,24.048095615909766,0.0,0.0,0.0,0.0,0.0
2025-09-25 09:00:00+00:00,6,31.0,2930.317398884138,1254.5354653655613,1029.2601132889886,646.5218202295888,1254.5354653654706,254.14427702700894,1000.3911883384616,1201.652553583143,988.5515526702524,265.98391269531146,1029.2601132889886,0.0,646.5218202295887,0.0,1437.8931675203671,449.34161485011475,1675.7819335185773,2234.3759113581027,558.5939778395257,265.98391269530873,88.66130423176958,354.6452169270783,5.319678253906174,37.34302160096554,0.0,295.02899686733736,1434.2885936436192,4364.605992527757,3672.26907887847,0.0,0.0,0.0,0.0,0.0,32499.380271003785,24.044629371396173,0.0,0.0,0.0,-4.547473508864641e-13,0.0
2025-09-25 10:00:00+00:00,6,31.0,2948.936314313021,1259.4599782928892,1044.4025045729366,645.0738314471961,1259.4599782928003,257.50133538027154,1001.9586429125288,1201.652553583143,994.2679017306442,265.19207656224813,1044.4025045729366,0.0,645.073831447196,0.0,1446.2078570627552,451.939955332111,1689.4763360201327,2252.6351146935103,563.1587786733776,265.19207656224523,88.39735885408174,353.589435416327,5.303841531244904,37.78281345166006,0.0,296.1829585020673,1442.7657063445427,0.0,3698.842971756266,0.0,0.0,0.0,0.0,4391.7020206575635,27870.1198743232,24.04724133211461,0.0,0.0,0.0,0.0,0.0
2025-09-25 11:00:00+00:00,6,31.0,2984.0348840763613,1275.2400267618075,1053.363914179457,655.4309431350961,1275.2400267617215,260.0729907841381,1015.1670359775835,1201.652553583143,1005.7327023819201,269.5073243798901,1053.363914179457,0.0,655.4309431350961,0.0,1462.8839307373385,457.15122835541825,1708.7948573145532,2278.3931430860707,569.5982857715177,269.50732437988756,89.83577479329585,359.3430991731834,5.390146487597751,38.15522685673467,0.0,299.91935082070677,1460.050013085271,0.0,3741.2770738234094,0.0,0.0,0.0,0.0,4444.084897161632,23185.643077594563,24.046107057064713,0.0,0.0,0.0,0.0,0.0
2025-09-25 12:00:00+00:00,6,31.0,2952.3289487971765,1259.24765370042,1041.7441588623228,651.337136234432,1259.2476537003304,259.183317458669,1000.0643362416613,1201.652553583143,994.1433066195582,265.1043470808649,1041.7441588623228,0.0,651.337136234432,0.0,1446.0266278102665,451.8833211907083,1693.0812950967547,2257.441726795673,564.3604316989182,265.1043470808613,88.36811569362044,353.47246277448176,5.302086941617226,37.765696128214,0.0,296.32166898003743,1444.0013206331155,0.0,3703.4683546059396,0.0,0.0,0.0,0.0,4396.330269430292,18551.504078347414,24.045356008492217,0.0,0.0,0.0,0.0,0.0
2025-09-25 13:00:00+00:00,6,31.0,2912.9973999582544,1239.3757547940793,1030.1114208764773,643.5102242876997,1239.3757547939897,256.4892666608663,982.8864881331233,1201.652553583143,979.284744879715,260.0910099143673,1030.1114208764773,0.0,643.5102242876997,0.0,1424.4141743704947,445.1294294907796,1673.621645164177,2231.4955268855692,557.8738817213923,260.0910099143639,86.69700330478796,346.7880132191518,5.201820198287277,37.33844486917131,0.0,291.75578522161504,1423.9963648060334,4336.993764764287,3655.909701256064,0.0,0.0,0.0,0.0,0.0,18551.504078347414,24.044180598407994,0.0,0.0,0.0,-4.547473508864641e-13,0.0
2025-09-25 14:00:00+00:00,6,31.0,2897.536658208427,1235.487139928903,1023.3167378200709,638.7327804594537,1235.4871399288136,254.1316291749174,981.3555107538963,1201.652553583143,974.8312192599135,260.6559206689926,1023.3167378200709,0.0,638.7327804594536,0.0,1417.9363189235105,443.105099663597,1662.0495182795244,2216.066024372699,554.0165060931747,260.65592066898944,86.88530688966314,347.54122755865257,5.213118413379788,37.08682993919666,0.0,290.7183265022172,1417.0251875012284,4314.561845709655,3634.0023432962093,0.0,0.0,0.0,0.0,0.0,18551.504078347414,24.040045815378754,0.0,0.0,0.0,-2.2737367544323206e-13,0.0
2025-09-25 15:00:00+00:00,6,31.0,2901.2151153021136,1233.6842812697416,1027.5883915644808,639.9424424678917,1233.6842812696511,255.0142294220837,978.6700518475675,1201.652553583143,974.5782921513592,259.1059891183852,1027.5883915644808,0.0,639.9424424678917,0.0,1417.5684249474316,442.9901327960724,1667.5308340323727,2223.3744453764966,555.8436113441242,259.10598911838224,86.36866303946074,345.47465215784297,5.182119782367645,37.22707617161335,0.0,290.3999350189665,1418.0115381526048,13194.73621632685,3640.942870323928,0.0,0.0,0.0,8875.509562872132,0.0,26971.551762331823,24.043544407192762,0.0,0.0,0.0,0.0,0.0
2025-09-25 16:00:00+00:00,6,31.0,2901.737994427714,1235.2860065052257,1025.0685025305772,641.3834853919113,1235.2860065051339,254.7214152386255,980.5645912665083,1201.652553583143,975.3548635378721,259.93114296735615,1025.0685025305772,0.0,641.3834853919112,0.0,1418.6979833278142,443.34311978994197,1666.4519879224886,2221.935983896651,555.4839959741628,259.93114296735325,86.64371432245107,346.5748572898043,5.198622859347064,37.16588992983644,0.0,290.76440625385294,1418.599749129592,4320.337743557306,3640.6339672244653,0.0,0.0,0.0,0.0,0.0,26971.551762331823,24.04305241258003,0.0,0.0,0.0,-4.547473508864641e-13,0.0
2025-09-25 17:00:00+00:00,6,31.0,2922.2616041557385,1246.6590200186513,1030.2289881740387,645.3735959630494,1246.6590200185626,256.1121369433944,990.5468830751682,1201.652553583143,983.4220140591709,263.2370059594827,1030.2289881740387,0.0,645.3735959630494,0.0,1430.4320204497033,447.0100063905323,1675.6025841370881,2234.136778849451,558.5341947123627,263.2370059594805,87.74566865316015,350.9826746126406,5.264740119189609,37.360605604851656,0.0,293.35613478305595,1429.2713502631523,0.0,3664.5687992991543,0.0,0.0,0.0,0.0,4351.53295441889,22384.633279250036,24.0434912728354,0.0,0.0,0.0,-9.094947017729282e-13,0.0
2025-09-25 18:00:00+00:00,6,31.0,2984.318557264252,1273.421982442928,1056.5544813023776,654.3420935189473,1273.421982442846,261.91132314326035,1011.5106592995857,1201.652553583143,1004.2487656841062,269.1732167588243,1056.5544813023776,0.0,654.3420935189473,0.0,1460.7254773587001,456.4767116745938,1710.896574821325,2281.1954330951,570.298858273775,269.17321675882204,89.724405586274,358.897622345096,5.3834643351764395,38.240055374260805,0.0,299.5551546779511,1459.6786499220311,0.0,3741.9209104538,0.0,0.0,0.0,0.0,4443.997207186283,17700.24891587142,24.045169930670934,0.0,0.0,0.0,0.0,0.0
2025-09-25 19:00:00+00:00,6,31.0,3005.1735252236713,1283.157629866593,1064.9613580789794,657.0545372780983,1283.1576298665138,263.7240674865832,1019.4335623799307,1201.652553583143,1011.7159084030434,271.44172146355254,1064.9613580789794,0.0,657.0545372780983,0.0,1471.5867758589725,459.8708674559289,1722.0158953570776,2296.0211938094367,574.0052984523592,271.44172146354913,90.48057382118304,361.9222952847322,5.4288344292709825,38.51938611515037,0.0,301.78639714153815,1470.0913574154306,0.0,3767.607969668409,0.0,0.0,0.0,0.0,4475.264882639102,12982.905528636187,24.046994552199603,0.0,0.0,0.0,4.547473508864641e-13,0.0
2025-09-25 20:00:00+00:00,6,31.0,3020.229052487607,1287.871519935298,1072.9860553993376,659.3714771529714,1287.8715199352096,265.7468693610734,1022.1246505741361,1201.652553583143,1015.7559695597582,272.11555037554257,1072.9860553993376,0.0,659.3714771529712,0.0,1477.4632284505576,461.70725889079927,1732.3575325523088,2309.8100434030785,577.4525108507696,272.11555037553967,90.70518345851322,362.8207338340529,5.442311007510793,38.78329643350984,0.0,302.93020151819246,1477.0207621592951,0.0,3787.2732718536363,0.0,0.0,0.0,0.0,4497.249814646902,8242.38798828476,24.045870123590635,0.0,0.0,0.0,2.2737367544323206e-13,0.0
2025-09-25 21:00:00+00:00,6,31.0,2950.7057417030483,1258.043318137477,1047.8777084108037,644.784715154768,1258.043318137392,260.01531387508925,998.0280042623027,1201.652553583143,992.1775768093652,265.86574132811495,1047.8777084108037,0.0,644.784715154768,0.0,1443.1673844499853,450.9898076406204,1692.662423565572,2256.8832314207625,564.2208078551906,265.86574132811177,88.62191377603725,354.487655104149,5.317314826562234,37.8841784038718,0.0,295.94058298885193,1442.9746054911343,0.0,3700.0506158707476,0.0,0.0,0.0,0.0,4393.680347194183,3611.0422523337543,24.044493764805434,0.0,0.0,0.0,4.547473508864641e-13,0.0
2025-09-25 22:00:00+00:00,6,31.0,3008.2873212151394,1282.2704106070414,1070.6531372605982,655.3637733474973,1282.2704106069484,265.00017047354385,1017.2702401334045,1201.652553583143,1011.5428459101078,270.7275646969365,1070.6531372605982,0.0,655.3637733474974,0.0,1471.3350485965204,459.7922026864126,1726.0169106080957,2301.355880810794,575.3389702026985,270.72756469693365,90.24252156564455,360.9700862625782,5.414551293938673,38.673231851292925,0.0,301.6026820246743,1471.0641596246617,4479.351480839801,3772.690929407315,0.0,0.0,0.0,0.0,0.0,3611.0422523337543,24.0466714214708,0.0,0.0,0.0,2.2737367544323206e-13,0.0
2025-09-25 23:00:00+00:00,6,31.0,3018.9215469377955,1289.503077524509,1069.434823144913,659.9836462683729,1289.5030775244181,264.72278890906034,1024.7802886153577,1201.652553583143,1016.5468684506977,272.9562090738143,1069.434823144913,0.0,659.983646268373,0.0,1478.6136268373784,462.06675838668076,1729.418469413286,2305.8912925510476,576.4728231377619,272.95620907381135,90.98540302460378,363.94161209841513,5.459124181476227,38.68288115703112,0.0,303.25990108361793,1476.9268909711716,22551.059699577738,3784.504919388426,0.0,0.0,0.0,18055.21126166877,0.0,20739.719619052463,24.046359563256615,0.0,0.0,0.0,0.0,0.0
2025-10-25 00:00:00+00:00,7,36.0,2528.7797424181535,1074.0126010058361,883.7856651468182,570.9814762654972,1074.0126010057488,223.79453413751918,850.2180668682296,1201.652553583143,846.1038789484842,227.90872205735445,883.7856651468182,0.0,570.9814762654972,0.0,1230.6965511977953,384.592672249311,1454.7671414123156,1939.6895218830873,484.9223804707718,227.90872205735184,75.96957401911727,303.8782960764691,4.558174441147036,32.223384717059524,0.0,253.16494433864773,1235.4311302360543,3764.210872654208,3170.386073080883,0.0,0.0,0.0,0.0,0.0,20739.719619052463,24.039173326517517,0.0,0.0,0.0,0.0,0.0
2025-10-25 01:00:00+00:00,7,36.0,2517.520352218336,1067.7065459548712,880.4947617954624,569.3190444680039,1067.7065459547814,223.23636570886814,844.4701802459132,1201.652553583143,841.5894705204859,226.1170754343878,880.4947617954624,0.0,569.3190444680038,0.0,1224.1301389388884,382.5406684184026,1449.8138062634664,1933.0850750179552,483.2712687544888,226.11707543438592,75.37235847812863,301.4894339125145,4.522341508687718,32.108033298543916,0.0,251.74377671394132,1229.558447172193,3747.0787993905287,3157.2152139568434,0.0,0.0,0.0,0.0,0.0,20739.719619052463,24.03756102134116,0.0,0.0,0.0,-2.2737367544323206e-13,0.0
2025-10-25 02:00:00+00:00,7,36.0,2536.9740567440685,1072.0912619736575,891.0679760926809,573.8148186777304,1072.0912619735648,226.41796857689954,845.6732933966651,1201.652553583143,847.2219386515961,224.86932332206356,891.0679760926809,0.0,573.8148186777304,0.0,1232.3228198568672,385.100881205271,1464.8827947704112,1953.1770596938816,488.2942649234704,224.86932332206106,74.95644110735368,299.82576442941473,4.49738646644122,32.47018746955773,0.0,252.90862336751752,1238.2277845396115,3775.20184128368,3185.499879550749,0.0,0.0,0.0,0.0,0.0,20739.719619052463,24.038783935397824,0.0,0.0,0.0,0.0,0.0
2025-10-25 03:00:00+00:00,7,36.0,2490.5298133950173,1054.8161348208546,871.2885256941913,564.4251528799699,1054.8161348207657,221.40556149697113,833.4105733237947,1201.652553583143,832.6499930820438,222.16614173881345,871.2885256941913,0.0,564.42515287997,0.0,1211.127262664791,378.4772695827472,1435.7136785741613,1914.2849047655484,478.5712261913871,222.16614173881078,74.0553805796036,296.2215223184144,4.4433228347762155,31.782907299625442,0.0,248.78094683308336,1216.111053321223,3706.6408667162405,3125.4121674303397,0.0,0.0,0.0,0.0,0.0,20739.719619052463,24.040913119798212,0.0,0.0,0.0,2.2737367544323206e-13,0.0
2025-10-25 04:00:00+00:00,7,36.0,2491.2758855604698,1054.7250811504891,871.8436902923245,564.7071141176575,1054.7250811504014,221.70779578794674,833.0172853624545,1201.652553583143,832.6894078363428,222.03567331414902,871.8436902923245,0.0,564.7071141176574,0.0,1211.1845932164986,378.4951853801558,1436.550804409982,1915.4010725466426,478.85026813666065,222.03567331414638,74.01189110471546,296.04756441886184,4.4407134662829275,31.802381849946308,0.0,248.77681314349684,1216.377253081258,3707.6531386417278,3126.585665763141,0.0,0.0,0.0,0.0,0.0,20739.719619052463,24.040689808064887,0.0,0.0,0.0,0.0,0.0
2025-10-25 05:00:00+00:00,7,36.0,2514.2272191741786,1064.0535106347443,880.0229568209885,570.1507517184456,1064.0535106346535,223.98787092420886,840.0656397104447,1201.652553583143,840.384649072502,223.6688615622445,880.0229568209885,0.0,570.1507517184456,0.0,1222.3776713781851,381.99302230568287,1450.1737085394338,1933.564944719245,483.39123617981124,223.668861562242,74.556287187414,298.225148749656,4.473377231244839,32.10219622181411,0.0,250.99724647928906,1227.5133656052562,16137.511308388364,3155.94261609743,0.0,0.0,0.0,12395.77072360893,0.0,32499.380271003785,24.04054459917417,0.0,0.0,0.0,0.0,0.0
2025-10-25 06:00:00+00:00,7,36.0,2544.3729493899773,1078.6647306792427,891.5871215082021,574.1210972025332,1078.6647306791497,226.4234940321283,852.2412366470213,1201.652553583143,851.2465150670763,227.4182156121687,891.5871215082021,0.0,574.1210972025332,0.0,1238.1767491884748,386.93023412139837,1465.7082187107349,1954.2776249476465,488.5694062369116,227.41821561216648,75.80607187072215,303.2242874828886,4.548364312243328,32.48882461727139,0.0,254.33104128561308,1242.6739424441598,3787.046891834137,3192.4543741361213,0.0,0.0,0.0,0.0,0.0,32499.380271003785,24.03915126500542,0.0,0.0,0.0,0.0,0.0
2025-10-25 07:00:00+00:00,7,36.0,2526.457168777455,1069.4458853210708,887.7017647602728,569.309518696112,1069.445885320982,225.63897371173604,843.8069116092458,1201.652553583143,845.3406722895094,224.10521303156423,887.7017647602728,0.0,569.309518696112,0.0,1229.5864324211045,384.24576013159515,1457.0112834563847,1942.6817112751796,485.6704278187949,224.10521303156168,74.70173767718723,298.8069507087489,4.482104260631234,32.3241481297693,0.0,252.19860951041028,1233.622787528388,3760.079956305843,3172.268143696284,0.0,0.0,0.0,0.0,0.0,32499.380271003785,24.039926160924207,0.0,0.0,0.0,0.0,0.0
2025-10-25 08:00:00+00:00,7,36.0,2488.024131698533,1052.0135958340395,874.6389898437369,561.3715460207573,1052.013595833958,222.6606912635731,829.352904570385,1201.652553583143,832.4727247839442,219.5408710500982,874.6389898437369,0.0,561.3715460207573,0.0,1210.8694178675553,378.396693083611,1436.0105358644942,1914.6807144859922,478.67017862149805,219.5408710500957,73.1802903500319,292.7211614001276,4.3908174210019135,31.85288515551968,0.0,248.14249228901372,1214.6333569206763,3702.6574886192093,3125.5501323535473,0.0,0.0,0.0,0.0,0.0,32499.380271003785,24.039846271476218,0.0,0.0,0.0,0.0,0.0
2025-10-25 09:00:00+00:00,7,36.0,2511.5316420559743,1061.7685381694064,883.3179540206349,566.4451498659321,1061.7685381693184,224.8350702724926,836.9334678968257,1201.652553583143,840.7085316954673,221.0600064739413,883.3179540206349,0.0,566.4451498659321,0.0,1222.8487733752254,382.14024167975793,1449.763103886567,1933.017471848756,483.254367962189,221.06000647393853,73.68666882464618,294.7466752985847,4.421200129478771,32.16399011927837,0.0,250.44355571137748,1226.1100244267277,3737.6416664827016,3155.8662452239814,0.0,0.0,0.0,0.0,0.0,32499.380271003785,24.0399051604093,0.0,0.0,0.0,-4.547473508864641e-13,0.0
2025-10-25 10:00:00+00:00,7,36.0,2528.253386990863,1068.0428147748123,889.3445221805714,570.8660500354781,1068.042814774719,226.28217652065098,841.760638254068,1201.652553583143,845.5424200016912,222.50039477312347,889.3445221805714,0.0,570.866050035478,0.0,1229.8798836388237,384.3374636371324,1460.2105722160495,1946.9474296213994,486.73685740534984,222.50039477312123,74.16679825770707,296.6671930308283,4.4500078954624245,32.38899616577193,0.0,251.95603355316962,1234.0361569145932,0.0,3176.827313260223,0.0,0.0,0.0,0.0,3762.2895439054564,28533.578879078017,24.039989140031512,0.0,0.0,0.0,2.2737367544323206e-13,0.0
2025-10-25 11:00:00+00:00,7,36.0,2512.5000461809145,1060.9955610745558,883.3730276657557,568.1314574406038,1060.995561074467,224.91738664082396,836.0781744336431,1201.652553583143,840.5064985914189,220.48906248313972,883.3730276657557,0.0,568.1314574406038,0.0,1222.5549070420636,382.0484084506449,1451.5044851063594,1935.339313475146,483.8348283687865,220.489062483137,73.49635416104566,293.98541664418264,4.409781249662739,32.18250540437871,0.0,250.32452932854767,1226.2964069630661,0.0,3157.8942205172098,0.0,0.0,0.0,0.0,3738.796453143981,24592.541379180024,24.041065728217994,0.0,0.0,0.0,4.547473508864641e-13,0.0
2025-10-25 12:00:00+00:00,7,36.0,2404.621778597998,1015.911322739771,843.0711630771275,545.6392927810989,1015.9113227396864,214.89041367135613,801.0209090683302,1201.652553583143,803.3745899524664,212.53673278730693,843.0711630771275,0.0,545.6392927810989,0.0,1168.5448581126786,365.17026816021206,1388.7104558582264,1851.6139411443019,462.90348528607547,212.53673278730457,70.84557759576819,283.38231038307276,4.250734655746092,30.748527820124814,0.0,239.7076477448577,1173.6262412627843,0.0,3020.1587992569803,0.0,0.0,0.0,0.0,3578.2480198607823,20820.73678726419,24.03763740773625,0.0,0.0,0.0,0.0,0.0
2025-10-25 13:00:00+00:00,7,36.0,2420.1149006663345,1022.3452129672272,849.7085075831058,548.0611801160013,1022.3452129671384,216.76050309709765,805.5847098700408,1201.652553583143,808.5585261862275,213.78668678100203,849.7085075831058,0.0,548.0611801160012,0.0,1176.085128998149,367.5266028119216,1397.769687699107,1863.6929169321425,465.9232292330356,213.78668678099984,71.26222892699994,285.04891570799975,4.275733735619996,30.971867028653186,0.0,241.2146144491876,1181.174276185418,3601.2891768517525,3039.7780459302912,0.0,0.0,0.0,0.0,0.0,20820.73678726419,24.036730039699137,0.0,0.0,0.0,0.0,0.0
2025-10-25 14:00:00+00:00,7,36.0,2432.1762087706884,1028.307219889115,854.0579262275222,549.8110626540513,1028.3072198890272,217.7002392408022,810.606980648225,1201.652553583143,813.0430581779838,215.26416171113308,854.0579262275222,0.0,549.8110626540513,0.0,1182.6080846225218,369.56502644453803,1403.8689888815734,1871.8253185087644,467.9563296271911,215.264161711131,71.754720570377,287.018882281508,4.30528323422262,31.119848413366178,0.0,242.57577560141362,1187.2769838911086,3619.453192661797,3054.4334031312865,0.0,0.0,0.0,0.0,0.0,20820.73678726419,24.03785770972459,0.0,0.0,0.0,0.0,0.0
2025-10-25 15:00:00+00:00,7,36.0,2433.220030783311,1028.7223781158457,853.9287677394885,550.5688849279773,1028.722378115751,217.75798275985338,810.9643953558976,1201.652553583143,813.1706219673224,215.55175614852573,853.9287677394885,0.0,550.5688849279773,0.0,1182.793631952469,369.62300998514655,1404.4976526674657,1872.6635368899542,468.16588422248856,215.5517561485235,71.85058538284116,287.40234153136464,4.31103512297047,31.12355188146443,0.0,242.68490543456164,1187.7589720294727,6028.686266111448,3055.457168842423,0.0,0.0,0.0,2407.707263298665,0.0,23104.888454550546,24.03756691792714,0.0,0.0,0.0,-4.547473508864641e-13,0.0
2025-10-25 16:00:00+00:00,7,36.0,2473.2096265882515,1044.4161363013136,869.0853719030084,559.7081183839307,1044.4161363012224,221.6479369302539,822.7681993709685,1201.652553583143,825.8977526480061,218.51838365330977,869.0853719030084,0.0,559.7081183839307,0.0,1201.3058220334635,375.40806938545734,1428.793490286939,1905.057987049252,476.264496762313,218.51838365330764,72.83946121776921,291.35784487107685,4.370367673066153,31.669642340929556,0.0,246.4267313647979,1206.9787687443331,3680.1883953325837,3106.3638090827153,0.0,0.0,0.0,0.0,0.0,23104.888454550546,24.03863508458305,0.0,0.0,0.0,-9.094947017729282e-13,0.0
2025-10-25 17:00:00+00:00,7,36.0,2468.5778610092766,1041.7020555951256,868.806521179934,558.0692842342179,1041.7020555950373,221.55321032971952,820.1488452653178,1201.652553583143,823.8213663491931,217.88068924593492,868.806521179934,0.0,558.069284234218,0.0,1198.2856237806445,374.4642574314514,1426.8758054141522,1902.5010738855362,475.62526847138406,217.88068924593267,72.62689641531088,290.5075856612435,4.3576137849186525,31.644888477740203,0.0,245.79777157668968,1204.516696157495,0.0,3100.7866976661808,0.0,0.0,0.0,0.0,3673.094557166771,19233.106833945698,24.03732291956251,0.0,0.0,0.0,-4.547473508864641e-13,0.0
2025-10-25 18:00:00+00:00,7,36.0,2443.485067689006,1030.773909694607,860.6841277482656,552.027030246134,1030.7739096945156,219.12575668706543,811.6481530074502,1201.652553583143,815.3757961102692,215.39811358434025,860.6841277482656,0.0,552.0270302461341,0.0,1186.0011579785735,370.6253618683042,1412.7111579943996,1883.614877325866,470.9037193314665,215.3981135843378,71.79937119477927,287.1974847791171,4.307962271686756,31.340794134909306,0.0,243.2175187803664,1192.1947275815123,0.0,3069.6160353044397,0.0,0.0,0.0,0.0,3635.679795270518,15400.763835242527,24.03836240186457,0.0,0.0,0.0,-4.547473508864641e-13,0.0
2025-10-25 19:00:00+00:00,7,36.0,2479.0774094315857,1043.9643605864733,872.2844628842076,562.8285859609066,1043.9643605863887,222.65821680464128,821.3061437817473,1201.652553583143,826.8438090266436,217.1205515598324,872.2844628842076,0.0,562.8285859609066,0.0,1202.6819040387543,375.8380950121107,1435.1130488451142,1913.484065126819,478.3710162817047,217.1205515598299,72.37351718660996,289.49406874643984,4.3424110311965975,31.7968197461353,0.0,246.44169175997558,1209.163551017733,0.0,3116.165969165573,0.0,0.0,0.0,0.0,3688.2409604493187,11513.01650372691,24.03910622534413,0.0,0.0,0.0,0.0,0.0
2025-10-25 20:00:00+00:00,7,36.0,2499.227206624947,1052.79738494985,881.5292729264435,564.9005487486542,1052.7973849497557,224.5722751437504,828.2251098060053,1201.652553583143,833.1183489524885,219.679035997364,881.5292729264435,0.0,564.9005487486542,0.0,1211.8085075672561,378.69015861476754,1446.4298216750976,1928.5730955667968,482.1432738916992,219.67903599736132,73.22634533245377,292.9053813298151,4.393580719947226,32.094883675279846,0.0,248.46464614038769,1219.0128883745354,0.0,3140.381603134053,0.0,0.0,0.0,0.0,3718.240094999482,7593.647307873839,24.037777704794973,0.0,0.0,0.0,-2.2737367544323206e-13,0.0
2025-10-25 21:00:00+00:00,7,36.0,2539.409197134827,1070.7335088443995,895.0511720623626,573.6245162280658,1070.7335088443126,227.66979643280297,843.0637124115095,1201.652553583143,846.6826590339256,224.05084981047673,895.0511720623626,0.0,573.6245162280658,0.0,1231.5384131402552,384.85575410632975,1468.6756882904283,1958.2342510539042,489.55856276347606,224.050849810474,74.68361660349133,298.7344664139653,4.48101699620948,32.58778032415154,0.0,252.65497099393178,1238.82170178759,0.0,3189.7726641941595,0.0,0.0,0.0,0.0,3778.230898922417,3611.0422523337543,24.04026346754978,0.0,0.0,0.0,0.0,0.0
2025-10-25 22:00:00+00:00,7,36.0,2719.374850323636,1146.3998009390186,961.3176152399922,611.6574341446238,1146.3998009389295,244.20129845342692,902.1985024855027,1201.652553583143,906.7714061794662,239.62839475955508,961.3176152399922,0.0,611.6574341446238,0.0,1318.9402271701329,412.1688209906665,1572.9750493846159,2097.300065846154,524.3250164615386,239.62839475955252,79.8761315865175,319.50452634607,4.79256789519105,34.956102798646,0.0,270.4648512269973,1326.583490959557,4045.958341283193,3416.240293016287,0.0,0.0,0.0,0.0,0.0,3611.0422523337543,24.04038695918663,0.0,0.0,0.0,0.0,0.0
2025-10-25 23:00:00+00:00,7,36.0,2665.5769577284495,1127.3741381689492,940.1419942058353,598.060825353663,1127.3741381688656,238.38787443871377,888.9862637301518,1201.652553583143,890.4747341177037,236.89940405124833,940.1419942058353,0.0,598.060825353663,0.0,1295.2359768984782,404.7612427807744,1538.2028195594983,2050.9370927459977,512.7342731864994,236.89940405124548,78.96646801708182,315.8658720683273,4.737988081024909,34.18486807971169,0.0,265.82989847825,1301.2147386233423,22022.00295802056,3346.1730696444756,0.0,0.0,0.0,18055.21126166877,0.0,20739.719619052463,24.03874807367102,0.0,0.0,0.0,0.0,0.0
2025-12-05 00:00:00+00:00,8,47.0,3313.760256430499,1449.2793303191795,1163.9410626440272,700.5398634672916,1449.27933031909,281.74266412836056,1167.5366661907294,1201.652553583143,1128.9913918123734,320.2879385068087,1163.9410626440272,0.0,700.5398634672916,0.0,1642.1692971816344,513.1779053692608,1864.4809261113187,2485.9745681484246,621.4936420371062,320.28793850680563,106.7626461689352,427.0505846757408,6.405758770136112,41.92363051399373,0.0,339.3076752674806,1629.0712581269124,4942.8315145574115,4128.143865330059,0.0,0.0,0.0,0.0,0.0,15370.702904285077,24.050622353643845,0.0,0.0,0.0,2.2737367544323206e-13,0.0
2025-12-05 01:00:00+00:00,8,47.0,3255.273607904799,1423.0511350408274,1145.0054222391539,687.2170506248207,1423.0511350407512,277.8246489077025,1145.2264861330486,1201.652553583143,1109.3909012544848,313.6602337863452,1145.0054222391539,0.0,687.2170506248207,0.0,1613.659492733796,504.2685914793112,1832.2224728639749,2442.9632971519663,610.7408242879916,313.66023378634213,104.55341126211404,418.21364504845616,6.273204675726842,41.22233317342283,0.0,333.1865626941012,1600.2449275726678,4855.518535477467,4056.6227898857624,0.0,0.0,0.0,0.0,0.0,15370.702904285077,24.050793718566712,0.0,0.0,0.0,-2.2737367544323206e-13,0.0
2025-12-05 02:00:00+00:00,8,47.0,3269.75182916589,1428.2627634012567,1153.6127785936546,687.876287170976,1428.2627634011726,279.50759322730346,1148.7551701738691,1201.652553583143,1113.6493226589844,314.61344074227486,1153.6127785936546,0.0,687.876287170976,0.0,1619.8535602312504,506.20423757226575,1841.4890657646308,2455.318754352841,613.8296885882103,314.61344074227236,104.87114691409079,419.48458765636315,6.292268814845447,41.487146229519404,0.0,334.3915246251986,1607.0760127441301,4876.827841910021,4075.1723145840915,0.0,0.0,0.0,0.0,0.0,15370.702904285077,24.05099545965712,0.0,0.0,0.0,6.821210263296962e-13,0.0
2025-12-05 03:00:00+00:00,8,47.0,3240.5741984163383,1415.559085014277,1142.9158838318915,682.09922957017,1415.5590850141973,276.9375410345473,1138.6215439796501,1201.652553583143,1103.8082073919297,311.75087762234983,1142.9158838318915,0.0,682.09922957017,0.0,1605.539210751898,501.73100335996816,1825.0151134020612,2433.3534845360814,608.3383711340203,311.7508776223467,103.9169592074489,415.6678368297956,6.235017552446934,41.10846881065844,0.0,331.4221559272569,1592.7519759917996,22888.537436076906,4038.892695287979,0.0,0.0,0.0,18055.21126166877,0.0,32499.380271003785,24.051097185533546,0.0,0.0,0.0,-3.637978807091713e-12,0.0
2025-12-05 04:00:00+00:00,8,47.0,3244.6578009155373,1417.258494415176,1140.917160264408,686.4821462359533,1417.2584944150863,276.9701756386044,1140.288318776482,1201.652553583143,1105.2553110472063,312.00318336797244,1140.917160264408,0.0,686.4821462359533,0.0,1607.6440887959368,502.38877774873026,1827.3993065003615,2436.5324086671485,609.1331021667871,312.0031833679693,104.00106112265644,416.00424449062575,6.240063667359386,41.09233627029178,0.0,331.8901044798913,1594.7454454557162,4839.403246371253,4044.176497463085,0.0,0.0,0.0,0.0,0.0,32499.380271003785,24.05139903180697,0.0,0.0,0.0,-6.821210263296962e-13,0.0
2025-12-05 05:00:00+00:00,8,47.0,3213.546996667924,1405.5670257530178,1131.6948107907872,676.2851601241196,1405.5670257529289,273.9612093190093,1131.6058164339195,1201.652553583143,1095.2134449365676,310.3535808164536,1131.6948107907872,0.0,676.2851601241196,0.0,1593.037738089553,497.8242931529853,1807.9799709149067,2410.6399612198757,602.6599903049689,310.3535808164497,103.45119360548324,413.80477442193296,6.207071616328994,40.71369592496481,0.0,329.02330591550935,1579.8795505202409,4793.4265471881645,4003.6776993094286,0.0,0.0,0.0,0.0,0.0,32499.380271003785,24.0504091943727,0.0,0.0,0.0,-2.2737367544323206e-13,0.0
2025-12-05 06:00:00+00:00,8,47.0,3231.6086361001035,1411.660698198074,1138.4309021391446,681.5170357628857,1411.6606981979812,275.9279240363617,1135.7327741616195,1201.652553583143,1099.943450991882,311.7172472061952,1138.4309021391446,0.0,681.5170357628857,0.0,1599.9177468972832,499.974295905401,1819.9479379020304,2426.5972505360405,606.6493126340101,311.7172472061918,103.9057490687306,415.6229962749224,6.234344944123836,40.9680974218032,0.0,330.5353133729591,1588.2671133470278,4819.875749447131,4026.5149974333235,0.0,0.0,0.0,0.0,0.0,32499.380271003785,24.054068925484607,0.0,0.0,0.0,-2.2737367544323206e-13,0.0
2025-12-05 07:00:00+00:00,8,47.0,3273.6988613332783,1426.1882001114345,1160.838976820856,686.6716844009868,1426.18820011135,280.4374488097381,1145.750751301612,1201.652553583143,1112.9793284933053,313.20887161813187,1160.838976820856,0.0,686.6716844009868,0.0,1618.8790232629901,505.8996947696844,1847.5106612218428,2463.34754829579,615.8368870739475,313.20887161812857,104.40295720604286,417.6118288241714,6.264177432362571,41.69188614863555,0.0,333.9646386269137,1608.0602412575868,4881.759102590865,4082.22657155878,0.0,0.0,0.0,0.0,0.0,32499.380271003785,24.056764940898592,0.0,0.0,0.0,0.0,0.0
2025-12-05 08:00:00+00:00,8,47.0,3289.965582270757,1437.0919144225418,1161.4189647883168,691.4547030598967,1437.0919144224504,280.3720867352843,1156.7198276871661,1201.652553583143,1119.9843857603134,317.10752866223095,1161.4189647883168,0.0,691.4547030598967,0.0,1629.0681974695472,509.0838117092335,1852.8736678482135,2470.498223797618,617.6245559494045,317.10752866222833,105.7025095540761,422.8100382163044,6.342150573244566,41.75711597424847,0.0,336.42658099584196,1616.9367247560492,4906.902307026805,4099.566421267165,0.0,0.0,0.0,0.0,0.0,32499.380271003785,24.05714097819683,0.0,0.0,0.0,-1.1368683772161603e-12,0.0
2025-12-05 09:00:00+00:00,8,47.0,3246.17856726729,1418.338813988895,1144.983456814621,682.8562964637714,1418.3388139888043,276.77998063928317,1141.5588333495211,1201.652553583143,1105.4824654587023,312.8563485301954,1144.983456814621,0.0,682.8562964637713,0.0,1607.9744952126582,502.4920297539557,1827.8397532783924,2437.1196710378563,609.2799177594641,312.8563485301927,104.28544951006423,417.1417980402569,6.257126970603854,41.178066669076344,0.0,332.04037504724556,1595.5329657104096,4841.711532977699,4045.0941662505147,0.0,0.0,0.0,0.0,0.0,32499.380271003785,24.053627333398907,0.0,0.0,0.0,-6.821210263296962e-13,0.0
2025-12-05 10:00:00+00:00,8,47.0,3249.987944525909,1417.753183729777,1148.7742844846573,683.4604763114769,1417.753183729692,277.78494148844715,1139.9682422412448,1201.652553583143,1105.592938522275,312.16024520750483,1148.7742844846573,0.0,683.4604763114769,0.0,1608.1351833051274,502.5422447828523,1832.2347607961342,2442.979681061512,610.744920265378,312.16024520750125,104.05341506916707,416.2136602766683,6.243204904150024,41.29783329765449,0.0,331.9660997887622,1596.8477181079643,0.0,4051.1148643666393,0.0,0.0,0.0,0.0,4846.835662633873,27390.366891518952,24.052870917611877,0.0,0.0,0.0,-4.547473508864641e-13,0.0
2025-12-05 11:00:00+00:00,8,47.0,3187.5281264695495,1388.5642856755803,1132.0654770232309,666.8983637707364,1388.5642856754946,272.33291452973407,1116.2313711457607,1201.652553583143,1084.5607305145165,304.0035551610661,1132.0654770232309,0.0,666.8983637707364,0.0,1577.5428807483881,492.98215023387127,1798.9638407939674,2398.618454391956,599.654613597989,304.0035551610631,101.33451838702103,405.33807354808414,6.080071103221262,40.6309479484043,0.0,325.0979746683224,1565.7802759388294,0.0,3976.1613351403444,0.0,0.0,0.0,0.0,4753.308402408379,22379.93990057673,24.052957127303017,0.0,0.0,0.0,2.2737367544323206e-13,0.0
2025-12-05 12:00:00+00:00,8,47.0,3315.267657587318,1445.963187936213,1173.5612881767343,695.7431814743713,1445.9631879361261,283.08976940690076,1162.8734185292253,1201.652553583143,1128.690375952297,317.2728119839184,1173.5612881767343,0.0,695.7431814743713,0.0,1641.731455930614,513.0410799783168,1869.3044696511056,2492.405959534807,623.1014898837018,317.2728119839162,105.75760399463873,423.0304159785549,6.345456239678324,42.16427046004574,0.0,338.5390390091666,1628.948939565548,0.0,4134.137415465421,0.0,0.0,0.0,0.0,4944.216597152867,17168.27800317332,24.056161740255707,0.0,0.0,0.0,6.821210263296962e-13,0.0
2025-12-05 13:00:00+00:00,8,47.0,3332.0630603017357,1453.7027360888353,1172.6163449055023,705.7439793074001,1453.7027360887487,284.6183501210129,1169.084385967736,1201.652553583143,1134.2432155059685,319.4595205828697,1172.6163449055023,0.0,705.7439793074001,0.0,1649.8083134632273,515.5650979572586,1878.3603242129025,2504.48043228387,626.1201080709675,319.4595205828664,106.48650686095546,425.94602744382183,6.389190411657327,42.23593014023908,0.0,340.48327508902594,1637.280108530104,17782.353302458403,4154.288745747097,0.0,0.0,0.0,12813.010133626565,0.0,29323.766714696823,24.056638072194623,0.0,0.0,0.0,-1.8189894035458565e-12,0.0
2025-12-05 14:00:00+00:00,8,47.0,3276.583242998947,1427.2926426054337,1152.1909942821633,697.0996061113501,1427.2926426053484,280.08935301471433,1147.203289590634,1201.652553583143,1115.0157050762734,312.2769375291634,1152.1909942821633,0.0,697.0996061113501,0.0,1621.8410255654887,506.82532048921524,1849.2906003935134,2465.7208005246844,616.4302001311711,312.27693752916025,104.09231250972007,416.3692500388803,6.245538750583204,41.5367258895784,0.0,334.4208503352952,1609.550948105563,4886.134191104509,4087.561826090173,0.0,0.0,0.0,0.0,0.0,29323.766714696823,24.05616829876619,0.0,0.0,0.0,-6.821210263296962e-13,0.0
2025-12-05 15:00:00+00:00,8,47.0,3241.7336253367407,1412.226339938642,1140.7546586963917,688.752626701706,1412.226339938555,277.7435732979265,1134.4827666406284,1201.652553583143,1104.4411049880664,307.7852349505785,1140.7546586963917,0.0,688.752626701706,0.0,1606.459789073551,502.0186840854847,1829.5072853980978,2439.3430471974634,609.8357617993659,307.7852349505756,102.59507831685853,410.38031326743413,6.155704699011512,41.11016602790882,0.0,330.87663437196034,1592.59202930059,4834.32565463733,4045.8028362710147,0.0,0.0,0.0,0.0,0.0,29323.766714696823,24.050872622414992,0.0,0.0,0.0,-2.2737367544323206e-13,0.0
2025-12-05 16:00:00+00:00,8,47.0,3285.9808779116343,1425.8868603752435,1165.4618487638604,694.6321687725282,1425.886860375151,282.950477278962,1142.9363830961888,1201.652553583143,1117.3802420437512,308.50661833149564,1165.4618487638604,0.0,694.6321687725282,0.0,1625.2803520636382,507.90011001988694,1860.0940175363885,2480.1253567151844,620.0313391787961,308.50661833149275,102.83553944383091,411.34215777532364,6.170132366629854,41.91017715064109,0.0,334.15561615366914,1613.002914313454,4898.983792225088,4105.405708778822,0.0,0.0,0.0,0.0,0.0,29323.766714696823,24.04628178818957,0.0,0.0,0.0,-2.2737367544323206e-13,0.0
2025-12-05 17:00:00+00:00,8,47.0,3258.13848750876,1415.618667948544,1150.9766763521473,691.543143208068,1415.6186679484567,280.1743901412787,1135.444277807178,1201.652553583143,1108.6574257098528,306.9612422386941,1150.9766763521473,0.0,691.5431432080682,0.0,1612.5926192143313,503.93519350447855,1842.5198195602154,2456.693092746954,614.1732731867385,306.96124223869174,102.3204140795639,409.2816563182556,6.139224844773834,41.4447317226451,0.0,331.75873578245864,1599.7715731206586,0.0,4069.2857119612854,0.0,0.0,0.0,0.0,4857.910060629419,24203.079894751616,24.043694736936637,0.0,0.0,0.0,0.0,0.0
2025-12-05 18:00:00+00:00,8,47.0,3197.7869855633876,1389.5040062128935,1127.402426905532,680.880552444964,1389.5040062128069,275.252538806225,1114.251467406582,1201.652553583143,1088.3461210894864,301.1578851234099,1127.402426905532,0.0,680.880552444964,0.0,1583.0489034028892,494.70278231340285,1808.282979350496,2411.043972467328,602.760993116832,301.1578851234069,100.3859617078023,401.5438468312092,6.023157702468137,40.6308783316156,0.0,325.6883971754851,1570.192170347606,0.0,3994.092875870217,0.0,0.0,0.0,0.0,4767.9791559109935,19177.188571789677,24.043239378018328,0.0,0.0,0.0,0.0,0.0
2025-12-05 19:00:00+00:00,8,47.0,3215.358481917195,1396.5176300635985,1132.2363682584876,686.6044835951069,1396.517630063511,276.7263443983645,1119.7912856651465,1201.652553583143,1094.2652049455944,302.2524251180071,1132.2363682584876,0.0,686.6044835951069,0.0,1591.6584799208647,497.39327497527023,1818.8408518535944,2425.121135804792,606.280283951198,302.25242511800366,100.75080837266788,403.0032334906715,6.045048502360072,40.833135883705694,0.0,327.39604662547845,1578.6985983106804,0.0,4016.779615725657,0.0,0.0,0.0,0.0,4794.057080227875,14123.808702997456,24.04940582476922,0.0,0.0,0.0,-2.2737367544323206e-13,0.0
2025-12-05 20:00:00+00:00,8,47.0,3350.7519629627786,1451.8945188468892,1187.2154790880586,711.6419650278283,1451.8945188467997,289.4302137589072,1162.4643050878924,1201.652553583143,1139.5387794549977,312.355739391894,1187.2154790880586,0.0,711.6419650278283,0.0,1657.5109519345424,517.9721724795445,1898.857444115887,2531.809925487849,632.9524813719622,312.3557393918916,104.11857979729719,416.47431918918875,6.247114787837831,42.73288402292005,0.0,340.4016528272673,1644.4248852868288,0.0,4189.320877422391,0.0,0.0,0.0,0.0,4995.176848249608,8858.429984394112,24.055006485597968,0.0,0.0,0.0,6.821210263296962e-13,0.0
2025-12-05 21:00:00+00:00,8,47.0,3339.1010558841294,1448.3800220600938,1179.4350468252235,711.2859869988141,1448.3800220600094,287.8421821733772,1160.5378398866321,1201.652553583143,1135.590577318796,312.78944474130117,1179.4350468252235,0.0,711.285986998814,0.0,1651.7681124637031,516.1775351449072,1890.7210338240377,2520.96137843205,630.2403446080125,312.78944474129776,104.26314824709925,417.052592988397,6.255788894825955,42.495911274744856,0.0,339.57531574710674,1639.0080439166966,0.0,4172.729490895753,0.0,0.0,0.0,0.0,4978.109099800826,3611.0422523337543,24.054216050765937,0.0,0.0,0.0,-2.2737367544323206e-13,0.0
2025-12-05 22:00:00+00:00,8,47.0,3279.836809560675,1422.6995343567992,1159.187871718765,697.9494034851139,1422.6995343567146,282.76346003334845,1139.936074323366,1201.652553583143,1115.4524396460215,307.24709471078035,1159.187871718765,0.0,697.9494034851139,0.0,1622.4762758487582,507.0238362027369,1857.1372752038792,2476.183033605172,619.045758401293,307.2470947107777,102.41569823692589,409.66279294770357,6.144941894215553,41.7551301864141,0.0,333.53821446813936,1609.9235793897249,4889.760388950401,4098.65930945393,0.0,0.0,0.0,0.0,0.0,3611.0422523337543,24.052409272306548,0.0,0.0,0.0,6.821210263296962e-13,0.0
2025-12-05 23:00:00+00:00,8,47.0,3122.4725653333685,1353.196906922812,1102.036881023136,667.2387773874229,1353.1969069227232,268.7978183462591,1084.399088576464,1201.652553583143,1060.7092537971346,292.48765312568014,1102.036881023136,0.0,667.238777387423,0.0,1542.849823704923,482.1405699077884,1769.2756584105591,2359.034211214079,589.7585528035197,292.4876531256775,97.49588437522584,389.98353750090337,5.8497530625135505,39.73349420456831,0.0,317.325807422003,1532.304061775619,17050.547350717916,3901.884034919002,0.0,0.0,0.0,12395.77072360893,0.0,15370.702904285077,24.050831816640873,0.0,0.0,0.0,-1.8189894035458565e-12,0.0
