timestamp_hour_utc,representative_day_id,day_weight,it_load_kw,q_air_kw,q_cp_kw,q_rdhx_kw,s_air_kw,s_air_old_kw,s_air_new_kw,old_ac_capacity_eff_kw,q_air_to_ashp_kw,q_air_to_reject_kw,q_cp_to_wshp_kw,q_cp_to_free_kw,q_rdhx_to_wshp_kw,q_rdhx_to_chiller_kw,q_ashp_out_kw,p_ashp_kw,q_wshp_in_kw,q_wshp_out_kw,p_wshp_kw,q_chiller_evap_kw,p_chiller_kw,q_tower_kw,p_tower_kw,p_pump_kw,p_cdu_free_kw,p_terminal_kw,p_cooling_kw,p_grid_kw,q_heat_kw,q_tes_ch_kw,q_tes_dis_kw,e_tes_kwh,p_bess_ch_kw,p_bess_dis_kw,e_bess_kwh,max_theta_c,hotspot_slack_c,hotspot_penalty_yuan,bess_degradation_cost_yuan,power_balance_residual_kw,heat_balance_residual_kw
2025-01-15 00:00:00+00:00,0,71.0,2808.3800211662774,1095.4579575261687,834.8198403454592,878.1022232946488,1095.4579575260962,231.7008237894718,863.7571337366244,1174.2013520221549,529.2364887732257,566.2214687529446,834.8198403454592,0.0,878.1022232946488,0.0,769.798529124692,240.56204035146624,1712.9220636401078,2283.896084853477,570.9740212133693,566.2214687529421,188.74048958431402,754.9619583372561,11.324429375058841,33.825617443310264,0.0,265.4941307016643,1310.9207286691828,4119.30074983546,3053.694613978169,0.0,0.0,0.0,0.0,0.0,1681.5270860211085,23.995896719893302,0.0,0.0,0.0,-2.2737367544323206e-13,0.0
2025-01-15 01:00:00+00:00,0,71.0,2850.3519168317885,1114.7766979965536,849.0005520320879,886.5746668031446,1114.77669799648,235.97926276275462,878.7974352337254,1174.2013520221549,537.7547701669679,577.0219278295872,849.0005520320879,0.0,886.5746668031445,0.0,782.1887566064987,244.43398643953086,1735.5752188352324,2314.10029178031,578.5250729450775,577.0219278295855,192.34064260986182,769.3625704394473,11.540438556591708,34.33576322899408,0.0,269.9442305916946,1331.1201343717503,9953.71805867822,3096.2890483868086,0.0,0.0,0.0,5772.246007474682,0.0,7157.560465551101,23.996584463294077,0.0,0.0,0.0,-1.8189894035458565e-12,0.0
2025-01-15 02:00:00+00:00,0,71.0,2878.6567769324,1125.3770981063249,859.4807961809461,893.798882645129,1125.377098106254,239.5320159079199,885.8450821983339,1174.2013520221549,544.0404222007438,581.3366759055826,859.4807961809461,0.0,893.7988826451291,0.0,791.331523201082,247.2911010003381,1753.2796788260753,2337.706238434767,584.4265596086917,581.336675905581,193.778891968527,775.115567874108,11.62673351811162,34.72241271187968,0.0,272.50563294455515,1344.3513317521033,12630.643538790046,3129.0377616358487,0.0,0.0,0.0,8407.635430105542,0.0,15133.743774189976,23.996636464082673,0.0,0.0,0.0,1.8189894035458565e-12,0.0
2025-01-15 03:00:00+00:00,0,71.0,2848.0398182076824,1111.7889664660113,850.2256976628679,886.0251540788033,1111.788966465932,237.57775781341394,874.211208652518,1174.2013520221549,537.1626308947298,574.6263355712834,850.2256976628679,0.0,886.0251540788033,0.0,781.3274631196069,244.16483222487716,1736.2508517416713,2315.0011356555615,578.7502839138904,574.6263355712813,191.54211185709374,766.168447428375,11.492526711425624,34.36702247067407,0.0,269.3358596608314,1329.6526368387924,4177.692455046474,3096.3285987751683,0.0,0.0,0.0,0.0,0.0,15133.743774189976,23.996294792823914,0.0,0.0,0.0,-1.1368683772161603e-12,0.0
2025-01-15 04:00:00+00:00,0,71.0,2876.2462463172383,1124.0576951996818,858.276606997389,893.9119441201681,1124.0576951996063,239.58290376208748,884.4747914375189,1174.2013520221549,542.5626359782563,581.4950592214267,858.276606997389,0.0,893.9119441201681,0.0,789.1820159683728,246.6193799901165,1752.188551117557,2336.2514014900758,584.0628503725189,581.4950592214258,193.83168640714192,775.3267456285677,11.629901184428515,34.68741765112335,0.0,272.23579304673876,1343.0670286520678,4219.313274969307,2743.035765541792,382.39765191665674,0.0,363.2777693208239,0.0,0.0,15133.743774189976,23.996314160224024,0.0,0.0,0.0,6.821210263296962e-13,-4.547473508864641e-13
2025-01-15 05:00:00+00:00,0,71.0,2860.627209702743,1117.5741022715679,853.8873187076462,889.1657887235282,1117.5741022714915,238.4321782581901,879.1419240133014,1174.2013520221549,539.4151421024343,578.1589601691353,853.8873187076462,0.0,889.1657887235282,0.0,784.6038430580862,245.18870095565194,1743.0531074311743,2324.070809908232,581.017702477058,578.1589601691336,192.7196533897112,770.8786135588448,11.56317920338267,34.50827744846467,0.0,270.6816642660442,1335.6791777403128,4196.306387443055,3412.1171160280096,0.0,303.44246306169134,43.13809476987558,0.0,0.0,15133.743774189976,23.997582154775163,0.0,0.0,0.0,-4.547473508864641e-13,0.0
2025-01-15 06:00:00+00:00,0,71.0,2891.20752532406,1127.7542198110684,863.1008699899252,900.3524355230666,1127.7542198109954,241.66611553025535,886.08810428074,1174.2013520221549,543.9807941366397,583.7734256744304,863.1008699899252,0.0,900.3524355230666,0.0,791.244791471476,247.26399733483623,1763.4533055129918,2351.2710740173225,587.8177685043306,583.7734256744285,194.59114189147616,778.3645675659046,11.67546851348857,34.89655045492842,0.0,273.27239948544775,1349.5173261845077,4240.724851508568,3183.4150931401173,0.0,40.89922765131905,0.0,0.0,0.0,15133.743774189976,23.99824299590378,0.0,0.0,0.0,-2.2737367544323206e-13,0.0
2025-01-15 07:00:00+00:00,0,71.0,2991.1255254053904,1165.3154520702128,891.7812105141437,934.0288628210334,1165.3154520701441,247.00812721001626,918.307324860128,1174.2013520221549,567.8730426213143,597.4424094489003,891.7812105141437,0.0,934.0288628210335,0.0,825.9971529037299,258.1241102824156,1825.810073335177,2434.4134311135695,608.6033577783924,597.4424094488992,199.14746981629972,796.5898792651989,11.948848188977983,36.09372494363464,0.0,282.4660118700658,1396.3835228797861,4387.5090482851765,3260.4105840172992,0.0,0.0,0.0,0.0,0.0,15133.743774189976,23.997960781821426,0.0,0.0,0.0,0.0,0.0
2025-01-15 08:00:00+00:00,0,71.0,2944.9752679612047,1146.1012979702516,877.1457174381992,921.728252552755,1146.1012979701754,242.04409934562514,904.0571986245503,1174.2013520221549,560.395330900152,585.7059670701015,877.1457174381992,0.0,921.728252552755,0.0,815.120481309312,254.72515040916,1798.873969990954,2398.4986266546052,599.6246566636513,585.7059670700994,195.23532235669978,780.9412894267991,11.714119341401986,35.53165404867352,0.0,277.90163838937497,1374.7325412089615,4319.707809170166,3213.6191079639175,0.0,0.0,0.0,0.0,0.0,15133.743774189976,23.997823662523146,0.0,0.0,0.0,-2.2737367544323206e-13,0.0
2025-01-15 09:00:00+00:00,0,71.0,2856.3171736067093,1113.6623656738707,847.921884878643,894.7329230541951,1113.6623656738032,232.7521443829596,880.9102212908435,1174.2013520221549,543.0514816128286,570.6108840610439,847.921884878643,0.0,894.7329230541951,0.0,789.8930641641144,246.84158255128577,1742.654807932838,2323.5397439104504,580.8849359776126,570.6108840610427,190.20362802034757,760.8145120813903,11.412217681220854,34.38498577690124,0.0,269.94617209334774,1333.6735221007157,4189.990695707425,3113.432808074565,0.0,0.0,0.0,0.0,0.0,15133.743774189976,23.997077272531552,0.0,0.0,0.0,4.547473508864641e-13,0.0
2025-01-15 10:00:00+00:00,0,71.0,2920.5415446704137,1138.200533505583,870.1610465950738,912.1799645697549,1138.2005335054998,240.56956944179421,897.6309640637056,1174.2013520221549,555.1454252816521,583.055108223933,870.1610465950738,0.0,912.1799645697549,0.0,807.4842549551304,252.33882967347824,1782.3410111648286,2376.454681553105,594.1136703882762,583.0551082239309,194.3517027413103,777.4068109652412,11.661102164478617,35.22663104354976,0.0,275.9030909609046,1363.5950269719979,0.0,3183.938936508235,0.0,0.0,0.0,0.0,4284.136571642412,10617.867316318261,23.99818838129625,0.0,0.0,0.0,0.0,0.0
2025-01-15 11:00:00+00:00,0,71.0,2884.3580135951543,1121.009396525179,859.4897876820422,903.8588293879327,1121.009396525098,238.31251500369024,882.6968815214078,1174.2013520221549,547.5725994836548,573.4367970415257,859.4897876820422,0.0,903.8588293879327,0.0,796.469235612589,248.89663612893406,1763.3486170699748,2351.131489426633,587.7828723566582,573.4367970415245,191.1455990138415,764.582396055366,11.46873594083049,34.82328192434059,0.0,271.95640033906966,1346.0735257036745,0.0,3147.600725039222,0.0,0.0,0.0,0.0,4230.431539298828,6158.600933119455,23.997493247122048,0.0,0.0,0.0,-4.547473508864641e-13,0.0
2025-01-15 12:00:00+00:00,0,71.0,2853.4237402053895,1108.7953858461453,850.8735033864629,893.7548509727833,1108.7953858460662,236.0560567817614,872.7393290643049,1174.2013520221549,541.9800457438947,566.8153401022523,850.8735033864629,0.0,893.7548509727834,0.0,788.3346119911196,246.35456624722485,1744.6283543592463,2326.1711391456615,581.5427847864154,566.8153401022513,188.93844670075043,755.7537868030017,11.336306802045026,34.46375361132172,0.0,268.99882235846417,1331.6346805062215,0.0,3114.5057511367813,0.0,0.0,0.0,0.0,4185.058420711611,1747.1620163474927,23.998455928732906,0.0,0.0,0.0,-2.2737367544323206e-13,0.0
2025-01-15 13:00:00+00:00,0,71.0,2959.8028347531276,1149.8723653000488,882.7499207033974,927.180548749682,1149.872365299974,245.04551743083286,904.8268478691411,1174.2013520221549,562.8512574342187,587.0211078658318,882.7499207033974,0.0,927.1805487496819,0.0,818.6927380861364,255.8414806519176,1809.930469453079,2413.2406259374384,603.3101564843596,587.0211078658301,195.67370262194336,782.6948104877735,11.740422157316601,35.754303108598734,0.0,278.985565462408,1381.305630486544,4341.108465239671,3231.9333640235745,0.0,0.0,0.0,0.0,0.0,1747.1620163474927,23.99611628362533,0.0,0.0,0.0,-4.547473508864641e-13,0.0
2025-01-15 14:00:00+00:00,0,71.0,2688.7827231125098,1046.225634564937,802.5422721249582,840.0148164226144,1046.2256345648582,224.98647983085235,821.2391547340058,1174.2013520221549,506.55078438646933,539.6748501784692,802.5422721249582,0.0,840.0148164226144,0.0,736.8011409257737,230.25035653930428,1642.5570885475727,2190.07611806343,547.5190295158575,539.6748501784684,179.89161672615614,719.5664669046246,10.793497003569367,32.476416327974896,0.0,253.77617959054896,1254.7070957034111,9646.550534991326,2926.8772589892037,0.0,0.0,0.0,5703.060716175405,0.0,7157.560465551101,23.99893510406728,0.0,0.0,0.0,-9.094947017729282e-13,0.0
2025-01-15 15:00:00+00:00,0,71.0,2904.154167839462,1124.7215414221198,867.1350754633982,912.2975509539446,1124.7215414220436,242.4734895152626,882.2480519067809,1174.2013520221549,549.83293386725,574.8886075548714,867.1350754633982,0.0,912.2975509539446,0.0,799.7569947159999,249.92406084874997,1779.4326264173428,2372.5768352231235,593.1442088057809,574.8886075548696,191.6295358516232,766.5181434064928,11.49777215109739,35.13702777344139,0.0,273.1265131390046,1354.4591185696972,4258.613286409159,3172.3338299391235,0.0,0.0,0.0,0.0,0.0,7157.560465551101,23.996614373161414,0.0,0.0,0.0,-4.547473508864641e-13,0.0
2025-01-15 16:00:00+00:00,0,71.0,2899.9406730654787,1122.5760051861246,866.3236422532983,911.0410256260559,1122.5760051860495,242.60458797586082,879.9714172101887,1174.2013520221549,549.2774649836524,573.2985402024741,866.3236422532983,0.0,911.0410256260559,0.0,798.9490399762217,249.67157499256928,1777.364667879354,2369.819557172472,592.454889293118,573.2985402024724,191.09951340082412,764.3980536032965,11.465970804049446,35.100119523859505,0.0,272.64020755122783,1352.432275565648,12660.008378736668,3168.7685971486935,0.0,0.0,0.0,8407.635430105542,0.0,15133.743774189976,23.994803105057393,0.0,0.0,0.0,-1.8189894035458565e-12,0.0
2025-01-15 17:00:00+00:00,0,71.0,2892.0617509044387,1121.1965553234922,864.4099838613322,906.4552117196122,1121.1965553234147,242.14681459862592,879.0497407247888,1174.2013520221549,547.9247125900771,573.2718427334165,864.4099838613322,0.0,906.4552117196122,0.0,796.9814001310214,249.05668754094418,1770.8651955809441,2361.1535941079255,590.2883985269814,573.271842733415,191.09061424447168,764.3624569778867,11.465436854668301,34.99685163303609,0.0,272.18117942960816,1349.07916822971,4241.140919134148,3158.134994238947,0.0,0.0,0.0,0.0,0.0,15133.743774189976,23.99451084986156,0.0,0.0,0.0,-4.547473508864641e-13,0.0
2025-01-15 18:00:00+00:00,0,71.0,2844.1633228233004,1103.9424802362867,849.928390628539,890.2924519584753,1103.9424802362144,237.36003292930081,866.5824473069135,1174.2013520221549,539.7835419985634,564.1589382377249,849.928390628539,0.0,890.2924519584753,0.0,785.1396974524558,245.35615545389246,1740.2208425870142,2320.2944567826853,580.0736141956713,564.1589382377231,188.05297941257436,752.2119176502974,11.283178764754462,34.40077623844092,0.0,267.8821522848684,1327.0488563502017,0.0,3105.4341542351412,0.0,0.0,0.0,0.0,4171.212179173503,10736.900077515766,23.99497155100548,0.0,0.0,0.0,4.547473508864641e-13,0.0
2025-01-15 19:00:00+00:00,0,71.0,2852.84069226675,1107.9170223442452,853.0006437473471,891.9230261751577,1107.9170223441652,238.0868783704556,869.8301439737095,1174.2013520221549,543.1522308613926,564.7647914828541,853.0006437473456,0.0,891.9230261751576,0.0,790.039608525662,246.88737766426937,1744.9236699225032,2326.564893230004,581.641223307501,564.7647914828526,188.2549304942842,753.0197219771383,11.295295829657073,34.509249574171974,0.0,268.7855477862613,1331.3736246561448,0.0,2859.397006362923,257.2074953927433,0.0,244.3471206231061,0.0,4184.214316922896,6326.350924261776,23.990775522325897,0.0,0.0,0.0,9.094947017729282e-13,-1.7053025658242404e-13
2025-01-15 20:00:00+00:00,0,71.0,2910.839210415089,1134.1854935659203,869.7024838851767,906.9512329639927,1134.1854935658434,242.2485922974686,891.9369012683749,1174.2013520221549,554.3637614915683,579.8217320743538,869.7024838851767,0.0,906.9512329639927,0.0,806.3472894422812,251.98352795071287,1776.6537168491695,2368.871622465559,592.2179056163898,579.8217320743524,193.2739106914508,773.0956427658032,11.596434641487047,35.16058684619523,0.0,274.90832715611214,1359.1406929023478,0.0,3262.4057633349084,0.0,87.18685142706818,152.0827933007355,0.0,4269.979903317437,1825.39690505222,23.989027700873105,0.0,0.0,0.0,0.0,0.0
2025-01-15 21:00:00+00:00,0,71.0,2858.059779910936,1122.2908536504578,855.2317650686088,880.5371611918683,1122.2908536503662,238.13107509190633,884.15977855846,1174.2013520221549,544.2699591078377,578.0208945426218,855.2317650686088,0.0,880.5371611918683,0.0,791.6653950659459,247.39543595810807,1735.7689262604772,2314.358568347303,578.5896420868257,578.0208945426206,192.67363151420685,770.6945260568274,11.56041789085241,34.46232456397695,0.0,271.4033863832956,1336.0848383972657,4057.657723899836,3250.2136597416875,0.0,144.1896963284389,0.0,0.0,136.48689440836546,1681.5270860211085,23.99051810971656,0.0,0.0,0.0,0.0,0.0
2025-01-15 22:00:00+00:00,0,71.0,2908.4096275591255,1142.8684036627992,870.2183163230295,895.3229075732963,1142.8684036627262,242.0081780008065,900.8602256619198,1174.2013520221549,553.8487572924978,589.0196463703029,870.2183163230295,0.0,895.3229075732963,0.0,805.5981924254513,251.74943513295352,1765.5412238963258,2354.054965195101,588.5137412987752,589.019646370301,196.33988212343365,785.3595284937346,11.78039292740602,35.05977856542385,0.0,276.31286552224174,1359.756095570234,4268.165723129359,3159.6531576205525,0.0,0.0,0.0,0.0,0.0,1681.5270860211085,23.991488730657135,0.0,0.0,0.0,-2.2737367544323206e-13,0.0
2025-01-15 23:00:00+00:00,0,71.0,2895.535406614037,1136.3113660445667,866.4496629910086,892.7743775784633,1136.3113660444878,241.43522468208434,894.8761413624036,1174.2013520221549,550.3177986648096,585.9935673797588,866.4496629910086,0.0,892.7743775784633,0.0,800.4622526033595,250.14445393854984,1759.2240405694715,2345.6320540926286,586.4080135231571,585.9935673797571,195.33118912658568,781.3247565063427,11.719871347595141,34.92123366551489,0.0,274.8218111663509,1353.3465727677535,4248.881979381791,3146.094306695988,0.0,0.0,0.0,0.0,0.0,1681.5270860211085,23.99185480528238,0.0,0.0,0.0,4.547473508864641e-13,0.0
2025-03-21 00:00:00+00:00,1,14.0,4576.190816440603,1785.7257022755266,1368.8926319355555,1421.5724822295194,1785.7257022754497,383.4644104221107,1402.261291853339,1174.2013520221549,863.8608882075278,921.864814068001,1368.8926319355555,0.0,1421.5724822295194,0.0,1256.5249283018586,392.6640400943308,2790.4651141650747,3720.6201522200995,930.1550380550249,921.8648140679986,307.28827135599954,1229.1530854239982,18.437296281359973,55.282503780361864,0.0,432.65501525812215,2136.482164825199,6712.672981265802,4977.145080521958,0.0,0.0,0.0,0.0,0.0,9657.710394659984,23.995052200753157,0.0,0.0,0.0,0.0,0.0
2025-03-21 01:00:00+00:00,1,14.0,3752.032514841168,1463.5119625365483,1122.1971246905339,1166.3234276140856,1463.5119625364707,314.58983696620226,1148.9221255702685,1174.2013520221549,707.728536759673,755.783425776877,1122.1971246905339,0.0,1166.3234276140856,0.0,1029.4233261958882,321.69478943621505,2288.5205523046197,3051.3607364061595,762.8401841015399,755.7834257768758,251.9278085922919,1007.7112343691676,15.115668515537514,45.32914801685688,0.0,354.62992435924525,1751.5375230216864,5503.570037862854,4080.784062602048,0.0,0.0,0.0,0.0,0.0,9657.710394659984,23.995163197044466,0.0,0.0,0.0,0.0,0.0
2025-03-21 02:00:00+00:00,1,14.0,4490.833738574025,1751.3073332655908,1343.1521247639141,1396.374280544517,1751.3073332655101,375.93186662954605,1375.3754666359641,1174.2013520221549,848.1382991117433,903.1690341538502,1343.1521247639141,0.0,1396.374280544517,0.0,1233.6557077988996,385.51740868715615,2739.526405308431,3652.7018737445746,913.1754684361437,903.1690341538467,301.0563447179489,1204.2253788717956,18.063380683076932,54.2583065483626,0.0,424.38385229409687,2096.4547613667846,12359.53450741549,4886.357581543474,0.0,0.0,0.0,5772.246007474682,0.0,15133.743774189976,23.996015460777503,0.0,0.0,0.0,-1.8189894035458565e-12,0.0
2025-03-21 03:00:00+00:00,1,14.0,3516.3896015150417,1369.9800945700429,1050.609223436358,1095.8002835086397,1369.980094569968,293.4827578671217,1076.4973367028465,1174.2013520221549,664.6547253763217,705.3253691937235,1050.609223436358,0.0,1095.8002835086397,0.0,966.7705096382861,302.1157842619644,2146.4095069449977,2861.87934259333,715.4698356483325,705.3253691937207,235.10845639790688,940.4338255916275,14.106507383874412,42.47627953817714,0.0,332.0860969649857,1641.362960195241,5157.752561710282,3828.649852231616,0.0,0.0,0.0,0.0,0.0,15133.743774189976,23.99568869337338,0.0,0.0,0.0,-6.821210263296962e-13,0.0
2025-03-21 04:00:00+00:00,1,14.0,3028.9048086142343,1180.3256375800306,905.2061561326569,943.373014901549,1180.3256375799474,252.53862337133742,927.78701420861,1174.2013520221549,573.749160667226,606.5764769128059,905.2061561326569,0.0,943.373014901549,0.0,834.5442336977833,260.79507303055726,1848.579171034206,2464.772228045608,616.193057011402,606.5764769128042,202.1921589709347,808.7686358837389,12.131529538256082,36.5899148329952,0.0,286.0929394236282,1413.9946728077734,4442.899481422008,3299.3164617433913,0.0,0.0,0.0,0.0,0.0,15133.743774189976,23.995636843157538,0.0,0.0,0.0,0.0,0.0
2025-03-21 05:00:00+00:00,1,14.0,4635.98210501564,1806.1110783220754,1385.8161818471197,1444.0548448464465,1806.111078322,386.5409507190912,1419.5701276029088,1174.2013520221549,878.4201308177783,927.6909475042996,1385.8161818471197,0.0,1444.0548448464465,0.0,1277.702008462223,399.28187764444465,2829.871026693566,3773.1613689247542,943.2903422311886,927.6909475042974,309.23031583476575,1236.921263339063,18.553818950085944,56.015033903878056,0.0,437.7927719771951,2164.164160541558,6800.146265557198,5050.863377386977,0.0,0.0,0.0,0.0,0.0,15133.743774189976,23.995081521546958,0.0,0.0,0.0,0.0,0.0
2025-03-21 06:00:00+00:00,1,14.0,3635.065831251845,1416.0580004168994,1086.2261402072945,1132.781690627653,1416.0580004168282,302.9835528747655,1113.0744475420627,1174.2013520221549,688.4799273518903,727.5780730650113,1086.2261402072945,0.0,1132.781690627653,0.0,1001.4253488754769,312.9454215235865,2219.0078308349475,2958.67710777993,739.6692769449825,727.5780730650089,242.52602435500296,970.1040974200118,14.551561461300176,43.91460111249537,0.0,343.262855498157,1696.8697408955245,5331.935572147369,3960.102456655407,0.0,0.0,0.0,0.0,0.0,15133.743774189976,23.995412628666433,0.0,0.0,0.0,0.0,0.0
2025-03-21 07:00:00+00:00,1,14.0,2470.475698291082,962.703951587558,738.3323206242117,769.439426079313,962.7039515874825,206.17062440091212,756.5333271865704,1174.2013520221549,467.88606469638694,494.81788689117235,738.3323206242117,0.0,769.4394260793129,0.0,680.56154864929,212.6754839529031,1507.7717467035245,2010.3623289380325,502.59058223450813,494.8178868911709,164.9392956303903,659.7571825215612,9.896357737823417,29.844363879519477,0.0,233.34854890076258,1153.294632335907,3623.770330626989,2690.9238775873227,0.0,0.0,0.0,0.0,0.0,15133.743774189976,23.99482451017721,0.0,0.0,0.0,0.0,0.0
2025-03-21 08:00:00+00:00,1,14.0,2446.126005063638,953.4830725751287,730.1902582166407,762.4526742718683,953.4830725750539,203.6518370912115,749.8312354838424,1174.2013520221549,462.59868406948743,490.88438850564285,730.1902582166407,0.0,762.4526742718683,0.0,672.8708131919817,210.27212912249428,1492.6429324885091,1990.1905766513455,497.5476441628364,490.88438850564154,163.6281295018805,654.512518007522,9.81768777011283,29.53023448921791,0.0,231.10927219602127,1141.9050972425632,3588.0311023062013,2663.061389843327,0.0,0.0,0.0,0.0,0.0,15133.743774189976,23.995835648647272,0.0,0.0,0.0,2.2737367544323206e-13,0.0
2025-03-21 09:00:00+00:00,1,14.0,2455.700848684079,959.9952115860082,733.3503685108371,762.3552685872331,959.9952115859408,204.32174450480807,755.6734670811327,1174.2013520221549,464.7343085604641,495.26090302554536,733.3503685108371,0.0,762.3552685872331,0.0,675.9771760879478,211.24286752748367,1495.7056370980704,1994.274182797427,498.5685456993568,495.2609030255438,165.08696767518126,660.347870700725,9.905218060510874,29.624063741197446,0.0,232.48867206211526,1146.9163347658452,3602.617183449924,2670.251358885375,0.0,0.0,0.0,0.0,0.0,15133.743774189976,23.995805106529364,0.0,0.0,0.0,-2.2737367544323206e-13,0.0
2025-03-21 10:00:00+00:00,1,14.0,2562.0348076078476,1001.8532659347942,763.2875564595277,796.8939852135245,1001.8532659347118,210.07774000723163,791.7755259274802,1174.2013520221549,488.3812973829836,513.4719685518121,763.2875564595277,0.0,796.8939852135244,0.0,710.3727961934306,221.99149881044707,1560.1815416730522,2080.2420555640692,520.0605138910173,513.4719685518107,171.15732285060358,684.6292914024143,10.269439371036214,30.867566545921076,0.0,242.58190706640926,1196.9282485354345,0.0,2790.6148517574998,0.0,0.0,0.0,0.0,3758.963056143282,11171.448808243258,23.99438159728948,0.0,0.0,0.0,-2.2737367544323206e-13,0.0
2025-03-21 11:00:00+00:00,1,14.0,2488.264137829577,971.1025017641145,742.4155989323473,774.7460371331152,971.1025017640366,205.81069300139035,765.2918087626462,1174.2013520221549,472.7721476306156,498.3303541335003,742.4155989323473,0.0,774.7460371331152,0.0,687.6685783718046,214.89643074118896,1517.1616360654625,2022.8821814206167,505.7205453551542,498.33035413349876,166.1101180444996,664.4404721779983,9.966607082669976,30.01992833930157,0.0,235.27167279099922,1161.9853023538135,0.0,2710.5507597924216,0.0,0.0,0.0,0.0,3650.24944018339,7323.7480553319,23.994086715844695,0.0,0.0,0.0,-4.547473508864641e-13,0.0
2025-03-21 12:00:00+00:00,1,14.0,2638.836141428213,1035.0498548449427,792.8522552313144,810.9340313519541,1035.0498548448659,223.05933744895793,811.990517395908,1174.2013520221549,500.47581004534766,534.5740447995967,792.8522552313144,0.0,810.9340313519541,0.0,727.9648146114147,227.48900456606708,1603.7862865832685,2138.3817154443577,534.5954288610894,534.5740447995954,178.1913482665318,712.7653930661272,10.691480895991909,31.894907970458974,0.0,250.41378228489157,1233.2759528450308,0.0,2866.3465300557723,0.0,0.0,0.0,0.0,3872.1120942732437,3242.183530869208,23.99548751088587,0.0,0.0,0.0,-2.2737367544323206e-13,0.0
2025-03-21 13:00:00+00:00,1,14.0,2567.667681468264,1005.5430833739986,766.8584051757362,795.2661929185299,1005.54308337391,213.00649309127567,792.5365902826343,1174.2013520221549,487.8263155430231,517.7167678309768,766.8584051757362,0.0,795.2661929185299,0.0,709.5655498807608,221.73923433773777,1562.1245980942663,2082.8327974590215,520.7081993647554,517.7167678309754,172.57225594365846,690.2890237746338,10.354335356619508,30.958414084457388,0.0,243.3907535861308,1199.7231926733593,3767.3908741416235,2792.3983473397825,0.0,0.0,0.0,0.0,0.0,3242.183530869208,23.993492358999763,0.0,0.0,0.0,0.0,0.0
2025-03-21 14:00:00+00:00,1,14.0,2514.518970629087,983.3782174840219,750.4403640724773,780.7003890725879,983.3782174839449,208.73381048392025,774.6444070000247,1174.2013520221549,476.3958790800115,506.9823384040119,750.4403640724773,0.0,780.7003890725879,0.0,692.9394604800167,216.54358140000522,1531.1407531450654,2041.5210041934206,510.38025104835515,506.9823384040103,168.99411280133677,675.9764512053471,10.139646768080206,30.320214812900204,0.0,238.11983316899023,1174.4976399996676,7816.186281189786,2734.4604646734374,0.0,0.0,0.0,4127.169670561032,0.0,7157.560465551101,23.9936880469282,0.0,0.0,0.0,-9.094947017729282e-13,0.0
2025-03-21 15:00:00+00:00,1,14.0,2476.830108709238,968.0441469332608,738.1577100850055,770.6282516909739,968.0441469331842,204.6152001561793,763.4289467770049,1174.2013520221549,469.52176729426867,498.5223796389935,738.1577100850055,0.0,770.6282516909739,0.0,682.9407524280273,213.41898513375853,1508.7859617759796,2011.714615701306,502.9286539253265,498.52237963899165,166.17412654633054,664.6965061853222,9.970447592779832,29.851013819459908,0.0,234.44777503116984,1156.7910020488252,12041.256540863606,2694.6553681293335,0.0,0.0,0.0,8407.635430105542,0.0,15133.743774189976,23.994347844100623,0.0,0.0,0.0,0.0,0.0
2025-03-21 16:00:00+00:00,1,14.0,2427.784647119749,947.3306476569751,725.0186312672629,755.4353681955117,947.3306476568949,201.62814038666565,745.7025072702293,1174.2013520221549,460.8355846279742,486.4950630290022,725.0186312672629,0.0,755.4353681955117,0.0,670.306304913417,209.4707202854428,1480.4539994627746,1973.9386659503662,493.48466648759154,486.4950630290009,162.16502100966696,648.6600840386678,9.729901260580018,29.304912619973003,0.0,229.52261992772674,1133.6778415909812,3561.46248871073,2644.2449708637832,0.0,0.0,0.0,0.0,0.0,15133.743774189976,23.994546166417383,0.0,0.0,0.0,0.0,0.0
2025-03-21 17:00:00+00:00,1,14.0,2607.7242161239196,1016.3241548235793,779.3106973303483,812.0893639699926,1016.3241548235053,216.4635623805562,799.8605924429492,1174.2013520221549,496.91202163742275,519.4121331861579,779.3106973303483,0.0,812.0893639699926,0.0,722.7811223817058,225.86910074428306,1591.400061300341,2121.8667484004545,530.4666871001136,519.4121331861566,173.13737772871883,692.5495109148753,10.38824266372313,31.50021455961037,0.0,246.31203292211922,1217.6736557185682,3825.397871842488,2844.64787078216,0.0,0.0,0.0,0.0,0.0,15133.743774189976,23.99266638887275,0.0,0.0,0.0,0.0,0.0
2025-03-21 18:00:00+00:00,1,14.0,3405.2650082195255,1328.3719073239697,1016.5070146585066,1060.3860862370486,1328.3719073238915,281.8302434085503,1046.5416639153411,1174.2013520221549,648.5803402255987,679.7915670983733,1016.5070146585066,0.0,1060.3860862370486,0.0,943.3895857826889,294.80924555709026,2076.893100895555,2769.190801194073,692.2977002985183,679.7915670983712,226.59718903279037,906.3887561311615,13.595831341967422,41.09907130212568,0.0,321.85220285817286,1590.2512403906649,1578.6471441055828,3712.580386976762,0.0,0.0,0.0,0.0,3416.8691045046075,11532.047495225157,23.988541104337852,0.0,0.0,0.0,4.547473508864641e-13,0.0
2025-03-21 19:00:00+00:00,1,14.0,3403.97539606335,1331.1416936122096,1015.1112347533499,1057.7224676977917,1331.141693612136,281.31304202620333,1049.8286515859324,1174.2013520221549,647.5410267520136,683.6006668601979,1015.1112347533499,0.0,1057.7224676977914,0.0,941.8778570938381,294.3368303418244,2072.833702451141,2763.7782699348545,690.9445674837136,683.6006668601962,227.8668889533987,911.4675558135948,13.672013337203921,41.03056171957841,0.0,322.33329035970655,1590.1841521954254,0.0,3705.6561270286925,0.0,0.0,0.0,0.0,4994.159548258775,6267.741104966714,23.987172687561284,0.0,0.0,0.0,-2.2737367544323206e-13,0.0
2025-03-21 20:00:00+00:00,1,14.0,2965.7143758801526,1159.2300001019044,885.2844746018606,921.1999011763875,1159.2300001018257,246.79908271198917,912.4309173898366,1174.2013520221549,562.1401870102392,597.0898130916667,885.2844746018606,0.0,921.1999011763875,0.0,817.6584538330752,255.518266822836,1806.484375778248,2408.6458343709974,602.1614585927493,597.0898130916652,199.02993769722173,796.1197507888869,11.941796261833304,35.77053324981969,0.0,280.72827255420634,1385.1502651786664,0.0,3226.3042882040727,0.0,0.0,0.0,0.0,4350.864641058819,1681.5270860211085,23.986488242867022,0.0,0.0,0.0,0.0,0.0
2025-03-21 21:00:00+00:00,1,14.0,4367.399333036642,1707.1592511375818,1303.0466365281582,1357.1934453709032,1707.1592511375038,363.83332539517164,1343.3259257423322,1174.2013520221549,825.9529636319999,881.2062875055846,1303.0466365281582,0.0,1357.193445370903,0.0,1201.3861289192726,375.4331652872727,2660.240081899061,3546.9867758654145,886.7466939663536,881.2062875055815,293.73542916852716,1174.9417166741086,17.624125750111627,52.66333354955377,0.0,413.4690040809569,2039.6717518027756,6407.071084839417,4748.372904784687,0.0,0.0,0.0,0.0,0.0,1681.5270860211085,23.98236334948464,0.0,0.0,0.0,-2.2737367544323206e-13,0.0
2025-03-21 22:00:00+00:00,1,14.0,4044.7511990677795,1584.0231893417556,1206.8209489620144,1253.9070607640108,1584.0231893416817,336.291382835695,1247.7318065059867,1174.2013520221549,765.7982411778478,818.2249481639099,1206.8209489620144,0.0,1253.9070607640106,0.0,1113.8883508041422,348.0901096262944,2460.728009726025,3280.9706796347,820.242669908675,818.2249481639076,272.7416493879692,1090.9665975518767,16.36449896327815,48.74369907650054,0.0,383.4447848088098,1889.627411771527,5934.378610839307,4394.859030438842,0.0,0.0,0.0,0.0,0.0,1681.5270860211085,23.985064220936035,0.0,0.0,0.0,4.547473508864641e-13,0.0
2025-03-21 23:00:00+00:00,1,14.0,3180.2473885094764,1243.5396321196058,949.7607490329042,986.9470073569643,1243.5396321195312,264.3503661011101,979.1892660184211,1174.2013520221549,604.9233700998002,638.6162620198077,949.7607490329042,0.0,986.9470073569643,0.0,879.8885383269821,274.96516822718195,1936.7077563898683,2582.2770085198244,645.5692521299561,638.6162620198065,212.8720873399355,851.488349359742,12.772325240396128,38.362292544556766,0.0,301.1243417651149,1485.6654672471414,13073.548285862158,3462.1655468468066,0.0,0.0,0.0,8407.635430105542,0.0,9657.710394659984,23.98419251497201,0.0,0.0,0.0,-1.8189894035458565e-12,0.0
2025-03-23 00:00:00+00:00,2,1.0,3047.0827957348697,1190.0785463560628,910.8884557551447,946.1157936236617,1190.0785463559866,253.92321345438955,936.1553329015971,1174.2013520221549,578.6913460417671,611.3872003142973,910.8884557551447,0.0,946.1157936236617,0.0,841.7328669698431,263.041520928076,1857.0042493788067,2476.0056658384087,619.0014164596022,611.3872003142961,203.7957334380987,815.1829337523948,12.22774400628592,36.78781160889096,0.0,288.2560749537106,1423.1103013946645,4470.193097129534,3317.738532808252,0.0,0.0,0.0,0.0,0.0,9657.710394659984,23.99177227959991,0.0,0.0,0.0,0.0,0.0
2025-03-23 01:00:00+00:00,2,1.0,3689.539622469024,1439.4402719861855,1101.541176079225,1148.5581744036128,1439.4402719861064,306.93571931933326,1132.5045526667732,1174.2013520221549,699.4190674121488,740.0212045740387,1101.541176079225,0.0,1148.5581744036128,0.0,1017.336825326762,317.9177579146131,2250.0993504828375,3000.13246731045,750.0331168276125,740.0212045740369,246.6737348580123,986.6949394320492,14.800424091480737,44.53181702641287,0.0,348.7966960375129,1722.7535467556445,5412.2931692246675,4017.4692926372118,0.0,0.0,0.0,0.0,0.0,9657.710394659984,23.991443903029083,0.0,0.0,0.0,-9.094947017729282e-13,0.0
2025-03-23 02:00:00+00:00,2,1.0,4766.883972927061,1860.6546593776366,1424.6196257295378,1481.6096878198907,1860.6546593775672,397.6142174156951,1463.0404419618721,1174.2013520221549,904.076229844098,956.5784295335411,1424.6196257295378,0.0,1481.609687819891,0.0,1315.0199706823246,410.9437408382264,2906.2293135494288,3874.972418065905,968.7431045164763,956.5784295335388,318.8594765111796,1275.4379060447184,19.131568590670774,57.55468565008505,0.0,450.79459023273193,2226.02716633937,12765.157146741112,5189.992388748229,0.0,0.0,0.0,5772.246007474682,0.0,15133.743774189976,23.987851484811877,0.0,0.0,0.0,-9.094947017729282e-13,0.0
2025-03-23 03:00:00+00:00,2,1.0,5065.620620082867,1975.7873301206257,1511.904258189964,1577.9290317722757,1975.7873301205475,421.0177263887772,1554.76960373177,1174.2013520221549,960.0501453626432,1015.7371847579859,1511.904258189964,0.0,1577.9290317722757,0.0,1396.4365750729355,436.38642971029236,3089.8332899622396,4119.777719949652,1029.944429987413,1015.7371847579818,338.57906158599394,1354.3162463439758,20.314743695159635,61.13641806342167,0.0,478.79496146001793,2365.1560445022988,7430.776664585166,5516.214295022588,0.0,0.0,0.0,0.0,0.0,15133.743774189976,23.989005066485735,0.0,0.0,0.0,0.0,0.0
2025-03-23 04:00:00+00:00,2,1.0,4612.233252327111,1798.0881769037849,1377.6902984751443,1436.4547769481826,1798.0881769037105,384.19149265955525,1413.8966842441553,1174.2013520221549,874.2529546450047,923.8352222587824,1377.6902984751443,0.0,1436.4547769481824,0.0,1271.6406613018253,397.3877066568204,2814.145075423327,3752.193433897769,938.0483584744422,923.8352222587805,307.94507408626015,1231.7802963450406,18.47670444517561,55.69525672373616,0.0,435.77062011487124,2153.3237205013056,6765.556972828416,5023.834095199594,0.0,0.0,0.0,0.0,0.0,15133.743774189976,23.989755467319462,0.0,0.0,0.0,0.0,0.0
2025-03-23 05:00:00+00:00,2,1.0,4918.4003314097545,1917.6610952037684,1468.2500510789162,1532.4891851270688,1917.6610952036885,409.11487340592896,1508.5462217977597,1174.2013520221549,931.8943522902289,985.766742913542,1468.2500510789162,0.0,1532.4891851270688,0.0,1355.4826942403329,423.588341950104,3000.739236205985,4000.9856482746463,1000.2464120686616,985.7667429135395,328.58891430451314,1314.3556572180526,19.715334858270786,59.37239338363817,0.0,464.75456651538207,2296.2659630805697,7214.666294490324,5356.46834251498,0.0,0.0,0.0,0.0,0.0,15133.743774189976,23.98994534378083,0.0,0.0,0.0,-4.547473508864641e-13,0.0
2025-03-23 06:00:00+00:00,2,1.0,4640.041575661417,1808.81462523474,1386.2982346768124,1444.9287157498625,1808.814625234662,386.78165861196607,1422.0329666226958,1174.2013520221549,879.6052118765683,929.2094133581746,1386.2982346768124,0.0,1444.9287157498625,0.0,1279.425762729554,399.8205508529856,2831.2269504266746,3774.969267235566,943.7423168088915,929.2094133581713,309.73647111939044,1238.9458844775618,18.584188267163427,56.03823419780299,0.0,438.37987918989666,2166.3016404361306,6806.343216097546,5054.39502996512,0.0,0.0,0.0,0.0,0.0,15133.743774189976,23.98970249997814,0.0,0.0,0.0,-9.094947017729282e-13,0.0
2025-03-23 07:00:00+00:00,2,1.0,4423.780537253034,1725.2216805833682,1321.4656917709053,1377.093164898763,1725.2216805832886,368.9155318154934,1356.306148767795,1174.2013520221549,837.9671588179053,887.2545217654657,1321.4656917709053,0.0,1377.093164898763,0.0,1218.8613219169533,380.8941630990479,2698.5588566696683,3598.078475559558,899.5196188898894,887.2545217654623,295.7515072551541,1183.0060290206163,17.745090435309244,53.41490240211479,0.0,418.0788804554827,2065.4041625369982,6489.184699790032,4816.939797476511,0.0,0.0,0.0,0.0,0.0,15133.743774189976,23.989217368683818,0.0,0.0,0.0,0.0,0.0
2025-03-23 08:00:00+00:00,2,1.0,2525.460535255602,983.1906371734597,754.0708195684199,788.1990785137226,983.1906371733854,210.53413054152887,772.6565066318566,1174.2013520221549,478.66976548579777,504.52087168766366,754.0708195684199,0.0,788.1990785137226,0.0,696.2469316157058,217.57716612990805,1542.2698980821424,2056.359864109523,514.0899660273808,504.52087168766195,168.17362389588732,672.6944955835493,10.090417433753238,30.504115372189823,0.0,238.3820827441059,1178.8173716032252,3704.277906858827,2752.606795725229,0.0,0.0,0.0,0.0,0.0,15133.743774189976,23.992371050860704,0.0,0.0,0.0,0.0,0.0
2025-03-23 09:00:00+00:00,2,1.0,4083.5344389885936,1590.6492493588585,1217.267589319416,1275.6176003103176,1590.6492493587832,339.4282236540289,1251.2210257047543,1174.2013520221549,772.095949642031,818.5532997168299,1217.267589319416,0.0,1275.6176003103178,0.0,1123.0486540247723,350.95270438274133,2492.8851896297338,3323.8469195063117,830.9617298765779,818.5532997168277,272.8510999056092,1091.4043996224368,16.37106599433655,49.27420368268566,0.0,385.6545979758653,1906.065401817816,5989.59984080641,4446.895573531084,0.0,0.0,0.0,0.0,0.0,15133.743774189976,23.989796708335,0.0,0.0,0.0,0.0,0.0
2025-03-23 10:00:00+00:00,2,1.0,2599.533019262855,1011.6927975142863,775.7343678721691,812.1058538764008,1011.6927975142116,217.4745861833668,794.2182113308448,1174.2013520221549,490.9622155187983,520.7305819954894,775.7343678721691,0.0,812.1058538764009,0.0,714.1268589364339,223.1646434176356,1587.84022174857,2117.12029566476,529.28007391619,520.7305819954883,173.57686066516274,694.307442660651,10.414611639909763,31.393089574929082,0.0,245.350902356161,1213.1801815699882,416.6964122719414,2831.247154601194,0.0,0.0,0.0,0.0,3396.016788560901,11554.027766182342,23.989498544793108,0.0,0.0,0.0,-4.547473508864641e-13,0.0
2025-03-23 11:00:00+00:00,2,1.0,2678.3055703265177,1044.4375825217926,799.4956171254868,834.3723706792384,1044.4375825217153,223.52982773154304,820.9077547901722,1174.2013520221549,506.1999599203366,538.2376226014575,799.4956171254868,0.0,834.3723706792383,0.0,736.2908507932169,230.0908908728803,1633.867987804725,2178.4906504063,544.622662601575,538.237622601456,179.412540867152,717.650163468608,10.76475245202912,32.328592220556985,0.0,253.1224889439809,1250.3419279581744,0.0,2914.781501199517,0.0,0.0,0.0,0.0,3928.647498284692,7412.869693348318,23.99209685735903,0.0,0.0,0.0,0.0,0.0
2025-03-23 12:00:00+00:00,2,1.0,3707.387082912041,1441.2722881719005,1106.1552436562256,1159.9595510839138,1441.2722881718237,309.62425742941537,1131.6480307424083,1174.2013520221549,699.6349369941413,741.6373511777614,1106.1552436562256,0.0,1159.9595510839135,0.0,1017.6508174460238,318.0158804518824,2266.1147947401396,3021.4863929868525,755.3715982467131,741.6373511777585,247.21245039258616,988.8498015703447,14.83274702355517,44.78425282052591,0.0,349.62499512930344,1729.841924064566,0.0,4039.137210432876,0.0,0.0,0.0,0.0,5437.229006976608,1681.5270860211085,23.99112853292282,0.0,0.0,0.0,6.821210263296962e-13,0.0
2025-03-23 13:00:00+00:00,2,1.0,4774.338456629509,1857.491098756119,1425.5475366058697,1491.299821267517,1857.4910987560336,399.1376526827831,1458.3534460732506,1174.2013520221549,901.6727722387345,955.8183265173876,1425.5475366058697,0.0,1491.299821267517,0.0,1311.5240323472506,409.8512601085158,2916.8473578733865,3889.1298104978487,972.2824526244622,955.818326517385,318.6061088391283,1274.4244353565132,19.116366530347698,57.67942431085126,0.0,450.4800676974155,2228.0156801107205,7002.3541367402295,5200.6538428450995,0.0,0.0,0.0,0.0,0.0,1681.5270860211085,23.989170932413984,0.0,0.0,0.0,0.0,0.0
2025-03-23 14:00:00+00:00,2,1.0,2979.168721184503,1157.2682752700175,892.6747891446076,929.2256567698796,1157.2682752699375,251.14526872999727,906.1230065399402,1174.2013520221549,563.6156977635393,593.6525775064799,892.6747891446076,0.0,929.2256567698796,0.0,819.8046512924208,256.1889535288815,1821.9004459144871,2429.2005945526494,607.3001486381623,593.6525775064782,197.8841925021594,791.5367700086376,11.873051550129563,36.07250024203702,0.0,280.7085357227015,1390.0273821840713,10141.442110843256,3249.00524584507,0.0,0.0,0.0,5772.246007474682,0.0,7157.560465551101,23.992293146370734,0.0,0.0,0.0,0.0,0.0
2025-03-23 15:00:00+00:00,2,1.0,2661.2908495157944,1035.8550660633648,798.2207096385355,827.2150738138915,1035.8550660632857,223.9430629107233,811.9120031525624,1174.2013520221549,504.16295135563763,531.6921147077288,798.2207096385355,0.0,827.2150738138915,0.0,733.3279292445638,229.16497788892622,1625.4357834524271,2167.2477112699025,541.8119278174756,531.6921147077269,177.2307049025756,708.9228196103024,10.633842294154537,32.21877202729498,0.0,251.07739434279574,1242.1376192732228,12311.063898894557,2900.5756405144666,0.0,0.0,0.0,8407.635430105542,0.0,15133.743774189976,23.99670208529505,0.0,0.0,0.0,0.0,0.0
2025-03-23 16:00:00+00:00,2,1.0,2571.9426533617698,1001.2125537699391,770.7851689241575,799.9449306676712,1001.2125537698638,215.99313153413257,785.2194222357313,1174.2013520221549,487.33939643632243,513.8731573336181,770.7851689241575,0.0,799.9449306676712,0.0,708.8573039073782,221.51790747105568,1570.7300995918285,2094.3067994557714,523.5766998639428,513.873157333617,171.291052444539,685.164209778156,10.27746314667234,31.123004374401432,0.0,242.69243859458402,1200.4785658951953,3772.421219256965,2803.1641033631495,0.0,0.0,0.0,0.0,0.0,15133.743774189976,23.997000309465516,0.0,0.0,0.0,-2.2737367544323206e-13,0.0
2025-03-23 17:00:00+00:00,2,1.0,2694.2734470521896,1051.0434960980015,807.9599559852277,835.2699949689611,1051.0434960979187,226.09931315399356,824.9441829439251,1174.2013520221549,511.3336445383252,539.7098515596779,807.9599559852277,0.0,835.2699949689611,0.0,743.7580284193821,232.42438388105688,1643.2299509541886,2190.973267938918,547.7433169847295,539.7098515596765,179.9032838532255,719.613135412902,10.79419703119353,32.59149862924644,0.0,254.62082529417057,1258.0775056736225,3952.3509527258116,2934.7312963583,0.0,0.0,0.0,0.0,0.0,15133.743774189976,23.99853993626051,0.0,0.0,0.0,-4.547473508864641e-13,0.0
2025-03-23 18:00:00+00:00,2,1.0,4148.013061258572,1617.2663146737127,1238.362494122797,1292.3842524620632,1617.2663146736384,345.3981751678132,1271.8681395058252,1174.2013520221549,784.0494745248081,833.2168401489065,1238.362494122797,0.0,1292.3842524620632,0.0,1140.435599308812,356.38612478400375,2530.7467465848604,3374.3289954464803,843.5822488616201,833.2168401489045,277.7389467163015,1110.955786865206,16.664336802978088,50.074717348304546,0.0,391.963416860086,1936.409791373294,4414.698780244427,4514.764594755292,0.0,0.0,0.0,0.0,1669.7240723874386,13373.700063271255,23.99651773422078,0.0,0.0,0.0,0.0,0.0
2025-03-23 19:00:00+00:00,2,1.0,4286.388019597032,1667.6027737207019,1279.093450934618,1339.6917949417114,1667.6027737206323,356.9135819348876,1310.6891917857447,1174.2013520221549,809.7745470357513,857.828226684953,1279.093450934618,0.0,1339.691794941711,0.0,1177.8538865974565,368.0793395617052,2618.785245876329,3491.7136611684386,872.9284152921097,857.828226684951,285.942742228317,1143.770968913268,17.15656453369902,51.76972147745565,0.0,404.42069183183776,2000.2974749251243,0.0,4669.567547765895,0.0,0.0,0.0,0.0,6286.685494522157,6746.951697993914,23.99603488876559,0.0,0.0,0.0,0.0,0.0
2025-03-23 20:00:00+00:00,2,1.0,3276.2455494626297,1276.3225100383456,978.1013432599049,1021.821696164377,1276.3225100382701,272.7614315432364,1003.5610784950336,1174.2013520221549,619.1827371313552,657.1397729069923,978.1013432599049,0.0,1021.821696164377,0.0,900.6294358274258,281.4466986960706,1999.9230394242818,2666.564052565709,666.6410131414273,657.1397729069904,219.04659096899678,876.1863638759871,13.142795458139807,39.56125725944092,0.0,309.39982192589923,1529.2381774499745,0.0,3567.193488393135,0.0,0.0,0.0,0.0,4805.483726912606,1681.5270860211085,23.99794276934216,0.0,0.0,0.0,1.3642420526593924e-12,0.0
2025-03-23 21:00:00+00:00,2,1.0,3539.052929292931,1380.835511829172,1057.1562970009716,1101.0611204627887,1380.835511829096,294.8998197082075,1085.9356921208885,1174.2013520221549,669.720146268889,711.1153655602851,1057.1562970009716,0.0,1101.0611204627887,0.0,974.1383945729294,304.41824830404045,2158.2174174637603,2877.6232232850134,719.4058058212534,711.1153655602827,237.0384551867609,948.1538207470436,14.222307311205654,42.725300114657045,0.0,334.6067253754627,1652.4168421133802,5191.469771406311,3851.761617857943,0.0,0.0,0.0,0.0,0.0,1681.5270860211085,23.997283079338064,0.0,0.0,0.0,2.2737367544323206e-13,0.0
2025-03-23 22:00:00+00:00,2,1.0,4426.837872567179,1729.8370542107054,1325.411040800037,1371.5897775564363,1729.8370542106334,370.5807167762811,1359.2563374343522,1174.2013520221549,839.996585951447,889.8404682592609,1325.411040800037,0.0,1371.589777556436,0.0,1221.8132159293775,381.81662997793046,2697.0008183564732,3596.001091141964,899.000272785491,889.8404682592586,296.61348941975285,1186.4539576790114,17.79680936518517,53.478228999565474,0.0,418.9952039150103,2067.7006344629353,6494.5385070301145,4817.814307071341,0.0,0.0,0.0,0.0,0.0,1681.5270860211085,23.995790200520958,0.0,0.0,0.0,0.0,0.0
2025-03-23 23:00:00+00:00,2,1.0,4604.1904827817725,1797.241757864827,1378.843489853189,1428.1052350637572,1797.2417578647455,386.2672072046128,1410.9745506601328,1174.2013520221549,873.235801965658,924.0059558991712,1378.843489853189,0.0,1428.1052350637574,0.0,1270.1611664955026,396.92536452984456,2806.948724916947,3742.5982998892623,935.6495749723156,924.0059558991688,308.00198529972295,1232.0079411988918,18.480119117983374,55.646357046233256,0.0,435.4666444516615,2150.1700454177612,15161.995958305075,5012.759466384765,0.0,0.0,0.0,8407.635430105542,0.0,9657.710394659984,23.994336329466353,0.0,0.0,0.0,0.0,0.0
2025-04-12 00:00:00+00:00,3,40.0,3091.7851799709215,1198.010348571347,920.2834749077912,973.4913564917844,1198.0103485712787,256.3655814042213,941.6447671670572,1174.2013520221549,580.8701433541845,617.1402052171642,920.2834749077912,0.0,973.4913564917845,0.0,844.9020266969957,264.03188334281117,1893.7748313995758,2525.0331085327675,631.2582771331919,617.1402052171633,205.7134017390544,822.8536069562176,12.342804104343264,37.343417812151586,0.0,290.82251378612546,1441.5122979176776,4533.297477888599,3369.935135229763,0.0,0.0,0.0,0.0,0.0,9657.710394659984,24.000996554920025,0.0,0.0,0.0,0.0,0.0
2025-04-12 01:00:00+00:00,3,40.0,3069.36490939459,1189.990005553295,913.7531619330666,965.6217419082279,1189.9900055532219,254.0558849921537,935.9341205610682,1174.2013520221549,578.5131168615924,611.4768886917041,913.7531619330666,0.0,965.6217419082278,0.0,841.4736245259526,262.9605076643602,1879.3749038412946,2505.8332051217258,626.4583012804314,611.4768886917029,203.82562956390097,815.3025182556039,12.229537773834059,37.06881227707429,0.0,288.8282204925126,1431.3710090521135,4500.735918446703,3347.3068296476786,0.0,0.0,0.0,0.0,0.0,9657.710394659984,23.99804232347988,0.0,0.0,0.0,-4.547473508864641e-13,0.0
2025-04-12 02:00:00+00:00,3,40.0,3040.409167427768,1179.8093772145214,904.7777167316901,955.8220734815552,1179.809377214445,251.70279804163573,928.1065791728093,1174.2013520221549,572.4823160672127,607.3270611473108,904.7777167316901,0.0,955.8220734815552,0.0,832.7015506432184,260.21923457600576,1860.5997902132453,2480.799720284327,620.1999300710818,607.327061147309,202.44235371576966,809.7694148630786,12.14654122294618,36.70155223676626,0.0,286.31352960172535,1418.023141424295,10230.678316326746,3313.5012709275456,0.0,0.0,0.0,5772.246007474682,0.0,15133.743774189976,23.998615911515383,0.0,0.0,0.0,9.094947017729282e-13,0.0
2025-04-12 03:00:00+00:00,3,40.0,3062.6154219436226,1189.695709149037,911.2774876411594,961.6422251534257,1189.6957091489585,253.23083232687028,936.4648768220882,1174.2013520221549,576.8475934217205,612.8481157273183,911.2774876411594,0.0,961.6422251534258,0.0,839.051044977048,262.2034515553275,1872.9197127945852,2497.2262837261133,624.3065709315283,612.8481157273167,204.28270524243888,817.1308209697555,12.256962314546332,36.95474688076904,0.0,288.6318699479225,1428.6363068725327,4491.251728816154,3336.2773287031614,0.0,0.0,0.0,0.0,0.0,15133.743774189976,24.000020768826417,0.0,0.0,0.0,-9.094947017729282e-13,0.0
2025-04-12 04:00:00+00:00,3,40.0,3109.60323598824,1208.160874406178,924.6055322801917,976.8368293018709,1208.1608744060982,256.9042341714294,951.2566402346688,1174.2013520221549,585.0305999046954,623.1302745014843,924.6055322801917,0.0,976.8368293018709,0.0,850.9535998613751,265.92299995667975,1901.4423615820626,2535.2564821094165,633.8141205273541,623.1302745014822,207.71009150049406,830.8403660019762,12.462605490029643,37.50653426142446,0.0,293.1126029998386,1450.5289547358207,4560.132190724061,3386.2100819707916,0.0,0.0,0.0,0.0,0.0,15133.743774189976,23.99979889388941,0.0,0.0,0.0,0.0,0.0
2025-04-12 05:00:00+00:00,3,40.0,3108.01247362187,1206.7126059447355,924.1004958171346,977.1993718600015,1206.7126059446603,256.7880238891305,949.9245820555298,1174.2013520221549,584.5528176329642,622.1597883117734,924.1004958171346,0.0,977.1993718600015,0.0,850.2586438297661,265.7058261968019,1901.2998676771363,2535.0664902361814,633.7666225590453,622.1597883117713,207.38659610392375,829.546384415695,12.443195766235425,37.49500859311406,0.0,292.8128895239188,1449.6101387430394,4557.622612364909,3385.3251340659476,0.0,0.0,0.0,0.0,0.0,15133.743774189976,24.000219732699176,0.0,0.0,0.0,0.0,0.0
2025-04-12 06:00:00+00:00,3,40.0,3057.446493160741,1183.7048072451496,909.3960015427742,964.3456843728168,1183.7048072450675,252.97067198497416,930.7341352600934,1174.2013520221549,575.4697987574078,608.2350084877432,909.3960015427742,0.0,964.3456843728168,0.0,837.0469800107751,261.5771812533672,1873.741685915591,2498.3222478874545,624.5805619718636,608.235008487742,202.7450028292473,810.9800113169892,12.164700169754838,36.925336890011394,0.0,287.4475327895925,1425.4403159038368,4482.886809064577,3335.36922789823,0.0,0.0,0.0,0.0,0.0,15133.743774189976,23.99876103581472,0.0,0.0,0.0,-2.2737367544323206e-13,0.0
2025-04-12 07:00:00+00:00,3,40.0,3070.6544380104815,1188.402964195102,913.9970669659401,968.25440684944,1188.4029641950244,254.86502330191834,933.537940893106,1174.2013520221549,578.1620875911044,610.2408766039991,913.9970669659401,0.0,968.25440684944,0.0,840.9630364961521,262.8009489050475,1882.25147381538,2509.6686317538397,627.4171579384599,610.2408766039979,203.41362553466595,813.6545021386638,12.204817532079957,37.1024560774726,0.0,288.62719009692137,1431.5661960846473,4502.220634095128,3350.631668249992,0.0,0.0,0.0,0.0,0.0,15133.743774189976,23.996571905772303,0.0,0.0,0.0,-9.094947017729282e-13,0.0
2025-04-12 08:00:00+00:00,3,40.0,3024.258249840333,1170.22927783628,900.7082131333309,953.3207588707188,1170.229277836205,251.15674252601133,919.0725353101936,1174.2013520221549,570.2945107937196,599.9347670425624,900.7082131333309,0.0,953.3207588707187,0.0,829.5192884272285,259.2247776335089,1854.0289720040496,2472.038629338733,618.0096573346832,599.9347670425611,199.9782556808537,799.9130227234148,11.99869534085122,36.554453982707116,0.0,284.22597545733515,1409.9918154299394,4434.250065270273,3301.557917765961,0.0,0.0,0.0,0.0,0.0,15133.743774189976,23.996441937194096,0.0,0.0,0.0,4.547473508864641e-13,0.0
2025-04-12 09:00:00+00:00,3,40.0,2952.048198650281,1140.7823386716595,879.1658152102597,932.1000447683599,1140.7823386715854,245.51006710330995,895.2722715682753,1174.2013520221549,556.0018306869129,584.7805079847485,879.1658152102597,0.0,932.1000447683597,0.0,808.7299355446005,252.72810485768764,1811.2658599786193,2415.021146638159,603.7552866595397,584.7805079847474,194.9268359949158,779.7073439796632,11.695610159694947,35.695974903991385,0.0,277.1885756754491,1375.9903882512785,4328.038586901559,3223.751082182759,0.0,0.0,0.0,0.0,0.0,15133.743774189976,23.99756716665821,0.0,0.0,0.0,-4.547473508864641e-13,0.0
2025-04-12 10:00:00+00:00,3,40.0,2929.163055665478,1131.4855145685246,872.8519730657895,924.8255680311631,1131.485514568446,243.89983568857707,887.5856788798687,1174.2013520221549,552.4744786992455,579.0110358692807,872.8519730657895,0.0,924.8255680311631,0.0,803.5992417443572,251.12476304511162,1797.6775410969526,2396.90338812927,599.2258470323175,579.0110358692791,193.00367862309304,772.0147144923721,11.580220717385583,35.43381487228531,0.0,274.97348006026186,1365.3418043504548,264.99305595854275,3200.502629873627,0.0,0.0,0.0,0.0,4029.5118040573902,10886.265387738153,23.997283694559275,0.0,0.0,0.0,4.547473508864641e-13,0.0
2025-04-12 11:00:00+00:00,3,40.0,3018.0422265829366,1167.3428277830837,899.8544157866133,950.8449830132396,1167.3428277830135,251.78253148754314,915.5602962954703,1174.2013520221549,568.4562314979244,598.8865962851611,899.8544157866133,0.0,950.8449830132395,0.0,826.8454276333446,258.3891961354202,1850.6993987998528,2467.5991983998038,616.8997995999509,598.8865962851596,199.62886542838652,798.5154617135461,11.977731925703191,36.5040823037308,0.0,283.5708738716412,1406.9705492648327,0.0,3294.4446260331483,0.0,0.0,0.0,0.0,4425.012775847769,6221.892372063797,23.997546079240355,0.0,0.0,0.0,0.0,0.0
2025-04-12 12:00:00+00:00,3,40.0,2937.9634504198903,1135.2138026872742,875.5606089396061,927.1890387930101,1135.2138026871949,244.92359973306452,890.2902029541303,1174.2013520221549,553.2636745116378,581.950128175638,875.5606089396061,0.0,927.1890387930101,0.0,804.7471629260186,251.48348841438082,1802.7496477326165,2403.666196976822,600.9165492442055,581.9501281756367,193.98337605854556,775.9335042341822,11.639002563512733,35.53870865611829,0.0,275.8441385603883,1369.4052634971513,0.0,3208.4133599028405,0.0,0.0,0.0,0.0,4307.3687139170415,1681.5270860211085,23.997398706429017,0.0,0.0,0.0,0.0,0.0
2025-04-12 13:00:00+00:00,3,40.0,2936.394018063023,1138.5385023044296,874.7100259418843,923.145489816708,1138.538502304362,244.53049599664945,894.0080063077127,1174.2013520221549,552.5428922357087,585.9956100687225,874.7100259418843,0.0,923.145489816708,0.0,803.698752342849,251.1558601071403,1797.8555157585924,2397.140687678123,599.2851719195307,585.9956100687209,195.33187002290697,781.3274800916279,11.719912201374418,35.47275567642362,0.0,276.4040188916215,1369.3695888189977,4305.763606882021,3200.839440020972,0.0,0.0,0.0,0.0,0.0,1681.5270860211085,23.997565287495668,0.0,0.0,0.0,4.547473508864641e-13,0.0
2025-04-12 14:00:00+00:00,3,40.0,3007.658007168605,1168.6565844946697,894.7241702548018,944.277252419135,1168.6565844945965,249.2058951040498,919.4506893905468,1174.2013520221549,565.7791473284988,602.8774371661725,894.7241702548018,0.0,944.277252419135,0.0,822.9514870232709,257.1723396947722,1839.0014226739368,2452.0018968985823,613.0004742246456,602.8774371661711,200.95914572205703,803.8365828882281,12.057548743323421,36.28449763183541,0.0,283.53723809664643,1403.01124411328,10182.915258756568,3274.9533839218534,0.0,0.0,0.0,5772.246007474682,0.0,7157.560465551101,23.99789447849171,0.0,0.0,0.0,9.094947017729282e-13,0.0
2025-04-12 15:00:00+00:00,3,40.0,3059.3822059163886,1186.832815924111,908.4696771044094,964.0797128878698,1186.8328159240325,252.43347437057847,934.399341553454,1174.2013520221549,574.815742613964,612.0170733101488,908.4696771044094,0.0,964.0797128878698,0.0,836.0956256203112,261.2798830063473,1872.5493899922792,2496.7325199897055,624.1831299974264,612.0170733101465,204.00569110338216,816.0227644135286,12.24034146620293,36.89488744201098,0.0,288.08200648782895,1426.6859395031986,12893.703575525129,3332.8281456100167,0.0,0.0,0.0,8407.635430105542,0.0,15133.743774189976,23.99859772032109,0.0,0.0,0.0,0.0,0.0
2025-04-12 16:00:00+00:00,3,40.0,3006.305278603771,1168.524665628499,891.5456296171527,946.2349833581189,1168.5246656284185,247.56253222651793,920.9621334019006,1174.2013520221549,564.3599872895195,604.1646783389808,891.5456296171527,0.0,946.2349833581188,0.0,820.8872542393012,256.5272669497816,1837.7806129752717,2450.3741506336955,612.5935376584239,604.1646783389798,201.38822611299327,805.5529044519731,12.083293566779595,36.20871872209577,0.0,283.4945047671654,1402.2955477772396,4408.600826381011,3271.2614048729965,0.0,0.0,0.0,0.0,0.0,15133.743774189976,23.994276553196944,0.0,0.0,0.0,2.2737367544323206e-13,0.0
2025-04-12 17:00:00+00:00,3,40.0,3007.45062791119,1170.4546706570397,892.6737979653162,944.3221592888348,1170.45467065696,247.94004528734138,922.5146253696187,1174.2013520221549,564.3592933354358,606.0953773216057,892.6737979653162,0.0,944.3221592888348,0.0,820.8862448515431,256.5269515161072,1836.995957254151,2449.3279430055345,612.3319857513836,606.0953773216037,202.03179244053456,808.1271697621382,12.121907546432073,36.22343553184784,0.0,283.8405096004608,1403.076582386766,4410.527210297956,3270.2141878570774,0.0,0.0,0.0,0.0,0.0,15133.743774189976,23.99683927209335,0.0,0.0,0.0,0.0,0.0
2025-04-12 18:00:00+00:00,3,40.0,3066.3174869809536,1194.1465892857934,910.4765229268781,961.6943747682819,1194.1465892857098,252.50000298349408,941.6465863022157,1174.2013520221549,576.4922166344742,617.6543726513208,910.4765229268781,0.0,961.694374768282,0.0,838.5341332865079,262.0419166520337,1872.17089769516,2496.2278635935463,624.0569658983866,617.6543726513192,205.88479088377306,823.5391635350923,12.353087453026383,36.93123943548916,0.0,289.51042200428765,1430.7784223269966,506.3182560888222,3334.761996880054,0.0,0.0,0.0,0.0,3990.777653219128,10927.094767698629,23.9958662217472,0.0,0.0,0.0,-2.2737367544323206e-13,0.0
2025-04-12 19:00:00+00:00,3,40.0,3014.1137776552564,1171.450623172733,896.5415435114329,946.1216109710925,1171.4506231726514,249.58272511857723,921.8678980540742,1174.2013520221549,565.9828110373168,605.4678121354177,896.5415435114329,0.0,946.1216109710925,0.0,823.247725145188,257.2649141078713,1842.6631544825254,2456.8842059767003,614.2210514941751,605.4678121354162,201.82260404513875,807.290416180555,12.109356242708325,36.35746241505392,0.0,284.12775590749516,1405.9031442124426,0.0,3280.1319311218886,0.0,0.0,0.0,0.0,4420.016921867699,6267.987844502486,23.997233659276212,0.0,0.0,0.0,2.2737367544323206e-13,0.0
2025-04-12 20:00:00+00:00,3,40.0,2967.55226047756,1150.1801482608607,882.4212874742566,934.9508247424427,1150.180148260785,245.81556315618505,904.3645851045999,1174.2013520221549,556.8239727835526,593.3561754773099,882.4212874742566,0.0,934.9508247424426,0.0,809.9257785942583,253.1018058107057,1817.372112216699,2423.162816288932,605.790704072233,593.3561754773089,197.7853918257696,791.1415673030784,11.867123509546175,35.82214687165212,0.0,279.17928616790687,1383.5464582578136,0.0,3233.08859488319,0.0,0.0,0.0,0.0,4351.098718735374,1681.5270860211085,23.997215563149197,0.0,0.0,0.0,2.2737367544323206e-13,0.0
2025-04-12 21:00:00+00:00,3,40.0,2956.3872331650873,1147.6875790997867,879.4626086937625,929.2370453715372,1147.687579099705,245.0248219101623,902.6627571895428,1174.2013520221549,554.2942219531307,593.3933571466576,879.4626086937625,0.0,929.2370453715371,0.0,806.2461410227355,251.95191906960486,1808.6996540653,2411.599538753733,602.8998846884333,593.3933571466561,197.797785715552,791.191142862208,11.86786714293312,35.67624871452825,0.0,278.44236695374457,1378.6360722847962,4335.023305449883,3217.845679776469,0.0,0.0,0.0,0.0,0.0,1681.5270860211085,23.99921766192286,0.0,0.0,0.0,-4.547473508864641e-13,0.0
2025-04-12 22:00:00+00:00,3,40.0,2970.19408654103,1154.2152213722588,884.6607347428601,931.3181304259124,1154.2152213721793,247.33517465714468,906.8800467150345,1174.2013520221549,556.3751316569728,597.8400897152877,884.6607347428601,0.0,931.3181304259124,0.0,809.2729187737787,252.89778711680583,1815.9788651687727,2421.3051535583636,605.3262883895909,597.840089715286,199.28002990509532,797.1201196203813,11.956801794305719,35.85300334654493,0.0,279.94005731315065,1385.2539678654935,4355.448054406523,3230.5780723321423,0.0,0.0,0.0,0.0,0.0,1681.5270860211085,23.998118465617686,0.0,0.0,0.0,-9.094947017729282e-13,0.0
2025-04-12 23:00:00+00:00,3,40.0,3033.7416111196762,1180.6891737614842,903.6973481994829,949.3550891587105,1180.689173761405,252.89781673086617,927.791357030539,1174.2013520221549,568.3107949885551,612.378378772931,903.6973481994829,0.0,949.3550891587104,0.0,826.6338836197166,258.32308863116145,1853.0524373581934,2470.7365831442576,617.6841457860644,612.3783787729298,204.12612625764325,816.504505030573,12.247567575458595,36.604471337571596,0.0,286.24921523534067,1415.2346148232398,12856.611656048457,3297.370466763974,0.0,0.0,0.0,8407.635430105542,0.0,9657.710394659984,23.995395503398914,0.0,0.0,0.0,0.0,0.0
2025-06-08 00:00:00+00:00,4,59.0,2668.226443465902,1045.6262180584977,786.7325179703541,835.8677074370488,1045.6262180584195,213.65892434637573,831.9672937120437,1174.2013520221549,505.2299352783101,540.3962827801887,786.7325179703541,0.0,835.8677074370488,0.0,734.8799058593602,229.64997058105007,1622.600225407403,2163.4669672098707,540.8667418024677,540.3962827801871,180.13209426006236,720.5283770402494,10.807925655603741,31.960652613481116,0.0,253.14417996505654,1246.5615648777216,3914.7880083436235,2898.346873069231,0.0,0.0,0.0,0.0,0.0,9657.710394659984,23.999736436383543,0.0,0.0,0.0,0.0,0.0
2025-06-08 01:00:00+00:00,4,59.0,2697.086106739959,1069.8337056589294,795.3048673885394,831.9475336924888,1069.8337056588625,215.4255950081111,854.4081106507514,1174.2013520221549,511.8981277913395,557.9355778675916,795.3048673885394,0.0,831.9475336924888,0.0,744.5790949692212,232.6809671778816,1627.2524010810284,2169.669868108038,542.4174670270095,557.9355778675898,185.97852595586326,743.914103823453,11.158711557351795,32.178621358581076,0.0,258.28513237735024,1262.6994254540373,3959.7855321939965,2914.248963077259,0.0,0.0,0.0,0.0,0.0,9657.710394659984,23.99589470326019,0.0,0.0,0.0,0.0,0.0
2025-06-08 02:00:00+00:00,4,59.0,2748.2279820414296,1092.4450016161707,809.4532518053032,846.3297286199553,1092.4450016160913,218.8249487265531,873.6200528895381,1174.2013520221549,521.0212702985444,571.4237313176278,809.4532518053032,0.0,846.3297286199553,0.0,757.8491204342465,236.82785013570202,1655.7829804252588,2207.7106405670115,551.9276601417529,571.423731317626,190.4745771058753,761.8983084235012,11.428474626352518,32.74689484035866,0.0,263.60646501230895,1287.0119218623504,9807.485911378462,2965.5597610012583,0.0,0.0,0.0,5772.246007474682,0.0,15133.743774189976,23.997157560653108,0.0,0.0,0.0,0.0,0.0
2025-06-08 03:00:00+00:00,4,59.0,2787.1014940741543,1101.892501840242,819.1497318322142,866.0592604016967,1101.8925018401578,221.64336687957757,880.2491349605802,1174.2013520221549,526.2017635807358,575.6907382595076,819.1497318322142,0.0,866.0592604016967,0.0,765.3843833901614,239.18261980942543,1685.208992233911,2246.9453229785477,561.7363307446369,575.6907382595065,191.8969127531688,767.5876510126752,11.513814765190128,33.235084558983395,0.0,266.2823998818976,1303.8471625133022,4090.9486565874568,3012.329706368709,0.0,0.0,0.0,0.0,0.0,15133.743774189976,23.99961556259679,0.0,0.0,0.0,2.2737367544323206e-13,0.0
2025-06-08 04:00:00+00:00,4,59.0,2835.911021442252,1119.8390441354736,830.5742806253348,885.4976966814478,1119.8390441353981,225.06009563248747,894.7789485029107,1174.2013520221549,530.7904726490572,589.0485714864178,830.5742806253348,0.0,885.4976966814479,0.0,772.0588693077195,241.26839665866237,1716.0719773067826,2288.095969742377,572.0239924355942,589.0485714864162,196.3495238288054,785.3980953152216,11.780971429728323,33.77220538557452,0.0,270.7500403105605,1325.9451300489254,4161.856151491178,3060.1548390500966,0.0,0.0,0.0,0.0,0.0,15133.743774189976,24.00568725935661,0.0,0.0,0.0,4.547473508864641e-13,0.0
2025-06-08 05:00:00+00:00,4,59.0,2864.877477365525,1131.6807482179352,838.3784049155735,894.8183242320183,1131.6807482178608,226.66982418670116,905.0109240311596,1174.2013520221549,536.3788736084648,595.3018746094718,838.3784049155735,0.0,894.8183242320183,0.0,780.1874525214033,243.80857891293854,1733.196729147592,2310.928972196789,577.7322430491972,595.3018746094699,198.43395820315664,793.7358328126265,11.906037492189398,34.09953538978739,0.0,273.59567856987724,1339.5760316171463,4204.453508982671,3091.1164247181923,0.0,0.0,0.0,0.0,0.0,15133.743774189976,24.006921176031188,0.0,0.0,0.0,0.0,0.0
2025-06-08 06:00:00+00:00,4,59.0,2869.0960452254612,1137.9598302288007,839.212286149072,891.9239288475885,1137.9598302287268,225.68696085763077,912.272869371096,1174.2013520221549,538.6586949685001,599.3011352603025,839.212286149072,0.0,891.9239288475886,0.0,783.5035563178183,244.8448613493182,1731.1362149966606,2308.1816199955474,577.0454049988869,599.3011352603004,199.76704508676679,799.0681803470671,11.986022705206008,34.09560787294805,0.0,274.80839540581655,1342.5473374189423,4211.643382644404,3091.6851763133654,0.0,0.0,0.0,0.0,0.0,15133.743774189976,24.007744152231908,0.0,0.0,0.0,0.0,0.0
2025-06-08 07:00:00+00:00,4,59.0,2935.153587802032,1159.113129468597,862.8520540354976,913.1884042979372,1159.113129468522,234.68587643992885,924.4272530285932,1174.2013520221549,550.2140394687797,608.899089999819,862.8520540354976,0.0,913.1884042979372,0.0,800.3113301364068,250.09729066762714,1776.0404583334348,2368.0539444445794,592.0134861111449,608.8990899998178,202.96636333327257,811.8654533330903,12.177981799996354,35.0174456640443,0.0,280.1767330865714,1372.4493006626567,4307.6028884646885,3168.3652745809864,0.0,0.0,0.0,0.0,0.0,15133.743774189976,24.00866887757061,0.0,0.0,0.0,0.0,0.0
2025-06-08 08:00:00+00:00,4,59.0,2902.079830330927,1145.1710326233701,855.4891171925267,901.4196805150316,1145.1710326232994,234.35787820976486,910.8131544135344,1174.2013520221549,543.1279754492645,602.0430571741075,855.4891171925267,0.0,901.4196805150316,0.0,790.0043279262029,246.8763524769384,1756.9087977075583,2342.5450636100777,585.6362659025194,602.0430571741057,200.68101905803522,802.7240762321409,12.040861143482113,34.678870320926116,0.0,276.8468864554843,1356.7602553573854,4258.840085688313,3132.5493915362804,0.0,0.0,0.0,0.0,0.0,15133.743774189976,24.00873428303695,0.0,0.0,0.0,2.2737367544323206e-13,0.0
2025-06-08 09:00:00+00:00,4,59.0,2865.8243195745335,1123.9364272882694,844.4781248835918,897.4097674026721,1123.9364272881892,233.63785750023766,890.2985697879515,1174.2013520221549,532.0509526779391,591.8854746103319,844.4781248835918,0.0,897.409767402672,0.0,773.8922948042753,241.84134212633603,1741.8878922862639,2322.5171897150185,580.6292974287546,591.8854746103304,197.29515820344346,789.1806328137739,11.837709492206608,34.30844142053448,0.0,272.21804257437543,1338.1299912456507,4203.954310820183,3096.409484519294,0.0,0.0,0.0,0.0,0.0,15133.743774189976,24.007706937168834,0.0,0.0,0.0,-9.094947017729282e-13,0.0
2025-06-08 10:00:00+00:00,4,59.0,3004.936785739249,1176.3184319375853,885.0266969631168,943.5916568385442,1176.318431937505,245.12794657780162,931.1904853597034,1174.2013520221549,556.7736269465094,619.5448049910776,885.0266969631168,0.0,943.5916568385442,0.0,809.8525482858319,253.07892133932245,1828.6183538016612,2438.1578050688813,609.5394512672203,619.5448049910752,206.51493499702508,826.0597399881003,12.390896099821504,35.986717477278944,0.0,285.0316870061715,1402.54260818684,236.66975098137937,3248.010353354713,0.0,0.0,0.0,0.0,4170.80964294471,10737.324387957007,24.006750200876926,0.0,0.0,0.0,0.0,0.0
2025-06-08 11:00:00+00:00,4,59.0,2992.4877938225673,1170.769593905908,882.8704434172173,938.8477564994425,1170.7695939058274,245.50019882032726,925.2693950855,1174.2013520221549,554.2271369317926,616.5424569741174,882.8704434172173,0.0,938.8477564994424,0.0,806.1485628098802,251.92142587808758,1821.7181999166596,2428.9575998888795,607.2393999722199,616.5424569741159,205.5141523247053,822.0566092988212,12.330849139482318,35.87459086751094,0.0,283.7175823800053,1396.5980005620113,0.0,3235.10616269876,0.0,0.0,0.0,0.0,4389.085794384579,6110.82173590876,24.005721555874892,0.0,0.0,0.0,0.0,0.0
2025-06-08 12:00:00+00:00,4,59.0,2864.58811242164,1122.8923062226575,842.549782102231,899.1460240967498,1122.8923062225754,232.5708634007234,890.3214428218519,1174.2013520221549,531.623122804576,591.269183418083,842.549782102231,0.0,899.1460240967497,0.0,773.2699968066561,241.64687400208004,1741.6958061989808,2322.2610749319742,580.5652687329936,591.2691834180819,197.08972780602727,788.3589112241091,11.825383668361635,34.26795370403443,0.0,272.014536157777,1337.409744071274,0.0,3095.53107173863,0.0,0.0,0.0,0.0,4201.997856492913,1681.5270860211085,24.005036848135482,0.0,0.0,0.0,-4.547473508864641e-13,0.0
2025-06-08 13:00:00+00:00,4,59.0,2798.9460515361766,1097.9361857238518,823.8264309882832,877.183434824043,1097.9361857237802,227.29955938005043,870.6366263437299,1174.2013520221549,520.0817671814436,577.8544185424099,823.8264309882832,0.0,877.183434824043,0.0,756.4825704457362,236.40080326429256,1701.009865812326,2268.0131544164346,567.0032886041087,577.8544185424082,192.61813951413606,770.4725580565442,11.557088370848163,33.48662727788893,0.0,265.91557834774085,1306.9815253790152,4105.927576915192,3024.495724862171,0.0,0.0,0.0,0.0,0.0,1681.5270860211085,24.00683177442932,0.0,0.0,0.0,0.0,0.0
2025-06-08 14:00:00+00:00,4,59.0,2815.0490135332443,1099.9388931083834,830.9462029011424,884.1639175237161,1099.9388931083095,231.1720881703926,868.7668049379167,1174.2013520221549,521.7990821297137,578.1398109786714,830.9462029011424,0.0,884.1639175237161,0.0,758.9804830977654,237.1814009680517,1715.1101204248587,2286.8134938998114,571.7033734749529,578.1398109786699,192.71327032622327,770.8530813048931,11.562796219573396,33.77002526227143,0.0,266.6497700641794,1313.580636315252,9900.875657323179,3045.793976997577,0.0,0.0,0.0,5772.246007474682,0.0,7157.560465551101,24.005944897697,0.0,0.0,0.0,9.094947017729282e-13,0.0
2025-06-08 15:00:00+00:00,4,59.0,3010.6690789388085,1163.3191950512062,896.0799516676826,951.2699322199209,1163.3191950511327,251.6627270000377,911.6564680510951,1174.2013520221549,565.3526166600877,597.96657839112,896.0799516676826,0.0,951.2699322199209,0.0,822.3310787783095,256.9784621182217,1847.3498838876035,2463.1331785168045,615.7832946292011,597.9665783911182,199.3221927970394,797.2887711881576,11.959331567822364,36.39509787222969,0.0,282.75002727782703,1403.1884062623412,12821.492915306691,3285.464257295114,0.0,0.0,0.0,8407.635430105542,0.0,15133.743774189976,23.992505337466294,0.0,0.0,0.0,0.0,0.0
2025-06-08 16:00:00+00:00,4,59.0,3078.2069923204554,1193.5865718953996,916.0040381164465,968.6163823086093,1193.586571895318,256.63221775636373,936.9543541389543,1174.2013520221549,578.2211922422256,615.3653796531751,916.0040381164465,0.0,968.6163823086092,0.0,841.0490068977826,262.82781465555706,1884.6204204250557,2512.8272272334075,628.2068068083519,615.3653796531736,205.12179321772453,820.4871728708981,12.307307593063472,37.16628496657949,0.0,289.80298757657965,1435.432994817856,4513.639987138311,3353.8762341311904,0.0,0.0,0.0,0.0,0.0,15133.743774189976,23.992837686252503,0.0,0.0,0.0,-4.547473508864641e-13,0.0
2025-06-08 17:00:00+00:00,4,59.0,3074.9395644076244,1193.828536785967,914.9203494074607,966.1906782141967,1193.8285367858891,255.96710480104298,937.8614319848461,1174.2013520221549,578.0295931334423,615.7989436525262,914.9203494074607,0.0,966.1906782141967,0.0,840.770317285007,262.7407241515647,1881.1110276216573,2508.1480368288762,627.0370092072191,615.7989436525244,205.26631455084146,821.0652582033658,12.315978873050486,37.10951726436579,0.0,289.77419020062916,1434.2437342476708,4509.1832986552945,3348.918354113883,0.0,0.0,0.0,0.0,0.0,15133.743774189976,23.994589346359206,0.0,0.0,0.0,-6.821210263296962e-13,0.0
2025-06-08 18:00:00+00:00,4,59.0,3058.9732310608524,1186.7150436380389,909.3948652197436,962.8633222030726,1186.7150436379548,253.92250810275283,932.792535535202,1174.2013520221549,575.3895680961947,611.3254755418462,909.3948652197436,0.0,962.8633222030726,0.0,836.9302808671923,261.54071277099763,1872.2581874228163,2496.344249897088,624.086062474272,611.3254755418446,203.7751585139482,815.1006340557929,12.226509510836893,36.910479178623035,0.0,288.10007391592717,1426.638996364605,662.9662288137638,3333.2745307642804,0.0,0.0,0.0,0.0,3822.645998611694,11104.321092809376,23.993257162003463,0.0,0.0,0.0,2.2737367544323206e-13,0.0
2025-06-08 19:00:00+00:00,4,59.0,3062.354483484829,1185.2540608006107,907.2022053655859,969.8982173186329,1185.2540608005293,251.53615975787918,933.7179010426502,1174.2013520221549,575.6642074266018,609.5898533740108,907.2022053655859,0.0,969.8982173186329,0.0,837.3297562568753,261.6655488302735,1877.1004226842188,2502.800563578958,625.7001408947395,609.5898533740087,203.19661779133622,812.7864711653449,12.191797067480174,36.9150483341539,0.0,287.93095266392356,1427.6001055819067,0.0,3340.1303198358337,0.0,0.0,0.0,0.0,4489.954589066737,6371.493395417295,23.995209087607133,0.0,0.0,0.0,1.1368683772161603e-12,0.0
2025-06-08 20:00:00+00:00,4,59.0,3034.895582970205,1172.5811394690732,899.1692865026579,963.1451569984721,1172.581139468996,249.62868933728654,922.9524501317096,1174.2013520221549,570.2910198575755,602.2901196114992,899.1692865026579,0.0,963.1451569984721,0.0,829.514210701928,259.22319084435253,1862.31444350113,2483.085924668173,620.7714811670432,602.2901196114976,200.76337320383254,803.0534928153302,12.045802392229952,36.60653016506446,0.0,284.98674540104275,1414.3971231735654,0.0,3312.6001353701013,0.0,0.0,0.0,0.0,4449.29270614377,1681.5270860211085,23.99432083989235,0.0,0.0,0.0,0.0,0.0
2025-06-08 21:00:00+00:00,4,59.0,3007.7975109015924,1160.6761221481931,893.3439611293078,953.7774276240903,1160.6761221481086,249.82656698740828,910.8495551607003,1174.2013520221549,564.7914763233844,595.8846458248101,893.3439611293078,0.0,953.7774276240903,0.0,821.5148746521957,256.72339832881113,1847.1213887533982,2462.828518337864,615.707129584466,595.884645824808,198.628215274936,794.512861099744,11.91769291649616,36.33809311012014,0.0,282.1812925821905,1401.4958217970197,4409.293332698612,3284.3433929900593,0.0,0.0,0.0,0.0,0.0,1681.5270860211085,23.99086421771485,0.0,0.0,0.0,0.0,0.0
2025-06-08 22:00:00+00:00,4,59.0,2975.856033715487,1154.0508099934113,887.1025380469912,934.7026856750851,1154.0508099933345,249.12927274008078,904.9215372532537,1174.2013520221549,560.4084780592409,593.6423319341721,887.1025380469912,0.0,934.7026856750851,0.0,815.139604449805,254.73112639056407,1821.8052237220763,2429.073631629435,607.2684079073588,593.6423319341707,197.8807773113902,791.5231092455608,11.872846638683411,35.96010299816059,0.0,280.17466417784,1387.887925423997,4363.743959139483,3244.2132360792402,0.0,0.0,0.0,0.0,0.0,1681.5270860211085,23.990011118249228,0.0,0.0,0.0,-6.821210263296962e-13,0.0
2025-06-08 23:00:00+00:00,4,59.0,2972.2519996359006,1152.6112453647163,885.9917717560113,933.6489825151726,1152.6112453646479,248.1324649647525,904.4787803998954,1174.2013520221549,560.3321647890148,592.279080575703,885.9917717560113,0.0,933.6489825151725,0.0,815.028603329476,254.69643854046126,1819.6407542711838,2426.1876723615783,606.5469180903946,592.2790805757013,197.42636019190041,789.7054407676017,11.845581611514024,35.91624297783207,0.0,279.8080194230406,1386.239560835143,12766.126990576586,3241.2162756910543,0.0,0.0,0.0,8407.635430105542,0.0,9657.710394659984,23.993041637459413,0.0,0.0,0.0,0.0,0.0
2025-07-04 00:00:00+00:00,5,66.0,2818.240359639253,1093.356541680192,823.3993675339258,901.4844504251345,1093.356541680114,219.60783037082447,873.7487113092895,1174.2013520221549,529.7107506975448,563.6457909826486,823.3993675339258,0.0,901.4844504251345,0.0,770.4883646509742,240.77761395342944,1724.8838179590603,2299.84509061208,574.96127265302,563.6457909826469,187.88193032754896,751.5277213101958,11.272915819652937,33.71682553026912,0.0,265.34184998958517,1313.9524082735056,12539.8281980183,3070.3334552630545,0.0,0.0,0.0,8407.635430105542,0.0,9657.710394659984,23.999935015804812,0.0,0.0,0.0,0.0,0.0
2025-07-04 01:00:00+00:00,5,66.0,2774.3114535455616,1077.3067578546736,807.2605736495877,889.7441220412982,1077.3067578545938,213.0682251341815,864.2385327204124,1174.2013520221549,522.6463198980042,554.6604379566708,807.2605736495877,0.0,889.7441220412983,0.0,760.2128289425515,237.56650904454733,1697.004695690886,2262.672927587848,565.668231896962,554.6604379566693,184.88681265222309,739.5472506088923,11.093208759133384,33.115258429900614,0.0,261.40031228528915,1293.7303330680556,4068.0417866136168,3022.8857565303992,0.0,0.0,0.0,0.0,0.0,9657.710394659984,23.99785456729097,0.0,0.0,0.0,-4.547473508864641e-13,0.0
2025-07-04 02:00:00+00:00,5,66.0,2760.9594491582247,1072.6767309196523,803.9342490858703,884.348469152702,1072.676730919578,212.4286260188867,860.2481049006911,1174.2013520221549,520.1112634549307,552.565467464723,803.9342490858703,0.0,884.3484691527019,0.0,756.5254741162629,236.41421066133216,1688.2827182385722,2251.043624318096,562.760906079524,552.5654674647213,184.1884891549071,736.7539566196284,11.051309349294426,32.96151216410313,0.0,260.242157704497,1287.618585113658,4048.5780342718826,3007.569098434359,0.0,0.0,0.0,0.0,0.0,9657.710394659984,23.999018149757475,0.0,0.0,0.0,0.0,0.0
2025-07-04 03:00:00+00:00,5,66.0,2753.5121730464352,1069.1799584299756,801.157598346526,883.1746162699317,1069.179958429902,211.84216082113088,857.337797608771,1174.2013520221549,517.7884405100889,551.3915179198887,801.157598346526,0.0,883.1746162699318,0.0,753.1468225601293,235.3583820500404,1684.3322146164578,2245.776286155277,561.4440715388192,551.3915179198867,183.79717263996224,735.188690559849,11.027830358397734,32.866474113095094,0.0,259.4440948258962,1283.9380255262108,4037.450198572646,2998.923108715406,0.0,0.0,0.0,0.0,0.0,9657.710394659984,23.998553193586947,0.0,0.0,0.0,0.0,0.0
2025-07-04 04:00:00+00:00,5,66.0,2746.0345353449115,1066.1440593866696,799.2082900539582,880.6821859042834,1066.1440593865957,211.60939617243073,854.5346632141649,1174.2013520221549,516.2093784966991,549.9346808899717,799.2082900539582,0.0,880.6821859042834,0.0,750.8500050861078,234.64062658940867,1679.8904759582415,2239.853967944322,559.9634919860805,549.9346808899708,183.31156029665692,733.2462411866277,10.998693617799415,32.783070560661585,0.0,258.7111990628655,1280.4086421134725,4026.443177458384,2990.7039730304296,0.0,0.0,0.0,0.0,0.0,9657.710394659984,23.997592380819153,0.0,0.0,0.0,0.0,0.0
2025-07-04 05:00:00+00:00,5,66.0,2742.154172633252,1064.3176672875904,797.065205404427,880.771299941236,1064.3176672875109,210.38706487622963,853.9306024112811,1174.2013520221549,515.1225452788684,549.1951220087235,797.065205404427,0.0,880.7712999412358,0.0,749.2691567692632,234.14661149039475,1677.8365053456628,2237.1153404608835,559.2788351152209,549.1951220087218,183.06504066957393,732.2601626782957,10.983902440174436,32.71966916154517,0.0,258.2891381891459,1278.483197066055,4020.637369699307,2986.3844972301467,0.0,0.0,0.0,0.0,0.0,9657.710394659984,24.000037122759505,0.0,0.0,0.0,-2.2737367544323206e-13,0.0
2025-07-04 06:00:00+00:00,5,66.0,2725.883905048667,1057.3034737208607,792.283430112034,876.2970012157732,1057.3034737207854,209.32025139808633,847.9832223226991,1174.2013520221549,511.9586975618682,545.344776158994,792.283430112034,0.0,876.2970012157733,0.0,744.6671964536265,232.70849889175827,1668.5804313278074,2224.7739084370764,556.1934771092691,545.3447761589922,181.78159205299738,727.1263682119895,10.906895523179843,32.53147291551876,0.0,256.62589945414584,1270.7478359468691,9768.877748470219,2969.441104890703,0.0,0.0,0.0,5772.246007474682,0.0,15133.743774189976,23.997532689725208,0.0,0.0,0.0,-9.094947017729282e-13,0.0
2025-07-04 07:00:00+00:00,5,66.0,2750.898024777563,1065.0031267656047,800.297370857933,885.5975271540246,1065.0031267655286,212.52096253878418,852.4821642267443,1174.2013520221549,515.552620516041,549.4505062495653,800.297370857933,0.0,885.5975271540246,0.0,749.8947207506051,234.3421002345641,1685.8948980119576,2247.8598640159435,561.9649660039859,549.450506249564,183.15016874985466,732.6006749994186,10.989010124991278,32.86489639727823,0.0,258.63639509685527,1281.9475366075294,4032.8455613850924,2997.7545847665488,0.0,0.0,0.0,0.0,0.0,15133.743774189976,23.99746925971476,0.0,0.0,0.0,0.0,0.0
2025-07-04 08:00:00+00:00,5,66.0,2781.6229960812484,1077.8610739597948,810.1108965582225,893.6510255632304,1077.8610739597214,215.44939448519838,862.4116794745229,1174.2013520221549,521.1692798241113,556.6917941356854,810.1108965582225,0.0,893.6510255632303,0.0,758.0644070168892,236.89512719277786,1703.7619221214532,2271.682562828604,567.920640707151,556.6917941356837,185.56393137856122,742.2557255142449,11.133835882713672,33.23983715237898,0.0,261.673962389943,1296.4273347035257,4078.050330784774,3029.7469698454934,0.0,0.0,0.0,0.0,0.0,15133.743774189976,23.99746143173526,0.0,0.0,0.0,-2.2737367544323206e-13,0.0
2025-07-04 09:00:00+00:00,5,66.0,2776.4756009080784,1076.5103675199641,806.4663788485228,893.4988545395912,1076.5103675198902,213.05932205534697,863.4510454645433,1174.2013520221549,520.555743099376,555.9546244205898,806.4663788485228,0.0,893.4988545395911,0.0,757.1719899627286,236.6162468633527,1699.965233388114,2266.620311184152,566.655077796038,555.9546244205884,185.31820814019613,741.2728325607845,11.119092488411768,33.1289799108516,0.0,261.3175201862987,1294.1551253851487,4070.6307262932273,3023.7923011468806,0.0,0.0,0.0,0.0,0.0,15133.743774189976,23.998118139856583,0.0,0.0,0.0,2.2737367544323206e-13,0.0
2025-07-04 10:00:00+00:00,5,66.0,2749.9392623389845,1065.0122354552097,800.3126927190242,884.6143341647505,1065.0122354551347,213.26355316223115,851.7486822929035,1174.2013520221549,513.9194211111812,551.0928143440302,800.3126927190242,0.0,884.6143341647504,0.0,747.5191579799,233.59973686871876,1684.9270268837745,2246.569369178366,561.6423422945915,551.0928143440292,183.69760478134305,734.7904191253722,11.021856286880583,32.85552412321823,0.0,258.5962655659969,1281.413329920749,0.0,2994.0885271582656,0.0,0.0,0.0,0.0,4031.3525922597337,10884.325026601695,23.996274207579972,0.0,0.0,0.0,2.2737367544323206e-13,0.0
2025-07-04 11:00:00+00:00,5,66.0,2729.8440828788735,1054.9246494459653,795.5561507300047,879.3632827029035,1054.9246494458862,213.15877896026734,841.7658704856188,1174.2013520221549,509.40529959815143,545.5193498478159,795.5561507300047,0.0,879.3632827029035,0.0,740.9531630518567,231.54786345370522,1674.9194334329081,2233.2259112438774,558.3064778109693,545.5193498478138,181.8397832826046,727.3591331304184,10.910386996956275,32.660317348929176,0.0,256.32115234244975,1271.5859812356143,0.0,2974.179074295734,0.0,0.0,0.0,0.0,4001.430064114488,6666.447393109905,23.99709398969169,0.0,0.0,0.0,0.0,0.0
2025-07-04 12:00:00+00:00,5,66.0,2640.408421575164,1018.5456224366322,768.5480379844836,853.3147611540473,1018.5456224365586,204.89062079603866,813.6550016405199,1174.2013520221549,493.7881154483147,524.7575069883187,768.5480379844836,0.0,853.3147611540473,0.0,718.2372588339124,224.4491433855976,1621.862799138531,2162.483732184708,540.620933046177,524.7575069883177,174.9191689961059,699.6766759844236,10.495150139766354,31.589588751074984,0.0,247.58781416453985,1229.6617984832617,0.0,2880.72099101862,0.0,0.0,0.0,0.0,3870.0702200584265,2587.035193052009,23.997475074809284,0.0,0.0,0.0,6.821210263296962e-13,0.0
2025-07-04 13:00:00+00:00,5,66.0,2663.4376508569358,1032.8689789103064,776.8695327112829,853.699139235348,1032.868978910228,206.9345682300695,825.9344106801584,1174.2013520221549,500.0482986263072,532.8206802840008,776.8695327112829,0.0,853.6991392353481,0.0,727.3429798200832,227.294681193776,1630.5686719466307,2174.0915625955076,543.5228906488769,532.8206802839996,177.60689342799986,710.4275737119995,10.656413605679992,31.843077373691962,0.0,250.7282156111005,1241.6521718611252,3905.0898227180605,2901.434542415591,0.0,0.0,0.0,0.0,0.0,2587.035193052009,24.000622558082323,0.0,0.0,0.0,-4.547473508864641e-13,0.0
2025-07-04 14:00:00+00:00,5,66.0,2712.354349978731,1055.3582205692649,792.8203402000656,864.1757892094007,1055.3582205691928,211.70376486873062,843.6544557004622,1174.2013520221549,509.79934184302374,545.558878726243,792.8203402000656,0.0,864.1757892094006,0.0,741.5263154080345,231.72697356501078,1656.9961294094662,2209.3281725459547,552.3320431364887,545.5588787262411,181.8529595754137,727.4118383016548,10.911177574524823,32.42636809809598,0.0,255.9740424686579,1265.223564418192,12385.213344502463,2950.854487953989,0.0,0.0,0.0,8407.635430105542,0.0,10563.218501690884,24.00347032357092,0.0,0.0,0.0,-1.8189894035458565e-12,0.0
2025-07-04 15:00:00+00:00,5,66.0,2751.8690673449673,1068.3351923380121,803.5039312954157,880.029943711538,1068.3351923379316,214.31700541134526,854.0181869265864,1174.2013520221549,517.2558011650632,551.0793911729504,803.5039312954157,0.0,880.029943711538,0.0,752.3720744219103,235.11627325684697,1683.5338750069536,2244.7118333426047,561.1779583356512,551.0793911729486,183.69313039098284,734.7725215639314,11.02158782345897,32.90541737597785,0.0,259.30325827872366,1283.2176254616415,8852.843347626233,2997.083907764515,0.0,0.0,0.0,4817.756654819624,0.0,15133.743774189976,24.003204067891502,0.0,0.0,0.0,0.0,0.0
2025-07-04 16:00:00+00:00,5,66.0,2760.8345873863886,1072.4068995157465,805.065766168889,883.3619217017523,1072.4068995156654,214.09928168507247,858.3076178305929,1174.2013520221549,518.7298874459694,553.677012069779,805.065766168889,0.0,883.3619217017523,0.0,754.5161999214101,235.78631247544067,1688.4276878706414,2251.2369171608552,562.8092292902138,553.6770120697769,184.55900402325895,738.2360160930358,11.073540241395536,32.98559220208419,0.0,260.26855497194447,1287.4822332043377,0.0,3005.7531170822654,0.0,0.0,0.0,0.0,4048.3168205907264,10866.443159843997,24.00428984120837,0.0,0.0,0.0,0.0,0.0
2025-07-04 17:00:00+00:00,5,66.0,2761.2847957782765,1072.146531484944,804.3285542037944,884.8097100895383,1072.1465314848579,213.41096329238997,858.735568192468,1174.2013520221549,519.2519314585497,552.8946000263957,804.3285542037944,0.0,884.8097100895384,0.0,755.2755366669815,236.02360520843172,1689.1382642933327,2252.18435239111,563.0460880977776,552.8946000263936,184.29820000879786,737.1928000351915,11.057892000527872,32.977953727009215,0.0,260.25155510196964,1287.6552941445138,4048.94008992279,3007.459889058092,0.0,0.0,0.0,0.0,0.0,10866.443159843997,24.003321524186937,0.0,0.0,0.0,-4.547473508864641e-13,0.0
2025-07-04 18:00:00+00:00,5,66.0,3000.193083244442,1170.4913302036089,870.3578637498965,959.3438892909346,1170.4913302035302,227.14160713054676,943.3497230729836,1174.2013520221549,565.7485048435083,604.7428253601022,870.3578637498965,0.0,959.3438892909346,0.0,822.906916136012,257.15841129250373,1829.7017530408314,2439.602337387775,609.9005843469438,604.7428253601004,201.58094178670012,806.3237671468005,12.094856507202007,35.704174805406254,0.0,283.7123827284249,1400.1513514671808,56.72739401332592,3262.5092535237873,0.0,0.0,0.0,0.0,4343.6170406982965,6287.86878246836,24.00616162821834,0.0,0.0,0.0,-6.821210263296962e-13,0.0
2025-07-04 19:00:00+00:00,5,66.0,2979.2868905398427,1163.6808861842574,864.6765459952784,950.9294583603081,1163.6808861841841,225.56354337483913,938.117342809345,1174.2013520221549,562.1071066352921,601.5737795489669,864.6765459952784,0.0,950.9294583603081,0.0,817.6103369240612,255.50323028876915,1815.6060043555867,2420.808005807449,605.2020014518622,601.5737795489653,200.5245931829884,802.0983727319536,12.031475590979305,35.44959096346144,0.0,281.9616505152744,1390.6725419933348,0.0,3238.41834273151,0.0,0.0,0.0,0.0,4369.959432533177,1681.5270860211085,24.006205779426367,0.0,0.0,0.0,-2.2737367544323206e-13,0.0
2025-07-04 20:00:00+00:00,5,66.0,2756.4462746615827,1081.7260367944536,814.0513122774211,860.6689255897109,1081.7260367943798,222.66299759272093,859.0630392016589,1174.2013520221549,517.9968152552157,563.7292215392391,814.0513122774211,0.0,860.668925589711,0.0,753.4499130984956,235.45309784327986,1674.7202378671323,2232.960317156176,558.240079289044,563.729221539238,187.90974051307933,751.6389620523173,11.27458443078476,33.02822862421975,0.0,261.86201722491205,1287.7677479253198,4044.214022586902,2986.4102302546717,0.0,0.0,0.0,0.0,0.0,1681.5270860211085,24.006111851549353,0.0,0.0,0.0,-4.547473508864641e-13,0.0
2025-07-04 21:00:00+00:00,5,66.0,2678.48131628407,1047.8025418511033,796.680847685088,833.9979267478811,1047.8025418510263,221.27382478505746,826.5287170659687,1174.2013520221549,503.94424834113073,543.8582935099743,796.680847685088,0.0,833.9979267478811,0.0,733.0098157689175,229.06556742778673,1630.678774432969,2174.2383659106254,543.5595914776563,543.8582935099723,181.28609783665743,725.1443913466297,10.877165870199445,32.24040469803145,0.0,253.82981266394563,1250.858639974277,3929.3399562583472,2907.248181679543,0.0,0.0,0.0,0.0,0.0,1681.5270860211085,24.004479518338506,0.0,0.0,0.0,2.2737367544323206e-13,0.0
2025-07-04 22:00:00+00:00,5,66.0,2653.3286196868225,1034.910777962493,790.759514203504,827.6583275208252,1034.9107779624237,220.91791950914856,813.9928584532752,1174.2013520221549,498.47815451930666,536.4326234431878,790.759514203504,0.0,827.6583275208251,0.0,725.0591338462644,226.58097932695765,1618.417841724329,2157.8904556324387,539.4726139081097,536.4326234431862,178.81087448106206,715.2434979242482,10.728652468863723,31.99936870131337,0.0,250.88670687088324,1238.4791957571897,3891.8078154440122,2882.9495894787033,0.0,0.0,0.0,0.0,0.0,1681.5270860211085,24.003020180288175,0.0,0.0,0.0,0.0,0.0
2025-07-04 23:00:00+00:00,5,66.0,2639.941990440102,1029.2545673072407,788.6865711176342,822.0008520152263,1029.254567307163,220.4616537886077,808.7929135185551,1174.2013520221549,497.9366722325764,531.3178950746658,788.6865711176342,0.0,822.0008520152263,0.0,724.2715232473839,226.33485101480747,1610.6874231328604,2147.583230843814,536.8958077109535,531.317895074664,177.10596502488798,708.4238600995519,10.626357901493279,31.880605653681286,0.0,249.4893125862045,1232.3328998920279,3872.27489033213,2871.8547540911977,0.0,0.0,0.0,0.0,0.0,1681.5270860211085,24.00137956431448,0.0,0.0,0.0,0.0,0.0
2025-09-25 00:00:00+00:00,6,31.0,2901.6103379852475,1141.4683450747414,884.0915957158869,876.0503971946216,1141.4683450746656,256.175547990258,885.2927970844078,1174.2013520221549,550.5116370239172,590.9567080508261,884.0915957158869,0.0,876.0503971946216,0.0,800.7441993075159,250.23256228359872,1760.1419929105084,2346.8559905473444,586.7139976368361,590.9567080508235,196.9855693502745,787.942277401098,11.81913416101647,35.28325184342282,0.0,275.88331532987286,1356.9178306050217,4258.528168590269,3147.60018985486,0.0,0.0,0.0,0.0,0.0,9657.710394659984,23.987320101212095,0.0,0.0,0.0,0.0,0.0
2025-09-25 01:00:00+00:00,6,31.0,2813.053221362433,1110.0004659655672,858.4169753062223,844.6357800906445,1110.000465965492,248.76605649726204,861.2344094682298,1174.2013520221549,534.6463862437434,575.3540797218254,858.4169753062223,0.0,844.6357800906445,0.0,777.6674708999907,243.0210846562471,1703.0527553968668,2270.737007195822,567.6842517989555,575.3540797218238,191.78469324060794,767.1387729624317,11.507081594436476,34.198867060093114,0.0,268.04410047799956,1316.2400788283398,4129.293300190773,3048.404478095813,0.0,0.0,0.0,0.0,0.0,9657.710394659984,23.98836388540973,0.0,0.0,0.0,4.547473508864641e-13,0.0
2025-09-25 02:00:00+00:00,6,31.0,2778.8391508903856,1095.568847313414,848.333008658008,834.9372949189615,1095.568847313333,246.73408786598532,848.8347594473476,1174.2013520221549,527.6217499828575,567.9470973305579,848.333008658008,0.0,834.9372949189615,0.0,767.4498181568837,239.82806817402616,1683.2703035769691,2244.360404769292,561.090101192323,567.9470973305562,189.3156991101854,757.2627964407416,11.358941946611123,33.79936320892985,0.0,264.65569953115937,1300.047873163235,9851.133031528303,3011.810222926176,0.0,0.0,0.0,5772.246007474682,0.0,15133.743774189976,23.987297873050217,0.0,0.0,0.0,0.0,0.0
2025-09-25 03:00:00+00:00,6,31.0,2801.830507389542,1102.9651332274186,855.3813195166518,843.484054645471,1102.9651332273388,249.19605766298824,853.7690755643506,1174.2013520221549,531.8933230538786,571.0718101735418,855.3813195166518,0.0,843.4840546454711,0.0,773.6630153510963,241.7696922972176,1698.865374162123,2265.153832216164,566.288458054041,571.0718101735399,190.35727005784662,761.4290802313865,11.421436203470797,34.09628013195427,0.0,266.5708709435021,1310.5040076880325,4112.334515077575,3038.8168475672605,0.0,0.0,0.0,0.0,0.0,15133.743774189976,23.98631300312801,0.0,0.0,0.0,2.2737367544323206e-13,0.0
2025-09-25 04:00:00+00:00,6,31.0,2797.6655864432987,1097.1245353826869,853.4881719066555,847.0528791539559,1097.1245353826098,248.04349378911346,849.0810415934964,1174.2013520221549,531.9404791404816,565.1840562422069,853.4881719066555,0.0,847.0528791539559,0.0,773.7316060225187,241.79112688203708,1700.5410510606114,2267.388068080815,566.8470170202038,565.1840562422051,188.39468541406836,753.5787416562735,11.3036811248441,34.07517394873922,0.0,265.4321957519296,1307.8438801418222,4105.509466585121,3041.1196741033336,0.0,0.0,0.0,0.0,0.0,15133.743774189976,23.98923602037226,0.0,0.0,0.0,2.2737367544323206e-13,0.0
2025-09-25 05:00:00+00:00,6,31.0,2851.1160942723395,1117.7051246449969,868.9473468953229,864.46362273202,1117.7051246449157,251.89254475180127,865.8125798931144,1174.2013520221549,542.9558477082592,574.7492769367393,868.9473468953229,0.0,864.46362273202,0.0,789.7539603029225,246.79811259466328,1733.4109696273429,2311.2146261697903,577.8036565424476,574.7492769367375,191.5830923122458,766.3323692489832,11.494985538734749,34.71305663417989,0.0,270.4565389923673,1332.8494426146385,4183.965536886978,3100.9685864727126,0.0,0.0,0.0,0.0,0.0,15133.743774189976,23.989053660146755,0.0,0.0,0.0,0.0,0.0
2025-09-25 06:00:00+00:00,6,31.0,2897.596325228168,1135.5137991553815,882.8575049064372,879.2250211663484,1135.5137991552974,255.34609701599942,880.167702139298,1174.2013520221549,551.9062908349808,583.6075083204023,882.8575049064372,0.0,879.2250211663484,0.0,802.7727866690631,250.8664958340822,1762.0825260727856,2349.4433680970474,587.3608420242618,583.6075083204005,194.53583610680016,778.1433444272006,11.67215016640801,35.27797535885661,0.0,274.76906235311526,1354.482361843524,4252.078687071692,3152.2161547661103,0.0,0.0,0.0,0.0,0.0,15133.743774189976,23.990752479358274,0.0,0.0,0.0,0.0,0.0
2025-09-25 07:00:00+00:00,6,31.0,2939.804260036653,1151.2297020395822,894.521890243428,894.052667753642,1151.229702039505,257.1923238595851,894.0373781799196,1174.2013520221549,561.6920703826189,589.537631656965,894.521890243428,0.0,894.052667753642,0.0,817.0066478292639,255.31457744664496,1788.5745579970699,2384.7660773294265,596.1915193323566,589.5376316569631,196.51254388565434,786.0501755426174,11.79075263313926,35.77618338483926,0.0,278.6012893619363,1374.1868660445707,4313.991126081224,3201.7727251586903,0.0,0.0,0.0,0.0,0.0,15133.743774189976,23.991448420072363,0.0,0.0,0.0,4.547473508864641e-13,0.0
2025-09-25 08:00:00+00:00,6,31.0,2945.080060947703,1146.413394872506,894.0816264524896,904.5850396227094,1146.4133948724323,256.7939379945053,889.619456877927,1174.2013520221549,560.6681319862649,585.7452628862425,894.0816264524896,0.0,904.5850396227095,0.0,815.5172828891126,254.8491509028477,1798.666666075199,2398.2222214335984,599.5555553583996,585.745262886241,195.24842096208033,780.9936838483213,11.71490525772482,35.86829918980178,0.0,277.8699814490283,1375.1063131198825,4320.186374067585,3213.739504322711,0.0,0.0,0.0,0.0,0.0,15133.743774189976,23.99147188976047,0.0,0.0,0.0,0.0,0.0
2025-09-25 09:00:00+00:00,6,31.0,2930.317398884138,1140.6702981731257,888.4798461572991,901.1672545537137,1140.6702981730475,254.83246437039375,885.8378338026538,1174.2013520221549,558.0662712244258,582.6040269487011,888.4798461572991,0.0,901.1672545537139,0.0,811.7327581446194,253.66648692019356,1789.647100711013,2386.1961342813506,596.5490335703377,582.6040269486997,194.20134231623322,776.8053692649329,11.652080538973992,35.66606793025612,0.0,276.49351247210416,1368.2285237480987,4298.545922632236,3197.92889242597,0.0,0.0,0.0,0.0,0.0,15133.743774189976,23.988822094544485,0.0,0.0,0.0,-4.547473508864641e-13,0.0
2025-09-25 10:00:00+00:00,6,31.0,2948.936314313021,1153.7886317775326,894.3424148495732,900.805267685916,1153.7886317774596,255.2318964672005,898.5567353102592,1174.2013520221549,563.0749190591717,590.713712718363,894.3424148495732,0.0,900.8052676859157,0.0,819.018064086068,255.94314502689625,1795.147682535489,2393.530243380652,598.382560845163,590.7137127183611,196.90457090612034,787.6182836244814,11.81427425436722,35.838325122346355,0.0,279.2453194996124,1378.1281956545054,275.73998861254677,3212.54830746672,0.0,0.0,0.0,0.0,4051.324521354979,10863.272764865575,23.99124067735134,0.0,0.0,0.0,-4.547473508864641e-13,0.0
2025-09-25 11:00:00+00:00,6,31.0,2984.0348840763613,1166.1767794707287,905.2399718930653,912.6181327125664,1166.1767794706461,259.08613403426335,907.0906454363828,1174.2013520221549,569.2862129146843,596.8905665560459,905.2399718930653,0.0,912.6181327125664,0.0,828.05267333045,258.76646041576566,1817.858104605632,2423.8108061408425,605.9527015352106,596.8905665560441,198.963522185348,795.854088741392,11.93781133112088,36.28338048391763,0.0,282.35267670795747,1394.2565526593203,0.0,3251.8634794712925,0.0,0.0,0.0,0.0,4378.291436735682,6248.1483648336525,23.988951338398586,0.0,0.0,0.0,0.0,0.0
2025-09-25 12:00:00+00:00,6,31.0,2952.3289487971765,1157.2473712750773,898.4678055405557,896.6137719815417,1157.2473712750002,258.77920862507796,898.4681626499222,1174.2013520221549,561.7783096400264,595.469061635053,898.4678055405557,0.0,896.6137719815417,0.0,817.1320867491293,255.3537771091029,1795.0815775220976,2393.442103362797,598.3605258406992,595.4690616350509,198.48968721168364,793.9587488467346,11.90938123270102,35.920171886032094,0.0,279.9148436541436,1379.9483869343624,0.0,3210.5741901119263,0.0,0.0,0.0,0.0,4332.277335731539,1681.5270860211085,23.987962131978513,0.0,0.0,0.0,2.2737367544323206e-13,0.0
2025-09-25 13:00:00+00:00,6,31.0,2912.9973999582544,1144.0135625454507,887.8582098511239,881.1256275616815,1144.0135625453754,255.91207391000228,888.101488635373,1174.2013520221549,555.723452400749,588.2901101447032,887.8582098511239,0.0,881.1256275616815,0.0,808.3250216738168,252.60156927306775,1768.9838374128053,2358.645116550407,589.6612791376017,588.2901101447017,196.0967033815672,784.3868135262688,11.765802202894033,35.447002571150534,0.0,276.5608996830397,1362.133256249321,4275.130656207575,3166.970138224224,0.0,0.0,0.0,0.0,0.0,1681.5270860211085,23.987054012017442,0.0,0.0,0.0,-2.2737367544323206e-13,0.0
2025-09-25 14:00:00+00:00,6,31.0,2897.536658208427,1135.51055914629,881.0933480604651,880.9327510016724,1135.5105591462147,253.33120083066134,882.1793583155535,1174.2013520221549,553.0506920434713,582.4598671028203,881.0933480604651,0.0,880.9327510016724,0.0,804.4373702450491,251.38667820157787,1762.0260990621373,2349.3681320828496,587.3420330207124,582.459867102819,194.15328903427297,776.6131561370919,11.649197342056379,35.24212795183067,0.0,274.69573069548005,1354.4690562459305,10024.251721929038,3153.8055023278985,0.0,0.0,0.0,5772.246007474682,0.0,7157.560465551101,23.98328650252882,0.0,0.0,0.0,-9.094947017729282e-13,0.0
2025-09-25 15:00:00+00:00,6,31.0,2901.2151153021136,1139.2967111018588,883.7564215723323,878.161982627923,1139.2967111017747,254.02007400974503,885.2766370920297,1174.2013520221549,554.9960976071008,584.3006134947601,883.7564215723323,0.0,878.161982627923,0.0,807.267051064874,252.27095345777312,1761.9184042002553,2349.2245389336736,587.3061347334184,584.3006134947577,194.76687116491922,779.0674846596769,11.686012269895153,35.2943124734492,0.0,275.44498267347353,1356.7692667729286,12665.619812180583,3156.4915899985476,0.0,0.0,0.0,8407.635430105542,0.0,15133.743774189976,23.98629561113112,0.0,0.0,0.0,0.0,0.0
2025-09-25 16:00:00+00:00,6,31.0,2901.737994427714,1137.961968909784,883.7716726905817,880.0043528273486,1137.9619689097078,254.50318657983593,883.458782329872,1174.2013520221549,554.1629857659948,583.7989831437911,883.7716726905817,0.0,880.0043528273486,0.0,806.0552520232652,251.89226625727036,1763.7760255179305,2351.7013673572405,587.9253418393101,583.7989831437894,194.5996610479298,778.3986441917192,11.675979662875788,35.31319370899094,0.0,275.22919366859696,1356.635636184974,4258.373630612688,3157.756619380506,0.0,0.0,0.0,0.0,0.0,15133.743774189976,23.98572169219668,0.0,0.0,0.0,4.547473508864641e-13,0.0
2025-09-25 17:00:00+00:00,6,31.0,2922.2616041557385,1144.7908559824855,888.885450646181,888.585297527073,1144.7908559824111,256.0234513020157,888.7674046803954,1174.2013520221549,556.7583635466318,588.0324924358549,888.885450646181,0.0,888.585297527073,0.0,809.830346976919,253.0719834302872,1777.470748173254,2369.9609975643384,592.4902493910846,588.0324924358534,196.01083081195114,784.0433232478046,11.760649848717067,35.55241649465616,0.0,276.9717345594445,1365.8578645361406,4288.119468691879,3179.7913445412573,0.0,0.0,0.0,0.0,0.0,15133.743774189976,23.985383591511116,0.0,0.0,0.0,-2.2737367544323206e-13,0.0
2025-09-25 18:00:00+00:00,6,31.0,2984.318557264252,1172.168866701967,906.2891273498583,905.8605632124276,1172.1688667018902,259.78550407784866,912.3833626240416,1174.2013520221549,568.988129667331,603.1807370346373,906.2891273498583,0.0,905.8605632124275,0.0,827.6190976979362,258.63096803060506,1812.1496905622857,2416.199587416381,604.0498968540952,603.1807370346362,201.06024567821206,804.2409827128482,12.063614740692723,36.24727945262003,0.0,283.40032797984077,1395.4523327360657,461.4219468740612,3243.8186851143173,0.0,0.0,0.0,0.0,3918.348943126256,11003.44133165913,23.986127444253764,0.0,0.0,0.0,-4.547473508864641e-13,0.0
2025-09-25 19:00:00+00:00,6,31.0,3005.1735252236713,1181.1119111106375,911.8760234421336,912.1855906708995,1181.111911110559,260.9459006866183,920.1660104239409,1174.2013520221549,572.5098609468552,608.6020501637838,911.8760234421336,0.0,912.1855906708996,0.0,832.7416159226984,260.2317549758433,1824.0616141130333,2432.082152150711,608.0205380376777,608.6020501637821,202.86735005459403,811.4694002183761,12.172041003275641,36.478136609973006,0.0,285.51564033304567,1405.2854610144093,0.0,3264.823768073409,0.0,0.0,0.0,0.0,4410.458986238081,6354.409357235942,23.98784909954329,0.0,0.0,0.0,2.2737367544323206e-13,0.0
2025-09-25 20:00:00+00:00,6,31.0,3020.229052487607,1189.4216493906151,916.65577256577,914.1516305312217,1189.4216493905355,262.07298217584764,927.348667214688,1174.2013520221549,576.2395348879623,613.1821145026541,916.65577256577,0.0,914.1516305312217,0.0,838.1665962006725,261.9270613127102,1830.8074030969915,2441.0765374626553,610.2691343656638,613.1821145026528,204.39403816755092,817.5761526702037,12.263642290053054,36.64118948228531,0.0,287.36124635199303,1412.8563119702562,0.0,3279.243133663328,0.0,0.0,0.0,0.0,4433.085364457863,1681.5270860211085,23.98599530130194,0.0,0.0,0.0,-4.547473508864641e-13,0.0
2025-09-25 21:00:00+00:00,6,31.0,2950.7057417030483,1162.974512933962,895.9932994942191,891.7379292748675,1162.9745129338794,256.5750190230999,906.3994939107794,1174.2013520221549,562.5105832426824,600.4639296912814,895.9932994942191,0.0,891.7379292748675,0.0,818.1972119893564,255.68662874667388,1787.7312287690866,2383.641638358782,595.9104095896955,600.4639296912796,200.15464323042653,800.6185729217061,12.009278593825591,35.79717827757525,0.0,280.90699440834305,1380.4651328465397,4331.170874549588,3201.8388503481383,0.0,0.0,0.0,0.0,0.0,1681.5270860211085,23.98561899983265,0.0,0.0,0.0,0.0,0.0
2025-09-25 22:00:00+00:00,6,31.0,3008.2873212151394,1186.1466177742577,912.9180358781978,909.2226675626813,1186.1466177741754,260.65102440775405,925.4955933664214,1174.2013520221549,574.216841430403,611.9297763438566,912.9180358781978,0.0,909.2226675626813,0.0,835.2244966260407,261.0076551956377,1822.140703440879,2429.520937921172,607.380234480293,611.9297763438548,203.97659211461826,815.906368458473,12.238595526877095,36.479767751972744,0.0,286.4724198517579,1407.5552649211568,4415.842586136296,3264.7454345472124,0.0,0.0,0.0,0.0,0.0,1681.5270860211085,23.986582114246417,0.0,0.0,0.0,-4.547473508864641e-13,0.0
2025-09-25 23:00:00+00:00,6,31.0,3018.9215469377955,1185.6495562328134,915.497269528875,917.7747211761068,1185.6495562327352,261.86355034401276,923.7860058887225,1174.2013520221549,575.2403129114348,610.4092433213806,915.497269528875,0.0,917.7747211761068,0.0,836.7131824166324,261.47286950519765,1833.2719907049818,2444.362654273309,611.0906635683273,610.4092433213793,203.4697477737931,813.8789910951724,12.208184866427585,36.64266529762732,0.0,286.67525378014034,1411.5593847915131,12838.116361834851,3281.0758366899418,0.0,0.0,0.0,8407.635430105542,0.0,9657.710394659984,23.986136514132376,0.0,0.0,0.0,0.0,0.0
2025-10-25 00:00:00+00:00,7,36.0,2528.7797424181535,996.9162950795615,775.5536653880538,756.3097819505364,996.9162950794806,228.35307898093276,768.5632160985479,1174.2013520221549,478.77037632530994,518.1459187542529,775.5536653880538,0.0,756.3097819505361,0.0,696.3932746549963,217.62289832968634,1531.86344733859,2042.4845964514534,510.62114911286335,518.1459187542516,172.7153062514172,690.8612250056688,10.36291837508503,30.829707781146972,0.0,240.78458508413587,1182.936564934335,3711.7163073524885,2738.8778711064497,0.0,0.0,0.0,0.0,0.0,9657.710394659984,23.98486056890803,0.0,0.0,0.0,0.0,0.0
2025-10-25 01:00:00+00:00,7,36.0,2517.520352218336,993.2682652976649,772.8432953492902,751.4087915713824,993.2682652975953,227.8005146290707,765.4677506685247,1174.2013520221549,477.345472154964,515.9227931427024,772.8432953492902,0.0,751.4087915713823,0.0,694.3206867708567,216.97521461589272,1524.2520869206726,2032.33611589423,508.0840289735575,515.9227931427008,171.97426438090025,687.897057523601,10.318455862854014,30.699386776192533,0.0,239.84444952526246,1177.8958001346596,3695.4161523529956,2726.6568026650866,0.0,0.0,0.0,0.0,0.0,9657.710394659984,23.98373553224298,0.0,0.0,0.0,0.0,0.0
2025-10-25 02:00:00+00:00,7,36.0,2536.9740567440685,1003.6400561154463,780.8429672331015,752.4910333955211,1003.6400561153638,230.3355957563874,773.3044603589764,1174.2013520221549,482.21409907172324,521.4259570437241,780.8429672331015,0.0,752.4910333955211,0.0,701.4023259225065,219.18822685078328,1533.3340006286226,2044.4453341714966,511.11133354287415,521.4259570437233,173.80865234790775,695.234609391631,10.428519140874466,30.950199350948257,0.0,242.1254752824252,1187.6124065158133,3724.586463259882,2745.847660094003,0.0,0.0,0.0,0.0,0.0,9657.710394659984,23.984248169797922,0.0,0.0,0.0,0.0,0.0
2025-10-25 03:00:00+00:00,7,36.0,2490.5298133950173,983.1099988256992,766.0999149952954,741.3198995740212,983.1099988256237,226.31529595732445,756.7947028682993,1174.2013520221549,471.89368446378796,511.21631436191285,766.0999149952954,0.0,741.3198995740212,0.0,686.3908137655098,214.49712930172183,1507.4198145693167,2009.8930860924222,502.47327152310555,511.21631436191086,170.40543812063694,681.6217524825478,10.224326287238217,30.396196445599077,0.0,237.32913653039668,1165.3254982086983,9428.101319078398,2696.283899857932,0.0,0.0,0.0,5772.246007474682,0.0,15133.743774189976,23.987103462521375,0.0,0.0,0.0,0.0,0.0
2025-10-25 04:00:00+00:00,7,36.0,2491.2758855604698,983.8911342906318,766.5516267739532,740.833124495886,983.8911342905549,226.5489405819118,757.3421937086431,1174.2013520221549,472.141090288242,511.7500440023916,766.5516267739532,0.0,740.8331244958858,0.0,686.7506767828975,214.60958649465545,1507.384751269839,2009.846335026452,502.461583756613,511.7500440023904,170.58334800079678,682.3333920031871,10.235000880047807,30.404880048177453,0.0,237.4824968214616,1165.776896001752,3657.0527815622218,2696.597011809349,0.0,0.0,0.0,0.0,0.0,15133.743774189976,23.98643710387853,0.0,0.0,0.0,0.0,0.0
2025-10-25 05:00:00+00:00,7,36.0,2514.2272191741786,993.0965604569403,773.8368970634016,747.2937616538366,993.096560456866,228.84399949084633,764.2525609660196,1174.2013520221549,476.4464653492876,516.6500951076544,773.8368970634016,0.0,747.2937616538367,0.0,693.0130405080547,216.56657515876708,1521.1306587172382,2028.1742116229843,507.0435529057461,516.6500951076525,172.2166983692175,688.86679347687,10.33300190215305,30.688044528440415,0.0,239.68826235616962,1176.5361352204936,3690.763354394672,2721.187252131039,0.0,0.0,0.0,0.0,0.0,15133.743774189976,23.985703185593934,0.0,0.0,0.0,0.0,0.0
2025-10-25 06:00:00+00:00,7,36.0,2544.3729493899773,1005.0905913280108,781.3970399799011,757.8853180820661,1005.0905913279308,230.30439559254503,774.7861957353858,1174.2013520221549,481.6211015339404,523.4694897940715,781.3970399799011,0.0,757.8853180820662,0.0,700.5397840493678,218.91868251542743,1539.2823580619674,2052.3764774159563,513.0941193539891,523.4694897940703,174.48982993135678,697.9593197254271,10.469389795881407,31.020764380217695,0.0,242.58709489875218,1190.5798808756244,3734.9528302656017,2752.916261465324,0.0,0.0,0.0,0.0,0.0,15133.743774189976,23.98593944871959,0.0,0.0,0.0,0.0,0.0
2025-10-25 07:00:00+00:00,7,36.0,2526.457168777455,999.1574105236922,776.6900723071266,750.6096859466368,999.1574105236116,228.82734827750892,770.3300622461027,1174.2013520221549,478.8314323380988,520.3259781855946,776.6900723071266,0.0,750.6096859466367,0.0,696.482083400871,217.6506510627722,1527.2997582537632,2036.3996776716842,509.09991941792106,520.3259781855938,173.44199272853126,693.767970914125,10.406519563711875,30.806799028680164,0.0,241.04856577489136,1182.4544475765078,3708.911616353963,2732.8817610725555,0.0,0.0,0.0,0.0,0.0,15133.743774189976,23.986782260801835,0.0,0.0,0.0,0.0,0.0
2025-10-25 08:00:00+00:00,7,36.0,2488.024131698533,984.1939593366867,765.7884645748799,738.0417077869672,984.1939593366146,225.89635143833803,758.2976078982766,1174.2013520221549,471.71668942023297,512.4772699164549,765.7884645748799,0.0,738.0417077869672,0.0,686.1333664294298,214.4166770091968,1503.830172361847,2005.1068964824626,501.27672412061565,512.4772699164541,170.82575663881804,683.3030265552721,10.249545398329081,30.354071015116062,0.0,237.40201820634775,1164.5247923884233,3652.5489240869565,2691.2402629118924,0.0,0.0,0.0,0.0,0.0,15133.743774189976,23.987722367574282,0.0,0.0,0.0,2.2737367544323206e-13,0.0
2025-10-25 09:00:00+00:00,7,36.0,2511.5316420559743,992.8774504153806,773.1299045185156,745.524287122077,992.8774504153072,227.93985170546844,764.9375987098388,1174.2013520221549,476.3278872605996,516.5495631547825,773.1299045185156,0.0,745.5242871220769,0.0,692.840563288145,216.5126760275453,1518.6541916405924,2024.8722555207898,506.21806388019746,516.5495631547813,172.1831877182604,688.7327508730416,10.330991263095624,30.649140006776236,0.0,239.5225655686345,1175.4166244645094,3686.9482665204837,2717.7128188089346,0.0,0.0,0.0,0.0,0.0,15133.743774189976,23.987406965380654,0.0,0.0,0.0,0.0,0.0
2025-10-25 10:00:00+00:00,7,36.0,2528.253386990863,1000.0514542624394,778.6141254461905,749.5878072822319,1000.0514542623603,229.60632120395056,770.4451330584097,1174.2013520221549,479.9706220846824,520.0808321777583,778.6141254461905,0.0,749.5878072822319,0.0,698.139086668629,218.16846458394656,1528.2019327284224,2037.6025769712298,509.40064424280746,520.0808321777567,173.36027739258557,693.4411095703423,10.401616643555133,30.854301836208037,0.0,241.22480503105635,1183.410109730159,0.0,2735.741663639859,0.0,0.0,0.0,0.0,3711.663496721022,11221.306921608862,23.9869482997195,0.0,0.0,0.0,0.0,0.0
2025-10-25 11:00:00+00:00,7,36.0,2512.5000461809145,993.3758124953423,774.4199716276046,744.7042620579682,993.3758124952653,228.62103583033846,764.7547766649268,1174.2013520221549,476.73001339147635,516.6457991038678,774.4199716276046,0.0,744.7042620579682,0.0,693.4254740239656,216.69546063248927,1519.124233685573,2025.4989782474306,506.37474456185765,516.6457991038662,172.2152663679554,688.8610654718216,10.332915982077322,30.679641769407823,0.0,239.63223092149838,1175.930260235286,0.0,2718.924452271396,0.0,0.0,0.0,0.0,3688.4303064162,7333.360001919542,23.988623702149887,0.0,0.0,0.0,-4.547473508864641e-13,0.0
2025-10-25 12:00:00+00:00,7,36.0,2404.621778597998,950.972238400434,741.1934518041231,712.4560883934404,950.9722384003531,219.39972302140785,731.5725153789454,1174.2013520221549,455.95303868386,495.0191997165753,741.1934518041231,0.0,712.4560883934404,0.0,663.2044199037963,207.25138121993635,1453.6495401975635,1938.1993869300845,484.54984673252113,495.0191997165739,165.00639990552463,660.0255996220985,9.900383994331477,29.360364438058095,0.0,229.4228034582211,1125.491179748593,0.0,2601.403806833881,0.0,0.0,0.0,0.0,3530.1129583465913,3612.2942199027634,23.98697125518561,0.0,0.0,0.0,4.547473508864641e-13,0.0
2025-10-25 13:00:00+00:00,7,36.0,2420.1149006663345,958.1927617976343,745.7879773838791,716.1341614848209,958.1927617975488,220.64744332671108,737.5453184708376,1174.2013520221549,458.9947329693795,499.1980288282564,745.7879773838791,0.0,716.134161484821,0.0,667.6287025009158,208.6339695315362,1461.9221388687001,1949.2295184916002,487.30737962290004,499.19802882825456,166.3993429427515,665.597371771006,9.98396057656509,29.534980936364583,0.0,231.08551114913462,1132.945144759252,3553.0600454255864,2616.858220992516,0.0,0.0,0.0,0.0,0.0,3612.2942199027634,23.985697176360233,0.0,0.0,0.0,0.0,0.0
2025-10-25 14:00:00+00:00,7,36.0,2432.1762087706884,962.7903184433027,748.9545430198796,720.431347307506,962.7903184432284,221.33575081408367,741.4545676291448,1174.2013520221549,461.0536212216399,501.7366972216642,748.9545430198796,0.0,720.431347307506,0.0,670.623449049658,209.56982782801813,1469.3858903273858,1959.181187103181,489.79529677579524,501.73669722166255,167.24556574055418,668.9822629622167,10.03473394443325,29.672949763671454,0.0,232.20803986733335,1138.5264139198057,7307.741372011415,2629.804636152839,0.0,0.0,0.0,3737.0387493209196,0.0,7157.560465551101,23.98600685611619,0.0,0.0,0.0,9.094947017729282e-13,0.0
2025-10-25 15:00:00+00:00,7,36.0,2433.220030783311,963.3244674421362,749.4259275427572,720.469635798418,963.324467442058,221.6404201931303,741.6840472489276,1174.2013520221549,461.1900108209468,502.1344566211908,749.4259275427572,0.0,720.469635798418,0.0,670.8218339213771,209.63182310043035,1469.8955633411751,1959.8607511215669,489.9651877803917,502.13445662118943,167.37815220706312,669.5126088282525,10.042689132423787,29.687474184266897,0.0,232.33424698747785,1139.0395733920536,3572.2596041753645,2630.682585042944,0.0,0.0,0.0,0.0,0.0,7157.560465551101,23.98549701635058,0.0,0.0,0.0,0.0,0.0
2025-10-25 16:00:00+00:00,7,36.0,2473.2096265882515,980.469299420098,762.3310991757226,730.4092279924322,980.4692994200173,225.49887766293983,754.9704217570775,1174.2013520221549,469.1234968184921,511.34580260160743,762.3310991757226,0.0,730.4092279924321,0.0,682.3614499178067,213.23795309931458,1492.7403271681546,1990.320436224206,497.5801090560515,511.345802601606,170.448600867202,681.794403468808,10.22691605203212,30.174025255196,0.0,236.38063430717466,1158.0482386369708,12038.893295330763,2672.681886142013,0.0,0.0,0.0,8407.635430105542,0.0,15133.743774189976,23.986307063496568,0.0,0.0,0.0,-1.8189894035458565e-12,0.0
2025-10-25 17:00:00+00:00,7,36.0,2468.5778610092766,979.6740414694174,760.9039341046606,727.9998854351996,979.6740414693347,224.91196814485866,754.762073324476,1174.2013520221549,468.8793193638409,510.79472210557793,760.9039341046606,0.0,727.9998854351994,0.0,682.0062827110413,213.12696334720042,1488.90381953986,1985.2050927198134,496.30127317995334,510.79472210557645,170.26490736852548,681.0596294741019,10.215894442111528,30.107116877491812,0.0,236.1193373401893,1156.135492555472,3624.7133535647486,2667.211375430855,0.0,0.0,0.0,0.0,0.0,15133.743774189976,23.984822708161467,0.0,0.0,0.0,0.0,0.0
2025-10-25 18:00:00+00:00,7,36.0,2443.485067689006,969.7898265111947,753.1744882633836,720.5207529144282,969.7898265111191,222.3723864780668,747.4174400330523,1174.2013520221549,464.3363496930096,505.45347681818674,753.1744882633836,0.0,720.5207529144282,0.0,675.3983268261958,211.0619771331862,1473.695241177812,1964.9269882370827,491.2317470592707,505.45347681818515,168.48449227272837,673.9379690909135,10.109069536363702,29.800442177045795,0.0,233.73408687461688,1144.4218150532117,0.0,2640.3253150632786,0.0,0.0,0.0,0.0,3587.9068827422175,11351.757846836615,23.986818168213844,0.0,0.0,0.0,-2.2737367544323206e-13,0.0
2025-10-25 19:00:00+00:00,7,36.0,2479.0774094315857,983.2171786219226,765.8064410871763,730.0537897224885,983.2171786218507,226.8351320066294,756.3820466152213,1174.2013520221549,471.39734682308887,511.81983179883554,765.8064410871763,0.0,730.0537897224885,0.0,685.6688681063113,214.27152128322228,1495.8602308096647,1994.4803077462195,498.6200769365549,511.81983179883383,170.60661059961126,682.426442398445,10.236396635976675,30.274731129840173,0.0,236.99401310735266,1161.003349692558,1865.0433880435637,2680.149175852531,0.0,0.0,0.0,0.0,1775.03737108058,9480.704171992573,23.986510740662474,0.0,0.0,0.0,0.0,0.0
2025-10-25 20:00:00+00:00,7,36.0,2499.227206624947,992.6754346807478,770.8172020630863,735.7345698811137,992.6754346806681,227.56627213870587,765.1091625419622,1174.2013520221549,476.00629133110436,516.669143349645,770.8172020630863,0.0,735.7345698811138,0.0,692.3727873906973,216.36649605959292,1506.5517719442,2008.7356959255999,502.18392398139997,516.6691433496428,172.22304778321427,688.8921911328571,10.333382866992856,30.48186176070373,0.0,239.1922748824436,1170.7809873343472,0.0,2701.108483316297,0.0,0.0,0.0,0.0,3670.0081939592947,5612.175863861779,23.984350318649195,0.0,0.0,0.0,4.547473508864641e-13,0.0
2025-10-25 21:00:00+00:00,7,36.0,2539.409197134827,1008.4589983839933,782.791164436124,748.1590343147107,1008.458998383921,230.93645795177184,777.5225404321492,1174.2013520221549,483.1870776965511,525.271920687444,782.791164436124,0.0,748.1590343147107,0.0,702.8175675586198,219.63048986206869,1530.9501987508347,2041.2669316677795,510.3167329169449,525.2719206874415,175.09064022914714,700.3625609165886,10.505438413748829,30.96532527623083,0.0,243.02302220714137,1189.5316489052816,0.0,2744.084499226399,0.0,0.0,0.0,0.0,3728.940846040108,1681.5270860211085,23.985986684562572,0.0,0.0,0.0,-4.547473508864641e-13,0.0
2025-10-25 22:00:00+00:00,7,36.0,2719.374850323636,1080.7956215931883,837.4440407215678,801.1351880088785,1080.7956215931108,246.27896010453497,834.5166614885758,1174.2013520221549,518.369810260879,562.4258113323108,837.4440407215678,0.0,801.1351880088785,0.0,753.9924512885514,235.6226410276723,1638.5792287304466,2184.772304973929,546.1930762434822,562.4258113323095,187.47527044410316,749.9010817764126,11.248516226646188,33.13467310173583,0.0,260.3893052849653,1274.063482328605,3993.4383326522407,2938.76475626248,0.0,0.0,0.0,0.0,0.0,1681.5270860211085,23.98229442430591,0.0,0.0,0.0,-4.547473508864641e-13,0.0
2025-10-25 23:00:00+00:00,7,36.0,2665.5769577284495,1056.9754355699201,818.9094886246899,789.6920335338374,1056.975435569842,240.4159512382101,816.5594843316317,1174.2013520221549,506.9617103624493,550.0137252074725,818.9094886246899,0.0,789.6920335338373,0.0,737.3988514362899,230.4371410738406,1608.6015221585274,2144.802029544703,536.2005073861758,550.013725207471,183.3379084024903,733.3516336099613,11.000274504149418,32.464204994079076,0.0,254.8293622510173,1248.2693986117524,12321.481786445744,2882.200880980993,0.0,0.0,0.0,8407.635430105542,0.0,9657.710394659984,23.983002516117708,0.0,0.0,0.0,0.0,0.0
2025-12-05 00:00:00+00:00,8,47.0,3313.760256430499,1287.7622174784892,983.5777365833604,1042.4203023686484,1287.7622174784208,274.489342627615,1013.2728748508058,1174.2013520221549,621.2076008869672,666.5546165915239,983.5777365833604,0.0,1042.4203023686482,0.0,903.574692199225,282.3670913122578,2025.9980389520088,2701.330718602678,675.3326796506695,666.5546165915225,222.18487219717417,888.7394887886967,13.33109233183045,39.931535121187295,0.0,312.5004442529298,1545.647714866049,4859.407971296548,3604.905410801903,0.0,0.0,0.0,0.0,0.0,1681.5270860211085,23.991596387805096,0.0,0.0,0.0,-2.2737367544323206e-13,0.0
2025-12-05 01:00:00+00:00,8,47.0,3255.273607904799,1267.1336132823424,967.0118561066844,1021.1281385157752,1267.133613282258,270.05407853065674,997.0795347516013,1174.2013520221549,609.3761135275995,657.7574997547447,967.0118561066844,0.0,1021.1281385157752,0.0,886.3652560401448,276.98914251254524,1988.1399946224597,2650.8533261632792,662.7133315408198,657.7574997547429,219.25249991824762,877.0099996729905,13.155149995094856,39.22163706835829,0.0,307.3180651350749,1518.6498261701408,4773.92343407494,3537.218582203424,0.0,0.0,0.0,0.0,0.0,1681.5270860211085,23.993208279874604,0.0,0.0,0.0,0.0,0.0
2025-12-05 02:00:00+00:00,8,47.0,3269.75182916589,1275.0582606102703,970.7852867128396,1023.9082818427777,1275.0582606101943,270.35817656130666,1004.7000840488877,1174.2013520221549,612.9414570169976,662.1168035932744,970.7852867128396,0.0,1023.9082818427777,0.0,891.5512102065421,278.6097531895444,1994.6935685556173,2659.5914247408227,664.8978561852057,662.1168035932726,220.70560119775752,882.8224047910301,13.24233607186545,39.36264141981296,0.0,309.0866056061559,1525.9047936703419,10567.902630310913,3551.142634947365,0.0,0.0,0.0,5772.246007474682,0.0,7157.560465551101,23.993185242578484,0.0,0.0,0.0,-9.094947017729282e-13,0.0
2025-12-05 03:00:00+00:00,8,47.0,3240.5741984163383,1263.2026928481444,962.1566303632984,1015.2148752048959,1263.2026928480666,268.03094736093817,995.1717454871284,1174.2013520221549,607.3812353540092,655.8214574941372,962.1566303632984,0.0,1015.2148752048959,0.0,883.463615060377,276.0823797063678,1977.3715055681942,2636.495340757592,659.123835189398,655.8214574941345,218.60715249804483,874.4286099921793,13.11642914988269,39.01684766294791,0.0,306.24374478415666,1512.1903889907978,13160.400017512677,3519.958955817969,0.0,0.0,0.0,8407.635430105542,0.0,15133.743774189976,23.993606376209403,0.0,0.0,0.0,0.0,0.0
2025-12-05 04:00:00+00:00,8,47.0,3244.6578009155373,1262.4864790760016,964.5396474885692,1017.6316743509666,1262.4864790759223,269.64709902220216,992.8393800537201,1174.2013520221549,607.7760190203984,654.7104600556048,964.5396474885692,0.0,1017.6316743509667,0.0,884.0378458478523,276.26182682745383,1982.171321839536,2642.895095786048,660.723773946512,654.7104600556025,218.23682001853416,872.9472800741366,13.094209201112049,39.112506168166746,0.0,306.2194803997472,1513.6486165615258,4758.3064174770625,3526.9329416339,0.0,0.0,0.0,0.0,0.0,15133.743774189976,23.9929859264491,0.0,0.0,0.0,-6.821210263296962e-13,0.0
2025-12-05 05:00:00+00:00,8,47.0,3213.546996667924,1250.9799652068423,953.099227281327,1009.4678041797553,1250.9799652067618,265.34999337469037,985.6299718320713,1174.2013520221549,601.8648080720662,649.1151571347783,953.099227281327,0.0,1009.4678041797554,0.0,875.4397208320963,273.5749127600301,1962.5670314610825,2616.7560419481097,654.1890104870274,649.1151571347754,216.3717190449251,865.4868761797004,12.982303142695505,38.68765486023737,0.0,303.40975470848116,1499.2153550033968,4712.76235167132,3492.1957627802058,0.0,0.0,0.0,0.0,0.0,15133.743774189976,23.993013063603442,0.0,0.0,0.0,-4.547473508864641e-13,0.0
2025-12-05 06:00:00+00:00,8,47.0,3231.6086361001035,1260.683390477698,959.7707182721091,1011.1545273502974,1260.6833904776227,267.78326506101837,992.9001254166042,1174.2013520221549,605.0570418058074,655.6263486718924,959.7707182721091,0.0,1011.1545273502974,0.0,880.0829698993563,275.0259280935488,1970.9252456224065,2627.9003274965416,656.9750818741354,655.6263486718909,218.54211622396363,874.1684648958545,13.112526973437818,38.904666821666254,0.0,305.5932895114802,1508.1536094982323,4739.762245598335,3507.983297395898,0.0,0.0,0.0,0.0,0.0,15133.743774189976,23.99552016052379,0.0,0.0,0.0,-1.1368683772161603e-12,0.0
2025-12-05 07:00:00+00:00,8,47.0,3273.6988613332783,1280.273635933506,972.810614408778,1020.6146109909936,1280.2736359334351,270.10194210271607,1010.171693830719,1174.2013520221549,616.1780892581016,664.0955466754062,972.810614408778,0.0,1020.6146109909936,0.0,896.2590389208751,280.0809496627735,1993.4252253997715,2657.9003005330287,664.4750751332572,664.0955466754037,221.36518222513456,885.4607289005382,13.281910933508073,39.39046454217328,0.0,310.10846991974086,1528.7020524165875,4802.400913749865,3554.159339453904,0.0,0.0,0.0,0.0,0.0,15133.743774189976,23.996193684365885,0.0,0.0,0.0,-6.821210263296962e-13,0.0
2025-12-05 08:00:00+00:00,8,47.0,3289.965582270757,1282.4441256626892,976.1939690219264,1031.3274875861398,1282.4441256626124,271.3045575209363,1011.1395681416759,1174.2013520221549,617.7837152883253,664.6604103743657,976.1939690219264,0.0,1031.3274875861398,0.0,898.594494964837,280.8107796765116,2007.521456608066,2676.695275477421,669.1738188693553,664.6604103743638,221.5534701247879,886.2138804991516,13.293208207487273,39.59909394651919,0.0,310.9454021799429,1535.375773004604,4825.341355275361,3575.289770442258,0.0,0.0,0.0,0.0,0.0,15133.743774189976,23.996338870428605,0.0,0.0,0.0,0.0,0.0
2025-12-05 09:00:00+00:00,8,47.0,3246.17856726729,1264.617169113321,963.3207442999787,1018.2406538539874,1264.6171691132508,268.039847294752,996.5773218184988,1174.2013520221549,609.1490751678549,655.4680939454684,963.3207442999787,0.0,1018.2406538539874,0.0,886.0350184259707,276.88594325811584,1981.5613981539661,2642.081864205288,660.520466051322,655.4680939454666,218.48936464848887,873.9574585939555,13.109361878909333,39.082028867539236,0.0,306.66415776617214,1514.7513224705474,4760.929889737838,3528.1168826312587,0.0,0.0,0.0,0.0,0.0,15133.743774189976,23.995637096550638,0.0,0.0,0.0,2.2737367544323206e-13,0.0
2025-12-05 10:00:00+00:00,8,47.0,3249.987944525909,1268.4500342611984,965.3123648978212,1016.2255453668914,1268.4500342611257,268.57120019434973,999.8788340667759,1174.2013520221549,610.6865836592799,657.7634506019206,965.3123648978212,0.0,1016.2255453668914,0.0,888.2713944134981,277.58481075421815,1981.5379102647125,2642.0505470196167,660.5126367549042,657.7634506019187,219.25448353397292,877.0179341358917,13.155269012038374,39.121626400603546,0.0,307.428514251239,1517.0573407069762,1543.2355914930681,3530.3219414331147,0.0,0.0,0.0,0.0,3223.8096937398163,11735.54998247408,23.99570617688554,0.0,0.0,0.0,-6.821210263296962e-13,0.0
2025-12-05 11:00:00+00:00,8,47.0,3187.5281264695495,1243.3816276549778,946.140534956083,998.0059638584867,1243.381627654895,261.53848513146613,981.8431425234289,1174.2013520221549,601.6488246190823,641.7328030358974,946.140534956083,0.0,998.0059638584866,0.0,875.1255630823016,273.47673846321925,1944.1464988145694,2592.195331752759,648.0488329381898,641.7328030358955,213.91093434529847,855.6437373811939,12.834656060717908,38.36427568726735,0.0,301.3745143821343,1488.009951876827,0.0,3467.3208948350607,0.0,0.0,0.0,0.0,4675.538078346377,6807.1001110003,23.996094344336548,0.0,0.0,0.0,4.547473508864641e-13,0.0
2025-12-05 12:00:00+00:00,8,47.0,3315.267657587318,1292.2167274083124,984.284590098544,1038.7663400804622,1292.216727408236,273.06493501028854,1019.1517923979476,1174.2013520221549,623.889966705213,668.3267607031012,984.284590098544,0.0,1038.7663400804622,0.0,907.4763152075825,283.58634850236956,2023.0509301790062,2697.4012402386747,674.3503100596687,668.3267607031001,222.77558690103336,891.1023476041335,13.366535214062,39.91620110376094,0.0,313.28288236779554,1547.27786414869,0.0,3604.8775554462572,0.0,0.0,0.0,0.0,4862.545521736008,1681.5270860211085,23.996134925815532,0.0,0.0,0.0,-2.2737367544323206e-13,0.0
2025-12-05 13:00:00+00:00,8,47.0,3332.0630603017357,1297.2846221674856,991.6108410550041,1043.1675970792478,1297.284622167408,277.46578500841133,1019.8188371589968,1174.2013520221549,624.9970672449056,672.287554922582,991.6108410550041,0.0,1043.167597079248,0.0,909.0866432653172,284.08957602041164,2034.7784381342522,2713.037917512336,678.259479378084,672.2875549225798,224.09585164085993,896.3834065634397,13.445751098451595,40.18000120244261,0.0,314.6089182993319,1554.6795776395818,13294.378068046859,3622.1245607776536,0.0,0.0,0.0,8407.635430105542,0.0,9657.710394659984,23.996098027565548,0.0,0.0,0.0,0.0,0.0
2025-12-05 14:00:00+00:00,8,47.0,3276.583242998947,1274.5170336612568,977.107188871661,1024.9590204660292,1274.5170336611823,274.1865357771499,1000.3304978840323,1174.2013520221549,615.2617592279391,659.2552744333196,977.107188871661,0.0,1024.9590204660292,0.0,894.9261952406389,279.66443601269964,2002.0662093376902,2669.4216124502536,667.3554031125634,659.2552744333178,219.75175814443926,879.0070325777571,13.185105488666355,39.562805870810124,0.0,309.1426568027755,1528.6621654319542,4805.245408430901,3564.3478076908923,0.0,0.0,0.0,0.0,0.0,9657.710394659984,23.99647361212934,0.0,0.0,0.0,0.0,0.0
2025-12-05 15:00:00+00:00,8,47.0,3241.7336253367407,1259.4000265825937,966.6657590334976,1015.6678397206484,1259.400026582515,271.135298164389,988.264728418126,1174.2013520221549,609.3347141990239,650.065312383572,966.6657590334976,0.0,1015.6678397206484,0.0,886.3050388349438,276.97032463591995,1982.333598754146,2643.111465005528,660.777866251382,650.0653123835696,216.68843746118984,866.7537498447593,13.001306247671389,39.15665116821141,0.0,305.53850115693785,1512.1330869213125,4753.866712258053,3529.4165038404717,0.0,0.0,0.0,0.0,0.0,9657.710394659984,23.991960239498695,0.0,0.0,0.0,-4.547473508864641e-13,0.0
2025-12-05 16:00:00+00:00,8,47.0,3285.9808779116343,1280.4613038406685,980.5006684043263,1025.0189056666375,1280.461303840594,273.3785601454697,1007.0827436951243,1174.2013520221549,621.6871802780485,658.7741235626221,980.5006684043263,0.0,1025.0189056666375,0.0,904.272262222616,282.5850819445675,2005.519574070964,2674.026098761285,668.5065246903213,658.7741235626205,219.5913745208735,878.365498083494,13.17548247125241,39.66520910879617,0.0,310.3460109375392,1533.8696836733502,10592.096569059668,2702.383409250262,875.9149517336392,0.0,832.1192041469574,5772.246007474682,0.0,15133.743774189976,23.98768099090121,0.0,0.0,0.0,9.094947017729282e-13,-1.1368683772161603e-13
2025-12-05 17:00:00+00:00,8,47.0,3258.13848750876,1267.35861309645,972.3541190173423,1018.4257553949672,1267.3586130963774,272.1362514847729,995.2223616116046,1174.2013520221549,614.9496835295922,652.4089295668593,972.3541190173423,0.0,1018.4257553949672,0.0,894.4722669521343,279.52258342254197,1990.7798744123093,2654.373165883079,663.5932914707697,652.4089295668574,217.46964318895246,869.8785727558098,13.048178591337146,39.35488112446994,0.0,307.3279989088778,1520.316576706949,4778.455064215709,2966.4744062394016,582.3710265958116,0.0,1383.7074410046846,0.0,0.0,15133.743774189976,23.9862411401743,0.0,0.0,0.0,0.0,0.0
2025-12-05 18:00:00+00:00,8,47.0,3197.7869855633876,1243.3078499794465,955.1280948250139,999.3510407589289,1243.3078499793694,268.20095886186596,975.1068911175034,1174.2013520221549,602.6494428383406,640.6584071411079,0.0,955.1280948250138,999.3510407589289,0.0,876.5810077648591,273.9315649265185,999.3510407589291,1332.4680543452387,333.11701358630967,640.6584071411058,213.5528023803686,1809.3393043464882,27.14008956519732,29.09607230408957,19.102561896500276,301.5242522024146,1197.4643568613985,1034.0038378546988,2775.84884885833,0.0,566.7997867482318,784.3086716508524,0.0,3361.247504570087,11590.677809523742,23.986331825132353,0.0,0.0,0.0,2.2737367544323206e-13,0.0
2025-12-05 19:00:00+00:00,8,47.0,3215.358481917195,1250.3836792689717,961.3341137702515,1003.6406888779699,1250.383679268897,270.5496176587923,979.8340616101045,1174.2013520221549,605.009279210405,645.3744000585687,216.11331134325783,745.2208024269936,1003.6406888779699,0.0,880.0134970333165,275.0042178229114,1219.7540002212277,1626.3386669616368,406.5846667404092,645.3744000585664,215.12480001952213,1605.720002505082,24.085800037576227,31.424222277617304,14.904416048539872,303.2246568374412,1270.3527797840175,0.0,2506.352163994953,0.0,0.0,782.7400543075506,0.0,4485.7112617012135,6862.322971909256,23.991964771572874,0.0,0.0,0.0,9.094947017729282e-13,0.0
2025-12-05 20:00:00+00:00,8,47.0,3350.7519629627786,1306.972751372502,1002.548132609399,1041.2310789808753,1306.9727513724301,281.01973093909896,1025.9530204333312,1174.2013520221549,632.1795312167487,674.7932201557546,1002.548132609399,0.0,1041.2310789808753,0.0,919.5338635879983,287.3543323712495,2043.7792115902744,2725.0389487870325,681.2597371967581,674.7932201557536,224.93107338525118,899.7242935410047,13.495864403115071,40.48875476809073,0.0,316.6528024636573,1564.182564588122,0.0,4189.203333408655,0.0,544.630521033625,207.8792889003829,0.0,4914.9345275509,1681.5270860211085,23.995953138435866,0.0,0.0,0.0,-2.2737367544323206e-13,0.0
2025-12-05 21:00:00+00:00,8,47.0,3339.1010558841294,1301.2868224274787,998.9796992111505,1038.834534245502,1301.2868224274027,280.7099062406611,1020.5769161867416,1174.2013520221549,628.9509695318983,672.3358528955823,998.9796992111505,0.0,1038.8345342455023,0.0,914.8377738645794,285.88680433268104,2037.8142334566526,2717.08564460887,679.2714111522175,672.3358528955804,224.11195096519344,896.4478038607738,13.446717057911606,40.357736318789534,0.0,315.37727813071524,1558.4518979575082,4897.552953841638,3829.0137722799027,0.0,197.0903538064531,0.0,0.0,0.0,1681.5270860211085,23.995304847973525,0.0,0.0,0.0,0.0,0.0
2025-12-05 22:00:00+00:00,8,47.0,3279.836809560675,1278.340567176979,980.9554372385894,1020.5408051451097,1278.3405671769078,275.4090713020503,1002.9314958748574,1174.2013520221549,618.0642712640574,660.2762959129234,980.9554372385894,0.0,1020.5408051451097,0.0,899.0025763840836,280.93830512002614,2001.4962423836992,2668.6616565115987,667.1654141278997,660.2762959129216,220.0920986376405,880.368394550562,13.205525918258429,39.634071168608784,0.0,309.80551146084235,1530.8409264332759,4810.677735993951,3567.6642328956823,0.0,0.0,0.0,0.0,0.0,1681.5270860211085,23.994552068326282,0.0,0.0,0.0,-4.547473508864641e-13,0.0
2025-12-05 23:00:00+00:00,8,47.0,3122.4725653333685,1216.7339566350781,934.7815625516096,970.9570461466832,1216.7339566350088,262.95763324870353,953.7763233863053,1174.2013520221549,588.7562527176162,627.9777039174637,934.7815625516096,0.0,970.9570461466831,0.0,856.3727312256239,267.61647850800745,1905.7386086982924,2540.984811597723,635.2462028994307,627.9777039174629,209.32590130582096,837.3036052232839,12.559554078349258,37.75301733801511,0.0,294.91154567005015,1457.4126997996736,4579.885265133042,3397.3575428233466,0.0,0.0,0.0,0.0,0.0,1681.5270860211085,23.995395909199082,0.0,0.0,0.0,-4.547473508864641e-13,0.0
