timestamp_hour_utc,representative_day_id,day_weight,it_load_kw,q_air_kw,q_cp_kw,q_rdhx_kw,s_air_kw,s_air_old_kw,s_air_new_kw,old_ac_capacity_eff_kw,q_air_to_ashp_kw,q_air_to_reject_kw,q_cp_to_wshp_kw,q_cp_to_free_kw,q_rdhx_to_wshp_kw,q_rdhx_to_chiller_kw,q_ashp_out_kw,p_ashp_kw,q_wshp_in_kw,q_wshp_out_kw,p_wshp_kw,q_chiller_evap_kw,p_chiller_kw,q_tower_kw,p_tower_kw,p_pump_kw,p_cdu_free_kw,p_terminal_kw,p_cooling_kw,p_grid_kw,q_heat_kw,heating_demand_kw,heat_demand_upper_violation_kw,q_tes_ch_kw,q_tes_dis_kw,e_tes_kwh,p_bess_ch_kw,p_bess_dis_kw,e_bess_kwh,max_theta_c,hotspot_slack_c,hotspot_penalty_yuan,bess_degradation_cost_yuan,power_balance_residual_kw,heat_balance_residual_kw
2025-01-30 00:00:00+00:00,0,66.0,2837.291468201433,945.2639324912477,1892.027535710185,0.0,945.2639324912477,445.6653086835396,499.5986238077082,2504.533806503982,810.8689438757938,134.39498861545394,1.4690252836184127e-12,1892.0275357101837,0.0,0.0,1179.4457365466092,368.57679267081534,1.4690252836184127e-12,1.9587003781578835e-12,4.896750945394709e-13,134.39498861545394,44.798329538484644,2071.220853864122,31.06831280796183,37.840550714203715,37.84055071420367,223.60933462216158,743.7338710678313,3581.0253392692644,1179.4457365466112,3219.22382502416,0.0,0.0,0.0,0.0,0.0,0.0,576.2484372023363,23.98982400470025,0.0,0.0,0.0,1.1368683772161603e-13,0.0
2025-01-30 01:00:00+00:00,0,66.0,2811.291148338461,937.9089296324091,1873.38221870605,0.0,937.9089296324091,439.0254621646682,498.88346746774096,2504.533806503982,802.8780937311644,135.0308359012447,0.0,1873.38221870605,0.0,0.0,1167.8226817907846,364.9445880596202,0.0,0.0,0.0,135.0308359012447,45.010278633748236,2053.423333241043,30.801349998615645,37.467644374121,37.467644374121,221.7446973735906,737.4362028138166,3548.7273511522776,1167.8226817907846,3277.57292616957,0.0,0.0,0.0,0.0,0.0,0.0,576.2484372023363,23.98937978500234,0.0,0.0,0.0,0.0,0.0
2025-01-30 02:00:00+00:00,0,66.0,2819.105058034541,940.7983551918906,1878.3067028426512,0.0,940.7983551918906,438.97090565463685,501.8274495372537,2504.533806503982,804.988586932565,135.80976825932555,0.0,1878.3067028426512,0.0,0.0,1170.892490083731,365.90390315116593,0.0,0.0,0.0,135.80976825932555,45.26992275310852,2059.3863938550853,30.890795907826277,37.56613405685302,37.56613405685302,222.35211952189832,739.5490094477051,3558.6540674822463,1170.892490083731,3350.47819276152,0.0,0.0,0.0,0.0,0.0,0.0,576.2484372023363,23.98548955602735,0.0,0.0,0.0,3.410605131648481e-13,0.0
2025-01-30 03:00:00+00:00,0,66.0,2803.0722391605236,935.8882531830161,1867.1839859775082,0.0,935.8882531830161,435.2390582890555,500.6491948939606,2504.533806503982,800.2217082760751,135.666544906941,2.935718171426075e-12,1867.1839859775052,0.0,0.0,1163.9588484015637,363.7371401254886,2.935718171426075e-12,3.914290895234766e-12,9.785727238086916e-13,135.666544906941,45.222181635647,2048.0727125200933,30.7210906878014,37.343679719550195,37.3436797195501,221.1263542123076,735.494126100346,5516.677671707558,1163.9588484015676,3424.45119305147,0.0,0.0,0.0,0.0,1978.1113064466895,0.0,2452.8495953131924,23.984328164487856,0.0,0.0,0.0,-9.094947017729282e-13,0.0
2025-01-30 04:00:00+00:00,0,66.0,2818.2087153841603,940.6316326886546,1877.5770826955068,0.0,940.6316326886546,437.57998343940807,503.0516492492465,2504.533806503982,804.6758925837887,135.95574010486587,0.0,1877.5770826955068,0.0,0.0,1170.4376619400564,365.7617693562676,0.0,0.0,0.0,135.95574010486587,45.31858003495529,2058.851402835328,30.882771042529917,37.551541653910135,37.551541653910135,222.24968791490855,739.3158916564817,6438.766793052322,1170.4376619400564,5074.25305785225,0.0,0.0,0.0,0.0,2881.242186011681,0.0,5186.235934821026,23.98503221054523,0.0,0.0,0.0,-9.094947017729282e-13,0.0
2025-01-30 05:00:00+00:00,0,66.0,2796.4623028695482,932.7072183006079,1863.7550845689389,0.0,932.707218300608,433.7885132809982,498.9187050196098,2504.533806503982,798.752179100974,133.95503919963392,1.4748562731452893e-12,1863.7550845689375,0.0,0.0,1161.8213514195986,363.06917231862457,1.4748562731452893e-12,1.9664750308603855e-12,4.916187577150964e-13,133.95503919963392,44.6516797332113,2042.3618035017828,30.63542705252674,37.275101691378794,37.27510169137875,220.34149392367806,733.2479764107987,3529.7102792803475,1161.8213514196007,7175.01322351412,0.0,0.0,0.0,0.0,0.0,0.0,5186.235934821026,23.98514671590073,0.0,0.0,0.0,5.684341886080801e-13,0.0
2025-01-30 06:00:00+00:00,0,66.0,2839.669267894365,947.8579804400632,1891.811287454303,0.0,947.8579804400632,441.7525023609965,506.1054780790667,2504.533806503982,810.7762660518443,137.08171438821887,0.0,1891.811287454303,0.0,0.0,1179.3109324390464,368.534666387202,0.0,0.0,0.0,137.08171438821887,45.69390479607296,2074.586906638595,31.11880359957892,37.83622574908606,37.83622574908606,223.96909059231172,744.9889168733378,3584.658184767703,1179.3109324390464,6830.12859379895,0.0,0.0,0.0,0.0,0.0,0.0,5186.235934821026,23.98178595547387,0.0,0.0,0.0,2.2737367544323206e-13,0.0
2025-01-30 07:00:00+00:00,0,66.0,2968.4064399077884,992.6725328648577,1975.7339070429286,0.0,992.6725328648577,462.2371200956948,530.4354127691628,2504.533806503982,846.7431030183982,145.92942984645947,1.4748562731452893e-12,1975.7339070429273,0.0,0.0,1231.6263316631246,384.8832286447264,1.4748562731452893e-12,1.9664750308603855e-12,4.916187577150964e-13,145.92942984645947,48.643143282153154,2170.30648017154,32.5545972025731,39.514678140858585,39.51467814085855,234.5627650610592,779.6730904722294,2255.9035731791655,1231.6263316631266,5663.16442841657,0.0,0.0,0.0,0.0,0.0,1492.1759572008518,3613.3443699888185,23.97950919436639,0.0,0.0,0.0,-4.547473508864641e-13,0.0
2025-01-30 08:00:00+00:00,0,66.0,3021.9030784233887,1010.1559003011616,2011.747178122227,0.0,1010.1559003011616,469.8526807754659,540.3032195256958,2504.533806503982,862.1773620523833,147.97853824877836,0.0,2011.747178122227,0.0,0.0,1254.0761629852848,391.89880093290145,0.0,0.0,0.0,147.97853824877836,49.32617941625946,2209.051895787265,33.13577843680898,40.23494356244454,40.23494356244454,238.67218777465263,793.5028336855116,934.1637260972198,1254.0761629852848,5011.85628625748,0.0,0.0,0.0,0.0,0.0,2881.242186011681,576.2484372023363,23.980332128425765,0.0,0.0,0.0,4.547473508864641e-13,0.0
2025-01-30 09:00:00+00:00,0,66.0,3002.5329056780597,1004.3634719109576,1998.1694337671036,0.0,1004.3634719109577,466.076411264686,538.2870606462717,2504.533806503982,856.3583287573302,148.0051431536274,1.470191481523788e-12,1998.1694337671022,0.0,0.0,1245.6121145561167,389.25378579878645,1.470191481523788e-12,1.960255308698384e-12,4.90063827174596e-13,148.0051431536274,49.335047717875796,2195.5096246386056,32.93264436957908,39.96338867534209,39.963388675342046,237.2597766731871,788.708031910113,3791.2409375881725,1245.6121145561187,2152.95611156432,0.0,0.0,0.0,0.0,0.0,0.0,576.2484372023363,23.981366692467144,0.0,0.0,0.0,-2.2737367544323206e-13,0.0
2025-01-30 10:00:00+00:00,0,66.0,2975.7765020466836,995.3966716824855,1980.3798303641993,0.0,995.3966716824855,461.4823255581315,533.914346124354,2504.533806503982,0.0,995.3966716824855,0.0,1980.3798303641993,0.0,0.0,0.0,0.0,0.0,0.0,0.0,995.3966716824855,331.7988905608285,3307.575392607513,49.61363088911269,39.60759660728399,39.60759660728399,235.11118940604828,695.7389040705575,3671.515406117241,0.0,0.0,0.0,0.0,0.0,0.0,0.0,0.0,576.2484372023363,23.97966652456033,0.0,0.0,0.0,0.0,0.0
2025-01-30 11:00:00+00:00,0,66.0,2984.4163694457434,997.6827448480421,1986.7336245976985,0.0,997.6827448480421,464.58035905736523,533.1023857906769,2504.533806503982,60.758697000072964,936.9240478479692,0.0,1986.7336245976985,0.0,0.0,88.37628654556067,27.61758954548771,0.0,0.0,0.0,936.9240478479692,312.3080159493231,3235.965688394991,48.539485325924865,39.73467249195397,39.73467249195397,235.7460937250729,703.6805295297165,3688.09689897546,0.0,0.0,0.0,88.37628654556067,0.0,83.95747221828265,0.0,0.0,576.2484372023363,23.979938533674474,0.0,0.0,0.0,2.2737367544323206e-13,0.0
2025-01-30 12:00:00+00:00,0,66.0,2967.3302624982703,993.0032951280818,1974.326967370188,0.0,993.0032951280818,462.5852141541544,530.4180809739274,2504.533806503982,564.1816485232367,428.8216466048451,0.0,1974.326967370188,0.0,0.0,820.6278523974353,256.4462038741985,0.0,0.0,0.0,428.8216466048451,142.9405488682817,2546.0891628433146,38.19133744264972,39.48653934740376,39.48653934740376,234.6796519750669,751.2308208550044,6599.803269364956,1.1368683772161603e-13,0.0,1.1368683772161603e-13,820.6278523974352,0.0,863.3860170514096,2881.242186011681,0.0,3309.6347767101697,23.979787831924746,0.0,0.0,0.0,0.0,0.0
2025-01-30 13:00:00+00:00,0,66.0,2932.027352838794,981.5092030304407,1950.518149808352,0.0,981.5092030304406,454.8766876436484,526.6325153867923,2504.533806503982,564.1816485232366,417.3275545072041,0.0,1950.518149808352,0.0,0.0,820.627852397435,256.44620387419843,0.0,0.0,0.0,417.3275545072041,139.1091848357347,2506.954889151291,37.60432333726936,39.01036299616704,39.01036299616704,231.857503419475,743.0379414590116,5653.176600744495,-2.2737367544323206e-13,0.0,0.0,820.6278523974353,0.0,1641.2557047948706,1978.1113064466895,0.0,5186.235934821026,23.980746922802563,0.0,0.0,0.0,0.0,0.0
2025-01-30 14:00:00+00:00,0,66.0,2952.157471430476,986.302256480566,1965.85521494991,0.0,986.302256480566,458.12690145136855,528.1753550291975,2504.533806503982,842.509377835676,143.79287864489004,0.0,1965.85521494991,0.0,0.0,1225.4681859428015,382.95880810712544,0.0,0.0,0.0,143.79287864489004,47.93095954829668,2157.5790531430966,32.363685797146445,39.3171042989982,39.3171042989982,233.08071447453023,774.9683765250952,3727.1258479555713,2046.0960383402366,2319.0794354811,0.0,0.0,820.6278523974353,774.1544013879807,0.0,0.0,5186.235934821026,23.98218957110901,0.0,0.0,0.0,0.0,0.0
2025-01-30 15:00:00+00:00,0,66.0,2948.262745365813,983.4336713141652,1964.8290740516475,0.0,983.4336713141653,459.4895329663457,523.9441383478196,2504.533806503982,842.0696031649919,141.36406814917325,1.4550309087539093e-12,1964.829074051646,0.0,0.0,1224.8285136945337,382.75891052954177,1.4550309087539093e-12,1.940041211671879e-12,4.850103029179697e-13,141.36406814917325,47.12135604972442,2153.3144982505437,32.29971747375816,39.296581481032966,39.29658148103292,232.5740396038808,773.3471866189715,3721.609931984785,1958.8043016504803,2306.08251971698,0.0,0.0,733.9757879559445,0.0,0.0,0.0,5186.235934821026,23.98183648217778,0.0,0.0,0.0,5.684341886080801e-13,0.0
2025-01-30 16:00:00+00:00,0,66.0,2997.6325152554227,999.9728128252717,1997.659702430151,0.0,999.9728128252717,468.2851963137284,531.6876165115433,2504.533806503982,856.1398724700648,143.83294035520692,0.0,1997.659702430151,0.0,0.0,1245.294359956458,389.1544874863931,0.0,0.0,0.0,143.83294035520692,47.94431345173564,2189.4369562370935,32.8415543435564,39.95319404860302,39.95319404860302,236.50231197704662,786.3490553559377,3783.981570611361,1245.294359956458,3317.02031325977,0.0,0.0,0.0,0.0,0.0,0.0,5186.235934821026,23.9792594672616,0.0,0.0,0.0,4.547473508864641e-13,0.0
2025-01-30 17:00:00+00:00,0,66.0,3075.8016826800604,1024.7524748276533,2051.0492078524053,0.0,1024.7524748276533,481.93072781186913,542.8217470157842,2504.533806503982,879.0210890796025,145.7313857480508,0.0,2051.0492078524053,0.0,0.0,1278.576129570331,399.5550404907284,0.0,0.0,0.0,145.7313857480508,48.5771285826836,2245.3577221831397,33.68036583274709,41.020984157048105,41.020984157048105,242.47489662786734,806.3293998481226,1000.888896516502,1278.576129570331,4904.21584858014,0.0,0.0,0.0,0.0,0.0,2881.242186011681,2149.1400020345436,23.97937637603324,0.0,0.0,0.0,0.0,0.0
2025-01-30 18:00:00+00:00,0,66.0,3077.4564119695037,1025.6508091739975,2051.8056027955054,0.0,1025.6508091739975,481.83551381295985,543.8152953610377,2504.533806503982,879.3452583409311,146.30555083306638,0.0,2051.8056027955054,0.0,0.0,1279.0476484958997,399.7023901549686,0.0,0.0,0.0,146.30555083306638,48.76851694435546,2246.8796705729274,33.703195058593906,41.03611205591011,41.03611205591011,242.6490058411424,806.8953321108805,2392.175786879532,1279.0476484958997,4617.13329813829,0.0,0.0,0.0,0.0,0.0,1492.1759572008518,576.2484372023363,23.979844108801224,0.0,0.0,0.0,-3.410605131648481e-13,0.0
2025-01-30 19:00:00+00:00,0,66.0,3045.685683823804,1015.1114254867676,2030.5742583370372,0.0,1015.1114254867678,477.7380783952315,537.3733470915362,2504.533806503982,870.2461107158733,144.86531477089432,1.4538647108485338e-12,2030.5742583370359,0.0,0.0,1265.812524677634,395.5664139617606,1.4538647108485338e-12,1.938486281131378e-12,4.846215702828445e-13,144.86531477089432,48.288438256964774,2223.728011364895,33.355920170473425,40.611485166740756,40.61148516674072,240.1827251459472,798.616467868628,3844.302151692432,1265.812524677636,4163.33402509174,0.0,0.0,0.0,0.0,0.0,0.0,576.2484372023363,23.978307397197163,0.0,0.0,0.0,-2.2737367544323206e-13,0.0
2025-01-30 20:00:00+00:00,0,66.0,3031.1384403045904,1010.2507675063596,2020.887672798232,0.0,1010.2507675063596,474.9467964690617,535.3039710372979,2504.533806503982,866.0947169135283,144.15605059283132,0.0,2020.887672798232,0.0,0.0,1259.7741336924048,393.6794167788765,0.0,0.0,0.0,144.15605059283132,48.05201686427711,2213.0957402553404,33.1964361038301,40.41775345596464,40.41775345596464,239.01605649045663,794.7794331493697,3825.9178734539587,1259.7741336924048,6901.52839467326,0.0,0.0,0.0,0.0,0.0,0.0,576.2484372023363,23.980020999230078,0.0,0.0,0.0,-1.3642420526593924e-12,0.0
2025-01-30 21:00:00+00:00,0,66.0,3015.393467425286,1005.0260795484091,2010.3673878768784,0.0,1005.0260795484091,470.2933376818549,534.7327418665543,2504.533806503982,861.5860233758053,143.44005617260382,0.0,2010.3673878768784,0.0,0.0,1253.2160340011715,391.6300106253661,0.0,0.0,0.0,143.44005617260382,47.81335205753461,2201.6207961070168,33.02431194160525,40.20734775753757,40.20734775753757,237.6741706053641,790.5565407449452,3805.9500081702313,1253.2160340011715,6614.99797636466,0.0,0.0,0.0,0.0,0.0,0.0,576.2484372023363,23.98242493896011,0.0,0.0,0.0,1.1368683772161603e-13,0.0
2025-01-30 22:00:00+00:00,0,66.0,3021.374179872461,1007.4186244421331,2013.9555554303265,0.0,1007.4186244421331,470.2749606859311,537.143663756202,2504.533806503982,863.1238094701403,144.29481497199288,0.0,2013.9555554303265,0.0,0.0,1255.4528137747495,392.3290043046092,0.0,0.0,0.0,144.29481497199288,48.09827165733096,2206.3486420596505,33.09522963089476,40.27911110860653,40.27911110860653,238.18722334744334,792.2679511574914,3813.6421310299525,1255.4528137747495,5528.11770962516,0.0,0.0,0.0,0.0,0.0,0.0,576.2484372023363,23.982159419937016,0.0,0.0,0.0,1.1368683772161603e-13,0.0
2025-01-30 23:00:00+00:00,0,66.0,3013.492745343617,1003.9693024153822,2009.523442928233,0.0,1003.9693024153821,468.82679217180674,535.1425102435754,2504.533806503982,861.2243326835286,142.74496973185364,0.0,2009.523442928233,0.0,0.0,1252.689938448769,391.4656057652403,0.0,0.0,0.0,142.74496973185364,47.58165657728455,2199.850069237371,32.997751038560565,40.19046885856466,40.19046885856466,237.37972814497496,789.8056792431896,3803.298424586806,1252.689938448769,2948.83793503903,0.0,0.0,0.0,0.0,0.0,0.0,576.2484372023363,23.98162890289552,0.0,0.0,0.0,-6.821210263296962e-13,0.0
2025-03-23 00:00:00+00:00,1,1.0,3047.0827957348697,1015.5561721027584,2031.5266236321106,0.0,1015.5561721027585,471.85338776583603,543.7027843369225,2504.533806503982,0.0,1015.5561721027584,0.0,2031.5266236321106,0.0,0.0,0.0,0.0,0.0,0.0,0.0,1015.5561721027584,338.5187240342528,3385.6015197691218,50.784022796536824,40.630532472642216,40.630532472642216,239.99320499940708,710.5570167754812,3757.6398125103506,0.0,0.0,0.0,0.0,0.0,0.0,0.0,0.0,576.2484372023363,23.98262756902326,0.0,0.0,0.0,-3.410605131648481e-13,0.0
2025-03-23 01:00:00+00:00,1,1.0,3689.539622469024,1230.2184429845581,2459.321179484465,0.0,1230.2184429845581,572.9628257828193,657.2556172017388,2504.533806503982,0.0,1230.2184429845581,0.0,2459.321179484465,0.0,0.0,0.0,0.0,0.0,0.0,0.0,1230.2184429845581,410.07281432818604,4099.61243679721,61.494186551958144,49.186423589689305,49.186423589689305,290.794590148361,860.7344382078838,4550.2740606769075,0.0,0.0,0.0,0.0,0.0,0.0,0.0,0.0,576.2484372023363,23.980333953218874,0.0,0.0,0.0,-2.2737367544323206e-13,0.0
2025-03-23 02:00:00+00:00,1,1.0,4766.883972927061,1589.7590116657059,3177.124961261359,0.0,1589.7590116657057,739.5835637999957,850.1754478657101,2504.533806503982,0.0,1589.7590116657059,0.0,3177.124961261359,0.0,0.0,0.0,0.0,0.0,0.0,0.0,1589.7590116657059,529.9196705552353,5296.803643482301,79.45205465223451,63.54249922522718,63.54249922522718,375.7349533373461,1112.1916769952702,5879.075649922332,0.0,0.0,0.0,0.0,0.0,0.0,0.0,0.0,576.2484372023363,23.973751268359322,0.0,0.0,0.0,2.2737367544323206e-13,0.0
2025-03-23 03:00:00+00:00,1,1.0,5065.620620082867,1688.7722082725272,3376.8484118103383,0.0,1688.7722082725272,786.7661219801378,902.0060862923895,2504.533806503982,0.0,1688.7722082725272,0.0,3376.8484118103383,0.0,0.0,0.0,0.0,0.0,0.0,0.0,1688.7722082725272,562.9240694241757,5628.544689507042,84.42817034260563,67.53696823620677,67.53696823620677,399.1993771499697,1181.6255533891647,6247.246173472034,0.0,0.0,0.0,0.0,0.0,0.0,0.0,0.0,576.2484372023363,23.973724972138882,0.0,0.0,0.0,1.5916157281026244e-12,0.0
2025-03-23 04:00:00+00:00,1,1.0,4612.233252327111,1536.866325932095,3075.366926395017,0.0,1536.866325932095,715.7554830573599,821.110842874735,2504.533806503982,0.0,1536.866325932095,0.0,3075.366926395017,0.0,0.0,0.0,0.0,0.0,0.0,0.0,1536.866325932095,512.2887753106983,5124.5220276378095,76.86783041456714,61.50733852790034,61.50733852790034,363.2653717787196,1075.4366545597857,5687.669906886896,0.0,0.0,0.0,0.0,0.0,0.0,0.0,0.0,576.2484372023363,23.975845195950207,0.0,0.0,0.0,-6.821210263296962e-13,0.0
2025-03-23 05:00:00+00:00,1,1.0,4918.4003314097545,1639.4425155062718,3278.9578159034813,0.0,1639.4425155062718,763.8700907423628,875.5724247639091,2504.533806503982,0.0,1639.4425155062718,0.0,3278.9578159034813,0.0,0.0,0.0,0.0,0.0,0.0,0.0,1639.4425155062718,546.4808385020906,5464.881169911843,81.97321754867765,65.57915631806962,65.57915631806962,387.5381501427368,1147.1505188296444,6065.550850239398,0.0,0.0,0.0,0.0,0.0,0.0,0.0,0.0,576.2484372023363,23.97493918286518,0.0,0.0,0.0,-1.1368683772161603e-12,0.0
2025-03-23 06:00:00+00:00,1,1.0,4640.041575661417,1546.1727715730324,3093.8688040883826,0.0,1546.1727715730324,720.1730656716404,825.999705901392,2504.533806503982,0.0,1546.1727715730324,0.0,3093.8688040883826,0.0,0.0,0.0,0.0,0.0,0.0,0.0,1546.1727715730324,515.3909238576774,5155.432499519093,77.3314874927864,61.87737608176765,61.87737608176765,365.46779113051605,1081.9449546445153,5721.986530305931,0.0,0.0,0.0,0.0,0.0,0.0,0.0,0.0,576.2484372023363,23.975552344852524,0.0,0.0,0.0,-4.547473508864641e-13,0.0
2025-03-23 07:00:00+00:00,1,1.0,4423.780537253034,1474.9149104866087,2948.865626766428,0.0,1474.9149104866087,686.5176664265158,788.3972440600929,2504.533806503982,0.0,1474.9149104866087,0.0,2948.865626766428,0.0,0.0,0.0,0.0,0.0,0.0,0.0,1474.9149104866087,491.63830349553626,4915.418840748573,73.7312826112286,58.97731253532856,58.97731253532856,348.5951787983367,1031.9193899757586,5455.699927228792,0.0,0.0,0.0,0.0,0.0,0.0,0.0,0.0,576.2484372023363,23.975680948735288,0.0,0.0,0.0,-2.2737367544323206e-13,0.0
2025-03-23 08:00:00+00:00,1,1.0,2525.460535255602,841.628904699465,1683.831630556137,0.0,841.628904699465,393.3319950585697,448.2969096408953,2504.533806503982,0.0,841.628904699465,0.0,1683.831630556137,0.0,0.0,0.0,0.0,0.0,0.0,0.0,841.628904699465,280.542968233155,2806.003503488757,42.09005255233135,33.67663261112274,33.67663261112274,198.98708165689283,588.9733676646247,3114.4339029202265,0.0,0.0,0.0,0.0,0.0,0.0,0.0,0.0,576.2484372023363,23.984594560506977,0.0,0.0,0.0,0.0,0.0
2025-03-23 09:00:00+00:00,1,1.0,4083.5344389885936,1362.7952752274628,2720.7391637611295,0.0,1362.7952752274628,636.9571904672979,725.8380847601649,2504.533806503982,0.0,1362.7952752274628,0.0,2720.7391637611295,0.0,0.0,0.0,0.0,0.0,0.0,0.0,1362.7952752274628,454.2650917424876,4537.799530731079,68.06699296096619,54.41478327522259,54.41478327522259,322.22896133544975,953.3906125893487,5036.925051577941,0.0,0.0,0.0,0.0,0.0,0.0,0.0,0.0,576.2484372023363,23.977349331411865,0.0,0.0,0.0,-1.0231815394945443e-12,0.0
2025-03-23 10:00:00+00:00,1,1.0,2599.533019262855,868.2857953915913,1731.247223871265,0.0,868.2857953915913,406.28644774158585,461.9993476500054,2504.533806503982,0.0,868.2857953915913,0.0,1731.247223871265,0.0,0.0,0.0,0.0,0.0,0.0,0.0,868.2857953915913,289.42859846386375,2888.96161772672,43.33442426590079,34.6249444774253,34.6249444774253,205.2934565110359,607.306368195651,3206.839387458506,0.0,0.0,0.0,0.0,0.0,0.0,0.0,0.0,576.2484372023363,23.98194767484222,0.0,0.0,0.0,0.0,0.0
2025-03-23 11:00:00+00:00,1,1.0,2678.3055703265177,893.9934639695844,1784.3121063569333,0.0,893.9934639695844,416.2166129691634,477.776851000421,2504.533806503982,0.0,893.9934639695844,0.0,1784.3121063569333,0.0,0.0,0.0,0.0,0.0,0.0,0.0,893.9934639695844,297.9978213231948,2976.3033916497125,44.64455087474568,35.68624212713867,35.68624212713867,211.28752586137355,625.3023823135914,3303.6079526401086,0.0,0.0,0.0,0.0,0.0,0.0,0.0,0.0,576.2484372023363,23.984134706040102,0.0,0.0,0.0,-4.547473508864641e-13,0.0
2025-03-23 12:00:00+00:00,1,1.0,3707.387082912041,1236.6404045369109,2470.746678375129,0.0,1236.6404045369109,578.4028982062019,658.2375063307088,2504.533806503982,0.0,1236.6404045369109,0.0,2470.746678375129,0.0,0.0,0.0,0.0,0.0,0.0,0.0,1236.6404045369109,412.2134681789703,4119.60055109101,61.79400826636515,49.41493356750258,49.41493356750258,292.3933273689195,865.23067094926,4572.617753861301,0.0,0.0,0.0,0.0,0.0,0.0,0.0,0.0,576.2484372023363,23.98014514148675,0.0,0.0,0.0,0.0,0.0
2025-03-23 13:00:00+00:00,1,1.0,4774.338456629509,1592.405378084111,3181.933078545395,0.0,1592.405378084111,743.5839703059129,848.8214077781979,2504.533806503982,0.0,1592.405378084111,0.0,3181.933078545395,0.0,0.0,0.0,0.0,0.0,0.0,0.0,1592.405378084111,530.8017926947036,5305.140249324209,79.57710373986313,63.6386615709079,63.6386615709079,376.45839073581453,1114.1146103121969,8769.695252953388,0.0,0.0,0.0,0.0,0.0,0.0,2881.242186011681,0.0,3309.6347767101697,23.97494739447084,0.0,0.0,0.0,1.3642420526593924e-12,0.0
2025-03-23 14:00:00+00:00,1,1.0,2979.168721184503,991.073340941286,1988.0953802432189,0.0,991.073340941286,461.67466094657857,529.3986799947074,2504.533806503982,0.0,991.073340941286,0.0,1988.0953802432189,0.0,0.0,0.0,0.0,0.0,0.0,0.0,991.073340941286,330.357780313762,3309.526501498267,49.642897522474,39.761907604864376,39.761907604864376,234.20518615304226,693.7296791990071,5651.009706830198,0.0,0.0,0.0,0.0,0.0,0.0,1978.1113064466895,0.0,5186.235934821026,23.98334995483704,0.0,0.0,0.0,-9.094947017729282e-13,0.0
2025-03-23 15:00:00+00:00,1,1.0,2661.2908495157944,884.133010714854,1777.157838800938,0.0,884.133010714854,409.38100749633435,474.75200321851963,2504.533806503982,0.0,884.133010714854,0.0,1777.157838800938,0.0,0.0,0.0,0.0,0.0,0.0,0.0,884.133010714854,294.711003571618,2956.00185308741,44.34002779631115,35.54315677601876,35.54315677601876,208.83435364933914,618.9716985693058,3280.2625480850998,0.0,0.0,0.0,0.0,0.0,0.0,0.0,0.0,5186.235934821026,23.988757686846576,0.0,0.0,0.0,-4.547473508864641e-13,0.0
2025-03-23 16:00:00+00:00,1,1.0,2571.9426533617698,854.9992278063138,1716.943425555454,0.0,854.9992278063137,396.60939067929166,458.3898371270221,2504.533806503982,0.0,854.9992278063138,0.0,1716.943425555454,0.0,0.0,0.0,0.0,0.0,0.0,0.0,854.9992278063138,284.9997426021046,2856.9423959638725,42.85413593945809,34.338868511109084,34.338868511109084,201.9970204758622,598.5286360396431,3170.471289401412,0.0,0.0,0.0,0.0,0.0,0.0,0.0,0.0,5186.235934821026,23.989113725212487,0.0,0.0,0.0,-9.094947017729282e-13,0.0
2025-03-23 17:00:00+00:00,1,1.0,2694.2734470521896,896.0392759440566,1798.2341711081338,0.0,896.0392759440566,414.52205633323115,481.51721961082546,2504.533806503982,0.0,896.0392759440566,0.0,1798.2341711081338,0.0,0.0,0.0,0.0,0.0,0.0,0.0,896.0392759440566,298.6797586480189,2992.9532057002093,44.89429808550314,35.96468342216268,35.96468342216268,211.65931495948337,627.1627385373308,3321.43618558952,0.0,0.0,0.0,0.0,0.0,0.0,0.0,0.0,5186.235934821026,23.990098552700886,0.0,0.0,0.0,-4.547473508864641e-13,0.0
2025-03-23 18:00:00+00:00,1,1.0,4148.013061258572,1383.0418496698617,2764.971211588711,0.0,1383.0418496698617,643.1512374846716,739.8906121851901,2504.533806503982,0.0,1383.0418496698617,0.0,2764.971211588711,0.0,0.0,0.0,0.0,0.0,0.0,0.0,1383.0418496698617,461.0139498899539,4609.027011148526,69.13540516722789,55.29942423177422,55.29942423177422,326.8768693730009,967.625072893731,3623.4621769514515,0.0,0.0,0.0,0.0,0.0,0.0,0.0,1492.1759572008518,3613.3443699888185,23.983615754533552,0.0,0.0,0.0,1.1368683772161603e-13,0.0
2025-03-23 19:00:00+00:00,1,1.0,4286.388019597032,1428.3297219487174,2858.058297648314,0.0,1428.3297219487174,666.6080989876845,761.721622961033,2504.533806503982,0.0,1428.3297219487174,0.0,2858.058297648314,0.0,0.0,0.0,0.0,0.0,0.0,0.0,1428.3297219487174,476.1099073162391,4762.49792691327,71.43746890369904,57.16116595296628,57.16116595296628,337.68619998763666,999.5559081135074,2404.7017416988588,0.0,0.0,0.0,0.0,0.0,0.0,0.0,2881.242186011681,576.2484372023363,23.98268514250139,0.0,0.0,0.0,-3.410605131648481e-13,0.0
2025-03-23 20:00:00+00:00,1,1.0,3276.2455494626297,1091.7869152993817,2184.4586341632457,0.0,1091.7869152993817,508.08716307607574,583.699752223306,2504.533806503982,0.0,1091.7869152993817,0.0,2184.4586341632457,0.0,0.0,0.0,0.0,0.0,0.0,0.0,1091.7869152993817,363.92897176646056,3640.174521229088,54.602617818436315,43.689172683264914,43.689172683264914,258.0595179642349,763.9694529156616,4040.2150023782915,0.0,0.0,0.0,0.0,0.0,0.0,0.0,0.0,576.2484372023363,23.98794051865972,0.0,0.0,0.0,2.2737367544323206e-13,0.0
2025-03-23 21:00:00+00:00,1,1.0,3539.052929292931,1180.3964858354766,2358.656443457456,0.0,1180.3964858354766,548.8114263071868,631.5850595282898,2504.533806503982,0.0,1180.3964858354766,0.0,2358.656443457456,0.0,0.0,0.0,0.0,0.0,0.0,0.0,1180.3964858354766,393.4654952784922,3932.518424571425,58.987776368571375,47.173128869149124,47.173128869149124,278.99228632851054,825.7918157138723,4364.844745006802,0.0,0.0,0.0,0.0,0.0,0.0,0.0,0.0,576.2484372023363,23.98639507601976,0.0,0.0,0.0,-7.958078640513122e-13,0.0
2025-03-23 22:00:00+00:00,1,1.0,4426.837872567179,1476.9763574036956,2949.861515163483,0.0,1476.9763574036956,685.4770552019436,791.4993022017519,2504.533806503982,0.0,1476.9763574036956,0.0,2949.861515163483,0.0,0.0,0.0,0.0,0.0,0.0,0.0,1476.9763574036956,492.3254524678985,4919.163325035077,73.78744987552615,58.99723030326966,58.99723030326966,349.0414654299337,1033.1488283798979,5459.986700947077,0.0,0.0,0.0,0.0,0.0,0.0,0.0,0.0,576.2484372023363,23.982067117141302,0.0,0.0,0.0,2.2737367544323206e-13,0.0
2025-03-23 23:00:00+00:00,1,1.0,4604.1904827817725,1536.349489244955,3067.840993536818,0.0,1536.349489244955,714.3702082098448,821.9792810351103,2504.533806503982,0.0,1536.349489244955,0.0,3067.840993536818,0.0,0.0,0.0,0.0,0.0,0.0,0.0,1536.349489244955,512.116496414985,5116.306979196758,76.74460468795137,61.356819870736366,61.356819870736366,363.12204481325546,1074.6967856576643,5678.8872684394355,0.0,0.0,0.0,0.0,0.0,0.0,0.0,0.0,576.2484372023363,23.98006372250961,0.0,0.0,0.0,-1.3642420526593924e-12,0.0
2025-04-16 00:00:00+00:00,2,52.0,3239.1537593227,1079.8819389052014,2159.271820417497,0.0,1079.8819389052014,501.97287188686846,577.9090670183328,2504.533806503982,0.0,1079.8819389052014,0.0,2159.271820417497,0.0,0.0,0.0,0.0,0.0,0.0,0.0,1079.8819389052014,359.9606463017338,3599.114405624432,53.98671608436648,43.18543640834994,43.18543640834994,255.16114205615966,755.4793772589597,3994.6331365816595,0.0,0.0,0.0,0.0,0.0,0.0,0.0,0.0,3309.6347767101697,23.979947489521834,0.0,0.0,0.0,-1.1368683772161603e-13,0.0
2025-04-16 01:00:00+00:00,2,52.0,3205.933997984104,1069.3845895674106,2136.5494084166917,0.0,1069.3845895674106,497.2164109573277,572.1681786100829,2504.533806503982,0.0,1069.3845895674106,0.0,2136.5494084166917,0.0,0.0,0.0,0.0,0.0,0.0,0.0,1069.3845895674106,356.4615298558035,3562.3955278399058,53.435932917598585,42.73098816833384,42.73098816833384,252.6701471123983,748.0295862224681,5932.07489065326,0.0,0.0,0.0,0.0,0.0,0.0,1978.1113064466895,0.0,5186.235934821026,23.977705636242984,0.0,0.0,0.0,-1.3642420526593924e-12,0.0
2025-04-16 02:00:00+00:00,2,52.0,3103.7730949721554,1034.8452108827414,2068.9278840894144,0.0,1034.8452108827414,481.6771781185159,553.1680327642255,2504.533806503982,0.0,1034.8452108827414,0.0,2068.9278840894144,0.0,0.0,0.0,0.0,0.0,0.0,0.0,1034.8452108827414,344.9484036275805,3448.721498599736,51.73082247899604,41.37855768178829,41.37855768178829,244.5369970609373,723.9733385310903,3827.746433503245,0.0,0.0,0.0,0.0,0.0,0.0,0.0,0.0,5186.235934821026,23.9807791646776,0.0,0.0,0.0,-6.821210263296962e-13,0.0
2025-04-16 03:00:00+00:00,2,52.0,3024.2111732183216,1007.7888361337268,2016.4223370845973,0.0,1007.7888361337268,468.7643559292391,539.0244802044876,2504.533806503982,0.0,1007.7888361337268,0.0,2016.4223370845973,0.0,0.0,0.0,0.0,0.0,0.0,0.0,1007.7888361337268,335.9296120445756,3360.1407852629,50.4021117789435,40.32844674169195,40.32844674169195,238.12465983161513,705.1132771385181,3729.32445035684,0.0,0.0,0.0,0.0,0.0,0.0,0.0,0.0,5186.235934821026,23.98240503532304,0.0,0.0,0.0,1.1368683772161603e-13,0.0
2025-04-16 04:00:00+00:00,2,52.0,2954.7414648134127,984.6673308554905,1970.0741339579208,0.0,984.6673308554905,458.03106994902896,526.6362609064615,2504.533806503982,0.0,984.6673308554905,0.0,1970.0741339579208,0.0,0.0,0.0,0.0,0.0,0.0,0.0,984.6673308554905,328.2224436184968,3282.963908431908,49.24445862647862,39.40148267915842,39.40148267915842,232.6635989287211,688.9334665320133,3643.674931345426,0.0,0.0,0.0,0.0,0.0,0.0,0.0,0.0,5186.235934821026,23.98417002653964,0.0,0.0,0.0,1.1368683772161603e-13,0.0
2025-04-16 05:00:00+00:00,2,52.0,2962.1748147568196,988.4072733825341,1973.7675413742859,0.0,988.4072733825342,459.86684294725785,528.5404304352763,2504.533806503982,0.0,988.4072733825341,0.0,1973.7675413742859,0.0,0.0,0.0,0.0,0.0,0.0,0.0,988.4072733825341,329.4690911275114,3291.6439058843316,49.37465858826497,39.47535082748572,39.47535082748572,233.5661209776896,691.3605723484375,3653.535387105257,0.0,0.0,0.0,0.0,0.0,0.0,0.0,0.0,5186.235934821026,23.982653705881372,0.0,0.0,0.0,0.0,0.0
2025-04-16 06:00:00+00:00,2,52.0,2982.5662695347764,995.5137608136067,1987.0525087211706,0.0,995.5137608136067,461.42665675396586,534.0871040596409,2504.533806503982,0.0,995.5137608136067,0.0,1987.0525087211706,0.0,0.0,0.0,0.0,0.0,0.0,0.0,995.5137608136067,331.8379202712022,3314.4041898059795,49.71606284708969,39.741050174423414,39.741050174423414,235.1887414769843,696.224824944123,797.5489084672186,0.0,0.0,0.0,0.0,0.0,0.0,0.0,2881.242186011681,2149.1400020345436,23.98384874429282,0.0,0.0,0.0,1.1368683772161603e-13,0.0
2025-04-16 07:00:00+00:00,2,52.0,3122.616889788706,1041.2286389703154,2081.3882508183915,0.0,1041.2286389703154,480.2736145176662,560.9550244526491,2504.533806503982,0.0,1041.2286389703154,0.0,2081.3882508183915,0.0,0.0,0.0,0.0,0.0,0.0,0.0,1041.2286389703154,347.07621299010515,3469.6931027788123,52.04539654168218,41.62776501636783,41.62776501636783,245.89913574961406,728.2762753141371,2358.717207901991,0.0,0.0,0.0,0.0,0.0,0.0,0.0,1492.1759572008518,576.2484372023363,23.98730887385924,0.0,0.0,0.0,-2.2737367544323206e-13,0.0
2025-04-16 08:00:00+00:00,2,52.0,3162.8174339193406,1054.0420651261488,2108.7753687931927,0.0,1054.0420651261488,486.08131506415134,567.9607500619975,2504.533806503982,0.0,1054.0420651261488,0.0,2108.7753687931927,0.0,0.0,0.0,0.0,0.0,0.0,0.0,1054.0420651261488,351.3473550420496,3514.1647889613914,52.71247183442087,42.17550737586385,42.17550737586385,248.903889932513,737.3147315607112,3900.1321654800518,0.0,0.0,0.0,0.0,0.0,0.0,0.0,0.0,576.2484372023363,23.986747113477534,0.0,0.0,0.0,0.0,0.0
2025-04-16 09:00:00+00:00,2,52.0,3192.3010943847667,1065.7246599035564,2126.5764344812105,0.0,1065.7246599035566,495.9838490784466,569.7408108251099,2504.533806503982,0.0,1065.7246599035564,0.0,2126.5764344812105,0.0,0.0,0.0,0.0,0.0,0.0,0.0,1065.7246599035564,355.24155330118543,3547.542647685952,53.21313971528928,42.53152868962421,42.53152868962421,251.8802376134818,745.3979880092049,3937.699082393972,0.0,0.0,0.0,0.0,0.0,0.0,0.0,0.0,576.2484372023363,23.983747433122062,0.0,0.0,0.0,2.2737367544323206e-13,0.0
2025-04-16 10:00:00+00:00,2,52.0,3113.8284834599995,1038.2816768733762,2075.5468065866235,0.0,1038.2816768733762,485.45345061670145,552.8282262566747,2504.533806503982,0.0,1038.2816768733762,0.0,2075.5468065866235,0.0,0.0,0.0,0.0,0.0,0.0,0.0,1038.2816768733762,346.0938922911254,3459.9223757511254,51.89883563626688,41.51093613173247,41.51093613173247,245.4975904970633,726.5121906879206,3840.34067414792,0.0,0.0,0.0,0.0,0.0,0.0,0.0,0.0,576.2484372023363,23.98488276858488,0.0,0.0,0.0,-2.2737367544323206e-13,0.0
2025-04-16 11:00:00+00:00,2,52.0,3059.565289610999,1019.6891871592358,2039.8761024517646,0.0,1019.6891871592356,477.6123871477477,542.076800011488,2504.533806503982,0.0,1019.6891871592358,0.0,2039.8761024517646,0.0,0.0,0.0,0.0,0.0,0.0,0.0,1019.6891871592358,339.89639571974527,3399.4616853307457,50.99192527996119,40.797522049035294,40.797522049035294,241.1375765297794,713.6209416275565,5751.297537685245,0.0,0.0,0.0,0.0,0.0,0.0,1978.1113064466895,0.0,2452.8495953131924,23.986097105102044,0.0,0.0,0.0,-4.547473508864641e-13,0.0
2025-04-16 12:00:00+00:00,2,52.0,3268.7853368005876,1089.974689852827,2178.81064694776,0.0,1089.974689852827,510.304703872691,579.669985980136,2504.533806503982,0.0,1089.974689852827,0.0,2178.81064694776,0.0,0.0,0.0,0.0,0.0,0.0,0.0,1089.974689852827,363.324896617609,3632.110233418196,54.48165350127294,43.576212938955194,43.576212938955194,257.7292199138739,762.6881959106663,6912.715718722934,0.0,0.0,0.0,0.0,0.0,0.0,2881.242186011681,0.0,5186.235934821026,23.98022178338006,0.0,0.0,0.0,-9.094947017729282e-13,0.0
2025-04-16 13:00:00+00:00,2,52.0,3229.829248924678,1077.2101378698824,2152.619111054793,0.0,1077.2101378698824,504.0622038649513,573.147934004931,2504.533806503982,0.0,1077.2101378698824,0.0,2152.619111054793,0.0,0.0,0.0,0.0,0.0,0.0,0.0,1077.2101378698824,359.07004595662744,3588.899294881303,53.83348942321954,43.05238222109586,43.05238222109586,254.70755055194667,753.7158503739854,3983.5450992986625,0.0,0.0,0.0,0.0,0.0,0.0,0.0,0.0,5186.235934821026,23.981673967535944,0.0,0.0,0.0,-6.821210263296962e-13,0.0
2025-04-16 14:00:00+00:00,2,52.0,3166.463171222306,1057.2340624660576,2109.229108756248,0.0,1057.2340624660576,494.9936988315029,562.2403636345547,2504.533806503982,0.0,1057.2340624660576,0.0,2109.229108756248,0.0,0.0,0.0,0.0,0.0,0.0,0.0,1057.2340624660576,352.4113541553525,3518.874525377658,52.78311788066487,42.18458217512496,42.18458217512496,250.0090709896663,739.5727073759335,3906.0358785982394,0.0,0.0,0.0,0.0,0.0,0.0,0.0,0.0,5186.235934821026,23.98377377062634,0.0,0.0,0.0,0.0,0.0
2025-04-16 15:00:00+00:00,2,52.0,3130.6983092546166,1045.054162937759,2085.6441463168553,0.0,1045.054162937759,490.7732408861257,554.2809220516332,2504.533806503982,0.0,1045.054162937759,0.0,2085.6441463168553,0.0,0.0,0.0,0.0,0.0,0.0,0.0,1045.054162937759,348.35138764591966,3479.049696900534,52.185745453508005,41.71288292633711,41.71288292633711,247.1981524533125,731.1610514054144,3861.8593606600307,0.0,0.0,0.0,0.0,0.0,0.0,0.0,0.0,5186.235934821026,23.9830926116375,0.0,0.0,0.0,-2.2737367544323206e-13,0.0
2025-04-16 16:00:00+00:00,2,52.0,3146.8534829328705,1050.3782364317756,2096.475246501094,0.0,1050.3782364317756,493.1939816816295,557.1842547501461,2504.533806503982,0.0,1050.3782364317756,0.0,2096.475246501094,0.0,0.0,0.0,0.0,0.0,0.0,0.0,1050.3782364317756,350.1260788105919,3496.979561743461,52.45469342615191,41.92950493002188,41.92950493002188,248.45989605047066,734.8996781472582,3881.7531610801284,0.0,0.0,0.0,0.0,0.0,0.0,0.0,0.0,5186.235934821026,23.983585641581655,0.0,0.0,0.0,-3.410605131648481e-13,0.0
2025-04-16 17:00:00+00:00,2,52.0,3115.8346999118326,1038.995529020896,2076.839170890937,0.0,1038.995529020896,487.8879919713119,551.107537049584,2504.533806503982,0.0,1038.995529020896,0.0,2076.839170890937,0.0,0.0,0.0,0.0,0.0,0.0,0.0,1038.995529020896,346.3318430069653,3462.1665429187983,51.93249814378197,41.53678341781875,41.53678341781875,245.77076140208587,727.1086693884706,3842.943369300303,0.0,0.0,0.0,0.0,0.0,0.0,0.0,0.0,5186.235934821026,23.98504758287827,0.0,0.0,0.0,-2.2737367544323206e-13,0.0
2025-04-16 18:00:00+00:00,2,52.0,3107.6242572658634,1037.3663089174736,2070.25794834839,0.0,1037.3663089174736,486.79555075193986,550.5707581655338,2504.533806503982,0.0,1037.3663089174736,0.0,2070.25794834839,0.0,0.0,0.0,0.0,0.0,0.0,0.0,1037.3663089174736,345.78876963915786,3453.4130269050215,51.80119540357532,41.405158966967804,41.405158966967804,245.3785717177235,725.7788546943923,952.1609259485749,0.0,0.0,0.0,0.0,0.0,0.0,0.0,2881.242186011681,2149.1400020345436,23.985106081064604,0.0,0.0,0.0,2.2737367544323206e-13,0.0
2025-04-16 19:00:00+00:00,2,52.0,3156.1381682879146,1053.5960925718368,2102.542075716078,0.0,1053.5960925718368,492.88440439281885,560.711688179018,2504.533806503982,0.0,1053.5960925718368,0.0,2102.542075716078,0.0,0.0,0.0,0.0,0.0,0.0,0.0,1053.5960925718368,351.1986975239456,3507.3368658118607,52.61005298717791,42.05084151432157,42.05084151432157,249.13292578433257,737.0433593240992,2401.0055704111624,0.0,0.0,0.0,0.0,0.0,0.0,0.0,1492.1759572008518,576.2484372023363,23.984451926006805,0.0,0.0,0.0,3.410605131648481e-13,0.0
2025-04-16 20:00:00+00:00,2,52.0,3134.47372620738,1046.4866503889239,2087.9870758184543,0.0,1046.4866503889239,491.0588426968616,555.4278076920622,2504.533806503982,0.0,1046.4866503889239,0.0,2087.9870758184543,0.0,0.0,0.0,0.0,0.0,0.0,0.0,1046.4866503889239,348.8288834629746,3483.3026096703525,52.24953914505529,41.75974151636909,41.75974151636909,247.50194683423166,732.0998524749998,3866.5735786823793,0.0,0.0,0.0,0.0,0.0,0.0,0.0,0.0,576.2484372023363,23.984561482767678,0.0,0.0,0.0,-4.547473508864641e-13,0.0
2025-04-16 21:00:00+00:00,2,52.0,3219.440747141053,1074.2466140591598,2145.1941330818927,0.0,1074.24661405916,502.34780956511975,571.8988044940402,2504.533806503982,0.0,1074.2466140591598,0.0,2145.1941330818927,0.0,0.0,0.0,0.0,0.0,0.0,0.0,1074.2466140591598,358.0822046863866,3577.522951827439,53.66284427741159,42.90388266163785,42.90388266163785,254.00236284267245,751.5551771297463,3970.9959242707996,0.0,0.0,0.0,0.0,0.0,0.0,0.0,0.0,576.2484372023363,23.98562350280183,0.0,0.0,0.0,1.1368683772161603e-13,0.0
2025-04-16 22:00:00+00:00,2,52.0,3205.571780563216,1070.3524121207695,2135.2193684424474,0.0,1070.3524121207693,500.7397047756848,569.6127073450846,2504.533806503982,0.0,1070.3524121207695,0.0,2135.2193684424474,0.0,0.0,0.0,0.0,0.0,0.0,0.0,1070.3524121207695,356.78413737358983,3562.3559179368067,53.4353387690521,42.70438736884895,42.70438736884895,253.0729962197594,748.7012471000992,3954.273027663315,0.0,0.0,0.0,0.0,0.0,0.0,0.0,0.0,576.2484372023363,23.98277420085808,0.0,0.0,0.0,-2.2737367544323206e-13,0.0
2025-04-16 23:00:00+00:00,2,52.0,3116.379732225525,1040.908595943392,2075.471136282134,0.0,1040.908595943392,488.00185542213364,552.9067405212584,2504.533806503982,0.0,1040.908595943392,0.0,2075.471136282134,0.0,0.0,0.0,0.0,0.0,0.0,0.0,1040.908595943392,346.9695319811306,3463.3492642066567,51.95023896309985,41.50942272564268,41.50942272564268,246.16419853700668,728.1028149325225,6725.724733169729,0.0,0.0,0.0,0.0,0.0,0.0,2881.242186011681,0.0,3309.6347767101697,23.981827878854862,0.0,0.0,0.0,4.547473508864641e-13,0.0
2025-05-10 00:00:00+00:00,3,36.0,2845.180114523788,954.4819017406463,1890.6982127831393,0.0,954.4819017406463,440.3307877545925,514.1511139860538,2504.533806503982,0.0,954.4819017406463,0.0,1890.6982127831393,0.0,0.0,0.0,0.0,0.0,0.0,0.0,954.4819017406463,318.1606339135488,3163.3407484373347,47.45011122656002,37.81396425566279,37.81396425566279,225.5483984647931,666.7870721162275,3511.967186640015,0.0,0.0,0.0,0.0,0.0,0.0,0.0,0.0,576.2484372023363,23.996964489686196,0.0,0.0,0.0,-3.410605131648481e-13,0.0
2025-05-10 01:00:00+00:00,3,36.0,2851.6844749140664,956.8316236676878,1894.8528512463804,0.0,956.8316236676878,441.1631717545379,515.66845191315,2504.533806503982,0.0,956.8316236676878,0.0,1894.8528512463804,0.0,0.0,0.0,0.0,0.0,0.0,0.0,956.8316236676878,318.94387455589595,3170.628349469964,47.559425242049464,37.89705702492761,37.89705702492761,226.08665290892773,668.3840667567284,3520.0685416707947,0.0,0.0,0.0,0.0,0.0,0.0,0.0,0.0,576.2484372023363,23.996798466255097,0.0,0.0,0.0,-1.1368683772161603e-13,0.0
2025-05-10 02:00:00+00:00,3,36.0,2805.0132069112033,942.8593190160443,1862.1538878951565,0.0,942.8593190160443,434.68466390239865,508.17465511364566,2504.533806503982,0.0,942.8593190160443,0.0,1862.1538878951565,0.0,0.0,0.0,0.0,0.0,0.0,0.0,942.8593190160443,314.28643967201475,3119.2996465832157,46.789494698748236,37.24307775790313,37.24307775790313,222.78806213563863,658.3501520222078,5441.4746653801,0.0,0.0,0.0,0.0,0.0,0.0,1978.1113064466895,0.0,2452.8495953131924,23.996603971316965,0.0,0.0,0.0,-2.2737367544323206e-13,0.0
2025-05-10 03:00:00+00:00,3,36.0,2798.3027511067385,939.4779230491707,1858.824828057566,0.0,939.4779230491706,434.14971328571903,505.32820976345164,2504.533806503982,0.0,939.4779230491707,0.0,1858.824828057566,0.0,0.0,0.0,0.0,0.0,0.0,0.0,939.4779230491707,313.1593076830569,3111.4620587897934,46.6719308818469,37.176496561151325,37.176496561151325,222.01995118187693,656.2041828690834,3454.506933975822,0.0,0.0,0.0,0.0,0.0,0.0,0.0,0.0,2452.8495953131924,23.995236518196275,0.0,0.0,0.0,1.1368683772161603e-13,0.0
2025-05-10 04:00:00+00:00,3,36.0,2749.9230817662174,922.7876280646318,1827.1354537015845,0.0,922.7876280646318,426.76178263487236,496.02584542975944,2504.533806503982,0.0,922.7876280646318,0.0,1827.1354537015845,0.0,0.0,0.0,0.0,0.0,0.0,0.0,922.7876280646318,307.5958760215439,3057.51895778776,45.8627843668164,36.54270907403169,36.54270907403169,218.0735573864751,644.6176359228988,3394.5407176891163,0.0,0.0,0.0,0.0,0.0,0.0,0.0,0.0,2452.8495953131924,23.993482160714827,0.0,0.0,0.0,1.1368683772161603e-13,0.0
2025-05-10 05:00:00+00:00,3,36.0,2771.6920072423513,929.4282367256163,1842.2637705167333,0.0,929.4282367256164,429.32060988280296,500.10762684281343,2504.533806503982,0.0,929.4282367256163,0.0,1842.2637705167333,0.0,0.0,0.0,0.0,0.0,0.0,0.0,929.4282367256163,309.8094122418721,3081.5014194842215,46.22252129226332,36.845275410334665,36.845275410334665,219.62045567627,649.3429400310748,6302.277133285108,0.0,0.0,0.0,0.0,0.0,0.0,2881.242186011681,0.0,5186.235934821026,23.993960249740955,0.0,0.0,0.0,9.094947017729282e-13,0.0
2025-05-10 06:00:00+00:00,3,36.0,2768.427949534081,928.2283516386924,1840.1995978953908,0.0,928.2283516386924,428.318983007965,499.9093686307274,2504.533806503982,0.0,928.2283516386924,0.0,1840.1995978953908,0.0,0.0,0.0,0.0,0.0,0.0,0.0,928.2283516386924,309.4094505462308,3077.837400080314,46.16756100120471,36.80399195790782,36.80399195790782,219.32523645800902,648.5102319212602,3416.9381814553412,0.0,0.0,0.0,0.0,0.0,0.0,0.0,0.0,5186.235934821026,23.994482022504563,0.0,0.0,0.0,-1.1368683772161603e-13,0.0
2025-05-10 07:00:00+00:00,3,36.0,2799.894535403492,938.4287099773528,1861.465825426139,0.0,938.4287099773528,433.19067920031864,505.2380307770342,2504.533806503982,0.0,938.4287099773528,0.0,1861.465825426139,0.0,0.0,0.0,0.0,0.0,0.0,0.0,938.4287099773528,312.8095699924509,3112.704105395943,46.69056158093914,37.22931650852278,37.22931650852278,221.77820088982668,655.7369654802624,574.3893148720736,0.0,0.0,0.0,0.0,0.0,0.0,0.0,2881.242186011681,2149.1400020345436,23.995670025483193,0.0,0.0,0.0,4.547473508864641e-13,0.0
2025-05-10 08:00:00+00:00,3,36.0,2828.821979840501,950.5900682012799,1878.2319116392187,0.0,950.5900682012799,440.0412311540468,510.5488370472331,2504.533806503982,0.0,950.5900682012799,0.0,1878.2319116392187,0.0,0.0,0.0,0.0,0.0,0.0,0.0,950.5900682012799,316.8633560670933,3145.685335907592,47.18528003861388,37.564638232784375,37.564638232784375,224.74580397865907,663.9237165499351,2000.5697391895842,0.0,0.0,0.0,0.0,0.0,0.0,0.0,1492.1759572008518,576.2484372023363,23.99446553559652,0.0,0.0,0.0,-2.2737367544323206e-13,0.0
2025-05-10 09:00:00+00:00,3,36.0,2852.640445048621,958.0196129846489,1894.6208320639714,0.0,958.0196129846488,444.81522577456366,513.2043872100852,2504.533806503982,0.0,958.0196129846489,0.0,1894.6208320639714,0.0,0.0,0.0,0.0,0.0,0.0,0.0,958.0196129846489,319.339870994883,3171.980316043503,47.579704740652545,37.89241664127943,37.89241664127943,226.57709310542808,669.2815021235225,3521.9219471721435,0.0,0.0,0.0,0.0,0.0,0.0,0.0,0.0,576.2484372023363,23.995097881488586,0.0,0.0,0.0,-1.1368683772161603e-13,0.0
2025-05-10 10:00:00+00:00,3,36.0,2864.6547110195024,961.49658875274,1903.1581222667621,0.0,961.4965887527399,445.8738570803435,515.6227316723964,2504.533806503982,0.0,961.49658875274,0.0,1903.1581222667621,0.0,0.0,0.0,0.0,0.0,0.0,0.0,961.49658875274,320.49886291757997,3185.153573937082,47.777303609056226,38.063162445335244,38.063162445335244,227.36163877083874,671.7641301881454,3536.418841207648,0.0,0.0,0.0,0.0,0.0,0.0,0.0,0.0,576.2484372023363,23.9950142174422,0.0,0.0,0.0,0.0,0.0
2025-05-10 11:00:00+00:00,3,36.0,2854.0950518941063,957.6476863001764,1896.4473655939298,0.0,957.6476863001764,443.85615437048773,513.7915319296886,2504.533806503982,0.0,957.6476863001764,0.0,1896.4473655939298,0.0,0.0,0.0,0.0,0.0,0.0,0.0,957.6476863001764,319.2158954333921,3173.310947327498,47.59966420991247,37.928947311878595,37.928947311878595,226.42396003371337,669.0974143007751,3523.192466194882,0.0,0.0,0.0,0.0,0.0,0.0,0.0,0.0,576.2484372023363,23.994895539905635,0.0,0.0,0.0,5.684341886080801e-13,0.0
2025-05-10 12:00:00+00:00,3,36.0,2844.43433555206,954.6366640636313,1889.7976714884278,0.0,954.6366640636313,441.9296697858218,512.7069942778096,2504.533806503982,0.0,954.6366640636313,0.0,1889.7976714884278,0.0,0.0,0.0,0.0,0.0,0.0,0.0,954.6366640636313,318.2122213545438,3162.646556906603,47.43969835359904,37.79595342976856,37.79595342976856,225.70100785204815,666.9448344197282,6392.621355983469,0.0,0.0,0.0,0.0,0.0,0.0,2881.242186011681,0.0,3309.6347767101697,23.995175232519024,0.0,0.0,0.0,-4.547473508864641e-13,0.0
2025-05-10 13:00:00+00:00,3,36.0,2964.053024794435,993.7264314933176,1970.326593301119,0.0,993.7264314933175,461.3309249543741,532.3955065389434,2504.533806503982,0.0,993.7264314933176,0.0,1970.326593301119,0.0,0.0,0.0,0.0,0.0,0.0,0.0,993.7264314933176,331.24214383110586,3295.2951686255424,49.42942752938313,39.40653186602238,39.40653186602238,234.97262527635323,694.457260368887,5636.621591610011,0.0,0.0,0.0,0.0,0.0,0.0,1978.1113064466895,0.0,5186.235934821026,23.992853274216117,0.0,0.0,0.0,-4.547473508864641e-13,0.0
2025-05-10 14:00:00+00:00,3,36.0,2983.065283916223,1000.074816198134,1982.9904677180896,0.0,1000.0748161981339,464.67962716605456,535.3951890320794,2504.533806503982,0.0,1000.074816198134,0.0,1982.9904677180896,0.0,0.0,0.0,0.0,0.0,0.0,0.0,1000.074816198134,333.35827206604466,3316.423555982268,49.74635333973402,39.65980935436179,39.65980935436179,236.47477284814175,698.899016962644,3681.9643008788667,0.0,0.0,0.0,0.0,0.0,0.0,0.0,0.0,5186.235934821026,23.988710083217004,0.0,0.0,0.0,-4.547473508864641e-13,0.0
2025-05-10 15:00:00+00:00,3,36.0,2991.4683223091556,1002.1341950798609,1989.3341272292953,0.0,1002.1341950798609,465.86456684749237,536.2696282323685,2504.533806503982,0.0,1002.1341950798609,0.0,1989.3341272292953,0.0,0.0,0.0,0.0,0.0,0.0,0.0,1002.1341950798609,334.04473169328696,3325.513054002443,49.882695810036644,39.78668254458591,39.78668254458591,236.95635999804955,700.457152590545,3691.9254748997005,0.0,0.0,0.0,0.0,0.0,0.0,0.0,0.0,5186.235934821026,23.987694099620278,0.0,0.0,0.0,-1.1368683772161603e-13,0.0
2025-05-10 16:00:00+00:00,3,36.0,3040.5406210890624,1018.6503310152343,2021.8902900738296,0.0,1018.6503310152343,474.36860599390275,544.2817250213316,2504.533806503982,0.0,1018.6503310152343,0.0,2021.8902900738296,0.0,0.0,0.0,0.0,0.0,0.0,0.0,1018.6503310152343,339.55011033841146,3380.0907314274755,50.70136097141213,40.43780580147659,40.43780580147659,240.9030898877401,712.0301728005169,3752.5707938895794,0.0,0.0,0.0,0.0,0.0,0.0,0.0,0.0,5186.235934821026,23.988429642202135,0.0,0.0,0.0,1.1368683772161603e-13,0.0
2025-05-10 17:00:00+00:00,3,36.0,2990.811706214056,1002.3764460683615,1988.4352601456937,0.0,1002.3764460683615,466.36174740279984,536.0146986655616,2504.533806503982,0.0,1002.3764460683615,0.0,1988.4352601456937,0.0,0.0,0.0,0.0,0.0,0.0,0.0,1002.3764460683615,334.12548202278714,3324.9371882368423,49.87405782355263,39.76870520291388,39.76870520291388,237.05009577647323,700.5870460286408,3691.3987522426964,0.0,0.0,0.0,0.0,0.0,0.0,0.0,0.0,5186.235934821026,23.98786631250447,0.0,0.0,0.0,-2.2737367544323206e-13,0.0
2025-05-10 18:00:00+00:00,3,36.0,3074.99117271697,1030.7900896698957,2044.2010830470754,0.0,1030.7900896698957,478.53127983733054,552.2588098325651,2504.533806503982,0.0,1030.7900896698957,0.0,2044.2010830470754,0.0,0.0,0.0,0.0,0.0,0.0,0.0,1030.7900896698957,343.5966965566319,3418.5878692736032,51.278818039104046,40.88402166094151,40.88402166094151,243.6837563849622,720.3273143025813,3795.3184870195505,0.0,0.0,0.0,0.0,0.0,0.0,0.0,0.0,5186.235934821026,23.98792176568026,0.0,0.0,0.0,-9.094947017729282e-13,0.0
2025-05-10 19:00:00+00:00,3,36.0,3048.0191882415293,1022.2103565767821,2025.808831664749,0.0,1022.2103565767821,476.24973776472496,545.9606188120572,2504.533806503982,0.0,1022.2103565767821,0.0,2025.808831664749,0.0,0.0,0.0,0.0,0.0,0.0,0.0,1022.2103565767821,340.73678552559403,3388.7559737671254,50.83133960650688,40.51617663329498,40.51617663329498,241.71561138837356,714.3160897870645,881.0930920169121,0.0,0.0,0.0,0.0,0.0,0.0,0.0,2881.242186011681,2149.1400020345436,23.984405315438778,0.0,0.0,0.0,-5.684341886080801e-13,0.0
2025-05-10 20:00:00+00:00,3,36.0,3093.4341376045822,1035.622802107735,2057.8113354968464,0.0,1035.622802107735,480.36439535197167,555.2584067557633,2504.533806503982,0.0,1035.622802107735,0.0,2057.8113354968464,0.0,0.0,0.0,0.0,0.0,0.0,0.0,1035.622802107735,345.2076007025783,3438.6417383071594,51.57962607460739,41.15622670993693,41.15622670993693,244.79963790519537,723.8993181022549,2325.1574985059856,0.0,0.0,0.0,0.0,0.0,0.0,0.0,1492.1759572008518,576.2484372023363,23.98825358739702,0.0,0.0,0.0,2.2737367544323206e-13,0.0
2025-05-10 21:00:00+00:00,3,36.0,3151.4140776579247,1054.1947287742403,2097.2193488836833,0.0,1054.1947287742405,486.36930628115715,567.8254224930832,2504.533806503982,0.0,1054.1947287742403,0.0,2097.2193488836833,0.0,0.0,0.0,0.0,0.0,0.0,0.0,1054.1947287742403,351.39824292474674,3502.8123205826705,52.54218480874005,41.944386977673666,41.944386977673666,249.0669645873494,736.8961662761835,3888.310243934108,0.0,0.0,0.0,0.0,0.0,0.0,0.0,0.0,576.2484372023363,23.990786977149682,0.0,0.0,0.0,-4.547473508864641e-13,0.0
2025-05-10 22:00:00+00:00,3,36.0,3139.5246216862106,1048.7039526270187,2090.82066905919,0.0,1048.7039526270187,486.6506059195608,562.0533467074579,2504.533806503982,0.0,1048.7039526270187,0.0,2090.82066905919,0.0,0.0,0.0,0.0,0.0,0.0,0.0,1048.7039526270187,349.5679842090062,3489.092605895215,52.33638908842822,41.8164133811838,41.8164133811838,247.90505506368552,733.4422551234876,3872.966876809697,0.0,0.0,0.0,0.0,0.0,0.0,0.0,0.0,576.2484372023363,23.990680882801094,0.0,0.0,0.0,-1.0231815394945443e-12,0.0
2025-05-10 23:00:00+00:00,3,36.0,3063.0606555468994,1022.4981425938295,2040.5625129530704,0.0,1022.4981425938296,474.4144799665946,548.083662627235,2504.533806503982,0.0,1022.4981425938295,0.0,2040.5625129530704,0.0,0.0,0.0,0.0,0.0,0.0,0.0,1022.4981425938295,340.8327141979432,3403.893369744843,51.05840054617264,40.81125025906141,40.81125025906141,241.68588988760084,715.1995051498395,3778.260160696739,0.0,0.0,0.0,0.0,0.0,0.0,0.0,0.0,576.2484372023363,23.991453501906634,0.0,0.0,0.0,2.2737367544323206e-13,0.0
2025-06-27 00:00:00+00:00,4,104.0,2972.3891943255894,989.8314274018362,1982.5577669237505,0.0,989.8314274018362,468.4125196298206,521.4189077720156,2504.533806503982,0.0,989.8314274018362,0.0,1982.5577669237505,0.0,0.0,0.0,0.0,0.0,0.0,0.0,989.8314274018362,329.9438091339454,3302.333003459532,49.53499505189298,39.65115533847501,39.65115533847501,234.3414195988771,693.1225344616655,3665.5117287872545,0.0,0.0,0.0,0.0,0.0,0.0,0.0,0.0,576.2484372023363,23.98924829764473,0.0,0.0,0.0,-4.547473508864641e-13,0.0
2025-06-27 01:00:00+00:00,4,104.0,2974.5704631418066,991.0149239104635,1983.5555392313436,0.0,991.0149239104635,469.5121812905677,521.5027426198958,2504.533806503982,0.0,991.0149239104635,0.0,1983.5555392313436,0.0,0.0,0.0,0.0,0.0,0.0,0.0,991.0149239104635,330.3383079701545,3304.908771111962,49.573631566679424,39.67111078462687,39.67111078462687,234.64523932927926,693.8994004353669,3668.4698635771733,0.0,0.0,0.0,0.0,0.0,0.0,0.0,0.0,576.2484372023363,23.988843168099347,0.0,0.0,0.0,-2.2737367544323206e-13,0.0
2025-06-27 02:00:00+00:00,4,104.0,2962.0674572742187,987.4869721345691,1974.5804851396506,0.0,987.4869721345692,467.47609120361386,520.0108809309553,2504.533806503982,0.0,987.4869721345691,0.0,1974.5804851396506,0.0,0.0,0.0,0.0,0.0,0.0,0.0,987.4869721345691,329.16232404485635,3291.229781319076,49.36844671978614,39.49160970279301,39.49160970279301,233.79611157356422,691.3101017437928,3653.377559018011,0.0,0.0,0.0,0.0,0.0,0.0,0.0,0.0,576.2484372023363,23.987202024107315,0.0,0.0,0.0,-2.2737367544323206e-13,0.0
2025-06-27 03:00:00+00:00,4,104.0,2898.9437019631428,967.8738245190705,1931.0698774440732,0.0,967.8738245190705,457.69287053558253,510.180953983488,2504.533806503982,0.0,967.8738245190705,0.0,1931.0698774440732,0.0,0.0,0.0,0.0,0.0,0.0,0.0,967.8738245190705,322.6246081730235,3221.5683101361674,48.32352465204251,38.62139754888147,38.62139754888147,229.12298290233983,677.3139108251688,3576.2576127883112,0.0,0.0,0.0,0.0,0.0,0.0,0.0,0.0,576.2484372023363,23.98510433549399,0.0,0.0,0.0,-3.410605131648481e-13,0.0
2025-06-27 04:00:00+00:00,4,104.0,2787.838365586684,929.145499951584,1858.692865635099,0.0,929.145499951584,442.3134914079099,486.8320085436741,2504.533806503982,0.0,929.145499951584,0.0,1858.692865635099,0.0,0.0,0.0,0.0,0.0,0.0,0.0,929.145499951584,309.71516665052803,3097.553532237211,46.463302983558165,37.17385731270198,37.17385731270198,220.05155982606053,650.5777440855506,3438.4161096722337,0.0,0.0,0.0,0.0,0.0,0.0,0.0,0.0,576.2484372023363,23.984128841062457,0.0,0.0,0.0,-1.1368683772161603e-12,0.0
2025-06-27 05:00:00+00:00,4,104.0,2807.562379466614,940.0156473499687,1867.5467321166448,0.0,940.0156473499687,444.64375627592796,495.37189107404083,2504.533806503982,0.0,940.0156473499687,0.0,1867.5467321166448,0.0,0.0,0.0,0.0,0.0,0.0,0.0,940.0156473499687,313.3385491166562,3120.90092858327,46.813513928749046,37.350934642332895,37.350934642332895,222.58727312368487,657.441205453756,3465.0035849203705,0.0,0.0,0.0,0.0,0.0,0.0,0.0,0.0,576.2484372023363,23.98771193555783,0.0,0.0,0.0,5.684341886080801e-13,0.0
2025-06-27 06:00:00+00:00,4,104.0,3020.8826747440003,1011.5330505101574,2009.3496242338429,0.0,1011.5330505101574,474.61591239113244,536.9171381190249,2504.533806503982,0.0,1011.5330505101574,0.0,2009.3496242338429,0.0,0.0,0.0,0.0,0.0,0.0,0.0,1011.5330505101574,337.1776835033858,3358.060358247386,50.370905373710784,40.18699248467686,40.18699248467686,239.34287647688055,707.2654503233309,3728.148125067331,0.0,0.0,0.0,0.0,0.0,0.0,0.0,0.0,576.2484372023363,23.988311226443436,0.0,0.0,0.0,-2.2737367544323206e-13,0.0
2025-06-27 07:00:00+00:00,4,104.0,2973.344566588362,992.7166364943665,1980.6279300939943,0.0,992.7166364943664,469.8537653653994,522.8628711289671,2504.533806503982,0.0,992.7166364943665,0.0,1980.6279300939943,0.0,0.0,0.0,0.0,0.0,0.0,0.0,992.7166364943665,330.9055454981222,3304.250112086483,49.56375168129725,39.61255860187989,39.61255860187989,234.99048912110462,694.6849035042837,3668.029470092645,0.0,0.0,0.0,0.0,0.0,0.0,0.0,0.0,576.2484372023363,23.98395761635329,0.0,0.0,0.0,-4.547473508864641e-13,0.0
2025-06-27 08:00:00+00:00,4,104.0,2962.233665295176,989.0756269168814,1973.1580383782953,0.0,989.0756269168814,468.33411829087913,520.7415086260023,2504.533806503982,0.0,989.0756269168814,0.0,1973.1580383782953,0.0,0.0,0.0,0.0,0.0,0.0,0.0,989.0756269168814,329.6918756389605,3291.925540934137,49.378883114012055,39.4631607675659,39.4631607675659,234.15188897654252,692.1489692646469,3654.3826345598222,0.0,0.0,0.0,0.0,0.0,0.0,0.0,0.0,576.2484372023363,23.98439742654546,0.0,0.0,0.0,-4.547473508864641e-13,0.0
2025-06-27 09:00:00+00:00,4,104.0,2914.1667402706785,971.5280987832666,1942.6386414874096,0.0,971.5280987832667,459.2298604066183,512.2982383766484,2504.533806503982,0.0,971.5280987832666,0.0,1942.6386414874096,0.0,0.0,0.0,0.0,0.0,0.0,0.0,971.5280987832666,323.8426995944222,3238.009439865098,48.57014159797647,38.85277282974819,38.85277282974819,229.9339846017274,680.0523714536224,3594.219111724301,0.0,0.0,0.0,0.0,0.0,0.0,0.0,0.0,576.2484372023363,23.984079258631922,0.0,0.0,0.0,1.1368683772161603e-13,0.0
2025-06-27 10:00:00+00:00,4,104.0,2854.2154739279263,949.7948815964172,1904.4205923315108,0.0,949.7948815964172,447.9581863046503,501.8366952917669,2504.533806503982,0.0,949.7948815964172,0.0,1904.4205923315108,0.0,0.0,0.0,0.0,0.0,0.0,0.0,949.7948815964172,316.5982938654724,3170.8137677934,47.562206516901,38.088411846630216,38.088411846630216,224.72968447807398,665.0670085537078,3519.282482481634,0.0,0.0,0.0,0.0,0.0,0.0,0.0,0.0,576.2484372023363,23.985503012858775,0.0,0.0,0.0,-1.1368683772161603e-13,0.0
2025-06-27 11:00:00+00:00,4,104.0,2864.5520750208466,953.5669732485591,1910.9851017722876,0.0,953.5669732485592,451.72269380672185,501.8442794418373,2504.533806503982,0.0,953.5669732485591,0.0,1910.9851017722876,0.0,0.0,0.0,0.0,0.0,0.0,0.0,953.5669732485591,317.8556577495197,3182.4077327703662,47.736115991555494,38.219702035445756,38.219702035445756,225.72269628910158,667.7538741010683,3532.305949121914,0.0,0.0,0.0,0.0,0.0,0.0,0.0,0.0,576.2484372023363,23.98503741190585,0.0,0.0,0.0,-6.821210263296962e-13,0.0
2025-06-27 12:00:00+00:00,4,104.0,2854.5137389646643,949.2523172265796,1905.2614217380847,0.0,949.2523172265796,449.2558901044042,499.9964271221754,2504.533806503982,0.0,949.2523172265796,0.0,1905.2614217380847,0.0,0.0,0.0,0.0,0.0,0.0,0.0,949.2523172265796,316.41743907552654,3170.931178040191,47.563967670602864,38.10522843476169,38.10522843476169,224.693666201458,664.8855298171108,6400.641454793455,0.0,0.0,0.0,0.0,0.0,0.0,2881.242186011681,0.0,3309.6347767101697,23.984522768618525,0.0,0.0,0.0,-1.3642420526593924e-12,0.0
2025-06-27 13:00:00+00:00,4,104.0,2859.0678962428838,951.5721493307354,1907.495746912148,0.0,951.5721493307354,450.87033948188827,500.7018098488472,2504.533806503982,0.0,951.5721493307354,0.0,1907.495746912148,0.0,0.0,0.0,0.0,0.0,0.0,0.0,951.5721493307354,317.1907164435785,3176.2586126864617,47.64387919029692,38.14991493824296,38.14991493824296,225.24517401909438,666.3795995294556,5503.558802219029,0.0,0.0,0.0,0.0,0.0,0.0,1978.1113064466895,0.0,5186.235934821026,23.983156976701046,0.0,0.0,0.0,-2.2737367544323206e-13,0.0
2025-06-27 14:00:00+00:00,4,104.0,2897.917169548976,963.022602426707,1934.8945671222684,0.0,963.022602426707,457.6023731025332,505.42022932417376,2504.533806503982,0.0,963.022602426707,0.0,1934.8945671222684,0.0,0.0,0.0,0.0,0.0,0.0,0.0,963.022602426707,321.00753414223567,3218.924703691211,48.28387055536817,38.69789134244537,38.69789134244537,228.00250614149525,674.6896935239898,3572.606863072966,0.0,0.0,0.0,0.0,0.0,0.0,0.0,0.0,5186.235934821026,23.983022950596492,0.0,0.0,0.0,3.410605131648481e-13,0.0
2025-06-27 15:00:00+00:00,4,104.0,2900.4790381482444,964.5679296176152,1935.9111085306286,0.0,964.5679296176152,457.5063479118461,507.0615817057691,2504.533806503982,0.0,964.5679296176152,0.0,1935.9111085306286,0.0,0.0,0.0,0.0,0.0,0.0,0.0,964.5679296176152,321.5226432058717,3222.001681354115,48.330025220311725,38.71822217061257,38.71822217061257,228.37205320943096,675.6611659768396,3576.140204125084,0.0,0.0,0.0,0.0,0.0,0.0,0.0,0.0,5186.235934821026,23.98307355991163,0.0,0.0,0.0,0.0,0.0
2025-06-27 16:00:00+00:00,4,104.0,2906.154744962548,965.764574265633,1940.3901706969157,0.0,965.764574265633,458.29104657182455,507.4735276938085,2504.533806503982,0.0,965.764574265633,0.0,1940.3901706969157,0.0,0.0,0.0,0.0,0.0,0.0,0.0,965.764574265633,321.921524755211,3228.0762697177597,48.4211440457664,38.807803413938316,38.807803413938316,228.6631442667045,676.6214198955586,3582.7761648581063,0.0,0.0,0.0,0.0,0.0,0.0,0.0,0.0,5186.235934821026,23.984154979293226,0.0,0.0,0.0,-4.547473508864641e-13,0.0
2025-06-27 17:00:00+00:00,4,104.0,2911.70981245057,967.9521400899365,1943.7576723606323,0.0,967.9521400899365,458.72682028491175,509.22531980502475,2504.533806503982,0.0,967.9521400899365,0.0,1943.7576723606323,0.0,0.0,0.0,0.0,0.0,0.0,0.0,967.9521400899365,322.65071336331215,3234.360525813881,48.51540788720821,38.87515344721265,38.87515344721265,229.15398084955635,678.070408994502,3589.780221445072,0.0,0.0,0.0,0.0,0.0,0.0,0.0,0.0,5186.235934821026,23.984492511745653,0.0,0.0,0.0,0.0,0.0
2025-06-27 18:00:00+00:00,4,104.0,2945.2197398778285,981.5318288199308,1963.687911057898,0.0,981.5318288199308,463.5281900734421,518.0036387464887,2504.533806503982,0.0,981.5318288199308,0.0,1963.687911057898,0.0,0.0,0.0,0.0,0.0,0.0,0.0,981.5318288199308,327.17727627331027,3272.397016151139,49.08595524226708,39.27375822115796,39.27375822115796,232.3175509769763,687.1282989348695,2140.172081611846,0.0,0.0,0.0,0.0,0.0,0.0,0.0,1492.1759572008518,3613.3443699888185,23.985631338281443,0.0,0.0,0.0,-2.2737367544323206e-13,0.0
2025-06-27 19:00:00+00:00,4,104.0,2980.3909338777416,994.9435338448385,1985.4474000329017,0.0,994.9435338448384,468.7136185926834,526.229915252155,2504.533806503982,0.0,994.9435338448385,0.0,1985.4474000329017,0.0,0.0,0.0,0.0,0.0,0.0,0.0,994.9435338448385,331.64784461494617,3312.038778492686,49.68058167739029,39.70894800065803,39.70894800065803,235.4527231497079,696.1990454433604,795.3477933094205,0.0,0.0,0.0,0.0,0.0,0.0,0.0,2881.242186011681,576.2484372023363,23.985064322150514,0.0,0.0,0.0,-5.684341886080801e-13,0.0
2025-06-27 20:00:00+00:00,4,104.0,2968.9866483174515,991.4836025869195,1977.503045730531,0.0,991.4836025869195,466.63819166966096,524.8454109172585,2504.533806503982,0.0,991.4836025869195,0.0,1977.503045730531,0.0,0.0,0.0,0.0,0.0,0.0,0.0,991.4836025869195,330.4945341956398,3299.48118251309,49.49221773769635,39.550060914610626,39.550060914610626,234.62532289302982,693.7121966555873,3662.698844973039,0.0,0.0,0.0,0.0,0.0,0.0,0.0,0.0,576.2484372023363,23.98412745508275,0.0,0.0,0.0,1.1368683772161603e-13,0.0
2025-06-27 21:00:00+00:00,4,104.0,2953.4170974572535,987.1888305706526,1966.2282668865996,0.0,987.1888305706525,464.7563557640951,522.4324748065575,2504.533806503982,0.0,987.1888305706526,0.0,1966.2282668865996,0.0,0.0,0.0,0.0,0.0,0.0,0.0,987.1888305706526,329.06294352355087,3282.480040980803,49.237200614712044,39.32456533773199,39.32456533773199,233.612361172804,690.5616359865309,3643.9787334437847,0.0,0.0,0.0,0.0,0.0,0.0,0.0,0.0,576.2484372023363,23.983810099837847,0.0,0.0,0.0,3.410605131648481e-13,0.0
2025-06-27 22:00:00+00:00,4,104.0,2930.9927835730564,978.9154307565861,1952.0773528164702,0.0,978.9154307565861,460.4831540804214,518.4322766761647,2504.533806503982,0.0,978.9154307565861,0.0,1952.0773528164702,0.0,0.0,0.0,0.0,0.0,0.0,0.0,978.9154307565861,326.3051435855287,3257.297927158585,48.859468907378776,39.04154705632941,39.04154705632941,231.631339441283,684.8790460468492,3615.871829619905,0.0,0.0,0.0,0.0,0.0,0.0,0.0,0.0,576.2484372023363,23.98472210961903,0.0,0.0,0.0,-6.821210263296962e-13,0.0
2025-06-27 23:00:00+00:00,4,104.0,2925.2518606763706,976.2733753357516,1948.9784853406184,0.0,976.2733753357516,459.7213380651739,516.5520372705777,2504.533806503982,0.0,976.2733753357516,0.0,1948.9784853406184,0.0,0.0,0.0,0.0,0.0,0.0,0.0,976.2733753357516,325.42445844525054,3250.6763191216205,48.760144786824306,38.97956970681237,38.97956970681237,231.02552059338163,683.1692632390811,3608.4211239154515,0.0,0.0,0.0,0.0,0.0,0.0,0.0,0.0,576.2484372023363,23.98577886261038,0.0,0.0,0.0,-2.2737367544323206e-13,0.0
2025-10-04 00:00:00+00:00,5,17.0,2772.335379650507,923.8255106316417,1848.5098690188645,0.0,923.8255106316417,423.2708835379008,500.554627093741,2504.533806503982,0.0,923.8255106316417,0.0,1848.5098690188645,0.0,0.0,0.0,0.0,0.0,0.0,0.0,923.8255106316417,307.9418368772139,3080.27721652772,46.2041582479158,36.97019738037729,36.97019738037729,217.87512678148673,645.961516667371,3418.2968963178773,0.0,0.0,0.0,0.0,0.0,0.0,0.0,0.0,576.2484372023363,23.985702431791413,0.0,0.0,0.0,-7.958078640513122e-13,0.0
2025-10-04 01:00:00+00:00,5,17.0,2779.9243563056393,926.7133410944094,1853.2110152112296,0.0,926.7133410944094,422.80988594133277,503.90345515307666,2504.533806503982,0.0,926.7133410944094,0.0,1853.2110152112296,0.0,0.0,0.0,0.0,0.0,0.0,0.0,926.7133410944094,308.90444703146983,3088.828803337109,46.33243205005663,37.06422030422459,37.06422030422459,218.4792825997283,647.844602289704,5405.880265042031,0.0,0.0,0.0,0.0,0.0,0.0,1978.1113064466895,0.0,2452.8495953131924,23.98553666244761,0.0,0.0,0.0,-1.5916157281026244e-12,0.0
2025-10-04 02:00:00+00:00,5,17.0,2782.067544758503,927.8812669878967,1854.1862777706083,0.0,927.8812669878967,421.42402912445255,506.45723786344416,2504.533806503982,0.0,927.8812669878967,0.0,1854.1862777706083,0.0,0.0,0.0,0.0,0.0,0.0,0.0,927.8812669878967,309.29375566263224,3091.3613004211375,46.37041950631706,37.083725555412165,37.083725555412165,218.67098093966672,648.5026072194404,6311.812337989624,0.0,0.0,0.0,0.0,0.0,0.0,2881.242186011681,0.0,5186.235934821026,23.986039002790804,0.0,0.0,0.0,-4.547473508864641e-13,0.0
2025-10-04 03:00:00+00:00,5,17.0,2760.95356824539,919.7575540933201,1841.1960141520715,0.0,919.7575540933201,418.9165425938813,500.8410114994388,2504.533806503982,0.0,919.7575540933201,0.0,1841.1960141520715,0.0,0.0,0.0,0.0,0.0,0.0,0.0,919.7575540933201,306.58585136444003,3067.5394196098314,46.01309129414747,36.82392028304143,36.82392028304143,216.78543788529748,643.0322211099678,3403.985789355358,0.0,0.0,0.0,0.0,0.0,0.0,0.0,0.0,5186.235934821026,23.983930325546297,0.0,0.0,0.0,0.0,0.0
2025-10-04 04:00:00+00:00,5,17.0,2761.044650665493,919.557179415781,1841.4874712497137,0.0,919.557179415781,419.29635177677164,500.26082763900934,2504.533806503982,0.0,919.557179415781,0.0,1841.4874712497137,0.0,0.0,0.0,0.0,0.0,0.0,0.0,919.557179415781,306.5190598052603,3067.563710470755,46.01345565706132,36.829749424994276,36.829749424994276,216.74773992621064,642.9397542385209,3403.984404904014,0.0,0.0,0.0,0.0,0.0,0.0,0.0,0.0,5186.235934821026,23.982655231692473,0.0,0.0,0.0,0.0,0.0
2025-10-04 05:00:00+00:00,5,17.0,2641.789902241664,879.5651481326107,1762.2247541090546,0.0,879.5651481326107,399.7043795369494,479.86076859566134,2504.533806503982,0.0,879.5651481326107,0.0,1762.2247541090546,0.0,0.0,0.0,0.0,0.0,0.0,0.0,879.5651481326107,293.18838271087026,2934.9782849525354,44.02467427428803,35.244495082181096,35.244495082181096,207.29381869265254,614.9958658421731,3256.785768083837,0.0,0.0,0.0,0.0,0.0,0.0,0.0,0.0,5186.235934821026,23.985403129977552,0.0,0.0,0.0,-2.2737367544323206e-13,0.0
2025-10-04 06:00:00+00:00,5,17.0,2549.551565904991,847.9999649142903,1701.5516009906996,0.0,847.9999649142903,385.4479654951486,462.55199941914174,2504.533806503982,0.0,847.9999649142903,0.0,1701.5516009906996,0.0,0.0,0.0,0.0,0.0,0.0,0.0,847.9999649142903,282.6666549714301,2832.2182208764198,42.48327331314629,34.03103201981399,34.03103201981399,199.88457263111397,593.0965649553184,261.4059448486287,0.0,0.0,0.0,0.0,0.0,0.0,0.0,2881.242186011681,2149.1400020345436,23.987462383705097,0.0,0.0,0.0,2.2737367544323206e-13,0.0
2025-10-04 07:00:00+00:00,5,17.0,2508.767897509253,833.6200891678013,1675.1478083414518,0.0,833.6200891678013,379.92127731029245,453.6988118575089,2504.533806503982,0.0,833.6200891678013,0.0,1675.1478083414518,0.0,0.0,0.0,0.0,0.0,0.0,0.0,833.6200891678013,277.8733630559338,2786.6412605651867,41.7996189084778,33.50295616682904,33.50295616682904,196.53319878887567,583.2120930869453,1599.804033395346,0.0,0.0,0.0,0.0,0.0,0.0,0.0,1492.1759572008518,576.2484372023363,23.987494287583566,0.0,0.0,0.0,-2.2737367544323206e-13,0.0
2025-10-04 08:00:00+00:00,5,17.0,2576.8371060932204,857.1292598062435,1719.7078462869756,0.0,857.1292598062435,390.71892155794905,466.4103382482944,2504.533806503982,0.0,857.1292598062435,0.0,1719.7078462869756,0.0,0.0,0.0,0.0,0.0,0.0,0.0,857.1292598062435,285.7097532687478,2862.546859361967,42.93820289042951,34.394156925739516,34.394156925739516,202.08153573242572,599.5178057430821,3176.3549118363026,0.0,0.0,0.0,0.0,0.0,0.0,0.0,0.0,576.2484372023363,23.989485497762576,0.0,0.0,0.0,0.0,0.0
2025-10-04 09:00:00+00:00,5,17.0,2647.138345203874,881.0930234457081,1766.0453217581664,0.0,881.0930234457082,398.7575095472181,482.3355138984901,2504.533806503982,0.0,881.0930234457081,0.0,1766.0453217581664,0.0,0.0,0.0,0.0,0.0,0.0,0.0,881.0930234457081,293.6976744819027,2940.8360196857775,44.112540295286664,35.32090643516333,35.32090643516333,207.59852089352822,616.0505485410442,3263.1888937449176,0.0,0.0,0.0,0.0,0.0,0.0,0.0,0.0,576.2484372023363,23.99078455384576,0.0,0.0,0.0,-6.821210263296962e-13,0.0
2025-10-04 10:00:00+00:00,5,17.0,2613.6421317498016,870.8153601060878,1742.826771643714,0.0,870.8153601060878,395.07104433874963,475.7443157673382,2504.533806503982,0.0,870.8153601060878,0.0,1742.826771643714,0.0,0.0,0.0,0.0,0.0,0.0,0.0,870.8153601060878,290.27178670202926,2903.913918451831,43.55870877677746,34.85653543287428,34.85653543287428,205.19562523117162,608.7391915757269,3222.3813233255287,0.0,0.0,0.0,0.0,0.0,0.0,0.0,0.0,576.2484372023363,23.985198089022298,0.0,0.0,0.0,2.2737367544323206e-13,0.0
2025-10-04 11:00:00+00:00,5,17.0,2561.7366210066575,852.5601925348236,1709.1764284718338,0.0,852.5601925348235,387.5244737469129,465.03571878791064,2504.533806503982,0.0,852.5601925348236,0.0,1709.1764284718338,0.0,0.0,0.0,0.0,0.0,0.0,0.0,852.5601925348236,284.1867308449412,2845.9233518515985,42.68885027777397,34.183528569436675,34.183528569436675,200.91058630384302,596.1532245654316,5136.001152018777,0.0,0.0,0.0,0.0,0.0,0.0,1978.1113064466895,0.0,2452.8495953131924,23.987308175374885,0.0,0.0,0.0,-1.3642420526593924e-12,0.0
2025-10-04 12:00:00+00:00,5,17.0,2590.1558036228676,861.9653304717203,1728.1904731511472,0.0,861.9653304717203,389.9468830081394,472.01844746358086,2504.533806503982,0.0,861.9653304717203,0.0,1728.1904731511472,0.0,0.0,0.0,0.0,0.0,0.0,0.0,861.9653304717203,287.32177682390676,2877.4775804467745,43.16216370670161,34.56380946302294,34.56380946302294,203.06495614271398,602.6765155993683,6074.074505233916,0.0,0.0,0.0,0.0,0.0,0.0,2881.242186011681,0.0,5186.235934821026,23.989694317416994,0.0,0.0,0.0,-9.094947017729282e-13,0.0
2025-10-04 13:00:00+00:00,5,17.0,2578.671645327066,857.3797536663044,1721.2918916607614,0.0,857.3797536663044,388.94923475725443,468.43051890905,2504.533806503982,0.0,857.3797536663044,0.0,1721.2918916607614,0.0,0.0,0.0,0.0,0.0,0.0,0.0,857.3797536663044,285.79325122210145,2864.464896549167,42.9669734482375,34.425837833215226,34.425837833215226,202.04740650454258,599.659306841312,3178.330952168378,0.0,0.0,0.0,0.0,0.0,0.0,0.0,0.0,5186.235934821026,23.990862043116298,0.0,0.0,0.0,2.2737367544323206e-13,0.0
2025-10-04 14:00:00+00:00,5,17.0,2551.113812437001,846.8673174231044,1704.246495013897,0.0,846.8673174231044,385.02698860805754,461.84032881504686,2504.533806503982,0.0,846.8673174231044,0.0,1704.246495013897,0.0,0.0,0.0,0.0,0.0,0.0,0.0,846.8673174231044,282.28910580770145,2833.402918244703,42.501043773670546,34.08492990027794,34.08492990027794,199.59438799617206,592.5543973780999,3143.6682098151005,0.0,0.0,0.0,0.0,0.0,0.0,0.0,0.0,5186.235934821026,23.992275782581746,0.0,0.0,0.0,-3.410605131648481e-13,0.0
2025-10-04 15:00:00+00:00,5,17.0,2491.247767477709,826.6572107077006,1664.5905567700106,0.0,826.6572107077006,376.72666720120515,449.9305435064955,2504.533806503982,0.0,826.6572107077006,0.0,1664.5905567700106,0.0,0.0,0.0,0.0,0.0,0.0,0.0,826.6572107077006,275.55240356923355,2766.800171046945,41.50200256570417,33.29181113540021,33.29181113540021,194.84950015906213,578.4875285648003,3069.7352960425083,0.0,0.0,0.0,0.0,0.0,0.0,0.0,0.0,5186.235934821026,23.990895777378945,0.0,0.0,0.0,-1.2505552149377763e-12,0.0
2025-10-04 16:00:00+00:00,5,17.0,2473.627428948961,822.6692897849493,1650.9581391640106,0.0,822.6692897849493,375.11167503117673,447.55761475377255,2504.533806503982,0.0,822.6692897849493,0.0,1650.9581391640106,0.0,0.0,0.0,0.0,0.0,0.0,0.0,822.6692897849493,274.22309659498313,2747.850525543943,41.217757883159145,33.019162783280215,33.019162783280215,193.92177297046698,575.4009530151696,3049.0283819641304,0.0,0.0,0.0,0.0,0.0,0.0,0.0,0.0,5186.235934821026,23.990616393636973,0.0,0.0,0.0,-3.410605131648481e-13,0.0
2025-10-04 17:00:00+00:00,5,17.0,2562.6593872141925,855.2227526868661,1707.4366345273245,0.0,855.2227526868661,388.37953839649003,466.84321429037607,2504.533806503982,0.0,855.2227526868661,0.0,1707.4366345273245,0.0,0.0,0.0,0.0,0.0,0.0,0.0,855.2227526868661,285.074250895622,2847.7336381098125,42.71600457164719,34.14873269054649,34.14873269054649,201.51129763316752,597.5990184815297,1668.0824484948707,0.0,0.0,0.0,0.0,0.0,0.0,0.0,1492.1759572008518,3613.3443699888185,23.988690013045264,0.0,0.0,0.0,3.410605131648481e-13,0.0
2025-10-04 18:00:00+00:00,5,17.0,2533.027693289755,846.5822984382904,1686.4453948514636,0.0,846.5822984382905,384.65854542868885,461.9237530096016,2504.533806503982,0.0,846.5822984382904,0.0,1686.4453948514636,0.0,0.0,0.0,0.0,0.0,0.0,0.0,846.5822984382904,282.1940994794301,2815.221792769184,42.22832689153776,33.72890789702927,33.72890789702927,199.4836228368375,591.3638650018639,243.14937227993732,0.0,0.0,0.0,0.0,0.0,0.0,0.0,2881.242186011681,576.2484372023363,23.989246032541484,0.0,0.0,0.0,-5.684341886080801e-13,0.0
2025-10-04 19:00:00+00:00,5,17.0,2513.7720482862746,840.3717848227622,1673.4002634635146,0.0,840.3717848227622,382.6603086484882,457.71147617427397,2504.533806503982,0.0,840.3717848227622,0.0,1673.4002634635146,0.0,0.0,0.0,0.0,0.0,0.0,0.0,840.3717848227622,280.12392827425407,2793.895976560531,41.90843964840796,33.46800526927029,33.46800526927029,198.0563814436087,587.0247599048114,3100.796808191086,0.0,0.0,0.0,0.0,0.0,0.0,0.0,0.0,576.2484372023363,23.98852780736242,0.0,0.0,0.0,-2.2737367544323206e-13,0.0
2025-10-04 20:00:00+00:00,5,17.0,2470.1049623555627,826.3807809599707,1643.7241813955914,0.0,826.3807809599707,376.20784516823966,450.172935791731,2504.533806503982,0.0,826.3807809599707,0.0,1643.7241813955914,0.0,0.0,0.0,0.0,0.0,0.0,0.0,826.3807809599707,275.46026031999025,2745.5652226755524,41.183478340133284,32.87448362791183,32.87448362791183,194.74883723768696,577.1415431536342,3047.246505509197,0.0,0.0,0.0,0.0,0.0,0.0,0.0,0.0,576.2484372023363,23.986081232790013,0.0,0.0,0.0,1.1368683772161603e-13,0.0
2025-10-04 21:00:00+00:00,5,17.0,2378.6375790412726,794.3425061714256,1584.295072869848,0.0,794.3425061714256,362.9806102996353,431.36189587179035,2504.533806503982,0.0,794.3425061714256,0.0,1584.295072869848,0.0,0.0,0.0,0.0,0.0,0.0,0.0,794.3425061714256,264.7808353904752,2643.4184144317487,39.65127621647623,31.68590145739696,31.68590145739696,187.27331526097169,555.077229782717,2933.7148088239896,0.0,0.0,0.0,0.0,0.0,0.0,0.0,0.0,576.2484372023363,23.98563079687163,0.0,0.0,0.0,0.0,0.0
2025-10-04 22:00:00+00:00,5,17.0,2404.149435673911,802.9449488821465,1601.2044867917602,0.0,802.9449488821465,365.4915056056329,437.45344327651355,2504.533806503982,0.0,802.9449488821465,0.0,1601.2044867917602,0.0,0.0,0.0,0.0,0.0,0.0,0.0,802.9449488821465,267.6483162940488,2671.7977519679553,40.076966279519326,32.024089735835204,32.024089735835204,189.26065531992919,561.0341173651677,2965.1835530390786,0.0,0.0,0.0,0.0,0.0,0.0,0.0,0.0,576.2484372023363,23.986540780386687,0.0,0.0,0.0,0.0,0.0
2025-10-04 23:00:00+00:00,5,17.0,2362.210892307045,791.1494177082781,1571.0614745987682,0.0,791.149417708278,358.68276722714353,432.4666504811345,2504.533806503982,0.0,791.1494177082781,0.0,1571.0614745987682,0.0,0.0,0.0,0.0,0.0,0.0,0.0,791.1494177082781,263.716472569426,2625.927364876472,39.38891047314708,31.421229491975364,31.421229491975364,186.42526443092615,552.3731064574499,2914.583998764495,0.0,0.0,0.0,0.0,0.0,0.0,0.0,0.0,576.2484372023363,23.987035090816278,0.0,0.0,0.0,0.0,0.0
2025-10-16 00:00:00+00:00,6,21.0,2339.9718353632124,781.0337258599501,1558.9381095032616,0.0,781.03372585995,337.865560901449,443.16816495850105,2504.533806503982,0.0,781.0337258599501,0.0,1558.9381095032616,0.0,0.0,0.0,0.0,0.0,0.0,0.0,781.0337258599501,260.34457528665,2600.3164106498616,39.004746159747924,31.178762190065232,31.178762190065232,183.14333354845826,544.8501793749867,2884.8220147381994,0.0,0.0,0.0,0.0,0.0,0.0,0.0,0.0,576.2484372023363,23.982134035971505,0.0,0.0,0.0,2.2737367544323206e-13,0.0
2025-10-16 01:00:00+00:00,6,21.0,2313.3033477538447,773.0215928178045,1540.28175493604,0.0,773.0215928178045,335.0653408639152,437.95625195388925,2504.533806503982,0.0,773.0215928178045,0.0,1540.28175493604,0.0,0.0,0.0,0.0,0.0,0.0,0.0,773.0215928178045,257.6738642726015,2570.977212026446,38.56465818039669,30.8056350987208,30.8056350987208,181.289455408749,539.1392480591888,2852.442595813033,0.0,0.0,0.0,0.0,0.0,0.0,0.0,0.0,576.2484372023363,23.980882474925956,0.0,0.0,0.0,-3.410605131648481e-13,0.0
2025-10-16 02:00:00+00:00,6,21.0,2338.023090188865,781.7398014520179,1556.2832887368463,0.0,781.7398014520179,338.26648060087024,443.4733208511476,2504.533806503982,0.0,781.7398014520179,0.0,1556.2832887368463,0.0,0.0,0.0,0.0,0.0,0.0,0.0,781.7398014520179,260.5799338173393,2598.6030240062037,38.97904536009305,31.125665774736927,31.125665774736927,183.3019779502313,545.1122886771375,2883.1353788660017,0.0,0.0,0.0,0.0,0.0,0.0,0.0,0.0,576.2484372023363,23.981590801353178,0.0,0.0,0.0,-6.821210263296962e-13,0.0
2025-10-16 03:00:00+00:00,6,21.0,2372.724729111875,793.8998374646707,1578.8248916472046,0.0,793.8998374646706,342.1594708473249,451.7403666173457,2504.533806503982,0.0,793.8998374646707,0.0,1578.8248916472046,0.0,0.0,0.0,0.0,0.0,0.0,0.0,793.8998374646707,264.6332791548902,2637.3580082667654,39.56037012400148,31.576497832944092,31.576497832944092,186.1087273682574,553.4553723130373,2926.1801014249118,0.0,0.0,0.0,0.0,0.0,0.0,0.0,0.0,576.2484372023363,23.98363815227696,0.0,0.0,0.0,-6.821210263296962e-13,0.0
2025-10-16 04:00:00+00:00,6,21.0,2361.552986645079,792.334385652061,1569.2186009930174,0.0,792.334385652061,339.07658577365595,453.25779987840497,2504.533806503982,0.0,792.334385652061,0.0,1569.2186009930174,0.0,0.0,0.0,0.0,0.0,0.0,0.0,792.334385652061,264.11146188402034,2625.664448529099,39.38496672793649,31.384372019860347,31.384372019860347,185.6304856987858,551.8956583504633,2913.448644995541,0.0,0.0,0.0,0.0,0.0,0.0,0.0,0.0,576.2484372023363,23.98447934700669,0.0,0.0,0.0,-1.0231815394945443e-12,0.0
2025-10-16 05:00:00+00:00,6,21.0,2337.432519877436,785.032536969934,1552.3999829075003,0.0,785.032536969934,335.0367734355532,449.9957635343807,2504.533806503982,0.0,785.032536969934,0.0,1552.3999829075003,0.0,0.0,0.0,0.0,0.0,0.0,0.0,785.032536969934,261.6775123233113,2599.1100322007455,38.98665048301118,31.047999658150008,31.047999658150008,183.8755476193411,546.6357097419636,2884.068229619399,0.0,0.0,0.0,0.0,0.0,0.0,0.0,0.0,576.2484372023363,23.984795834646107,0.0,0.0,0.0,-4.547473508864641e-13,0.0
2025-10-16 06:00:00+00:00,6,21.0,2245.723916846042,754.6740847938938,1491.0498320521476,0.0,754.6740847938938,322.24749149863817,432.42659329525566,2504.533806503982,0.0,754.6740847938938,0.0,1491.0498320521476,0.0,0.0,0.0,0.0,0.0,0.0,0.0,754.6740847938938,251.55802826463128,2497.2819451106725,37.45922917666009,29.820996641042953,29.820996641042953,176.75816813963502,525.4174188630122,2771.141335709055,0.0,0.0,0.0,0.0,0.0,0.0,0.0,0.0,576.2484372023363,23.98526539539966,0.0,0.0,0.0,9.094947017729282e-13,0.0
2025-10-16 07:00:00+00:00,6,21.0,2252.5122594783807,758.5011187897333,1494.0111406886458,0.0,758.5011187897333,323.21619931413903,435.2849194755943,2504.533806503982,0.0,758.5011187897333,0.0,1494.0111406886458,0.0,0.0,0.0,0.0,0.0,0.0,0.0,758.5011187897333,252.8337062632444,2505.3459657416233,37.58018948612435,29.880222813772917,29.880222813772917,177.62575324652084,527.8000946234354,2780.3123541018163,0.0,0.0,0.0,0.0,0.0,0.0,0.0,0.0,576.2484372023363,23.983182087265902,0.0,0.0,0.0,2.2737367544323206e-13,0.0
2025-10-16 08:00:00+00:00,6,21.0,2253.3378561860136,759.0126033452538,1494.3252528407604,0.0,759.0126033452538,323.817307225789,435.19529611946473,2504.533806503982,0.0,759.0126033452538,0.0,1494.3252528407604,0.0,0.0,0.0,0.0,0.0,0.0,0.0,759.0126033452538,253.00420111508458,2506.342057301099,37.59513085951648,29.88650505681521,29.88650505681521,177.77453843665305,528.1468805248845,2781.484736710898,0.0,0.0,0.0,0.0,0.0,0.0,0.0,0.0,576.2484372023363,23.982507639435163,0.0,0.0,0.0,-3.410605131648481e-13,0.0
2025-10-16 09:00:00+00:00,6,21.0,2295.657581293279,774.1911826169305,1521.4663986763487,0.0,774.1911826169305,330.57600904779736,443.61517356913316,2504.533806503982,0.0,774.1911826169305,0.0,1521.4663986763487,0.0,0.0,0.0,0.0,0.0,0.0,0.0,774.1911826169305,258.0637275389768,2553.721308832256,38.30581963248384,30.429327973526973,30.429327973526973,181.3844792018176,538.6126823203323,2834.270263613611,0.0,0.0,0.0,0.0,0.0,0.0,0.0,0.0,576.2484372023363,23.98195499322672,0.0,0.0,0.0,-1.1368683772161603e-13,0.0
2025-10-16 10:00:00+00:00,6,21.0,2296.796900667516,774.3235180911373,1522.4733825763801,0.0,774.3235180911374,332.91752197663664,441.40599611450074,2504.533806503982,0.0,774.3235180911373,0.0,1522.4733825763801,0.0,0.0,0.0,0.0,0.0,0.0,0.0,774.3235180911373,258.10783936371246,2554.90474003123,38.32357110046845,30.449467651527602,30.449467651527602,181.5234924592872,538.8538382265233,2835.65073889404,0.0,0.0,0.0,0.0,0.0,0.0,0.0,0.0,576.2484372023363,23.981357680007925,0.0,0.0,0.0,4.547473508864641e-13,0.0
2025-10-16 11:00:00+00:00,6,21.0,2383.129426240317,802.022943711587,1581.1064825287272,0.0,802.022943711587,343.2276741029687,458.79526960861824,2504.533806503982,0.0,802.022943711587,0.0,1581.1064825287272,0.0,0.0,0.0,0.0,0.0,0.0,0.0,802.022943711587,267.34098123719565,2650.47040747751,39.75705611216265,31.622129650574543,31.622129650574543,187.92619795343683,558.2684946039442,2941.397920844261,0.0,0.0,0.0,0.0,0.0,0.0,0.0,0.0,576.2484372023363,23.98209215395972,0.0,0.0,0.0,-2.2737367544323206e-13,0.0
2025-10-16 12:00:00+00:00,6,21.0,2399.4868278373915,807.392798275865,1592.094029561527,0.0,807.392798275865,344.8668169973271,462.52598127853787,2504.533806503982,0.0,807.392798275865,0.0,1592.094029561527,0.0,0.0,0.0,0.0,0.0,0.0,0.0,807.392798275865,269.13093275862167,2668.617760596014,40.0292664089402,31.841880591230538,31.841880591230538,189.14807948409444,561.9920398341175,2961.4788676715093,0.0,0.0,0.0,0.0,0.0,0.0,0.0,0.0,576.2484372023363,23.984498825835182,0.0,0.0,0.0,3.410605131648481e-13,0.0
2025-10-16 13:00:00+00:00,6,21.0,2416.502104441078,812.9727959845711,1603.5293084565064,0.0,812.9727959845711,347.18743763581296,465.7853583487581,2504.533806503982,0.0,812.9727959845711,0.0,1603.5293084565064,0.0,0.0,0.0,0.0,0.0,0.0,0.0,812.9727959845711,270.990931994857,2687.4930364359343,40.312395546539015,32.07058616913013,32.07058616913013,190.44942341931701,565.8939232989733,2982.3960277400506,0.0,0.0,0.0,0.0,0.0,0.0,0.0,0.0,576.2484372023363,23.98593009779793,0.0,0.0,0.0,-4.547473508864641e-13,0.0
2025-10-16 14:00:00+00:00,6,21.0,2400.4562851764026,807.1307570505012,1593.3255281259007,0.0,807.1307570505012,345.9711521317455,461.1596049187557,2504.533806503982,0.0,807.1307570505012,0.0,1593.3255281259007,0.0,0.0,0.0,0.0,0.0,0.0,0.0,807.1307570505012,269.0435856835004,2669.4998708599023,40.04249806289853,31.866510562518016,31.866510562518016,189.13041821928206,561.949523090717,2962.4058082671204,0.0,0.0,0.0,0.0,0.0,0.0,0.0,0.0,576.2484372023363,23.985646960430106,0.0,0.0,0.0,7.958078640513122e-13,0.0
2025-10-16 15:00:00+00:00,6,21.0,2370.1207225475923,796.2349243762278,1573.8857981713659,0.0,796.2349243762278,340.5335850346212,455.70133934160657,2504.533806503982,0.0,796.2349243762278,0.0,1573.8857981713659,0.0,0.0,0.0,0.0,0.0,0.0,0.0,796.2349243762278,265.4116414587426,2635.532364006336,39.53298546009504,31.47771596342732,31.47771596342732,186.5584985289288,554.4585573746211,2924.579279922213,0.0,0.0,0.0,0.0,0.0,0.0,0.0,0.0,576.2484372023363,23.98923134748976,0.0,0.0,0.0,-3.410605131648481e-13,0.0
2025-10-16 16:00:00+00:00,6,21.0,2446.458205940478,823.6747129211574,1622.7834930193226,0.0,823.6747129211574,350.5218683145166,473.15284460664077,2504.533806503982,0.0,823.6747129211574,0.0,1622.7834930193226,0.0,0.0,0.0,0.0,0.0,0.0,0.0,823.6747129211574,274.5582376403858,2721.0164435808656,40.81524665371298,32.45566986038645,32.45566986038645,192.90062929181192,573.1854533066836,3019.6436592471614,0.0,0.0,0.0,0.0,0.0,0.0,0.0,0.0,576.2484372023363,23.98331671727853,0.0,0.0,0.0,-1.1368683772161603e-13,0.0
2025-10-16 17:00:00+00:00,6,21.0,2460.279991037327,829.5243165532271,1630.7556744841002,0.0,829.5243165532271,352.444714991924,477.0796015613031,2504.533806503982,0.0,829.5243165532271,0.0,1630.7556744841002,0.0,0.0,0.0,0.0,0.0,0.0,0.0,829.5243165532271,276.50810551774237,2736.7880965550694,41.05182144832604,32.615113489682,32.615113489682,194.2166953934052,577.0068493388376,3037.286840376164,0.0,0.0,0.0,0.0,0.0,0.0,0.0,0.0,576.2484372023363,23.977042151984815,0.0,0.0,0.0,-4.547473508864641e-13,0.0
2025-10-16 18:00:00+00:00,6,21.0,2507.8566522645306,846.7362945556741,1661.120357708855,0.0,846.7362945556741,358.18782511351077,488.54846944216337,2504.533806503982,0.0,846.7362945556741,0.0,1661.120357708855,0.0,0.0,0.0,0.0,0.0,0.0,0.0,846.7362945556741,282.24543151855806,2790.1020837830874,41.85153125674631,33.2224071541771,33.2224071541771,198.17051292086367,588.7122900045223,3096.5689422690534,0.0,0.0,0.0,0.0,0.0,0.0,0.0,0.0,576.2484372023363,23.97423084150629,0.0,0.0,0.0,5.684341886080801e-13,0.0
2025-10-16 19:00:00+00:00,6,21.0,2492.6049982652075,841.4257294232893,1651.1792688419198,0.0,841.4257294232893,356.31306378292675,485.11266564036254,2504.533806503982,0.0,841.4257294232893,0.0,1651.1792688419198,0.0,0.0,0.0,0.0,0.0,0.0,0.0,841.4257294232893,280.4752431410964,2773.0802414063055,41.59620362109458,33.0235853768384,33.0235853768384,196.94237143366578,585.0609889495336,3077.6659872147416,0.0,0.0,0.0,0.0,0.0,0.0,0.0,0.0,576.2484372023363,23.97385648856251,0.0,0.0,0.0,4.547473508864641e-13,0.0
2025-10-16 20:00:00+00:00,6,21.0,2473.661980718646,835.0397164950549,1638.62226422359,0.0,835.0397164950549,353.77857878077737,481.26113771427754,2504.533806503982,0.0,835.0397164950549,0.0,1638.62226422359,0.0,0.0,0.0,0.0,0.0,0.0,0.0,835.0397164950549,278.3465721650183,2752.0085528836635,41.280128293254954,32.7724452844718,32.7724452844718,195.45599780854693,580.6275888357638,3054.2895695544103,0.0,0.0,0.0,0.0,0.0,0.0,0.0,0.0,576.2484372023363,23.973525194850197,0.0,0.0,0.0,2.2737367544323206e-13,0.0
2025-10-16 21:00:00+00:00,6,21.0,2451.80062053163,827.5170227746411,1624.2835977569887,0.0,827.5170227746412,350.79059501558476,476.7264277590564,2504.533806503982,0.0,827.5170227746411,0.0,1624.2835977569887,0.0,0.0,0.0,0.0,0.0,0.0,0.0,827.5170227746411,275.83900759154704,2727.639628123177,40.91459442184765,32.48567195513977,32.48567195513977,193.71295552838714,575.4379014520614,3027.2385219836915,0.0,0.0,0.0,0.0,0.0,0.0,0.0,0.0,576.2484372023363,23.973160921215104,0.0,0.0,0.0,0.0,0.0
2025-10-16 22:00:00+00:00,6,21.0,2385.6430649887966,805.0903113568635,1580.5527536319323,0.0,805.0903113568634,341.40253192945534,463.6877794274081,2504.533806503982,0.0,805.0903113568635,0.0,1580.5527536319323,0.0,0.0,0.0,0.0,0.0,0.0,0.0,805.0903113568635,268.3634371189545,2654.0065021077503,39.81009753161625,31.611055072638646,31.611055072638646,188.47072617673362,559.8663709725816,2945.5094359613777,0.0,0.0,0.0,0.0,0.0,0.0,0.0,0.0,576.2484372023363,23.974606350119203,0.0,0.0,0.0,-5.684341886080801e-13,0.0
2025-10-16 23:00:00+00:00,6,21.0,2383.2515857583894,803.8257221896005,1579.4258635687877,0.0,803.8257221896005,341.11765649345205,462.7080656961484,2504.533806503982,0.0,803.8257221896005,0.0,1579.4258635687877,0.0,0.0,0.0,0.0,0.0,0.0,0.0,803.8257221896005,267.9419073965335,2651.1934931549217,39.76790239732382,31.588517271375753,31.588517271375753,188.18190267188223,559.0687470084911,2942.3203327668803,0.0,0.0,0.0,0.0,0.0,0.0,0.0,0.0,576.2484372023363,23.97510901291731,0.0,0.0,0.0,-2.2737367544323206e-13,0.0
2025-11-13 00:00:00+00:00,7,22.0,3360.4038384668725,1120.75891604414,2239.6449224227295,0.0,1120.75891604414,517.7905294134886,602.9683866306515,2504.533806503982,0.0,1120.75891604414,0.0,2239.6449224227295,0.0,0.0,0.0,0.0,0.0,0.0,0.0,1120.75891604414,373.58630534804666,3733.9901438149163,56.00985215722374,44.79289844845459,44.79289844845459,264.7660187387706,783.9479731409501,4144.351811607823,0.0,0.0,0.0,0.0,0.0,0.0,0.0,0.0,576.2484372023363,23.996472313037838,0.0,0.0,0.0,4.547473508864641e-13,0.0
2025-11-13 01:00:00+00:00,7,22.0,3281.3981755089244,1094.7563538888187,2186.641821620107,0.0,1094.7563538888187,506.7958954739517,587.9604584148669,2504.533806503982,0.0,1094.7563538888187,0.0,2186.641821620107,0.0,0.0,0.0,0.0,0.0,0.0,0.0,1094.7563538888187,364.91878462960625,3646.3169601385316,54.69475440207797,43.73283643240214,43.73283643240214,258.6774655055546,765.7566774020431,4047.1548529109677,0.0,0.0,0.0,0.0,0.0,0.0,0.0,0.0,576.2484372023363,23.996399262108987,0.0,0.0,0.0,2.2737367544323206e-13,0.0
2025-11-13 02:00:00+00:00,7,22.0,3229.0354634178498,1077.4698921281124,2151.5655712897365,0.0,1077.4698921281124,499.35139174642967,578.1185003816828,2504.533806503982,0.0,1077.4698921281124,0.0,2151.5655712897365,0.0,0.0,0.0,0.0,0.0,0.0,0.0,1077.4698921281124,359.1566307093708,3588.1920941272197,53.82288141190829,43.03131142579473,43.03131142579473,254.60499668688027,753.6471316597488,3982.6825950775983,0.0,0.0,0.0,0.0,0.0,0.0,0.0,0.0,576.2484372023363,23.994983857735434,0.0,0.0,0.0,-2.2737367544323206e-13,0.0
2025-11-13 03:00:00+00:00,7,22.0,3216.3525933302976,1074.2778134710538,2142.074779859241,0.0,1074.2778134710538,496.90281001008316,577.3750034609707,2504.533806503982,0.0,1074.2778134710538,0.0,2142.074779859241,0.0,0.0,0.0,0.0,0.0,0.0,0.0,1074.2778134710538,358.0926044903513,3574.445197820646,53.61667796730969,42.841495597184824,42.841495597184824,253.79479034319255,751.1870639952231,6848.781843337201,0.0,0.0,0.0,0.0,0.0,0.0,2881.242186011681,0.0,3309.6347767101697,23.99417176896212,0.0,0.0,0.0,-4.547473508864641e-13,0.0
2025-11-13 04:00:00+00:00,7,22.0,3126.968956241263,1045.9920914716056,2080.976864769656,0.0,1045.9920914716056,484.3346709645016,561.657420507104,2504.533806503982,0.0,1045.9920914716056,0.0,2080.976864769656,0.0,0.0,0.0,0.0,0.0,0.0,0.0,1045.9920914716056,348.6640304905352,3475.632986731797,52.13449480097695,41.61953729539312,41.61953729539312,247.1419293122995,731.1795291945979,5836.25979188255,0.0,0.0,0.0,0.0,0.0,0.0,1978.1113064466895,0.0,5186.235934821026,23.991427915469576,0.0,0.0,0.0,0.0,0.0
2025-11-13 05:00:00+00:00,7,22.0,3196.774369188285,1069.6972329470732,2127.077136241209,0.0,1069.6972329470732,493.7433251733447,575.9539077737285,2504.533806503982,0.0,1069.6972329470732,0.0,2127.077136241209,0.0,0.0,0.0,0.0,0.0,0.0,0.0,1069.6972329470732,356.56574431569106,3553.340113503973,53.300101702559594,42.541542724824176,42.541542724824176,252.7015160678285,747.6504475357275,3944.424816724012,0.0,0.0,0.0,0.0,0.0,0.0,0.0,0.0,5186.235934821026,23.992067978819033,0.0,0.0,0.0,-5.684341886080801e-13,0.0
2025-11-13 06:00:00+00:00,7,22.0,2924.6741731359034,979.5650957228157,1945.1090774130885,0.0,979.5650957228158,456.0953142016751,523.4697815211407,2504.533806503982,0.0,979.5650957228157,0.0,1945.1090774130885,0.0,0.0,0.0,0.0,0.0,0.0,0.0,979.5650957228157,326.5216985742719,3251.195871710176,48.76793807565264,38.90218154826177,38.90218154826177,231.57373588142178,684.6677356278699,2117.1659515629217,0.0,0.0,0.0,0.0,0.0,0.0,0.0,1492.1759572008518,3613.3443699888185,23.98957773928225,0.0,0.0,0.0,2.2737367544323206e-13,0.0
2025-11-13 07:00:00+00:00,7,22.0,2906.985988667035,973.5109505673331,1933.4750380997016,0.0,973.5109505673331,454.1304634258193,519.3804871415139,2504.533806503982,0.0,973.5109505673331,0.0,1933.4750380997016,0.0,0.0,0.0,0.0,0.0,0.0,0.0,973.5109505673331,324.50365018911106,3231.4896388561456,48.47234458284218,38.66950076199403,38.66950076199403,230.19441466170724,680.5094109576485,706.2532136130026,0.0,0.0,0.0,0.0,0.0,0.0,0.0,2881.242186011681,576.2484372023363,23.990417246520664,0.0,0.0,0.0,0.0,0.0
2025-11-13 08:00:00+00:00,7,22.0,2949.1212400973604,985.1054488505415,1964.0157912468185,0.0,985.1054488505414,458.80062270381814,526.3048261467233,2504.533806503982,0.0,985.1054488505415,0.0,1964.0157912468185,0.0,0.0,0.0,0.0,0.0,0.0,0.0,985.1054488505415,328.3684829501805,3277.489723047541,49.16234584571311,39.28031582493637,39.28031582493637,232.88258334245677,688.9740437882232,3638.095283885583,0.0,0.0,0.0,0.0,0.0,0.0,0.0,0.0,576.2484372023363,23.99294406244036,0.0,0.0,0.0,-7.958078640513122e-13,0.0
2025-11-13 09:00:00+00:00,7,22.0,2934.9349326267106,980.8202343644012,1954.1146982623093,0.0,980.8202343644011,457.0904427735309,523.7297915908703,2504.533806503982,0.0,980.8202343644012,0.0,1954.1146982623093,0.0,0.0,0.0,0.0,0.0,0.0,0.0,980.8202343644012,326.9400781214671,3261.8750107481774,48.92812516122266,39.08229396524619,39.08229396524619,231.87338083388758,685.9061720470697,3620.8411046737806,0.0,0.0,0.0,0.0,0.0,0.0,0.0,0.0,576.2484372023363,23.991557596877804,0.0,0.0,0.0,2.2737367544323206e-13,0.0
2025-11-13 10:00:00+00:00,7,22.0,2923.152840962353,977.1975004952974,1945.955340467055,0.0,977.1975004952974,455.6201878328769,521.5773126624205,2504.533806503982,0.0,977.1975004952974,0.0,1945.955340467055,0.0,0.0,0.0,0.0,0.0,0.0,0.0,977.1975004952974,325.7325001650991,3248.8853411274513,48.733280116911764,38.9191068093411,38.9191068093411,231.02432965535306,683.3283235560461,3606.481164518399,0.0,0.0,0.0,0.0,0.0,0.0,0.0,0.0,576.2484372023363,23.990854926031652,0.0,0.0,0.0,0.0,0.0
2025-11-13 11:00:00+00:00,7,22.0,2916.5379463036284,974.6570273502563,1941.880918953372,0.0,974.6570273502563,454.21840778580247,520.4386195644538,2504.533806503982,0.0,974.6570273502563,0.0,1941.880918953372,0.0,0.0,0.0,0.0,0.0,0.0,0.0,974.6570273502563,324.8856757834188,3241.423622087047,48.6213543313057,38.83761837906744,38.83761837906744,230.40048529760926,681.5827521704687,3598.1206984740966,0.0,0.0,0.0,0.0,0.0,0.0,0.0,0.0,576.2484372023363,23.99021542428924,0.0,0.0,0.0,-4.547473508864641e-13,0.0
2025-11-13 12:00:00+00:00,7,22.0,2911.949476336297,972.7065224348679,1939.24295390143,0.0,972.7065224348679,452.24413471126763,520.4623877236003,2504.533806503982,0.0,972.7065224348679,0.0,1939.24295390143,0.0,0.0,0.0,0.0,0.0,0.0,0.0,972.7065224348679,324.2355074782893,3236.184983814587,48.54277475721881,38.784859078028596,38.784859078028596,229.8918981719556,680.2398985635209,6473.431560911498,0.0,0.0,0.0,0.0,0.0,0.0,2881.242186011681,0.0,3309.6347767101697,23.99074808283525,0.0,0.0,0.0,-4.547473508864641e-13,0.0
2025-11-13 13:00:00+00:00,7,22.0,3043.061396795352,1017.8213440368173,2025.2400527585312,0.0,1017.8213440368174,474.33151146593553,543.4898325708818,2504.533806503982,0.0,1017.8213440368173,0.0,2025.2400527585312,0.0,0.0,0.0,0.0,0.0,0.0,0.0,1017.8213440368173,339.27378134560576,3382.335178140954,50.73502767211431,40.504801055170624,40.504801055170624,240.5978833254398,711.616294453501,5732.788997695541,0.0,0.0,0.0,0.0,0.0,0.0,1978.1113064466895,0.0,5186.235934821026,23.988282386347457,0.0,0.0,0.0,-1.1368683772161603e-12,0.0
2025-11-13 14:00:00+00:00,7,22.0,3199.9623254641006,1070.7935211985814,2129.168804265517,0.0,1070.7935211985814,498.5860980435644,572.2074231550171,2504.533806503982,0.0,1070.7935211985814,0.0,2129.168804265517,0.0,0.0,0.0,0.0,0.0,0.0,0.0,1070.7935211985814,356.9311737328605,3556.893499196959,53.353402487954384,42.58337608531034,42.58337608531034,253.0945514601919,748.5458798516274,3948.5082053157275,0.0,0.0,0.0,0.0,0.0,0.0,0.0,0.0,5186.235934821026,23.988564634718166,0.0,0.0,0.0,-4.547473508864641e-13,0.0
2025-11-13 15:00:00+00:00,7,22.0,3230.7696475603207,1079.7684182235193,2151.0012293368018,0.0,1079.7684182235193,498.88503074176816,580.8833874817512,2504.533806503982,0.0,1079.7684182235193,0.0,2151.0012293368018,0.0,0.0,0.0,0.0,0.0,0.0,0.0,1079.7684182235193,359.92280607450647,3590.692453634828,53.86038680452241,43.020024586736035,43.020024586736035,255.0056905752882,754.8289326277892,2493.4226229872575,0.0,0.0,0.0,0.0,0.0,0.0,0.0,1492.1759572008518,3613.3443699888185,23.988394640676862,0.0,0.0,0.0,-5.684341886080801e-13,0.0
2025-11-13 16:00:00+00:00,7,22.0,3209.827763350554,1074.247020811393,2135.5807425391636,0.0,1074.247020811393,497.2076552593019,577.0393655520911,2504.533806503982,0.0,1074.247020811393,0.0,2135.5807425391636,0.0,0.0,0.0,0.0,0.0,0.0,0.0,1074.247020811393,358.08234027046433,3567.910103621021,53.51865155431531,42.71161485078327,42.71161485078327,253.7945552849041,750.8187768112502,1079.4043541501233,0.0,0.0,0.0,0.0,0.0,0.0,0.0,2881.242186011681,576.2484372023363,23.990336873425385,0.0,0.0,0.0,0.0,0.0
2025-11-13 17:00:00+00:00,7,22.0,3193.7881855005635,1069.4821803759876,2124.306005124576,0.0,1069.4821803759876,499.45079844815535,570.0313819278323,2504.533806503982,0.0,1069.4821803759876,0.0,2124.306005124576,0.0,0.0,0.0,0.0,0.0,0.0,0.0,1069.4821803759876,356.4940601253292,3550.2822456258928,53.25423368438839,42.486120102491526,42.486120102491526,252.89718528895565,747.6177193036563,3941.4059048042195,0.0,0.0,0.0,0.0,0.0,0.0,0.0,0.0,576.2484372023363,23.98842995551501,0.0,0.0,0.0,-2.2737367544323206e-13,0.0
2025-11-13 18:00:00+00:00,7,22.0,3206.1912956608926,1072.1438359854644,2134.0474596754266,0.0,1072.1438359854644,501.79092368204516,570.3529123034192,2504.533806503982,0.0,1072.1438359854644,0.0,2134.0474596754266,0.0,0.0,0.0,0.0,0.0,0.0,0.0,1072.1438359854644,357.38127866182145,3563.572574322712,53.45358861484068,42.68094919350853,42.68094919350853,253.57807584560535,749.7748415092846,3955.9661371701773,0.0,0.0,0.0,0.0,0.0,0.0,0.0,0.0,576.2484372023363,23.9888084253856,0.0,0.0,0.0,1.1368683772161603e-13,0.0
2025-11-13 19:00:00+00:00,7,22.0,3235.0414816398597,1082.6615801874493,2152.3799014524125,0.0,1082.661580187449,507.08856792459915,575.57301226285,2504.533806503982,0.0,1082.6615801874493,0.0,2152.3799014524125,0.0,0.0,0.0,0.0,0.0,0.0,0.0,1082.6615801874493,360.88719339581644,3595.928675035678,53.93893012553517,43.04759802904825,43.04759802904825,256.13792308563217,757.0592426650803,3992.1007243049403,0.0,0.0,0.0,0.0,0.0,0.0,0.0,0.0,576.2484372023363,23.990411338336976,0.0,0.0,0.0,2.2737367544323206e-13,0.0
2025-11-13 20:00:00+00:00,7,22.0,3226.673697013226,1080.9370524479025,2145.7366445653242,0.0,1080.9370524479027,505.4749811648463,575.4620712830563,2504.533806503982,0.0,1080.9370524479025,0.0,2145.7366445653242,0.0,0.0,0.0,0.0,0.0,0.0,0.0,1080.9370524479025,360.3123508159675,3586.986047829194,53.8047907174379,42.914732891306485,42.914732891306485,255.69207930763895,755.6386866236573,3982.3123836368827,0.0,0.0,0.0,0.0,0.0,0.0,0.0,0.0,576.2484372023363,23.986838889202023,0.0,0.0,0.0,-6.821210263296962e-13,0.0
2025-11-13 21:00:00+00:00,7,22.0,3122.517284295217,1045.8311167463473,2076.686167548871,0.0,1045.8311167463476,485.7011369024094,560.129979843938,2504.533806503982,0.0,1045.8311167463473,0.0,2076.686167548871,0.0,0.0,0.0,0.0,0.0,0.0,0.0,1045.8311167463473,348.6103722487824,3471.1276565440003,52.06691484816,41.53372335097742,41.53372335097742,247.2292505210659,730.9739843199632,3853.4912686151797,0.0,0.0,0.0,0.0,0.0,0.0,0.0,0.0,576.2484372023363,23.99001838653502,0.0,0.0,0.0,-4.547473508864641e-13,0.0
2025-11-13 22:00:00+00:00,7,22.0,3132.447020939854,1049.43911323666,2083.007907703195,0.0,1049.43911323666,486.139121390686,563.2999918459741,2504.533806503982,0.0,1049.43911323666,0.0,2083.007907703195,0.0,0.0,0.0,0.0,0.0,0.0,0.0,1049.43911323666,349.81303774555334,3482.2600586854087,52.233900880281126,41.6601581540639,41.6601581540639,248.0353466794751,733.4026016134374,3865.8496225532913,0.0,0.0,0.0,0.0,0.0,0.0,0.0,0.0,576.2484372023363,23.991599650069677,0.0,0.0,0.0,-2.2737367544323206e-13,0.0
2025-11-13 23:00:00+00:00,7,22.0,3118.19106510485,1045.604966664527,2072.5860984403234,0.0,1045.6049666645272,482.6647568414568,562.9402098230703,2504.533806503982,0.0,1045.604966664527,0.0,2072.5860984403234,0.0,0.0,0.0,0.0,0.0,0.0,0.0,1045.604966664527,348.53498888817563,3466.7260539930257,52.00089080989538,41.45172196880647,41.45172196880647,247.05753837467202,730.4968620103559,3848.6879271152056,0.0,0.0,0.0,0.0,0.0,0.0,0.0,0.0,576.2484372023363,23.992064582890514,0.0,0.0,0.0,-4.547473508864641e-13,0.0
2025-11-28 00:00:00+00:00,8,46.0,3424.175471449615,1137.038137511456,2287.137333938157,0.0,1137.0381375114562,525.6348570462086,611.4032804652475,2504.533806503982,945.1516522031577,191.88648530829823,368.8675132569564,1918.2698206812006,0.0,0.0,1374.7660395682294,429.61438736507165,368.8675132569564,491.82335100927514,122.95583775231879,191.88648530829823,63.96216176943275,2174.1184677589317,32.611777016383975,49.431421811332704,38.36539641362401,268.49682823585795,1005.4378103640217,4429.613281813637,1866.5893905775047,2638.87296846023,0.0,0.0,0.0,0.0,0.0,0.0,576.2484372023363,23.98718086064704,0.0,0.0,0.0,-2.2737367544323206e-13,0.0
2025-11-28 01:00:00+00:00,8,46.0,3247.9571611603405,1080.2059740180007,2167.751187142341,0.0,1080.2059740180007,498.61758454110594,581.5883894768948,2504.533806503982,929.0362230610036,151.16975095699706,368.86751325695633,1798.883673885385,0.0,0.0,1351.3254153614598,422.2891923004562,368.86751325695633,491.8233510092751,122.95583775231877,151.16975095699706,50.389916985665685,2000.4433418280478,30.006650127420716,47.04369887541639,35.9776734777077,255.04595815806675,963.7089276770521,4211.666088837392,1843.1487663707348,2629.8324046127,0.0,0.0,0.0,0.0,0.0,0.0,576.2484372023363,23.988712669524556,0.0,0.0,0.0,-9.094947017729282e-13,0.0
2025-11-28 02:00:00+00:00,8,46.0,3264.2567696386836,1085.770822096512,2178.4859475421713,0.0,1085.770822096512,498.3428680368048,587.4279540597071,2504.533806503982,933.6368346609307,152.13398743558116,368.8675132569563,1809.618434285215,0.0,0.0,1358.017214052263,424.38037939133216,368.8675132569563,491.82335100927503,122.95583775231876,152.13398743558116,50.71132914519372,2012.4637508659898,30.186956262989845,47.25839408341299,36.1923686857043,256.25026213117496,967.9355274521267,4232.192297090809,1849.840565061538,2630.82239760372,0.0,0.0,0.0,0.0,0.0,0.0,576.2484372023363,23.99347557201311,0.0,0.0,0.0,-1.3642420526593924e-12,0.0
2025-11-28 03:00:00+00:00,8,46.0,3236.0382961942355,1077.3636485657876,2158.6746476284457,0.0,1077.3636485657876,494.5029576571225,582.8606909086651,2504.533806503982,925.1462775550483,152.21737101073927,368.86751325695633,1789.8071343714894,0.0,0.0,1345.667312807343,420.52103525229467,368.86751325695633,491.8233510092751,122.95583775231877,152.21737101073927,50.73912367024642,1992.7636290524752,29.891454435787125,46.86216808513848,35.796142687429786,254.26182259291048,961.0275844761256,7078.308066682041,1837.490663816618,2647.87441583161,0.0,0.0,0.0,0.0,2881.242186011681,0.0,3309.6347767101697,23.991909245626637,0.0,0.0,0.0,-1.8189894035458565e-12,0.0
2025-11-28 04:00:00+00:00,8,46.0,3247.777536080856,1081.7042424520127,2166.0732936288423,0.0,1081.7042424520127,496.91809182083614,584.7861506311766,2504.533806503982,928.3171258409328,153.38711661107993,368.86751325695633,1797.205780371886,0.0,0.0,1350.2794557686295,421.9623299276967,368.86751325695633,491.8233510092751,122.95583775231877,153.38711661107993,51.12903887035998,2001.721935853326,30.025829037799888,47.01014100514641,35.94411560743772,255.30662162907882,964.3339138298383,6190.222756357383,1842.1028067779046,3990.08519780826,0.0,0.0,0.0,0.0,1978.1113064466895,0.0,5186.235934821026,23.99115613229533,0.0,0.0,0.0,-4.547473508864641e-13,0.0
2025-11-28 05:00:00+00:00,8,46.0,3232.7205570682927,1076.3078856640036,2156.412671404291,0.0,1076.3078856640036,494.68281899602084,581.6250666679827,2504.533806503982,924.1768591732679,152.13102649073574,368.86751325695633,1787.5451581473346,0.0,0.0,1344.2572497065714,420.08039053330356,368.86751325695633,491.8233510092751,122.95583775231877,152.13102649073574,50.71034216357858,1990.3865268016489,29.855797902024733,46.816928560655384,35.75090316294669,254.03420268309074,960.2044027579184,4192.924959826211,1836.0806007158465,5446.84991408006,0.0,0.0,0.0,0.0,0.0,0.0,5186.235934821026,23.99027459487436,0.0,0.0,0.0,2.2737367544323206e-13,0.0
2025-11-28 06:00:00+00:00,8,46.0,3251.0636055714913,1080.9577278507466,2170.1058777207463,0.0,1080.9577278507466,496.1497165380294,584.8080113127171,2504.533806503982,930.0453761660343,150.91235168471223,1.4515323150377831e-12,2170.105877720745,0.0,0.0,1352.7932744233226,422.7478982572883,1.4515323150377831e-12,1.9353764200503775e-12,4.838441050125944e-13,150.91235168471223,50.30411722823741,2371.3223466336945,35.56983519950541,43.40211755441494,43.4021175544149,255.06006525536745,850.486151049229,4101.54975662072,1352.7932744233246,5019.21591944595,0.0,0.0,0.0,0.0,0.0,0.0,5186.235934821026,23.99070876377762,0.0,0.0,0.0,-6.821210263296962e-13,0.0
2025-11-28 07:00:00+00:00,8,46.0,3227.6421726238386,1074.2780745753491,2153.364098048489,0.0,1074.2780745753491,492.8318761633292,581.44619841202,2504.533806503982,922.8703277350668,151.40774684028236,1.470191481523788e-12,2153.3640980484874,0.0,0.0,1342.3568403419154,419.4865126068485,1.470191481523788e-12,1.960255308698384e-12,4.90063827174596e-13,151.40774684028236,50.469248946760786,2355.2410938355306,35.328616407532955,43.067281960969794,43.06728196096975,253.48839147032575,844.9073333534079,4072.549505977247,1342.3568403419174,3887.45313427802,0.0,0.0,0.0,0.0,0.0,0.0,5186.235934821026,23.990849224276154,0.0,0.0,0.0,4.547473508864641e-13,0.0
2025-11-28 08:00:00+00:00,8,46.0,3217.9434145485484,1071.2032820636564,2146.7401324848947,0.0,1071.2032820636564,491.3389897984238,579.8642922652326,2504.533806503982,920.0314853506693,151.1717967129871,0.0,2146.7401324848947,0.0,0.0,1338.227615055519,418.1961297048497,0.0,0.0,0.0,151.1717967129871,50.39059890432903,2348.302528102211,35.22453792153316,42.93480264969789,42.93480264969789,252.7513130514225,842.4321848815301,1179.1334134183967,1338.227615055519,3416.20661731202,0.0,0.0,0.0,0.0,0.0,2881.242186011681,2149.1400020345436,23.990003904469724,0.0,0.0,0.0,-7.958078640513122e-13,0.0
2025-11-28 09:00:00+00:00,8,46.0,3203.6907834092526,1067.1086992983332,2136.582084110921,0.0,1067.1086992983332,489.1509852608175,577.9577140375158,2504.533806503982,915.6780360475378,151.43066325079542,0.0,2136.582084110921,0.0,0.0,1331.895325160055,416.2172891125172,0.0,0.0,0.0,151.43066325079542,50.47688775026514,2338.489635111982,35.077344526679724,42.731641682218424,42.731641682218424,251.76782079434935,839.0026255482483,2550.517451756649,1331.895325160055,1450.31793784568,0.0,0.0,0.0,0.0,0.0,1492.1759572008518,576.2484372023363,23.990444305337295,0.0,0.0,0.0,-2.2737367544323206e-13,0.0
2025-11-28 10:00:00+00:00,8,46.0,3204.0751903207956,1066.221406542251,2137.8537837785457,0.0,1066.2214065422509,489.01982232248076,577.2015842197702,2504.533806503982,0.0,1066.221406542251,0.0,2137.8537837785457,0.0,0.0,0.0,0.0,0.0,0.0,0.0,1066.221406542251,355.4071355140837,3559.4823258348806,53.39223488752321,42.75707567557092,42.75707567557092,251.57161591248513,745.885137665234,3949.960327986029,0.0,0.0,0.0,0.0,0.0,0.0,0.0,0.0,576.2484372023363,23.990350800950413,0.0,0.0,0.0,-6.821210263296962e-13,0.0
2025-11-28 11:00:00+00:00,8,46.0,3254.992720441803,1082.4208769740521,2172.5718434677487,0.0,1082.4208769740521,496.5482607074346,585.8726162666176,2504.533806503982,60.758697000072964,1021.6621799739792,0.0,2172.5718434677487,0.0,0.0,88.37628654556067,27.61758954548771,0.0,0.0,0.0,1021.6621799739792,340.55405999132637,3534.7880834330545,53.021821251495815,43.45143686935498,43.45143686935498,255.38859645216658,763.4849409791864,4018.477661420988,0.0,0.0,0.0,88.37628654556067,0.0,83.95747221828265,0.0,0.0,576.2484372023363,23.989859476782478,0.0,0.0,0.0,-1.3642420526593924e-12,0.0
2025-11-28 12:00:00+00:00,8,46.0,3228.0821821670875,1074.5573259327348,2153.524856234355,0.0,1074.5573259327348,490.81728353751737,583.7400423952174,2504.533806503982,564.1816485232368,510.37567740949794,0.0,2153.524856234355,0.0,0.0,820.6278523974354,256.44620387419855,0.0,0.0,0.0,510.37567740949794,170.125225803166,2834.025759447019,42.51038639170528,43.0704971246871,43.0704971246871,253.4588441105254,808.6816544289694,6918.006022607737,2.2737367544323206e-13,0.0,2.2737367544323206e-13,820.6278523974352,0.0,863.3860170514096,2881.242186011681,0.0,3309.6347767101697,23.991645076034708,0.0,0.0,0.0,-1.3642420526593924e-12,0.0
2025-11-28 13:00:00+00:00,8,46.0,3215.14147905836,1070.7669215877,2144.374557470663,0.0,1070.7669215877,489.0266999195596,581.7402216681404,2504.533806503982,564.1816485232367,506.5852730644632,0.0,2144.374557470663,0.0,0.0,820.6278523974353,256.4462038741985,0.0,0.0,0.0,506.5852730644632,168.8617576881544,2819.8215882232807,42.29732382334921,42.887491149413265,42.887491149413265,252.56026533133434,805.940533015863,5999.193318520912,0.0,0.0,0.0,820.6278523974353,0.0,1641.2557047948706,1978.1113064466895,0.0,5186.235934821026,23.990359934478604,0.0,0.0,0.0,-4.547473508864641e-13,0.0
2025-11-28 14:00:00+00:00,8,46.0,3309.96081970632,1102.315726276367,2207.6450934299523,0.0,1102.315726276367,501.18965712025164,601.1260691561154,2504.533806503982,945.1516522031575,157.16407407320958,0.0,2207.6450934299523,0.0,0.0,1374.7660395682292,429.6143873650716,0.0,0.0,0.0,157.16407407320958,52.38802469106986,2417.197192194232,36.25795788291347,44.152901868599045,44.152901868599045,259.8737502595832,866.4399239358363,4176.400743642156,2195.3938919656644,2278.62983336397,0.0,0.0,820.6278523974353,774.1544013879807,0.0,0.0,5186.235934821026,23.99036647848393,0.0,0.0,0.0,0.0,0.0
2025-11-28 15:00:00+00:00,8,46.0,3399.0756266603876,1133.2705896034688,2265.805037056919,0.0,1133.2705896034688,520.385321390865,612.8852682126038,2504.533806503982,945.1516522031577,188.1189374003111,1.423543565308776e-12,2265.8050370569176,0.0,0.0,1374.7660395682294,429.61438736507165,1.423543565308776e-12,1.898058087078368e-12,4.74514521769592e-13,188.1189374003111,62.70631246677036,2516.630286923999,37.749454303859984,45.31610074113839,45.31610074113836,267.46465693891935,888.1670125568985,4287.2426392172865,2108.7418275241757,2180.74284742367,0.0,0.0,733.9757879559445,0.0,0.0,0.0,5186.235934821026,23.98840233287393,0.0,0.0,0.0,4.547473508864641e-13,0.0
2025-11-28 16:00:00+00:00,8,46.0,3407.1959698933106,1138.9618483673244,2268.234121525987,0.0,1138.9618483673244,530.9457762954631,608.0160720718612,2504.533806503982,945.1516522031575,193.81019616416688,0.0,2268.234121525987,0.0,0.0,1374.7660395682292,429.6143873650716,0.0,0.0,0.0,193.81019616416688,64.60339872138896,2526.647716411543,37.89971574617314,45.36468243051974,45.36468243051974,269.28692515016985,892.1337918438431,1418.0875757254712,1374.7660395682292,3030.3205297877,0.0,0.0,0.0,0.0,0.0,2881.242186011681,2149.1400020345436,23.987273594485284,0.0,0.0,0.0,-1.9326762412674725e-12,0.0
2025-11-28 17:00:00+00:00,8,46.0,3384.7131239363234,1131.4214996498433,2253.2916242864803,0.0,1131.4214996498436,528.6669324611667,602.7545671886768,2504.533806503982,945.1516522031576,186.26984744668573,0.0,2253.2916242864803,0.0,0.0,1374.7660395682292,429.6143873650716,0.0,0.0,0.0,186.26984744668573,62.08994914889524,2501.6514208820613,37.52477131323092,45.06583248572961,45.06583248572961,267.58949413952763,886.9502669381848,4271.663390874508,1374.7660395682292,4253.61577227667,0.0,0.0,0.0,0.0,0.0,0.0,2149.1400020345436,23.987876094852332,0.0,0.0,0.0,-2.2737367544323206e-13,0.0
2025-11-28 18:00:00+00:00,8,46.0,3331.901453149512,1113.330947721635,2218.570505427877,0.0,1113.330947721635,520.3120773009459,593.0188704206892,2504.533806503982,945.1516522031578,168.17929551847726,1.4748562731452893e-12,2218.5705054278756,0.0,0.0,1374.7660395682296,429.61438736507176,1.4748562731452893e-12,1.9664750308603855e-12,4.916187577150964e-13,168.17929551847726,56.059765172825756,2442.8095661191787,36.64214349178768,44.371410108557555,44.37141010855751,263.30358031207527,874.362696558876,2714.0881925075355,1374.7660395682317,3896.00403446804,0.0,0.0,0.0,0.0,0.0,1492.1759572008518,576.2484372023363,23.986630317836692,0.0,0.0,0.0,0.0,0.0
2025-11-28 19:00:00+00:00,8,46.0,3233.2060234436854,1078.7087531427276,2154.4972703009576,0.0,1078.7087531427276,503.33304908181486,575.3757040609128,2504.533806503982,923.3559729861248,155.35278015660276,0.0,2154.4972703009576,0.0,0.0,1343.0632334343634,419.7072604482385,0.0,0.0,0.0,155.35278015660276,51.78426005220092,2361.6343105097612,35.42451465764642,43.089945406019154,43.089945406019154,255.05216094428758,848.1480869144118,4081.3541103580974,1343.0632334343634,3475.14967492605,0.0,0.0,0.0,0.0,0.0,0.0,576.2484372023363,23.986044235891423,0.0,0.0,0.0,2.2737367544323206e-13,0.0
2025-11-28 20:00:00+00:00,8,46.0,3257.3803638142945,1087.4576146896745,2169.9227491246197,0.0,1087.4576146896745,506.3487181972943,581.1088964923803,2504.533806503982,929.96689248198,157.4907222076945,0.0,2169.9227491246197,0.0,0.0,1352.6791163374255,422.7122238554455,0.0,0.0,0.0,157.4907222076945,52.49690740256483,2379.910378734879,35.69865568102318,43.398454982492396,43.398454982492396,257.0842749192731,854.7889718232914,4112.169335637585,1352.6791163374255,5812.04950907955,0.0,0.0,0.0,0.0,0.0,0.0,576.2484372023363,23.986558036971363,0.0,0.0,0.0,-4.547473508864641e-13,0.0
2025-11-28 21:00:00+00:00,8,46.0,3294.174237860473,1100.9762381879507,2193.1979996725227,0.0,1100.976238187951,512.9207844549819,588.0554537329689,2504.533806503982,939.9419998596527,161.034238328298,0.0,2193.1979996725227,0.0,0.0,1367.188363432222,427.2463635725694,0.0,0.0,0.0,161.034238328298,53.678079442766,2407.910317443587,36.1186547616538,43.86395999345046,43.86395999345046,260.2910077056127,865.0620254695027,4159.236263329975,1367.188363432222,5630.00339966887,0.0,0.0,0.0,0.0,0.0,0.0,576.2484372023363,23.983293649442853,0.0,0.0,0.0,-4.547473508864641e-13,0.0
2025-11-28 22:00:00+00:00,8,46.0,3371.3306467142584,1128.4879486382972,2242.8426980759627,0.0,1128.4879486382974,527.0536163614028,601.4343322768946,2504.533806503982,945.1516522031575,183.33629643513973,1.4748562731452893e-12,2242.8426980759614,0.0,0.0,1374.7660395682292,429.6143873650716,1.4748562731452893e-12,1.9664750308603855e-12,4.916187577150964e-13,183.33629643513973,61.112098811713246,2487.2910933228145,37.30936639984222,44.85685396151927,44.85685396151923,266.87692047239375,884.6264809720599,4255.957127686318,1374.7660395682312,4787.20798837594,0.0,0.0,0.0,0.0,0.0,0.0,576.2484372023363,23.98558434283542,0.0,0.0,0.0,-2.2737367544323206e-13,0.0
2025-11-28 23:00:00+00:00,8,46.0,3337.2492740096263,1116.1347656460773,2221.1145083635492,0.0,1116.1347656460775,520.7080713455313,595.4266943005462,2504.533806503982,945.1516522031576,170.98311344291972,368.86751325695633,1852.246995106593,0.0,0.0,1374.7660395682292,429.6143873650716,368.86751325695633,491.8233510092751,122.95583775231877,170.98311344291972,56.9943711476399,2080.2244796971527,31.20336719545729,48.11096529984055,37.04493990213186,263.93679132331937,989.8606599857794,4327.109933995405,1866.5893905775042,2579.61427883634,0.0,0.0,0.0,0.0,0.0,0.0,576.2484372023363,23.988483012053752,0.0,0.0,0.0,-4.547473508864641e-13,0.0
