timestamp_hour_utc,representative_day_id,day_weight,it_load_kw,q_air_kw,q_cp_kw,q_rdhx_kw,s_air_kw,s_air_old_kw,s_air_new_kw,old_ac_capacity_eff_kw,q_air_to_ashp_kw,q_air_to_reject_kw,q_cp_to_wshp_kw,q_cp_to_free_kw,q_rdhx_to_wshp_kw,q_rdhx_to_chiller_kw,q_ashp_out_kw,p_ashp_kw,q_wshp_in_kw,q_wshp_out_kw,p_wshp_kw,q_chiller_evap_kw,p_chiller_kw,q_tower_kw,p_tower_kw,p_pump_kw,p_cdu_free_kw,p_terminal_kw,p_cooling_kw,p_grid_kw,q_heat_kw,heating_demand_kw,heat_demand_upper_violation_kw,q_tes_ch_kw,q_tes_dis_kw,e_tes_kwh,p_bess_ch_kw,p_bess_dis_kw,e_bess_kwh,max_theta_c,hotspot_slack_c,hotspot_penalty_yuan,bess_degradation_cost_yuan,power_balance_residual_kw,heat_balance_residual_kw
2025-01-30 00:00:00+00:00,0,66.0,2837.291468201433,963.1629424615933,1840.7647292641202,33.3637964757192,963.1629424615933,548.5909383964452,414.5720040651482,3031.252513162501,822.2029256279395,140.96001683365375,1.4655266899022868e-12,1840.7647292641188,33.3637964757192,0.0,1195.9315281860938,373.7286025581543,33.36379647572066,44.485061967627544,11.121265491906886,140.96001683365375,46.98667227788459,2028.711418375657,30.430671275634854,37.14893255003961,36.81529458528238,231.06692400999674,767.2983627488993,3604.589830950333,1240.4165901537215,3219.22382502416,0.0,0.0,0.0,0.0,0.0,0.0,576.2484372023363,23.98982400470025,0.0,0.0,0.0,9.094947017729282e-13,0.0
2025-01-30 01:00:00+00:00,0,66.0,2811.291148338461,955.3117429026835,1822.4213364440943,33.55806899168134,955.3117429026834,542.3675889311365,412.9441539715469,3031.252513162501,814.5372617194549,140.77448118322854,0.0,1822.4213364440943,33.55806899168134,0.0,1184.7814715919344,370.2442098724795,33.55806899168134,44.74409198890845,11.186022997227113,140.77448118322854,46.92482706107618,2010.1206446883991,30.151809670325985,36.784007418798694,36.448426728881884,229.1402330209492,760.8795367697385,3572.1706851081995,1229.5255635808428,3277.57292616957,0.0,0.0,0.0,0.0,0.0,0.0,576.2484372023363,23.98937978500234,0.0,0.0,0.0,0.0,0.0
2025-01-30 02:00:00+00:00,0,66.0,2819.105058034541,956.9598741685396,1828.8979763337707,33.24720753223152,956.9598741685395,540.7389233916366,416.22095077690295,3031.252513162501,817.004420947568,139.95545322097166,0.0,1828.8979763337707,33.24720753223152,0.0,1188.370066832826,371.3656458852581,33.24720753223152,44.32961004297536,11.08240251074384,139.95545322097166,46.651817740323885,2015.5052472950663,30.232578709425994,36.91043160199773,36.577959526675414,229.43522354221918,762.2560595166442,3581.361117551185,1232.6996768758015,3350.47819276152,0.0,0.0,0.0,0.0,0.0,0.0,576.2484372023363,23.98548955602735,0.0,0.0,0.0,0.0,0.0
2025-01-30 03:00:00+00:00,0,66.0,2803.0722391605236,951.7858992341082,1818.2055940798432,33.08074584657285,951.7858992341082,536.682803160972,415.1030960731362,3031.252513162501,812.2553763222251,139.53052291188317,0.0,1818.2055940798432,33.08074584657285,0.0,1181.4623655596001,369.206989237375,33.08074584657285,44.1076611287638,11.02691528219095,139.53052291188317,46.51017430396106,2004.2462912956873,30.06369436943531,36.69491934006259,36.36411188159686,228.15278367630555,758.0195880909273,5539.20313369814,1225.570026688364,3424.45119305147,0.0,0.0,0.0,0.0,1978.1113064466895,0.0,2452.8495953131924,23.984328164487856,0.0,0.0,0.0,-4.547473508864641e-13,0.0
2025-01-30 04:00:00+00:00,0,66.0,2818.2087153841603,956.5564319567737,1828.4203386878794,33.231944739508066,956.5564319567738,538.9694992626207,417.58693269415306,3031.252513162501,816.7861417022176,139.77029025455613,0.0,1828.4203386878794,33.231944739508066,0.0,1188.0525697486803,371.2664280464626,33.231944739508066,44.30925965267742,11.077314913169355,139.77029025455613,46.59009675151871,2014.7807256939543,30.221710885409312,36.90072622115267,36.56840677375759,229.27790911609296,761.9025927075631,6461.353494103403,1232.3618294013577,5074.25305785225,0.0,0.0,0.0,0.0,2881.242186011681,0.0,5186.235934821026,23.98503221054523,0.0,0.0,0.0,-1.3642420526593924e-12,0.0
2025-01-30 05:00:00+00:00,0,66.0,2796.4623028695482,948.7743643244792,1814.9708155210838,32.71712302398399,948.7743643244792,532.4354662679858,416.33889805649335,3031.252513162501,810.5105577977353,138.2638065267439,2.9497125462905786e-12,1814.9708155210808,32.71712302398399,0.0,1178.9244477057969,368.4138899080615,32.717123023986936,43.622830698649246,10.905707674662311,138.2638065267439,46.08793550891463,1999.3225575567394,29.98983836335109,36.626587540661546,36.29941631042162,227.29083960661248,755.6142149126852,3552.076517782233,1222.5472784044462,7175.01322351412,0.0,0.0,0.0,0.0,0.0,0.0,5186.235934821026,23.98514671590073,0.0,0.0,0.0,-2.2737367544323206e-13,0.0
2025-01-30 06:00:00+00:00,0,66.0,2839.669267894365,963.8510678630317,1842.7144643064837,33.1037357248507,963.8510678630319,542.5850026988471,421.2660651641847,3031.252513162501,822.7875948707033,141.06347299232846,0.0,1842.7144643064837,33.1037357248507,0.0,1196.7819561755684,373.9943613048651,33.1037357248507,44.13831429980093,11.034578574950233,141.06347299232846,47.02115766410949,2030.7990949629216,30.461986424443822,37.18532664337818,36.85428928612968,230.97575655627676,767.5274564541533,3607.1967243485183,1240.9202704753693,6830.12859379895,0.0,0.0,0.0,0.0,0.0,0.0,5186.235934821026,23.98178595547387,0.0,0.0,0.0,0.0,0.0
2025-01-30 07:00:00+00:00,0,66.0,2968.4064399077884,1008.6145681807781,1924.6221105473771,35.169761179630996,1008.6145681807781,568.2138941834984,440.4006739972797,3031.252513162501,859.9514170902698,148.66315109050822,2.9497125462905786e-12,1924.6221105473742,35.169761179630996,0.0,1250.8384248585744,390.8870077683045,35.169761179633944,46.89301490617859,11.723253726544648,148.66315109050822,49.55438369683608,2122.8396453347186,31.842594680020778,38.844139822743884,38.49244221094749,241.74595271935985,803.0897746247572,2279.3202573316935,1297.731439764753,5663.16442841657,0.0,0.0,0.0,0.0,0.0,1492.1759572008518,3613.3443699888185,23.97950919436639,0.0,0.0,0.0,-2.2737367544323206e-13,0.0
2025-01-30 08:00:00+00:00,0,66.0,3021.9030784233887,1026.6296203259662,1959.4056335136968,35.86782458372569,1026.6296203259662,577.9905269947385,448.6390933312276,3031.252513162501,875.5550681004846,151.07455222548163,1.4748562731452893e-12,1959.4056335136954,35.86782458372569,0.0,1273.534644509796,397.9795764093112,35.86782458372717,47.823766111636225,11.955941527909056,151.07455222548163,50.358184075160544,2160.8383698143375,32.41257554721506,39.546790916111206,39.18811267027391,246.05208515397834,817.4932662999593,958.1541587116662,1321.358410621432,5011.85628625748,0.0,0.0,0.0,0.0,0.0,2881.242186011681,576.2484372023363,23.980332128425765,0.0,0.0,0.0,-6.821210263296962e-13,0.0
2025-01-30 09:00:00+00:00,0,66.0,3002.5329056780597,1021.1285586546051,1945.3262023024827,36.078144720973306,1021.1285586546051,574.3333629954142,446.79519565919094,3031.252513162501,869.7322546066905,151.39630404791455,0.0,1945.3262023024827,36.078144720973306,0.0,1265.0650976097318,395.33284300304115,36.078144720973306,48.10419296129774,12.026048240324435,151.39630404791455,50.46543468263818,2147.1879410330353,32.207819115495525,39.267305493259386,38.906524046049654,244.71186159295286,812.9178361737611,3815.4507418518206,1313.1692905710295,2152.95611156432,0.0,0.0,0.0,0.0,0.0,0.0,576.2484372023363,23.981366692467144,0.0,0.0,0.0,-2.2737367544323206e-13,0.0
2025-01-30 10:00:00+00:00,0,66.0,2975.7765020466836,1011.7663444342257,1928.5397326648667,35.47042494759229,1011.7663444342257,568.2140596781019,443.55228475612387,3031.252513162501,0.0,1011.7663444342257,0.0,1928.5397326648667,35.47042494759229,0.0,0.0,0.0,35.47042494759229,47.293899930123054,11.823474982530763,1011.7663444342257,337.25544814474193,3277.5615252438347,49.16342287865752,38.925498902773256,38.570794653297334,242.42552436749125,718.164163929492,3693.9406659761758,0.0,0.0,0.0,47.293899930123054,0.0,44.9292049336169,0.0,0.0,576.2484372023363,23.97966652456033,0.0,0.0,0.0,1.1368683772161603e-13,0.0
2025-01-30 11:00:00+00:00,0,66.0,2984.4163694457434,1014.4030988342091,1934.6367760670696,35.37649454446185,1014.4030988342092,571.9987387786274,442.4043600555818,3031.252513162501,0.0,1014.4030988342091,0.0,1934.6367760670696,35.37649454446185,0.0,0.0,0.0,35.37649454446185,47.168659392615794,11.792164848153948,1014.4030988342091,338.1343662780697,3287.1742411793484,49.30761361769022,39.04650046678601,38.69273552134139,243.1473548520467,720.1207355840879,3704.5371050298318,0.0,0.0,0.0,47.168659392615794,0.0,89.64957294673468,0.0,0.0,576.2484372023363,23.979938533674474,0.0,0.0,0.0,4.547473508864641e-13,0.0
2025-01-30 12:00:00+00:00,0,66.0,2967.3302624982703,1008.997435420511,1922.7376109509698,35.59521612678871,1008.997435420511,570.5335704848643,438.4638649356467,3031.252513162501,531.5527004070137,477.4447350134973,0.0,1922.7376109509698,35.59521612678871,0.0,773.1675642283836,241.61486382136988,35.59521612678871,47.460288169051616,11.865072042262904,477.4447350134973,159.1482450044991,2559.330590968966,38.38995886453449,38.810704380287284,38.4547522190194,241.95218372666278,770.2357800586358,6618.808228568588,0.0,0.0,0.0,820.6278523974353,0.0,869.0667335784048,2881.242186011681,0.0,3309.6347767101697,23.979787831924746,0.0,0.0,0.0,9.094947017729282e-13,0.0
2025-01-30 13:00:00+00:00,0,66.0,2932.027352838794,996.7626729417981,1899.9335804039256,35.331099493069225,996.762672941798,560.9341025044287,435.82857043736936,3031.252513162501,527.6919845559046,469.0706883858935,0.0,1899.9335804039256,35.331099493069225,0.0,767.5519775358613,239.85999297995664,35.331099493069225,47.10813265742563,11.777033164356407,469.0706883858935,156.35689612863118,2525.3611649184504,37.88041747377675,38.351982603009205,37.99867160807851,238.9223807236805,761.1473746814892,5671.286033966971,1.1368683772161603e-13,0.0,1.1368683772161603e-13,814.6601101932868,0.0,1641.2557047948706,1978.1113064466895,0.0,5186.235934821026,23.980746922802563,0.0,0.0,0.0,-9.094947017729282e-13,0.0
2025-01-30 14:00:00+00:00,0,66.0,2952.157471430476,1002.0752680577596,1914.9734083796052,35.10879499311142,1002.0752680577596,568.8093018166445,433.26596624111505,3031.252513162501,855.7502230649783,146.32504499278127,0.0,1914.9734083796052,35.10879499311142,0.0,1244.727597185423,388.97737412044467,35.10879499311142,46.811726657481884,11.702931664370471,146.32504499278127,48.77501499759376,2110.07346836998,31.6511020255497,38.650556117523216,38.2994681675921,240.44781675785035,798.5042638509242,3750.6617352814005,2112.1671762403403,2319.0794354811,0.0,0.0,820.6278523974353,774.1544013879807,0.0,0.0,5186.235934821026,23.98218957110901,0.0,0.0,0.0,2.2737367544323206e-13,0.0
2025-01-30 15:00:00+00:00,0,66.0,2948.262745365813,998.0701863194407,1915.7895981667705,34.4029608796015,998.0701863194407,571.9572132535855,426.1129730658553,3031.252513162501,855.39575565706,142.6744306623807,0.0,1915.7895981667705,34.4029608796015,0.0,1244.212008228451,388.8162525713909,34.4029608796015,45.87061450613533,11.467653626533833,142.6744306623807,47.5581435541269,2106.0221723832783,31.590332585749174,38.65982157213142,38.31579196333541,239.776239677917,796.1842355511847,3744.446980916997,2024.0584106905308,2306.08251971698,0.0,0.0,733.9757879559445,0.0,0.0,0.0,5186.235934821026,23.98183648217778,0.0,0.0,0.0,-6.821210263296962e-13,0.0
2025-01-30 16:00:00+00:00,0,66.0,2997.6325152554227,1015.9505124860216,1946.9545967887318,34.72740598066937,1015.9505124860216,582.4793781933879,433.4711342926337,3031.252513162501,869.0780104479961,146.87250203802546,1.4713576794291634e-12,1946.9545967887304,34.72740598066937,0.0,1264.1134697425398,395.03545929454367,34.72740598067084,46.30320797422778,11.575801993556945,146.87250203802546,48.95750067934182,2142.784599506098,32.141768992591466,39.28636599558134,38.93909193577461,244.03062672655454,809.9666156179444,3807.5991308733674,1310.4166777167675,3317.02031325977,0.0,0.0,0.0,0.0,0.0,0.0,5186.235934821026,23.9792594672616,0.0,0.0,0.0,2.2737367544323206e-13,0.0
2025-01-30 17:00:00+00:00,0,66.0,3075.8016826800604,1041.2687932812946,1999.3087122762688,35.22417712249537,1041.2687932812946,600.5468465852177,440.7219466960768,3031.252513162501,892.0124545940956,149.256338687199,0.0,1999.3087122762688,35.22417712249537,0.0,1297.4726612277755,405.46020663367983,35.22417712249537,46.96556949666049,11.741392374165123,149.256338687199,49.752112895733,2198.3171638592007,32.97475745788801,40.33841601675033,39.986174245525376,250.27798420683663,830.5310438305784,1025.0905404989576,1344.438230724436,4904.21584858014,0.0,0.0,0.0,0.0,0.0,2881.242186011681,2149.1400020345436,23.97937637603324,0.0,0.0,0.0,-1.1368683772161603e-13,0.0
2025-01-30 18:00:00+00:00,0,66.0,3077.4564119695037,1042.0860230091293,1999.8844345641194,35.48595439625413,1042.0860230091293,598.8753725131979,443.21065049593136,3031.252513162501,892.5184448568383,149.56757815229105,0.0,1999.8844345641194,35.48595439625413,0.0,1298.2086470644922,405.6902022076538,35.48595439625413,47.31460586167217,11.828651465418043,149.56757815229105,49.855859384097016,2199.3078721005077,32.989618081507615,40.35254823524493,39.99768869128239,250.37098590875436,831.0855539739582,2416.366008742609,1345.5232529261643,4617.13329813829,0.0,0.0,0.0,0.0,0.0,1492.1759572008518,576.2484372023363,23.979844108801224,0.0,0.0,0.0,-9.094947017729282e-13,0.0
2025-01-30 19:00:00+00:00,0,66.0,3045.685683823804,1030.5380223731702,1980.2649345995032,34.88272685113141,1030.5380223731704,591.528990087604,439.00903228556626,3031.252513162501,883.5107951651153,147.0272272080549,1.4538647108485338e-12,1980.2649345995019,34.88272685113141,0.0,1285.1066111492587,401.5958159841433,34.882726851132865,46.51030246817715,11.627575617044288,147.0272272080549,49.0090757360183,2176.301237543575,32.644518563153625,39.95412596050139,39.605298691990036,247.56114827563206,821.997558828483,3867.683242652287,1331.6169136174358,4163.33402509174,0.0,0.0,0.0,0.0,0.0,0.0,576.2484372023363,23.978307397197163,0.0,0.0,0.0,-1.1368683772161603e-13,0.0
2025-01-30 20:00:00+00:00,0,66.0,3031.1384403045904,1025.4591181156843,1970.7400777159992,34.93924447290822,1025.4591181156843,587.986845591417,437.47227252426734,3031.252513162501,879.483585248296,145.97553286738832,1.4748562731452893e-12,1970.7400777159978,34.93924447290822,0.0,1279.2488512702487,399.7652660219527,34.9392444729097,46.58565929721293,11.646414824303232,145.97553286738832,48.65851095579611,2165.3741215391824,32.480611823087735,39.764193999049084,39.41480155431996,246.32597330312888,818.0557724816377,3849.194212786228,1325.8345105674616,6901.52839467326,0.0,0.0,0.0,0.0,0.0,0.0,576.2484372023363,23.980020999230078,0.0,0.0,0.0,-1.1368683772161603e-13,0.0
2025-01-30 21:00:00+00:00,0,66.0,3015.393467425286,1020.2910707834503,1960.0561586609813,35.04623798085609,1020.2910707834503,582.2298260886888,438.0612446947615,3031.252513162501,875.0068178943463,145.28425288910398,2.9497125462905786e-12,1960.0561586609783,35.04623798085609,0.0,1272.7371896645038,397.73037177015743,35.04623798085904,46.72831730781205,11.682079326953012,145.28425288910398,48.42808429636799,2153.76849584645,32.30652743769675,39.55158555302822,39.201123173219564,244.96928711642056,813.8690586738435,3829.262526099129,1319.4655069723158,6614.99797636466,0.0,0.0,0.0,0.0,0.0,0.0,576.2484372023363,23.98242493896011,0.0,0.0,0.0,-4.547473508864641e-13,0.0
2025-01-30 22:00:00+00:00,0,66.0,3021.374179872461,1022.7123914031253,1963.4742682125548,35.18752025677976,1022.7123914031254,582.6906503610869,440.0217410420384,3031.252513162501,876.6131662023846,146.09922520074065,0.0,1963.4742682125548,35.18752025677976,0.0,1275.0736962943777,398.460530091993,35.18752025677976,46.91669367570635,11.729173418926587,146.09922520074065,48.69974173358022,2158.273235146876,32.37409852720314,39.62136056681889,39.269485364251096,245.5133008050963,815.6676905078691,3837.04187038033,1321.990389970084,5528.11770962516,0.0,0.0,0.0,0.0,0.0,0.0,576.2484372023363,23.982159419937016,0.0,0.0,0.0,-2.2737367544323206e-13,0.0
2025-01-30 23:00:00+00:00,0,66.0,3013.492745343617,1018.83475792994,1959.9902129779,34.667774435775186,1018.83475792994,580.6794914744875,438.15526645545253,3031.252513162501,874.6031357153271,144.2316222146129,0.0,1959.9902129779,34.667774435775186,0.0,1272.1500155859303,397.5468798706032,34.667774435775186,46.223699247700246,11.555924811925061,144.2316222146129,48.07720740487097,2152.299042597384,32.28448563896076,39.54648200391575,39.199804259558,244.5998165695871,812.810600559421,3826.303345903037,1318.3737148336306,2948.83793503903,0.0,0.0,0.0,0.0,0.0,0.0,576.2484372023363,23.98162890289552,0.0,0.0,0.0,-1.0231815394945443e-12,0.0
2025-03-23 00:00:00+00:00,1,1.0,3047.0827957348697,1035.3092706716611,1976.6360504196948,35.13747464351323,1035.3092706716611,592.5646255911971,442.744645080464,3031.252513162501,0.0,1035.3092706716611,0.0,1976.6360504196948,0.0,35.13747464351323,0.0,0.0,0.0,0.0,0.0,1070.4467453151744,356.8155817717248,3403.898377506594,51.05847566259891,39.5327210083939,39.5327210083939,248.58993251954283,735.5294319706543,3782.6122277055238,0.0,0.0,0.0,0.0,0.0,1628.164996799505,0.0,0.0,576.2484372023363,23.98262756902326,0.0,0.0,0.0,-2.2737367544323206e-13,0.0
2025-03-23 01:00:00+00:00,1,1.0,3689.539622469024,1254.4427920116439,2392.02601414763,43.07081630974915,1254.4427920116436,719.4525579491466,534.9902340624972,3031.252513162501,0.0,1254.4427920116439,0.0,2392.02601414763,0.0,43.07081630974915,0.0,0.0,0.0,0.0,0.0,1297.513608321393,432.50453610713095,4122.044158576154,61.8306623786423,47.8405202829526,47.8405202829526,301.26778596944865,891.2840250211273,4580.8236474901505,0.0,0.0,0.0,0.0,0.0,1624.9086668059063,0.0,0.0,576.2484372023363,23.980333953218874,0.0,0.0,0.0,-6.821210263296962e-13,0.0
2025-03-23 02:00:00+00:00,1,1.0,4766.883972927061,1620.2836186706263,3090.980696684904,55.619657571534724,1620.2836186706263,927.1788226514684,693.1047960191579,3031.252513162501,0.0,1620.2836186706263,0.0,3090.980696684904,0.0,55.619657571534724,0.0,0.0,0.0,0.0,0.0,1675.903276242161,558.6344254140537,5325.518398341119,79.88277597511679,61.819613933698086,61.819613933698086,389.04276966999606,1151.1991989265628,5918.083171853624,0.0,0.0,0.0,0.0,0.0,1621.6588494722946,0.0,0.0,576.2484372023363,23.973751268359322,0.0,0.0,0.0,-2.2737367544323206e-13,0.0
2025-03-23 03:00:00+00:00,1,1.0,5065.620620082867,1722.4816358125654,3284.0222929583974,59.11669131190254,1722.4816358125654,988.7063679458535,733.775267866712,3031.252513162501,0.0,1722.4816358125654,0.0,3284.0222929583974,0.0,59.11669131190254,0.0,0.0,0.0,0.0,0.0,1781.598327124468,593.8661090414893,5659.4867291243545,84.89230093686531,65.68044585916795,65.68044585916795,413.7040558723299,1223.8233575690206,6289.4439776518875,0.0,0.0,0.0,0.0,0.0,1618.41553177335,0.0,0.0,576.2484372023363,23.973724972138882,0.0,0.0,0.0,-4.547473508864641e-13,0.0
2025-03-23 04:00:00+00:00,1,1.0,4612.233252327111,1567.518536081534,2991.269817494523,53.44489875105443,1567.518536081534,898.6996358304707,668.8189002510634,3031.252513162501,0.0,1567.518536081534,0.0,2991.269817494523,0.0,53.44489875105443,0.0,0.0,0.0,0.0,0.0,1620.9634348325883,540.3211449441961,5152.554397271308,77.2883159590696,59.82539634989046,59.82539634989046,376.43054105902996,1113.6907946620765,5725.9240469891865,0.0,0.0,0.0,0.0,0.0,1615.1787007098035,0.0,0.0,576.2484372023363,23.975845195950207,0.0,0.0,0.0,-6.821210263296962e-13,0.0
2025-03-23 05:00:00+00:00,1,1.0,4918.4003314097545,1672.2478765946764,3188.7889515819547,57.36350323312182,1672.2478765946762,959.5881637506654,712.6597128440109,3031.252513162501,0.0,1672.2478765946764,0.0,3188.7889515819547,0.0,57.36350323312182,0.0,0.0,0.0,0.0,0.0,1729.6113798277981,576.537126609266,5494.937458019019,82.42406187028529,63.7757790316391,63.7757790316391,401.6226926234845,1188.135439166314,6106.535770576068,0.0,0.0,0.0,0.0,0.0,1611.948343308384,0.0,0.0,576.2484372023363,23.97493918286518,0.0,0.0,0.0,-4.547473508864641e-13,0.0
2025-03-23 06:00:00+00:00,1,1.0,4640.041575661417,1576.7559001739228,3009.5141387973176,53.771536690174685,1576.7559001739228,903.6820584722665,673.0738417016564,3031.252513162501,0.0,1576.7559001739228,0.0,3009.5141387973176,0.0,53.771536690174685,0.0,0.0,0.0,0.0,0.0,1630.5274368640976,543.5091456213659,5183.5507212827815,77.75326081924172,60.19028277594635,60.19028277594635,378.6373932935179,1120.2803652860182,5760.321940947435,0.0,0.0,0.0,0.0,0.0,1608.7244466217674,0.0,0.0,576.2484372023363,23.975552344852524,0.0,0.0,0.0,2.2737367544323206e-13,0.0
2025-03-23 07:00:00+00:00,1,1.0,4423.780537253034,1504.0594510450617,2868.2729942091046,51.44809199887044,1504.0594510450615,861.005621119987,643.0538299250745,3031.252513162501,0.0,1504.0594510450617,0.0,2868.2729942091046,0.0,51.44809199887044,0.0,0.0,0.0,0.0,0.0,1555.5075430439322,518.5025143479774,4942.283051601014,74.13424577401521,57.365459884182094,57.365459884182094,361.12668846113434,1068.4943683514912,5492.274905604524,0.0,0.0,0.0,0.0,0.0,1605.506997728524,0.0,0.0,576.2484372023363,23.975680948735288,0.0,0.0,0.0,-9.094947017729282e-13,0.0
2025-03-23 08:00:00+00:00,1,1.0,2525.460535255602,857.9152949827951,1638.543353654785,29.001886618021977,857.9152949827951,492.35618699881866,365.5591079839764,3031.252513162501,0.0,857.9152949827951,0.0,1638.543353654785,0.0,29.001886618021977,0.0,0.0,0.0,0.0,0.0,886.9171816008171,295.6390605336057,2821.099595789208,42.316493936838114,32.7708670730957,32.7708670730957,206.03462014251787,609.5319087591531,3134.9924440147547,0.0,0.0,0.0,0.0,0.0,1602.2959837330673,0.0,0.0,576.2484372023363,23.984594560506977,0.0,0.0,0.0,-2.2737367544323206e-13,0.0
2025-03-23 09:00:00+00:00,1,1.0,4083.5344389885936,1389.6383485111644,2645.8340468591123,48.06204361831566,1389.6383485111642,798.1840885496341,591.4542599615302,3031.252513162501,0.0,1389.6383485111644,0.0,2645.8340468591123,0.0,48.06204361831566,0.0,0.0,0.0,0.0,0.0,1437.70039212948,479.23346404316,4562.767903031752,68.44151854547628,52.91668093718225,52.91668093718225,333.7641591945096,987.2725036575104,5070.806942646103,0.0,0.0,0.0,0.0,0.0,1599.0913917656012,0.0,0.0,576.2484372023363,23.977349331411865,0.0,0.0,0.0,-5.684341886080801e-13,0.0
2025-03-23 10:00:00+00:00,1,1.0,2599.533019262855,884.4121474276012,1684.7923999127786,30.328471922476467,884.4121474276012,505.77693273094934,378.6352146966519,3031.252513162501,0.0,884.4121474276012,0.0,1684.7923999127786,0.0,30.328471922476467,0.0,0.0,0.0,0.0,0.0,914.7406193500776,304.9135397833592,2904.4465590462155,43.56669838569323,33.69584799825557,33.69584799825557,212.29895357215022,628.1708877377138,3227.703907000568,0.0,0.0,0.0,0.0,0.0,1595.8932089820703,0.0,0.0,576.2484372023363,23.98194767484222,0.0,0.0,0.0,-5.684341886080801e-13,0.0
2025-03-23 11:00:00+00:00,1,1.0,2678.3055703265177,911.6042693153511,1735.3062664539873,31.395034557179237,911.6042693153511,521.0436848380177,390.56058447733335,3031.252513162501,0.0,911.6042693153511,0.0,1735.3062664539873,0.0,31.395034557179237,0.0,0.0,0.0,0.0,0.0,942.9993038725303,314.33310129084344,2992.638671617361,44.889580074260415,34.70612532907975,34.70612532907975,218.82592372874856,647.4608557520119,3325.76642607853,0.0,0.0,0.0,0.0,0.0,1592.7014225641062,0.0,0.0,576.2484372023363,23.984134706040102,0.0,0.0,0.0,4.547473508864641e-13,0.0
2025-03-23 12:00:00+00:00,1,1.0,3707.387082912041,1261.2199733422638,2402.667574547415,43.49953502236099,1261.2199733422638,722.8650901399828,538.3548832022809,3031.252513162501,0.0,1261.2199733422638,0.0,2402.667574547415,0.0,43.49953502236099,0.0,0.0,0.0,0.0,0.0,1304.7195083646247,434.90650278820823,4142.293585700248,62.134403785503714,48.0533514909483,48.0533514909483,302.8283417328386,895.9759512884473,4603.363034200487,0.0,0.0,0.0,0.0,0.0,1589.5160197189787,0.0,0.0,576.2484372023363,23.98014514148675,0.0,0.0,0.0,-1.1368683772161603e-12,0.0
2025-03-23 13:00:00+00:00,1,1.0,4774.338456629509,1623.8567574853193,3094.44107220877,56.0406269354167,1623.8567574853193,929.5234658645844,694.3332916207349,3031.252513162501,0.0,1623.8567574853193,0.0,3094.44107220877,0.0,56.0406269354167,0.0,0.0,0.0,0.0,0.0,1679.897384420736,559.965794806912,5334.304251436418,80.01456377154626,61.8888214441754,61.8888214441754,389.8616862681035,1153.6196877349125,8809.200330376101,0.0,0.0,0.0,0.0,0.0,1586.336987679541,2881.242186011681,0.0,3309.6347767101697,23.97494739447084,0.0,0.0,0.0,-1.3642420526593924e-12,0.0
2025-03-23 14:00:00+00:00,1,1.0,2979.168721184503,1010.7872672163651,1934.7543462744745,33.62710769366517,1010.7872672163651,575.8911858029197,434.89608141344536,3031.252513162501,0.0,1010.7872672163651,0.0,1934.7543462744745,0.0,33.62710769366517,0.0,0.0,0.0,0.0,0.0,1044.4143749100303,348.1381249700101,3327.306846154515,49.90960269231772,38.69508692548949,38.69508692548949,242.53233208256563,717.9702335958724,5675.2502612270655,0.0,0.0,0.0,0.0,0.0,1583.164313704182,1978.1113064466895,0.0,5186.235934821026,23.98334995483704,0.0,0.0,0.0,9.094947017729282e-13,0.0
2025-03-23 15:00:00+00:00,1,1.0,2661.2908495157944,902.9272203587124,1728.2835149886305,30.080114168448905,902.9272203587125,514.0817997424036,388.8454206163088,3031.252513162501,0.0,902.9272203587124,0.0,1728.2835149886305,0.0,30.080114168448905,0.0,0.0,0.0,0.0,0.0,933.0073345271612,311.0024448423871,2972.293294358179,44.58439941537269,34.56567029977261,34.56567029977261,216.65278693763017,641.3709717949351,3302.6618213107295,0.0,0.0,0.0,0.0,0.0,1579.9979850767736,0.0,0.0,5186.235934821026,23.988757686846576,0.0,0.0,0.0,-1.1368683772161603e-13,0.0
2025-03-23 16:00:00+00:00,1,1.0,2571.9426533617698,872.8233137832116,1669.8160264654239,29.30331311313236,872.8233137832117,497.85450317541125,374.9688106078004,3031.252513162501,0.0,872.8233137832116,0.0,1669.8160264654239,0.0,29.30331311313236,0.0,0.0,0.0,0.0,0.0,902.126626896344,300.70887563211465,2872.6515289938825,43.08977293490823,33.396320529308475,33.396320529308475,209.4786524442053,620.0699420698452,3192.0125954316145,0.0,0.0,0.0,0.0,0.0,1576.8379891066202,0.0,0.0,5186.235934821026,23.989113725212487,0.0,0.0,0.0,-4.547473508864641e-13,0.0
2025-03-23 17:00:00+00:00,1,1.0,2694.2734470521896,914.4068055736723,1748.8348396351964,31.031801843321567,914.4068055736723,521.1400172441079,393.26678832956435,3031.252513162501,0.0,914.4068055736723,0.0,1748.8348396351964,0.0,31.031801843321567,0.0,0.0,0.0,0.0,0.0,945.4386074169938,315.14620247233125,3009.4196495245214,45.14129474286782,34.976696792703926,34.976696792703926,219.46549970929692,649.7063905099039,3343.9798375620926,0.0,0.0,0.0,0.0,0.0,1573.6843131284072,0.0,0.0,5186.235934821026,23.990098552700886,0.0,0.0,0.0,-9.094947017729282e-13,0.0
2025-03-23 18:00:00+00:00,1,1.0,4148.013061258572,1411.7019490016326,2687.054991911022,49.256120345917765,1411.7019490016326,808.7812354518236,602.920713549809,3031.252513162501,0.0,1411.7019490016326,0.0,2687.054991911022,7.743965588644528,41.51215475727324,0.0,0.0,7.743965588644528,10.325287451526037,2.5813218628815093,1453.2141037589058,484.4047012529686,4624.673796922896,69.37010695384343,53.818539494106886,53.74109983822044,338.9900320283932,1002.905801430414,3658.7429054881336,0.0,0.0,0.0,10.325287451526037,0.0,1580.3459675811002,0.0,1492.1759572008518,3613.3443699888185,23.983615754533552,0.0,0.0,0.0,-3.410605131648481e-13,0.0
2025-03-23 19:00:00+00:00,1,1.0,4286.388019597032,1457.9907711017,2777.8153307461744,50.581917749156915,1457.9907711017,837.2473110123619,620.743460089338,3031.252513162501,3.907985046680551e-14,1457.9907711017,0.0,2777.8153307461744,50.581917749156915,0.0,5.684341886080802e-14,1.7763568394002505e-14,50.581917749156915,67.44255699887589,16.86063924971897,1457.9907711017,485.99692370056664,4721.803025548441,70.8270453832266,56.06212579241505,55.556306614923486,350.1777716416348,1035.4808123824855,2440.6266459678363,0.0,0.0,0.0,67.44255699887594,0.0,1641.2557047948706,0.0,2881.242186011681,576.2484372023363,23.98268514250139,0.0,0.0,0.0,-4.547473508864641e-13,0.0
2025-03-23 20:00:00+00:00,1,1.0,3276.2455494626297,1114.6850265063829,2122.7146679385796,38.845855017664675,1114.6850265063829,639.2450047062293,475.4400218001535,3031.252513162501,0.0,1114.6850265063829,0.0,2122.7146679385796,2.5914563759916973,36.25439864167298,0.0,0.0,2.5914563759916973,3.4552751679889298,0.8638187919972324,1150.9394251480558,383.6464750493519,3657.3005681359873,54.85950852203981,42.48020792253151,42.454293358771594,267.6954055842904,791.9997092289825,4068.245258691613,0.0,0.0,0.0,3.4552751679889298,0.0,1641.2557047948706,0.0,0.0,576.2484372023363,23.98794051865972,0.0,0.0,0.0,6.821210263296962e-13,0.0
2025-03-23 21:00:00+00:00,1,1.0,3539.052929292931,1204.0333643820431,2292.72280458057,42.296760330319344,1204.0333643820431,689.5171994076375,514.5161649744057,3031.252513162501,0.0,1204.0333643820431,0.0,2292.72280458057,0.0,42.296760330319344,0.0,0.0,0.0,0.0,0.0,1246.3301247123625,415.44337490412084,3954.496304197053,59.31744456295579,45.854456091611404,45.854456091611404,289.1354500081847,855.6051816584841,4394.658110951415,0.0,0.0,0.0,0.0,0.0,1637.9731933852809,0.0,0.0,576.2484372023363,23.98639507601976,0.0,0.0,0.0,4.547473508864641e-13,0.0
2025-03-23 22:00:00+00:00,1,1.0,4426.837872567179,1504.3342620864732,2869.5746875189566,52.928922961748825,1504.3342620864732,858.5237941104632,645.81046797601,3031.252513162501,0.0,1504.3342620864732,0.0,2869.5746875189566,0.0,52.928922961748825,0.0,0.0,0.0,0.0,0.0,1557.263185048222,519.0877283494074,4945.925600916586,74.18888401374878,57.391493750379134,57.391493750379134,361.1628165266471,1069.2224163905614,5496.06028895774,0.0,0.0,0.0,0.0,0.0,1634.6972469985108,0.0,0.0,576.2484372023363,23.982067117141302,0.0,0.0,0.0,-2.2737367544323206e-13,0.0
2025-03-23 23:00:00+00:00,1,1.0,4604.1904827817725,1564.0915156364626,2985.1379136936994,54.96105345161117,1564.0915156364626,892.23340160219,671.8581140342726,3031.252513162501,0.0,1564.0915156364626,0.0,2985.1379136936994,0.0,54.96105345161117,0.0,0.0,0.0,0.0,0.0,1619.0525690880738,539.6841896960246,5143.8746724777975,77.15812008716696,59.70275827387399,59.70275827387399,375.4837007478773,1111.731527078817,5715.922009860589,0.0,0.0,0.0,0.0,0.0,1631.4278525045138,0.0,0.0,576.2484372023363,23.98006372250961,0.0,0.0,0.0,-2.2737367544323206e-13,0.0
2025-04-16 00:00:00+00:00,2,52.0,3239.1537593227,1099.8893868835235,2102.073046865074,37.19132557410046,1099.8893868835235,625.3921042007717,474.49728268275186,3031.252513162501,0.0,1099.8893868835235,0.0,2102.073046865074,0.0,37.19132557410046,0.0,0.0,0.0,0.0,0.0,1137.080712457624,379.02690415254136,3618.1806634752393,54.27270995212859,42.04146093730148,42.04146093730148,263.888482728271,781.2710187075439,4020.4247780302435,0.0,0.0,0.0,0.0,0.0,1624.9086668059063,0.0,0.0,3309.6347767101697,23.979947489521834,0.0,0.0,0.0,-3.410605131648481e-13,0.0
2025-04-16 01:00:00+00:00,2,52.0,3205.933997984104,1089.4329571915714,2079.8247914624376,36.676249330093555,1089.4329571915714,619.2093738209958,470.2235833705756,3031.252513162501,0.0,1089.4329571915714,0.0,2079.8247914624376,0.0,36.676249330093555,0.0,0.0,0.0,0.0,0.0,1126.1092065216649,375.3697355072216,3581.3037334913242,53.71955600236986,41.59649582924875,41.59649582924875,261.3452582792504,773.6275414473394,5957.672845878133,0.0,0.0,0.0,0.0,0.0,1621.6588494722946,1978.1113064466895,0.0,5186.235934821026,23.977705636242984,0.0,0.0,0.0,0.0,0.0
2025-04-16 02:00:00+00:00,2,52.0,3103.7730949721554,1054.385172079279,2013.700164364967,35.687758527909686,1054.385172079279,599.4368503164319,454.9483217628472,3031.252513162501,0.0,1054.385172079279,0.0,2013.700164364967,0.0,35.687758527909686,0.0,0.0,0.0,0.0,0.0,1090.0729306071887,363.35764353572955,3467.1307385078853,52.00696107761828,40.27400328729934,40.27400328729934,252.94753581016616,748.8601469981127,3852.6332419702676,0.0,0.0,0.0,0.0,0.0,1618.41553177335,0.0,0.0,5186.235934821026,23.9807791646776,0.0,0.0,0.0,-4.547473508864641e-13,0.0
2025-04-16 03:00:00+00:00,2,52.0,3024.2111732183216,1027.819147523471,1961.6349591587505,34.75706653610267,1027.819147523471,584.6245320643206,443.1946154591503,3031.252513162501,0.0,1027.819147523471,0.0,1961.6349591587505,0.0,34.75706653610267,0.0,0.0,0.0,0.0,0.0,1062.5762140595737,354.19207135319124,3378.4032445715156,50.67604866857273,39.23269918317501,39.23269918317501,246.57343467684595,729.9069530649599,3754.1181262832815,0.0,0.0,0.0,0.0,0.0,1615.1787007098035,0.0,0.0,5186.235934821026,23.98240503532304,0.0,0.0,0.0,0.0,0.0
2025-04-16 04:00:00+00:00,2,52.0,2954.7414648134127,1004.542796681236,1916.0614733911182,34.137194741057066,1004.542796681236,571.4595080083285,433.08328867290754,3031.252513162501,0.0,1004.542796681236,0.0,1916.0614733911182,0.0,34.137194741057066,0.0,0.0,0.0,0.0,0.0,1038.6799914222931,346.22666380743107,3300.9681286208424,49.514521929312636,38.32122946782236,38.32122946782236,240.99049900605092,713.3741436784394,3668.115608491852,0.0,0.0,0.0,0.0,0.0,1611.948343308384,0.0,0.0,5186.235934821026,23.98417002653964,0.0,0.0,0.0,0.0,0.0
2025-04-16 05:00:00+00:00,2,52.0,2962.1748147568196,1007.7996624073838,1919.822625119726,34.55252722971011,1007.7996624073838,573.9442012213683,433.85546118601553,3031.252513162501,0.0,1007.7996624073838,0.0,1919.822625119726,0.0,34.55252722971011,0.0,0.0,0.0,0.0,0.0,1042.352189637094,347.4507298790313,3309.625544635851,49.64438316953776,38.39645250239452,38.39645250239452,241.81255026558537,715.7005683189435,3677.875383075763,0.0,0.0,0.0,0.0,0.0,1608.7244466217674,0.0,0.0,5186.235934821026,23.982653705881372,0.0,0.0,0.0,-3.410605131648481e-13,0.0
2025-04-16 06:00:00+00:00,2,52.0,2982.5662695347764,1015.4946414723494,1931.9559266170372,35.11570144539075,1015.4946414723494,578.7638403801914,436.730801092158,3031.252513162501,0.0,1015.4946414723494,0.0,1931.9559266170372,0.0,35.11570144539075,0.0,0.0,0.0,0.0,0.0,1050.6103429177401,350.2034476392467,3332.7697171740238,49.99154575761035,38.639118532340746,38.639118532340746,243.70048212116342,721.1737125827019,822.497796105798,0.0,0.0,0.0,0.0,0.0,1605.506997728524,0.0,2881.242186011681,2149.1400020345436,23.98384874429282,0.0,0.0,0.0,6.821210263296962e-13,0.0
2025-04-16 07:00:00+00:00,2,52.0,3122.616889788706,1063.2068489644735,2022.6029687069363,36.80707211729691,1063.2068489644735,605.9737481687138,457.23310079575964,3031.252513162501,0.0,1063.2068489644735,0.0,2022.6029687069363,0.0,36.80707211729691,0.0,0.0,0.0,0.0,0.0,1100.0139210817704,366.6713070272568,3489.2881968159636,52.33932295223945,40.45205937413873,40.45205937413873,255.1712744166806,755.0860231444543,2385.526955732307,0.0,0.0,0.0,0.0,0.0,1602.2959837330673,0.0,1492.1759572008518,576.2484372023363,23.98730887385924,0.0,0.0,0.0,-1.2505552149377763e-12,0.0
2025-04-16 08:00:00+00:00,2,52.0,3162.8174339193406,1076.8035064717988,2049.013878201525,37.00004924601772,1076.8035064717988,613.1988360511543,463.6046704206444,3031.252513162501,0.0,1076.8035064717988,0.0,2049.013878201525,0.0,37.00004924601772,0.0,0.0,0.0,0.0,0.0,1113.8035557178164,371.2678519059388,3534.08528582528,53.0112792873792,40.9802775640305,40.9802775640305,258.3921565850214,764.6318429064004,3927.449276825741,0.0,0.0,0.0,0.0,0.0,1599.0913917656012,0.0,0.0,576.2484372023363,23.986747113477534,0.0,0.0,0.0,0.0,0.0
2025-04-16 09:00:00+00:00,2,52.0,3192.3010943847667,1086.946367259398,2067.6852074714116,37.66951965395759,1086.946367259398,621.9892199994569,464.957147259941,3031.252513162501,0.0,1086.946367259398,0.0,2067.6852074714116,0.0,37.66951965395759,0.0,0.0,0.0,0.0,0.0,1124.6158869133556,374.87196230445187,3567.1730566892193,53.507595850338284,41.35370414942823,41.35370414942823,260.95976648274143,772.046732936388,3964.3478273211545,0.0,0.0,0.0,0.0,0.0,1595.8932089820703,0.0,0.0,576.2484372023363,23.983747433122062,0.0,0.0,0.0,-2.2737367544323206e-13,0.0
2025-04-16 10:00:00+00:00,2,52.0,3113.8284834599995,1058.9669097311219,2018.465527613824,36.39604611505406,1058.9669097311216,607.967801874102,450.9991078570198,3031.252513162501,0.0,1058.9669097311219,0.0,2018.465527613824,0.0,36.39604611505406,0.0,0.0,0.0,0.0,0.0,1095.362955846176,365.12098528205865,3478.9494687420583,52.18424203113087,40.36931055227648,40.36931055227648,254.32538338834365,752.3692318060862,3866.197715266085,0.0,0.0,0.0,0.0,0.0,1592.7014225641062,0.0,0.0,576.2484372023363,23.98488276858488,0.0,0.0,0.0,-4.547473508864641e-13,0.0
2025-04-16 11:00:00+00:00,2,52.0,3059.565289610999,1040.1692754166593,1983.6608053488408,35.73520884550017,1040.1692754166593,597.5682293365319,442.60104608012733,3031.252513162501,0.0,1040.1692754166593,0.0,1983.6608053488408,0.0,35.73520884550017,0.0,0.0,0.0,0.0,0.0,1075.9044842621595,358.6348280873865,3418.2001176983867,51.2730017654758,39.67321610697682,39.67321610697682,249.8220201256331,739.0762821924491,5776.752878250138,0.0,0.0,0.0,0.0,0.0,1589.5160197189782,1978.1113064466895,0.0,2452.8495953131924,23.986097105102044,0.0,0.0,0.0,0.0,0.0
2025-04-16 12:00:00+00:00,2,52.0,3268.7853368005876,1111.6209793744367,2119.610181337234,37.55417608891629,1111.6209793744367,638.4140686285613,473.2069107458755,3031.252513162501,0.0,1111.6209793744367,0.0,2119.610181337234,0.0,37.55417608891629,0.0,0.0,0.0,0.0,0.0,1149.1751554633531,383.05838515445106,3651.843721955038,54.77765582932557,42.392203626744674,42.392203626744674,266.9526767279978,789.5731249652638,6939.600647777532,0.0,0.0,0.0,0.0,0.0,1586.3369876795402,2881.242186011681,0.0,5186.235934821026,23.98022178338006,0.0,0.0,0.0,-9.094947017729282e-13,0.0
2025-04-16 13:00:00+00:00,2,52.0,3229.829248924678,1098.7104587489976,2093.7656590028178,37.35313117285959,1098.7104587489976,631.1854704227314,467.52498832626617,3031.252513162501,0.0,1098.7104587489976,0.0,2093.7656590028178,0.0,37.35313117285959,0.0,0.0,0.0,0.0,0.0,1136.063589921857,378.6878633072857,3608.5171122319607,54.12775668347941,41.87531318005636,41.87531318005636,263.8678694282921,780.4341157791699,4010.263364703847,0.0,0.0,0.0,0.0,0.0,1583.1643137041815,0.0,0.0,5186.235934821026,23.981673967535944,0.0,0.0,0.0,-7.958078640513122e-13,0.0
2025-04-16 14:00:00+00:00,2,52.0,3166.463171222306,1077.77026278265,2051.327866769526,37.36504167012975,1077.7702627826498,618.7070641193625,459.0631986632874,3031.252513162501,0.0,1077.77026278265,0.0,2051.327866769526,0.0,37.36504167012975,0.0,0.0,0.0,0.0,0.0,1115.1353044527798,371.7117681509266,3538.1749393732325,53.07262409059849,41.026557335390514,41.026557335390514,258.83388956425523,765.6713964765613,3932.1345676988662,0.0,0.0,0.0,0.0,0.0,1579.9979850767731,0.0,0.0,5186.235934821026,23.98377377062634,0.0,0.0,0.0,-9.094947017729282e-13,0.0
2025-04-16 15:00:00+00:00,2,52.0,3130.6983092546166,1064.5933133803146,2029.4751506294983,36.62984524480128,1064.5933133803146,612.1996713562482,452.3936420240664,3031.252513162501,0.0,1064.5933133803146,0.0,2029.4751506294983,0.0,36.62984524480128,0.0,0.0,0.0,0.0,0.0,1101.223158625116,367.074386208372,3497.772695462986,52.46659043194479,40.589503012589965,40.589503012589965,255.7207123072646,756.4406949727613,3887.139004227378,0.0,0.0,0.0,0.0,0.0,1576.8379891066197,0.0,0.0,5186.235934821026,23.9830926116375,0.0,0.0,0.0,0.0,0.0
2025-04-16 16:00:00+00:00,2,52.0,3146.8534829328705,1070.3850279897742,2039.6312699758755,36.83718496721969,1070.3850279897742,616.3512563534223,454.033771636352,3031.252513162501,0.0,1070.3850279897742,0.0,2039.6312699758755,0.0,36.83718496721969,0.0,0.0,0.0,0.0,0.0,1107.2222129569939,369.0740709856646,3515.9275539185337,52.738913308778,40.79262539951751,40.79262539951751,257.14881313414554,760.5470482276232,3907.4005311604938,0.0,0.0,0.0,0.0,0.0,1573.6843131284068,0.0,0.0,5186.235934821026,23.983585641581655,0.0,0.0,0.0,0.0,0.0
2025-04-16 17:00:00+00:00,2,52.0,3115.8346999118326,1058.9250216788737,2020.6052727760552,36.30440545690426,1058.9250216788737,609.7865994901182,449.1384221887555,3031.252513162501,0.0,1058.9250216788737,0.0,2020.6052727760552,0.0,36.30440545690426,0.0,0.0,0.0,0.0,0.0,1095.229427135778,365.076475711926,3480.911175623759,52.21366763435638,40.41210545552111,40.41210545552111,254.40323055204448,752.517584809369,3868.352284721201,0.0,0.0,0.0,0.0,0.0,1570.5369445021502,0.0,0.0,5186.235934821026,23.98504758287827,0.0,0.0,0.0,-4.547473508864641e-13,0.0
2025-04-16 18:00:00+00:00,2,52.0,3107.6242572658634,1056.8429148847752,2014.0953565893449,36.6859857917439,1056.8429148847752,608.0350771219667,448.8078377628085,3031.252513162501,0.0,1056.8429148847752,0.0,2014.0953565893449,36.6859857917439,0.0,0.0,0.0,36.6859857917439,48.9146477223252,12.2286619305813,1056.8429148847752,352.2809716282584,3423.2192431023786,51.34828864653568,40.64876698970434,40.2819071317869,253.88886734393725,750.677463670804,977.0595349249857,1.2789769243681803e-13,0.0,1.2789769243681803e-13,48.91464772232507,0.0,1613.8647859493549,0.0,2881.242186011681,2149.1400020345436,23.985106081064604,0.0,0.0,0.0,-6.821210263296962e-13,0.0
2025-04-16 19:00:00+00:00,2,52.0,3156.1381682879146,1073.5308189221907,2045.4066544142281,37.20069495149629,1073.5308189221905,615.4580340746348,458.0727848475558,3031.252513162501,0.0,1073.5308189221907,0.0,2045.4066544142281,24.172617171642685,13.028077779853604,0.0,0.0,24.172617171642685,32.23015622885691,8.057539057214228,1086.5588967020444,362.1862989006815,3494.151850016954,52.41227775025431,41.149859260000994,40.908133088284565,257.79453384723934,762.508641903675,2426.470852990737,0.0,0.0,0.0,32.23015622885691,0.0,1641.2557047948706,0.0,1492.1759572008518,576.2484372023363,23.984451926006805,0.0,0.0,0.0,-6.821210263296962e-13,0.0
2025-04-16 20:00:00+00:00,2,52.0,3134.47372620738,1066.906530597238,2030.5066571856637,37.06053842447615,1066.906530597238,611.9570777875891,454.9494528096491,3031.252513162501,0.0,1066.906530597238,0.0,2030.5066571856637,0.0,37.06053842447615,0.0,0.0,0.0,0.0,0.0,1103.9670690217142,367.9890230072381,3502.462749214616,52.536941238219235,40.61013314371328,40.61013314371328,256.1828949254228,757.9291254583065,3892.4028516656876,0.0,0.0,0.0,0.0,0.0,1637.9731933852809,0.0,0.0,576.2484372023363,23.984561482767678,0.0,0.0,0.0,1.1368683772161603e-12,0.0
2025-04-16 21:00:00+00:00,2,52.0,3219.440747141053,1096.704473511291,2084.5156291745866,38.22064445517472,1096.704473511291,629.7952323977645,466.90924111352655,3031.252513162501,0.0,1096.704473511291,0.0,2084.5156291745866,0.0,38.22064445517472,0.0,0.0,0.0,0.0,0.0,1134.925117966466,378.30837265548865,3597.749119796541,53.96623679694811,41.69031258349173,41.69031258349173,263.3746122367042,779.0298468561245,3998.4705939971773,0.0,0.0,0.0,0.0,0.0,1634.6972469985108,0.0,0.0,576.2484372023363,23.98562350280183,0.0,0.0,0.0,-4.547473508864641e-13,0.0
2025-04-16 22:00:00+00:00,2,52.0,3205.571780563216,1092.142704509031,2075.5572290306827,37.87184702350273,1092.1427045090309,626.0599645321771,466.0827399768539,3031.252513162501,0.0,1092.142704509031,0.0,2075.5572290306827,0.0,37.87184702350273,0.0,0.0,0.0,0.0,0.0,1130.014551532534,376.6715171775113,3582.243297740728,53.73364946611092,41.51114458061365,41.51114458061365,262.2148423909858,775.6422981958353,3981.2140787590515,0.0,0.0,0.0,0.0,0.0,1631.4278525045138,0.0,0.0,576.2484372023363,23.98277420085808,0.0,0.0,0.0,0.0,0.0
2025-04-16 23:00:00+00:00,2,52.0,3116.379732225525,1060.4349285529518,2019.2564611111443,36.688342561429835,1060.4349285529518,607.6867686040233,452.74815994892845,3031.252513162501,0.0,1060.4349285529518,0.0,2019.2564611111443,0.0,36.688342561429835,0.0,0.0,0.0,0.0,0.0,1097.1232711143816,365.7077570381272,3482.087489263653,52.231312338954794,40.385129222222886,40.385129222222886,254.61493474330956,753.3242625648373,6750.946180802043,0.0,0.0,0.0,0.0,0.0,1628.164996799505,2881.242186011681,0.0,3309.6347767101697,23.981827878854862,0.0,0.0,0.0,0.0,0.0
2025-05-10 00:00:00+00:00,3,36.0,2845.180114523788,978.8264248376742,1828.6540058427545,37.699683843356986,978.8264248376743,568.1273743528983,410.6990504847759,3031.252513162501,0.0,978.8264248376742,0.0,1828.6540058427545,0.0,37.699683843356986,0.0,0.0,0.0,0.0,0.0,1016.5261086810311,338.8420362270104,3184.022150750796,47.76033226126194,36.57308011685509,36.57308011685509,235.40618387610817,695.1547125980906,3540.3348271218783,0.0,0.0,0.0,0.0,0.0,1628.164996799505,0.0,0.0,576.2484372023363,23.996964489686196,0.0,0.0,0.0,0.0,0.0
2025-05-10 01:00:00+00:00,3,36.0,2851.6844749140664,980.639247446175,1833.2479518469725,37.7972756209208,980.639247446175,567.8749324753276,412.76431497084747,3031.252513162501,0.0,980.639247446175,0.0,1833.2479518469725,0.0,37.7972756209208,0.0,0.0,0.0,0.0,0.0,1018.4365230670958,339.47884102236526,3191.1633159364337,47.867449739046506,36.66495903693945,36.66495903693945,235.78968710890743,696.465895944198,3548.1503708582645,0.0,0.0,0.0,0.0,0.0,1624.9086668059063,0.0,0.0,576.2484372023363,23.996798466255097,0.0,0.0,0.0,1.1368683772161603e-13,0.0
2025-05-10 02:00:00+00:00,3,36.0,2805.0132069112033,965.7496459071564,1801.4479336676288,37.81562733641555,965.7496459071564,558.499772695791,407.2498732113654,3031.252513162501,0.0,965.7496459071564,0.0,1801.4479336676288,0.0,37.81562733641555,0.0,0.0,0.0,0.0,0.0,1003.5652732435719,334.5217577478573,3139.534964659058,47.09302446988587,36.02895867335258,36.02895867335258,232.18097867312218,685.8536782375704,5468.978191595463,0.0,0.0,0.0,0.0,0.0,1621.6588494722946,1978.1113064466895,0.0,2452.8495953131924,23.996603971316965,0.0,0.0,0.0,-4.547473508864641e-13,0.0
2025-05-10 03:00:00+00:00,3,36.0,2798.3027511067385,962.5968147200979,1798.6740596492818,37.03187673735697,962.596814720098,557.5511993131555,405.0456154069425,3031.252513162501,0.0,962.5968147200979,0.0,1798.6740596492818,0.0,37.03187673735697,0.0,0.0,0.0,0.0,0.0,999.6286914574548,333.2095638191516,3131.512314925888,46.97268472388832,35.97348119298564,35.97348119298564,231.44065723702286,683.569868166034,3481.872619272773,0.0,0.0,0.0,0.0,0.0,1618.41553177335,0.0,0.0,2452.8495953131924,23.995236518196275,0.0,0.0,0.0,6.821210263296962e-13,0.0
2025-05-10 04:00:00+00:00,3,36.0,2749.9230817662174,944.491638416777,1769.4955804124538,35.93586293698556,944.491638416777,545.4289368388033,399.06270157797366,3031.252513162501,0.0,944.491638416777,0.0,1769.4955804124538,0.0,35.93586293698556,0.0,0.0,0.0,0.0,0.0,980.4275013537626,326.8091671179209,3076.7322488841373,46.15098373326206,35.38991160824908,35.38991160824908,227.0145462918938,670.7545203595748,3420.6776021257915,0.0,0.0,0.0,0.0,0.0,1615.1787007098035,0.0,0.0,2452.8495953131924,23.993482160714827,0.0,0.0,0.0,-6.821210263296962e-13,0.0
2025-05-10 05:00:00+00:00,3,36.0,2771.6920072423513,951.4250348006811,1784.2236996762258,36.043272765442765,951.4250348006811,549.199566451042,402.2254683496392,3031.252513162501,0.0,951.4250348006811,0.0,1784.2236996762258,0.0,36.043272765442765,0.0,0.0,0.0,0.0,0.0,987.4683075661239,329.1561025220413,3100.8481097643908,46.51272164646586,35.68447399352452,35.68447399352452,228.67606414879825,675.7138363043545,6328.648029558386,0.0,0.0,0.0,0.0,0.0,1611.948343308384,2881.242186011681,0.0,5186.235934821026,23.993960249740955,0.0,0.0,0.0,-9.094947017729282e-13,0.0
2025-05-10 06:00:00+00:00,3,36.0,2768.427949534081,950.0135712809665,1782.3620593580358,36.05231889508079,950.0135712809665,548.3088956466983,401.70467563426826,3031.252513162501,0.0,950.0135712809665,0.0,1782.3620593580358,0.0,36.05231889508079,0.0,0.0,0.0,0.0,0.0,986.0658901760473,328.68863005868246,3097.1165795927654,46.45674869389148,35.647241187160716,35.647241187160716,228.34746770514138,674.7873288320368,3443.2152783661186,0.0,0.0,0.0,0.0,0.0,1608.7244466217674,0.0,0.0,5186.235934821026,23.994482022504563,0.0,0.0,0.0,6.821210263296962e-13,0.0
2025-05-10 07:00:00+00:00,3,36.0,2799.894535403492,960.3509924506768,1803.0155564816064,36.52798647120857,960.3509924506769,556.7594162564516,403.59157619422535,3031.252513162501,0.0,960.3509924506768,0.0,1803.0155564816064,0.0,36.52798647120857,0.0,0.0,0.0,0.0,0.0,996.8789789218854,332.2929929739618,3132.1875283774534,46.9828129256618,36.060311129632126,36.060311129632126,230.97596133997845,682.3723894988663,601.0247388906769,0.0,0.0,0.0,0.0,0.0,1605.506997728524,0.0,2881.242186011681,2149.1400020345436,23.995670025483193,0.0,0.0,0.0,-1.1368683772161603e-13,0.0
2025-05-10 08:00:00+00:00,3,36.0,2828.821979840501,972.9969566142371,1818.0664988900726,37.75852433618877,972.996956614237,568.0298437423994,404.9671128718376,3031.252513162501,0.0,972.9969566142371,0.0,1818.0664988900726,0.0,37.75852433618877,0.0,0.0,0.0,0.0,0.0,1010.7554809504259,336.91849365014195,3165.7404734906404,47.486107102359604,36.361329977801454,36.361329977801454,234.19990825029632,691.3271689584008,2027.9731915980492,0.0,0.0,0.0,0.0,0.0,1602.2959837330673,0.0,1492.1759572008518,576.2484372023363,23.99446553559652,0.0,0.0,0.0,-9.094947017729282e-13,0.0
2025-05-10 09:00:00+00:00,3,36.0,2852.640445048621,981.0814718134833,1833.61726521727,37.941708017866986,981.0814718134833,575.5490595334792,405.5324122800041,3031.252513162501,0.0,981.0814718134833,0.0,1833.61726521727,0.0,37.941708017866986,0.0,0.0,0.0,0.0,0.0,1019.0231798313503,339.67439327711674,3192.3148383257367,47.88472257488605,36.6723453043454,36.6723453043454,236.2698054937164,697.17361195441,3549.8140570030314,0.0,0.0,0.0,0.0,0.0,1599.0913917656012,0.0,0.0,576.2484372023363,23.995097881488586,0.0,0.0,0.0,2.2737367544323206e-13,0.0
2025-05-10 10:00:00+00:00,3,36.0,2864.6547110195024,983.6309572885032,1843.1781432545035,37.84561047649539,983.630957288503,574.5336616714828,409.0972956170202,3031.252513162501,0.0,983.6309572885032,0.0,1843.1781432545035,0.0,37.84561047649539,0.0,0.0,0.0,0.0,0.0,1021.4765677649985,340.4921892549995,3205.1469002745016,48.07720350411752,36.863562865090074,36.863562865090074,236.78410716009853,699.0806256493958,3563.7353366688985,0.0,0.0,0.0,0.0,0.0,1595.8932089820703,0.0,0.0,576.2484372023363,23.9950142174422,0.0,0.0,0.0,3.410605131648481e-13,0.0
2025-05-10 11:00:00+00:00,3,36.0,2854.0950518941063,980.1039671161489,1836.441294897024,37.54978988093325,980.1039671161489,571.5662465057243,408.53772061042457,3031.252513162501,0.0,980.1039671161489,0.0,1836.441294897024,0.0,37.54978988093325,0.0,0.0,0.0,0.0,0.0,1017.6537569970822,339.2179189990274,3193.3129708931338,47.899694563397006,36.72882589794048,36.72882589794048,235.8767204738872,696.4519858321926,3550.547037726299,0.0,0.0,0.0,0.0,0.0,1592.7014225641062,0.0,0.0,576.2484372023363,23.994895539905635,0.0,0.0,0.0,2.2737367544323206e-13,0.0
2025-05-10 12:00:00+00:00,3,36.0,2844.43433555206,976.9491058618084,1829.8978107275566,37.587418962694,976.9491058618084,570.0300913032617,406.91901455854673,3031.252513162501,0.0,976.9491058618084,0.0,1829.8978107275566,0.0,37.587418962694,0.0,0.0,0.0,0.0,0.0,1014.5365248245024,338.1788416081675,3182.6131771602268,47.7391976574034,36.59795621455113,36.59795621455113,235.14568560952765,694.2596373042007,6419.936158867942,0.0,0.0,0.0,0.0,0.0,1589.5160197189784,2881.242186011681,0.0,3309.6347767101697,23.995175232519024,0.0,0.0,0.0,4.547473508864641e-13,0.0
2025-05-10 13:00:00+00:00,3,36.0,2964.053024794435,1018.5089867610076,1907.2515484631574,38.29248957027133,1018.5089867610076,596.2676760012845,422.2413107597231,3031.252513162501,0.0,1018.5089867610076,0.0,1907.2515484631574,0.0,38.29248957027133,0.0,0.0,0.0,0.0,0.0,1056.801476331279,352.267158777093,3316.3201835715295,49.74480275357294,38.145030969263146,38.145030969263146,245.18039300431388,723.4824164735062,5665.64674771463,0.0,0.0,0.0,0.0,0.0,1586.3369876795407,1978.1113064466895,0.0,5186.235934821026,23.992853274216117,0.0,0.0,0.0,-6.821210263296962e-13,0.0
2025-05-10 14:00:00+00:00,3,36.0,2983.065283916223,1024.3764946814674,1920.8435419263542,37.845247308401966,1024.3764946814676,599.4957098868567,424.8807847946108,3031.252513162501,0.0,1024.3764946814674,0.0,1920.8435419263542,0.0,37.845247308401966,0.0,0.0,0.0,0.0,0.0,1062.2217419898693,354.0739139966231,3337.1391979128466,50.0570879686927,38.41687083852708,38.41687083852708,246.57109602790518,727.5358396702752,3710.6011235864985,0.0,0.0,0.0,0.0,0.0,1583.164313704182,0.0,0.0,5186.235934821026,23.988710083217004,0.0,0.0,0.0,2.2737367544323206e-13,0.0
2025-05-10 15:00:00+00:00,3,36.0,2991.4683223091556,1026.4028565787316,1927.624144901001,37.4413208294234,1026.4028565787316,600.1487377039192,426.2541188748125,3031.252513162501,0.0,1026.4028565787316,0.0,1927.624144901001,0.0,37.4413208294234,0.0,0.0,0.0,0.0,0.0,1063.844177408155,354.61472580271834,3346.0830481118746,50.191245721678115,38.552482898020024,38.552482898020024,247.02355947462377,728.9344967950602,3720.4028191042157,0.0,0.0,0.0,0.0,0.0,1579.9979850767736,0.0,0.0,5186.235934821026,23.987694099620278,0.0,0.0,0.0,-1.1368683772161603e-13,0.0
2025-05-10 16:00:00+00:00,3,36.0,3040.5406210890624,1043.3167039598209,1958.9811244646146,38.24279266462827,1043.3167039598209,610.5712165380023,432.7454874218186,3031.252513162501,0.0,1043.3167039598209,0.0,1958.9811244646146,0.0,38.24279266462827,0.0,0.0,0.0,0.0,0.0,1081.5594966244491,360.5198322081497,3401.0604532972134,51.0159067994582,39.17962248929229,39.17962248929229,251.1171147450087,741.0120987312011,3781.5527198202635,0.0,0.0,0.0,0.0,0.0,1576.8379891066202,0.0,0.0,5186.235934821026,23.988429642202135,0.0,0.0,0.0,0.0,0.0
2025-05-10 17:00:00+00:00,3,36.0,2990.811706214056,1025.347160422583,1927.7803600696118,37.684185721860516,1025.347160422583,599.3979067420667,425.9492536805164,3031.252513162501,0.0,1025.347160422583,0.0,1927.7803600696118,0.0,37.684185721860516,0.0,0.0,0.0,0.0,0.0,1063.0313461444437,354.3437820481479,3345.155488262203,50.177332323933044,38.555607201392235,38.555607201392235,246.79658324698718,728.4289120218526,3719.2406182359086,0.0,0.0,0.0,0.0,0.0,1573.6843131284072,0.0,0.0,5186.235934821026,23.98786631250447,0.0,0.0,0.0,1.1368683772161603e-13,0.0
2025-05-10 18:00:00+00:00,3,36.0,3074.99117271697,1053.4454373549847,1982.795386579078,38.75034878290805,1053.4454373549847,610.7780895999457,442.6673477550391,3031.252513162501,0.0,1053.4454373549847,0.0,1982.795386579078,0.0,38.75034878290805,0.0,0.0,0.0,0.0,0.0,1092.1957861378928,364.0652620459643,3439.056434762935,51.585846521444026,39.655907731581564,39.655907731581564,253.32540918741023,748.2883332179817,3823.2795059349514,0.0,0.0,0.0,0.0,0.0,1570.5369445021506,0.0,0.0,5186.235934821026,23.98792176568026,0.0,0.0,0.0,-4.547473508864641e-13,0.0
2025-05-10 19:00:00+00:00,3,36.0,3048.0191882415293,1045.0166292607944,1964.8418307147404,38.16072826599647,1045.0166292607944,607.1697618935494,437.84686736724495,3031.252513162501,0.0,1045.0166292607944,0.0,1964.8418307147404,38.16072826599647,0.0,0.0,0.0,38.16072826599647,50.88097102132862,12.720242755332155,1045.0166292607944,348.3388764202648,3358.1973363957995,50.37296004593699,39.678443896954775,39.29683661429481,251.3190419552433,741.7264016880268,908.5034039178759,1.4210854715202004e-14,0.0,1.4210854715202004e-14,50.880971021328605,0.0,1615.7327930834088,0.0,2881.242186011681,2149.1400020345436,23.984405315438778,0.0,0.0,0.0,7.958078640513122e-13,0.0
2025-05-10 20:00:00+00:00,3,36.0,3093.4341376045822,1060.0338293848151,1994.744884649847,38.65542356991881,1060.0338293848151,615.4404420767949,444.59338730802034,3031.252513162501,0.0,1060.0338293848151,0.0,1994.744884649847,22.700824182338238,15.954599387580572,0.0,0.0,22.700824182338238,30.267765576450984,7.566941394112746,1075.9884287723958,358.6628095907986,3429.3961230130417,51.440941845195624,40.121905934820326,39.89489769299694,254.92370118559353,752.6111976435178,2353.869378047248,0.0,0.0,0.0,30.267765576450984,0.0,1641.2557047948706,0.0,1492.1759572008518,576.2484372023363,23.98825358739702,0.0,0.0,0.0,-1.1368683772161603e-13,0.0
2025-05-10 21:00:00+00:00,3,36.0,3151.4140776579247,1079.6273475401324,2032.3851370070704,39.401593110720775,1079.6273475401324,624.5059380123909,455.12140952774155,3031.252513162501,0.0,1079.6273475401324,0.0,2032.3851370070704,0.0,39.401593110720775,0.0,0.0,0.0,0.0,0.0,1119.0289406508532,373.00964688361773,3524.4237245415416,52.86635586812312,40.64770274014141,40.64770274014141,259.54334951313734,766.714757745161,3918.128835403086,0.0,0.0,0.0,0.0,0.0,1637.9731933852809,0.0,0.0,576.2484372023363,23.990786977149682,0.0,0.0,0.0,4.547473508864641e-13,0.0
2025-05-10 22:00:00+00:00,3,36.0,3139.5246216862106,1074.6943661338448,2026.0982092457823,38.73204630658163,1074.6943661338448,625.6049659493308,449.0894001845141,3031.252513162501,0.0,1074.6943661338448,0.0,2026.0982092457823,0.0,38.73204630658163,0.0,0.0,0.0,0.0,0.0,1113.4264124404265,371.14213748014214,3510.666759166351,52.660001387495264,40.521964184915646,40.521964184915646,258.5187901602335,763.3648573977022,3902.889479083913,0.0,0.0,0.0,0.0,0.0,1634.6972469985108,0.0,0.0,576.2484372023363,23.990680882801094,0.0,0.0,0.0,3.410605131648481e-13,0.0
2025-05-10 23:00:00+00:00,3,36.0,3063.0606555468994,1047.9935098728433,1977.4685740431516,37.59857163090505,1047.9935098728433,608.4602323643294,439.533277508514,3031.252513162501,0.0,1047.9935098728433,0.0,1977.4685740431516,0.0,37.59857163090505,0.0,0.0,0.0,0.0,0.0,1085.5920815037484,361.86402716791616,3424.9246827148163,51.37387024072224,39.54937148086304,39.54937148086304,252.00896406920302,744.3456044395675,3807.4062599864665,0.0,0.0,0.0,0.0,0.0,1631.4278525045138,0.0,0.0,576.2484372023363,23.991453501906634,0.0,0.0,0.0,-4.547473508864641e-13,0.0
2025-06-27 00:00:00+00:00,4,104.0,2972.3891943255894,1011.0704995105904,1926.4297121764748,34.8889826385217,1011.0704995105903,589.2625644760052,421.80793503458506,3031.252513162501,0.0,1011.0704995105904,0.0,1926.4297121764748,0.0,34.8889826385217,0.0,0.0,0.0,0.0,0.0,1045.959482149112,348.6531607163707,3321.0423550419573,49.81563532562936,38.5285942435295,38.5285942435295,243.207335982097,718.733320511156,3691.122514836744,0.0,0.0,0.0,0.0,0.0,1628.164996799505,0.0,0.0,576.2484372023363,23.98924829764473,0.0,0.0,0.0,-1.4779288903810084e-12,0.0
2025-06-27 01:00:00+00:00,4,104.0,2974.5704631418066,1011.9544016176799,1927.5216683869987,35.094393137128435,1011.9544016176799,589.6136154202449,422.340786197435,3031.252513162501,0.0,1011.9544016176799,0.0,1927.5216683869987,0.0,35.094393137128435,0.0,0.0,0.0,0.0,0.0,1047.0487947548083,349.0162649182694,3323.5867280600764,49.85380092090114,38.55043336773998,38.55043336773998,243.4117907177946,719.3827232924451,3693.953186434251,0.0,0.0,0.0,0.0,0.0,1624.9086668059063,0.0,0.0,576.2484372023363,23.988843168099347,0.0,0.0,0.0,-5.684341886080801e-13,0.0
2025-06-27 02:00:00+00:00,4,104.0,2962.0674572742187,1007.8030565220382,1919.278794386688,34.9856063654935,1007.8030565220381,586.7754081008912,421.0276484211469,3031.252513162501,0.0,1007.8030565220382,0.0,1919.278794386688,0.0,34.9856063654935,0.0,0.0,0.0,0.0,0.0,1042.7886628875317,347.5962209625106,3309.6636782367304,49.644955173550954,38.385575887733765,38.385575887733765,242.4029301044609,716.4152580159899,3678.482715290209,0.0,0.0,0.0,0.0,0.0,1621.6588494722946,0.0,0.0,576.2484372023363,23.987202024107315,0.0,0.0,0.0,3.410605131648481e-13,0.0
2025-06-27 03:00:00+00:00,4,104.0,2898.9437019631428,986.8159362041762,1877.6600478218475,34.46771793712013,986.8159362041761,572.8197042670184,413.9962319371577,3031.252513162501,0.0,986.8159362041762,0.0,1877.6600478218475,0.0,34.46771793712013,0.0,0.0,0.0,0.0,0.0,1021.2836541412963,340.4278847137654,3239.371586676909,48.590573800153635,37.55320095643695,37.55320095643695,237.280929682175,701.4057901089681,3600.3494920721105,0.0,0.0,0.0,0.0,0.0,1618.41553177335,0.0,0.0,576.2484372023363,23.98510433549399,0.0,0.0,0.0,-3.410605131648481e-13,0.0
2025-06-27 04:00:00+00:00,4,104.0,2787.838365586684,947.7589429153102,1807.8871320855897,32.1922905857831,947.7589429153102,551.2574915967984,396.5014513185118,3031.252513162501,0.0,947.7589429153102,0.0,1807.8871320855897,0.0,32.1922905857831,0.0,0.0,0.0,0.0,0.0,979.9512335010933,326.6504111670311,3114.488776753714,46.717331651305706,36.15774264171179,36.15774264171179,227.88928119164183,673.5725092934022,3461.410874880086,0.0,0.0,0.0,0.0,0.0,1615.1787007098035,0.0,0.0,576.2484372023363,23.984128841062457,0.0,0.0,0.0,-4.547473508864641e-13,0.0
2025-06-27 05:00:00+00:00,4,104.0,2807.562379466614,958.428977903422,1814.4746055343783,34.658796028813235,958.4289779034219,559.689486138683,398.7394917647389,3031.252513162501,0.0,958.428977903422,0.0,1814.4746055343783,0.0,34.658796028813235,0.0,0.0,0.0,0.0,0.0,993.0877739322352,331.02925797741176,3138.5916374440253,47.07887456166038,36.28949211068757,36.28949211068757,230.6376609083062,681.3247776687534,3488.8871571353675,0.0,0.0,0.0,0.0,0.0,1611.948343308384,0.0,0.0,576.2484372023363,23.98771193555783,0.0,0.0,0.0,1.1368683772161603e-13,0.0
2025-06-27 06:00:00+00:00,4,104.0,3020.8826747440003,1033.2580281198227,1950.2272384091063,37.39740821507106,1033.2580281198227,602.0862829091475,431.1717452106753,3031.252513162501,0.0,1033.2580281198227,0.0,1950.2272384091063,0.0,37.39740821507106,0.0,0.0,0.0,0.0,0.0,1070.6554363348937,356.88514544496456,3377.767820188965,50.66651730283447,39.00454476818213,39.00454476818213,248.57576647233546,734.1365187564987,3755.019193500499,0.0,0.0,0.0,0.0,0.0,1608.7244466217674,0.0,0.0,576.2484372023363,23.988311226443436,0.0,0.0,0.0,1.1368683772161603e-13,0.0
2025-06-27 07:00:00+00:00,4,104.0,2973.344566588362,1013.6416217593971,1924.610579351766,35.09236547719779,1013.6416217593971,588.5599531320884,425.0816686273087,3031.252513162501,0.0,1013.6416217593971,0.0,1924.610579351766,0.0,35.09236547719779,0.0,0.0,0.0,0.0,0.0,1048.7339872365949,349.5779957455316,3322.9225623338925,49.84383843500839,38.49221158703532,38.49221158703532,243.68271024175593,720.0889675963666,3693.4335341847277,0.0,0.0,0.0,0.0,0.0,1605.506997728524,0.0,0.0,576.2484372023363,23.98395761635329,0.0,0.0,0.0,-7.958078640513122e-13,0.0
2025-06-27 08:00:00+00:00,4,104.0,2962.233665295176,1009.8725344884285,1917.2537934060024,35.107337400745585,1009.8725344884286,587.3325314844569,422.5400030039717,3031.252513162501,0.0,1009.8725344884285,0.0,1917.2537934060024,0.0,35.107337400745585,0.0,0.0,0.0,0.0,0.0,1044.979871889174,348.326623963058,3310.5602892582347,49.65840433887352,38.34507586812005,38.34507586812005,242.83169165715253,717.5068716953242,3679.7405369905,0.0,0.0,0.0,0.0,0.0,1602.2959837330673,0.0,0.0,576.2484372023363,23.98439742654546,0.0,0.0,0.0,0.0,0.0
2025-06-27 09:00:00+00:00,4,104.0,2914.1667402706785,992.2398884637281,1888.2349080278593,33.69194377908888,992.239888463728,575.5366580138459,416.70323044988214,3031.252513162501,0.0,992.2398884637281,0.0,1888.2349080278593,0.0,33.69194377908888,0.0,0.0,0.0,0.0,0.0,1025.9318322428169,341.9772774142723,3256.1440176849483,48.842160265274224,37.76469816055719,37.76469816055719,238.50594755262446,704.8547815532854,3619.021521823964,0.0,0.0,0.0,0.0,0.0,1599.0913917656012,0.0,0.0,576.2484372023363,23.984079258631922,0.0,0.0,0.0,2.2737367544323206e-13,0.0
2025-06-27 10:00:00+00:00,4,104.0,2854.2154739279263,971.1827414691943,1850.6781838250545,32.35454863367936,971.1827414691943,563.0848575765309,408.0978838926634,3031.252513162501,0.0,971.1827414691943,0.0,1850.6781838250545,0.0,32.35454863367936,0.0,0.0,0.0,0.0,0.0,1003.5372901028736,334.5124300342912,3188.727903962219,47.830918559433286,37.01356367650109,37.01356367650109,233.41821467371008,689.7886906204368,3544.004164548363,0.0,0.0,0.0,0.0,0.0,1595.8932089820703,0.0,0.0,576.2484372023363,23.985503012858775,0.0,0.0,0.0,-1.1368683772161603e-13,0.0
2025-06-27 11:00:00+00:00,4,104.0,2864.5520750208466,975.1198557544176,1856.9094260822505,32.52279318417855,975.1198557544176,568.0190424581239,407.10081329629367,3031.252513162501,0.0,975.1198557544176,0.0,1856.9094260822505,0.0,32.52279318417855,0.0,0.0,0.0,0.0,0.0,1007.6426489385962,335.88088297953203,3200.4329580003787,48.006494370005676,37.13818852164501,37.13818852164501,234.474936540841,692.6386909336687,3557.1907659545154,0.0,0.0,0.0,0.0,0.0,1592.7014225641062,0.0,0.0,576.2484372023363,23.98503741190585,0.0,0.0,0.0,1.1368683772161603e-13,0.0
2025-06-27 12:00:00+00:00,4,104.0,2854.5137389646643,970.7893517378302,1851.8315630463571,31.89282418047688,970.7893517378301,566.7512843866788,404.0380673511513,3031.252513162501,0.0,970.7893517378302,0.0,1851.8315630463571,0.0,31.89282418047688,0.0,0.0,0.0,0.0,0.0,1002.682175918307,334.227391972769,3188.741130937433,47.83111696406149,37.036631260927145,37.036631260927145,233.50387576033066,689.6356472190155,6425.391572195361,0.0,0.0,0.0,0.0,0.0,1589.5160197189782,2881.242186011681,0.0,3309.6347767101697,23.984522768618525,0.0,0.0,0.0,0.0,0.0
2025-06-27 13:00:00+00:00,4,104.0,2859.0678962428838,973.4499872526587,1853.5104595964324,32.107449393792265,973.4499872526587,567.4477739544457,406.002213298213,3031.252513162501,0.0,973.4499872526587,0.0,1853.5104595964324,0.0,32.107449393792265,0.0,0.0,0.0,0.0,0.0,1005.557436646451,335.1858122154837,3194.2537084583673,47.91380562687551,37.07020919192865,37.07020919192865,234.07475821217898,691.3147944383954,5528.493997127969,0.0,0.0,0.0,0.0,0.0,1586.3369876795402,1978.1113064466895,0.0,5186.235934821026,23.983156976701046,0.0,0.0,0.0,4.547473508864641e-13,0.0
2025-06-27 14:00:00+00:00,4,104.0,2897.917169548976,986.168612912189,1879.7455681161846,32.00298852060178,986.168612912189,576.3336007135456,409.8350121986434,3031.252513162501,0.0,986.168612912189,0.0,1879.7455681161846,0.0,32.00298852060178,0.0,0.0,0.0,0.0,0.0,1018.1716014327908,339.39053381093026,3237.3077033599056,48.55961555039858,37.59491136232369,37.59491136232369,237.17073939841228,700.3107114843884,3598.227881033364,0.0,0.0,0.0,0.0,0.0,1583.1643137041815,0.0,0.0,5186.235934821026,23.983022950596492,0.0,0.0,0.0,-1.1368683772161603e-13,0.0
2025-06-27 15:00:00+00:00,4,104.0,2900.4790381482444,987.2586360567266,1880.8631895422793,32.35721254923777,987.2586360567267,578.8360248884218,408.4226111683049,3031.252513162501,0.0,987.2586360567266,0.0,1880.8631895422793,0.0,32.35721254923777,0.0,0.0,0.0,0.0,0.0,1019.6158486059644,339.87194953532145,3240.350987683565,48.60526481525348,37.617263790845584,37.617263790845584,237.56042750113252,701.2721694333986,3601.7512075816435,0.0,0.0,0.0,0.0,0.0,1579.9979850767731,0.0,0.0,5186.235934821026,23.98307355991163,0.0,0.0,0.0,4.547473508864641e-13,0.0
2025-06-27 16:00:00+00:00,4,104.0,2906.154744962548,988.506399299533,1885.337595472117,32.31075019089856,988.506399299533,579.436782645485,409.069616654048,3031.252513162501,0.0,988.506399299533,0.0,1885.337595472117,0.0,32.31075019089856,0.0,0.0,0.0,0.0,0.0,1020.8171494904316,340.2723831634772,3246.4271281260258,48.696406921890386,37.70675190944234,37.70675190944234,237.85621450074538,702.2385084049977,3608.3932533675447,0.0,0.0,0.0,0.0,0.0,1576.8379891066197,0.0,0.0,5186.235934821026,23.984154979293226,0.0,0.0,0.0,-1.1368683772161603e-12,0.0
2025-06-27 17:00:00+00:00,4,104.0,2911.70981245057,989.6422403932145,1889.5604043470194,32.50716771033495,989.6422403932145,578.1895114053332,411.45272898788136,3031.252513162501,0.0,989.6422403932145,0.0,1889.5604043470194,0.0,32.50716771033495,0.0,0.0,0.0,0.0,0.0,1022.1494081035494,340.7164693678498,3252.426281818419,48.78639422727628,37.79120808694039,37.79120808694039,238.06501991172124,703.1502996807282,3614.8601121312977,0.0,0.0,0.0,0.0,0.0,1573.6843131284068,0.0,0.0,5186.235934821026,23.984492511745653,0.0,0.0,0.0,-5.684341886080801e-13,0.0
2025-06-27 18:00:00+00:00,4,104.0,2945.2197398778285,1002.0581827071882,1908.918550068359,34.24300710228165,1002.0581827071882,582.7216172392446,419.3365654679436,3031.252513162501,0.0,1002.0581827071882,0.0,1908.918550068359,22.974685436399568,11.268321665882084,0.0,0.0,22.974685436399568,30.632913915199424,7.658228478799856,1013.3265043730703,337.7755014576901,3260.0205558991192,48.90030833848679,38.40811785573118,38.17837100136718,240.9760744651343,711.8966015972094,2164.9403842741867,0.0,0.0,0.0,30.632913915199424,0.0,1599.6382127215895,0.0,1492.1759572008518,3613.3443699888185,23.985631338281443,0.0,0.0,0.0,6.821210263296962e-13,0.0
2025-06-27 19:00:00+00:00,4,104.0,2980.3909338777416,1015.3605325721747,1929.6487419644675,35.38165934109788,1015.3605325721747,589.4614445929475,425.89908797922726,3031.252513162501,0.0,1015.3605325721747,0.0,1929.6487419644675,35.38165934109788,0.0,0.0,0.0,35.38165934109788,47.175545788130506,11.793886447032627,1015.3605325721747,338.45351085739156,3283.4627853940337,49.25194178091051,38.94679143270032,38.59297483928935,244.1468978336356,721.1860031909599,820.3347510570202,8.526512829121202e-14,0.0,8.526512829121202e-14,47.17554578813042,0.0,1641.2557047948706,0.0,2881.242186011681,576.2484372023363,23.985064322150514,0.0,0.0,0.0,-3.410605131648481e-13,0.0
2025-06-27 20:00:00+00:00,4,104.0,2968.9866483174515,1011.8961098208283,1921.8045144385906,35.28602405803155,1011.8961098208283,588.257034619023,423.6390752018053,3031.252513162501,0.0,1011.8961098208283,0.0,1921.8045144385906,2.5914563759916973,32.69456768203985,0.0,0.0,2.5914563759916973,3.4552751679889298,0.8638187919972324,1044.5906775028682,348.19689250095604,3314.5920844424145,49.71888126663622,38.462004852531734,38.436090288771815,243.35835393261317,719.0360416335062,3688.022689950958,0.0,0.0,0.0,3.4552751679889298,0.0,1641.2557047948706,0.0,0.0,576.2484372023363,23.98412745508275,0.0,0.0,0.0,3.410605131648481e-13,0.0
2025-06-27 21:00:00+00:00,4,104.0,2953.4170974572535,1007.0564753422847,1910.9054731558101,35.455148959157455,1007.0564753422848,584.5531546369177,422.503320705367,3031.252513162501,0.0,1007.0564753422847,0.0,1910.9054731558101,0.0,35.455148959157455,0.0,0.0,0.0,0.0,0.0,1042.5116243014422,347.5038747671474,3300.9209722243995,49.51381458336599,38.2181094631162,38.2181094631162,242.15486559130787,715.6087738680537,3669.025871325307,0.0,0.0,0.0,0.0,0.0,1637.9731933852809,0.0,0.0,576.2484372023363,23.983810099837847,0.0,0.0,0.0,-2.2737367544323206e-13,0.0
2025-06-27 22:00:00+00:00,4,104.0,2930.9927835730564,999.6805488931739,1896.3673906497627,34.94484403011973,999.6805488931739,580.7830774180029,418.89747147517096,3031.252513162501,0.0,999.6805488931739,0.0,1896.3673906497627,0.0,34.94484403011973,0.0,0.0,0.0,0.0,0.0,1034.6253929232937,344.8751309744312,3275.8679145474875,49.13801871821231,37.92734781299526,37.92734781299526,240.38818905102158,710.2560343696557,3641.2488179427114,0.0,0.0,0.0,0.0,0.0,1634.6972469985108,0.0,0.0,576.2484372023363,23.98472210961903,0.0,0.0,0.0,-6.821210263296962e-13,0.0
2025-06-27 23:00:00+00:00,4,104.0,2925.2518606763706,997.1423006942385,1893.4159427762788,34.693617205852554,997.1423006942387,579.6297482771578,417.5125524170808,3031.252513162501,0.0,997.1423006942385,0.0,1893.4159427762788,0.0,34.693617205852554,0.0,0.0,0.0,0.0,0.0,1031.835917900091,343.94530596669705,3269.1971666430672,49.037957499646005,37.86831885552558,37.86831885552558,239.78916974279952,708.5090709201936,3633.7609315965647,0.0,0.0,0.0,0.0,0.0,1631.4278525045138,0.0,0.0,576.2484372023363,23.98577886261038,0.0,0.0,0.0,4.547473508864641e-13,0.0
2025-10-04 00:00:00+00:00,5,17.0,2772.335379650507,934.630171538192,1806.5974246546184,31.10778345769576,934.630171538192,509.06911466306883,425.5610568751232,3031.252513162501,0.0,934.630171538192,0.0,1806.5974246546184,0.0,31.10778345769576,0.0,0.0,0.0,0.0,0.0,965.7379549958878,321.9126516652959,3094.248031315802,46.41372046973703,36.13194849309237,36.13194849309237,223.28599064277876,663.8762597639964,3436.211639414503,0.0,0.0,0.0,0.0,0.0,1624.9086668059063,0.0,0.0,576.2484372023363,23.985702431791413,0.0,0.0,0.0,-2.2737367544323206e-13,0.0
2025-10-04 01:00:00+00:00,5,17.0,2779.9243563056393,937.5240669263097,1811.0596029502756,31.340686429053545,937.5240669263098,509.33704344154376,428.18702348476603,3031.252513162501,0.0,937.5240669263097,0.0,1811.0596029502756,0.0,31.340686429053545,0.0,0.0,0.0,0.0,0.0,968.8647533553633,322.9549177851211,3102.87927409076,46.5431891113614,36.22119205900551,36.22119205900551,223.9313816571722,665.8718726716656,5423.907535423995,0.0,0.0,0.0,0.0,0.0,1621.6588494722946,1978.1113064466895,0.0,2452.8495953131924,23.98553666244761,0.0,0.0,0.0,4.547473508864641e-13,0.0
2025-10-04 02:00:00+00:00,5,17.0,2782.067544758503,938.9410461818775,1811.4946123334248,31.63188624320262,938.9410461818775,508.7165350021893,430.2245111796882,3031.252513162501,0.0,938.9410461818775,0.0,1811.4946123334248,0.0,31.63188624320262,0.0,0.0,0.0,0.0,0.0,970.5729324250801,323.52431080836004,3105.591855566865,46.583877833502974,36.2298922466685,36.2298922466685,224.2169798944726,666.7849530296726,6330.094683799856,0.0,0.0,0.0,0.0,0.0,1618.4155317733503,2881.242186011681,0.0,5186.235934821026,23.986039002790804,0.0,0.0,0.0,-4.547473508864641e-13,0.0
2025-10-04 03:00:00+00:00,5,17.0,2760.95356824539,930.3907866975493,1799.9761145705047,30.586666977337394,930.3907866975494,503.8730766217135,426.51771007583585,3031.252513162501,0.0,930.3907866975493,0.0,1799.9761145705047,0.0,30.586666977337394,0.0,0.0,0.0,0.0,0.0,960.9774536748866,320.3258178916289,3081.27938613702,46.2191907920553,35.999522291410095,35.999522291410095,222.145200060503,660.6892533270073,3421.6428215723968,0.0,0.0,0.0,0.0,0.0,1615.1787007098037,0.0,0.0,5186.235934821026,23.983930325546297,0.0,0.0,0.0,-7.958078640513122e-13,0.0
2025-10-04 04:00:00+00:00,5,17.0,2761.044650665493,929.9186561078454,1800.8720017659573,30.253992791691765,929.9186561078454,503.3546999575811,426.5639561502644,3031.252513162501,0.0,929.9186561078454,0.0,1800.8720017659573,0.0,30.253992791691765,0.0,0.0,0.0,0.0,0.0,960.1726488995372,320.05754963317906,3081.102200298674,46.216533004480105,36.01744003531915,36.01744003531915,222.01152545281275,660.3204881611102,3421.3651388266026,0.0,0.0,0.0,0.0,0.0,1611.9483433083844,0.0,0.0,5186.235934821026,23.982655231692473,0.0,0.0,0.0,-6.821210263296962e-13,0.0
2025-10-04 05:00:00+00:00,5,17.0,2641.789902241664,888.6918210193779,1723.834901607174,29.263179615113565,888.6918210193778,480.78563767680544,407.90618334257243,3031.252513162501,0.0,888.6918210193779,0.0,1723.834901607174,0.0,29.263179615113565,0.0,0.0,0.0,0.0,0.0,917.9550006344915,305.98500021149715,2947.7749024531627,44.216623536797435,34.47669803214348,34.47669803214348,212.2113501799138,631.3663699924954,3273.1562722341587,0.0,0.0,0.0,0.0,0.0,1608.7244466217678,0.0,0.0,5186.235934821026,23.985403129977552,0.0,0.0,0.0,-7.958078640513122e-13,0.0
2025-10-04 06:00:00+00:00,5,17.0,2549.551565904991,857.0072423024848,1664.296816739761,28.2475068627443,857.0072423024849,465.44669250418923,391.5605497982956,3031.252513162501,0.0,857.0072423024848,0.0,1664.296816739761,0.0,28.2475068627443,0.0,0.0,0.0,0.0,0.0,885.2547491652291,295.0849163884097,2844.6364822933997,42.669547234400994,33.28593633479522,33.28593633479522,204.74930632785993,609.0756426202611,277.3850225135707,0.0,0.0,0.0,0.0,0.0,1605.5069977285245,0.0,2881.242186011681,2149.1400020345436,23.987462383705097,0.0,0.0,0.0,-4.547473508864641e-13,0.0
2025-10-04 07:00:00+00:00,5,17.0,2508.767897509253,843.6539232145683,1637.5633975228695,27.550576771815077,843.6539232145683,459.88145335602934,383.7724698585389,3031.252513162501,0.0,843.6539232145683,0.0,1637.5633975228695,0.0,27.550576771815077,0.0,0.0,0.0,0.0,0.0,871.2044999863833,290.4014999954611,2799.1693975047137,41.987540962570705,32.75126795045739,32.75126795045739,201.60611617968317,599.4976930386299,1616.0896333470314,0.0,0.0,0.0,0.0,0.0,1602.2959837330675,0.0,1492.1759572008518,576.2484372023363,23.987494287583566,0.0,0.0,0.0,2.2737367544323206e-13,0.0
2025-10-04 08:00:00+00:00,5,17.0,2576.8371060932204,867.9527807079696,1679.8592167578358,29.02510862741353,867.9527807079696,472.89815137831005,395.05462932965963,3031.252513162501,0.0,867.9527807079696,0.0,1679.8592167578358,0.0,29.02510862741353,0.0,0.0,0.0,0.0,0.0,896.9778893353831,298.99262977846104,2875.82973587168,43.1374460380752,33.59718433515672,33.59718433515672,207.3956475442369,616.7200920310866,3193.557198124307,0.0,0.0,0.0,0.0,0.0,1599.0913917656014,0.0,0.0,576.2484372023363,23.989485497762576,0.0,0.0,0.0,0.0,0.0
2025-10-04 09:00:00+00:00,5,17.0,2647.138345203874,891.9580825755529,1725.0055041182006,30.17475851012096,891.9580825755529,482.66511690650157,409.2929656690514,3031.252513162501,0.0,891.9580825755529,0.0,1725.0055041182006,0.0,30.17475851012096,0.0,0.0,0.0,0.0,0.0,922.1328410856738,307.3776136952246,2954.515958899099,44.31773938348648,34.50011008236401,34.50011008236401,213.00406316554336,633.6996364089825,3280.837981612856,0.0,0.0,0.0,0.0,0.0,1595.8932089820705,0.0,0.0,576.2484372023363,23.99078455384576,0.0,0.0,0.0,-6.821210263296962e-13,0.0
2025-10-04 10:00:00+00:00,5,17.0,2613.6421317498016,880.2044049185827,1704.2943860463677,29.143340784851453,880.2044049185827,475.43894929437937,404.76545562420336,3031.252513162501,0.0,880.2044049185827,0.0,1704.2943860463677,0.0,29.143340784851453,0.0,0.0,0.0,0.0,0.0,909.3477457034342,303.11591523447805,2916.7580469842796,43.75137070476419,34.08588772092735,34.08588772092735,210.14066000995183,625.1797213910488,3238.8218531408506,0.0,0.0,0.0,0.0,0.0,1592.7014225641065,0.0,0.0,576.2484372023363,23.985198089022298,0.0,0.0,0.0,2.2737367544323206e-13,0.0
2025-10-04 11:00:00+00:00,5,17.0,2561.7366210066575,862.9410755038131,1670.4068930917747,28.388652411069515,862.9410755038131,466.40913253089633,396.53194297291674,3031.252513162501,0.0,862.9410755038131,0.0,1670.4068930917747,0.0,28.388652411069515,0.0,0.0,0.0,0.0,0.0,891.3297279148826,297.10990930496087,2858.846530311618,42.88269795467427,33.40813786183549,33.40813786183549,205.99999623778098,612.8088792210871,5152.656806674435,0.0,0.0,0.0,0.0,0.0,1589.5160197189784,1978.1113064466895,0.0,2452.8495953131924,23.987308175374885,0.0,0.0,0.0,9.094947017729282e-13,0.0
2025-10-04 12:00:00+00:00,5,17.0,2590.1558036228676,872.9322193148238,1688.0994504292262,29.12413387881772,872.9322193148238,471.8827387133413,401.04948060148246,3031.252513162501,0.0,872.9322193148238,0.0,1688.0994504292262,0.0,29.12413387881772,0.0,0.0,0.0,0.0,0.0,902.0563531936415,300.6854510645472,2890.841254687415,43.362618820311226,33.76198900858452,33.76198900858452,208.41531398531734,619.9873618873448,6091.3853515218925,0.0,0.0,0.0,0.0,0.0,1586.3369876795407,2881.242186011681,0.0,5186.235934821026,23.989694317416994,0.0,0.0,0.0,-9.094947017729282e-13,0.0
2025-10-04 13:00:00+00:00,5,17.0,2578.671645327066,868.8068330542469,1680.927325989216,28.937486283603057,868.8068330542469,472.04464434746177,396.7621887067851,3031.252513162501,0.0,868.8068330542469,0.0,1680.927325989216,0.0,28.937486283603057,0.0,0.0,0.0,0.0,0.0,897.74431933785,299.24810644595,2877.919751773016,43.16879627659524,33.61854651978432,33.61854651978432,207.53906908423738,617.1930648463513,3195.864710173417,0.0,0.0,0.0,0.0,0.0,1583.164313704182,0.0,0.0,5186.235934821026,23.990862043116298,0.0,0.0,0.0,-4.547473508864641e-13,0.0
2025-10-04 14:00:00+00:00,5,17.0,2551.113812437001,859.3943279389395,1663.4656082524123,28.2538762456496,859.3943279389395,467.9382376911323,391.45609024780714,3031.252513162501,0.0,859.3943279389395,0.0,1663.4656082524123,0.0,28.2538762456496,0.0,0.0,0.0,0.0,0.0,887.6482041845891,295.88273472819634,2846.9965471651976,42.70494820747796,33.26931216504825,33.26931216504825,205.30592022433527,610.432227490106,3161.5460399271064,0.0,0.0,0.0,0.0,0.0,1579.9979850767736,0.0,0.0,5186.235934821026,23.992275782581746,0.0,0.0,0.0,-4.547473508864641e-13,0.0
2025-10-04 15:00:00+00:00,5,17.0,2491.247767477709,838.671052974504,1625.4940579068939,27.08265659631321,838.671052974504,456.10759183359113,382.5634611409129,3031.252513162501,0.0,838.671052974504,0.0,1625.4940579068939,0.0,27.08265659631321,0.0,0.0,0.0,0.0,0.0,865.7537095708173,288.5845698569391,2779.83233733465,41.69748506001975,32.50988115813788,32.50988115813788,200.30951181460708,595.6113290478417,3086.859096525551,0.0,0.0,0.0,0.0,0.0,1576.8379891066202,0.0,0.0,5186.235934821026,23.990895777378945,0.0,0.0,0.0,3.410605131648481e-13,0.0
2025-10-04 16:00:00+00:00,5,17.0,2473.627428948961,834.3010677680691,1611.7732954880623,27.55306569282842,834.3010677680691,453.4496544463502,380.85141332171884,3031.252513162501,0.0,834.3010677680691,0.0,1611.7732954880623,0.0,27.55306569282842,0.0,0.0,0.0,0.0,0.0,861.8541334608975,287.2847111536325,2760.9121401025923,41.41368210153888,32.235465909761245,32.235465909761245,199.25115857049784,592.4204836451918,3066.0479125941524,0.0,0.0,0.0,0.0,0.0,1573.6843131284072,0.0,0.0,5186.235934821026,23.990616393636973,0.0,0.0,0.0,-4.547473508864641e-13,0.0
2025-10-04 17:00:00+00:00,5,17.0,2562.6593872141925,865.7851379510315,1667.4117024516268,29.462546811532214,865.7851379510315,466.0839113446639,399.70122660636764,3031.252513162501,0.0,865.7851379510315,0.0,1667.4117024516268,28.685773918240216,0.776772893291998,0.0,0.0,28.685773918240216,38.24769855765362,9.561924639413405,866.5619108443235,288.85397028144115,2822.827583577391,42.342413753660864,33.635091788214936,33.348234049032534,206.57936313197465,614.3209976437375,1684.8044276570781,2.2737367544323206e-13,0.0,2.2737367544323206e-13,38.24769855765339,0.0,1606.8722581319214,0.0,1492.1759572008518,3613.3443699888185,23.988690013045264,0.0,0.0,0.0,-1.1368683772161603e-13,0.0
2025-10-04 18:00:00+00:00,5,17.0,2533.027693289755,856.8632301059513,1646.4824701475823,29.681993036220444,856.8632301059513,460.61373565890904,396.24949444704225,3031.252513162501,0.0,856.8632301059513,0.0,1646.4824701475823,29.681993036220444,0.0,0.0,0.0,29.681993036220444,39.57599071496059,9.893997678740147,856.8632301059513,285.6210767019838,2788.966776955517,41.834501654332755,33.22646933331385,32.92964940295165,204.41660484079182,607.9222996121141,259.7078068901874,-6.394884621840902e-14,0.0,0.0,39.57599071496065,0.0,1641.2557047948706,0.0,2881.242186011681,576.2484372023363,23.989246032541484,0.0,0.0,0.0,-6.821210263296962e-13,0.0
2025-10-04 19:00:00+00:00,5,17.0,2513.7720482862746,850.3712531496103,1633.971754565217,29.42904057144944,850.3712531496103,457.62830560614486,392.7429475434655,3031.252513162501,0.0,850.3712531496103,0.0,1633.971754565217,2.5914563759916973,26.837584195457744,0.0,0.0,2.5914563759916973,3.4552751679889298,0.8638187919972324,877.2088373450681,292.40294578168937,2803.5835376919745,42.05375306537962,32.70534965506426,32.67943509130434,202.88577616922345,603.5910785546582,3117.363126840932,0.0,0.0,0.0,3.4552751679889298,0.0,1641.2557047948706,0.0,0.0,576.2484372023363,23.98852780736242,0.0,0.0,0.0,-6.821210263296962e-13,0.0
2025-10-04 20:00:00+00:00,5,17.0,2470.1049623555627,835.8108387950009,1605.477763435048,28.816360125513164,835.8108387950009,449.22872883748516,386.58210995751574,3031.252513162501,0.0,835.8108387950009,0.0,1605.477763435048,0.0,28.816360125513164,0.0,0.0,0.0,0.0,0.0,864.627198920514,288.209066306838,2758.3140286624002,41.374710429936,32.10955526870096,32.10955526870096,199.38191758495867,593.1848048591346,3063.2897672146973,0.0,0.0,0.0,0.0,0.0,1637.9731933852809,0.0,0.0,576.2484372023363,23.986081232790013,0.0,0.0,0.0,0.0,0.0
2025-10-04 21:00:00+00:00,5,17.0,2378.6375790412726,803.60151894686,1547.977781030096,27.05827906431771,803.60151894686,435.01962716260573,368.58189178425425,3031.252513162501,0.0,803.60151894686,0.0,1547.977781030096,0.0,27.05827906431771,0.0,0.0,0.0,0.0,0.0,830.6597980111777,276.88659933705924,2655.524178378333,39.832862675674996,30.95955562060192,30.95955562060192,191.84112064398911,570.4796938979272,2949.1172729391997,0.0,0.0,0.0,0.0,0.0,1634.6972469985108,0.0,0.0,576.2484372023363,23.98563079687163,0.0,0.0,0.0,-1.1368683772161603e-13,0.0
2025-10-04 22:00:00+00:00,5,17.0,2404.149435673911,811.5640993463476,1565.0718536521763,27.513482675382853,811.5640993463476,438.7923907777775,372.77170856857015,3031.252513162501,0.0,811.5640993463476,0.0,1565.0718536521763,0.0,27.513482675382853,0.0,0.0,0.0,0.0,0.0,839.0775820217304,279.6925273405768,2683.8419630144836,40.257629445217255,31.301437073043527,31.301437073043527,193.75796879344512,576.3109997253263,2980.4604353992368,0.0,0.0,0.0,0.0,0.0,1631.4278525045138,0.0,0.0,576.2484372023363,23.986540780386687,0.0,0.0,0.0,-3.410605131648481e-13,0.0
2025-10-04 23:00:00+00:00,5,17.0,2362.210892307045,799.0500975310166,1535.1556272587156,28.00516751731388,799.0500975310167,430.15089642505205,368.8992011059646,3031.252513162501,0.0,799.0500975310166,0.0,1535.1556272587156,0.0,28.00516751731388,0.0,0.0,0.0,0.0,0.0,827.0552650483305,275.6850883494435,2637.89598065649,39.56843970984735,30.703112545174314,30.703112545174314,190.7051421646221,567.3648953142615,2929.575787621307,0.0,0.0,0.0,0.0,0.0,1628.164996799505,0.0,0.0,576.2484372023363,23.987035090816278,0.0,0.0,0.0,4.547473508864641e-13,0.0
2025-10-16 00:00:00+00:00,6,21.0,2339.9718353632124,776.5761347367413,1538.4374175407331,24.958283085737172,776.5761347367413,381.755550131008,394.82058460573325,3031.252513162501,0.0,776.5761347367413,0.0,1538.4374175407331,0.0,24.958283085737172,0.0,0.0,0.0,0.0,0.0,801.5344178224785,267.1781392741595,2607.149974637371,39.10724961956056,30.768748350814665,30.768748350814665,183.9006874675339,551.7235730628834,2891.695408426095,0.0,0.0,0.0,0.0,0.0,0.0,0.0,0.0,576.2484372023363,23.982134035971505,0.0,0.0,0.0,-6.821210263296962e-13,0.0
2025-10-16 01:00:00+00:00,6,21.0,2313.3033477538447,767.7274974429284,1520.7704411188597,24.805409192056196,767.7274974429284,376.6495072180339,391.07799022489456,3031.252513162501,0.0,767.7274974429284,0.0,1520.7704411188597,0.0,24.805409192056196,0.0,0.0,0.0,0.0,0.0,792.5329066349847,264.17763554499487,2577.4809832988394,38.66221474948259,30.415408822377195,30.415408822377195,181.77062773471354,545.4412956739453,2858.7446434277895,0.0,0.0,0.0,0.0,0.0,0.0,0.0,0.0,576.2484372023363,23.980882474925956,0.0,0.0,0.0,-5.684341886080801e-13,0.0
2025-10-16 02:00:00+00:00,6,21.0,2338.023090188865,777.1895156880721,1535.4060484847307,25.42752601606127,777.1895156880721,380.77553826715916,396.41397742091294,3031.252513162501,0.0,777.1895156880721,0.0,1535.4060484847307,0.0,25.42752601606127,0.0,0.0,0.0,0.0,0.0,802.6170417041334,267.5390139013778,2605.562104090242,39.08343156135363,30.708120969694615,30.708120969694615,183.9719429927458,552.0106303948664,2890.0337205837313,0.0,0.0,0.0,0.0,0.0,0.0,0.0,0.0,576.2484372023363,23.981590801353178,0.0,0.0,0.0,0.0,0.0
2025-10-16 03:00:00+00:00,6,21.0,2372.724729111875,789.4686330460238,1556.7605746340696,26.49552143178184,789.4686330460238,386.20567505221965,403.26295799380415,3031.252513162501,0.0,789.4686330460238,0.0,1556.7605746340696,0.0,26.49552143178184,0.0,0.0,0.0,0.0,0.0,815.9641544778057,271.98805149260187,2644.7127806044773,39.67069170906716,31.135211492681393,31.135211492681393,186.87428386531457,560.8034500523463,2933.528179164221,0.0,0.0,0.0,0.0,0.0,0.0,0.0,0.0,576.2484372023363,23.98363815227696,0.0,0.0,0.0,-4.547473508864641e-13,0.0
2025-10-16 04:00:00+00:00,6,21.0,2361.552986645079,787.3288267084179,1546.9221883285127,27.301971608147767,787.3288267084179,381.5775035678871,405.7513231405307,3031.252513162501,0.0,787.3288267084179,0.0,1546.9221883285127,0.0,27.301971608147767,0.0,0.0,0.0,0.0,0.0,814.6307983165657,271.5435994388552,2633.0965860839333,39.496448791259,30.938443766570256,30.938443766570256,186.22258237190374,559.1395181351584,2920.692504780238,0.0,0.0,0.0,0.0,0.0,0.0,0.0,0.0,576.2484372023363,23.98447934700669,0.0,0.0,0.0,6.821210263296962e-13,0.0
2025-10-16 05:00:00+00:00,6,21.0,2337.432519877436,780.3403153605663,1529.6654267116028,27.426777805265253,780.3403153605663,377.1553792411784,403.1849361193878,3031.252513162501,0.0,780.3403153605663,0.0,1529.6654267116028,0.0,27.426777805265253,0.0,0.0,0.0,0.0,0.0,807.7670931658315,269.2556977219438,2606.688217599378,39.10032326399067,30.593308534232055,30.593308534232055,184.51958901313836,554.0622270675369,2891.494746944973,0.0,0.0,0.0,0.0,0.0,0.0,0.0,0.0,576.2484372023363,23.984795834646107,0.0,0.0,0.0,2.2737367544323206e-13,0.0
2025-10-16 06:00:00+00:00,6,21.0,2245.723916846042,750.3237468930854,1468.9266956940362,26.473474258919957,750.3237468930854,361.806390322718,388.5173565703673,3031.252513162501,0.0,750.3237468930854,0.0,1468.9266956940362,0.0,26.473474258919957,0.0,0.0,0.0,0.0,0.0,776.7972211520054,258.9324070506685,2504.65632389671,37.56984485845065,29.378533913880723,29.378533913880723,177.36586981597466,532.6251895528553,2778.349106398897,0.0,0.0,0.0,0.0,0.0,0.0,0.0,0.0,576.2484372023363,23.98526539539966,0.0,0.0,0.0,0.0,0.0
2025-10-16 07:00:00+00:00,6,21.0,2252.5122594783807,753.5612068798711,1472.0664427755582,26.88460982294981,753.5612068798711,362.48362476988,391.07758210999106,3031.252513162501,0.0,753.5612068798711,0.0,1472.0664427755582,0.0,26.88460982294981,0.0,0.0,0.0,0.0,0.0,780.4458167028208,260.1486055676069,2512.6608650459857,37.689912975689786,29.441328855511166,29.441328855511166,178.09705949927573,534.8182357535948,2787.3304952319745,0.0,0.0,0.0,0.0,0.0,0.0,0.0,0.0,576.2484372023363,23.983182087265902,0.0,0.0,0.0,-9.094947017729282e-13,0.0
2025-10-16 08:00:00+00:00,6,21.0,2253.3378561860136,754.473672173941,1471.9825671496098,26.88161686246316,754.473672173941,364.799767687516,389.67390448642504,3031.252513162501,0.0,754.473672173941,0.0,1471.9825671496098,0.0,26.88161686246316,0.0,0.0,0.0,0.0,0.0,781.3552890364042,260.45176301213473,2513.789619198149,37.70684428797223,29.439651342992196,29.439651342992196,178.3945236797741,535.4324336658655,2788.7702898518787,0.0,0.0,0.0,0.0,0.0,0.0,0.0,0.0,576.2484372023363,23.982507639435163,0.0,0.0,0.0,-3.410605131648481e-13,0.0
2025-10-16 09:00:00+00:00,6,21.0,2295.657581293279,769.3839952587535,1498.4022539799098,27.871332054615962,769.3839952587534,375.0243991635987,394.3595960951548,3031.252513162501,0.0,769.3839952587535,0.0,1498.4022539799098,0.0,27.871332054615962,0.0,0.0,0.0,0.0,0.0,797.2553273133695,265.75177577112316,2561.4093570644027,38.42114035596604,29.9680450795982,29.9680450795982,182.0865673898913,546.1955736761769,2841.8531549694553,0.0,0.0,0.0,0.0,0.0,0.0,0.0,0.0,576.2484372023363,23.98195499322672,0.0,0.0,0.0,-3.410605131648481e-13,0.0
2025-10-16 10:00:00+00:00,6,21.0,2296.796900667516,769.8103154302684,1499.2617716546436,27.72481358260555,769.8103154302684,377.9946706026224,391.81564482764594,3031.252513162501,0.0,769.8103154302684,0.0,1499.2617716546436,0.0,27.72481358260555,0.0,0.0,0.0,0.0,0.0,797.5351290128739,265.8450430042913,2562.641943671809,38.43962915507713,29.98523543309287,29.98523543309287,182.29497168599408,546.5501147115483,2843.3470153790636,0.0,0.0,0.0,0.0,0.0,0.0,0.0,0.0,576.2484372023363,23.981357680007925,0.0,0.0,0.0,-9.094947017729282e-13,0.0
2025-10-16 11:00:00+00:00,6,21.0,2383.129426240317,798.822489713701,1555.9115064844327,28.395430042180188,798.8224897137011,391.215066872595,407.60742284110603,3031.252513162501,0.0,798.822489713701,0.0,1555.9115064844327,0.0,28.395430042180188,0.0,0.0,0.0,0.0,0.0,827.2179197558812,275.7393065852937,2658.8687328256074,39.88303099238411,31.118230129688655,31.118230129688655,189.09825817667127,566.9570560137264,2950.086482254043,0.0,0.0,0.0,0.0,0.0,0.0,0.0,0.0,576.2484372023363,23.98209215395972,0.0,0.0,0.0,-5.684341886080801e-13,0.0
2025-10-16 12:00:00+00:00,6,21.0,2399.4868278373915,804.3864453287501,1566.2268798099956,28.873502698646192,804.3864453287501,392.4103901023723,411.97605522637787,3031.252513162501,0.0,804.3864453287501,0.0,1566.2268798099956,0.0,28.873502698646192,0.0,0.0,0.0,0.0,0.0,833.2599480273964,277.7533160091321,2677.240143846524,40.15860215769786,31.324537596199914,31.324537596199914,190.34578949020934,570.9067828494391,2970.3936106868305,0.0,0.0,0.0,0.0,0.0,0.0,0.0,0.0,576.2484372023363,23.984498825835182,0.0,0.0,0.0,-1.1368683772161603e-13,0.0
2025-10-16 13:00:00+00:00,6,21.0,2416.502104441078,810.4229078701458,1576.8352617416483,29.243934829283653,810.4229078701458,395.1092588116767,415.3136490584691,3031.252513162501,0.0,810.4229078701458,0.0,1576.8352617416483,0.0,29.243934829283653,0.0,0.0,0.0,0.0,0.0,839.6668426994294,279.8889475664765,2696.391052007554,40.44586578011331,31.53670523483297,31.53670523483297,191.75580843818742,575.1640322544432,2991.6661366955204,0.0,0.0,0.0,0.0,0.0,0.0,0.0,0.0,576.2484372023363,23.98593009779793,0.0,0.0,0.0,-5.684341886080801e-13,0.0
2025-10-16 14:00:00+00:00,6,21.0,2400.4562851764026,804.7553786675555,1566.9182454128425,28.78266109600408,804.7553786675555,393.2142939474819,411.5410847200736,3031.252513162501,0.0,804.7553786675555,0.0,1566.9182454128425,0.0,28.78266109600408,0.0,0.0,0.0,0.0,0.0,833.5380397635596,277.84601325451985,2678.302298430922,40.174534476463826,31.33836490825685,31.33836490825685,190.43763682522373,571.134914372721,2971.591199549124,0.0,0.0,0.0,0.0,0.0,0.0,0.0,0.0,576.2484372023363,23.985646960430106,0.0,0.0,0.0,5.684341886080801e-13,0.0
2025-10-16 15:00:00+00:00,6,21.0,2370.1207225475923,794.9069215007104,1546.5841668394737,28.629634207409552,794.9069215007104,389.6079696520124,405.298951848698,3031.252513162501,0.0,794.9069215007104,0.0,1546.5841668394737,0.0,28.629634207409552,0.0,0.0,0.0,0.0,0.0,823.53655570812,274.51218523604,2644.6329077836335,39.6694936167545,30.931683336789476,30.931683336789476,188.17039528023312,564.2154408066066,2934.3361633541986,0.0,0.0,0.0,0.0,0.0,0.0,0.0,0.0,576.2484372023363,23.98923134748976,0.0,0.0,0.0,-3.410605131648481e-13,0.0
2025-10-16 16:00:00+00:00,6,21.0,2446.458205940478,820.0629633457847,1596.9220814447385,29.47316114995683,820.0629633457847,398.15974813238694,421.9032152133978,3031.252513162501,0.0,820.0629633457847,0.0,1596.9220814447385,0.0,29.47316114995683,0.0,0.0,0.0,0.0,0.0,849.5361244957415,283.1787081652472,2729.6369141057276,40.94455371158591,31.938441628894772,31.938441628894772,193.98042054184833,581.9805656764711,3028.438771616949,0.0,0.0,0.0,0.0,0.0,0.0,0.0,0.0,576.2484372023363,23.98331671727853,0.0,0.0,0.0,0.0,0.0
2025-10-16 17:00:00+00:00,6,21.0,2460.279991037327,823.723784638745,1607.4554995921508,29.100706806431546,823.723784638745,396.34394271569806,427.3798419230469,3031.252513162501,0.0,823.723784638745,0.0,1607.4554995921508,0.0,29.100706806431546,0.0,0.0,0.0,0.0,0.0,852.8244914451765,284.2748304817255,2744.554821519053,41.16832232278579,32.14910999184302,32.14910999184302,194.6880593681401,584.4294321563375,3044.709423193664,0.0,0.0,0.0,0.0,0.0,0.0,0.0,0.0,576.2484372023363,23.977042151984815,0.0,0.0,0.0,-4.547473508864641e-13,0.0
2025-10-16 18:00:00+00:00,6,21.0,2507.8566522645306,839.7307816364467,1638.4019961931135,29.72387443496907,839.7307816364467,401.5428598998,438.18792173664673,3031.252513162501,0.0,839.7307816364467,0.0,1638.4019961931135,0.0,29.72387443496907,0.0,0.0,0.0,0.0,0.0,869.4546560714158,289.81821869047195,2797.674870955001,41.96512306432501,32.76803992386227,32.76803992386227,198.37473766112214,595.6941592636437,3103.550811528174,0.0,0.0,0.0,0.0,0.0,0.0,0.0,0.0,576.2484372023363,23.97423084150629,0.0,0.0,0.0,-1.1368683772161603e-13,0.0
2025-10-16 19:00:00+00:00,6,21.0,2492.6049982652075,834.4412165317553,1628.728831317513,29.434950415940868,834.4412165317553,399.249304369517,435.19191216223834,3031.252513162501,0.0,834.4412165317553,0.0,1628.728831317513,0.0,29.434950415940868,0.0,0.0,0.0,0.0,0.0,863.8761669476962,287.95872231589874,2780.563720581108,41.70845580871662,32.57457662635026,32.57457662635026,197.13256302551903,591.948894402835,3084.553892668043,0.0,0.0,0.0,0.0,0.0,0.0,0.0,0.0,576.2484372023363,23.97385648856251,0.0,0.0,0.0,3.410605131648481e-13,0.0
2025-10-16 20:00:00+00:00,6,21.0,2473.661980718646,827.9397350418809,1616.6192419875044,29.10300368925968,827.9397350418809,396.3914345947908,431.5483004470901,3031.252513162501,0.0,827.9397350418809,0.0,1616.6192419875044,0.0,29.10300368925968,0.0,0.0,0.0,0.0,0.0,857.0427387311406,285.6809129103802,2759.342893629025,41.39014340443538,32.33238483975009,32.33238483975009,195.60910751178187,587.3449335060976,3061.006914224744,0.0,0.0,0.0,0.0,0.0,0.0,0.0,0.0,576.2484372023363,23.973525194850197,0.0,0.0,0.0,1.1368683772161603e-13,0.0
2025-10-16 21:00:00+00:00,6,21.0,2451.80062053163,820.3253222646306,1602.7890184292114,28.686279837787943,820.3253222646306,393.69646089481677,426.62886136981376,3031.252513162501,0.0,820.3253222646306,0.0,1602.7890184292114,0.0,28.686279837787943,0.0,0.0,0.0,0.0,0.0,849.0116021024186,283.0038673674729,2734.804487899103,41.02206731848655,32.05578036858423,32.05578036858423,193.86062831077183,581.9981237338998,3033.7987442655303,0.0,0.0,0.0,0.0,0.0,0.0,0.0,0.0,576.2484372023363,23.973160921215104,0.0,0.0,0.0,4.547473508864641e-13,0.0
2025-10-16 22:00:00+00:00,6,21.0,2385.6430649887966,798.5799747719796,1559.1389826500922,27.924107566724032,798.5799747719796,384.1150616529853,414.4649131189943,3031.252513162501,0.0,798.5799747719796,0.0,1559.1389826500922,0.0,27.924107566724032,0.0,0.0,0.0,0.0,0.0,826.5040823387036,275.50136077956785,2661.1444257683634,39.91716638652545,31.182779653001845,31.182779653001845,188.75479559527972,566.5388820673767,2952.181947056173,0.0,0.0,0.0,0.0,0.0,0.0,0.0,0.0,576.2484372023363,23.974606350119203,0.0,0.0,0.0,-1.1368683772161603e-13,0.0
2025-10-16 23:00:00+00:00,6,21.0,2383.2515857583894,797.3637144334667,1558.1160881132826,27.77178321163894,797.3637144334666,383.44775905321234,413.91595538025433,3031.252513162501,0.0,797.3637144334667,0.0,1558.1160881132826,0.0,27.77178321163894,0.0,0.0,0.0,0.0,0.0,825.1354976451057,275.0451658817019,2658.2967516400904,39.874451274601356,31.162321762265652,31.162321762265652,188.4607950348522,565.7050557156867,2948.9566414740757,0.0,0.0,0.0,0.0,0.0,0.0,0.0,0.0,576.2484372023363,23.97510901291731,0.0,0.0,0.0,-4.547473508864641e-13,0.0
2025-11-13 00:00:00+00:00,7,22.0,3360.4038384668725,1147.6149398876746,2171.8613725923638,40.92752598683128,1147.6149398876746,659.2331269281988,488.38181295947584,3031.252513162501,0.0,1147.6149398876746,0.0,2171.8613725923638,0.0,40.92752598683128,0.0,0.0,0.0,0.0,0.0,1188.542465874506,396.1808219581687,3756.5846604250382,56.34876990637557,43.43722745184728,43.43722745184728,275.6613193361775,815.0653661044163,4175.469204571289,0.0,0.0,0.0,0.0,0.0,1624.9086668059063,0.0,0.0,576.2484372023363,23.996472313037838,0.0,0.0,0.0,3.410605131648481e-13,0.0
2025-11-13 01:00:00+00:00,7,22.0,3281.3981755089244,1120.839791271175,2120.4562547955943,40.102129442156375,1120.8397912711748,644.9859750927682,475.85381617840676,3031.252513162501,0.0,1120.839791271175,0.0,2120.4562547955943,0.0,40.102129442156375,0.0,0.0,0.0,0.0,0.0,1160.9419207133315,386.98064023777715,3668.378815746703,55.025682236200545,42.40912509591189,42.40912509591189,269.28086389885686,796.1054365646584,4077.5036120735826,0.0,0.0,0.0,0.0,0.0,1621.6588494722946,0.0,0.0,576.2484372023363,23.996399262108987,0.0,0.0,0.0,-1.1368683772161603e-13,0.0
2025-11-13 02:00:00+00:00,7,22.0,3229.0354634178498,1103.2456355868217,2086.5289776796194,39.260850151407574,1103.2456355868217,634.8679317869171,468.3777037999046,3031.252513162501,0.0,1103.2456355868217,0.0,2086.5289776796194,0.0,39.260850151407574,0.0,0.0,0.0,0.0,0.0,1142.5064857382292,380.8354952460764,3609.870958663925,54.148064379958875,41.73057955359239,41.73057955359239,265.0339072873969,783.478626020617,4012.5140894384663,0.0,0.0,0.0,0.0,0.0,1618.41553177335,0.0,0.0,576.2484372023363,23.994983857735434,0.0,0.0,0.0,-4.547473508864641e-13,0.0
2025-11-13 03:00:00+00:00,7,22.0,3216.3525933302976,1099.0305301357355,2077.972838302198,39.34922489236169,1099.0305301357355,629.7424297357784,469.28810039995716,3031.252513162501,0.0,1099.0305301357355,0.0,2077.972838302198,0.0,39.34922489236169,0.0,0.0,0.0,0.0,0.0,1138.3797550280972,379.45991834269904,3595.8125116729943,53.93718767509491,41.55945676604396,41.55945676604396,263.9075220216853,780.4235415715672,6878.018320913547,0.0,0.0,0.0,0.0,0.0,1615.1787007098035,2881.242186011681,0.0,3309.6347767101697,23.99417176896212,0.0,0.0,0.0,9.094947017729282e-13,0.0
2025-11-13 04:00:00+00:00,7,22.0,3126.968956241263,1069.2767772609457,2019.199667678756,38.49251130156006,1069.2767772609457,613.1478984847662,456.12887877617953,3031.252513162501,0.0,1069.2767772609457,0.0,2019.199667678756,0.0,38.49251130156006,0.0,0.0,0.0,0.0,0.0,1107.7692885625056,369.2564295208352,3496.2253857620967,52.44338078643145,40.38399335357512,40.38399335357512,256.7877611276027,759.2555581420196,5864.335820829972,0.0,0.0,0.0,0.0,0.0,1611.948343308384,1978.1113064466895,0.0,5186.235934821026,23.991427915469576,0.0,0.0,0.0,0.0,0.0
2025-11-13 05:00:00+00:00,7,22.0,3196.774369188285,1093.3994784707663,2063.708355820356,39.666534897159764,1093.3994784707663,627.4104936109015,465.9889848598648,3031.252513162501,0.0,1093.3994784707663,0.0,2063.708355820356,0.0,39.666534897159764,0.0,0.0,0.0,0.0,0.0,1133.0660133679262,377.68867112264206,3574.463040310924,53.61694560466386,41.274167116407114,41.274167116407114,262.6355665308413,776.4895174909614,3973.2638866792468,0.0,0.0,0.0,0.0,0.0,1608.7244466217674,0.0,0.0,5186.235934821026,23.992067978819033,0.0,0.0,0.0,2.2737367544323206e-13,0.0
2025-11-13 06:00:00+00:00,7,22.0,2924.6741731359034,1000.0399329987804,1888.4426403849557,36.19159975216833,1000.0399329987804,575.2668020375357,424.77313096124465,3031.252513162501,0.0,1000.0399329987804,0.0,1888.4426403849557,0.0,36.19159975216833,0.0,0.0,0.0,0.0,0.0,1036.2315327509486,345.4105109169829,3270.0846840528875,49.05127026079331,37.76885280769911,37.76885280769911,240.2507522511389,710.2502390443133,2142.748454979365,0.0,0.0,0.0,0.0,0.0,1605.506997728524,0.0,1492.1759572008518,3613.3443699888185,23.98957773928225,0.0,0.0,0.0,0.0,0.0
2025-11-13 07:00:00+00:00,7,22.0,2906.985988667035,993.4185193651557,1877.5195626750426,36.047906626836415,993.4185193651556,572.4586569740806,420.9598623910751,3031.252513162501,0.0,993.4185193651557,0.0,1877.5195626750426,0.0,36.047906626836415,0.0,0.0,0.0,0.0,0.0,1029.466425991992,343.15547533066405,3250.141463997699,48.75212195996548,37.550391253500855,37.550391253500855,238.71981053374796,705.7281903313791,731.4719929867333,0.0,0.0,0.0,0.0,0.0,1602.2959837330673,0.0,2881.242186011681,576.2484372023363,23.990417246520664,0.0,0.0,0.0,1.1368683772161603e-13,0.0
2025-11-13 08:00:00+00:00,7,22.0,2949.1212400973604,1006.6825033402474,1906.5067802916724,35.931956465440145,1006.6825033402474,579.4430723920428,427.23943094820453,3031.252513162501,0.0,1006.6825033402474,0.0,1906.5067802916724,0.0,35.931956465440145,0.0,0.0,0.0,0.0,0.0,1042.6144598056876,347.53815326856255,3296.6593933659224,49.44989090048883,38.13013560583345,38.13013560583345,241.85732249602398,715.1056378767423,3664.226877974102,0.0,0.0,0.0,0.0,0.0,1599.0913917656012,0.0,0.0,576.2484372023363,23.99294406244036,0.0,0.0,0.0,-6.821210263296962e-13,0.0
2025-11-13 09:00:00+00:00,7,22.0,2934.9349326267106,1002.2219401186654,1897.0064291988183,35.70656330922674,1002.2219401186654,576.6607733988907,425.56116671977475,3031.252513162501,0.0,1002.2219401186654,0.0,1897.0064291988183,0.0,35.70656330922674,0.0,0.0,0.0,0.0,0.0,1037.928503427892,345.97616780929735,3280.9111004360075,49.21366650654011,37.94012858397637,37.94012858397637,240.76280512017092,711.8328966039612,3646.7678292306714,0.0,0.0,0.0,0.0,0.0,1595.8932089820703,0.0,0.0,576.2484372023363,23.991557596877804,0.0,0.0,0.0,-4.547473508864641e-13,0.0
2025-11-13 10:00:00+00:00,7,22.0,2923.152840962353,998.3954532161181,1889.176897396231,35.58049035000342,998.3954532161181,574.436648043682,423.95880517243603,3031.252513162501,0.0,998.3954532161181,0.0,1889.176897396231,0.0,35.58049035000342,0.0,0.0,0.0,0.0,0.0,1033.9759435661215,344.65864785537383,3267.811488817726,49.017172332265886,37.78353794792462,37.78353794792462,239.83891377814692,709.0818098616359,3632.2346508239893,0.0,0.0,0.0,0.0,0.0,1592.7014225641062,0.0,0.0,576.2484372023363,23.990854926031652,0.0,0.0,0.0,5.684341886080801e-13,0.0
2025-11-13 11:00:00+00:00,7,22.0,2916.5379463036284,995.9753295768401,1885.279289786078,35.283326940710175,995.9753295768401,572.3009607810163,423.6743687958238,3031.252513162501,0.0,995.9753295768401,0.0,1885.279289786078,0.0,35.283326940710175,0.0,0.0,0.0,0.0,0.0,1031.2586565175502,343.7528855058501,3260.2908318094783,48.90436247714217,37.70558579572156,37.70558579572156,239.21284191437815,707.2812614888135,3623.819207792441,0.0,0.0,0.0,0.0,0.0,1589.5160197189782,0.0,0.0,576.2484372023363,23.99021542428924,0.0,0.0,0.0,-9.094947017729282e-13,0.0
2025-11-13 12:00:00+00:00,7,22.0,2911.949476336297,993.8623507428429,1882.9940432559206,35.093082337534355,993.8623507428429,570.1944295665908,423.66792117625204,3031.252513162501,0.0,993.8623507428429,0.0,1882.9940432559206,0.0,35.093082337534355,0.0,0.0,0.0,0.0,0.0,1028.9554330803771,342.98514436012573,3254.9346206964237,48.82401931044635,37.65988086511841,37.65988086511841,238.67708976722443,705.8060151680334,6498.99767751601,0.0,0.0,0.0,0.0,0.0,1586.3369876795405,2881.242186011681,0.0,3309.6347767101697,23.99074808283525,0.0,0.0,0.0,-9.094947017729282e-13,0.0
2025-11-13 13:00:00+00:00,7,22.0,3043.061396795352,1039.069044189115,1967.2202442956352,36.772108310598306,1039.069044189115,596.0732304987216,442.99581369039333,3031.252513162501,0.0,1039.069044189115,0.0,1967.2202442956352,0.0,36.772108310598306,0.0,0.0,0.0,0.0,0.0,1075.8411524997132,358.6137174999044,3401.6751142952526,51.02512671442879,39.3444048859127,39.3444048859127,249.52359391282081,737.8512478989794,5759.023951141022,0.0,0.0,0.0,0.0,0.0,1583.1643137041815,1978.1113064466895,0.0,5186.235934821026,23.988282386347457,0.0,0.0,0.0,1.1368683772161603e-12,0.0
2025-11-13 14:00:00+00:00,7,22.0,3199.9623254641006,1093.3598578315139,2067.5674368144946,39.03503081809004,1093.3598578315139,626.0432692057085,467.31658862580537,3031.252513162501,0.0,1093.3598578315139,0.0,2067.5674368144946,0.0,39.03503081809004,0.0,0.0,0.0,0.0,0.0,1132.394888649604,377.4649628832013,3577.4272883472995,53.66140932520949,41.35134873628989,41.35134873628989,262.50167657798943,776.33074625898,3976.2930717230797,0.0,0.0,0.0,0.0,0.0,1579.9979850767731,0.0,0.0,5186.235934821026,23.988564634718166,0.0,0.0,0.0,-7.958078640513122e-13,0.0
2025-11-13 15:00:00+00:00,7,22.0,3230.7696475603207,1101.9118193739075,2090.025231866534,38.83259631987957,1101.9118193739075,624.5602267982601,477.3515925756474,3031.252513162501,0.0,1101.9118193739075,0.0,2090.025231866534,13.767134945720557,25.065461374159014,0.0,0.0,13.767134945720557,18.35617992762741,4.589044981906852,1126.9772807480665,375.65909358268885,3592.661606197289,53.88992409295933,41.93817598678788,41.800504637330675,264.2813601887932,782.1581034704668,2520.751793829935,0.0,0.0,0.0,18.35617992762741,0.0,1594.2763600378657,0.0,1492.1759572008518,3613.3443699888185,23.988394640676862,0.0,0.0,0.0,-4.547473508864641e-13,0.0
2025-11-13 16:00:00+00:00,7,22.0,3209.827763350554,1097.3704788639136,2072.8510496363165,39.60623485032646,1097.3704788639136,626.9923898145199,470.37808904939374,3031.252513162501,0.0,1097.3704788639136,0.0,2072.8510496363165,39.60623485032646,0.0,0.0,0.0,39.60623485032646,52.80831313376861,13.202078283442152,1097.3704788639136,365.79015962130455,3536.0116881215345,53.040175321823014,41.85308334122959,41.45702099272633,263.43286010974225,778.775377670268,1107.36095500914,-9.947598300641403e-14,0.0,0.0,52.808313133768706,0.0,1641.2557047948706,0.0,2881.242186011681,576.2484372023363,23.990336873425385,0.0,0.0,0.0,-9.094947017729282e-13,0.0
2025-11-13 17:00:00+00:00,7,22.0,3193.7881855005635,1092.6099502350073,2061.758393471871,39.419841793685684,1092.6099502350073,630.6499617272042,461.9599885078031,3031.252513162501,0.0,1092.6099502350073,0.0,2061.758393471871,2.5914563759916973,36.82838541769399,0.0,0.0,2.5914563759916973,3.4552751679889298,0.8638187919972324,1129.4383356527012,376.47944521756705,3567.6761743421393,53.515142615132085,41.26108243319734,41.23516786943742,262.5619386305635,775.9165955578947,3969.704781058458,0.0,0.0,0.0,3.4552751679889298,0.0,1641.2557047948706,0.0,0.0,576.2484372023363,23.98842995551501,0.0,0.0,0.0,0.0,0.0
2025-11-13 18:00:00+00:00,7,22.0,3206.1912956608926,1095.484286241562,2071.7507121064623,38.95629731286688,1095.484286241562,633.9660094211603,461.5182768204016,3031.252513162501,0.0,1095.484286241562,0.0,2071.7507121064623,0.0,38.95629731286688,0.0,0.0,0.0,0.0,0.0,1134.4405835544287,378.14686118480955,3584.3381568457007,53.76507235268551,41.43501424212925,41.43501424212925,263.32556077535475,778.1075227971082,3984.2988184580013,0.0,0.0,0.0,0.0,0.0,1637.9731933852809,0.0,0.0,576.2484372023363,23.9888084253856,0.0,0.0,0.0,4.547473508864641e-13,0.0
2025-11-13 19:00:00+00:00,7,22.0,3235.0414816398597,1105.575770930617,2089.460992244614,40.004718464630734,1105.5757709306172,642.6910270542384,462.8847438763787,3031.252513162501,0.0,1105.575770930617,0.0,2089.460992244614,5.177729839231404,34.82698862539933,0.0,0.0,5.177729839231404,6.903639785641872,1.725909946410468,1140.4027595560162,380.13425318533876,3609.9980049859687,54.14997007478953,41.840997143284596,41.78921984489228,265.933007415895,785.5733576106106,4020.6148392504706,0.0,0.0,0.0,6.903639785641872,0.0,1641.2557047948703,0.0,0.0,576.2484372023363,23.990411338336976,0.0,0.0,0.0,2.2737367544323206e-13,0.0
2025-11-13 20:00:00+00:00,7,22.0,3226.673697013226,1102.2932240231685,2084.6026197833385,39.77785320671963,1102.2932240231685,639.1667518759219,463.1264721472465,3031.252513162501,0.0,1102.2932240231685,0.0,2084.6026197833385,0.0,39.77785320671963,0.0,0.0,0.0,0.0,0.0,1142.071077229888,380.69035907662936,3607.3640560898557,54.11046084134783,41.69205239566677,41.69205239566677,265.0895548560204,783.2744795653311,4009.948176578557,0.0,0.0,0.0,0.0,0.0,1637.9731933852809,0.0,0.0,576.2484372023363,23.986838889202023,0.0,0.0,0.0,0.0,0.0
2025-11-13 21:00:00+00:00,7,22.0,3122.517284295217,1066.333340083595,2017.4762598117695,38.70768439985357,1066.333340083595,614.4715287255852,451.86181135800973,3031.252513162501,0.0,1066.333340083595,0.0,2017.4762598117695,0.0,38.70768439985357,0.0,0.0,0.0,0.0,0.0,1105.0410244834486,368.3470081611495,3490.8642924563674,52.36296438684551,40.34952519623539,40.34952519623539,256.29417406353167,757.7031970039975,3880.220481299214,0.0,0.0,0.0,0.0,0.0,1634.6972469985108,0.0,0.0,576.2484372023363,23.99001838653502,0.0,0.0,0.0,-4.547473508864641e-13,0.0
2025-11-13 22:00:00+00:00,7,22.0,3132.447020939854,1070.1008367192405,2023.1462444441229,39.19993977649184,1070.1008367192405,615.7782943999703,454.3225423192703,3031.252513162501,0.0,1070.1008367192405,0.0,2023.1462444441229,0.0,39.19993977649184,0.0,0.0,0.0,0.0,0.0,1109.3007764957324,369.76692549857745,3502.2139464384327,52.533209196576486,40.46292488888246,40.46292488888246,257.17603951164574,760.4020239845646,3892.8490449244186,0.0,0.0,0.0,0.0,0.0,1631.4278525045138,0.0,0.0,576.2484372023363,23.991599650069677,0.0,0.0,0.0,-1.1368683772161603e-13,0.0
2025-11-13 23:00:00+00:00,7,22.0,3118.19106510485,1065.9436593260089,2012.8014983461826,39.445907432658935,1065.9436593260089,611.7895009768635,454.15415834914546,3031.252513162501,0.0,1065.9436593260089,0.0,2012.8014983461826,0.0,39.445907432658935,0.0,0.0,0.0,0.0,0.0,1105.3895667586678,368.46318891955593,3486.6542540244063,52.299813810366096,40.256029966923656,40.256029966923656,256.12089177837123,757.3959544421407,3875.58701954699,0.0,0.0,0.0,0.0,0.0,1628.164996799505,0.0,0.0,576.2484372023363,23.992064582890514,0.0,0.0,0.0,-6.821210263296962e-13,0.0
2025-11-28 00:00:00+00:00,8,46.0,3424.175471449615,1161.0918164483476,2224.7235628687304,38.36009213253489,1161.0918164483476,657.260931745362,503.8308847029856,3031.252513162501,945.1516522031576,215.94016424518998,330.50742112442146,1894.216141744309,38.36009213253489,0.0,1374.7660395682292,429.6143873650716,368.86751325695633,491.8233510092751,122.95583775231877,215.94016424518998,71.98005474839665,2182.1363607378958,32.732045411068434,48.18314638994417,37.88432283488618,278.42592369323546,1021.7757181949214,4445.951189644536,1866.5893905775042,2638.87296846023,0.0,0.0,0.0,0.0,0.0,0.0,576.2484372023363,23.98718086064704,0.0,0.0,0.0,-9.094947017729282e-13,0.0
2025-11-28 01:00:00+00:00,8,46.0,3247.9571611603405,1101.8053521353568,2109.018314422012,37.13349460297339,1101.8053521353568,621.0016928106049,480.80365932475183,3031.252513162501,940.2836014730866,161.52175066227016,331.734018653983,1777.2842957680289,37.13349460297339,0.0,1367.6852385063078,427.40163703322116,368.8675132569564,491.82335100927514,122.95583775231879,161.52175066227016,53.84058355409005,1992.6466299843892,29.889699449765835,45.869041421009804,35.54568591536058,264.10937671252555,979.6118618382917,4227.569022998632,1859.508589515583,2629.8324046127,0.0,0.0,0.0,0.0,0.0,0.0,576.2484372023363,23.988712669524556,0.0,0.0,0.0,-1.1368683772161603e-13,0.0
2025-11-28 02:00:00+00:00,8,46.0,3264.2567696386836,1108.515447433332,2117.5720829553293,38.16923925002209,1108.515447433332,623.478588789652,485.0368586436799,3031.252513162501,944.9509638695333,163.5644835637986,330.69827400693435,1786.873808948395,38.16923925002209,0.0,1374.4741292647757,429.52316539524236,368.86751325695644,491.82335100927526,122.95583775231881,163.5644835637986,54.5214945212662,2004.9597870334599,30.074396805501898,46.04011679167615,35.7374761789679,265.68162553944114,984.5341129844145,4248.790882623097,1866.297480274051,2630.82239760372,0.0,0.0,0.0,0.0,0.0,0.0,576.2484372023363,23.99347557201311,0.0,0.0,0.0,-1.2505552149377763e-12,0.0
2025-11-28 03:00:00+00:00,8,46.0,3236.0382961942355,1098.861269232518,2099.2315275388123,37.94549942290293,1098.861269232518,616.703098430529,482.15817080198894,3031.252513162501,936.8730801056666,161.98818912685135,330.92201383405336,1768.309513704759,37.94549942290293,0.0,1362.724480153697,425.85140004803026,368.8675132569563,491.82335100927503,122.95583775231876,161.98818912685135,53.99606304228379,1984.293765873894,29.76440648810841,45.67330568334581,35.36619027409518,263.31344611353023,976.9206494017124,7094.20113160763,1854.547831162972,2647.87441583161,0.0,0.0,0.0,0.0,2881.242186011681,0.0,3309.6347767101697,23.991909245626637,0.0,0.0,0.0,9.094947017729282e-13,0.0
2025-11-28 04:00:00+00:00,8,46.0,3247.777536080856,1103.0022151053413,2106.66753824236,38.10778273315391,1103.0022151053413,619.3338883503451,483.66832675499614,3031.252513162501,940.2247442243909,162.77747088095043,330.75973052380243,1775.9078077185577,38.10778273315391,0.0,1367.5996279627504,427.3748837383595,368.86751325695633,491.8233510092751,122.95583775231877,162.77747088095043,54.25915696031681,1992.944435559825,29.894166533397375,45.822025897416765,35.518156154371155,264.3186293124557,980.1428563486361,6206.031698876182,1859.4229789720255,3990.08519780826,0.0,0.0,0.0,0.0,1978.1113064466895,0.0,5186.235934821026,23.99115613229533,0.0,0.0,0.0,9.094947017729282e-13,0.0
2025-11-28 05:00:00+00:00,8,46.0,3232.7205570682927,1097.4184011569237,2097.6609787623024,37.64117714906853,1097.4184011569237,615.904591200837,481.5138099560867,3031.252513162501,935.9125397855518,161.5058613713719,331.2263361078878,1766.4346426544146,37.64117714906853,0.0,1361.3273305971663,425.41479081161447,368.86751325695633,491.8233510092751,122.95583775231877,161.5058613713719,53.835287123790636,1981.7757911495771,29.726636867243656,45.64189470781562,35.32869285308829,262.9596370884396,975.862777204311,4208.583334272604,1853.1506816064414,5446.84991408006,0.0,0.0,0.0,0.0,0.0,0.0,5186.235934821026,23.99027459487436,0.0,0.0,0.0,0.0,0.0
2025-11-28 06:00:00+00:00,8,46.0,3251.0636055714913,1102.9697668518306,2110.7847447251265,37.30909399453552,1102.9697668518306,616.3697739362923,486.5999929155384,3031.252513162501,941.2171593579227,161.75260749390793,4.419904027814367e-12,2110.784744725122,37.30909399453552,0.0,1369.0431408842512,427.82598152632846,37.30909399453994,49.745458659386586,12.436364664846646,161.75260749390793,53.917535831302644,2326.4548880503326,34.89682332075499,42.58878583444793,42.21569489450244,264.13555370317204,878.0167397753552,4129.080345346846,1418.7885995436377,5019.21591944595,0.0,0.0,0.0,0.0,0.0,0.0,5186.235934821026,23.99070876377762,0.0,0.0,0.0,-3.410605131648481e-13,0.0
2025-11-28 07:00:00+00:00,8,46.0,3227.6421726238386,1095.7068548463567,2094.4122756225106,37.52304215497048,1095.7068548463567,612.4509796563574,483.25587518999936,3031.252513162501,934.4069980849051,161.29985676145157,2.9497125462905786e-12,2094.412275622508,37.52304215497048,0.0,1359.137451759862,424.73045367495683,37.52304215497343,50.030722873297904,12.507680718324476,161.29985676145157,53.76661892048386,2309.4787513044434,34.64218126956665,42.26347593399995,41.88824551245016,262.4196935883029,872.2183496180846,4099.860522241924,1409.1681746331599,3887.45313427802,0.0,0.0,0.0,0.0,0.0,0.0,5186.235934821026,23.990849224276154,0.0,0.0,0.0,4.547473508864641e-13,0.0
2025-11-28 08:00:00+00:00,8,46.0,3217.9434145485484,1092.424821026814,2088.221690085777,37.296903435960175,1092.424821026814,610.1473800294705,482.2774409973435,3031.252513162501,931.5121685747366,160.9126524520774,0.0,2088.221690085777,37.296903435960175,0.0,1354.9267906541625,423.4146220794257,37.296903435960175,49.72920458128023,12.432301145320057,160.9126524520774,53.637550817359134,2302.7718933552137,34.541578400328206,42.13740283607514,41.76443380171554,261.60752669285614,869.5354157730799,1206.2366443099468,1404.6559952354428,3416.20661731202,0.0,0.0,0.0,0.0,0.0,2881.242186011681,2149.1400020345436,23.990003904469724,0.0,0.0,0.0,-4.547473508864641e-13,0.0
2025-11-28 09:00:00+00:00,8,46.0,3203.6907834092526,1089.5504127620598,2076.6813086091774,37.459062038017294,1089.5504127620598,609.2798237872169,480.27058897484284,3031.252513162501,926.7242703853883,162.82614237667144,1.4515323150377831e-12,2076.681308609176,37.459062038017294,0.0,1347.9625751060194,421.23830472063105,37.45906203801874,49.945416050691655,12.486354012672914,162.82614237667144,54.275380792223814,2293.7828317780713,34.40674247667107,41.90821679256374,41.533626172183524,260.9270835094461,866.7757084763922,2578.290534684793,1397.907991156711,1450.31793784568,0.0,0.0,0.0,0.0,0.0,1492.1759572008518,576.2484372023363,23.990444305337295,0.0,0.0,0.0,-1.1368683772161603e-13,0.0
2025-11-28 10:00:00+00:00,8,46.0,3204.0751903207956,1088.9726540007775,2078.090663407944,37.01187291207506,1088.9726540007775,610.060649564895,478.9120044358826,3031.252513162501,0.0,1088.9726540007775,0.0,2078.090663407944,37.01187291207506,0.0,0.0,0.0,37.01187291207506,49.349163882766746,12.337290970691686,1088.9726540007775,362.99088466692587,3530.0542020756475,52.95081303113471,41.93193199727963,41.56181326815888,260.83572473541005,772.6084586696009,3976.6836489903953,0.0,0.0,0.0,49.349163882766746,0.0,46.88170568862841,0.0,0.0,576.2484372023363,23.990350800950413,0.0,0.0,0.0,-1.1368683772161603e-12,0.0
2025-11-28 11:00:00+00:00,8,46.0,3254.992720441803,1105.9481607386917,2111.7713556524072,37.27320405070187,1105.9481607386917,619.6162706480078,486.3318900906839,3031.252513162501,9.769962616701378e-15,1105.9481607386917,0.0,2111.7713556524072,37.27320405070187,0.0,1.4210854715202004e-14,4.440892098500626e-15,37.27320405070187,49.69760540093583,12.424401350233957,1105.9481607386917,368.6493869128972,3586.3689033039964,53.79553354955994,42.608159153555164,42.23542711304815,264.89087352061097,784.6037815999053,4039.596502041708,0.0,0.0,0.0,49.69760540093584,0.0,94.0006674081402,0.0,0.0,576.2484372023363,23.989859476782478,0.0,0.0,0.0,-5.684341886080801e-13,0.0
2025-11-28 12:00:00+00:00,8,46.0,3228.0821821670875,1097.9979265250522,2092.3971787964733,37.68707684556418,1097.9979265250522,614.3597391449375,483.63818738011474,3031.252513162501,529.635161414803,568.3627651102493,0.0,2092.3971787964733,37.68707684556418,0.0,770.3784166033498,240.7432551885468,37.68707684556418,50.24943579408557,12.562358948521393,568.3627651102493,189.45425503674974,2850.214198943472,42.75321298415208,42.22481434438511,41.84794357592947,262.9773502692002,832.5631903474847,6941.887558526254,1.1368683772161603e-13,0.0,1.1368683772161603e-13,820.6278523974353,0.0,873.4091258508874,2881.242186011681,0.0,3309.6347767101697,23.991645076034708,0.0,0.0,0.0,9.094947017729282e-13,0.0
2025-11-28 13:00:00+00:00,8,46.0,3215.14147905836,1093.581671688167,2084.0555222601106,37.5042851100858,1093.581671688167,611.4111520812842,482.1705196068828,3031.252513162501,522.5636620582459,571.0180096299212,0.0,2084.0555222601106,37.5042851100858,0.0,760.0925993574485,237.52893729920265,37.5042851100858,50.0057134801144,12.5014283700286,571.0180096299212,190.33933654330704,2845.4128684333386,42.681193026500075,42.05615329630307,41.681110445202215,261.9014979838955,828.6896569644391,6021.942442469489,2.2737367544323206e-13,0.0,2.2737367544323206e-13,810.0983128375627,0.0,1641.2557047948706,1978.1113064466895,0.0,5186.235934821026,23.990359934478604,0.0,0.0,0.0,4.547473508864641e-13,0.0
2025-11-28 14:00:00+00:00,8,46.0,3309.96081970632,1125.7846486564056,2145.506001118053,38.670169931860634,1125.7846486564056,625.2808541118459,500.50379454455975,3031.252513162501,945.1516522031576,180.63299645324798,0.0,2145.506001118053,38.670169931860634,0.0,1374.7660395682292,429.6143873650716,38.670169931860634,51.56022657581418,12.890056643953544,180.63299645324798,60.21099881774933,2386.3499963890504,35.79524994583576,43.29682172167967,42.91012002236106,269.42331718721863,894.1409517038696,4204.101771410188,2246.9541185414787,2278.62983336397,0.0,0.0,820.6278523974353,774.1544013879807,0.0,0.0,5186.235934821026,23.99036647848393,0.0,0.0,0.0,-1.3642420526593924e-12,0.0
2025-11-28 15:00:00+00:00,8,46.0,3399.0756266603876,1158.5712459646875,2200.6757647404543,39.82861595524605,1158.5712459646875,654.7315450872477,503.8397008774399,3031.252513162501,945.1516522031577,213.41959376152977,1.372230857472263e-12,2200.675764740453,39.82861595524605,0.0,1374.7660395682294,429.61438736507165,39.82861595524742,53.10482127366323,13.276205318415807,213.41959376152977,71.13986458717659,2485.2352230891593,37.27852834633739,44.411801454361566,44.01351529480906,277.76110914430603,917.4954115104781,4316.571038170866,2161.846648797837,2180.74284742367,0.0,0.0,733.9757879559445,0.0,0.0,0.0,5186.235934821026,23.98840233287393,0.0,0.0,0.0,2.2737367544323206e-13,0.0
2025-11-28 16:00:00+00:00,8,46.0,3407.1959698933106,1164.4673401949892,2201.849776830308,40.87885286801406,1164.4673401949892,674.3607414228021,490.10659877218717,3031.252513162501,945.1516522031576,219.31568799183162,4.424568819435868e-12,2201.8497768303037,40.87885286801406,0.0,1374.7660395682292,429.6143873650716,40.878852868018484,54.50513715735798,13.626284289339495,219.31568799183162,73.10522933061054,2494.270694152746,37.414060412291185,44.44578406528635,44.03699553660607,279.9331901580208,922.1759311572262,1448.1297150388564,1429.271176725587,3030.3205297877,0.0,0.0,0.0,0.0,0.0,2881.242186011681,2149.1400020345436,23.987273594485284,0.0,0.0,0.0,6.821210263296962e-13,0.0
2025-11-28 17:00:00+00:00,8,46.0,3384.7131239363234,1155.5198759528942,2188.469677243344,40.72357074008554,1155.5198759528942,670.7283487104322,484.791527242462,3031.252513162501,945.1516522031576,210.36822374973656,2.9497125462905786e-12,2188.4696772433413,40.72357074008554,0.0,1374.7660395682292,429.6143873650716,40.72357074008849,54.29809432011798,13.574523580029496,210.36822374973656,70.12274124991218,2468.96064224299,37.03440963364485,44.176629252267766,43.76939354486682,277.889517119071,916.1816017448637,4300.894725681187,1429.0641338883472,4253.61577227667,0.0,0.0,0.0,0.0,0.0,0.0,2149.1400020345436,23.987876094852332,0.0,0.0,0.0,0.0,0.0
2025-11-28 18:00:00+00:00,8,46.0,3331.901453149512,1136.4631824776495,2155.727703280945,39.710567390917376,1136.4631824776498,658.656746062398,477.8064364152516,3031.252513162501,945.1516522031577,191.31153027449182,1.4748562731452893e-12,2155.727703280944,39.710567390917376,0.0,1374.7660395682294,429.61438736507165,39.710567390918854,52.9474231878918,13.23685579697295,191.31153027449182,63.77051009149727,2410.809743646933,36.16214615470399,43.51165973952809,43.114554065618876,273.26058011289734,902.6706933262901,2742.39618927495,1427.7134627561213,3896.00403446804,0.0,0.0,0.0,0.0,0.0,1492.1759572008518,576.2484372023363,23.986630317836692,0.0,0.0,0.0,-2.2737367544323206e-13,0.0
2025-11-28 19:00:00+00:00,8,46.0,3233.2060234436854,1101.5790989155912,2093.8325775560816,37.794346972012605,1101.5790989155912,636.8551185271957,464.7239803883955,3031.252513162501,934.3185978483675,167.2605010672237,2.940382963047576e-12,2093.832577556079,37.794346972012605,0.0,1359.0088695976256,424.690271749258,37.794346972015546,50.39246262935406,12.598115657338514,167.2605010672237,55.75350035574123,2316.846578979044,34.752698684685654,42.25459502084179,41.876651551121576,264.78414132928924,876.709974348276,4109.915997791961,1409.4013322269795,3475.14967492605,0.0,0.0,0.0,0.0,0.0,0.0,576.2484372023363,23.986044235891423,0.0,0.0,0.0,-5.684341886080801e-13,0.0
2025-11-28 20:00:00+00:00,8,46.0,3257.3803638142945,1109.6882692434283,2109.2706665795627,38.42142799130326,1109.6882692434283,640.3053690478781,469.3829001955502,3031.252513162501,941.5496425020968,168.13862674133145,2.9497125462905786e-12,2109.27066657956,38.42142799130326,0.0,1369.5267527303226,427.9771102282258,38.42142799130621,51.22857065507495,12.807142663768737,168.13862674133145,56.04620891377715,2333.4555022346685,35.00183253352002,42.569627611504316,42.1854133315912,266.70580560866773,883.2931408910549,4140.67350470535,1420.7553233853976,5812.04950907955,0.0,0.0,0.0,0.0,0.0,0.0,576.2484372023363,23.986558036971363,0.0,0.0,0.0,4.547473508864641e-13,0.0
2025-11-28 21:00:00+00:00,8,46.0,3294.174237860473,1122.5337811961447,2132.841965565051,38.79849109927759,1122.5337811961447,647.3738490031599,475.15993219298485,3031.252513162501,945.1516522031576,177.38212899298708,0.0,2132.841965565051,38.79849109927759,0.0,1374.7660395682292,429.6143873650716,38.79849109927759,51.73132146570345,12.932830366425863,177.38212899298708,59.127376330995695,2369.351470889034,35.54027206333551,43.0448242222938,42.65683931130102,269.7786852856257,892.6952149450492,4186.869452805522,1426.4973610339327,5630.00339966887,0.0,0.0,0.0,0.0,0.0,0.0,576.2484372023363,23.983293649442853,0.0,0.0,0.0,-2.2737367544323206e-13,0.0
2025-11-28 22:00:00+00:00,8,46.0,3371.3306467142584,1151.5375120809078,2178.948516271818,40.844618361534096,1151.5375120809078,666.7255838456196,484.8119282352883,3031.252513162501,945.1516522031576,206.38585987775025,5.899425092581157e-12,2178.948516271812,40.844618361534096,0.0,1374.7660395682292,429.6143873650716,40.84461836153999,54.45949114871999,13.614872787179998,206.38585987775025,68.79528662591675,2454.129662775479,36.811944941632184,43.98741650905176,43.57897032543624,276.8578531982551,913.2607317525435,4284.591378466802,1429.2255307169492,4787.20798837594,0.0,0.0,0.0,0.0,0.0,0.0,576.2484372023363,23.98558434283542,0.0,0.0,0.0,0.0,0.0
2025-11-28 23:00:00+00:00,8,46.0,3337.2492740096263,1139.4026460963248,2157.323216188249,40.52341172505314,1139.402646096325,659.6214710825169,479.781175013808,3031.252513162501,945.1516522031576,194.25099389316722,328.3441015319033,1828.9791146563455,40.52341172505314,0.0,1374.7660395682292,429.6143873650716,368.8675132569564,491.82335100927514,122.95583775231879,194.25099389316722,64.75033129772241,2087.980439847235,31.319706597708528,46.83513945633454,36.57958229312691,273.94765297449374,1006.0026377367765,4343.251911746402,1866.5893905775042,2579.61427883634,0.0,0.0,0.0,0.0,0.0,0.0,576.2484372023363,23.988483012053752,0.0,0.0,0.0,-1.1368683772161603e-12,0.0
