timestamp_hour_utc,representative_day_id,day_weight,it_load_kw,q_air_kw,q_cp_kw,q_rdhx_kw,s_air_kw,s_air_old_kw,s_air_new_kw,old_ac_capacity_eff_kw,q_air_to_ashp_kw,q_air_to_reject_kw,q_cp_to_wshp_kw,q_cp_to_free_kw,q_rdhx_to_wshp_kw,q_rdhx_to_chiller_kw,q_ashp_out_kw,p_ashp_kw,q_wshp_in_kw,q_wshp_out_kw,p_wshp_kw,q_chiller_evap_kw,p_chiller_kw,q_tower_kw,p_tower_kw,p_pump_kw,p_cdu_free_kw,p_terminal_kw,p_cooling_kw,p_grid_kw,q_heat_kw,q_tes_ch_kw,q_tes_dis_kw,e_tes_kwh,p_bess_ch_kw,p_bess_dis_kw,e_bess_kwh,max_theta_c,hotspot_slack_c,hotspot_penalty_yuan,bess_degradation_cost_yuan,power_balance_residual_kw,heat_balance_residual_kw
2025-01-15 00:00:00+00:00,0,71.0,561.7189692350827,10.115423079893231,23.602653853084202,528.0008923021053,10.115423079893231,0.0,10.115423079893231,0.0,10.115423079893231,0.0,23.602653853084202,0.0,528.0008923021053,0.0,14.713342661662882,4.59791958176965,551.6035461551894,735.4713948735858,183.86784871839646,0.0,0.0,0.0,0.0,5.988088538613578,0.0,16.15368955817897,210.60754639695864,772.3265156320413,750.1847375352487,0.0,0.0,0.0,0.0,0.0,182.87148708619108,23.01341255170838,0.0,0.0,0.0,-5.684341886080802e-14,0.0
2025-01-15 01:00:00+00:00,0,71.0,570.1233267800533,10.270623133314722,23.964787311067674,535.8879163356709,10.270623133314722,0.0,10.270623133314722,0.0,10.270623133314722,0.0,23.964787311067674,0.0,535.8879163356709,0.0,14.939088193912323,4.668465060597601,559.8527036467385,746.4702715289847,186.61756788224616,0.0,0.0,0.0,0.0,6.077822782688739,0.0,16.395861946484633,213.75971767201716,783.8830444520703,761.409359722897,0.0,0.0,0.0,0.0,0.0,182.87148708619108,23.013631184438825,0.0,0.0,0.0,-1.4210854715202004e-13,0.0
2025-01-15 02:00:00+00:00,0,71.0,575.7849346703858,10.190665080562109,23.77821852131158,541.816051068512,10.190665080562109,0.0,10.190665080562109,0.0,10.190665080562109,0.0,23.77821852131158,0.0,541.816051068512,0.0,14.822785571726705,4.632120491164596,565.5942695898235,754.1256927864313,188.53142319660782,0.0,0.0,0.0,0.0,6.131507066324467,0.0,16.535870481031687,215.83092123512856,1006.4260278044349,768.948478358158,0.0,0.0,0.0,214.81017189892037,0.0,386.65830941805666,23.013471198123643,0.0,0.0,0.0,8.526512829121202e-14,0.0
2025-01-15 03:00:00+00:00,0,71.0,569.6548721232332,10.084927661206855,23.531497876149324,536.0384465858771,10.084927661206855,0.0,10.084927661206855,0.0,10.084927661206855,0.0,23.531497876149324,0.0,536.0384465858771,0.0,14.668985689028153,4.584058027821298,559.5699444620263,746.0932592827018,186.52331482067544,0.0,0.0,0.0,0.0,6.066329402143251,0.0,16.360167875725644,213.53387012636563,783.1887422495987,760.76224497173,0.0,0.0,0.0,0.0,0.0,386.65830941805666,23.013248783167732,0.0,0.0,0.0,-1.1368683772161603e-13,0.0
2025-01-15 04:00:00+00:00,0,71.0,575.2952966193508,10.28094853067458,23.988879904907357,541.0254681837689,10.28094853067458,0.0,10.28094853067458,0.0,10.28094853067458,0.0,23.988879904907357,0.0,541.0254681837689,0.0,14.95410695370848,4.6731584230339,565.0143480886762,753.3524641182349,188.33811602955873,0.0,0.0,0.0,0.0,6.12992107898491,0.0,16.53421360787503,215.6754091394526,790.9707057588033,768.3065710719434,0.0,0.0,0.0,0.0,0.0,386.65830941805666,23.013551339179674,0.0,0.0,0.0,-5.684341886080802e-14,0.0
2025-01-15 05:00:00+00:00,0,71.0,572.1730910897223,10.218907155587186,23.844116696370087,538.1100672377651,10.218907155587186,0.0,10.218907155587186,0.0,10.218907155587186,0.0,23.844116696370087,0.0,538.1100672377652,0.0,14.863864953581361,4.644957797994175,561.9541839341352,749.2722452455137,187.31806131137841,0.0,0.0,0.0,0.0,6.096424173268755,0.0,16.44369724094976,214.50314052359113,786.6762316133133,764.136110199095,0.0,0.0,0.0,0.0,0.0,386.65830941805666,23.01346160664151,0.0,0.0,0.0,-1.1368683772161603e-13,0.0
2025-01-15 06:00:00+00:00,0,71.0,578.290212283939,10.336236934202347,24.117886179805467,543.8360891699311,10.336236934202347,0.0,10.336236934202347,0.0,10.336236934202347,0.0,24.117886179805467,0.0,543.8360891699311,0.0,15.034526449748869,4.698289515546522,567.9539753497367,757.2719671329821,189.31799178324553,0.0,0.0,0.0,0.0,6.1618974770934765,0.0,16.620510195842215,216.79868897172776,795.0889012556668,772.306493582731,0.0,0.0,0.0,0.0,0.0,386.65830941805666,23.013592415274886,0.0,0.0,0.0,0.0,0.0
2025-01-15 07:00:00+00:00,0,71.0,598.2662238148496,10.380804829548659,24.221877935613534,563.6635410496874,10.380804829548659,0.0,10.380804829548659,0.0,10.380804829548659,0.0,24.221877935613534,0.0,563.6635410496874,0.0,15.099352479343503,4.718547649794845,587.8854189853009,783.8472253137345,195.96180632843362,0.0,0.0,0.0,0.0,6.36329174856528,0.0,17.155461829891266,224.19910755668502,822.4653313715345,798.946577793078,0.0,0.0,0.0,0.0,0.0,386.65830941805666,23.013602671720125,0.0,0.0,0.0,-1.1368683772161603e-13,0.0
2025-01-15 08:00:00+00:00,0,71.0,589.0316527066586,10.137777193173635,23.654813450738473,555.2390620627464,10.137777193173635,0.0,10.137777193173635,0.0,10.137777193173635,0.0,23.654813450738473,0.0,555.2390620627464,0.0,14.745857735525288,4.608080542351653,578.8938755134849,771.8585006846465,192.96462517116163,0.0,0.0,0.0,0.0,6.262035024149618,0.0,16.880278130843983,220.71501886850686,809.7466715751655,786.6043584201718,0.0,0.0,0.0,0.0,0.0,386.65830941805666,23.01334332562791,0.0,0.0,0.0,-2.842170943040401e-14,0.0
2025-01-15 09:00:00+00:00,0,71.0,571.3004435469362,10.080748206984588,23.52174581629737,537.6979495236543,10.080748206984588,0.0,10.080748206984588,0.0,10.080748206984588,0.0,23.52174581629737,0.0,537.6979495236543,0.0,14.662906482886672,4.582158275902085,561.2196953399517,748.2929271199356,187.0732317799839,0.0,0.0,0.0,0.0,6.082631869725465,0.0,16.403251554209444,214.1412734798209,785.441717026757,762.9558336028223,0.0,0.0,0.0,0.0,0.0,386.65830941805666,23.01330646028007,0.0,0.0,0.0,-8.526512829121202e-14,0.0
2025-01-15 10:00:00+00:00,0,71.0,584.1475947406028,10.272934334217776,23.97018011317481,549.9044802932102,10.272934334217776,0.0,10.272934334217776,0.0,10.272934334217776,0.0,23.97018011317481,0.0,549.9044802932102,0.0,14.942449940680403,4.6695156064626255,573.8746604063849,765.1662138751799,191.29155346879497,0.0,0.0,0.0,0.0,6.218150206327346,0.0,16.767794794992405,218.94701407657735,691.8458649851156,780.1086638158603,0.0,0.0,0.0,0.0,111.24874383206453,269.3918369707458,23.013560453774524,0.0,0.0,0.0,-8.526512829121202e-14,0.0
2025-01-15 11:00:00+00:00,0,71.0,576.9078541419158,10.070318591471597,23.497410046767058,543.3401255036771,10.070318591471597,0.0,10.070318591471597,0.0,10.070318591471597,0.0,23.497410046767058,0.0,543.3401255036771,0.0,14.647736133049596,4.577417541577999,566.8375355504442,755.7833807339255,188.94584518348137,0.0,0.0,0.0,0.0,6.138323556439783,0.0,16.550540408844924,216.21212669034406,578.3098089333394,770.4311168669751,0.0,0.0,0.0,0.0,214.81017189892037,42.96203437978408,23.013264426059653,0.0,0.0,0.0,-1.7053025658242404e-13,0.0
2025-01-15 12:00:00+00:00,0,71.0,570.7164437128187,9.942672902033882,23.199570104745725,537.5742007060388,9.942672902033882,0.0,9.942672902033882,0.0,9.942672902033882,0.0,23.199570104745725,0.0,537.5742007060388,0.0,14.462069675685647,4.519396773651765,560.7737708107846,747.6983610810462,186.92459027026155,0.0,0.0,0.0,0.0,6.071729110202761,0.0,16.37046551787467,213.88618167199076,784.6026253848094,762.1604307567318,0.0,0.0,0.0,0.0,0.0,42.96203437978408,23.013117928454317,0.0,0.0,0.0,-5.684341886080802e-14,0.0
2025-01-15 13:00:00+00:00,0,71.0,591.9930276628162,10.214489218495727,23.833808176490027,557.9447302678304,10.214489218495727,0.0,10.214489218495727,0.0,10.214489218495727,0.0,23.833808176490027,0.0,557.9447302678304,0.0,14.857438863266513,4.642949644770785,581.7785384443205,775.7047179257606,193.92617948144016,0.0,0.0,0.0,0.0,6.294461547973006,0.0,16.968371698090042,221.831962372274,813.8249900350902,790.5621567890272,0.0,0.0,0.0,0.0,0.0,42.96203437978408,23.013448668874872,0.0,0.0,0.0,0.0,0.0
2025-01-15 14:00:00+00:00,0,71.0,537.795671397821,9.854654923470342,22.99419482143079,504.94682165292,9.854654923470342,0.0,9.854654923470342,0.0,9.854654923470342,0.0,22.99419482143079,0.0,504.94682165292,0.0,14.33404352504777,4.479388601577428,527.9410164743508,703.9213552991343,175.9803388247836,0.0,0.0,0.0,0.0,5.7392940611721235,0.0,15.48703053094799,201.68605201848112,886.9592356629205,718.2553988241821,0.0,0.0,0.0,147.47751224661843,0.0,182.87148708619108,23.01286970944549,0.0,0.0,0.0,-8.526512829121202e-14,0.0
2025-01-15 15:00:00+00:00,0,71.0,580.8729642486238,10.020258137622964,23.380602321120243,547.4721037898806,10.020258137622964,0.0,10.020258137622964,0.0,10.020258137622964,0.0,23.380602321120243,0.0,547.4721037898806,0.0,14.574920927451585,4.55466278982862,570.8527061110009,761.1369414813345,190.28423537033362,0.0,0.0,0.0,0.0,6.176139107532413,0.0,16.649339914441864,217.66437718213652,1013.3475133296806,775.711862408786,0.0,0.0,0.0,214.81017189892037,0.0,386.65830941805666,23.01316590839483,0.0,0.0,0.0,-8.526512829121202e-14,0.0
2025-01-15 16:00:00+00:00,0,71.0,580.0261924750794,9.936801393343373,23.1858699178012,546.9035211639347,9.936801393343373,0.0,9.936801393343373,0.0,9.936801393343373,0.0,23.1858699178012,0.0,546.9035211639347,0.0,14.453529299408542,4.516727906065169,570.0893910817359,760.1191881089812,190.0297970272453,0.0,0.0,0.0,0.0,6.164611309173383,0.0,16.61643776860175,217.3275740110856,797.353766486165,774.5727174083897,0.0,0.0,0.0,0.0,0.0,386.65830941805666,23.01302873607964,0.0,0.0,0.0,2.842170943040401e-14,0.0
2025-01-15 17:00:00+00:00,0,71.0,578.4490062309502,9.929835914196193,23.169617133124444,545.3495531836297,9.929835914196193,0.0,9.929835914196193,0.0,9.929835914196193,0.0,23.169617133124444,0.0,545.3495531836297,0.0,14.443397693376282,4.513561779180088,568.5191703167541,758.0255604223387,189.50639010558467,0.0,0.0,0.0,0.0,6.148584045830029,0.0,16.57376909422991,216.7423050248247,795.1913112557748,772.4689581157149,0.0,0.0,0.0,0.0,0.0,386.65830941805666,23.012978726000128,0.0,0.0,0.0,-5.684341886080802e-14,0.0
2025-01-15 18:00:00+00:00,0,71.0,568.8681298148831,9.700924978021478,22.63549161538344,536.5317132214782,9.700924978021478,0.0,9.700924978021478,0.0,9.700924978021478,0.0,0.0,22.635491615383444,536.5317132214782,0.0,14.110436331667604,4.409511353646126,536.5317132214782,715.3756176286375,178.84390440715939,0.0,0.0,22.63549161538348,0.33953237423075217,5.818026964522451,0.45270983230766887,16.29117806817236,206.15486300003877,775.0229928149218,729.4860539603052,0.0,0.0,0.0,0.0,0.0,386.65830941805666,23.012698197156084,0.0,0.0,0.0,-2.842170943040401e-14,0.0
2025-01-15 19:00:00+00:00,0,71.0,570.5955243584899,9.48670151484815,22.13563686797901,538.9731859756629,9.48670151484815,0.0,9.48670151484815,0.0,9.48670151484815,0.0,0.0,22.1356368679792,538.9731859756629,0.0,13.798838567051854,4.312137052203704,538.9731859756627,718.6309146342169,179.65772865855422,0.0,0.0,22.135636867979184,0.33203455301968776,5.832444597116207,0.44271273735958405,16.310097542078115,206.88715514033152,666.2339356667569,732.4297532012687,0.0,0.0,0.0,0.0,111.24874383206453,269.3918369707458,23.01256867798255,0.0,0.0,0.0,0.0,0.0
2025-01-15 20:00:00+00:00,0,71.0,582.1997269116034,9.797093678324085,22.859885249422867,549.5427479838563,9.797093678324085,0.0,9.797093678324085,0.0,9.797093678324085,0.0,0.0,22.859885249423087,549.5427479838563,0.0,14.250318077562307,4.453224399238221,549.5427479838561,732.7236639784747,183.1809159946187,0.0,0.0,22.859885249423147,0.3428982787413472,5.952625184827019,0.45719770498846174,16.656521740630048,211.04338330304378,578.4329383157269,746.973982056037,0.0,0.0,0.0,0.0,214.81017189892037,42.96203437978408,23.01300356444559,0.0,0.0,0.0,2.842170943040401e-14,0.0
2025-01-15 21:00:00+00:00,0,71.0,571.6521662766245,9.899464800194918,23.098751200454807,538.6539502759748,9.899464800194918,0.0,9.899464800194918,0.0,9.899464800194918,0.0,23.098751200454807,0.0,538.6539502759749,0.0,14.399221527556245,4.499756727361326,561.7527014764297,749.0036019685729,187.25090049214322,0.0,0.0,0.0,0.0,6.079502038773393,0.0,16.389845310114985,214.22000456839294,785.8721708450174,763.4028234961291,0.0,0.0,0.0,0.0,0.0,42.96203437978408,23.013237439138994,0.0,0.0,0.0,0.0,0.0
2025-01-15 22:00:00+00:00,0,71.0,581.7263103634607,10.086953164629527,23.536224050802225,548.1031331480291,10.086953164629527,0.0,10.086953164629527,0.0,10.086953164629527,0.0,23.536224050802225,0.0,548.1031331480291,0.0,14.671931875824768,4.58497871119524,571.6393571988314,762.1858095984418,190.54645239961044,0.0,0.0,0.0,0.0,6.187118053004358,0.0,16.680314919704102,217.99886408351415,799.7251744469748,776.8577414742665,0.0,0.0,0.0,0.0,0.0,42.96203437978408,23.013461100518946,0.0,0.0,0.0,0.0,0.0
2025-01-15 23:00:00+00:00,0,71.0,579.1522581805158,10.01764037302306,23.374494203720463,545.7601236037723,10.01764037302306,0.0,10.01764037302306,0.0,10.01764037302306,0.0,23.374494203720463,0.0,545.7601236037723,0.0,14.571113269851724,4.553472896828664,569.1346178074928,758.8461570766569,189.71153926916423,0.0,0.0,0.0,0.0,6.158836062149337,0.0,16.603413023214994,217.0272612513572,943.6570316784914,773.4172703465086,0.0,0.0,0.0,147.47751224661843,0.0,182.87148708619108,23.013274587768137,0.0,0.0,0.0,0.0,0.0
2025-03-21 00:00:00+00:00,1,14.0,915.5029635735168,16.58156068923497,38.69030827488158,860.2310946094002,16.58156068923497,0.0,16.58156068923497,0.0,16.58156068923497,0.0,0.0,38.690308274881545,614.2044042857964,246.02669032360384,24.11863372979632,7.537073040561349,614.2044042857964,818.9392057143951,204.7348014285988,246.0266903236039,82.00889677453463,366.7258953730201,5.500888430595301,6.915850208355595,0.7738061654976309,26.33960352643862,333.8109195745819,1249.3138831480987,843.0578394441915,0.0,0.0,0.0,0.0,0.0,42.96203437978408,23.02167779291,0.0,0.0,0.0,5.684341886080802e-14,0.0
2025-03-21 01:00:00+00:00,1,14.0,750.6454953112176,13.580081287635728,31.686856337816693,705.3785576857651,13.580081287635728,0.0,13.580081287635728,0.0,13.580081287635728,0.0,0.0,31.68685633781672,614.2044042857964,91.1741533999688,19.75284550928833,6.172764221652604,614.2044042857964,818.9392057143951,204.7348014285988,91.17415339996884,30.39138446665628,153.25239420444183,2.2987859130666273,6.775781169614298,0.6337371267563344,21.594595149840536,272.60184947618546,1238.0575166863234,838.6920512236835,0.0,0.0,0.0,214.81017189892037,0.0,246.74885671164967,23.017759641004506,0.0,0.0,0.0,0.0,0.0
2025-03-21 02:00:00+00:00,1,14.0,898.4313048391631,16.191611635149904,37.7804271486831,844.45926605533,16.191611635149904,0.0,16.191611635149904,0.0,16.191611635149904,0.0,0.0,37.78042714868309,614.2044042857964,230.25486176953356,23.55143510567259,7.359823470522684,614.2044042857964,818.9392057143951,204.7348014285988,230.25486176953342,76.75162058984446,344.78690950806094,5.171803642620914,6.897652585831626,0.7556085429736618,25.838317956897775,327.5096282172899,1225.9409330564529,842.4906408200677,0.0,0.0,0.0,0.0,0.0,246.74885671164967,23.021204591283908,0.0,0.0,0.0,-1.1368683772161603e-13,0.0
2025-03-21 03:00:00+00:00,1,14.0,703.4755760150506,12.623844490083085,29.455637143527188,661.3960943814405,12.623844490083085,0.0,12.623844490083085,0.0,12.623844490083085,0.0,0.0,29.455637143527156,614.2044042857964,47.191690095644105,18.361955621939035,5.738111131855948,614.2044042857964,818.9392057143951,204.7348014285988,47.191690095643935,15.730563365214644,92.37789060438573,1.385668359065786,6.7311567857285075,0.5891127428705432,20.22471206863893,255.13412588197315,1106.087214143642,837.3011613363342,0.0,0.0,0.0,147.47751224661843,0.0,386.65830941805666,23.016518164114995,0.0,0.0,0.0,-8.526512829121202e-14,0.0
2025-03-21 04:00:00+00:00,1,14.0,605.9455296315302,10.813157904129335,25.23070177630178,569.9016699510994,10.813157904129335,0.0,10.813157904129335,0.0,10.813157904129335,0.0,25.23070177630178,0.0,569.9016699510994,0.0,15.728229678733578,4.915071774604243,595.132371727401,793.5098289698681,198.37745724246702,0.0,0.0,0.0,0.0,6.455937752800046,0.0,17.413166097816568,227.1616328676879,833.1071624992181,809.2380586486016,0.0,0.0,0.0,0.0,0.0,386.65830941805666,23.01413642206365,0.0,0.0,0.0,0.0,0.0
2025-03-21 05:00:00+00:00,1,14.0,927.4105419630434,16.501349784842738,38.503149497966376,872.4060426802346,16.501349784842738,0.0,16.501349784842738,0.0,16.501349784842738,0.0,0.0,38.503149497966206,614.2044042857963,258.20163839443825,24.00196332340762,7.500613538564881,614.2044042857964,818.9392057143951,204.7348014285988,258.20163839443825,86.06721279814607,382.7720006905505,5.741580010358257,6.912107032817291,0.7700629899593241,26.645098580047108,338.3714763784917,1265.7820183415351,842.9411690378028,0.0,0.0,0.0,0.0,0.0,386.65830941805666,23.02158713877708,0.0,0.0,0.0,0.0,0.0
2025-03-21 06:00:00+00:00,1,14.0,727.1901936987774,12.96577659505911,30.253478721804584,683.9709383819136,12.96577659505911,0.0,12.96577659505911,0.0,12.96577659505911,0.0,0.0,30.253478721804413,614.2044042857963,69.76653409611727,18.85931141099507,5.8935348159359595,614.2044042857964,818.9392057143951,204.7348014285988,69.76653409611734,23.255511365372445,123.2755241832942,1.8491328627494128,6.747113617294056,0.6050695744360882,20.89601632548484,263.9811799898716,991.171373688649,837.7985171253902,0.0,0.0,0.0,0.0,0.0,386.65830941805666,23.016959424275303,0.0,0.0,0.0,5.684341886080802e-14,0.0
2025-03-21 07:00:00+00:00,1,14.0,494.2295988294245,8.803797151322449,20.54219335308571,464.88360832501627,8.803797151322449,0.0,8.803797151322449,0.0,8.803797151322449,0.0,20.54219335308571,0.0,464.88360832501627,0.0,12.80552312919629,4.001725977873841,485.42580167810195,647.2344022374692,161.8086005593673,0.0,0.0,0.0,0.0,5.265101883842734,0.0,14.200787071850536,185.2762154929344,679.5058143223589,660.0399253666656,0.0,0.0,0.0,0.0,0.0,386.65830941805666,23.011490362591207,0.0,0.0,0.0,0.0,0.0
2025-03-21 08:00:00+00:00,1,14.0,489.36310959087996,8.82402397864205,20.589389283498107,459.9496963287397,8.82402397864205,0.0,8.82402397864205,0.0,8.82402397864205,0.0,20.589389283498107,0.0,459.9496963287397,0.0,12.83494396893389,4.010919990291841,480.53908561223784,640.7187808163171,160.17969520407928,0.0,0.0,0.0,0.0,5.217178641792341,0.0,14.074360876947408,183.48215471311087,672.8452643039907,653.553724785251,0.0,0.0,0.0,0.0,0.0,386.65830941805666,23.011493102991448,0.0,0.0,0.0,-1.4210854715202004e-13,0.0
2025-03-21 09:00:00+00:00,1,14.0,491.26853700570535,8.928486181654145,20.83313442385967,461.5069164001915,8.928486181654145,0.0,8.928486181654145,0.0,8.928486181654145,0.0,20.83313442385967,0.0,461.5069164001915,0.0,12.986888991496938,4.058402809842793,482.34005082405116,643.1200677654015,160.78001694135037,0.0,0.0,0.0,0.0,5.2400631967177045,0.0,14.137950781624566,184.21643372953542,675.4849707352407,656.1069567568984,0.0,0.0,0.0,0.0,0.0,386.65830941805666,23.011674352688804,0.0,0.0,0.0,-5.684341886080802e-14,0.0
2025-03-21 10:00:00+00:00,1,14.0,512.5074368524768,9.005071714235934,21.01183399988384,482.4905311383568,9.005071714235934,0.0,9.005071714235934,0.0,9.005071714235934,0.0,21.01183399988384,0.0,482.4905311383568,0.0,13.098286129797723,4.093214415561788,503.50236513824063,671.3364868509875,167.83412171274688,0.0,0.0,0.0,0.0,5.455260331380083,0.0,14.710382900498674,192.09297936018743,593.3516723805996,684.4347729807853,0.0,0.0,0.0,0.0,111.24874383206453,269.3918369707458,23.011813195235085,0.0,0.0,0.0,-1.1368683772161603e-13,0.0
2025-03-21 11:00:00+00:00,1,14.0,497.74354240921554,8.778096515928436,20.48222520383301,468.483220689454,8.778096515928436,0.0,8.778096515928436,0.0,8.778096515928436,0.0,20.48222520383301,0.0,468.483220689454,0.0,12.768140386804998,3.990043870876562,488.965445893287,651.9539278577159,162.98848196442898,0.0,0.0,0.0,0.0,5.29929896300953,0.0,14.29068457372444,186.56850937203953,469.50187988233466,664.722068244521,0.0,0.0,0.0,0.0,214.81017189892037,42.96203437978408,23.011492723960735,0.0,0.0,0.0,-2.842170943040401e-14,0.0
2025-03-21 12:00:00+00:00,1,14.0,527.8558874000137,9.69604181969169,22.624097579280605,495.5357480010414,9.69604181969169,0.0,9.69604181969169,0.0,9.69604181969169,0.0,22.624097579280605,0.0,495.5357480010414,0.0,14.103333555915185,4.407291736223495,518.159845580322,690.8797941070959,172.71994852677398,0.0,0.0,0.0,0.0,5.634080407388832,0.0,15.20374145889571,197.96506212928202,725.8209495292957,704.9831276630111,0.0,0.0,0.0,0.0,0.0,42.96203437978408,23.01266686713251,0.0,0.0,0.0,2.842170943040401e-14,0.0
2025-03-21 13:00:00+00:00,1,14.0,513.6330421951938,9.225781522602084,21.526823552738186,482.8804371198535,9.225781522602084,0.0,9.225781522602084,0.0,9.225781522602084,0.0,21.526823552738186,0.0,482.8804371198535,0.0,13.419318578330303,4.193537055728219,504.4072606725917,672.5430142301223,168.13575355753056,0.0,0.0,0.0,0.0,5.4746090777806815,0.0,14.76788109505618,192.57178078609564,853.6823352279079,685.9623328084525,0.0,0.0,0.0,147.47751224661843,0.0,182.87148708619108,23.01205551966669,0.0,0.0,0.0,2.842170943040401e-14,0.0
2025-03-21 14:00:00+00:00,1,14.0,503.01634301873224,9.047590731866865,21.11104504102268,472.8577072458427,9.047590731866865,0.0,9.047590731866865,0.0,9.047590731866865,0.0,21.11104504102268,0.0,472.8577072458427,0.0,13.160131973624532,4.1125412417576666,493.9687522868654,658.6250030491539,164.65625076228847,0.0,0.0,0.0,0.0,5.361908423689108,0.0,14.46419938141478,188.59489980915,691.6112428278823,671.7851350227784,0.0,0.0,0.0,0.0,0.0,182.87148708619108,23.01186507055706,0.0,0.0,0.0,2.842170943040401e-14,0.0
2025-03-21 15:00:00+00:00,1,14.0,495.4748282676501,8.863247911826427,20.680911794261657,465.93066856156196,8.863247911826427,0.0,8.863247911826427,0.0,8.863247911826427,0.0,20.680911794261657,0.0,465.93066856156196,0.0,12.891996962656622,4.028749050830195,486.6115803558236,648.8154404744314,162.20386011860785,0.0,0.0,0.0,0.0,5.27973403944347,0.0,14.241238795638697,185.7535820045202,896.0385821710906,661.7074374370881,0.0,0.0,0.0,214.81017189892037,0.0,386.65830941805666,23.01159068233097,0.0,0.0,0.0,-2.842170943040401e-14,0.0
2025-03-21 16:00:00+00:00,1,14.0,485.6467203805004,8.569188093516521,19.994772218205213,457.0827600687787,8.569188093516521,0.0,8.569188093516521,0.0,8.569188093516521,0.0,19.994772218205213,0.0,457.0827600687787,0.0,12.464273590569485,3.895085497052964,477.07753228698397,636.1033763826453,159.0258440956613,0.0,0.0,0.0,0.0,5.170670767233944,0.0,13.943928637407115,182.03552899735536,667.6822493778557,648.5676499732148,0.0,0.0,0.0,0.0,0.0,386.65830941805666,23.01120001629298,0.0,0.0,0.0,-1.1368683772161603e-13,0.0
2025-03-21 17:00:00+00:00,1,14.0,521.6046199380976,8.99688315223221,20.992727355208483,491.61500943065715,8.99688315223221,0.0,8.99688315223221,0.0,8.99688315223221,0.0,20.992727355208483,0.0,491.61500943065715,0.0,13.086375494155941,4.089492341923732,512.6077367858657,683.4769823811541,170.86924559528853,0.0,0.0,0.0,0.0,5.545931914962827,0.0,14.950431679544437,195.45510153171955,717.059721469817,696.5633578753101,0.0,0.0,0.0,0.0,0.0,386.65830941805666,23.01177948935532,0.0,0.0,0.0,-1.7053025658242404e-13,0.0
2025-03-21 18:00:00+00:00,1,14.0,681.1278341518237,11.731790443310636,27.374177701058144,642.021866007455,11.731790443310636,0.0,11.731790443310636,0.0,11.731790443310636,0.0,0.0,27.3741777010581,614.2044042857965,27.817461721658532,17.06442246299729,5.332632019686653,614.2044042857964,818.9392057143951,204.7348014285988,27.817461721658397,9.272487240552799,64.4641266632693,0.9669618999490395,6.689527596879127,0.547483554021162,19.520663066933036,247.0645568066206,713.3822190595238,836.0036281773924,0.0,0.0,0.0,0.0,214.81017189892037,160.2285068270949,23.0153050043453,0.0,0.0,0.0,-1.7053025658242404e-13,0.0
2025-03-21 19:00:00+00:00,1,14.0,680.8959867396809,11.973022289644433,27.937052009170337,640.985912440866,11.973022289644433,0.0,11.973022289644433,0.0,11.973022289644433,0.0,0.0,27.937052009170316,614.2044042857964,26.781508155069616,17.415305148573722,5.442282858929288,614.2044042857964,818.9392057143951,204.7348014285988,26.781508155069645,8.927169385023214,63.64572954926317,0.9546859432389475,6.700785083041371,0.5587410401834063,19.544761542979963,246.86322728199497,816.5104701896113,836.3545108629688,0.0,0.0,0.0,0.0,111.24874383206452,42.96203437978408,23.01563207774653,0.0,0.0,0.0,-5.684341886080802e-14,0.0
2025-03-21 20:00:00+00:00,1,14.0,593.2245998899891,10.407642494900786,24.2844991547685,558.5324582403199,10.407642494900786,0.0,10.407642494900786,0.0,10.407642494900786,0.0,24.2844991547685,0.0,558.5324582403199,0.0,15.138389083492052,4.730746588591266,582.8169573950884,777.0892765267845,194.27231913169612,0.0,0.0,0.0,0.0,6.313859557046254,0.0,17.025223344528776,222.3421486218624,815.5667485118515,792.2276656102765,0.0,0.0,0.0,0.0,0.0,42.96203437978408,23.013577112106685,0.0,0.0,0.0,0.0,0.0
2025-03-21 21:00:00+00:00,1,14.0,873.6079252000941,15.661038164432316,36.542422383675394,821.4044646519862,15.661038164432316,0.0,15.661038164432316,0.0,15.661038164432316,0.0,0.0,36.542422383675444,614.2044042857964,207.2000603661899,22.779691875537914,7.118653711105598,614.2044042857964,818.9392057143951,204.7348014285988,207.20006036618975,69.06668678872991,312.8091695385951,4.6921375430789265,6.872892490531472,0.7308484476735089,25.113982169016822,318.330002578735,1191.937927778829,841.718897589933,0.0,0.0,0.0,0.0,0.0,42.96203437978408,23.02051834516743,0.0,0.0,0.0,-1.7053025658242404e-13,0.0
2025-03-21 22:00:00+00:00,1,14.0,809.0874576273558,14.641174929990653,34.16274150331152,760.2835411940534,14.641174929990653,0.0,14.641174929990653,0.0,14.641174929990653,0.0,0.0,34.16274150331151,614.2044042857964,146.0791369082571,21.296254443622768,6.655079513632115,614.2044042857964,818.9392057143951,204.7348014285988,146.0791369082571,48.6930456360857,228.9349240476543,3.4340238607148144,6.825298872924194,0.6832548300662302,23.27633292418142,294.30183706620323,1103.389294693559,840.2354601580179,0.0,0.0,0.0,0.0,0.0,42.96203437978408,23.01925444847643,0.0,0.0,0.0,-1.1368683772161603e-13,0.0
2025-03-21 23:00:00+00:00,1,14.0,636.1229957107648,11.097161109705498,25.89337592264615,599.1324586784133,11.097161109705498,0.0,11.097161109705498,0.0,11.097161109705498,0.0,15.07194560738315,10.821430315263001,599.1324586784133,0.0,16.141325250480726,5.0441641407752265,614.2044042857964,818.9392057143951,204.7348014285988,0.0,0.0,10.821430315263074,0.1623214547289461,6.659911561310887,0.21642860630526004,18.248473484122016,235.06610067584114,871.1890963866059,835.0805309648758,0.0,0.0,0.0,0.0,0.0,42.96203437978408,23.014624191911523,0.0,0.0,0.0,-5.684341886080802e-14,0.0
2025-03-23 00:00:00+00:00,2,1.0,609.5368301887385,10.698133871751654,24.96231236742052,573.8763839495664,10.698133871751654,0.0,10.698133871751654,0.0,10.698133871751654,0.0,24.96231236742052,0.0,573.8763839495664,0.0,15.560921995275134,4.8627881235234796,598.8386963169869,798.4515950893158,199.61289877232895,0.0,0.0,0.0,0.0,6.48763321051828,0.0,17.493915383056837,228.45723548942755,837.994065678166,814.012517084591,0.0,0.0,0.0,0.0,0.0,42.96203437978408,23.01405784286242,0.0,0.0,0.0,-5.684341886080802e-14,0.0
2025-03-23 01:00:00+00:00,2,1.0,738.0288590039489,13.113130108341732,30.5973035861307,694.3184253094763,13.113130108341732,0.0,13.113130108341732,0.0,13.113130108341732,0.0,0.0,30.597303586130693,614.2044042857964,80.11402102367995,19.07364379395161,5.960513685609879,614.2044042857964,818.9392057143951,204.7348014285988,80.11402102368002,26.704673674560006,137.41599828437072,2.0612399742655607,6.753990114580578,0.6119460717226138,21.201714174853755,268.0288791241912,1220.8679100270604,838.0128495083468,0.0,0.0,0.0,214.81017189892037,0.0,246.74885671164967,23.01718197783628,0.0,0.0,0.0,-1.1368683772161603e-13,0.0
2025-03-23 02:00:00+00:00,2,1.0,953.5323306340813,16.935269144868666,39.51562800469355,897.0814334845192,16.935269144868666,0.0,16.935269144868666,0.0,16.935269144868666,0.0,0.0,39.51562800469355,614.2044042857964,282.87702919872277,24.633118756172607,7.69784961130394,614.2044042857964,818.9392057143951,204.7348014285988,282.8770291987228,94.29234306624093,416.6850002696573,6.250275004044859,6.932356602951835,0.7903125600938711,27.39172500359819,348.08966327683237,1301.6219939109137,843.5723244705678,0.0,0.0,0.0,0.0,0.0,246.74885671164967,23.02224779258494,0.0,0.0,0.0,5.684341886080802e-14,0.0
2025-03-23 03:00:00+00:00,2,1.0,1013.3144354950012,18.0012744791668,42.00297378472252,953.3101872311115,18.0012744791668,0.0,18.0012744791668,0.0,18.0012744791668,0.0,0.0,42.002973784722485,614.2044042857964,339.1057829453151,26.183671969697162,8.182397490530363,614.2044042857964,818.9392057143951,204.7348014285988,339.10578294531507,113.03526098177169,494.1440177118092,7.412160265677138,6.982103518552414,0.8400594756944497,29.1095923178224,370.29637547864724,1531.0883232202668,845.1228776840923,0.0,0.0,0.0,147.47751224661843,0.0,386.65830941805666,23.02360415869642,0.0,0.0,0.0,-8.526512829121202e-14,0.0
2025-03-23 04:00:00+00:00,2,1.0,922.6250794854585,16.274623044061364,37.974120436143174,868.3763360052542,16.274623044061364,0.0,16.274623044061364,0.0,16.274623044061364,0.0,0.0,37.97412043614315,614.2044042857964,254.17193171945783,23.672178973180166,7.397555929118802,614.2044042857964,818.9392057143951,204.7348014285988,254.1719317194579,84.72397723981929,376.8700293954203,5.653050440931304,6.9015264515808274,0.7594824087228631,26.489859848655147,336.660253747427,1259.2853332328855,842.6113846875753,0.0,0.0,0.0,0.0,0.0,386.65830941805666,23.021338508366963,0.0,0.0,0.0,-5.684341886080802e-14,0.0
2025-03-23 05:00:00+00:00,2,1.0,983.865096716541,17.46809297767466,40.7588836145742,925.6381201242921,17.46809297767466,0.0,17.46809297767466,0.0,17.46809297767466,0.0,0.0,40.75888361457419,614.2044042857964,311.4337158384957,25.408135240254055,7.940042262579392,614.2044042857964,818.9392057143951,204.7348014285988,311.43371583849563,103.81123861283187,456.0038380659017,6.840057570988525,6.957221715149448,0.8151776722914837,28.262341652622812,359.36088091506235,1343.2259776316032,844.3473409546492,0.0,0.0,0.0,0.0,0.0,386.65830941805666,23.022914199167214,0.0,0.0,0.0,-1.1368683772161603e-13,0.0
2025-03-23 06:00:00+00:00,2,1.0,928.1892457050074,16.373423314536428,38.20465440058499,873.6111679898859,16.373423314536428,0.0,16.373423314536428,0.0,16.373423314536428,0.0,0.0,38.204654400585014,614.2044042857964,259.4067637040894,23.815888457507533,7.442465142971104,614.2044042857964,818.9392057143951,204.7348014285988,259.40676370408954,86.46892123469651,384.08033933937105,5.761205090090566,6.906137130869664,0.7640930880117003,26.64969651404841,338.7273196292867,1266.916565334294,842.7550941719027,0.0,0.0,0.0,0.0,0.0,386.65830941805666,23.021432694991276,0.0,0.0,0.0,5.684341886080802e-14,0.0
2025-03-23 07:00:00+00:00,2,1.0,884.9125626527859,15.666478810216745,36.55511722383907,832.69096661873,15.666478810216745,0.0,15.666478810216745,0.0,15.666478810216745,0.0,0.0,36.555117223839034,614.2044042857964,218.4865623329337,22.78760554213345,7.121126731916703,614.2044042857964,818.9392057143951,204.7348014285988,218.48656233293383,72.82885411097794,327.8705336677508,4.918058005016262,6.873146387334745,0.7311023444767807,25.414237137139665,322.6213261454609,1207.5338887982468,841.7268112565285,0.0,0.0,0.0,0.0,0.0,386.65830941805666,23.020486809558072,0.0,0.0,0.0,0.0,0.0
2025-03-23 08:00:00+00:00,2,1.0,505.16401343097556,8.830130762618147,20.603638446109002,475.7302442222483,8.830130762618147,0.0,8.830130762618147,0.0,8.830130762618147,0.0,20.603638446109002,0.0,475.7302442222483,0.0,12.843826563808214,4.013695801190067,496.33388266835726,661.7785102244763,165.4446275561191,0.0,0.0,0.0,0.0,5.375411595605753,0.0,14.493850415861079,189.327585368776,694.4915987997515,674.6223367882845,0.0,0.0,0.0,0.0,0.0,386.65830941805666,23.011501639092305,0.0,0.0,0.0,-5.684341886080802e-14,0.0
2025-03-23 09:00:00+00:00,2,1.0,816.8387225691687,14.636059042939985,34.15080443352662,768.0518590927021,14.636059042939985,0.0,14.636059042939985,0.0,14.636059042939985,0.0,0.0,34.15080443352667,614.2044042857964,153.84745480690574,21.28881315336725,6.652754110427265,614.2044042857964,818.9392057143951,204.7348014285988,153.84745480690577,51.28248493563525,239.28074417606769,3.589211162641015,6.825060131528496,0.6830160886705334,23.48110008343288,297.2484279409342,1114.0871505101027,840.2280188677624,0.0,0.0,0.0,0.0,0.0,386.65830941805666,23.019285608476384,0.0,0.0,0.0,-2.2737367544323206e-13,0.0
2025-03-23 10:00:00+00:00,2,1.0,519.9884657055178,9.234519146235137,21.547211341215313,489.2067352180674,9.234519146235137,0.0,9.234519146235137,0.0,9.234519146235137,0.0,21.547211341215313,0.0,489.2067352180674,0.0,13.43202784906929,4.197508702834153,510.7539465592827,681.0052620790436,170.2513155197609,0.0,0.0,0.0,0.0,5.538483692417134,0.0,14.937395224829235,194.92470313984143,603.6644250132947,694.4372899281129,0.0,0.0,0.0,0.0,111.24874383206453,269.3918369707458,23.01217961547051,0.0,0.0,0.0,0.0,0.0
2025-03-23 11:00:00+00:00,2,1.0,535.7917672916305,9.559225746388766,22.304860074907115,503.9276814703346,9.559225746388766,0.0,9.559225746388766,0.0,9.559225746388766,0.0,22.304860074907115,0.0,503.9276814703346,0.0,13.90432835838366,4.345102611994894,526.2325415452418,701.6433887269891,175.41084718174727,0.0,0.0,0.0,0.0,5.7084226169505605,0.0,15.396890100967145,200.86126251165987,521.84285790437,715.5477170853727,0.0,0.0,0.0,0.0,214.81017189892037,42.96203437978408,23.01255541206956,0.0,0.0,0.0,-8.526512829121202e-14,0.0
2025-03-23 12:00:00+00:00,2,1.0,741.6230495832683,13.245965222812524,30.907252186562552,697.4698321738933,13.245965222812524,0.0,13.245965222812524,0.0,13.245965222812524,0.0,0.0,30.907252186562573,614.2044042857964,83.26542788809691,19.266858505909127,6.020893283096602,614.2044042857964,818.9392057143951,204.7348014285988,83.26542788809694,27.755142629365643,141.92782270402515,2.128917340560377,6.7601890865892145,0.6181450437312515,21.31361332072321,269.3317021326651,1010.9547517159334,838.2060642203043,0.0,0.0,0.0,0.0,0.0,42.96203437978408,23.01731612195707,0.0,0.0,0.0,0.0,0.0
2025-03-23 13:00:00+00:00,2,1.0,955.0499351924773,17.06567485688401,39.81990799939601,898.1643523361971,17.06567485688401,0.0,17.06567485688401,0.0,17.06567485688401,0.0,0.0,39.81990799939604,614.2044042857964,283.9599480504008,24.822799791831287,7.757124934947277,614.2044042857964,818.9392057143951,204.7348014285988,283.9599480504008,94.65331601680026,418.4331720665971,6.276497580998956,6.938442202845884,0.7963981599879207,27.448290053825335,348.6048703780044,1451.1323178171,843.7620055062264,0.0,0.0,0.0,147.47751224661843,0.0,182.87148708619108,23.022358790882702,0.0,0.0,0.0,-2.842170943040401e-14,0.0
2025-03-23 14:00:00+00:00,2,1.0,595.9480188357576,10.23749710960453,23.887493255743895,561.8230284704092,10.23749710960453,0.0,10.23749710960453,0.0,10.23749710960453,0.0,23.887493255743895,0.0,561.8230284704092,0.0,14.890904886697498,4.653407777092968,585.7105217261532,780.9473623015375,195.23684057538438,0.0,0.0,0.0,0.0,6.33485508237641,0.0,17.076063386788334,223.30116682164208,819.2491856573996,795.838267188235,0.0,0.0,0.0,0.0,0.0,182.87148708619108,23.01336815990396,0.0,0.0,0.0,-5.684341886080802e-14,0.0
2025-03-23 15:00:00+00:00,2,1.0,532.39653530892,9.158925263383395,21.37082561456125,501.86678443097526,9.158925263383395,0.0,9.158925263383395,0.0,9.158925263383395,0.0,21.37082561456125,0.0,501.86678443097526,0.0,13.322073110375849,4.1631478469924525,523.2376100455365,697.650146727382,174.4125366818455,0.0,0.0,0.0,0.0,5.659792612746591,0.0,15.256732116205875,199.49220925779042,946.6989164656306,710.9722198377578,0.0,0.0,0.0,214.81017189892037,0.0,386.65830941805666,23.012024515257455,0.0,0.0,0.0,-1.1368683772161603e-13,0.0
2025-03-23 16:00:00+00:00,2,1.0,514.486586574087,8.92165839596072,20.81720292390834,484.74772525421787,8.92165839596072,0.0,8.92165839596072,0.0,8.92165839596072,0.0,20.81720292390834,0.0,484.74772525421787,0.0,12.976957666851956,4.055299270891236,505.5649281781262,674.0865709041682,168.52164272604205,0.0,0.0,0.0,0.0,5.471993340259429,0.0,14.75237311845358,192.80130845564628,707.2878950297332,687.0635285710201,0.0,0.0,0.0,0.0,0.0,386.65830941805666,23.011753146000807,0.0,0.0,0.0,-5.684341886080802e-14,0.0
2025-03-23 17:00:00+00:00,2,1.0,539.0052674774,9.449372564428035,22.04853598366541,507.50735892930646,9.449372564428035,0.0,9.449372564428035,0.0,9.449372564428035,0.0,22.04853598366541,0.0,507.50735892930646,0.0,13.744541911895324,4.295169347467288,529.5558949129719,706.0745265506291,176.51863163765728,0.0,0.0,0.0,0.0,5.736529668803028,0.0,15.468275928644891,202.0186065825725,741.0238740599725,719.8190684625245,0.0,0.0,0.0,0.0,0.0,386.65830941805666,23.012450241179092,0.0,0.0,0.0,0.0,0.0
2025-03-23 18:00:00+00:00,2,1.0,829.8091881425312,15.001111803300075,35.00259420770017,779.8054821315307,15.001111803300075,0.0,15.001111803300075,0.0,15.001111803300075,0.0,0.0,35.00259420770021,614.2044042857964,165.60107784573427,21.81979898661829,6.818687183318216,614.2044042857964,818.9392057143951,204.7348014285988,165.60107784573432,55.20035928191144,255.80403133534597,3.8370604700301896,6.842095927011967,0.7000518841540043,23.87058286885079,302.0036390438753,917.002655287486,840.7590047010134,0.0,0.0,0.0,0.0,214.81017189892037,160.2285068270949,23.01973169219632,0.0,0.0,0.0,-1.1368683772161603e-13,0.0
2025-03-23 19:00:00+00:00,2,1.0,857.4538524440352,15.406834253097463,35.949279923894075,806.0977382670438,15.406834253097463,0.0,15.406834253097463,0.0,15.406834253097463,0.0,0.0,35.949279923894096,614.2044042857964,191.89333398124745,22.40994073177813,7.003106478680666,614.2044042857964,818.9392057143951,204.7348014285988,191.89333398124748,63.96444466041582,291.8070585655574,4.377105878483361,6.861029641335845,0.7189855984778819,24.65403054396359,312.313504229956,1058.5186128419266,841.3491464461732,0.0,0.0,0.0,0.0,111.24874383206452,42.96203437978408,23.020235078447605,0.0,0.0,0.0,-5.684341886080802e-14,0.0
2025-03-23 20:00:00+00:00,2,1.0,655.4357999894161,11.831877997028569,27.60771532639999,615.9962066659876,11.831877997028569,0.0,11.831877997028569,0.0,11.831877997028569,0.0,0.0,27.60771532640001,614.2044042857964,1.7918023801911716,17.210004359314283,5.378126362285713,614.2044042857964,818.9392057143951,204.7348014285988,1.7918023801911023,0.5972674600637007,29.996785166654814,0.4499517774998222,6.694198349385964,0.5521543065280002,18.852371804613675,237.25887148897567,892.6946714783916,836.1492100737095,0.0,0.0,0.0,0.0,0.0,42.96203437978408,23.01560139363502,0.0,0.0,0.0,-1.7053025658242404e-13,0.0
2025-03-23 21:00:00+00:00,2,1.0,707.9987315604607,12.882186099154797,30.058434231361186,665.0581112299448,12.882186099154797,0.0,12.882186099154797,0.0,12.882186099154797,0.0,0.0,30.05843423136116,614.2044042857964,50.85370694414847,18.737725235134253,5.855539135979454,614.2044042857964,818.9392057143951,204.7348014285988,50.8537069441485,16.951235648049497,97.86337682355915,1.4679506523533872,6.743212727485187,0.6011686846272233,20.376963116982918,256.7308713940765,964.7296029545371,837.6769309495294,0.0,0.0,0.0,0.0,0.0,42.96203437978408,23.016982602168927,0.0,0.0,0.0,-5.684341886080802e-14,0.0
2025-03-23 22:00:00+00:00,2,1.0,885.5152876386521,16.12021334383527,37.61383113561563,831.7812431592012,16.12021334383527,0.0,16.12021334383527,0.0,16.12021334383527,0.0,0.0,37.61383113561567,614.2044042857964,217.57683887340477,23.447583045578575,7.327369701743304,614.2044042857964,818.9392057143951,204.7348014285988,217.5768388734047,72.52561295780157,327.71628296682195,4.915744244502329,6.894320665570277,0.7522766227123134,25.487092535296426,322.637218156225,1208.152505794877,842.3867887599737,0.0,0.0,0.0,0.0,0.0,42.96203437978408,23.02120910955732,0.0,0.0,0.0,-1.1368683772161603e-13,0.0
2025-03-23 23:00:00+00:00,2,1.0,920.9492466733144,16.738992639555853,39.05764949229698,865.1526045414616,16.738992639555853,0.0,16.738992639555853,0.0,16.738992639555853,0.0,0.0,39.057649492296946,614.2044042857964,250.94820025566526,24.347625657535787,7.608633017979933,614.2044042857964,818.9392057143951,204.7348014285988,250.94820025566534,83.64940008522177,373.65524983318403,5.60482874749776,6.923197032703904,0.781152989845939,26.503666747421818,335.8056800492699,1256.7549267225843,843.2868313719309,0.0,0.0,0.0,0.0,0.0,42.96203437978408,23.02198387127215,0.0,0.0,0.0,0.0,0.0
2025-04-12 00:00:00+00:00,3,40.0,618.5626669916699,10.97505224962978,25.608455249136146,581.9791594929039,10.97505224962978,0.0,10.97505224962978,0.0,10.97505224962978,0.0,25.608455249136146,0.0,581.9791594929039,0.0,15.963712363097862,4.988660113468082,607.58761474204,810.1168196560534,202.52920491401335,0.0,0.0,0.0,0.0,6.588045252403123,0.0,17.767816392307836,231.8737266721924,850.4363936638623,826.0805320191513,0.0,0.0,0.0,0.0,0.0,42.96203437978408,23.014295271970884,0.0,0.0,0.0,5.684341886080802e-14,0.0
2025-04-12 01:00:00+00:00,3,40.0,614.0524084586285,10.76890380995432,25.127442223226748,578.1560624254475,10.76890380995432,0.0,10.76890380995432,0.0,10.76890380995432,0.0,25.127442223226748,0.0,578.1560624254475,0.0,15.663860087206285,4.894956277251964,603.2835046486742,804.3780061982322,201.09450154955806,0.0,0.0,0.0,0.0,6.535383890951278,0.0,17.6224503984616,230.1472921162229,1059.0098724737718,820.0418662854386,0.0,0.0,0.0,214.81017189892037,0.0,246.74885671164967,23.014183394609187,0.0,0.0,0.0,0.0,0.0
2025-04-12 02:00:00+00:00,3,40.0,608.2662673333386,10.844761217389753,25.304442840576083,572.1170632753729,10.844761217389753,0.0,10.844761217389753,0.0,10.844761217389753,0.0,25.304442840576083,0.0,572.1170632753729,0.0,15.774198134385095,4.929436916995343,597.421506115949,796.5620081545986,199.14050203864966,0.0,0.0,0.0,0.0,6.480303917971011,0.0,17.478627648953573,228.02887052256958,836.2951378559081,812.3362062889837,0.0,0.0,0.0,0.0,0.0,246.74885671164967,23.014293963953037,0.0,0.0,0.0,-8.526512829121202e-14,0.0
2025-04-12 03:00:00+00:00,3,40.0,612.7250371221548,11.020861080352452,25.715342520822375,575.9888335209799,11.020861080352452,0.0,11.020861080352452,0.0,11.020861080352452,0.0,25.715342520822375,0.0,575.9888335209799,0.0,16.030343389603566,5.009482309251114,601.7041760418023,802.272234722403,200.56805868060076,0.0,0.0,0.0,0.0,6.5313486108344705,0.0,17.618862101177285,229.72775170186364,989.9303010706368,818.3025781120066,0.0,0.0,0.0,147.47751224661843,0.0,386.65830941805666,23.01443054119766,0.0,0.0,0.0,-1.1368683772161603e-13,0.0
2025-04-12 04:00:00+00:00,3,40.0,622.106279359475,11.28222297301489,26.325186937034744,584.4988694494252,11.28222297301489,0.0,11.28222297301489,0.0,11.28222297301489,0.0,26.325186937034744,0.0,584.4988694494252,0.0,16.410506142567115,5.1282831695522235,610.8240563864599,814.4320751819465,203.60801879548663,0.0,0.0,0.0,0.0,6.634744302605294,0.0,17.90023108974305,233.2712773573872,855.3775567168622,830.8425813245136,0.0,0.0,0.0,0.0,0.0,386.65830941805666,23.014722789433865,0.0,0.0,0.0,-5.684341886080802e-14,0.0
2025-04-12 05:00:00+00:00,3,40.0,621.7763349223127,11.239990342074025,26.226644131506056,584.3097004487325,11.239990342074025,0.0,11.239990342074025,0.0,11.239990342074025,0.0,26.226644131506056,0.0,584.3097004487325,0.0,16.349076861198583,5.109086519124557,610.5363445802386,814.0484594403181,203.51211486007952,0.0,0.0,0.0,0.0,6.629896328432507,0.0,17.88619299799263,233.1372907056292,854.9136256279419,830.3975363015167,0.0,0.0,0.0,0.0,0.0,386.65830941805666,23.014665278301415,0.0,0.0,0.0,0.0,0.0
2025-04-12 06:00:00+00:00,3,40.0,611.6260463844991,10.815308603601647,25.2357200750705,575.575017705827,10.815308603601647,0.0,10.815308603601647,0.0,10.815308603601647,0.0,25.2357200750705,0.0,575.575017705827,0.0,15.731357968875123,4.9160493652734765,600.8107377808975,801.0809837078633,200.27024592696583,0.0,0.0,0.0,0.0,6.512821779310385,0.0,17.563969417794087,229.26308648934375,840.8891328738428,816.8123416767385,0.0,0.0,0.0,0.0,0.0,386.65830941805666,23.014119657234726,0.0,0.0,0.0,-8.526512829121202e-14,0.0
2025-04-12 07:00:00+00:00,3,40.0,614.2295224662251,10.837220457116764,25.286847733272438,578.105454275836,10.837220457116764,0.0,10.837220457116764,0.0,10.837220457116764,0.0,25.286847733272438,0.0,578.105454275836,0.0,15.763229755806202,4.926009298689438,603.3923020091086,804.523069345478,201.1307673363695,0.0,0.0,0.0,0.0,6.5396599747565345,0.0,17.63570854999551,230.232145159811,844.4616676260362,820.2862991012842,0.0,0.0,0.0,0.0,0.0,386.65830941805666,23.014138802712093,0.0,0.0,0.0,0.0,0.0
2025-04-12 08:00:00+00:00,3,40.0,604.9203762346744,10.615629261638286,24.76980161048933,569.5349453625471,10.615629261638286,0.0,10.615629261638286,0.0,10.615629261638286,0.0,24.76980161048933,0.0,569.5349453625471,0.0,15.44091528965569,4.825286028017403,594.3047469730363,792.4063292973817,198.10158232434543,0.0,0.0,0.0,0.0,6.43844350194015,0.0,17.361236025319595,226.7265478796226,831.646924114297,807.8472445870374,0.0,0.0,0.0,0.0,0.0,386.65830941805666,23.013895870714688,0.0,0.0,0.0,-2.842170943040401e-14,0.0
2025-04-12 09:00:00+00:00,3,40.0,590.4405190627677,10.39541266186725,24.255962877690248,555.7891435232106,10.39541266186725,0.0,10.39541266186725,0.0,10.39541266186725,0.0,24.255962877690248,0.0,555.7891435232106,0.0,15.120600235443272,4.725187573576022,580.0451064009007,773.393475201201,193.34836880030025,0.0,0.0,0.0,0.0,6.285570321562813,0.0,16.94991198920611,221.30903868464517,811.749557747413,788.5140754366442,0.0,0.0,0.0,0.0,0.0,386.65830941805666,23.013611557722903,0.0,0.0,0.0,2.842170943040401e-14,0.0
2025-04-12 10:00:00+00:00,3,40.0,585.8308116452827,10.31019118040647,24.057112754281754,551.4635077105944,10.31019118040647,0.0,10.31019118040647,0.0,10.31019118040647,0.0,24.057112754281754,0.0,551.4635077105944,0.0,14.996641716954866,4.686450536548396,575.5206204648762,767.3608272865015,191.84020682162537,0.0,0.0,0.0,0.0,6.236348459734398,0.0,16.817070809583615,219.58007662749176,694.1621444407098,782.3574690034563,0.0,0.0,0.0,0.0,111.24874383206453,269.3918369707458,23.013536294778863,0.0,0.0,0.0,-1.4210854715202004e-13,0.0
2025-04-12 11:00:00+00:00,3,40.0,603.6369348482709,10.70754866989374,24.984280229752052,567.9451059486252,10.70754866989374,0.0,10.70754866989374,0.0,10.70754866989374,0.0,24.984280229752052,0.0,567.9451059486252,0.0,15.574616247118167,4.867067577224427,592.9293861783772,790.5725149045029,197.64312872612572,0.0,0.0,0.0,0.0,6.428979466378813,0.0,17.33874845839486,226.27792422812382,615.1046871774744,806.147131151621,0.0,0.0,0.0,0.0,214.81017189892037,42.96203437978408,23.014120216919334,0.0,0.0,0.0,5.684341886080802e-14,0.0
2025-04-12 12:00:00+00:00,3,40.0,587.5752134922676,10.34611319162439,24.1409307804569,553.0881695201864,10.34611319162439,0.0,10.34611319162439,0.0,10.34611319162439,0.0,24.1409307804569,0.0,553.0881695201864,0.0,15.048891915090023,4.702778723465632,577.2291003006433,769.6388004008577,192.40970010021442,0.0,0.0,0.0,0.0,6.25510961861557,0.0,16.86780088133507,220.23538932363067,807.8106028158983,784.6876923159477,0.0,0.0,0.0,0.0,0.0,42.96203437978408,23.01373062235835,0.0,0.0,0.0,0.0,0.0
2025-04-12 13:00:00+00:00,3,40.0,587.3429344296986,10.606212658833904,24.747829537279102,551.9888922335856,10.606212658833904,0.0,10.606212658833904,0.0,10.606212658833904,0.0,24.747829537279102,0.0,551.9888922335856,0.0,15.427218412849315,4.821005754015411,576.7367217708646,768.9822956944861,192.24557392362152,0.0,0.0,0.0,0.0,6.262323808454228,0.0,16.89425328938282,220.22315677547397,955.043603451791,784.4095141073354,0.0,0.0,0.0,147.47751224661843,0.0,182.87148708619108,23.01420719485651,0.0,0.0,0.0,-2.842170943040401e-14,0.0
2025-04-12 14:00:00+00:00,3,40.0,601.6461876718628,10.930634151044384,25.504813019103555,565.210740501715,10.930634151044384,0.0,10.930634151044384,0.0,10.930634151044384,0.0,25.504813019103555,0.0,565.210740501715,0.0,15.899104219700922,4.968470068656538,590.7155535208187,787.6207380277583,196.90518450693958,0.0,0.0,0.0,0.0,6.417251795590259,0.0,17.313961141373632,225.60486751256,827.2510551844227,803.5198422474592,0.0,0.0,0.0,0.0,0.0,182.87148708619108,23.01463760406703,0.0,0.0,0.0,-2.842170943040401e-14,0.0
2025-04-12 15:00:00+00:00,3,40.0,611.9794187319865,11.067441959520202,25.82403123888047,575.0879455335856,11.067441959520202,0.0,11.067441959520202,0.0,11.067441959520202,0.0,25.82403123888047,0.0,575.0879455335856,0.0,16.09809739566575,5.030655436145547,600.9119767724662,801.215969029955,200.30399225748874,0.0,0.0,0.0,0.0,6.525600392502272,0.0,17.60494290338949,229.46519098952604,1056.2547816204328,817.3140664256207,0.0,0.0,0.0,214.81017189892037,0.0,386.65830941805666,23.01482332809408,0.0,0.0,0.0,-5.684341886080802e-14,0.0
2025-04-12 16:00:00+00:00,3,40.0,601.341069378107,10.915773757220213,25.470138766847157,564.9551568540397,10.915773757220213,0.0,10.915773757220213,0.0,10.915773757220213,0.0,25.470138766847157,0.0,564.9551568540397,0.0,15.87748910141122,4.961715344191006,590.4252956208869,787.2337274945158,196.80843187362896,0.0,0.0,0.0,0.0,6.413655731545812,0.0,17.304012508550013,225.4878154579158,826.8288848360228,803.1112165959271,0.0,0.0,0.0,0.0,0.0,386.65830941805666,23.014567645904926,0.0,0.0,0.0,-2.842170943040401e-14,0.0
2025-04-12 17:00:00+00:00,3,40.0,601.6324184303065,10.992965572268321,25.65025300195941,564.9891998560786,10.992965572268321,0.0,10.992965572268321,0.0,10.992965572268321,0.0,25.65025300195941,0.0,564.9891998560786,0.0,15.989768105117559,4.996802532849237,590.639452858038,787.519270477384,196.879817619346,0.0,0.0,0.0,0.0,6.4193995886195685,0.0,17.321410538979826,225.61743027979463,827.2498487101011,803.5090385825016,0.0,0.0,0.0,0.0,0.0,386.65830941805666,23.014729068276747,0.0,0.0,0.0,-5.684341886080802e-14,0.0
2025-04-12 18:00:00+00:00,3,40.0,613.4341598466564,11.086845210503718,25.86930549117534,576.4780091449775,11.086845210503718,0.0,11.086845210503718,0.0,11.086845210503718,0.0,25.86930549117534,0.0,576.4780091449775,0.0,16.126320306187225,5.039475095683508,602.3473146361528,803.1297528482037,200.78243821205092,0.0,0.0,0.0,0.0,6.540859256185034,0.0,17.645926063826543,230.008698627746,628.632686575482,819.256073154391,0.0,0.0,0.0,0.0,214.81017189892037,160.2285068270949,23.01482538959318,0.0,0.0,0.0,-5.684341886080802e-14,0.0
2025-04-12 19:00:00+00:00,3,40.0,603.0152505070226,10.725974866962908,25.02727468958011,567.2620009504797,10.725974866962908,0.0,10.725974866962908,0.0,10.725974866962908,0.0,25.02727468958011,0.0,567.2620009504797,0.0,15.601417988309684,4.875443121346777,592.2892756400598,789.7190341867464,197.4297585466866,0.0,0.0,0.0,0.0,6.4234382501922,0.0,17.324583854257682,226.05322377248325,717.8197304474413,805.3204521750561,0.0,0.0,0.0,0.0,111.24874383206452,42.96203437978408,23.014308593701053,0.0,0.0,0.0,-5.684341886080802e-14,0.0
2025-04-12 20:00:00+00:00,3,40.0,593.6584187288023,10.418725284650181,24.310358997517085,558.9293344466348,10.418725284650181,0.0,10.418725284650181,0.0,10.418725284650181,0.0,24.310358997517085,0.0,558.9293344466348,0.0,15.154509504945718,4.735784220295537,583.239693444152,777.6529245922026,194.41323114805064,0.0,0.0,0.0,0.0,6.318604114391862,0.0,17.03810895616557,222.5057284389036,816.1641471677059,792.8074340971483,0.0,0.0,0.0,0.0,0.0,42.96203437978408,23.013889359717744,0.0,0.0,0.0,0.0,0.0
2025-04-12 21:00:00+00:00,3,40.0,591.4524405914619,10.508848765099039,24.520647118564415,556.4229447077986,10.508848765099039,0.0,10.508848765099039,0.0,10.508848765099039,0.0,24.520647118564415,0.0,556.4229447077986,0.0,15.28559820378042,4.776749438681382,580.943591826363,774.5914557684839,193.64786394212098,0.0,0.0,0.0,0.0,6.299848860634919,0.0,16.990949015858327,221.71541125729559,813.1678518487576,789.8770539722643,0.0,0.0,0.0,0.0,0.0,42.96203437978408,23.014008605822426,0.0,0.0,0.0,2.842170943040401e-14,0.0
2025-04-12 22:00:00+00:00,3,40.0,594.2428085530144,10.586857214585667,24.70266683403322,558.9532845043956,10.586857214585667,0.0,10.586857214585667,0.0,10.586857214585667,0.0,24.70266683403322,0.0,558.9532845043956,0.0,15.399065039397334,4.812207824811667,583.6559513384287,778.207935117905,194.55198377947625,0.0,0.0,0.0,0.0,6.330612850064952,0.0,17.07467342612344,222.76947788047633,817.0122864334907,793.6070001573023,0.0,0.0,0.0,0.0,0.0,42.96203437978408,23.014112333932477,0.0,0.0,0.0,-2.842170943040401e-14,0.0
2025-04-12 23:00:00+00:00,3,40.0,606.9759122765488,10.863559508726576,25.348305520362004,570.7640472474606,10.863559508726576,0.0,10.863559508726576,0.0,10.863559508726576,0.0,25.348305520362004,0.0,570.7640472474606,0.0,15.801541103602293,4.937981594875716,596.1123527678226,794.8164703570967,198.70411758927418,0.0,0.0,0.0,0.0,6.468089638085466,0.0,17.44678991907257,227.55697874130794,834.5328910178566,810.618011460699,0.0,0.0,0.0,0.0,0.0,42.96203437978408,23.01443139929779,0.0,0.0,0.0,-1.1368683772161603e-13,0.0
2025-06-08 00:00:00+00:00,4,59.0,533.7715859920365,10.1271225728315,23.62995266994016,500.0145107492649,10.1271225728315,0.0,10.1271225728315,0.0,10.1271225728315,0.0,23.62995266994016,0.0,500.0145107492649,0.0,14.730360105936727,4.6032375331052275,523.6444634192051,698.1926178922733,174.54815447306834,0.0,0.0,0.0,0.0,5.709043687590854,0.0,15.414550628669613,200.27498632243402,734.0465723144705,712.9229779982101,0.0,0.0,0.0,0.0,0.0,42.96203437978408,23.012998113964116,0.0,0.0,0.0,-5.684341886080802e-14,0.0
2025-06-08 01:00:00+00:00,4,59.0,539.7988065713527,11.50075555566487,26.835096296551356,501.4629547191364,11.50075555566487,0.0,11.50075555566487,0.0,11.50075555566487,0.0,26.835096296551356,0.0,501.4629547191364,0.0,16.72837171733072,5.22761616166585,528.2980510156879,704.3974013542504,176.0993503385626,0.0,0.0,0.0,0.0,5.819682436087906,0.0,15.746479762302698,202.89312869861905,957.502107168892,721.1257730715811,0.0,0.0,0.0,214.81017189892037,0.0,246.74885671164967,23.014366272328477,0.0,0.0,0.0,-2.842170943040401e-14,0.0
2025-06-08 02:00:00+00:00,4,59.0,550.1087276650597,11.923599057551192,27.821731134286104,510.3633974732224,11.923599057551192,0.0,11.923599057551192,0.0,11.923599057551192,0.0,27.821731134286104,0.0,510.3633974732224,0.0,17.343416810983552,5.41981775343236,538.1851286075084,717.5801714766778,179.39504286916946,0.0,0.0,0.0,0.0,5.938285908760807,0.0,16.072703151639082,206.8258496830017,756.9345773480613,734.9235882876613,0.0,0.0,0.0,0.0,0.0,246.74885671164967,23.01490271752417,0.0,0.0,0.0,-1.1368683772161603e-13,0.0
2025-06-08 03:00:00+00:00,4,59.0,557.8387070527873,11.866825729191632,27.689260034780467,518.2826212888152,11.866825729191632,0.0,11.866825729191632,0.0,11.866825729191632,0.0,27.689260034780467,0.0,518.2826212888152,0.0,17.260837424278737,5.394011695087105,545.9718813235958,727.962508431461,181.99062710786524,0.0,0.0,0.0,0.0,6.013504013931567,0.0,16.27043012248186,209.66857293936576,914.9847922387714,745.2233458557397,0.0,0.0,0.0,147.47751224661843,0.0,386.65830941805666,23.014888294735247,0.0,0.0,0.0,-5.684341886080802e-14,0.0
2025-06-08 04:00:00+00:00,4,59.0,567.6394526732597,12.362196949849649,28.84512621631584,526.4321295070941,12.362196949849649,0.0,12.362196949849649,0.0,12.362196949849649,0.0,28.84512621631584,0.0,526.4321295070941,0.0,17.98137738159949,5.61918043174984,555.27725572341,740.36967429788,185.09241857447,0.0,0.0,0.0,0.0,6.129675081560417,0.0,16.592252920120863,213.43352700790112,781.0729796811609,758.3510516794795,0.0,0.0,0.0,0.0,0.0,386.65830941805666,23.01542523624148,0.0,0.0,0.0,2.842170943040401e-14,0.0
2025-06-08 05:00:00+00:00,4,59.0,573.4548083029803,12.546140943750805,29.274328868751873,531.6343384904776,12.546140943750805,0.0,12.546140943750805,0.0,12.546140943750805,0.0,29.274328868751873,0.0,531.6343384904776,0.0,18.248932281819354,5.702791338068548,560.9086673592294,747.8782231456391,186.96955578640979,0.0,0.0,0.0,0.0,6.194573250967332,0.0,16.7694202896772,215.63634066512287,789.0911489681031,766.1271554274585,0.0,0.0,0.0,0.0,0.0,386.65830941805666,23.015725461128234,0.0,0.0,0.0,-5.684341886080802e-14,0.0
2025-06-08 06:00:00+00:00,4,59.0,574.3479209335916,12.739123073272943,29.72462050430353,531.8841773560152,12.739123073272943,0.0,12.739123073272943,0.0,12.739123073272943,0.0,29.72462050430353,0.0,531.8841773560152,0.0,18.52963356112428,5.790510487851338,561.6087978603189,748.8117304804251,187.20293262010628,0.0,0.0,0.0,0.0,6.21058038868926,0.0,16.81728130069283,216.02130479733972,790.3692257309311,767.3413640415494,0.0,0.0,0.0,0.0,0.0,386.65830941805666,23.015965883134047,0.0,0.0,0.0,-1.7053025658242404e-13,0.0
2025-06-08 07:00:00+00:00,4,59.0,587.6244849481474,12.629744839258407,29.469404624936274,545.5253354839526,12.629744839258407,0.0,12.629744839258407,0.0,12.629744839258407,0.0,29.469404624936274,0.0,545.5253354839526,0.0,18.37053794801223,5.740793108753822,574.9947401088889,766.6596534785185,191.66491336962963,0.0,0.0,0.0,0.0,6.3393354935876145,0.0,17.155397862474267,220.90043983444534,808.5249247825927,785.0301914265308,0.0,0.0,0.0,0.0,0.0,386.65830941805666,23.015808552202685,0.0,0.0,0.0,2.842170943040401e-14,0.0
2025-06-08 08:00:00+00:00,4,59.0,581.0087451866085,12.459278035167028,29.07164874872306,539.4778184027185,12.459278035167028,0.0,12.459278035167028,0.0,12.459278035167028,0.0,29.07164874872306,0.0,539.4778184027185,0.0,18.122586232970225,5.663308197803195,568.5494671514415,758.065956201922,189.5164890504805,0.0,0.0,0.0,0.0,6.266927646488877,0.0,16.958709903787234,218.40543479855978,799.4141799851683,776.1885424348922,0.0,0.0,0.0,0.0,0.0,386.65830941805666,23.015615502078838,0.0,0.0,0.0,0.0,0.0
2025-06-08 09:00:00+00:00,4,59.0,573.688846646571,12.336559591303178,28.785305713040742,532.566981342227,12.336559591303178,0.0,12.336559591303178,0.0,12.336559591303178,0.0,28.785305713040742,0.0,532.566981342227,0.0,17.94408667825917,5.60752708695599,561.3522870552678,748.4697160736903,187.11742901842257,0.0,0.0,0.0,0.0,6.189228984813493,0.0,16.749347790230505,215.66353288042257,789.3523795269936,766.4138027519494,0.0,0.0,0.0,0.0,0.0,386.65830941805666,23.015514179828667,0.0,0.0,0.0,-5.684341886080802e-14,0.0
2025-06-08 10:00:00+00:00,4,59.0,601.5449930373906,12.760899707275346,29.775432650309135,559.0086606798061,12.760899707275346,0.0,12.760899707275346,0.0,12.760899707275346,0.0,29.775432650309135,0.0,559.0086606798061,0.0,18.561308665127775,5.800408957852429,588.7840933301152,785.0454577734869,196.26136444337172,0.0,0.0,0.0,0.0,6.483349586307335,0.0,17.540733775459604,226.08585676299109,716.3821059683171,803.6067664386146,0.0,0.0,0.0,0.0,111.24874383206453,269.3918369707458,23.015964131384596,0.0,0.0,0.0,-2.842170943040401e-14,0.0
2025-06-08 11:00:00+00:00,4,59.0,599.1087743548802,12.641567592487863,29.496991049138337,556.9702157132539,12.641567592487863,0.0,12.641567592487863,0.0,12.641567592487863,0.0,29.496991049138337,0.0,556.9702157132539,0.0,18.387734679982348,5.7461670874944835,586.4672067623923,781.9562756831897,195.48906892079742,0.0,0.0,0.0,0.0,6.454611888606689,0.0,17.461213710915885,225.15106160781448,609.4496640637742,800.3440103631721,0.0,0.0,0.0,0.0,214.81017189892037,42.96203437978408,23.015841174909905,0.0,0.0,0.0,-1.7053025658242404e-13,0.0
2025-06-08 12:00:00+00:00,4,59.0,573.3878792981064,12.270649765102034,28.6315161185714,532.4857134144329,12.270649765102034,0.0,12.270649765102034,0.0,12.270649765102034,0.0,28.6315161185714,0.0,532.4857134144329,0.0,17.848217840148415,5.577568075046379,561.1172295330043,748.1563060440058,187.03907651100144,0.0,0.0,0.0,0.0,6.183802617701471,0.0,16.733109260284778,215.53355646403406,788.9214357621405,766.0045238841542,0.0,0.0,0.0,0.0,0.0,42.96203437978408,23.01537910054631,0.0,0.0,0.0,0.0,0.0
2025-06-08 13:00:00+00:00,4,59.0,560.2216272120861,12.042421495057571,28.09898348846766,520.080222228561,12.042421495057571,0.0,12.042421495057571,0.0,12.042421495057571,0.0,28.09898348846766,0.0,520.080222228561,0.0,17.51624944735647,5.473827952298897,548.1792057170286,730.9056076227048,182.7264019056762,0.0,0.0,0.0,0.0,6.043771726939639,0.0,16.355591362550665,210.5995929474654,918.2987324061698,748.4218570700613,0.0,0.0,0.0,147.47751224661843,0.0,182.87148708619108,23.015101388550335,0.0,0.0,0.0,-8.526512829121202e-14,0.0
2025-06-08 14:00:00+00:00,4,59.0,563.5201585637637,11.848069924345843,27.645496490140303,524.0265921492775,11.848069924345843,0.0,11.848069924345843,0.0,11.848069924345843,0.0,27.645496490140303,0.0,524.0265921492775,0.0,17.233556253593953,5.38548632924811,551.6720886394178,735.562784852557,183.89069621313925,0.0,0.0,0.0,0.0,6.069630816196984,0.0,16.41863723478856,211.76445059337289,775.2846091571366,752.796341106151,0.0,0.0,0.0,0.0,0.0,182.87148708619108,23.014847727491322,0.0,0.0,0.0,0.0,0.0
2025-06-08 15:00:00+00:00,4,59.0,602.3562590129512,10.9646053396513,25.584079125853023,565.807574547447,10.9646053396513,0.0,10.9646053396513,0.0,10.9646053396513,0.0,25.584079125853023,0.0,565.807574547447,0.0,15.948516857674619,4.983911518023318,591.3916536733,788.5222048977332,197.1305512244333,0.0,0.0,0.0,0.0,6.42559811925006,0.0,17.337036886590827,225.8770977482975,1043.043528660169,804.4707217554078,0.0,0.0,0.0,214.81017189892037,0.0,386.65830941805666,23.014657370068477,0.0,0.0,0.0,-1.7053025658242404e-13,0.0
2025-06-08 16:00:00+00:00,4,59.0,615.9337377087282,11.317982639712561,26.4086261593293,578.2071289096862,11.317982639712561,0.0,11.317982639712561,0.0,11.317982639712561,0.0,26.4086261593293,0.0,578.2071289096862,0.0,16.462520203218272,5.14453756350571,604.6157550690156,806.1543400920207,201.53858502300517,0.0,0.0,0.0,0.0,6.574330073876742,0.0,17.74114180621326,230.99859446660088,846.9323321753291,822.6168602952389,0.0,0.0,0.0,0.0,0.0,386.65830941805666,23.015127775363815,0.0,0.0,0.0,-5.684341886080802e-14,0.0
2025-06-08 17:00:00+00:00,4,59.0,615.2947380645251,11.455428006979556,26.729332016285625,577.1099780412598,11.455428006979556,0.0,11.455428006979556,0.0,11.455428006979556,0.0,26.729332016285625,0.0,577.1099780412598,0.0,16.66244073742481,5.207012730445253,603.8393100575454,805.1190800767272,201.2797700191818,0.0,0.0,0.0,0.0,6.572979740901166,0.0,17.741439383184915,230.80120187371313,846.0959399382382,821.781520814152,0.0,0.0,0.0,0.0,0.0,386.65830941805666,23.01532673323306,0.0,0.0,0.0,0.0,0.0
2025-06-08 18:00:00+00:00,4,59.0,612.0817645453157,11.252949694250503,26.256882619917832,574.5719322311475,11.252949694250503,0.0,11.252949694250503,0.0,11.252949694250503,0.0,26.256882619917832,0.0,574.5719322311475,0.0,16.367926828000734,5.114977133750229,600.8288148510652,801.1050864680869,200.27627161702173,0.0,0.0,0.0,0.0,6.533425800909009,0.0,17.63091155378674,229.5555861054677,626.8271787518629,817.4730132960876,0.0,0.0,0.0,0.0,214.81017189892037,160.2285068270949,23.014988180887148,0.0,0.0,0.0,-1.4210854715202004e-13,0.0
2025-06-08 19:00:00+00:00,4,59.0,612.7765898880782,11.122048502045125,25.951446504771955,575.7030948812611,11.122048502045125,0.0,11.122048502045125,0.0,11.122048502045125,0.0,25.951446504771955,0.0,575.7030948812611,0.0,16.17752509388382,5.055476591838693,601.6545413860332,802.2060551813776,200.5515137953444,0.0,0.0,0.0,0.0,6.535574343955772,0.0,17.63291377924046,229.77547851037932,731.3033245663929,818.3835802752614,0.0,0.0,0.0,0.0,111.24874383206452,42.96203437978408,23.014780261643573,0.0,0.0,0.0,-8.526512829121202e-14,0.0
2025-06-08 20:00:00+00:00,4,59.0,607.230338178339,10.895827078941458,25.423596517530065,570.9109145818675,10.895827078941458,0.0,10.895827078941458,0.0,10.895827078941458,0.0,25.423596517530065,0.0,570.9109145818675,0.0,15.848475751187577,4.952648672246117,596.3345110993976,795.1126814658634,198.77817036646584,0.0,0.0,0.0,0.0,6.471817041344577,0.0,17.457577483189276,227.6602135632458,834.8905517415849,810.961157217051,0.0,0.0,0.0,0.0,0.0,42.96203437978408,23.014572532550687,0.0,0.0,0.0,5.684341886080802e-14,0.0
2025-06-08 21:00:00+00:00,4,59.0,601.818559038856,10.669064746392953,24.894484408250214,566.255009884213,10.669064746392953,0.0,10.669064746392953,0.0,10.669064746392953,0.0,24.894484408250214,0.0,566.255009884213,0.0,15.518639631117024,4.84957488472407,591.1494942924633,788.1993257232843,197.0498314308211,0.0,0.0,0.0,0.0,6.409384631089637,0.0,17.285736898235818,225.5945278448706,827.4130868837267,803.7179653544014,0.0,0.0,0.0,0.0,0.0,42.96203437978408,23.01425652132405,0.0,0.0,0.0,2.842170943040401e-14,0.0
2025-06-08 22:00:00+00:00,4,59.0,595.4712304975054,10.733299616002583,25.044365770672687,559.6935651108304,10.733299616002583,0.0,10.733299616002583,0.0,10.733299616002583,0.0,25.044365770672687,0.0,559.6935651108304,0.0,15.61207216873103,4.878772552728447,584.7379308815031,779.6505745086707,194.91264362716768,0.0,0.0,0.0,0.0,6.348266624228485,0.0,17.125585603376756,223.26526840750134,818.7364989050068,795.2626466774018,0.0,0.0,0.0,0.0,0.0,42.96203437978408,23.01436084982397,0.0,0.0,0.0,2.842170943040401e-14,0.0
2025-06-08 23:00:00+00:00,4,59.0,594.7509750451991,10.685335792598362,24.932450182729507,559.1331890698712,10.685335792598362,0.0,10.685335792598362,0.0,10.685335792598362,0.0,24.932450182729507,0.0,559.1331890698712,0.0,15.5423066074158,4.856970814817437,584.0656392526008,778.7541856701343,194.6885464175336,0.0,0.0,0.0,0.0,6.339305396180598,0.0,17.10048576922986,222.9853083977615,817.7362834429606,794.2964922775501,0.0,0.0,0.0,0.0,0.0,42.96203437978408,23.014264368597605,0.0,0.0,0.0,2.842170943040401e-14,0.0
2025-07-04 00:00:00+00:00,5,66.0,563.9915753682908,10.059014445317038,23.471033705739753,530.461527217234,10.059014445317038,0.0,10.059014445317038,0.0,10.059014445317038,0.0,23.471033705739753,0.0,530.461527217234,0.0,14.631293738642965,4.572279293325926,553.9325609229738,738.5767478972984,184.6441869743246,0.0,0.0,0.0,0.0,6.008746283344534,0.0,16.20684185822095,211.432054409216,922.9011420241252,753.2080416359414,0.0,0.0,0.0,147.47751224661843,0.0,182.87148708619108,23.01316533366208,0.0,0.0,0.0,-2.842170943040401e-14,0.0
2025-07-04 01:00:00+00:00,5,66.0,555.1412780435036,9.862074578077376,23.011507348847204,522.2676961165789,9.862074578077376,0.0,9.862074578077376,0.0,9.862074578077376,0.0,23.011507348847204,0.0,522.2676961165789,0.0,14.344835749930729,4.482761171853353,545.279203465426,727.0389379539013,181.75973448847532,0.0,0.0,0.0,0.0,5.913022181631204,0.0,15.947619284424476,208.10313712638435,763.2444151698879,741.383773703832,0.0,0.0,0.0,0.0,0.0,182.87148708619108,23.012953368619815,0.0,0.0,0.0,0.0,0.0
2025-07-04 02:00:00+00:00,5,66.0,552.5011766364046,9.894070142190127,23.086163665110284,519.5209428291043,9.894070142190127,0.0,9.894070142190127,0.0,9.894070142190127,0.0,23.086163665110284,0.0,519.5209428291043,0.0,14.39137475227655,4.497304610086422,542.6071064942146,723.4761419922861,180.86903549807153,0.0,0.0,0.0,0.0,5.887794338244352,0.0,15.881667774357295,207.1358022207596,759.6369788571642,737.8675167445626,0.0,0.0,0.0,0.0,0.0,182.87148708619108,23.01297686570551,0.0,0.0,0.0,2.842170943040401e-14,0.0
2025-07-04 03:00:00+00:00,5,66.0,551.0076919155335,9.893056523228537,23.083798554199916,518.0308368381051,9.893056523228537,0.0,9.893056523228537,0.0,9.893056523228537,0.0,23.083798554199916,0.0,518.0308368381051,0.0,14.389900397423327,4.49684387419479,541.1146353923051,721.4861805230735,180.37154513076837,0.0,0.0,0.0,0.0,5.87282232500705,0.0,15.841963355223722,206.58317468519394,972.4010384996479,735.8760809204967,0.0,0.0,0.0,214.81017189892037,0.0,386.65830941805666,23.012993728190388,0.0,0.0,0.0,8.526512829121202e-14,0.0
2025-07-04 04:00:00+00:00,5,66.0,549.5207933280129,9.822244538263131,22.918570589280634,516.7799782004693,9.822244538263131,0.0,9.822244538263131,0.0,9.822244538263131,0.0,22.918570589280634,0.0,516.7799782004693,0.0,14.286901146564555,4.464656608301423,539.6985487897499,719.5980650529998,179.89951626324995,0.0,0.0,0.0,0.0,5.855356899683112,0.0,15.793683080139266,206.01321285137374,755.5340061793867,733.8849661995644,0.0,0.0,0.0,0.0,0.0,386.65830941805666,23.01291860449868,0.0,0.0,0.0,0.0,0.0
2025-07-04 05:00:00+00:00,5,66.0,548.7210887916489,9.844236086073886,22.96988420083906,515.9069685047358,9.844236086073886,0.0,9.844236086073886,0.0,9.844236086073886,0.0,22.96988420083906,0.0,515.9069685047358,0.0,14.318888852471108,4.474652766397221,538.8768527055748,718.5024702740998,179.62561756852494,0.0,0.0,0.0,0.0,5.848166211072529,0.0,15.775247916969487,205.72368446296417,754.444773254613,732.8213591265709,0.0,0.0,0.0,0.0,0.0,386.65830941805666,23.012869146649635,0.0,0.0,0.0,-5.684341886080802e-14,0.0
2025-07-04 06:00:00+00:00,5,66.0,545.4642942317033,9.66441539100268,22.55030257900625,513.2495762616943,9.66441539100268,0.0,9.66441539100268,0.0,9.66441539100268,0.0,22.55030257900625,0.0,513.2495762616943,0.0,14.057331477822082,4.392916086819401,535.7998788407006,714.3998384542674,178.59995961356685,0.0,0.0,0.0,0.0,5.80900483998713,0.0,15.666399339992171,204.46827988036557,749.9325741120688,728.4571699320895,0.0,0.0,0.0,0.0,0.0,386.65830941805666,23.012634138560838,0.0,0.0,0.0,-1.1368683772161603e-13,0.0
2025-07-04 07:00:00+00:00,5,66.0,550.4560618809871,9.750991813376217,22.752314231211166,517.9527558363998,9.750991813376217,0.0,9.750991813376217,0.0,9.750991813376217,0.0,22.752314231211166,0.0,517.9527558363998,0.0,14.183260819456317,4.432269006080099,540.7050700676109,720.9400934234811,180.23502335587028,0.0,0.0,0.0,0.0,5.862096985300332,0.0,15.809534980183091,206.3389243274338,756.7949862084209,735.1233542429375,0.0,0.0,0.0,0.0,0.0,386.65830941805666,23.01274962608953,0.0,0.0,0.0,0.0,0.0
2025-07-04 08:00:00+00:00,5,66.0,556.6533948802451,9.859925747821043,23.00649341158243,523.7869757208415,9.859925747821043,0.0,9.859925747821043,0.0,9.859925747821043,0.0,23.00649341158243,0.0,523.7869757208415,0.0,14.34171017864879,4.481784430827747,546.7934691324239,729.0579588432317,182.26448971080794,0.0,0.0,0.0,0.0,5.928064559555887,0.0,15.987420988911655,208.66175969010322,765.3151545703483,743.3996690218805,0.0,0.0,0.0,0.0,0.0,386.65830941805666,23.01276103030184,0.0,0.0,0.0,5.684341886080802e-14,0.0
2025-07-04 09:00:00+00:00,5,66.0,555.5835646963462,9.885362651382065,23.065846186558147,522.6323558584062,9.885362651382065,0.0,9.885362651382065,0.0,9.885362651382065,0.0,23.065846186558147,0.0,522.6323558584062,0.0,14.378709311101186,4.493346659719121,545.6982020449643,727.597602726619,181.89940068165475,0.0,0.0,0.0,0.0,5.918298944180806,0.0,15.96225942884811,208.2733057144028,763.856870410749,741.9763120377202,0.0,0.0,0.0,0.0,0.0,386.65830941805666,23.012788929467312,0.0,0.0,0.0,0.0,0.0
2025-07-04 10:00:00+00:00,5,66.0,550.261433786104,9.730637641960616,22.70482116457477,517.8259749795689,9.730637641960616,0.0,9.730637641960616,0.0,9.730637641960616,0.0,22.70482116457477,0.0,517.8259749795689,0.0,14.153654751942714,4.423017109982098,540.5307961441437,720.7077281921916,180.1769320480479,0.0,0.0,0.0,0.0,5.859404384732931,0.0,15.801825601045557,206.26117914380845,756.5226129299125,734.8613829441342,0.0,0.0,0.0,0.0,0.0,386.65830941805666,23.012485136826477,0.0,0.0,0.0,2.842170943040401e-14,0.0
2025-07-04 11:00:00+00:00,5,66.0,546.3146459630349,9.716959692257447,22.672905948600704,513.9247803221768,9.716959692257447,0.0,9.716959692257447,0.0,9.716959692257447,0.0,0.0,22.672905948600715,513.9247803221768,0.0,14.13375955237447,4.416799860117021,513.9247803221767,685.233040429569,171.30826010739224,0.0,0.0,22.67290594860062,0.3400935892290093,5.592705922193781,0.4534581189720143,15.695520964773099,197.80683856267714,529.3113126267916,699.3667999819435,0.0,0.0,0.0,0.0,214.81017189892037,160.2285068270949,23.0124770296582,0.0,0.0,0.0,2.842170943040401e-14,0.0
2025-07-04 12:00:00+00:00,5,66.0,528.2937908443811,9.177918947481476,21.415144210790107,497.7007276861095,9.177918947481476,0.0,9.177918947481476,0.0,9.177918947481476,0.0,0.0,21.41514421079006,497.7007276861095,0.0,13.349700287245785,4.1717813397643075,497.7007276861095,663.6009702481459,165.90024256203648,0.0,0.0,21.41514421079015,0.32122716316185224,5.405310161076897,0.4283028842158012,15.150390562758693,191.37725467301405,608.4223016853306,676.9506705353917,0.0,0.0,0.0,0.0,111.24874383206452,42.96203437978408,23.01187984688579,0.0,0.0,0.0,-2.842170943040401e-14,0.0
2025-07-04 13:00:00+00:00,5,66.0,533.0204014272432,9.639253859927582,22.49159233983102,500.88955522748483,9.639253859927582,0.0,9.639253859927582,0.0,9.639253859927582,0.0,22.49159233983102,0.0,500.88955522748483,0.0,14.020732887167393,4.38147902723981,523.3811475673158,697.8415300897543,174.46038252243858,0.0,0.0,0.0,0.0,5.683643322469778,0.0,15.333481763394872,199.85898663554303,880.3569003094046,711.8622629769217,0.0,0.0,0.0,147.47751224661843,0.0,182.87148708619108,23.01253431666731,0.0,0.0,0.0,-2.842170943040401e-14,0.0
2025-07-04 14:00:00+00:00,5,66.0,542.9667361061917,10.159525857735792,23.705560334716843,509.10164991373904,10.159525857735792,0.0,10.159525857735792,0.0,10.159525857735792,0.0,23.705560334716843,0.0,509.10164991373904,0.0,14.777492156706607,4.617966298970815,532.8072102484559,710.4096136646078,177.60240341615196,0.0,0.0,0.0,0.0,5.802183309178896,0.0,15.662284398512224,203.6848374228139,746.6515735290055,725.1871058213144,0.0,0.0,0.0,0.0,0.0,182.87148708619108,23.01323290137924,0.0,0.0,0.0,-2.842170943040401e-14,0.0
2025-07-04 15:00:00+00:00,5,66.0,550.8725653404197,10.259822969067514,23.939586927824198,516.6731554435279,10.259822969067514,0.0,10.259822969067514,0.0,10.259822969067514,0.0,23.939586927824198,0.0,516.6731554435279,0.0,14.923378864098202,4.663555895030688,540.6127423713522,720.8169898284696,180.2042474571174,0.0,0.0,0.0,0.0,5.884919162270005,0.0,15.884362787743216,206.6370853021613,972.3198225415013,735.7403686925678,0.0,0.0,0.0,214.81017189892037,0.0,386.65830941805666,23.013338142682183,0.0,0.0,0.0,-8.526512829121202e-14,0.0
2025-07-04 16:00:00+00:00,5,66.0,552.7409734503183,10.424430588610344,24.323671373424133,517.9928714882839,10.424430588610344,0.0,10.424430588610344,0.0,10.424430588610344,0.0,0.0,24.323671373424418,517.9928714882839,0.0,15.162808128887773,4.738377540277429,517.9928714882835,690.657161984378,172.6642904960945,0.0,0.0,24.323671373424443,0.3648550706013666,5.666402142351318,0.4864734274684884,15.954511911225552,199.87491058801868,537.8057121394165,705.8199701132658,0.0,0.0,0.0,0.0,214.81017189892037,160.2285068270949,23.01349900497718,0.0,0.0,0.0,-1.1368683772161603e-13,0.0
2025-07-04 17:00:00+00:00,5,66.0,552.7391264069563,10.423952911494649,24.322556793487507,517.992616701974,10.423952911494649,0.0,10.423952911494649,0.0,10.423952911494649,0.0,24.322556793487507,0.0,517.992616701974,0.0,15.162113325810399,4.738160414315749,542.3151734954616,723.0868979939488,180.7717244984872,0.0,0.0,0.0,0.0,5.909602870824366,0.0,15.954403079788719,207.37389086341602,760.1130172703723,738.2490113197592,0.0,0.0,0.0,0.0,0.0,160.2285068270949,23.013458377465312,0.0,0.0,0.0,0.0,0.0
2025-07-04 18:00:00+00:00,5,66.0,600.702697724789,11.38326248147898,26.56094579011762,562.7584894531923,11.38326248147898,0.0,11.38326248147898,0.0,11.38326248147898,0.0,26.56094579011762,0.0,562.7584894531923,0.0,16.55747270033306,5.174210218854082,589.3194352433098,785.7592469910797,196.43981174776994,0.0,0.0,0.0,0.0,6.42441326823545,0.0,17.345703162801655,225.3841383976611,714.8380922903856,802.3167196914128,0.0,0.0,0.0,0.0,111.24874383206452,42.96203437978408,23.014806491796488,0.0,0.0,0.0,0.0,0.0
2025-07-04 19:00:00+00:00,5,66.0,596.5159673214683,11.33665174039652,26.45218739425854,558.7271281868133,11.33665174039652,0.0,11.33665174039652,0.0,11.33665174039652,0.0,26.45218739425854,0.0,558.7271281868133,0.0,16.489675258758577,5.153023518362056,585.1793155810718,780.2390874414291,195.05977186035727,0.0,0.0,0.0,0.0,6.380836903695888,0.0,17.228911373873288,223.82254365628853,820.3385109777569,796.7287627001876,0.0,0.0,0.0,0.0,0.0,42.96203437978408,23.014732471107266,0.0,0.0,0.0,0.0,0.0
2025-07-04 20:00:00+00:00,5,66.0,552.0518882796927,11.469803723463736,26.762875354748722,513.8192092014801,11.469803723463736,0.0,11.469803723463736,0.0,11.469803723463736,0.0,26.762875354748722,0.0,513.8192092014801,0.0,16.683350870492706,5.2135471470289705,540.5820845562288,720.7761127416384,180.1940281854096,0.0,0.0,0.0,0.0,5.941078352657263,0.0,16.067306099543423,207.41595978463926,759.4678480643319,737.4594636121311,0.0,0.0,0.0,0.0,0.0,42.96203437978408,23.01495457292237,0.0,0.0,0.0,-5.684341886080802e-14,0.0
2025-07-04 21:00:00+00:00,5,66.0,536.4362197122941,10.840731208278509,25.29503948598318,500.3004490180324,10.840731208278509,0.0,10.840731208278509,0.0,10.840731208278509,0.0,25.29503948598318,0.0,500.3004490180324,0.0,15.768336302950559,4.9276050946720495,525.5954885040156,700.7939846720208,175.1984961680052,0.0,0.0,0.0,0.0,5.76185567475982,0.0,15.574626158186975,201.46258309562407,737.8988028079181,716.5623209749713,0.0,0.0,0.0,0.0,0.0,42.96203437978408,23.013991391592217,0.0,0.0,0.0,-1.4210854715202004e-13,0.0
2025-07-04 22:00:00+00:00,5,66.0,531.4018969505333,10.529954303011618,24.569893373693766,496.30204927382795,10.529954303011618,0.0,10.529954303011618,0.0,10.529954303011618,0.0,24.569893373693766,0.0,496.30204927382795,0.0,15.316297168016899,4.786342865005281,520.8719426475217,694.4959235300289,173.62398088250723,0.0,0.0,0.0,0.0,5.700117293949092,0.0,15.402255540310023,199.51269658177162,730.9145935323049,709.8122206980458,0.0,0.0,0.0,0.0,0.0,42.96203437978408,23.013618984558384,0.0,0.0,0.0,-2.842170943040401e-14,0.0
2025-07-04 23:00:00+00:00,5,66.0,528.6869526739996,10.127251323417791,23.63025308797484,494.929448262607,10.127251323417791,0.0,10.127251323417791,0.0,10.127251323417791,0.0,23.63025308797484,0.0,494.929448262607,0.0,14.730547379516787,4.603296056098996,518.5597013505818,691.412935134109,172.85323378352726,0.0,0.0,0.0,0.0,5.658202075265315,0.0,15.279823986773469,198.39455590166503,727.0815085756647,706.1434825136258,0.0,0.0,0.0,0.0,0.0,42.96203437978408,23.013063599434062,0.0,0.0,0.0,2.842170943040401e-14,0.0
2025-09-25 00:00:00+00:00,6,31.0,580.626548407498,11.09404095819125,25.886095569112914,543.646411880194,11.09404095819125,0.0,11.09404095819125,0.0,11.09404095819125,0.0,25.886095569112914,0.0,543.646411880194,0.0,16.136786848278184,5.042745890086932,569.5325074493069,759.3766765990758,189.84416914976896,0.0,0.0,0.0,0.0,6.213046985875327,0.0,16.777426467590608,217.87738849332183,798.5039369008199,775.5134634473541,0.0,0.0,0.0,0.0,0.0,42.96203437978408,23.015012873729518,0.0,0.0,0.0,2.842170943040401e-14,0.0
2025-09-25 01:00:00+00:00,6,31.0,562.9993564957928,10.868559500762629,25.359972168446127,526.770824826584,10.868559500762629,0.0,10.868559500762629,0.0,10.868559500762629,0.0,25.359972168446127,0.0,526.770824826584,0.0,15.808813819291098,4.940254318528468,552.1307969950302,736.1743959933735,184.04359899834338,0.0,0.0,0.0,0.0,6.028507413319225,0.0,16.282038023217453,211.29439875340853,989.1039271481216,751.9832098126647,0.0,0.0,0.0,214.81017189892037,0.0,246.74885671164967,23.014737250972743,0.0,0.0,0.0,-1.1368683772161603e-13,0.0
2025-09-25 02:00:00+00:00,6,31.0,556.114965201294,10.834207373198847,25.279817204130634,520.0009406239644,10.834207373198847,0.0,10.834207373198847,0.0,10.834207373198847,0.0,25.279817204130634,0.0,520.0009406239644,0.0,15.758847088289233,4.924639715090385,545.2807578280951,727.0410104374602,181.76025260936504,0.0,0.0,0.0,0.0,5.958403922363565,0.0,16.095295042187654,208.73859128900665,764.8535564903007,742.7998575257494,0.0,0.0,0.0,0.0,0.0,246.74885671164967,23.014669840332182,0.0,0.0,0.0,0.0,0.0
2025-09-25 03:00:00+00:00,6,31.0,560.6667242125247,10.8939773029504,25.419280373550926,524.3534665360235,10.8939773029504,0.0,10.8939773029504,0.0,10.8939773029504,0.0,25.419280373550926,0.0,524.3534665360235,0.0,15.845785167927856,4.951807864977455,549.7727469095744,733.0303292127658,183.25758230319144,0.0,0.0,0.0,0.0,6.006113076566763,0.0,16.223409812845123,210.43891305758078,918.5831495167239,748.8761143806936,0.0,0.0,0.0,147.47751224661843,0.0,386.65830941805666,23.014739917479293,0.0,0.0,0.0,-5.684341886080802e-14,0.0
2025-09-25 04:00:00+00:00,6,31.0,559.6339773760104,10.647510518255372,24.844191209262526,524.1422756484926,10.647510518255372,0.0,10.647510518255372,0.0,10.647510518255372,0.0,24.844191209262526,0.0,524.1422756484926,0.0,15.487288026553268,4.839777508297896,548.9864668577552,731.9819558103402,182.99548895258505,0.0,0.0,0.0,0.0,5.9867484927628025,0.0,16.165143302436228,209.98715825608198,769.6211356320924,747.4692438368935,0.0,0.0,0.0,0.0,0.0,386.65830941805666,23.014352809425535,0.0,0.0,0.0,2.842170943040401e-14,0.0
2025-09-25 05:00:00+00:00,6,31.0,570.1893381712493,10.845635694832954,25.30648328794355,534.0372191884728,10.845635694832954,0.0,10.845635694832954,0.0,10.845635694832954,0.0,25.30648328794355,0.0,534.0372191884728,0.0,15.775470101575205,4.929834406742252,559.3437024764164,745.7916033018885,186.44790082547212,0.0,0.0,0.0,0.0,6.099566690523035,0.0,16.469698656480332,213.94700057921773,784.136338750467,761.5670734034637,0.0,0.0,0.0,0.0,0.0,386.65830941805666,23.014704924742492,0.0,0.0,0.0,-1.1368683772161603e-13,0.0
2025-09-25 06:00:00+00:00,6,31.0,579.5127347901592,10.954927999840622,25.56149866629478,542.9963081240239,10.954927999840622,0.0,10.954927999840622,0.0,10.954927999840622,0.0,25.56149866629478,0.0,542.9963081240239,0.0,15.934440727040906,4.979512727200283,568.5578067903188,758.077075720425,189.51926893010625,0.0,0.0,0.0,0.0,6.196808041229083,0.0,16.730470278852575,217.42605997738818,796.9387947675474,774.0115164474659,0.0,0.0,0.0,0.0,0.0,386.65830941805666,23.014969732010762,0.0,0.0,0.0,-2.842170943040401e-14,0.0
2025-09-25 07:00:00+00:00,6,31.0,588.0448089543725,10.867661217062466,25.357876173145748,551.8192715641642,10.867661217062466,0.0,10.867661217062466,0.0,10.867661217062466,0.0,25.357876173145748,0.0,551.8192715641642,0.0,15.807507224818133,4.9398460077556665,577.17714773731,769.5695303164132,192.3923825791033,0.0,0.0,0.0,0.0,6.278929000836015,0.0,16.9456298985366,220.55678748623157,808.601596440604,785.3770375412313,0.0,0.0,0.0,0.0,0.0,386.65830941805666,23.01478692043366,0.0,0.0,0.0,-2.842170943040401e-14,0.0
2025-09-25 08:00:00+00:00,6,31.0,589.0935719313475,10.536466686336777,24.585088934785805,553.9720163102251,10.536466686336777,0.0,10.536466686336777,0.0,10.536466686336777,0.0,24.585088934785805,0.0,553.9720163102251,0.0,15.325769725580766,4.78930303924399,578.5571052450108,771.4094736600143,192.85236841500358,0.0,0.0,0.0,0.0,6.277272831145824,0.0,16.931901363091132,220.85084564848452,809.944417579832,786.7352433855951,0.0,0.0,0.0,0.0,0.0,386.65830941805666,23.014090107794246,0.0,0.0,0.0,2.842170943040401e-14,0.0
2025-09-25 09:00:00+00:00,6,31.0,586.064822463597,10.43931986176858,24.35841301079335,551.2670895910351,10.43931986176858,0.0,10.43931986176858,0.0,10.43931986176858,0.0,24.35841301079335,0.0,551.2670895910351,0.0,15.184465253481571,4.745145391712991,575.6255026018283,767.5006701357711,191.87516753394277,0.0,0.0,0.0,0.0,6.24342328623415,0.0,16.83946052862237,219.70319674051228,805.7680192041092,782.6851353892527,0.0,0.0,0.0,0.0,0.0,386.65830941805666,23.013975245885423,0.0,0.0,0.0,-5.684341886080802e-14,0.0
2025-09-25 10:00:00+00:00,6,31.0,589.882534831607,10.629734669862167,24.802714229678386,554.4500859320664,10.629734669862167,0.0,10.629734669862167,0.0,10.629734669862167,0.0,24.802714229678386,0.0,554.4500859320664,0.0,15.461432247072242,4.831697577210075,579.2528001617447,772.3370668823263,193.08426672058158,0.0,0.0,0.0,0.0,6.288582286211015,0.0,16.964501576149303,221.16904816015196,699.8028391596945,787.7984991293986,0.0,0.0,0.0,0.0,111.24874383206453,269.3918369707458,23.014299507040366,0.0,0.0,0.0,2.842170943040401e-14,0.0
2025-09-25 11:00:00+00:00,6,31.0,596.9015300254065,10.748031115142933,25.078739268666833,561.0747596415969,10.748031115142933,0.0,10.748031115142933,0.0,10.748031115142933,0.0,25.078739268666833,0.0,561.0747596415969,0.0,15.633499803844266,4.885468688701334,586.1534989102636,781.5379985470181,195.38449963675453,0.0,0.0,0.0,0.0,6.363109774475973,0.0,17.165335379808358,223.7984134797402,605.8897716062263,797.1714983508624,0.0,0.0,0.0,0.0,214.81017189892037,42.96203437978408,23.014554964439863,0.0,0.0,0.0,-5.684341886080802e-14,0.0
2025-09-25 12:00:00+00:00,6,31.0,590.6705895303462,10.745435285325485,25.072682332426126,554.8524719125945,10.745435285325485,0.0,10.745435285325485,0.0,10.745435285325485,0.0,25.072682332426126,0.0,554.8524719125945,0.0,15.629724051382524,4.884288766057039,579.9251542450206,773.2335389933608,193.3083847483402,0.0,0.0,0.0,0.0,6.300705189098729,0.0,16.99989002615781,221.49326872965375,812.16385826,788.8632630447432,0.0,0.0,0.0,0.0,0.0,42.96203437978408,23.014549430905127,0.0,0.0,0.0,2.842170943040401e-14,0.0
2025-09-25 13:00:00+00:00,6,31.0,582.8526041395903,10.607009815713127,24.749689569997287,547.4959047538799,10.607009815713127,0.0,10.607009815713127,0.0,10.607009815713127,0.0,24.749689569997287,0.0,547.4959047538799,0.0,15.42837791376455,4.821368098051422,572.2455943238771,762.9941257651694,190.74853144129236,0.0,0.0,0.0,0.0,6.217449734638716,0.0,16.77535947359571,218.56270874757817,948.8928251337869,778.4225036789339,0.0,0.0,0.0,147.47751224661843,0.0,182.87148708619108,23.014300494381615,0.0,0.0,0.0,0.0,0.0
2025-09-25 14:00:00+00:00,6,31.0,579.6369780864256,10.402122963825704,24.271620248926634,544.9632348736733,10.402122963825704,0.0,10.402122963825704,0.0,10.402122963825704,0.0,24.271620248926634,0.0,544.9632348736733,0.0,15.13036067465557,4.728237710829866,569.2348551225998,758.979806830133,189.74495170753326,0.0,0.0,0.0,0.0,6.177780956204531,0.0,16.664459401521892,217.31542977608956,796.9524078625151,774.1101675047886,0.0,0.0,0.0,0.0,0.0,182.87148708619108,23.014024757577207,0.0,0.0,0.0,-1.1368683772161603e-13,0.0
2025-09-25 15:00:00+00:00,6,31.0,580.4506328796796,10.53110454527102,24.572577272299046,545.3469510621096,10.53110454527102,0.0,10.53110454527102,0.0,10.53110454527102,0.0,24.572577272299046,0.0,545.3469510621096,0.0,15.317970247666938,4.786865702395918,569.9195283344086,759.892704445878,189.9731761114695,0.0,0.0,0.0,0.0,6.190646828790068,0.0,16.70219124447032,217.65287988712583,1012.9136846657258,775.210674693545,0.0,0.0,0.0,214.81017189892037,0.0,386.65830941805666,23.014173786960953,0.0,0.0,0.0,0.0,0.0
2025-09-25 16:00:00+00:00,6,31.0,580.5047003470874,10.505824486674173,24.513590468906397,545.4852853915067,10.505824486674173,0.0,10.505824486674173,0.0,10.505824486674173,0.0,24.513590468906397,0.0,545.4852853915067,0.0,15.281199253344253,4.775374766670079,569.9988758604132,759.9985011472177,189.99962528680442,0.0,0.0,0.0,0.0,6.190260567982261,0.0,16.700454755677203,217.66571537713395,798.1704157242212,775.2797004005619,0.0,0.0,0.0,0.0,0.0,386.65830941805666,23.014141404945867,0.0,0.0,0.0,-5.684341886080802e-14,0.0
2025-09-25 17:00:00+00:00,6,31.0,584.6036438866398,10.583480050371897,24.69478678420108,549.3253770520669,10.583480050371897,0.0,10.583480050371897,0.0,10.583480050371897,0.0,24.69478678420108,0.0,549.3253770520669,0.0,15.39415280054094,4.810672750169044,574.0201638362679,765.3602184483572,191.3400546120893,0.0,0.0,0.0,0.0,6.2340973740467005,0.0,16.818812178644244,219.20363691494927,803.8072808015891,780.7543712488981,0.0,0.0,0.0,0.0,0.0,386.65830941805666,23.014294800505734,0.0,0.0,0.0,-2.842170943040401e-14,0.0
2025-09-25 18:00:00+00:00,6,31.0,597.0969324033201,10.974846085569684,25.607974199662586,560.5141121180877,10.974846085569684,0.0,10.974846085569684,0.0,10.974846085569684,0.0,25.607974199662586,0.0,560.5141121180877,0.0,15.963412488101358,4.988566402531674,586.1220863177502,781.4961150903337,195.37402877258342,0.0,0.0,0.0,0.0,6.3733803471707535,0.0,17.198948579615564,223.9349241019014,606.2216846063011,797.459527578435,0.0,0.0,0.0,0.0,214.81017189892037,160.2285068270949,23.014797880239154,0.0,0.0,0.0,-1.1368683772161603e-13,0.0
2025-09-25 19:00:00+00:00,6,31.0,601.2979261905205,11.145693430975475,26.006618005609443,564.1456147539355,11.145693430975475,0.0,11.145693430975475,0.0,11.145693430975475,0.0,26.006618005609443,0.0,564.1456147539355,0.0,16.21191771778251,5.066224286807034,590.152232759545,786.8696436793932,196.7174109198483,0.0,0.0,0.0,0.0,6.4216546877076395,0.0,17.33169347717875,225.53698337154174,715.5861657299977,803.0815613971757,0.0,0.0,0.0,0.0,111.24874383206452,42.96203437978408,23.015089201830136,0.0,0.0,0.0,0.0,0.0
2025-09-25 20:00:00+00:00,6,31.0,604.3630859303933,11.225581194545821,26.19302278727357,566.9444819485738,11.225581194545821,0.0,11.225581194545821,0.0,11.225581194545821,0.0,26.19302278727357,0.0,566.9444819485738,0.0,16.328118101157557,5.1025369066117365,593.1375047358474,790.8500063144631,197.7125015786158,0.0,0.0,0.0,0.0,6.455235503103946,0.0,17.422935472911647,226.6932094612431,831.0562953916362,807.1781244156207,0.0,0.0,0.0,0.0,0.0,42.96203437978408,23.015176299941647,0.0,0.0,0.0,-1.1368683772161603e-13,0.0
2025-09-25 21:00:00+00:00,6,31.0,590.4940000715986,11.019833677619374,25.71294524777853,553.7612211462006,11.019833677619374,0.0,11.019833677619374,0.0,11.019833677619374,0.0,25.71294524777853,0.0,553.7612211462006,0.0,16.02884898562818,5.009015308008806,579.4741663939791,772.6322218586388,193.1580554646597,0.0,0.0,0.0,0.0,6.309000568895362,0.0,17.029610817281576,221.50568215884542,811.999682230444,788.661070844267,0.0,0.0,0.0,0.0,0.0,42.96203437978408,23.014907901727977,0.0,0.0,0.0,-2.842170943040401e-14,0.0
2025-09-25 22:00:00+00:00,6,31.0,602.0616899190807,11.24540111308609,26.23926926386753,564.5770195421272,11.24540111308609,0.0,11.24540111308609,0.0,11.24540111308609,0.0,26.23926926386753,0.0,564.5770195421272,0.0,16.356947073579768,5.111545960493677,590.8162888059948,787.7550517413263,196.93876293533157,0.0,0.0,0.0,0.0,6.432948273337298,0.0,17.364433235732868,225.84769040489542,827.909380323976,804.1119988149061,0.0,0.0,0.0,0.0,0.0,42.96203437978408,23.015232849402103,0.0,0.0,0.0,-2.842170943040401e-14,0.0
2025-09-25 23:00:00+00:00,6,31.0,604.0814568865544,11.126803008736307,25.962540353718044,566.9921135241,11.126803008736307,0.0,11.126803008736307,0.0,11.126803008736307,0.0,25.962540353718044,0.0,566.9921135241,0.0,16.184440739980083,5.057637731243776,592.954653877818,790.606205170424,197.651551292606,0.0,0.0,0.0,0.0,6.448797345852541,0.0,17.403088811355598,226.5610751810579,830.6425320676123,806.7906459104041,0.0,0.0,0.0,0.0,0.0,42.96203437978408,23.015111825753433,0.0,0.0,0.0,-5.684341886080802e-14,0.0
2025-10-25 00:00:00+00:00,7,36.0,505.5159282329157,9.744073658830606,22.736171870604743,473.0356827034804,9.744073658830606,0.0,9.744073658830606,0.0,9.744073658830606,0.0,22.736171870604743,0.0,473.0356827034804,0.0,14.173198049208155,4.429124390377549,495.7718545740852,661.0291394321135,165.25728485802838,0.0,0.0,0.0,0.0,5.412441983152947,0.0,14.61775413253433,189.7166053640932,695.2325335970088,675.2023374813217,0.0,0.0,0.0,0.0,0.0,42.96203437978408,23.01363891954301,0.0,0.0,0.0,-1.1368683772161603e-13,0.0
2025-10-25 01:00:00+00:00,7,36.0,503.184815411444,9.645096521986833,22.50522521796927,471.0344936714877,9.645096521986833,0.0,9.645096521986833,0.0,9.645096521986833,0.0,22.50522521796927,0.0,471.0344936714877,0.0,14.029231304708121,4.384134782721288,493.53971888945705,658.052958519276,164.513239629819,0.0,0.0,0.0,0.0,5.385501693253955,0.0,14.543571209043012,188.82644731483725,906.8214346252014,672.0821898239841,0.0,0.0,0.0,214.81017189892037,0.0,246.74885671164967,23.013529991411186,0.0,0.0,0.0,-2.2737367544323206e-13,0.0
2025-10-25 02:00:00+00:00,7,36.0,507.19360684289,9.65959508371023,22.53905519532387,474.9949565638561,9.65959508371023,0.0,9.65959508371023,0.0,9.65959508371023,0.0,22.53905519532387,0.0,474.9949565638561,0.0,14.050320121760334,4.390725038050104,497.53401175918,663.3786823455732,165.8446705863933,0.0,0.0,0.0,0.0,5.426121221498277,0.0,14.65162181833106,190.31313866427274,697.5067455071628,677.4290024673336,0.0,0.0,0.0,0.0,0.0,246.74885671164967,23.01357102738576,0.0,0.0,0.0,5.684341886080802e-14,0.0
2025-10-25 03:00:00+00:00,7,36.0,497.8396937172219,9.564339894821783,22.31679308791749,465.9585607344826,9.564339894821783,0.0,9.564339894821783,0.0,9.564339894821783,0.0,22.31679308791749,0.0,465.9585607344826,0.0,13.911767119740777,4.3474272249189925,488.27535382240006,651.0338050965333,162.75845127413334,0.0,0.0,0.0,0.0,5.32908939998235,0.0,14.391801294987204,186.82676919402186,832.1439751578621,664.9455722162742,0.0,0.0,0.0,147.47751224661843,0.0,386.65830941805666,23.01346055519583,0.0,0.0,0.0,-1.1368683772161603e-13,0.0
2025-10-25 04:00:00+00:00,7,36.0,498.0352610629395,9.557176339443387,22.300078125367897,466.17800659812826,9.557176339443387,0.0,9.557176339443387,0.0,9.557176339443387,0.0,22.300078125367897,0.0,466.17800659812826,0.0,13.901347402826746,4.344171063383358,488.4780847234961,651.3041129646615,162.82602824116537,0.0,0.0,0.0,0.0,5.330782409742319,0.0,14.396085758589448,186.89706747288048,684.93232853582,665.2054603674883,0.0,0.0,0.0,0.0,0.0,386.65830941805666,23.013425547168694,0.0,0.0,0.0,2.842170943040401e-14,0.0
2025-10-25 05:00:00+00:00,7,36.0,502.7665882371614,9.612976619124751,22.430278777957746,470.7233328400789,9.612976619124751,0.0,9.612976619124751,0.0,9.612976619124751,0.0,22.430278777957746,0.0,470.7233328400789,0.0,13.982511445999638,4.369534826874887,493.1536116180367,657.5381488240489,164.38453720601223,0.0,0.0,0.0,0.0,5.380141691739522,0.0,14.528461423769048,188.66267514839566,691.429263385557,671.5206602700486,0.0,0.0,0.0,0.0,0.0,386.65830941805666,23.013383705519683,0.0,0.0,0.0,-8.526512829121202e-14,0.0
2025-10-25 06:00:00+00:00,7,36.0,508.8376504984754,9.779552689168998,22.818956274727654,476.23914153457866,9.779552689168998,0.0,9.779552689168998,0.0,9.779552689168998,0.0,22.818956274727654,0.0,476.23914153457866,0.0,14.224803911518544,4.445251222349545,499.05809780930633,665.4107970790751,166.35269926976878,0.0,0.0,0.0,0.0,5.446960103587616,0.0,14.71022766034175,190.95513825604772,699.792788754523,679.6356009905936,0.0,0.0,0.0,0.0,0.0,386.65830941805666,23.013510446478765,0.0,0.0,0.0,-8.526512829121202e-14,0.0
2025-10-25 07:00:00+00:00,7,36.0,505.31412171377184,9.621089631679595,22.449209140585722,473.24382294150644,9.621089631679595,0.0,9.621089631679595,0.0,9.621089631679595,0.0,22.449209140585722,0.0,473.24382294150644,0.0,13.994312191533957,4.373222559854362,495.69303208209215,660.9240427761229,165.23101069403072,0.0,0.0,0.0,0.0,5.405914503632636,0.0,14.59698816223985,189.60713591975755,694.9212576335294,674.9183549676568,0.0,0.0,0.0,0.0,0.0,386.65830941805666,23.013266577406725,0.0,0.0,0.0,2.842170943040401e-14,0.0
2025-10-25 08:00:00+00:00,7,36.0,497.6075400515535,9.416331651099588,21.971440519232363,466.21976788122157,9.416331651099588,0.0,9.416331651099588,0.0,9.416331651099588,0.0,21.971440519232363,0.0,466.21976788122157,0.0,13.6964824015994,4.280150750499812,488.19120840045395,650.9216112006052,162.7304028001513,0.0,0.0,0.0,0.0,5.321340894389186,0.0,14.367093922692353,186.69898836773265,684.3065284192861,664.6180936022046,0.0,0.0,0.0,0.0,0.0,386.65830941805666,23.013007600068576,0.0,0.0,0.0,-2.842170943040401e-14,0.0
2025-10-25 09:00:00+00:00,7,36.0,502.3093005652719,9.41866026764546,21.976873957839405,470.913766339787,9.41866026764546,0.0,9.41866026764546,0.0,9.41866026764546,0.0,21.976873957839405,0.0,470.913766339787,0.0,13.699869480211579,4.281209212566118,492.8906402976264,657.1875203968352,164.2968800992088,0.0,0.0,0.0,0.0,5.368443882133052,0.0,14.491982507200191,188.43851570110817,690.74781626638,670.8873898770468,0.0,0.0,0.0,0.0,0.0,386.65830941805666,23.01296157295373,0.0,0.0,0.0,-2.842170943040401e-14,0.0
2025-10-25 10:00:00+00:00,7,36.0,505.7268562955514,9.525728660876439,22.226700208711684,473.9744274259632,9.525728660876439,0.0,9.525728660876439,0.0,9.525728660876439,0.0,22.226700208711684,0.0,473.9744274259632,0.0,13.855605324911185,4.329876664034745,496.20112763467495,661.6015035128999,165.40037587822496,0.0,0.0,0.0,0.0,5.406545280520983,0.0,14.59597054161732,189.732768364398,584.2108808278849,675.457108837811,0.0,0.0,0.0,0.0,111.24874383206453,269.3918369707458,23.013102884180743,0.0,0.0,0.0,5.684341886080802e-14,0.0
2025-10-25 11:00:00+00:00,7,36.0,502.5792560601656,9.482189851116924,22.12510965260615,470.9719565564426,9.482189851116924,0.0,9.482189851116924,0.0,9.482189851116924,0.0,22.12510965260615,0.0,470.9719565564426,0.0,13.792276147079162,4.310086295962238,493.09706620904876,657.4627549453983,164.36568873634957,0.0,0.0,0.0,0.0,5.3734728551426105,0.0,14.507100819929416,188.55634870738382,476.3254328686291,671.2550310924775,0.0,0.0,0.0,0.0,214.81017189892037,42.96203437978408,23.013024542827,0.0,0.0,0.0,2.842170943040401e-14,0.0
2025-10-25 12:00:00+00:00,7,36.0,480.87766495671076,9.200566520358688,21.4679885475036,450.2091098888487,9.200566520358688,0.0,9.200566520358688,0.0,9.200566520358688,0.0,21.4679885475036,0.0,450.2091098888487,0.0,13.382642211430818,4.18207569107213,471.67709843635237,628.9027979151365,157.22569947878412,0.0,0.0,0.0,0.0,5.146130755313596,0.0,13.896702477455143,180.450608402625,661.3282733593358,642.2854401265673,0.0,0.0,0.0,0.0,0.0,42.96203437978408,23.012788149075735,0.0,0.0,0.0,0.0,0.0
2025-10-25 13:00:00+00:00,7,36.0,484.0321301325839,9.227527431348523,21.530897339813215,453.2737053614221,9.227527431348523,0.0,9.227527431348523,0.0,9.227527431348523,0.0,21.530897339813215,0.0,453.2737053614221,0.0,13.421858081961489,4.194330650612965,474.8046027012353,633.072803601647,158.26820090041176,0.0,0.0,0.0,0.0,5.178663973808617,0.0,13.983675804156864,181.6248713289902,813.1345137081925,646.4946616836085,0.0,0.0,0.0,147.47751224661843,0.0,182.87148708619108,23.012803541400995,0.0,0.0,0.0,-8.526512829121202e-14,0.0
2025-10-25 14:00:00+00:00,7,36.0,486.4100176001526,9.285918802983204,21.66714387362747,455.45695492354196,9.285918802983204,0.0,9.285918802983204,0.0,9.285918802983204,0.0,21.66714387362747,0.0,455.45695492354196,0.0,13.506790986157387,4.220872183174183,477.12409879716944,636.1654650628925,159.04136626572313,0.0,0.0,0.0,0.0,5.204583865444244,0.0,14.054010153671372,182.52083246801294,668.9308500681656,649.6722560490499,0.0,0.0,0.0,0.0,0.0,182.87148708619108,23.012852419359,0.0,0.0,0.0,0.0,0.0
2025-10-25 15:00:00+00:00,7,36.0,486.6030183071486,9.320355420777876,21.74749598181504,455.5351669045558,9.320355420777876,0.0,9.320355420777876,0.0,9.320355420777876,0.0,21.74749598181504,0.0,455.5351669045558,0.0,13.556880612040548,4.236525191262671,477.2826628863709,636.3768838484945,159.09422096212361,0.0,0.0,0.0,0.0,5.20777654850001,0.0,14.06344187639096,182.60196457827726,884.0151547843461,649.933764460535,0.0,0.0,0.0,214.81017189892037,0.0,386.65830941805666,23.012861810122207,0.0,0.0,0.0,-1.1368683772161603e-13,0.0
2025-10-25 16:00:00+00:00,7,36.0,494.62819995789204,9.533881607372855,22.24572375053666,462.8485945999826,9.533881607372855,0.0,9.533881607372855,0.0,9.533881607372855,0.0,22.24572375053666,0.0,462.8485945999826,0.0,13.867464156178698,4.333582548805843,485.09431835051925,646.792424467359,161.69810611683974,0.0,0.0,0.0,0.0,5.295857658515925,0.0,14.302878256395118,185.63042458055662,680.2586245384487,660.6598886235377,0.0,0.0,0.0,0.0,0.0,386.65830941805666,23.013201166315785,0.0,0.0,0.0,0.0,0.0
2025-10-25 17:00:00+00:00,7,36.0,493.68260909718543,9.486381405170787,22.134889945398495,462.0613377466161,9.486381405170787,0.0,9.486381405170787,0.0,9.486381405170787,0.0,22.134889945398495,0.0,462.0613377466161,0.0,13.798372952975692,4.311991547804904,484.19622769201465,645.5949702560195,161.39874256400486,0.0,0.0,0.0,0.0,5.284660075828117,0.0,14.271865156570325,185.2672593442082,678.9498684413936,659.3933432089951,0.0,0.0,0.0,0.0,0.0,386.65830941805666,23.01316201567074,0.0,0.0,0.0,-2.842170943040401e-14,0.0
2025-10-25 18:00:00+00:00,7,36.0,488.6705721818662,9.443412653480205,22.03462952478714,457.1925300035988,9.443412653480205,0.0,9.443412653480205,0.0,9.443412653480205,0.0,22.03462952478714,0.0,457.1925300035988,0.0,13.735872950516663,4.292460297036457,479.2271595283859,638.9695460378479,159.74238650946197,0.0,0.0,0.0,0.0,5.232964185779601,0.0,14.133659329144088,183.4014703214221,457.26187060436786,652.7054189883645,0.0,0.0,0.0,0.0,214.81017189892037,160.2285068270949,23.013126742763784,0.0,0.0,0.0,-5.684341886080802e-14,0.0
2025-10-25 19:00:00+00:00,7,36.0,495.75185928226097,9.47611687685819,22.110939379335775,464.1648030260669,9.47611687685819,0.0,9.47611687685819,0.0,9.47611687685819,0.0,22.110939379335775,0.0,464.1648030260669,0.0,13.783442729975551,4.3073258531173595,486.2757424054027,648.3676565405369,162.09191413513423,0.0,0.0,0.0,0.0,5.304976211640742,0.0,14.325413456775367,186.0296296566677,570.5327451068641,662.1510992705125,0.0,0.0,0.0,0.0,111.24874383206452,42.96203437978408,23.01310160504507,0.0,0.0,0.0,-2.842170943040401e-14,0.0
2025-10-25 20:00:00+00:00,7,36.0,499.70999800703163,9.56129542067178,22.309689314900815,467.839013271459,9.56129542067178,0.0,9.56129542067178,0.0,9.56129542067178,0.0,22.309689314900815,0.0,467.839013271459,0.0,13.907338793704406,4.346043373032627,490.14870258635983,653.5316034484797,163.38290086211993,0.0,0.0,0.0,0.0,5.347680812161615,0.0,14.440982683091223,187.5176077304054,687.2276057374369,667.4389422421841,0.0,0.0,0.0,0.0,0.0,42.96203437978408,23.013188039123296,0.0,0.0,0.0,-1.4210854715202004e-13,0.0
2025-10-25 21:00:00+00:00,7,36.0,507.84691808976305,9.84790602316999,22.978447387396635,475.0205646791964,9.84790602316999,0.0,9.84790602316999,0.0,9.84790602316999,0.0,22.978447387396635,0.0,475.0205646791964,0.0,14.324226942792714,4.476320919622723,497.9990120665931,663.9986827554574,165.99967068886434,0.0,0.0,0.0,0.0,5.439559068413863,0.0,14.692542481150134,190.60809315805108,698.4550112478141,678.3229096982501,0.0,0.0,0.0,0.0,0.0,42.96203437978408,23.013594661558034,0.0,0.0,0.0,0.0,0.0
2025-10-25 22:00:00+00:00,7,36.0,543.8502164142526,10.429847377544139,24.336310547602984,509.08405848910576,10.429847377544139,0.0,10.429847377544139,0.0,10.429847377544139,0.0,24.336310547602984,0.0,509.08405848910576,0.0,15.170687094609656,4.740839717065517,533.4203690367088,711.2271587156117,177.80678967890293,0.0,0.0,0.0,0.0,5.820929901319148,0.0,15.719585934542485,204.08814523183008,747.9383616460826,726.3978458102214,0.0,0.0,0.0,0.0,0.0,42.96203437978408,23.014348227049386,0.0,0.0,0.0,-5.684341886080802e-14,0.0
2025-10-25 23:00:00+00:00,7,36.0,533.0982840743934,10.19292623545741,23.783494549400622,499.1218632895352,10.19292623545741,0.0,10.19292623545741,0.0,10.19292623545741,0.0,23.783494549400622,0.0,499.1218632895352,0.0,14.826074524301688,4.633148288844278,522.9053578389359,697.2071437852478,174.30178594631195,0.0,0.0,0.0,0.0,5.704723469377371,0.0,15.404957713689932,200.04461541822351,733.142899492617,712.0332183095495,0.0,0.0,0.0,0.0,0.0,42.96203437978408,23.01411351378516,0.0,0.0,0.0,2.842170943040401e-14,0.0
2025-12-05 00:00:00+00:00,8,47.0,663.5398129241075,12.921708882386934,30.150654058902838,620.4674499828177,12.921708882386934,0.0,12.921708882386934,0.0,12.921708882386934,0.0,0.0,30.150654058903115,614.2044042857967,6.263045697021056,18.795212919835542,5.8735040374486065,614.2044042857964,818.9392057143951,204.7348014285988,6.263045697021131,2.0876818990070434,38.501381654931286,0.5775207248239693,6.745057124036021,0.6030130811780623,19.20375661271076,239.82533490780324,903.3651478319107,837.7344186342307,0.0,0.0,0.0,0.0,0.0,182.87148708619108,23.016734723831664,0.0,0.0,0.0,-8.526512829121202e-14,0.0
2025-12-05 01:00:00+00:00,8,47.0,651.9121655313238,12.761358328952715,29.77650276755633,609.3743044348147,12.761358328952715,0.0,12.761358328952715,0.0,12.761358328952715,0.0,4.830099850981746,24.946402916574584,609.3743044348146,0.0,18.56197575120395,5.800617422251234,614.2044042857964,818.9392057143951,204.7348014285988,0.0,0.0,24.946402916574595,0.3741960437486189,6.73757409820909,0.4989280583314917,18.87552134241978,237.021638393559,888.9338039248827,837.5011814655991,0.0,0.0,0.0,0.0,0.0,182.87148708619108,23.01650836377907,0.0,0.0,0.0,-1.1368683772161603e-13,0.0
2025-12-05 02:00:00+00:00,8,47.0,654.8332120062842,12.878439185114456,30.04969143193372,611.9050813892359,12.878439185114456,0.0,12.878439185114456,0.0,12.878439185114456,0.0,2.299322896560593,27.750368535373127,611.9050813892358,0.0,18.7322751783483,5.853835993233844,614.2044042857964,818.9392057143951,204.7348014285988,0.0,0.0,27.75036853537334,0.41625552803060006,6.743037871496638,0.5550073707074625,18.96760711067371,237.27054530274103,1106.9139292079456,837.6714808927435,0.0,0.0,0.0,214.81017189892037,0.0,386.65830941805666,23.01668079704914,0.0,0.0,0.0,0.0,0.0
2025-12-05 03:00:00+00:00,8,47.0,648.9742338409956,12.73996657916072,29.72658868470834,606.5076785771265,12.73996657916072,0.0,12.73996657916072,0.0,12.73996657916072,0.0,7.6967257086697956,22.029862976038544,606.5076785771265,0.0,18.53086047877923,5.790893899618509,614.2044042857964,818.9392057143951,204.7348014285988,0.0,0.0,22.02986297603851,0.3304479446405776,6.73657581655213,0.4405972595207709,18.794984340260502,236.82830068919125,885.8025345301868,837.4700661931744,0.0,0.0,0.0,0.0,0.0,386.65830941805666,23.016442807373483,0.0,0.0,0.0,-2.842170943040401e-14,0.0
2025-12-05 04:00:00+00:00,8,47.0,649.7183145953394,12.66620203803519,29.554471422082102,607.4976411352222,12.66620203803519,0.0,12.66620203803519,0.0,12.66620203803519,0.0,6.706763150574162,22.84770827150794,607.4976411352222,0.0,18.423566600778457,5.757364562743268,614.2044042857964,818.9392057143951,204.7348014285988,0.0,0.0,22.84770827150785,0.34271562407261774,6.733133471299606,0.4569541654301588,18.805454865611505,236.8304241177559,886.5487387130953,837.3627723151736,0.0,0.0,0.0,0.0,0.0,386.65830941805666,23.016310389882545,0.0,0.0,0.0,0.0,0.0
2025-12-05 05:00:00+00:00,8,47.0,643.4674553410214,12.6122136168903,29.428498439410696,601.4267432847204,12.6122136168903,0.0,12.6122136168903,0.0,12.6122136168903,0.0,12.777661001076062,16.650837438334634,601.4267432847204,0.0,18.345037988204073,5.7328243713137725,614.2044042857964,818.9392057143951,204.7348014285988,0.0,0.0,16.650837438334598,0.24976256157501897,6.7306140116461775,0.3330167487666927,18.633038746974545,236.41405786887495,879.8815132098963,837.2842437025993,0.0,0.0,0.0,0.0,0.0,386.65830941805666,23.01619616781504,0.0,0.0,0.0,-2.842170943040401e-14,0.0
2025-12-05 06:00:00+00:00,8,47.0,647.292226683225,12.948762484681488,30.21377913092347,604.12968506762,12.948762484681488,0.0,12.948762484681488,0.0,12.948762484681488,0.0,10.074719218176327,20.139059912747143,604.12968506762,0.0,18.834563614082164,5.885801129400676,614.2044042857964,818.9392057143951,204.7348014285988,0.0,0.0,20.139059912747246,0.30208589869120867,6.746319625476433,0.40278119825494285,18.776587197268366,236.84837647769044,884.1406031609152,837.7737693284773,0.0,0.0,0.0,0.0,0.0,386.65830941805666,23.016659697887984,0.0,0.0,0.0,-1.4210854715202004e-13,0.0
2025-12-05 07:00:00+00:00,8,47.0,655.8120234646519,13.038709513001594,30.423655530337047,612.3496584213134,13.038709513001594,0.0,13.038709513001594,0.0,13.038709513001594,0.0,1.8547458644830535,28.568909665853994,612.3496584213133,0.0,18.965395655275046,5.926686142273452,614.2044042857964,818.9392057143951,204.7348014285988,0.0,0.0,28.568909665854086,0.42853364498781127,6.750517153464704,0.5713781933170798,19.013638171093245,237.42555473373508,893.2375781983869,837.9046013696702,0.0,0.0,0.0,0.0,0.0,386.65830941805666,23.017020720654692,0.0,0.0,0.0,-8.526512829121202e-14,0.0
2025-12-05 08:00:00+00:00,8,47.0,658.9379544870618,13.058195239872699,30.46912222636962,615.4106370208194,13.058195239872699,0.0,13.058195239872699,0.0,13.058195239872699,0.0,0.0,30.46912222636979,614.2044042857965,1.2062327350229083,18.993738530723927,5.935543290851228,614.2044042857964,818.9392057143951,204.7348014285988,1.2062327350229545,0.4020775783409848,32.07743253973373,0.4811614880960059,6.7514264873853564,0.6093824445273959,19.098918203812513,238.01331092161226,896.951265408674,837.9329442451191,0.0,0.0,0.0,0.0,0.0,386.65830941805666,23.017031598783202,0.0,0.0,0.0,-8.526512829121202e-14,0.0
2025-12-05 09:00:00+00:00,8,47.0,650.1259113719993,12.774720319756106,29.807680746097574,607.5435103061455,12.774720319756106,0.0,12.774720319756106,0.0,12.774720319756106,0.0,6.66089397965068,23.146786766446894,607.5435103061457,0.0,18.5814113741907,5.806691054434594,614.2044042857964,818.9392057143951,204.7348014285988,0.0,0.0,23.146786766446713,0.34720180149670066,6.738197657779915,0.4629357353289379,18.829860755444734,236.91968843308368,887.045599805083,837.5206170885858,0.0,0.0,0.0,0.0,0.0,386.65830941805666,23.016776518658748,0.0,0.0,0.0,2.842170943040401e-14,0.0
2025-12-05 10:00:00+00:00,8,47.0,650.8745462308826,12.860555038393427,30.007961756251326,608.0060294362379,12.860555038393427,0.0,12.860555038393427,0.0,12.860555038393427,0.0,6.198374849558469,23.809586906692857,608.0060294362379,0.0,18.706261874026804,5.845706835633377,614.2044042857964,818.9392057143951,204.7348014285988,0.0,0.0,23.809586906692918,0.35714380360039377,6.74220327798299,0.4761917381338572,18.86046039176498,237.01650747571435,776.6423098745323,837.645467588422,0.0,0.0,0.0,0.0,111.24874383206453,269.3918369707458,23.01693518325926,0.0,0.0,0.0,-1.4210854715202004e-13,0.0
2025-12-05 11:00:00+00:00,8,47.0,638.261152214895,12.369149363686706,28.861348515268975,597.0306543359392,12.369149363686706,0.0,12.369149363686706,0.0,12.369149363686706,0.0,17.173749949857058,11.687598565411918,597.0306543359392,0.0,17.9914899835443,5.622340619857594,614.2044042857964,818.9392057143951,204.7348014285988,0.0,0.0,11.687598565411818,0.17531397848117727,6.719271013163343,0.23375197130823835,18.464599558922238,235.95007857033136,659.4010588863059,836.9306956979394,0.0,0.0,0.0,0.0,214.81017189892037,42.96203437978408,23.016234955096802,0.0,0.0,0.0,-1.1368683772161603e-13,0.0
2025-12-05 12:00:00+00:00,8,47.0,663.8283949982359,12.928632023160306,30.166808054040715,620.7329549210348,12.928632023160306,0.0,12.928632023160306,0.0,12.928632023160306,0.0,0.0,30.166808054040757,614.2044042857964,6.528550635238389,18.80528294277863,5.876650919618322,614.2044042857964,818.9392057143951,204.7348014285988,6.528550635238416,2.1761835450794718,38.87154223435864,0.5830731335153796,6.745380203938778,0.6033361610808151,19.212271968756774,239.93169736058832,903.7600923588242,837.7444886571737,0.0,0.0,0.0,0.0,0.0,42.96203437978408,23.016926869293545,0.0,0.0,0.0,-5.684341886080802e-14,0.0
2025-12-05 13:00:00+00:00,8,47.0,667.277368825887,13.029513488574263,30.40219814000661,623.8456571973059,13.029513488574263,0.0,13.029513488574263,0.0,13.029513488574263,0.0,0.0,30.40219814000659,614.2044042857964,9.641252911509469,18.952019619744384,5.92250613117012,614.2044042857964,818.9392057143951,204.7348014285988,9.64125291150943,3.213750970503143,43.25720202201916,0.6488580303302873,6.750088005658096,0.6080439628001318,19.316316948236924,241.19436547729748,908.4717343031845,837.8912253341396,0.0,0.0,0.0,0.0,0.0,42.96203437978408,23.01713986491223,0.0,0.0,0.0,-5.684341886080802e-14,0.0
2025-12-05 14:00:00+00:00,8,47.0,656.2361159331532,12.69221671711078,29.615172339925145,613.9287268761175,12.69221671711078,0.0,12.69221671711078,0.0,12.69221671711078,0.0,0.27567740967889875,29.339494930246246,613.9287268761175,0.0,18.461406133979317,5.769189416868537,614.2044042857964,818.9392057143951,204.7348014285988,0.0,0.0,29.339494930246154,0.4400924239536923,6.734347489656466,0.5867898986049249,18.981437974663685,237.2466586323461,1040.9602868121178,837.4006118483744,0.0,0.0,0.0,147.47751224661843,0.0,182.87148708619108,23.016696645067718,0.0,0.0,0.0,8.526512829121202e-14,0.0
2025-12-05 15:00:00+00:00,8,47.0,649.1401459438043,12.169840414264815,28.396294299951226,608.5740112295885,12.169840414264815,0.0,12.169840414264815,0.0,12.169840414264815,0.0,5.630393056207911,22.765901243743315,608.5740112295885,0.0,17.701586057112458,5.531745642847643,614.2044042857964,818.9392057143951,204.7348014285988,0.0,0.0,22.765901243743176,0.34148851865614765,6.709969928856988,0.4553180248748663,18.727906194112485,236.50122973794691,1100.4515475806716,836.6407917715076,0.0,0.0,0.0,214.81017189892037,0.0,386.65830941805666,23.015858541945516,0.0,0.0,0.0,-5.684341886080802e-14,0.0
2025-12-05 16:00:00+00:00,8,47.0,658.3620909479483,12.068964514477777,28.16091720044814,618.1322092330223,12.068964514477777,0.0,12.068964514477777,0.0,12.068964514477777,0.0,0.0,28.160917200448125,614.2044042857964,3.927804947225937,17.55485747560404,5.485892961126263,614.2044042857964,818.9392057143951,204.7348014285988,3.9278049472259866,1.3092683157419955,33.39799046341611,0.5009698569512416,6.705262386866926,0.5632183440089625,18.959641261418994,238.25905455471317,896.6211455026614,836.4940631899992,0.0,0.0,0.0,0.0,0.0,386.65830941805666,23.015761493529634,0.0,0.0,0.0,-8.526512829121202e-14,0.0
2025-12-05 17:00:00+00:00,8,47.0,652.7164235928576,11.917940120132952,27.808526946976883,612.9899565257479,11.917940120132952,0.0,11.917940120132952,0.0,11.917940120132952,0.0,1.214447760048472,26.59407918692841,612.9899565257479,0.0,17.335185629284293,5.417245509151342,614.2044042857964,818.9392057143951,204.7348014285988,0.0,0.0,26.594079186928415,0.3989111878039262,6.698214581797501,0.5318815837385682,18.79109765160473,236.57215194269483,889.2885755355525,836.2743913436794,0.0,0.0,0.0,0.0,0.0,386.65830941805666,23.01561247245738,0.0,0.0,0.0,2.842170943040401e-14,0.0
2025-12-05 18:00:00+00:00,8,47.0,640.5893790660042,11.660972891576563,27.208936747011975,601.7194694274158,11.660972891576563,0.0,11.660972891576563,0.0,11.660972891576563,0.0,0.0,27.208936747011975,601.7194694274158,0.0,16.961415115020454,5.300442223443892,601.7194694274158,802.292625903221,200.57315647580526,0.0,0.0,27.20893674701209,0.4081340512051813,6.561373429214398,0.5441787349402395,18.437515846756433,231.8248007613654,872.4141798273696,819.2540410182415,0.0,0.0,0.0,0.0,0.0,386.65830941805666,23.01528873579252,0.0,0.0,0.0,0.0,0.0
2025-12-05 19:00:00+00:00,8,47.0,644.5417298599413,11.917161143841554,27.806709335630288,604.8178593804694,11.917161143841554,0.0,11.917161143841554,0.0,11.917161143841554,0.0,0.0,27.806709335630288,604.8178593804691,0.0,17.334052572860443,5.4168914290188885,604.8178593804691,806.4238125072922,201.60595312682304,0.0,0.0,27.80670933563059,0.41710064003445885,6.604312780517297,0.5561341867126057,18.574370610021376,233.17476277312767,766.4677488010043,822.8514757685065,0.9063893116460537,0.0,0.8610698460637511,0.0,111.24874383206453,269.3918369707458,23.015495228097187,0.0,0.0,0.0,-1.1368683772161603e-13,2.6645352591003757e-14
2025-12-05 20:00:00+00:00,8,47.0,671.925425228235,12.541695237479269,29.26395555411829,630.1197744366373,12.541695237479269,0.0,12.541695237479269,0.0,12.541695237479269,0.0,0.0,29.26395555411829,614.2044042857963,15.915370150841028,18.242465799969846,5.700770562490577,614.2044042857964,818.9392057143951,204.7348014285988,15.91537015084092,5.3051233836136396,50.484449088572845,0.7572667363285926,6.727323153940329,0.5852791110823659,19.37833429482021,243.1888986708745,700.3041520001891,837.9980518354181,0.0,0.8163803210530425,0.0,0.0,214.81017189892037,42.96203437978408,23.016164556103476,0.0,0.0,0.0,-5.684341886080802e-14,0.0
2025-12-05 21:00:00+00:00,8,47.0,669.633511988809,12.576842607374944,29.345966083874863,627.7107032975591,12.576842607374944,0.0,12.576842607374944,0.0,12.576842607374944,0.0,0.0,29.345966083874863,614.2044042857964,13.506299011762707,18.29358924709083,5.716746639715884,614.2044042857964,818.9392057143951,204.7348014285988,13.506299011762705,4.502099670587568,47.35436476622513,0.7103154714933769,6.728963364535461,0.5869193216774973,19.322004902581345,242.30185079918994,911.9353627879989,837.232794961486,0.0,0.0,0.0,0.0,0.0,42.96203437978408,23.01620183153544,0.0,0.0,0.0,-5.684341886080802e-14,0.0
2025-12-05 22:00:00+00:00,8,47.0,657.7285885322821,12.321808913398716,28.750887464596996,616.6558921542864,12.321808913398716,0.0,12.321808913398716,0.0,12.321808913398716,0.0,0.0,28.750887464596996,614.2044042857964,2.4514878684900054,17.92263114676177,5.600822233363053,614.2044042857964,818.9392057143951,204.7348014285988,2.4514878684900303,0.8171626228300101,32.01953795591704,0.48029306933875554,6.717061792149904,0.5750177492919399,18.974551706881897,237.89971060245435,895.6282991347364,836.8618368611569,0.0,0.0,0.0,0.0,0.0,42.96203437978408,23.015957573293516,0.0,0.0,0.0,-2.842170943040401e-14,0.0
2025-12-05 23:00:00+00:00,8,47.0,626.1968552056563,11.816855962502986,27.572663912506957,586.8073353306465,11.816855962502986,0.0,11.816855962502986,0.0,11.816855962502986,0.0,27.397068955149937,0.17559495735702058,586.8073353306464,0.0,17.18815412727707,5.3712981647740845,614.2044042857964,818.9392057143951,204.7348014285988,0.0,0.0,0.17559495735720768,0.002633924360358115,6.693497321108103,0.0035118991471404116,18.075656505449025,234.8813992434375,1008.5557666957122,836.1273598416722,0.0,0.0,0.0,147.47751224661843,0.0,182.87148708619108,23.015228935662723,0.0,0.0,0.0,-2.842170943040401e-14,0.0
