timestamp_hour_utc,representative_day_id,day_weight,it_load_kw,q_air_kw,q_cp_kw,q_rdhx_kw,s_air_kw,s_air_old_kw,s_air_new_kw,old_ac_capacity_eff_kw,q_air_to_ashp_kw,q_air_to_reject_kw,q_cp_to_wshp_kw,q_cp_to_free_kw,q_rdhx_to_wshp_kw,q_rdhx_to_chiller_kw,q_ashp_out_kw,p_ashp_kw,q_wshp_in_kw,q_wshp_out_kw,p_wshp_kw,q_chiller_evap_kw,p_chiller_kw,q_tower_kw,p_tower_kw,p_pump_kw,p_cdu_free_kw,p_terminal_kw,p_cooling_kw,p_grid_kw,q_heat_kw,q_tes_ch_kw,q_tes_dis_kw,e_tes_kwh,p_bess_ch_kw,p_bess_dis_kw,e_bess_kwh,max_theta_c,hotspot_slack_c,hotspot_penalty_yuan,bess_degradation_cost_yuan,power_balance_residual_kw,heat_balance_residual_kw
2025-01-15 00:00:00+00:00,0,71.0,561.7189692350827,11.620748402695803,0.0,550.0982208323869,11.620748402695583,0.0,11.620748402695583,0.0,0.0,11.620748402695803,0.0,0.0,550.0982208323871,0.0,0.0,0.0,550.0982208323871,733.4642944431828,183.3660736107957,11.62074840269554,3.873582800898513,15.494331203594053,0.2324149680539108,5.5009822083238715,0.0,17.060956785714296,210.0340103737863,771.7529796088689,733.4642944431828,0.0,0.0,0.0,0.0,0.0,839.2554433429295,23.03055096712201,0.0,0.0,0.0,-2.842170943040401e-14,0.0
2025-01-15 01:00:00+00:00,0,71.0,570.1233267800533,11.808867075320267,0.0,558.314459704733,11.808867075320123,0.0,11.808867075320123,0.0,0.0,11.808867075320267,0.0,0.0,558.3144597047333,0.0,0.0,0.0,558.3144597047333,744.419279606311,186.10481990157774,11.808867075319995,3.9362890251066647,15.745156100426659,0.23617734150639988,5.583144597047333,0.0,17.318888076171334,213.17931894140946,783.3026457214627,744.419279606311,0.0,0.0,0.0,0.0,0.0,839.2554433429295,23.031045531429164,0.0,0.0,0.0,-5.684341886080802e-14,0.0
2025-01-15 02:00:00+00:00,0,71.0,575.7849346703858,11.906753354803916,0.0,563.8781813155817,11.906753354803655,0.0,11.906753354803655,0.0,0.0,11.906753354803916,0.0,0.0,563.878181315582,0.0,0.0,0.0,563.878181315582,751.8375750874426,187.95939377186065,11.90675335480364,3.968917784934547,15.875671139738188,0.2381350670960728,5.63878181315582,0.0,17.487244996784455,215.29247343383153,3672.0234971443833,751.8375750874426,0.0,0.0,0.0,2880.946089040166,0.0,3572.3608805992835,23.031302874622785,0.0,0.0,0.0,-4.547473508864641e-13,0.0
2025-01-15 03:00:00+00:00,0,71.0,569.6548721232332,11.90815767537018,0.0,557.746714447863,11.908157675370006,0.0,11.908157675370006,0.0,0.0,11.90815767537018,0.0,0.0,557.7467144478632,0.0,0.0,0.0,557.7467144478632,743.6622859304841,185.91557148262103,11.908157675370035,3.9693858917900116,15.877543567160046,0.2381631535074007,5.577467144478631,0.0,17.32506122809494,213.025648900492,782.6805210237252,743.6622859304841,0.0,0.0,0.0,0.0,0.0,3572.3608805992835,23.03130656658392,0.0,0.0,0.0,0.0,0.0
2025-01-15 04:00:00+00:00,0,71.0,575.2952966193508,12.059261910986526,0.0,563.2360347083643,12.059261910986294,0.0,12.059261910986294,0.0,0.0,12.059261910986526,0.0,0.0,563.2360347083647,0.0,0.0,0.0,563.2360347083646,750.9813796111528,187.7453449027882,12.059261910986038,4.019753970328679,16.079015881314717,0.24118523821972074,5.6323603470836465,0.0,17.502819190149424,215.14146364856964,4986.713976982568,750.9813796111528,0.0,0.0,0.0,4196.277216714648,0.0,7553.298990086366,23.03170381987384,0.0,0.0,0.0,0.0,0.0
2025-01-15 05:00:00+00:00,0,71.0,572.1730910897223,11.788486981513394,0.0,560.384604108209,11.788486981513174,0.0,11.788486981513174,0.0,0.0,11.788486981513394,0.0,0.0,560.3846041082091,0.0,0.0,0.0,560.3846041082091,747.1794721442789,186.79486803606972,11.788486981513302,3.9294956605044336,15.717982642017734,0.235769739630266,5.603846041082091,0.0,17.369391676816903,213.93337115410338,786.1064622438257,747.1794721442789,0.0,0.0,0.0,0.0,0.0,7553.298990086366,23.030991952128225,0.0,0.0,0.0,0.0,0.0
2025-01-15 06:00:00+00:00,0,71.0,578.290212283939,11.887954646276945,0.0,566.4022576376619,11.887954646276697,0.0,11.887954646276697,0.0,0.0,11.887954646276945,0.0,0.0,566.4022576376622,0.0,0.0,0.0,566.4022576376622,755.2030101835495,188.80075254588738,11.887954646276967,3.9626515487589886,15.850606195035954,0.23775909292553932,5.664022576376622,0.0,17.550115735307372,216.2153014992559,794.5055137831949,755.2030101835495,0.0,0.0,0.0,0.0,0.0,7553.298990086366,23.03125345278641,0.0,0.0,0.0,2.842170943040401e-14,0.0
2025-01-15 07:00:00+00:00,0,71.0,598.2662238148496,11.97015794251933,0.0,586.2960658723302,11.97015794251908,0.0,11.97015794251908,0.0,0.0,11.97015794251933,0.0,0.0,586.2960658723305,0.0,0.0,0.0,586.2960658723305,781.7280878297739,195.43202195744348,11.970157942519108,3.9900526475063693,15.960210590025477,0.23940315885038216,5.8629606587233045,0.0,18.094868497933078,223.6193069204566,821.885530735306,781.7280878297739,0.0,0.0,0.0,0.0,0.0,7553.298990086366,23.031469565390672,0.0,0.0,0.0,-1.7053025658242404e-13,0.0
2025-01-15 08:00:00+00:00,0,71.0,589.0316527066586,11.672887244128892,0.0,577.3587654625295,11.67288724412866,0.0,11.67288724412866,0.0,0.0,11.672887244128892,0.0,0.0,577.35876546253,0.0,0.0,0.0,577.35876546253,769.8116872833732,192.4529218208433,11.67288724412856,3.89096241470952,15.56384965883808,0.2334577448825712,5.7735876546253,0.0,17.79450328882733,220.145432923888,809.1770856305467,769.8116872833732,0.0,0.0,0.0,0.0,0.0,7553.298990086366,23.03068804022395,0.0,0.0,0.0,5.684341886080802e-14,0.0
2025-01-15 09:00:00+00:00,0,71.0,571.3004435469362,11.481351111175318,0.0,559.8190924357609,11.481351111175087,0.0,11.481351111175087,0.0,0.0,11.481351111175318,0.0,0.0,559.8190924357611,0.0,0.0,0.0,559.8190924357611,746.4254565810148,186.6063641452537,11.481351111175059,3.8271170370583527,15.30846814823341,0.22962702222350115,5.598190924357612,0.0,17.288770682005776,213.55006981089895,784.8505133578351,746.4254565810148,0.0,0.0,0.0,0.0,0.0,7553.298990086366,23.030184491407837,0.0,0.0,0.0,-5.684341886080802e-14,0.0
2025-01-15 10:00:00+00:00,0,71.0,584.1475947406028,11.599460132395288,0.0,572.5481346082074,11.599460132395052,0.0,11.599460132395052,0.0,0.0,11.599460132395288,0.0,0.0,572.5481346082076,0.0,0.0,0.0,572.5481346082078,763.3975128109437,190.84937820273592,11.599460132394938,3.8664867107983127,15.465946843193251,0.23198920264789877,5.725481346082078,0.0,17.651330197410317,218.32466565967454,0.0,763.3975128109437,0.0,0.0,0.0,0.0,802.4722604002773,6707.418956096826,23.03049500022354,0.0,0.0,0.0,-8.526512829121202e-14,0.0
2025-01-15 11:00:00+00:00,0,71.0,576.9078541419158,11.53525284384549,0.0,565.3726012980703,11.535252843845285,0.0,11.535252843845285,0.0,0.0,11.53525284384549,0.0,0.0,565.3726012980704,0.0,0.0,0.0,565.3726012980705,753.8301350640941,188.45753376602352,11.535252843845228,3.8450842812817427,15.380337125126971,0.23070505687690457,5.653726012980705,0.0,17.4474574671286,215.63450658429147,0.0,753.8301350640941,0.0,0.0,0.0,0.0,792.5423607262072,5872.005955409628,23.030326199153805,0.0,0.0,0.0,-2.842170943040401e-14,0.0
2025-01-15 12:00:00+00:00,0,71.0,570.7164437128187,11.279719895980822,0.0,559.4367238168377,11.27971989598062,0.0,11.27971989598062,0.0,0.0,11.279719895980822,0.0,0.0,559.4367238168378,0.0,0.0,0.0,559.4367238168378,745.9156317557837,186.47890793894592,11.279719895980634,3.7599066319935446,15.039626527974178,0.22559439791961267,5.594367238168378,0.0,17.23554932291725,213.29432552994473,0.0,745.9156317557837,0.0,0.0,0.0,0.0,784.0107692427633,5045.5860417736885,23.02965440260351,0.0,0.0,0.0,-5.684341886080802e-14,0.0
2025-01-15 13:00:00+00:00,0,71.0,591.9930276628162,12.107028705084435,0.0,579.8859989577318,12.107028705084176,0.0,12.107028705084176,0.0,0.0,12.107028705084435,0.0,0.0,579.8859989577321,0.0,0.0,0.0,579.8859989577321,773.1813319436428,193.2953329859107,12.107028705084076,4.035676235028025,16.1427049401121,0.2421405741016815,5.798859989577322,0.0,17.954251006656378,221.32626079127414,813.3192884540903,773.1813319436428,0.0,0.0,0.0,0.0,0.0,5045.5860417736885,23.031829398855972,0.0,0.0,0.0,-5.684341886080802e-14,0.0
2025-01-15 14:00:00+00:00,0,71.0,537.795671397821,10.829554999457542,0.0,526.9661163983635,10.829554999457244,0.0,10.829554999457244,0.0,0.0,10.829554999457542,0.0,0.0,526.9661163983637,0.0,0.0,0.0,526.9661163983637,702.6214885311516,175.6553721327879,10.829554999457287,3.609851666485762,14.439406665943048,0.21659109998914572,5.2696611639836375,0.0,16.278877987940646,201.0303540511871,738.8260254490081,702.6214885311516,0.0,0.0,0.0,0.0,0.0,5045.5860417736885,23.028470918332395,0.0,0.0,0.0,-5.684341886080802e-14,0.0
2025-01-15 15:00:00+00:00,0,71.0,580.8729642486238,11.85601520998704,0.0,569.0169490386368,11.856015209986808,0.0,11.856015209986808,0.0,0.0,11.85601520998704,0.0,0.0,569.016949038637,0.0,0.0,0.0,569.0169490386371,758.6892653848495,189.67231634621237,11.856015209986708,3.952005069995569,15.808020279982276,0.23712030419973415,5.6901694903863715,0.0,17.612579599898055,217.1641908106921,798.0371550593159,758.6892653848495,0.0,0.0,0.0,0.0,0.0,5045.5860417736885,23.03116948395461,0.0,0.0,0.0,-5.684341886080802e-14,0.0
2025-01-15 16:00:00+00:00,0,71.0,580.0261924750794,12.070692796510114,0.0,567.9554996785691,12.07069279650986,0.0,12.07069279650986,0.0,0.0,12.070692796510114,0.0,0.0,567.9554996785693,0.0,0.0,0.0,567.9554996785693,757.2739995714256,189.3184998928564,12.070692796510002,4.0235642655033335,16.094257062013334,0.2414138559302,5.679554996785693,0.0,17.63032779209624,216.89336080317187,796.9195532782512,757.2739995714256,0.0,0.0,0.0,0.0,0.0,5045.5860417736885,23.031733871691134,0.0,0.0,0.0,-2.842170943040401e-14,0.0
2025-01-15 17:00:00+00:00,0,71.0,578.4490062309502,12.146294449151942,0.0,566.3027117817984,12.146294449151654,0.0,12.146294449151654,0.0,0.0,12.146294449151942,0.0,0.0,566.3027117817987,0.0,0.0,0.0,566.3027117817987,755.0702823757316,188.7675705939329,12.146294449151583,4.04876481638386,16.19505926553544,0.2429258889830316,5.663027117817988,0.0,17.602684986001364,216.32497340311915,0.0,755.0702823757316,0.0,0.0,0.0,0.0,794.7739796340693,4207.82070821371,23.031932628563254,0.0,0.0,0.0,-5.684341886080802e-14,0.0
2025-01-15 18:00:00+00:00,0,71.0,568.8681298148831,11.87473849771225,0.0,556.9933913171709,11.874738497712002,0.0,11.874738497712002,0.0,0.0,11.87473849771225,0.0,0.0,556.9933913171711,0.0,0.0,0.0,556.9933913171711,742.6578550895615,185.66446377239038,11.874738497711974,3.958246165903991,15.832984663615964,0.23749476995423946,5.569933913171711,0.0,17.297956486866084,212.72809510828642,0.0,742.6578550895615,0.0,0.0,0.0,0.0,781.5962249231695,3383.9459477648834,23.031218707509574,0.0,0.0,0.0,0.0,0.0
2025-01-15 19:00:00+00:00,0,71.0,570.5955243584899,12.548555142632502,0.0,558.0469692158575,12.54855514263221,0.0,12.54855514263221,0.0,0.0,12.548555142632502,0.0,0.0,558.0469692158576,0.0,0.0,0.0,558.0469692158578,744.0626256211436,186.0156564052859,12.548555142632381,4.182851714210793,16.731406856843172,0.25097110285264757,5.5804696921585775,0.0,17.469870918200726,213.49981983270862,0.0,744.0626256211436,0.0,0.0,0.0,0.0,784.0953441911986,2557.4368843055954,23.032990172603892,0.0,0.0,0.0,5.684341886080802e-14,0.0
2025-01-15 20:00:00+00:00,0,71.0,582.1997269116034,13.129524810196703,0.0,569.0702021014066,13.1295248101965,0.0,13.1295248101965,0.0,0.0,13.129524810196703,0.0,0.0,569.0702021014068,0.0,0.0,0.0,569.0702021014068,758.7602694685424,189.6900673671356,13.129524810196472,4.37650827006549,17.50603308026196,0.2625904962039294,5.690702021014069,0.0,17.886139807626265,217.90600796204535,0.0,758.7602694685424,0.0,0.0,0.0,0.0,800.1057348736488,1714.0513872510808,23.03451754283837,0.0,0.0,0.0,0.0,0.0
2025-01-15 21:00:00+00:00,0,71.0,571.6521662766245,12.969997756081668,0.0,558.6821685205429,12.969997756081398,0.0,12.969997756081398,0.0,0.0,12.969997756081668,0.0,0.0,558.682168520543,0.0,0.0,0.0,558.682168520543,744.9095580273906,186.22738950684766,12.969997756081625,4.323332585360541,17.293330341442164,0.25939995512163244,5.58682168520543,0.0,17.57676598626898,213.97370971880423,0.0,744.9095580273906,0.0,0.0,0.0,0.0,785.6258759954287,885.9290016142281,23.03409814594443,0.0,0.0,0.0,0.0,0.0
2025-01-15 22:00:00+00:00,0,71.0,581.7263103634607,13.03047233151953,0.0,568.6958380319413,13.030472331519306,0.0,13.030472331519306,0.0,0.0,13.03047233151953,0.0,0.0,568.6958380319417,0.0,0.0,0.0,568.6958380319417,758.2611173759221,189.56527934398054,13.03047233151915,4.3434907771730495,17.373963108692198,0.260609446630383,5.686958380319417,0.0,17.855051645092118,217.71138959319552,755.1592747640879,758.2611173759221,0.0,0.0,0.0,0.0,44.27842519256838,839.2554433429295,23.034257133705104,0.0,0.0,0.0,5.684341886080802e-14,0.0
2025-01-15 23:00:00+00:00,0,71.0,579.1522581805158,12.881631383855638,0.0,566.2706267966602,12.881631383855463,0.0,12.881631383855463,0.0,0.0,12.881631383855638,0.0,0.0,566.2706267966604,0.0,0.0,0.0,566.2706267966604,755.0275023955471,188.75687559888678,12.881631383855392,4.293877127951797,17.175508511807188,0.2576326276771078,5.6627062679666045,0.0,17.758976236841406,216.7300678593237,795.8823260398394,755.0275023955471,0.0,0.0,0.0,0.0,0.0,839.2554433429295,23.033865830603023,0.0,0.0,0.0,-5.684341886080802e-14,0.0
2025-03-21 00:00:00+00:00,1,14.0,915.5029635735168,18.039036455407032,0.0,897.4639271181097,18.039036455406844,0.0,18.039036455406844,0.0,0.0,18.039036455407032,0.0,0.0,897.4639271181098,0.0,0.0,0.0,897.46392711811,1196.6185694908131,299.1546423727033,18.039036455406972,6.013012151802323,24.052048607209294,0.3607807291081394,8.9746392711811,0.0,27.63773615915035,342.1408106839452,1257.643774257462,1196.6185694908131,0.0,0.0,0.0,0.0,0.0,4820.193552830012,23.047424657222084,0.0,0.0,0.0,-5.684341886080802e-14,0.0
2025-03-21 01:00:00+00:00,1,14.0,750.6454953112176,14.889420547574556,0.0,735.756074763643,14.889420547574389,0.0,14.889420547574389,0.0,0.0,14.889420547574556,0.0,0.0,735.7560747636434,0.0,0.0,0.0,735.7560747636434,981.0080996848578,245.25202492121446,14.889420547574218,4.963140182524739,19.852560730098958,0.29778841095148434,7.357560747636434,0.0,22.67940515225318,280.5499194145803,1031.195414725798,981.0080996848578,0.0,0.0,0.0,0.0,0.0,4820.193552830012,23.0391443116959,0.0,0.0,0.0,5.684341886080802e-14,0.0
2025-03-21 02:00:00+00:00,1,14.0,898.4313048391631,17.533248782501058,0.0,880.898056056662,17.53324878250082,0.0,17.53324878250082,0.0,0.0,17.533248782501058,0.0,0.0,880.8980560566624,0.0,0.0,0.0,880.8980560566624,1174.5307414088832,293.6326853522208,17.53324878250055,5.844416260833516,23.377665043334066,0.350664975650011,8.808980560566624,0.0,27.090653750321962,335.7274008995929,1234.158705738756,1174.5307414088832,0.0,0.0,0.0,0.0,0.0,4820.193552830012,23.046094940578183,0.0,0.0,0.0,0.0,0.0
2025-03-21 03:00:00+00:00,1,14.0,703.4755760150506,13.802400810347567,0.0,689.6731752047032,13.802400810347294,0.0,13.802400810347294,0.0,0.0,13.802400810347567,0.0,0.0,689.6731752047034,0.0,0.0,0.0,689.6731752047034,919.5642336062712,229.8910584015678,13.802400810347308,4.600800270115769,18.403201080463077,0.27604801620694613,6.896731752047034,0.0,21.225912196095848,262.89055063603337,966.3661266510838,919.5642336062712,0.0,0.0,0.0,0.0,0.0,4820.193552830012,23.036286534976004,0.0,0.0,0.0,-1.1368683772161603e-13,0.0
2025-03-21 04:00:00+00:00,1,14.0,605.9455296315302,11.897430369475178,0.0,594.0480992620553,11.897430369474947,0.0,11.897430369474947,0.0,0.0,11.897430369475178,0.0,0.0,594.0480992620555,0.0,0.0,0.0,594.0480992620555,792.0641323494074,198.01603308735184,11.897430369474932,3.9658101231583105,15.863240492633242,0.23794860738949863,5.9404809926205555,0.0,18.28475550040126,226.4450283109215,832.3905579424518,792.0641323494074,0.0,0.0,0.0,0.0,0.0,4820.193552830012,23.031278364478656,0.0,0.0,0.0,5.684341886080802e-14,0.0
2025-03-21 05:00:00+00:00,1,14.0,927.4105419630434,18.00147341076661,0.0,909.4090685522771,18.001473410766337,0.0,18.001473410766337,0.0,0.0,18.00147341076661,0.0,0.0,909.4090685522773,0.0,0.0,0.0,909.4090685522773,1212.5454247363696,303.1363561840924,18.001473410766266,6.000491136922088,24.001964547688353,0.3600294682153253,9.094090685522772,0.0,27.946255184516104,346.53722265926865,4154.893853662478,1212.5454247363696,0.0,0.0,0.0,2880.946089040166,0.0,7553.298990086366,23.047325903914462,0.0,0.0,0.0,4.547473508864641e-13,0.0
2025-03-21 06:00:00+00:00,1,14.0,727.1901936987774,14.202570822040789,0.0,712.9876228767364,14.202570822040542,0.0,14.202570822040542,0.0,0.0,14.202570822040789,0.0,0.0,712.9876228767366,0.0,0.0,0.0,712.9876228767366,950.6501638356488,237.6625409589122,14.20257082204057,4.734190274013523,18.93676109605409,0.2840514164408114,7.129876228767366,0.0,21.929261390903577,271.7399202690375,998.9301139678147,950.6501638356488,0.0,0.0,0.0,0.0,0.0,7553.298990086366,23.0373385826107,0.0,0.0,0.0,-2.2737367544323206e-13,0.0
2025-03-21 07:00:00+00:00,1,14.0,494.2295988294245,9.893933904198228,0.0,484.3356649252262,9.893933904197972,0.0,9.893933904197972,0.0,0.0,9.893933904198228,0.0,0.0,484.33566492522635,0.0,0.0,0.0,484.3356649252264,645.7808865669685,161.44522164174214,9.89393390419798,3.297977968065993,13.191911872263972,0.19787867808395956,4.843356649252264,0.0,14.949228795845599,184.73366373298995,678.9632625624145,645.7808865669685,0.0,0.0,0.0,0.0,0.0,7553.298990086366,23.026011168897213,0.0,0.0,0.0,0.0,0.0
2025-03-21 08:00:00+00:00,1,14.0,489.36310959087996,9.702818287058113,0.0,479.66029130382174,9.702818287057816,0.0,9.702818287057816,0.0,0.0,9.702818287058113,0.0,0.0,479.6602913038219,0.0,0.0,0.0,479.6602913038219,639.5470550717625,159.88676376794064,9.702818287057994,3.2342727623526644,12.937091049410657,0.19405636574115986,4.796602913038219,0.0,14.784489987495533,182.8961857965682,672.2592953874482,639.5470550717625,0.0,0.0,0.0,0.0,0.0,7553.298990086366,23.02550872561788,0.0,0.0,0.0,5.684341886080802e-14,0.0
2025-03-21 09:00:00+00:00,1,14.0,491.26853700570535,9.780319937438257,0.0,481.4882170682671,9.780319937438087,0.0,9.780319937438087,0.0,0.0,9.780319937438257,0.0,0.0,481.4882170682673,0.0,0.0,0.0,481.4882170682673,641.9842894243563,160.4960723560891,9.780319937438037,3.260106645812679,13.040426583250715,0.19560639874876073,4.814882170682673,0.0,14.849492122939594,183.61615969427277,674.8846966999781,641.9842894243563,0.0,0.0,0.0,0.0,0.0,7553.298990086366,23.025712477587255,0.0,0.0,0.0,0.0,0.0
2025-03-21 10:00:00+00:00,1,14.0,512.5074368524768,10.21523494549486,0.0,502.29220190698175,10.215234945494636,0.0,10.215234945494636,0.0,0.0,10.21523494549486,0.0,0.0,502.2922019069819,0.0,0.0,0.0,502.2922019069819,669.7229358759758,167.43073396899396,10.215234945494728,3.4050783151649093,13.620313260659637,0.20430469890989456,5.022922019069819,0.0,15.49373905838722,191.5567780605258,0.0,669.7229358759758,0.0,0.0,0.0,0.0,704.0642149130025,6811.150144038574,23.026855869875906,0.0,0.0,0.0,-5.684341886080802e-14,0.0
2025-03-21 11:00:00+00:00,1,14.0,497.74354240921554,9.982614227763142,0.0,487.7609281814523,9.98261422776288,0.0,9.98261422776288,0.0,0.0,9.982614227763142,0.0,0.0,487.7609281814524,0.0,0.0,0.0,487.76092818145247,650.3479042419366,162.58697606048415,9.982614227763008,3.3275380759210025,13.31015230368401,0.19965228455526013,4.877609281814525,0.0,15.058949257281412,186.05072496005636,0.0,650.3479042419366,0.0,0.0,0.0,0.0,683.7942673692718,6090.367698754223,23.026244309617216,0.0,0.0,0.0,-1.1368683772161603e-13,0.0
2025-03-21 12:00:00+00:00,1,14.0,527.8558874000137,10.72036217822808,0.0,517.1355252217855,10.720362178227901,0.0,10.720362178227901,0.0,0.0,10.72036217822808,0.0,0.0,517.1355252217859,0.0,0.0,0.0,517.1355252217859,689.5140336290478,172.37850840726196,10.720362178227788,3.5734540594092623,14.29381623763705,0.21440724356455573,5.171355252217859,0.0,15.995032815864619,197.33275777831827,0.0,689.5140336290478,0.0,0.0,0.0,0.0,725.188645178332,5325.951748069152,23.02818385022148,0.0,0.0,0.0,2.842170943040401e-14,0.0
2025-03-21 13:00:00+00:00,1,14.0,513.6330421951938,10.575748430103047,0.0,503.0572937650907,10.575748430102792,0.0,10.575748430102792,0.0,0.0,10.575748430103047,0.0,0.0,503.0572937650909,0.0,0.0,0.0,503.0572937650909,670.7430583534544,167.6857645883636,10.575748430102863,3.525249476700954,14.100997906803816,0.21151496860205724,5.030572937650909,0.0,15.59105572428787,192.0441576956054,705.6771998907992,670.7430583534544,0.0,0.0,0.0,0.0,0.0,5325.951748069152,23.027803660434106,0.0,0.0,0.0,5.684341886080802e-14,0.0
2025-03-21 14:00:00+00:00,1,14.0,503.01634301873224,10.32223319696833,0.0,492.6941098217639,10.322233196968092,0.0,10.322233196968092,0.0,0.0,10.32223319696833,0.0,0.0,492.69410982176396,0.0,0.0,0.0,492.69410982176396,656.9254797623519,164.23136994058797,10.322233196968284,3.4407443989894277,13.762977595957711,0.20644466393936567,4.92694109821764,0.0,15.262255144468824,188.0677552462032,691.0840982649354,656.9254797623519,0.0,0.0,0.0,0.0,0.0,5325.951748069152,23.027137168459234,0.0,0.0,0.0,-5.684341886080802e-14,0.0
2025-03-21 15:00:00+00:00,1,14.0,495.4748282676501,10.084216122318969,0.0,485.3906121453311,10.084216122318843,0.0,10.084216122318843,0.0,0.0,10.084216122318969,0.0,0.0,485.39061214533126,0.0,0.0,0.0,485.39061214533126,647.1874828604416,161.7968707151104,10.084216122318765,3.361405374106255,13.44562149642502,0.20168432244637527,4.853906121453313,0.0,15.01784820719081,185.23171474030715,1066.5809421489444,647.1874828604416,0.0,0.0,0.0,385.87439914098735,0.0,5692.024345679484,23.02651142116912,0.0,0.0,0.0,-2.2737367544323206e-13,0.0
2025-03-21 16:00:00+00:00,1,14.0,485.6467203805004,9.816145547046109,0.0,475.8305748334543,9.816145547045942,0.0,9.816145547045942,0.0,0.0,9.816145547046109,0.0,0.0,475.83057483345453,0.0,0.0,0.0,475.83057483345453,634.440766444606,158.6101916111515,9.816145547045892,3.2720485156819636,13.088194062727855,0.1963229109409178,4.7583057483345454,0.0,14.707220536490254,181.54408932259918,667.1908097030996,634.440766444606,0.0,0.0,0.0,0.0,0.0,5692.024345679484,23.02580666317525,0.0,0.0,0.0,0.0,0.0
2025-03-21 17:00:00+00:00,1,14.0,521.6046199380976,10.656351065487884,0.0,510.94826887260996,10.656351065487705,0.0,10.656351065487705,0.0,0.0,10.656351065487884,0.0,0.0,510.94826887261024,0.0,0.0,0.0,510.94826887261024,681.2643584968137,170.3160896242034,10.65635106548757,3.55211702182919,14.20846808731676,0.2131270213097514,5.109482688726103,0.0,15.817391347818884,195.00820770388736,0.0,681.2643584968137,0.0,0.0,0.0,0.0,716.612827641985,4936.648100398704,23.028015564898283,0.0,0.0,0.0,0.0,0.0
2025-03-21 18:00:00+00:00,1,14.0,681.1278341518237,14.211892897082919,0.0,666.9159412547408,14.211892897082777,0.0,14.211892897082777,0.0,0.0,14.211892897082919,0.0,0.0,666.915941254741,0.0,0.0,0.0,666.915941254741,889.2212550063214,222.30531375158034,14.211892897082635,4.737297632360878,18.949190529443513,0.2842378579416527,6.66915941254741,0.0,20.71035395535722,254.7063626097875,0.0,889.2212550063214,0.0,0.0,0.0,0.0,935.8341967616111,3950.192242385083,23.037363090361687,0.0,0.0,0.0,-5.684341886080802e-14,0.0
2025-03-21 19:00:00+00:00,1,14.0,680.8959867396809,14.585748450845015,0.0,666.3102382888358,14.585748450844775,0.0,14.585748450844775,0.0,0.0,14.585748450845015,0.0,0.0,666.310238288836,0.0,0.0,0.0,666.310238288836,888.4136510517812,222.1034127629453,14.58574845084479,4.861916150281596,19.447664601126384,0.29171496901689575,6.66310238288836,0.0,20.774195758599674,254.69434202373185,0.0,888.4136510517812,0.0,0.0,0.0,0.0,935.5903287634128,2963.993443812373,23.038345957242164,0.0,0.0,0.0,5.684341886080802e-14,0.0
2025-03-21 20:00:00+00:00,1,14.0,593.2245998899891,13.1579536313555,0.0,580.0666462586337,13.157953631355198,0.0,13.157953631355198,0.0,0.0,13.1579536313555,0.0,0.0,580.0666462586339,0.0,0.0,0.0,580.0666462586339,773.4221950115118,193.35554875287795,13.157953631355213,4.385984543785071,17.543938175140283,0.26315907262710425,5.8006664625863396,0.0,18.183620816874395,221.98897964875087,0.0,773.4221950115118,0.0,0.0,0.0,0.0,815.21357953874,2104.6828801986208,23.034592282257076,0.0,0.0,0.0,-2.842170943040401e-14,0.0
2025-03-21 21:00:00+00:00,1,14.0,873.6079252000941,19.232342984804315,0.0,854.3755822152897,19.23234298480405,0.0,19.23234298480405,0.0,0.0,19.232342984804315,0.0,0.0,854.3755822152903,0.0,0.0,0.0,854.3755822152903,1139.1674429537202,284.79186073843005,19.232342984803836,6.410780994934612,25.643123979738448,0.3846468596960767,8.543755822152903,0.0,26.750904624557805,326.8819490397714,0.0,1139.1674429537202,0.0,0.0,0.0,0.0,1200.4898742398655,839.2554433429295,23.050561862097602,0.0,0.0,0.0,-5.684341886080802e-14,0.0
2025-03-21 22:00:00+00:00,1,14.0,809.0874576273558,17.606968324513993,0.0,791.4804893028416,17.606968324513787,0.0,17.606968324513787,0.0,0.0,17.606968324513993,0.0,0.0,791.4804893028419,0.0,0.0,0.0,791.4804893028419,1055.3073190704558,263.82682976761396,17.606968324513787,5.868989441504596,23.475957766018382,0.3521393664902757,7.9148048930284185,0.0,24.736842097473897,302.69960556611113,1111.787063193467,1055.3073190704558,0.0,0.0,0.0,0.0,0.0,839.2554433429295,23.046288749378288,0.0,0.0,0.0,1.1368683772161603e-13,0.0
2025-03-21 23:00:00+00:00,1,14.0,636.1229957107648,14.20875896463437,0.0,621.9142367461307,14.208758964634242,0.0,14.208758964634242,0.0,0.0,14.20875896463437,0.0,0.0,621.9142367461309,0.0,0.0,0.0,621.9142367461309,829.2189823281744,207.3047455820436,14.208758964634058,4.736252988211352,18.94501195284541,0.2841751792926811,6.219142367461309,0.0,19.517139064514794,238.06145518152374,5070.461667606936,829.2189823281744,0.0,0.0,0.0,4196.277216714648,0.0,4820.193552830012,23.037354851248,0.0,0.0,0.0,9.094947017729282e-13,0.0
2025-03-23 00:00:00+00:00,2,1.0,609.5368301887385,12.825199266453524,0.0,596.711630922285,12.825199266453438,0.0,12.825199266453438,0.0,0.0,12.825199266453524,0.0,0.0,596.7116309222853,0.0,0.0,0.0,596.7116309222853,795.6155078963803,198.90387697409508,12.825199266453296,4.275066422151099,17.100265688604395,0.25650398532906593,5.9671163092228525,0.0,18.55360330268165,227.95616699347977,837.4929971822182,795.6155078963803,0.0,0.0,0.0,0.0,0.0,4820.193552830012,23.033717470471334,0.0,0.0,0.0,0.0,0.0
2025-03-23 01:00:00+00:00,2,1.0,738.0288590039489,15.274125030922706,0.0,722.7547339730261,15.274125030922548,0.0,15.274125030922548,0.0,0.0,15.274125030922706,0.0,0.0,722.7547339730263,0.0,0.0,0.0,722.7547339730264,963.6729786307019,240.91824465767547,15.274125030922391,5.0913750103074635,20.365500041229854,0.3054825006184478,7.227547339730265,0.0,22.41708096939334,275.959730477725,1013.9885894816739,963.6729786307019,0.0,0.0,0.0,0.0,0.0,4820.193552830012,23.04015570043053,0.0,0.0,0.0,0.0,0.0
2025-03-23 02:00:00+00:00,2,1.0,953.5323306340813,19.899331020646596,0.0,933.6329996134348,19.899331020646372,0.0,19.899331020646372,0.0,0.0,19.899331020646596,0.0,0.0,933.6329996134352,0.0,0.0,0.0,933.6329996134352,1244.8439994845803,311.2109998711451,19.899331020646173,6.63311034021539,26.53244136086156,0.39798662041292343,9.336329996134353,0.0,28.99376152886815,356.5721883567759,1310.104518990857,1244.8439994845803,0.0,0.0,0.0,0.0,0.0,4820.193552830012,23.05231537476715,0.0,0.0,0.0,-1.1368683772161603e-13,0.0
2025-03-23 03:00:00+00:00,2,1.0,1013.3144354950012,20.848291451913717,0.0,992.4661440430872,20.848291451913468,0.0,20.848291451913468,0.0,0.0,20.848291451913717,0.0,0.0,992.4661440430872,0.0,0.0,0.0,992.4661440430873,1323.2881920574496,330.8220480143624,20.848291451913497,6.949430483971165,27.79772193588466,0.4169658290382699,9.924661440430873,0.0,30.755632700415717,378.86873846821845,1392.1831739632194,1323.2881920574496,0.0,0.0,0.0,0.0,0.0,4820.193552830012,23.054810193339165,0.0,0.0,0.0,-3.410605131648481e-13,0.0
2025-03-23 04:00:00+00:00,2,1.0,922.6250794854585,19.00025140256081,0.0,903.6248280828979,19.000251402560636,0.0,19.000251402560636,0.0,0.0,19.00025140256081,0.0,0.0,903.624828082898,0.0,0.0,0.0,903.6248280828981,1204.8331041105307,301.2082760276327,19.000251402560593,6.333417134186864,25.333668536747457,0.38000502805121184,9.036248280828982,0.0,28.006411668924002,344.96435813962376,1267.5894376250822,1204.8331041105307,0.0,0.0,0.0,0.0,0.0,4820.193552830012,23.049951692937,0.0,0.0,0.0,-1.1368683772161603e-13,0.0
2025-03-23 05:00:00+00:00,2,1.0,983.865096716541,20.158695425139108,0.0,963.7064012914018,20.15869542513893,0.0,20.15869542513893,0.0,0.0,20.158695425139108,0.0,0.0,963.7064012914024,0.0,0.0,0.0,963.7064012914025,1284.9418683885365,321.2354670971341,20.158695425138376,6.719565141712792,26.878260566851168,0.4031739085027675,9.637064012914024,0.0,29.846132846574335,367.84140300683805,4232.652588763545,1284.9418683885365,0.0,0.0,0.0,2880.946089040166,0.0,7553.298990086366,23.052997244223377,0.0,0.0,0.0,4.547473508864641e-13,0.0
2025-03-23 06:00:00+00:00,2,1.0,928.1892457050074,19.133554283249126,0.0,909.0556914217582,19.133554283248912,0.0,19.133554283248912,0.0,0.0,19.133554283249126,0.0,0.0,909.0556914217585,0.0,0.0,0.0,909.0556914217586,1212.0742552290114,303.01856380725286,19.133554283248714,6.377851427749571,25.511405710998282,0.3826710856649742,9.090556914217586,0.0,28.17881637300688,347.0484596078919,1275.2377053128992,1212.0742552290114,0.0,0.0,0.0,0.0,0.0,7553.298990086366,23.050302146434834,0.0,0.0,0.0,-1.1368683772161603e-13,0.0
2025-03-23 07:00:00+00:00,2,1.0,884.9125626527859,18.435613882794744,0.0,866.4769487699912,18.43561388279454,0.0,18.43561388279454,0.0,0.0,18.435613882794744,0.0,0.0,866.4769487699916,0.0,0.0,0.0,866.4769487699916,1155.3025983599887,288.82564958999717,18.435613882794314,6.145204627598105,24.58081851039242,0.36871227765588627,8.664769487699916,0.0,26.90132982915796,330.9056658121091,1215.818228464895,1155.3025983599887,0.0,0.0,0.0,0.0,0.0,7553.298990086366,23.04846725994659,0.0,0.0,0.0,-1.1368683772161603e-13,0.0
2025-03-23 08:00:00+00:00,2,1.0,505.16401343097556,10.715239128774257,0.0,494.44877430220123,10.715239128774044,0.0,10.715239128774044,0.0,0.0,10.715239128774257,0.0,0.0,494.4487743022015,0.0,0.0,0.0,494.4487743022015,659.2650324029353,164.81625810073382,10.71523912877393,3.571746376257977,14.286985505031907,0.2143047825754786,4.944487743022015,0.0,15.392739120827343,188.93953612341664,694.1035495543922,659.2650324029353,0.0,0.0,0.0,0.0,0.0,7553.298990086366,23.02817038171584,0.0,0.0,0.0,0.0,0.0
2025-03-23 09:00:00+00:00,2,1.0,816.8387225691687,17.06713620769674,0.0,799.771586361472,17.06713620769652,0.0,17.06713620769652,0.0,0.0,17.06713620769674,0.0,0.0,799.7715863614726,0.0,0.0,0.0,799.7715863614726,1066.36211514863,266.5905287871575,17.06713620769608,5.68904540256536,22.75618161026144,0.3413427241539216,7.997715863614726,0.0,24.84119404616375,305.45982682365525,1122.298549392824,1066.36211514863,0.0,0.0,0.0,0.0,0.0,7553.298990086366,23.044869529834006,0.0,0.0,0.0,1.1368683772161603e-13,0.0
2025-03-23 10:00:00+00:00,2,1.0,519.9884657055178,11.471896188877096,0.0,508.51656951664074,11.471896188876876,0.0,11.471896188876876,0.0,0.0,11.471896188877096,0.0,0.0,508.51656951664097,0.0,0.0,0.0,508.51656951664097,678.0220926888546,169.50552317221366,11.471896188876826,3.8239653962922753,15.295861585169101,0.2294379237775365,5.08516569516641,0.0,15.927233307753966,194.57132549520384,0.0,678.0220926888546,0.0,0.0,0.0,0.0,714.5597912007215,6800.086835230158,23.03015963440119,0.0,0.0,0.0,-1.1368683772161603e-13,0.0
2025-03-23 11:00:00+00:00,2,1.0,535.7917672916305,11.4005132135942,0.0,524.3912540780364,11.40051321359391,0.0,11.40051321359391,0.0,0.0,11.4005132135942,0.0,0.0,524.3912540780366,0.0,0.0,0.0,524.3912540780366,699.1883387707154,174.79708469267885,11.400513213593968,3.800171071197989,15.200684284791956,0.22801026427187934,5.243912540780366,0.0,16.332657906812983,200.40183647574207,0.0,699.1883387707154,0.0,0.0,0.0,0.0,736.1936037673727,6024.070639646019,23.02997196843895,0.0,0.0,0.0,5.684341886080802e-14,0.0
2025-03-23 12:00:00+00:00,2,1.0,741.6230495832683,15.346707920327008,0.0,726.2763416629414,15.346707920326708,0.0,15.346707920326708,0.0,0.0,15.346707920327008,0.0,0.0,726.2763416629416,0.0,0.0,0.0,726.2763416629416,968.3684555505888,242.0921138876472,15.346707920326821,5.1155693067756065,20.462277227102426,0.3069341584065364,7.262763416629416,0.0,22.525914536641764,277.3032953061005,0.0,968.3684555505888,0.0,0.0,0.0,0.0,1018.9263448893687,4950.027967045795,23.040346520969017,0.0,0.0,0.0,-1.1368683772161603e-13,0.0
2025-03-23 13:00:00+00:00,2,1.0,955.0499351924773,19.677494600821458,0.0,935.3724405916557,19.677494600821262,0.0,19.677494600821262,0.0,0.0,19.677494600821458,0.0,0.0,935.3724405916563,0.0,0.0,0.0,935.3724405916564,1247.1632541222084,311.7908135305521,19.67749460082075,6.55916486694025,26.236659467761,0.393549892016415,9.353724405916564,0.0,28.992450271874375,357.08970296729973,1312.1396381597767,1247.1632541222084,0.0,0.0,0.0,0.0,0.0,4950.027967045795,23.05173216644582,0.0,0.0,0.0,-2.8421709430404007e-13,0.0
2025-03-23 14:00:00+00:00,2,1.0,595.9480188357576,12.398129212183175,0.0,583.5498896235745,12.398129212182937,0.0,12.398129212182937,0.0,0.0,12.398129212183175,0.0,0.0,583.5498896235747,0.0,0.0,0.0,583.5498896235747,778.0665194980995,194.51662987452488,12.398129212182994,4.132709737394331,16.530838949577323,0.24796258424365983,5.835498896235747,0.0,18.113552287668213,222.84635338006683,818.7943722158244,778.0665194980995,0.0,0.0,0.0,0.0,0.0,4950.027967045795,23.032594702579395,0.0,0.0,0.0,0.0,0.0
2025-03-23 15:00:00+00:00,2,1.0,532.39653530892,10.477910441514501,0.0,521.9186248674054,10.477910441514268,0.0,10.477910441514268,0.0,0.0,10.477910441514501,0.0,0.0,521.9186248674055,0.0,0.0,0.0,521.9186248674055,695.8914998232073,173.9728749558018,10.477910441514382,3.492636813838127,13.970547255352509,0.2095582088302876,5.219186248674055,0.0,16.06997302033784,198.9642292474821,1877.2483000733916,695.8914998232073,0.0,0.0,0.0,1145.8875355169896,0.0,6037.112333435028,23.027546444197334,0.0,0.0,0.0,0.0,0.0
2025-03-23 16:00:00+00:00,2,1.0,514.486586574087,10.155848444647825,0.0,504.33073812943906,10.15584844464761,0.0,10.15584844464761,0.0,0.0,10.155848444647825,0.0,0.0,504.3307381294393,0.0,0.0,0.0,504.3307381294393,672.4409841725857,168.11024604314642,10.155848444647631,3.385282814882544,13.541131259530175,0.2031169688929526,5.043307381294393,0.0,15.535069373051329,192.27702258126763,706.7636091553546,672.4409841725857,0.0,0.0,0.0,0.0,0.0,6037.112333435028,23.026699742665162,0.0,0.0,0.0,-2.842170943040401e-14,0.0
2025-03-23 17:00:00+00:00,2,1.0,539.0052674774,10.48174558533913,0.0,528.5235218920608,10.48174558533887,0.0,10.48174558533887,0.0,0.0,10.48174558533913,0.0,0.0,528.523521892061,0.0,0.0,0.0,528.523521892061,704.6980291894147,176.17450729735367,10.4817455853389,3.493915195112966,13.975660780451864,0.20963491170677795,5.285235218920611,0.0,16.245822361726525,201.40911498482052,0.0,704.6980291894147,0.0,0.0,0.0,0.0,740.4143824622205,5256.647046459146,23.027556526796907,0.0,0.0,0.0,-5.684341886080802e-14,0.0
2025-03-23 18:00:00+00:00,2,1.0,829.8091881425312,16.3264410302211,0.0,813.4827471123098,16.326441030220835,0.0,16.326441030220835,0.0,0.0,16.3264410302211,0.0,0.0,813.4827471123103,0.0,0.0,0.0,813.4827471123103,1084.6436628164138,271.16091570410345,16.326441030220394,5.442147010073464,21.768588040293857,0.32652882060440785,8.134827471123103,0.0,25.046253246634393,310.11067225253885,0.0,1084.6436628164138,0.0,0.0,0.0,0.0,1139.9198603950701,4055.0660101559492,23.042922240964966,0.0,0.0,0.0,1.1368683772161603e-13,0.0
2025-03-23 19:00:00+00:00,2,1.0,857.4538524440352,16.779736690781892,0.0,840.6741157532534,16.77973669078169,0.0,16.77973669078169,0.0,0.0,16.779736690781892,0.0,0.0,840.6741157532537,0.0,0.0,0.0,840.6741157532537,1120.898821004338,280.2247052510845,16.779736690781647,5.593245563593882,22.37298225437553,0.33559473381563293,8.406741157532537,0.0,25.86369379828126,320.4239805043078,0.0,1120.898821004338,0.0,0.0,0.0,0.0,1177.8778329483432,2813.4737576425864,23.04411395602001,0.0,0.0,0.0,2.2737367544323206e-13,0.0
2025-03-23 20:00:00+00:00,2,1.0,655.4357999894161,12.674411277494668,0.0,642.7613887119214,12.674411277494542,0.0,12.674411277494542,0.0,0.0,12.674411277494668,0.0,0.0,642.7613887119217,0.0,0.0,0.0,642.7613887119217,857.0151849492288,214.2537962373072,12.674411277494414,4.224803759164804,16.899215036659218,0.25348822554988826,6.427613887119216,0.0,19.741698490866497,244.9014006000076,0.0,857.0151849492288,0.0,0.0,0.0,0.0,900.3372005894237,1864.4350189617624,23.033321048594406,0.0,0.0,0.0,0.0,0.0
2025-03-23 21:00:00+00:00,2,1.0,707.9987315604607,13.846239568268896,0.0,694.1524919921919,13.846239568268658,0.0,13.846239568268658,0.0,0.0,13.846239568268896,0.0,0.0,694.1524919921922,0.0,0.0,0.0,694.1524919921922,925.5366559895895,231.38416399739737,13.84623956826863,4.615413189422876,18.461652757691503,0.2769247913653725,6.941524919921922,0.0,21.353982433532096,264.57200933163966,0.0,925.5366559895895,0.0,0.0,0.0,0.0,972.5707408921004,839.2554433429295,23.03640178714441,0.0,0.0,0.0,5.684341886080802e-14,0.0
2025-03-23 22:00:00+00:00,2,1.0,885.5152876386521,17.51919394970173,0.0,867.9960936889504,17.519193949701673,0.0,17.519193949701673,0.0,0.0,17.51919394970173,0.0,0.0,867.9960936889506,0.0,0.0,0.0,867.9960936889506,1157.3281249186007,289.33203122965017,17.51919394970139,5.839731316567129,23.358925266268518,0.35038387899402773,8.679960936889506,0.0,26.745748229808427,330.9478555919093,1216.4631432305614,1157.3281249186007,0.0,0.0,0.0,0.0,0.0,839.2554433429295,23.04605799039908,0.0,0.0,0.0,0.0,0.0
2025-03-23 23:00:00+00:00,2,1.0,920.9492466733144,18.401505701438587,0.0,902.5477409718759,18.40150570143841,0.0,18.40150570143841,0.0,0.0,18.401505701438587,0.0,0.0,902.547740971876,0.0,0.0,0.0,902.5477409718761,1203.3969879625015,300.8492469906254,18.401505701438396,6.133835233812798,24.53534093525119,0.36803011402876784,9.02547740971876,0.0,27.849916904152096,344.2265066523378,5461.4529700403,1203.3969879625015,0.0,0.0,0.0,4196.277216714648,0.0,4820.193552830012,23.04837758948036,0.0,0.0,0.0,0.0,0.0
2025-04-12 00:00:00+00:00,3,40.0,618.5626669916699,11.429627775808676,0.0,607.1330392158612,11.429627775808484,0.0,11.429627775808484,0.0,0.0,11.429627775808676,0.0,0.0,607.1330392158613,0.0,0.0,0.0,607.1330392158613,809.5107189544817,202.37767973862043,11.429627775808513,3.809875925269504,15.239503701078016,0.22859255551617022,6.071330392158614,0.0,18.531536994910596,231.0190156064753,849.5816825981451,809.5107189544817,0.0,0.0,0.0,0.0,0.0,4820.193552830012,23.030048510672046,0.0,0.0,0.0,-5.684341886080802e-14,0.0
2025-04-12 01:00:00+00:00,3,40.0,614.0524084586285,11.653259605147861,0.0,602.3991488534807,11.653259605147625,0.0,11.653259605147625,0.0,0.0,11.653259605147861,0.0,0.0,602.399148853481,0.0,0.0,0.0,602.399148853481,803.1988651379747,200.79971628449368,11.653259605147582,3.884419868382527,15.537679473530108,0.23306519210295162,6.0239914885348105,0.0,18.453879022237288,229.39507185575127,843.4474803143797,803.1988651379747,0.0,0.0,0.0,0.0,0.0,4820.193552830012,23.030636439128013,0.0,0.0,0.0,-5.684341886080802e-14,0.0
2025-04-12 02:00:00+00:00,3,40.0,608.2662673333386,11.598744014184465,0.0,596.6675233191543,11.598744014184206,0.0,11.598744014184206,0.0,0.0,11.598744014184465,0.0,0.0,596.6675233191546,0.0,0.0,0.0,596.6675233191546,795.5566977588728,198.8891744397182,11.598744014184149,3.8662480047280496,15.464992018912199,0.23197488028368296,5.9666752331915465,0.0,18.29034096378875,227.24441352171021,835.5106808550488,795.5566977588728,0.0,0.0,0.0,0.0,0.0,4820.193552830012,23.030493117547557,0.0,0.0,0.0,-5.684341886080802e-14,0.0
2025-04-12 03:00:00+00:00,3,40.0,612.7250371221548,11.533525402600866,0.0,601.1915117195539,11.533525402600588,0.0,11.533525402600588,0.0,0.0,11.533525402600866,0.0,0.0,601.1915117195541,0.0,0.0,0.0,601.1915117195541,801.5886822927388,200.3971705731847,11.53352540260073,3.8445084675335766,15.378033870134306,0.23067050805201458,6.011915117195541,0.0,18.396289439103924,228.88055410506976,841.6055912272245,801.5886822927388,0.0,0.0,0.0,0.0,0.0,4820.193552830012,23.030321657707866,0.0,0.0,0.0,-8.526512829121202e-14,0.0
2025-04-12 04:00:00+00:00,3,40.0,622.106279359475,11.730403673041048,0.0,610.3758756864338,11.730403673040868,0.0,11.730403673040868,0.0,0.0,11.730403673041048,0.0,0.0,610.375875686434,0.0,0.0,0.0,610.375875686434,813.8345009152454,203.45862522881134,11.730403673040769,3.910134557680256,15.640538230721024,0.23460807346081536,6.10375875686434,0.0,18.681747970619327,232.38887458743608,854.495153946911,813.8345009152454,0.0,0.0,0.0,0.0,0.0,4820.193552830012,23.030839251012427,0.0,0.0,0.0,-5.684341886080802e-14,0.0
2025-04-12 05:00:00+00:00,3,40.0,621.7763349223127,11.643329392321904,0.0,610.1330055299907,11.643329392321718,0.0,11.643329392321718,0.0,0.0,11.643329392321904,0.0,0.0,610.1330055299908,0.0,0.0,0.0,610.1330055299908,813.5106740399876,203.3776685099969,11.643329392321789,3.881109797440596,15.524439189762385,0.23286658784643577,6.101330055299908,0.0,18.656704137683903,232.24967908826775,3734.9721030507462,813.5106740399876,0.0,0.0,0.0,2880.946089040166,0.0,7553.298990086366,23.03061033258177,0.0,0.0,0.0,-4.547473508864641e-13,0.0
2025-04-12 06:00:00+00:00,3,40.0,611.6260463844991,11.524540678486177,0.0,600.101505706013,11.524540678485906,0.0,11.524540678485906,0.0,0.0,11.524540678486177,0.0,0.0,600.1015057060131,0.0,0.0,0.0,600.1015057060131,800.1353409413507,200.03383523533768,11.524540678486119,3.8415135594953727,15.36605423798149,0.23049081356972234,6.001015057060131,0.0,18.36548424420178,228.47233890966467,840.0983852941638,800.1353409413507,0.0,0.0,0.0,0.0,0.0,7553.298990086366,23.030298036853036,0.0,0.0,0.0,2.842170943040401e-14,0.0
2025-04-12 07:00:00+00:00,3,40.0,614.2295224662251,11.892044924603232,0.0,602.337477541622,11.89204492460297,0.0,11.89204492460297,0.0,0.0,11.892044924603232,0.0,0.0,602.3374775416223,0.0,0.0,0.0,602.3374775416223,803.1166367221631,200.77915918054077,11.892044924602942,3.964014974867647,15.856059899470589,0.23784089849205883,6.023374775416223,0.0,18.503273155240635,229.50766298455733,843.7371854507825,803.1166367221631,0.0,0.0,0.0,0.0,0.0,7553.298990086366,23.031264206135017,0.0,0.0,0.0,0.0,0.0
2025-04-12 08:00:00+00:00,3,40.0,604.9203762346744,11.730558116644973,0.0,593.1898181180297,11.730558116644787,0.0,11.730558116644787,0.0,0.0,11.730558116644973,0.0,0.0,593.18981811803,0.0,0.0,0.0,593.18981811803,790.9197574907066,197.72993937267665,11.730558116644602,3.910186038881534,15.640744155526136,0.23461116233289203,5.9318981811802995,0.0,18.226350449654774,226.03298520472615,830.9533614394005,790.9197574907066,0.0,0.0,0.0,0.0,0.0,7553.298990086366,23.030839657044922,0.0,0.0,0.0,-8.526512829121202e-14,0.0
2025-04-12 09:00:00+00:00,3,40.0,590.4405190627677,11.346789937164415,0.0,579.0937291256037,11.34678993716426,0.0,11.34678993716426,0.0,0.0,11.346789937164415,0.0,0.0,579.0937291256038,0.0,0.0,0.0,579.0937291256038,772.1249721674717,193.03124304186792,11.346789937164317,3.7822633123881055,15.129053249552422,0.22693579874328632,5.7909372912560375,0.0,17.7707928314005,220.60217227565585,811.0426913384235,772.1249721674717,0.0,0.0,0.0,0.0,0.0,7553.298990086366,23.029830729854737,0.0,0.0,0.0,-5.684341886080802e-14,0.0
2025-04-12 10:00:00+00:00,3,40.0,585.8308116452827,11.290242212026891,0.0,574.5405694332558,11.29024221202667,0.0,11.29024221202667,0.0,0.0,11.290242212026891,0.0,0.0,574.540569433256,0.0,0.0,0.0,574.540569433256,766.0540925776746,191.51352314441866,11.29024221202667,3.763414070675556,15.053656282702224,0.22580484424053335,5.74540569433256,0.0,17.638049850691374,218.88619760435867,0.0,766.0540925776746,0.0,0.0,0.0,0.0,804.7170092496413,6705.052783050482,23.029682065790116,0.0,0.0,0.0,-8.526512829121202e-14,0.0
2025-04-12 11:00:00+00:00,3,40.0,603.6369348482709,11.571567085374026,0.0,592.0653677628969,11.571567085373843,0.0,11.571567085373843,0.0,0.0,11.571567085374026,0.0,0.0,592.0653677628973,0.0,0.0,0.0,592.0653677628973,789.4204903505297,197.35512258763242,11.571567085373658,3.857189028457886,15.428756113831543,0.23143134170747315,5.920653677628973,0.0,18.162576131861158,225.5269727672879,0.0,789.4204903505297,0.0,0.0,0.0,0.0,829.1639076155589,5831.037282493615,23.030421669355945,0.0,0.0,0.0,2.842170943040401e-14,0.0
2025-04-12 12:00:00+00:00,3,40.0,587.5752134922676,11.342420877441503,0.0,576.2327926148262,11.342420877441313,0.0,11.342420877441313,0.0,0.0,11.342420877441503,0.0,0.0,576.2327926148263,0.0,0.0,0.0,576.2327926148263,768.3103901531017,192.07759753827543,11.342420877441441,3.7808069591471467,15.123227836588587,0.22684841754882878,5.762327926148263,0.0,17.694044345802098,219.54162518692175,0.0,768.3103901531017,0.0,0.0,0.0,0.0,807.1168386791894,4980.2614331266395,23.02981924358937,0.0,0.0,0.0,5.684341886080802e-14,0.0
2025-04-12 13:00:00+00:00,3,40.0,587.3429344296986,11.496777766251732,0.0,575.8461566634468,11.496777766251498,0.0,11.496777766251498,0.0,0.0,11.496777766251732,0.0,0.0,575.8461566634471,0.0,0.0,0.0,575.8461566634471,767.7948755512627,191.9487188878157,11.496777766251398,3.8322592554171324,15.32903702166853,0.22993555532502793,5.758461566634471,0.0,17.716784560229286,219.48615982542162,806.8290942551203,767.7948755512627,0.0,0.0,0.0,0.0,0.0,4980.2614331266395,23.03022504811001,0.0,0.0,0.0,0.0,0.0
2025-04-12 14:00:00+00:00,3,40.0,601.6461876718628,11.761434362513643,0.0,589.8847533093493,11.761434362513455,0.0,11.761434362513455,0.0,0.0,11.761434362513643,0.0,0.0,589.8847533093495,0.0,0.0,0.0,589.8847533093495,786.513004412466,196.6282511031165,11.761434362513455,3.920478120837818,15.681912483351272,0.23522868725026908,5.8988475330934955,0.0,18.14536448596688,224.82816993026495,826.4743576021277,786.513004412466,0.0,0.0,0.0,0.0,0.0,4980.2614331266395,23.030920830747313,0.0,0.0,0.0,0.0,0.0
2025-04-12 15:00:00+00:00,3,40.0,611.9794187319865,11.841831126912615,0.0,600.1375876050737,11.841831126912453,0.0,11.841831126912453,0.0,0.0,11.841831126912615,0.0,0.0,600.1375876050739,0.0,0.0,0.0,600.1375876050739,800.1834501400986,200.04586253502464,11.841831126912439,3.947277042304146,15.789108169216584,0.23683662253824875,6.001375876050739,0.0,18.434245383355645,228.66559745927339,1059.4992747157653,800.1834501400986,0.0,0.0,0.0,218.8542585245055,0.0,5187.884812896067,23.03113219397632,0.0,0.0,0.0,-5.684341886080802e-14,0.0
2025-04-12 16:00:00+00:00,3,40.0,601.341069378107,12.308895686450514,0.0,589.0321736916566,12.308895686450299,0.0,12.308895686450299,0.0,0.0,12.308895686450514,0.0,0.0,589.0321736916567,0.0,0.0,0.0,589.0321736916567,785.3762315888755,196.34405789721887,12.308895686450342,4.10296522881678,16.41186091526712,0.2461779137290068,5.890321736916567,0.0,18.23976361102332,224.82328638770457,826.1643557658115,785.3762315888755,0.0,0.0,0.0,0.0,0.0,5187.884812896067,23.03236010748996,0.0,0.0,0.0,-1.1368683772161603e-13,0.0
2025-04-12 17:00:00+00:00,3,40.0,601.6324184303065,11.953730436283047,0.0,589.6786879940233,11.95373043628274,0.0,11.95373043628274,0.0,0.0,11.953730436283047,0.0,0.0,589.6786879940233,0.0,0.0,0.0,589.6786879940233,786.2382506586978,196.55956266467444,11.953730436282967,3.984576812094322,15.938307248377289,0.23907460872565933,5.896786879940233,0.0,18.180997426075237,224.8609983915099,0.0,786.2382506586978,0.0,0.0,0.0,0.0,826.4934168218165,4316.68425679878,23.03142637744911,0.0,0.0,0.0,5.684341886080802e-14,0.0
2025-04-12 18:00:00+00:00,3,40.0,613.4341598466564,12.259913248161121,0.0,601.1742465984954,12.259913248160927,0.0,12.259913248160927,0.0,0.0,12.259913248161121,0.0,0.0,601.1742465984956,0.0,0.0,0.0,601.1742465984956,801.5656621313275,200.39141553283187,12.259913248160842,4.086637749386947,16.346550997547787,0.2451982649632168,6.011742465984956,0.0,18.551060995992117,229.2860550091591,0.0,801.5656621313275,0.0,0.0,0.0,0.0,842.7202148558155,3428.3791537284987,23.032231332577204,0.0,0.0,0.0,0.0,0.0
2025-04-12 19:00:00+00:00,3,40.0,603.0152505070226,11.802047614114807,0.0,591.2132028929079,11.80204761411467,0.0,11.80204761411467,0.0,0.0,11.802047614114807,0.0,0.0,591.2132028929083,0.0,0.0,0.0,591.2132028929083,788.2842705238777,197.07106763096942,11.802047614114485,3.934015871371495,15.73606348548598,0.2360409522822897,5.912132028929083,0.0,18.189247451798366,225.34250393535066,0.0,788.2842705238777,0.0,0.0,0.0,0.0,828.3577544423732,2555.213413228378,23.03102760305417,0.0,0.0,0.0,-8.526512829121202e-14,0.0
2025-04-12 20:00:00+00:00,3,40.0,593.6584187288023,11.52844485611851,0.0,582.1299738726836,11.528444856118227,0.0,11.528444856118227,0.0,0.0,11.52844485611851,0.0,0.0,582.1299738726838,0.0,0.0,0.0,582.1299738726838,776.1732984969117,194.04332462422792,11.528444856118426,3.8428149520394754,15.371259808157902,0.23056889712236853,5.821299738726838,0.0,17.89007297337858,221.8280811854952,0.0,776.1732984969117,0.0,0.0,0.0,0.0,815.4864999142975,1695.6151662790826,23.030308300942608,0.0,0.0,0.0,0.0,0.0
2025-04-12 21:00:00+00:00,3,40.0,591.4524405914619,11.272302581927878,0.0,580.1801380095342,11.272302581927619,0.0,11.272302581927619,0.0,0.0,11.272302581927878,0.0,0.0,580.1801380095344,0.0,0.0,0.0,580.1801380095344,773.5735173460458,193.39337933651146,11.272302581927647,3.7574341939758824,15.02973677590353,0.22544605163855294,5.801801380095344,0.0,17.783664719010588,220.96172568123183,0.0,773.5735173460458,0.0,0.0,0.0,0.0,812.4141662726938,839.2554433429295,23.02963490247237,0.0,0.0,0.0,5.684341886080802e-14,0.0
2025-04-12 22:00:00+00:00,3,40.0,594.2428085530144,11.605810723153628,0.0,582.6369978298609,11.605810723153411,0.0,11.605810723153411,0.0,0.0,11.605810723153628,0.0,0.0,582.636997829861,0.0,0.0,0.0,582.636997829861,776.8493304398146,194.21233260995365,11.605810723153468,3.868603574384489,15.474414297537956,0.23211621446306935,5.82636997829861,0.0,17.920042194029193,222.059464571129,816.3022731241433,776.8493304398146,0.0,0.0,0.0,0.0,0.0,839.2554433429295,23.03051169593734,0.0,0.0,0.0,-5.684341886080802e-14,0.0
2025-04-12 23:00:00+00:00,3,40.0,606.9759122765488,12.286908575641474,0.0,594.6890037009076,12.286908575641206,0.0,12.286908575641206,0.0,0.0,12.286908575641474,0.0,0.0,594.6890037009078,0.0,0.0,0.0,594.6890037009078,792.9186716012105,198.22966790030262,12.286908575641291,4.0956361918804305,16.382544767521722,0.24573817151282581,5.946890037009078,0.0,18.384970960688577,226.9029032613935,5030.15603225259,792.9186716012105,0.0,0.0,0.0,4196.277216714648,0.0,4820.193552830012,23.032302303338614,0.0,0.0,0.0,0.0,0.0
2025-06-08 00:00:00+00:00,4,59.0,533.7715859920365,10.481625235886424,0.0,523.2899607561501,10.481625235886298,0.0,10.481625235886298,0.0,0.0,10.481625235886424,0.0,0.0,523.2899607561504,0.0,0.0,0.0,523.2899607561504,697.7199476748672,174.4299869187168,10.4816252358861,3.4938750786286996,13.975500314514798,0.20963250471772196,5.232899607561505,0.0,16.107107272946877,199.47350138257158,733.2450873746081,697.7199476748672,0.0,0.0,0.0,0.0,0.0,4820.193552830012,23.027556210397993,0.0,0.0,0.0,2.842170943040401e-14,0.0
2025-06-08 01:00:00+00:00,4,59.0,539.7988065713527,10.49611138439737,0.0,529.3026951869552,10.49611138439711,0.0,10.49611138439711,0.0,0.0,10.49611138439737,0.0,0.0,529.3026951869555,0.0,0.0,0.0,529.3026951869555,705.7369269159406,176.43423172898514,10.496111384397295,3.4987037947990984,13.994815179196394,0.2099222276879459,5.293026951869555,0.0,16.26954042529998,201.7054251286417,741.5042316999943,705.7369269159406,0.0,0.0,0.0,0.0,0.0,4820.193552830012,23.027594294506827,0.0,0.0,0.0,-5.684341886080802e-14,0.0
2025-06-08 02:00:00+00:00,4,59.0,550.1087276650597,10.678750486987774,0.0,539.4299771780719,10.67875048698751,0.0,10.67875048698751,0.0,0.0,10.678750486987774,0.0,0.0,539.4299771780721,0.0,0.0,0.0,539.4299771780721,719.2399695707628,179.8099923926907,10.678750486987497,3.5595834956624985,14.238333982649994,0.2135750097397499,5.394299771780721,0.0,16.576943374288135,205.5543940441618,755.6631217092215,719.2399695707628,0.0,0.0,0.0,0.0,0.0,4820.193552830012,23.02807445301513,0.0,0.0,0.0,-2.842170943040401e-14,0.0
2025-06-08 03:00:00+00:00,4,59.0,557.8387070527873,10.710066270107404,0.0,547.12864078268,10.710066270107276,0.0,10.710066270107276,0.0,0.0,10.710066270107404,0.0,0.0,547.1286407826802,0.0,0.0,0.0,547.1286407826802,729.5048543769069,182.37621359422673,10.710066270107063,3.5700220900356876,14.28008836014275,0.21420132540214123,5.471286407826803,0.0,16.78765014266294,208.41937356015427,766.2580806129415,729.5048543769069,0.0,0.0,0.0,0.0,0.0,4820.193552830012,23.028156782261693,0.0,0.0,0.0,-5.684341886080802e-14,0.0
2025-06-08 04:00:00+00:00,4,59.0,567.6394526732597,10.73254212347953,0.0,556.9069105497802,10.732542123479277,0.0,10.732542123479277,0.0,0.0,10.73254212347953,0.0,0.0,556.9069105497804,0.0,0.0,0.0,556.9069105497804,742.5425473997071,185.63563684992678,10.732542123479334,3.5775140411597777,14.31005616463911,0.21465084246958666,5.569069105497804,0.0,17.051577381356694,212.04844822041065,779.6879008936703,742.5425473997071,0.0,0.0,0.0,0.0,0.0,4820.193552830012,23.02821587131806,0.0,0.0,0.0,-5.684341886080802e-14,0.0
2025-06-08 05:00:00+00:00,4,59.0,573.4548083029803,10.721422741584139,0.0,562.7333855613961,10.721422741583922,0.0,10.721422741583922,0.0,0.0,10.721422741584139,0.0,0.0,562.7333855613963,0.0,0.0,0.0,562.7333855613963,750.3111807485284,187.5777951871321,10.721422741583865,3.573807580527955,14.29523032211182,0.2144284548316773,5.627333855613963,0.0,17.203602757253478,214.19696783535915,3668.5978651785053,750.3111807485284,0.0,0.0,0.0,2880.946089040166,0.0,7553.298990086366,23.028186638444332,0.0,0.0,0.0,0.0,0.0
2025-06-08 06:00:00+00:00,4,59.0,574.3479209335916,10.634121817495677,0.0,563.7137991160961,10.63412181749544,0.0,10.63412181749544,0.0,0.0,10.634121817495677,0.0,0.0,563.7137991160963,0.0,0.0,0.0,563.7137991160963,751.6183988214617,187.90459970536543,10.634121817495384,3.544707272498461,14.178829089993844,0.21268243634990766,5.637137991160963,0.0,17.210927508975317,214.51005491435006,788.8579758479417,751.6183988214617,0.0,0.0,0.0,0.0,0.0,7553.298990086366,23.027957124167873,0.0,0.0,0.0,5.684341886080802e-14,0.0
2025-06-08 07:00:00+00:00,4,59.0,587.6244849481474,10.646879155857505,0.0,576.9776057922899,10.646879155857405,0.0,10.646879155857405,0.0,0.0,10.646879155857505,0.0,0.0,576.9776057922901,0.0,0.0,0.0,576.9776057922901,769.3034743897201,192.32586859743003,10.646879155857278,3.548959718619092,14.195838874476369,0.21293758311714553,5.769776057922901,0.0,17.565144629102406,219.4226865861916,807.047171534339,769.3034743897201,0.0,0.0,0.0,0.0,0.0,7553.298990086366,23.02799066323191,0.0,0.0,0.0,2.842170943040401e-14,0.0
2025-06-08 08:00:00+00:00,4,59.0,581.0087451866085,10.5303858557651,0.0,570.4783593308435,10.530385855764806,0.0,10.530385855764806,0.0,0.0,10.5303858557651,0.0,0.0,570.4783593308437,0.0,0.0,0.0,570.4783593308437,760.6378124411249,190.15945311028122,10.530385855764848,3.5101286185882827,14.040514474353131,0.21060771711529697,5.704783593308437,0.0,17.368019979644288,216.95299301893752,797.961738205546,760.6378124411249,0.0,0.0,0.0,0.0,0.0,7553.298990086366,23.027684402149774,0.0,0.0,0.0,-2.842170943040401e-14,0.0
2025-06-08 09:00:00+00:00,4,59.0,573.688846646571,10.576986400624602,0.0,563.1118602459463,10.576986400624364,0.0,10.576986400624364,0.0,0.0,10.576986400624602,0.0,0.0,563.1118602459466,0.0,0.0,0.0,563.1118602459466,750.815813661262,187.7039534153155,10.576986400624378,3.5256621335414593,14.102648534165837,0.21153972801248755,5.631118602459465,0.0,17.182766290331003,214.25504016965994,787.9438868162308,750.815813661262,0.0,0.0,0.0,0.0,0.0,7553.298990086366,23.027806915060694,0.0,0.0,0.0,-1.7053025658242404e-13,0.0
2025-06-08 10:00:00+00:00,4,59.0,601.5449930373906,11.272778611765016,0.0,590.2722144256255,11.272778611764807,0.0,11.272778611764807,0.0,0.0,11.272778611765016,0.0,0.0,590.2722144256257,0.0,0.0,0.0,590.2722144256257,787.0296192341676,196.7574048085419,11.272778611764807,3.757592870588269,15.030371482353075,0.2254555722352961,5.902722144256257,0.0,18.051206471613213,224.69438186723494,0.0,787.0296192341676,0.0,0.0,0.0,0.0,826.2393749046255,6682.366217682238,23.029636153955614,0.0,0.0,0.0,0.0,0.0
2025-06-08 11:00:00+00:00,4,59.0,599.1087743548802,11.31266900141323,0.0,587.7961053534668,11.312669001413,0.0,11.312669001413,0.0,0.0,11.31266900141323,0.0,0.0,587.7961053534673,0.0,0.0,0.0,587.7961053534673,783.7281404712896,195.9320351178224,11.312669001412928,3.7708896671376424,15.08355866855057,0.22625338002825854,5.877961053534673,0.0,17.99411415746883,223.80125337599182,0.0,783.7281404712896,0.0,0.0,0.0,0.0,822.910027730872,5814.942885341612,23.02974102585718,0.0,0.0,0.0,-2.842170943040401e-14,0.0
2025-06-08 12:00:00+00:00,4,59.0,573.3878792981064,10.950874844544343,0.0,562.4370044535619,10.950874844544089,0.0,10.950874844544089,0.0,0.0,10.950874844544343,0.0,0.0,562.437004453562,0.0,0.0,0.0,562.437004453562,749.9160059380827,187.47900148452067,10.950874844544273,3.650291614848091,14.601166459392363,0.21901749689088545,5.62437004453562,0.0,17.244782572298462,214.2174632130937,0.0,749.9160059380827,0.0,0.0,0.0,0.0,787.6053425112003,4984.733958790801,23.02878986840945,0.0,0.0,0.0,1.7053025658242404e-13,0.0
2025-06-08 13:00:00+00:00,4,59.0,560.2216272120861,10.460886341350182,0.0,549.760740870736,10.460886341350019,0.0,10.460886341350019,0.0,0.0,10.460886341350182,0.0,0.0,549.7607408707361,0.0,0.0,0.0,549.7607408707361,733.0143211609814,183.25358029024534,10.460886341350033,3.486962113783344,13.947848455133377,0.20921772682700066,5.497607408707361,0.0,16.804151044221,209.25151858378405,769.4731457958701,733.0143211609814,0.0,0.0,0.0,0.0,0.0,4984.733958790801,23.02750168780933,0.0,0.0,0.0,-5.684341886080802e-14,0.0
2025-06-08 14:00:00+00:00,4,59.0,563.5201585637637,10.461336927600584,0.0,553.0588216361631,10.461336927600414,0.0,10.461336927600414,0.0,0.0,10.461336927600584,0.0,0.0,553.0588216361631,0.0,0.0,0.0,553.0588216361631,737.4117621815508,184.3529405453877,10.461336927600428,3.4871123092001426,13.94844923680057,0.20922673855200855,5.530588216361631,0.0,16.891646474786526,210.471514284288,773.9916728480517,737.4117621815508,0.0,0.0,0.0,0.0,0.0,4984.733958790801,23.02750287240134,0.0,0.0,0.0,0.0,0.0
2025-06-08 15:00:00+00:00,4,59.0,602.3562590129512,12.243023409553405,0.0,590.1132356033979,12.243023409553132,0.0,12.243023409553132,0.0,0.0,12.243023409553405,0.0,0.0,590.1132356033979,0.0,0.0,0.0,590.113235603398,786.8176474711973,196.70441186779934,12.243023409553302,4.081007803184434,16.324031212737736,0.24486046819106605,5.901132356033981,0.0,18.254334846111547,225.18574734132034,1112.2341216464192,786.8176474711973,0.0,0.0,0.0,284.69211529214766,0.0,5254.816613655133,23.032186929163057,0.0,0.0,0.0,0.0,0.0
2025-06-08 16:00:00+00:00,4,59.0,615.9337377087282,12.532408208260113,0.0,603.4013295004679,12.532408208259838,0.0,12.532408208259838,0.0,0.0,12.532408208260113,0.0,0.0,603.4013295004683,0.0,0.0,0.0,603.4013295004683,804.5351060006243,201.13377650015607,12.532408208259767,4.177469402753255,16.70987761101302,0.2506481641651953,6.034013295004683,0.0,18.668310865867525,230.26421822794674,846.1979559366749,804.5351060006243,0.0,0.0,0.0,0.0,0.0,5254.816613655133,23.03294772228623,0.0,0.0,0.0,-5.684341886080802e-14,0.0
2025-06-08 17:00:00+00:00,4,59.0,615.2947380645251,12.329004030981295,0.0,602.9657340335436,12.329004030981025,0.0,12.329004030981025,0.0,0.0,12.329004030981295,0.0,0.0,602.9657340335439,0.0,0.0,0.0,602.9657340335439,803.9543120447252,200.9885780111813,12.329004030981082,4.109668010327027,16.43867204130811,0.24658008061962164,6.029657340335439,0.0,18.61330011330955,229.98778355577292,0.0,803.9543120447252,0.0,0.0,0.0,0.0,845.282521620298,4363.810602104912,23.0324129723616,0.0,0.0,0.0,0.0,0.0
2025-06-08 18:00:00+00:00,4,59.0,612.0817645453157,12.36887252582613,0.0,599.7128920194896,12.368872525825893,0.0,12.368872525825893,0.0,0.0,12.36887252582613,0.0,0.0,599.7128920194899,0.0,0.0,0.0,599.7128920194899,799.6171893593198,199.90429733982995,12.36887252582585,4.122957508608616,16.491830034434464,0.24737745051651697,5.997128920194899,0.0,18.53561969728547,228.80738091643548,0.0,799.6171893593198,0.0,0.0,0.0,0.0,840.8891454617511,3477.4356156476533,23.032517786701693,0.0,0.0,0.0,0.0,0.0
2025-06-08 19:00:00+00:00,4,59.0,612.7765898880782,12.074513234123584,0.0,600.7020766539547,12.074513234123373,0.0,12.074513234123373,0.0,0.0,12.074513234123584,0.0,0.0,600.7020766539548,0.0,0.0,0.0,600.7020766539548,800.9361022052731,200.23402555131827,12.074513234123515,4.024837744707838,16.099350978831353,0.24149026468247028,6.007020766539548,0.0,18.49892850946196,229.0063028367101,0.0,800.9361022052731,0.0,0.0,0.0,0.0,841.7828927247883,2590.1185368558154,23.031743915628052,0.0,0.0,0.0,2.842170943040401e-14,0.0
2025-06-08 20:00:00+00:00,4,59.0,607.230338178339,12.042107084397108,0.0,595.1882310939419,12.042107084396903,0.0,12.042107084396903,0.0,0.0,12.042107084397108,0.0,0.0,595.1882310939422,0.0,0.0,0.0,595.1882310939422,793.5843081252563,198.39607703131406,12.042107084396775,4.014035694798925,16.0561427791957,0.2408421416879355,5.951882310939423,0.0,18.34588640792508,226.94872358666544,0.0,793.5843081252563,0.0,0.0,0.0,0.0,834.1790617650043,1710.8165996559183,23.031658719805844,0.0,0.0,0.0,-1.1368683772161603e-13,0.0
2025-06-08 21:00:00+00:00,4,59.0,601.818559038856,12.395483943538423,0.0,589.4230750953177,12.395483943538181,0.0,12.395483943538181,0.0,0.0,12.395483943538423,0.0,0.0,589.423075095318,0.0,0.0,0.0,589.423075095318,785.897433460424,196.474358365106,12.395483943538125,4.1318279811793746,16.527311924717498,0.24790967887076246,5.894230750953181,0.0,18.268626408760028,225.01695318486935,0.0,785.897433460424,0.0,0.0,0.0,0.0,826.8355122237255,839.2554433429295,23.032587748163674,0.0,0.0,0.0,5.684341886080802e-14,0.0
2025-06-08 22:00:00+00:00,4,59.0,595.4712304975054,12.621632232115813,0.0,582.8495982653899,12.621632232115601,0.0,12.621632232115601,0.0,0.0,12.621632232115813,0.0,0.0,582.8495982653901,0.0,0.0,0.0,582.8495982653901,777.1327976871868,194.2831994217967,12.62163223211553,4.20721074403851,16.82884297615404,0.2524326446423106,5.828495982653902,0.0,18.142757162035934,222.71409595516735,818.1853264526727,777.1327976871868,0.0,0.0,0.0,0.0,0.0,839.2554433429295,23.033182292395217,0.0,0.0,0.0,-5.684341886080802e-14,0.0
2025-06-08 23:00:00+00:00,4,59.0,594.7509750451991,12.139303973795286,0.0,582.6116710714037,12.139303973795123,0.0,12.139303973795123,0.0,0.0,12.139303973795286,0.0,0.0,582.611671071404,0.0,0.0,0.0,582.611671071404,776.8155614285386,194.20389035713464,12.139303973795222,4.046434657931741,16.185738631726963,0.24278607947590444,5.8261167107140395,0.0,18.033378542592217,222.35260634784856,5013.380798107695,776.8155614285386,0.0,0.0,0.0,4196.277216714648,0.0,4820.193552830012,23.031914250591768,0.0,0.0,0.0,0.0,0.0
2025-07-04 00:00:00+00:00,5,66.0,563.9915753682908,9.603971129456662,0.0,554.3876042388341,9.603971129456468,0.0,9.603971129456468,0.0,0.0,9.603971129456662,0.0,0.0,554.3876042388342,0.0,0.0,0.0,554.3876042388343,739.1834723184458,184.79586807961144,9.603971129456454,3.201323709818818,12.805294839275271,0.19207942258912908,5.5438760423883435,0.0,16.74364014269395,210.47678739710167,4970.74557948004,739.1834723184458,0.0,0.0,0.0,4196.277216714648,0.0,4820.193552830012,23.025248856274068,0.0,0.0,0.0,0.0,0.0
2025-07-04 01:00:00+00:00,5,66.0,555.1412780435036,9.678390819718569,0.0,545.462887223785,9.678390819718373,0.0,9.678390819718373,0.0,0.0,9.678390819718569,0.0,0.0,545.4628872237852,0.0,0.0,0.0,545.4628872237852,727.2838496317136,181.8209624079284,9.678390819718288,3.2261302732394292,12.904521092957717,0.19356781639436574,5.454628872237852,0.0,16.523038629604116,207.21832799940415,762.3596060429077,727.2838496317136,0.0,0.0,0.0,0.0,0.0,4820.193552830012,23.025444505765105,0.0,0.0,0.0,-5.684341886080802e-14,0.0
2025-07-04 02:00:00+00:00,5,66.0,552.5011766364046,9.499634624151048,0.0,543.0015420122537,9.49963462415083,0.0,9.49963462415083,0.0,0.0,9.499634624151048,0.0,0.0,543.0015420122539,0.0,0.0,0.0,543.0015420122539,724.0020560163385,181.00051400408464,9.499634624150758,3.1665448747169194,12.666179498867677,0.18999269248301515,5.4300154201225395,0.0,16.41961278250575,206.20667977391287,758.7078564103174,724.0020560163385,0.0,0.0,0.0,0.0,0.0,4820.193552830012,23.0249745554259,0.0,0.0,0.0,-5.684341886080802e-14,0.0
2025-07-04 03:00:00+00:00,5,66.0,551.0076919155335,9.586664101144008,0.0,541.4210278143896,9.58666410114374,0.0,9.58666410114374,0.0,0.0,9.586664101144008,0.0,0.0,541.4210278143897,0.0,0.0,0.0,541.4210278143897,721.8947037525196,180.4736759381299,9.586664101143924,3.195554700381308,12.782218801525232,0.19173328202287848,5.414210278143897,0.0,16.396327355495742,205.67150155417372,756.6791934697071,721.8947037525196,0.0,0.0,0.0,0.0,0.0,4820.193552830012,23.025203356067486,0.0,0.0,0.0,-1.4210854715202004e-13,0.0
2025-07-04 04:00:00+00:00,5,66.0,549.5207933280129,9.726753662937274,0.0,539.7940396650757,9.726753662937014,0.0,9.726753662937014,0.0,0.0,9.726753662937274,0.0,0.0,539.794039665076,0.0,0.0,0.0,539.794039665076,719.7253862201012,179.9313465550253,9.726753662937085,3.2422512209790284,12.969004883916114,0.1945350732587417,5.3979403966507595,0.0,16.383149308894147,205.14922255480798,754.6700158828208,719.7253862201012,0.0,0.0,0.0,0.0,0.0,4820.193552830012,23.025571651761375,0.0,0.0,0.0,-5.684341886080802e-14,0.0
2025-07-04 05:00:00+00:00,5,66.0,548.7210887916489,9.409402178514814,0.0,539.3116866131339,9.40940217851464,0.0,9.40940217851464,0.0,0.0,9.409402178514814,0.0,0.0,539.3116866131342,0.0,0.0,0.0,539.3116866131342,719.0822488175122,179.77056220437805,9.409402178514597,3.136467392838199,12.545869571352796,0.18818804357029192,5.393116866131342,0.0,16.302548940796626,204.79088344771452,3634.4580612795294,719.0822488175122,0.0,0.0,0.0,2880.946089040166,0.0,7553.298990086366,23.024737334174358,0.0,0.0,0.0,0.0,0.0
2025-07-04 06:00:00+00:00,5,66.0,545.4642942317033,9.65025637690123,0.0,535.8140378548021,9.650256376901055,0.0,9.650256376901055,0.0,0.0,9.65025637690123,0.0,0.0,535.8140378548023,0.0,0.0,0.0,535.8140378548023,714.4187171397364,178.6046792849341,9.65025637690087,3.216752125633623,12.867008502534492,0.19300512753801738,5.358140378548024,0.0,16.26133179089601,203.63390870754978,749.0982029392532,714.4187171397364,0.0,0.0,0.0,0.0,0.0,7553.298990086366,23.025370540267552,0.0,0.0,0.0,5.684341886080802e-14,0.0
2025-07-04 07:00:00+00:00,5,66.0,550.4560618809871,9.770902220999787,0.0,540.6851596599873,9.77090222099956,0.0,9.77090222099956,0.0,0.0,9.770902220999787,0.0,0.0,540.6851596599876,0.0,0.0,0.0,540.6851596599876,720.9135462133167,180.2283865533292,9.770902220999574,3.2569674069998578,13.027869627999431,0.19541804441999147,5.406851596599876,0.0,16.41619853561727,205.50382213696616,755.9598840179532,720.9135462133167,0.0,0.0,0.0,0.0,0.0,7553.298990086366,23.025687718394877,0.0,0.0,0.0,-1.1368683772161603e-13,0.0
2025-07-04 08:00:00+00:00,5,66.0,556.6533948802451,9.806318716303732,0.0,546.8470761639412,9.806318716303508,0.0,9.806318716303508,0.0,0.0,9.806318716303732,0.0,0.0,546.8470761639414,0.0,0.0,0.0,546.8470761639414,729.1294348852553,182.2823587213138,9.806318716303508,3.2687729054345027,13.07509162173801,0.19612637432607016,5.468470761639415,0.0,16.5870578280185,207.8027865907323,764.4561814709774,729.1294348852553,0.0,0.0,0.0,0.0,0.0,7553.298990086366,23.02578082842068,0.0,0.0,0.0,5.684341886080802e-14,0.0
2025-07-04 09:00:00+00:00,5,66.0,555.5835646963462,9.726422804751586,0.0,545.8571418915949,9.726422804751351,0.0,9.726422804751351,0.0,0.0,9.726422804751586,0.0,0.0,545.857141891595,0.0,0.0,0.0,545.857141891595,727.8095225221266,181.95238063053165,9.72642280475145,3.24214093491715,12.9685637396686,0.194528456095029,5.45857141891595,0.0,16.543750813502626,207.3913722539624,762.9749369503087,727.8095225221266,0.0,0.0,0.0,0.0,0.0,7553.298990086366,23.02557078193465,0.0,0.0,0.0,5.684341886080802e-14,0.0
2025-07-04 10:00:00+00:00,5,66.0,550.261433786104,10.037133258016478,0.0,540.2243005280877,10.037133258016254,0.0,10.037133258016254,0.0,0.0,10.037133258016478,0.0,0.0,540.2243005280878,0.0,0.0,0.0,540.2243005280878,720.2990673707837,180.07476684269594,10.03713325801641,3.34571108600547,13.38284434402188,0.20074266516032818,5.402243005280878,0.0,16.4608793412324,205.48434294037497,0.0,720.2990673707837,0.0,0.0,0.0,0.0,755.745776726479,6756.672994583451,23.026387640239573,0.0,0.0,0.0,0.0,0.0
2025-07-04 11:00:00+00:00,5,66.0,546.3146459630349,9.84408861599403,0.0,536.4705573470409,9.84408861599384,0.0,9.84408861599384,0.0,0.0,9.84408861599403,0.0,0.0,536.4705573470411,0.0,0.0,0.0,536.4705573470411,715.2940764627215,178.82351911568037,9.844088615993769,3.281362871997923,13.125451487991691,0.19688177231987536,5.364705573470411,0.0,16.320151506934465,203.98662084040308,0.0,715.2940764627215,0.0,0.0,0.0,0.0,750.301266803438,5965.7860164472695,23.025880125550575,0.0,0.0,0.0,5.684341886080802e-14,0.0
2025-07-04 12:00:00+00:00,5,66.0,528.2937908443811,9.365489566118224,0.0,518.9283012782629,9.365489566118029,0.0,9.365489566118029,0.0,0.0,9.365489566118224,0.0,0.0,518.928301278263,0.0,0.0,0.0,518.928301278263,691.9044017043507,172.97610042608767,9.365489566118072,3.1218298553726904,12.487319421490762,0.18730979132236142,5.189283012782631,0.0,15.753005104153388,197.22752818971873,0.0,691.9044017043507,0.0,0.0,0.0,0.0,725.5213190340999,5201.019396728127,23.024621887842407,0.0,0.0,0.0,5.684341886080802e-14,0.0
2025-07-04 13:00:00+00:00,5,66.0,533.0204014272432,9.11022326221634,0.0,523.9101781650271,9.110223262216081,0.0,9.110223262216081,0.0,0.0,9.11022326221634,0.0,0.0,523.9101781650273,0.0,0.0,0.0,523.9101781650273,698.5469042200364,174.6367260550091,9.110223262216095,3.036741087405365,12.14696434962146,0.18220446524432188,5.239101781650273,0.0,15.830474432508794,198.92524782181786,731.945649249061,698.5469042200364,0.0,0.0,0.0,0.0,0.0,5201.019396728127,23.023950792299537,0.0,0.0,0.0,-2.842170943040401e-14,0.0
2025-07-04 14:00:00+00:00,5,66.0,542.9667361061917,8.985197424357787,0.0,533.9815386818339,8.985197424357608,0.0,8.985197424357608,0.0,0.0,8.985197424357787,0.0,0.0,533.9815386818342,0.0,0.0,0.0,533.9815386818342,711.9753849091122,177.99384622727806,8.985197424357466,2.995065808119155,11.98026323247662,0.1797039484871493,5.3398153868183424,0.0,16.070647464653817,202.57907883535654,745.5458149415482,711.9753849091122,0.0,0.0,0.0,0.0,0.0,5201.019396728127,23.023622099161244,0.0,0.0,0.0,0.0,0.0
2025-07-04 15:00:00+00:00,5,66.0,550.8725653404197,9.083852748710553,0.0,541.7887125917091,9.083852748710314,0.0,9.083852748710314,0.0,0.0,9.083852748710553,0.0,0.0,541.7887125917094,0.0,0.0,0.0,541.7887125917094,722.3849501222792,180.5962375305698,9.083852748710228,3.0279509162367426,12.11180366494697,0.18167705497420455,5.417887125917095,0.0,16.298620216079684,205.52237284377753,1332.242452114523,722.3849501222792,0.0,0.0,0.0,575.8475139303258,0.0,5747.316315417737,23.02388146417512,0.0,0.0,0.0,1.1368683772161603e-13,0.0
2025-07-04 16:00:00+00:00,5,66.0,552.7409734503183,8.916208034963397,0.0,543.8247654153549,8.916208034963233,0.0,8.916208034963233,0.0,0.0,8.916208034963397,0.0,0.0,543.8247654153553,0.0,0.0,0.0,543.8247654153553,725.0996872204737,181.27492180511842,8.916208034963006,2.9720693449876685,11.888277379950674,0.1783241606992601,5.438247654153553,0.0,16.316749940578546,206.18031290553745,0.0,725.0996872204737,0.0,0.0,0.0,0.0,758.9212863558557,4947.34303886128,23.023440725940336,0.0,0.0,0.0,0.0,0.0
2025-07-04 17:00:00+00:00,5,66.0,552.7391264069563,8.952248205180593,0.0,543.7868782017756,8.952248205180368,0.0,8.952248205180368,0.0,0.0,8.952248205180593,0.0,0.0,543.7868782017758,0.0,0.0,0.0,543.7868782017758,725.0491709357011,181.26229273392528,8.952248205180354,2.9840827350601176,11.93633094024047,0.17904496410360704,5.437868782017758,0.0,16.323447713794096,206.18673692890087,0.0,725.0491709357011,0.0,0.0,0.0,0.0,758.9258633358571,4147.364937744286,23.023535475608536,0.0,0.0,0.0,-5.684341886080802e-14,0.0
2025-07-04 18:00:00+00:00,5,66.0,600.702697724789,9.360643656698677,0.0,591.3420540680902,9.360643656698414,0.0,9.360643656698414,0.0,0.0,9.360643656698677,0.0,0.0,591.3420540680905,0.0,0.0,0.0,591.3420540680905,788.4560720907873,197.11401802269683,9.360643656698358,3.1202145522327855,12.480858208931142,0.18721287313396712,5.913420540680906,0.0,17.67093398224084,224.00579997098532,0.0,788.4560720907873,0.0,0.0,0.0,0.0,824.7084976957743,3278.0458516061617,23.024609147938385,0.0,0.0,0.0,0.0,0.0
2025-07-04 19:00:00+00:00,5,66.0,596.5159673214683,9.23295680544345,0.0,587.2830105160249,9.23295680544328,0.0,9.23295680544328,0.0,0.0,9.23295680544345,0.0,0.0,587.2830105160251,0.0,0.0,0.0,587.2830105160251,783.0440140213668,195.7610035053417,9.232956805443223,3.0776522684810743,12.310609073924297,0.18465913610886445,5.872830105160252,0.0,17.536082647997887,222.4322276630898,0.0,783.0440140213668,0.0,0.0,0.0,0.0,818.9481949845581,2414.7986576611997,23.024273458991388,0.0,0.0,0.0,-5.684341886080802e-14,0.0
2025-07-04 20:00:00+00:00,5,66.0,552.0518882796927,9.267423049075134,0.0,542.7844652306175,9.267423049074878,0.0,9.267423049074878,0.0,0.0,9.267423049075134,0.0,0.0,542.7844652306177,0.0,0.0,0.0,542.7844652306177,723.7126203074902,180.92815507687254,9.267423049074864,3.0891410163582878,12.356564065433151,0.18534846098149727,5.4278446523061765,0.0,16.36423663419866,205.99472584071714,0.0,723.7126203074902,0.0,0.0,0.0,0.0,758.0466141204099,1615.7473665947823,23.02436407080394,0.0,0.0,0.0,1.1368683772161603e-13,0.0
2025-07-04 21:00:00+00:00,5,66.0,536.4362197122941,9.21249336171327,0.0,527.2237263505808,9.21249336171303,0.0,9.21249336171303,0.0,0.0,9.21249336171327,0.0,0.0,527.2237263505812,0.0,0.0,0.0,527.2237263505812,702.9649684674415,175.74124211686038,9.212493361712973,3.0708311205709906,12.283324482283962,0.18424986723425943,5.2722372635058115,0.0,15.940138579688465,200.20869894785992,0.0,702.9649684674415,0.0,0.0,0.0,0.0,736.644918660154,839.2554433429295,23.024219660563357,0.0,0.0,0.0,-8.526512829121202e-14,0.0
2025-07-04 22:00:00+00:00,5,66.0,531.4018969505333,9.241685502379804,0.0,522.1602114481535,9.241685502379553,0.0,9.241685502379553,0.0,0.0,9.241685502379804,0.0,0.0,522.1602114481537,0.0,0.0,0.0,522.1602114481537,696.2136152642049,174.05340381605123,9.241685502379596,3.0805618341265317,12.322247336506127,0.1848337100475919,5.221602114481538,0.0,15.812193795234577,198.35259526994145,729.7544922204747,696.2136152642049,0.0,0.0,0.0,0.0,0.0,839.2554433429295,23.024296406750334,0.0,0.0,0.0,-5.684341886080802e-14,0.0
2025-07-04 23:00:00+00:00,5,66.0,528.6869526739996,9.279945382614919,0.0,519.4070072913847,9.279945382614713,0.0,9.279945382614713,0.0,0.0,9.279945382614919,0.0,0.0,519.4070072913848,0.0,0.0,0.0,519.4070072913848,692.5426763885131,173.13566909712827,9.279945382614756,3.0933151275382516,12.373260510153006,0.1855989076522951,5.194070072913848,0.0,15.74741002148646,197.35606322671913,726.0430159007187,692.5426763885131,0.0,0.0,0.0,0.0,0.0,839.2554433429295,23.024396992039907,0.0,0.0,0.0,0.0,0.0
2025-09-25 00:00:00+00:00,6,31.0,580.626548407498,12.507886351569534,0.0,568.1186620559287,12.507886351569269,0.0,12.507886351569269,0.0,0.0,12.507886351569534,0.0,0.0,568.1186620559289,0.0,0.0,0.0,568.1186620559289,757.4915494079052,189.3728873519763,12.507886351569255,4.169295450523085,16.67718180209234,0.25015772703138506,5.681186620559289,0.0,17.72807985781246,217.2016070079025,797.8281554154005,757.4915494079052,0.0,0.0,0.0,0.0,0.0,4820.193552830012,23.032883254283693,0.0,0.0,0.0,-5.684341886080802e-14,0.0
2025-09-25 01:00:00+00:00,6,31.0,562.9993564957928,12.042703922335216,0.0,550.9566525734575,12.042703922334994,0.0,12.042703922334994,0.0,0.0,12.042703922335216,0.0,0.0,550.9566525734579,0.0,0.0,0.0,550.9566525734579,734.6088700979437,183.65221752448593,12.042703922334908,4.0142346407783025,16.05693856311321,0.24085407844669815,5.509566525734579,0.0,17.173877121399613,210.59074989084513,773.5901063866379,734.6088700979437,0.0,0.0,0.0,0.0,0.0,4820.193552830012,23.03166028889379,0.0,0.0,0.0,0.0,0.0
2025-09-25 02:00:00+00:00,6,31.0,556.114965201294,12.135362671068217,0.0,543.9796025302257,12.13536267106798,0.0,12.13536267106798,0.0,0.0,12.135362671068217,0.0,0.0,543.9796025302261,0.0,0.0,0.0,543.9796025302261,725.3061367069681,181.32653417674203,12.135362671067924,4.0451208903559746,16.180483561423898,0.24270725342135846,5.439796025302261,0.0,17.008786469858208,208.06294481567983,764.1779100169738,725.3061367069681,0.0,0.0,0.0,0.0,0.0,4820.193552830012,23.031903888900263,0.0,0.0,0.0,-5.684341886080802e-14,0.0
2025-09-25 03:00:00+00:00,6,31.0,560.6667242125247,12.36205124849138,0.0,548.3046729640334,12.36205124849107,0.0,12.36205124849107,0.0,0.0,12.36205124849138,0.0,0.0,548.3046729640337,0.0,0.0,0.0,548.3046729640337,731.0728972853782,182.76822432134455,12.362051248491184,4.120683749497061,16.482734997988246,0.24724102496982367,5.4830467296403365,0.0,17.17184418534943,209.79104001080117,770.457764223326,731.0728972853782,0.0,0.0,0.0,0.0,0.0,4820.193552830012,23.03249985355209,0.0,0.0,0.0,5.684341886080802e-14,0.0
2025-09-25 04:00:00+00:00,6,31.0,559.6339773760104,11.787949483265024,0.0,547.8460278927455,11.787949483264725,0.0,11.787949483264725,0.0,0.0,11.787949483265024,0.0,0.0,547.8460278927457,0.0,0.0,0.0,547.8460278927457,730.4613705236609,182.61534263091522,11.78794948326481,3.9293164944216032,15.717265977686413,0.23575898966529618,5.478460278927457,0.0,17.037004543731427,209.29588293766102,768.9298603136714,730.4613705236609,0.0,0.0,0.0,0.0,0.0,4820.193552830012,23.030990539044424,0.0,0.0,0.0,-5.684341886080802e-14,0.0
2025-09-25 05:00:00+00:00,6,31.0,570.1893381712493,12.000579907658796,0.0,558.1887582635906,12.000579907658619,0.0,12.000579907658619,0.0,0.0,12.000579907658796,0.0,0.0,558.1887582635908,0.0,0.0,0.0,558.1887582635908,744.2516776847876,186.0629194211969,12.000579907658448,4.000193302552816,16.000773210211264,0.24001159815316894,5.581887582635908,0.0,17.356526020251792,213.24153792479058,3664.376965136206,744.2516776847876,0.0,0.0,0.0,2880.946089040166,0.0,7553.298990086366,23.031549544788263,0.0,0.0,0.0,0.0,0.0
2025-09-25 06:00:00+00:00,6,31.0,579.5127347901592,11.851133792917032,0.0,567.6616009972423,11.851133792916883,0.0,11.851133792916883,0.0,0.0,11.851133792917032,0.0,0.0,567.6616009972424,0.0,0.0,0.0,567.6616009972425,756.88213466299,189.2205336657475,11.851133792916698,3.9503779309722327,15.80151172388893,0.23702267585833395,5.676616009972426,0.0,17.575619717973254,216.66017000052375,796.172904790683,756.88213466299,0.0,0.0,0.0,0.0,0.0,7553.298990086366,23.03115665070091,0.0,0.0,0.0,0.0,0.0
2025-09-25 07:00:00+00:00,6,31.0,588.0448089543725,11.800597100067288,0.0,576.2442118543051,11.800597100067037,0.0,11.800597100067037,0.0,0.0,11.800597100067288,0.0,0.0,576.2442118543053,0.0,0.0,0.0,576.2442118543053,768.3256158057403,192.08140395143508,11.800597100067193,3.9335323666890645,15.734129466756258,0.23601194200134387,5.762442118543053,0.0,17.79225921442341,219.80564959309194,807.8504585474644,768.3256158057403,0.0,0.0,0.0,0.0,0.0,7553.298990086366,23.0310237896503,0.0,0.0,0.0,2.842170943040401e-14,0.0
2025-09-25 08:00:00+00:00,6,31.0,589.0935719313475,11.545206213295213,0.0,577.5483657180524,11.545206213294975,0.0,11.545206213294975,0.0,0.0,11.545206213295213,0.0,0.0,577.5483657180527,0.0,0.0,0.0,577.5483657180527,770.0644876240701,192.51612190601753,11.545206213294932,3.8484020710983105,15.393608284393242,0.23090412426589862,5.775483657180526,0.0,17.77224225930952,220.14315401787178,809.2367259492192,770.0644876240701,0.0,0.0,0.0,0.0,0.0,7553.298990086366,23.030352366578853,0.0,0.0,0.0,0.0,0.0
2025-09-25 09:00:00+00:00,6,31.0,586.064822463597,11.899842059456432,0.0,574.1649804041405,11.899842059456276,0.0,11.899842059456276,0.0,0.0,11.899842059456432,0.0,0.0,574.1649804041408,0.0,0.0,0.0,574.1649804041408,765.553307205521,191.38832680138026,11.899842059456091,3.9666140198186968,15.866456079274787,0.2379968411891218,5.741649804041408,0.0,17.758368228815527,219.092955695245,805.157778158842,765.553307205521,0.0,0.0,0.0,0.0,0.0,7553.298990086366,23.03128470481568,0.0,0.0,0.0,0.0,0.0
2025-09-25 10:00:00+00:00,6,31.0,589.882534831607,11.69420347641246,0.0,578.1883313551945,11.694203476412255,0.0,11.694203476412255,0.0,0.0,11.69420347641246,0.0,0.0,578.1883313551947,0.0,0.0,0.0,578.1883313551947,770.9177751402596,192.7294437850649,11.694203476412213,3.8980678254707373,15.592271301882949,0.23388406952824423,5.781883313551947,0.0,17.82104206382195,220.4643210574378,0.0,770.9177751402596,0.0,0.0,0.0,0.0,810.3468558890447,6699.118403631162,23.030744080634523,0.0,0.0,0.0,-8.526512829121202e-14,0.0
2025-09-25 11:00:00+00:00,6,31.0,596.9015300254065,12.134580400515835,0.0,584.7669496248908,12.134580400515603,0.0,12.134580400515603,0.0,0.0,12.134580400515835,0.0,0.0,584.766949624891,0.0,0.0,0.0,584.766949624891,779.6892661665213,194.92231654163032,12.134580400515574,4.044860133505191,16.179440534020763,0.24269160801031145,5.84766949624891,0.0,18.08948399664979,223.1470217760445,0.0,779.6892661665213,0.0,0.0,0.0,0.0,820.0485518014509,5834.711331759442,23.03190183230966,0.0,0.0,0.0,-8.526512829121202e-14,0.0
2025-09-25 12:00:00+00:00,6,31.0,590.6705895303462,12.300720205483769,0.0,578.3698693248623,12.3007202054836,0.0,12.3007202054836,0.0,0.0,12.300720205483769,0.0,0.0,578.3698693248625,0.0,0.0,0.0,578.3698693248625,771.1598257664833,192.78995644162083,12.300720205483572,4.100240068494523,16.400960273978093,0.24601440410967138,5.783698693248625,0.0,17.955465445020693,220.87537505249435,0.0,771.1598257664833,0.0,0.0,0.0,0.0,811.5459645828405,4979.266773759404,23.03233861413673,0.0,0.0,0.0,-5.684341886080802e-14,0.0
2025-09-25 13:00:00+00:00,6,31.0,582.8526041395903,12.28523181235134,0.0,570.5673723272389,12.285231812351128,0.0,12.285231812351128,0.0,0.0,12.28523181235134,0.0,0.0,570.5673723272392,0.0,0.0,0.0,570.5673723272392,760.7564964363189,190.18912410907973,12.285231812350958,4.095077270783652,16.38030908313461,0.24570463624701913,5.705673723272392,0.0,17.745389404971263,217.98096914435405,800.8335732839444,760.7564964363189,0.0,0.0,0.0,0.0,0.0,4979.266773759404,23.0322978951251,0.0,0.0,0.0,0.0,0.0
2025-09-25 14:00:00+00:00,6,31.0,579.6369780864256,12.628215704779837,0.0,567.0087623816457,12.628215704779592,0.0,12.628215704779592,0.0,0.0,12.628215704779837,0.0,0.0,567.0087623816461,0.0,0.0,0.0,567.0087623816461,756.0116831755281,189.00292079388203,12.62821570477945,4.209405234926483,16.837620939705932,0.252564314095589,5.670087623816461,0.0,17.72438189922501,216.85935986594558,796.4963379523713,756.0116831755281,0.0,0.0,0.0,0.0,0.0,4979.266773759404,23.03319960035594,0.0,0.0,0.0,5.684341886080802e-14,0.0
2025-09-25 15:00:00+00:00,6,31.0,580.4506328796796,12.255522233019898,0.0,568.1951106466598,12.255522233019704,0.0,12.255522233019704,0.0,0.0,12.255522233019898,0.0,0.0,568.19511064666,0.0,0.0,0.0,568.19511064666,757.5934808622134,189.39837021555334,12.255522233019633,4.08517407767321,16.34069631069284,0.2451104446603926,5.681951106466601,0.0,17.676175533332795,217.08678137768635,979.8609495651159,757.5934808622134,0.0,0.0,0.0,182.32353530775,0.0,5152.234066547389,23.032219788591004,0.0,0.0,0.0,-2.842170943040401e-14,0.0
2025-09-25 16:00:00+00:00,6,31.0,580.5047003470874,12.33265548769679,0.0,568.1720448593906,12.332655487696556,0.0,12.332655487696556,0.0,0.0,12.33265548769679,0.0,0.0,568.1720448593909,0.0,0.0,0.0,568.1720448593909,757.5627264791879,189.39068161979696,12.332655487696456,4.110885162565485,16.44354065026194,0.2466531097539291,5.681720448593909,0.0,17.692047666494602,217.1219880072049,797.6266883542921,757.5627264791879,0.0,0.0,0.0,0.0,0.0,5152.234066547389,23.03242257204745,0.0,0.0,0.0,-1.1368683772161603e-13,0.0
2025-09-25 17:00:00+00:00,6,31.0,584.6036438866398,12.511670746323729,0.0,572.0919731403161,12.511670746323574,0.0,12.511670746323574,0.0,0.0,12.511670746323729,0.0,0.0,572.0919731403163,0.0,0.0,0.0,572.0919731403163,762.7892975204218,190.69732438010544,12.511670746323489,4.170556915441162,16.68222766176465,0.2502334149264697,5.720919731403163,0.0,17.83418132670772,218.67321576858396,0.0,762.7892975204218,0.0,0.0,0.0,0.0,803.2768596552238,4305.505910474748,23.032893203463875,0.0,0.0,0.0,2.842170943040401e-14,0.0
2025-09-25 18:00:00+00:00,6,31.0,597.0969324033201,12.654956802562436,0.0,584.4419756007576,12.654956802562197,0.0,12.654956802562197,0.0,0.0,12.654956802562436,0.0,0.0,584.4419756007578,0.0,0.0,0.0,584.4419756007578,779.255967467677,194.81399186691925,12.654956802562197,4.218318934187399,16.873275736749594,0.2530991360512439,5.844419756007579,0.0,18.192076622127615,223.3219063152931,0.0,779.255967467677,0.0,0.0,0.0,0.0,820.4188387186132,3440.7085219210294,23.033269902747044,0.0,0.0,0.0,-2.842170943040401e-14,0.0
2025-09-25 19:00:00+00:00,6,31.0,601.2979261905205,12.562677500890327,0.0,588.7352486896301,12.56267750089009,0.0,12.56267750089009,0.0,0.0,12.562677500890327,0.0,0.0,588.7352486896303,0.0,0.0,0.0,588.7352486896303,784.9803315861737,196.24508289654344,12.562677500890118,4.187559166963372,16.75023666785349,0.2512535500178023,5.887352486896304,0.0,18.286128272215407,224.85737637263634,0.0,784.9803315861737,0.0,0.0,0.0,0.0,826.1553025631567,2569.8643695459896,23.033027300307534,0.0,0.0,0.0,-5.684341886080802e-14,0.0
2025-09-25 20:00:00+00:00,6,31.0,604.3630859303933,12.879653901664463,0.0,591.4834320287287,12.879653901664241,0.0,12.879653901664241,0.0,0.0,12.879653901664463,0.0,0.0,591.4834320287289,0.0,0.0,0.0,591.4834320287289,788.6445760383051,197.16114400957628,12.879653901664255,4.293217967221418,17.17287186888567,0.2575930780332851,5.914834320287289,0.0,18.426692987546957,226.05348236266525,0.0,788.6445760383051,0.0,0.0,0.0,0.0,830.4165682930586,1694.5284486970465,23.033860631799012,0.0,0.0,0.0,1.1368683772161603e-13,0.0
2025-09-25 21:00:00+00:00,6,31.0,590.4940000715986,12.702084287560744,0.0,577.7919157840378,12.702084287560481,0.0,12.702084287560481,0.0,0.0,12.702084287560744,0.0,0.0,577.791915784038,0.0,0.0,0.0,577.791915784038,770.3892210453839,192.59730526134598,12.70208428756041,4.2340280958534695,16.936112383413878,0.25404168575120817,5.77791915784038,0.0,18.02592118052867,220.88921538131973,0.0,770.3892210453839,0.0,0.0,0.0,0.0,811.3832154529184,839.2554433429295,23.033393800984477,0.0,0.0,0.0,5.684341886080802e-14,0.0
2025-09-25 22:00:00+00:00,6,31.0,602.0616899190807,12.745418538189924,0.0,589.3162713808908,12.745418538189782,0.0,12.745418538189782,0.0,0.0,12.745418538189924,0.0,0.0,589.3162713808911,0.0,0.0,0.0,589.3162713808911,785.7550285078547,196.43875712696368,12.74541853818971,4.248472846063237,16.993891384252947,0.2549083707637942,5.893162713808911,0.0,18.34057713320476,225.17587819080438,827.237568109885,785.7550285078547,0.0,0.0,0.0,0.0,0.0,839.2554433429295,23.033507726802362,0.0,0.0,0.0,0.0,0.0
2025-09-25 23:00:00+00:00,6,31.0,604.0814568865544,12.760739555434359,0.0,591.32071733112,12.760739555434114,0.0,12.760739555434114,0.0,0.0,12.760739555434359,0.0,0.0,591.3207173311202,0.0,0.0,0.0,591.3207173311202,788.4276231081603,197.10690577704008,12.760739555434157,4.253579851811385,17.01431940724554,0.2552147911086831,5.913207173311203,0.0,18.396969052270947,225.9258766455423,5026.284550246744,788.4276231081603,0.0,0.0,0.0,4196.277216714648,0.0,4820.193552830012,23.033548005782503,0.0,0.0,0.0,0.0,0.0
2025-10-25 00:00:00+00:00,7,36.0,505.5159282329157,11.714909457320905,0.0,493.80101877559486,11.714909457320708,0.0,11.714909457320708,0.0,0.0,11.714909457320905,0.0,0.0,493.8010187755951,0.0,0.0,0.0,493.80101877559514,658.4013583674601,164.60033959186504,11.714909457320573,3.9049698191068574,15.61987927642743,0.23429818914641143,4.9380101877559515,0.0,15.589203148582698,189.26682093645698,694.7827491693727,658.4013583674601,0.0,0.0,0.0,0.0,0.0,839.2554433429295,23.030798516693206,0.0,0.0,0.0,-2.842170943040401e-14,0.0
2025-10-25 01:00:00+00:00,7,36.0,503.184815411444,11.878164256531745,0.0,491.3066511549121,11.878164256531527,0.0,11.878164256531527,0.0,0.0,11.878164256531745,0.0,0.0,491.30665115491223,0.0,0.0,0.0,491.30665115491223,655.0755348732163,163.76888371830407,11.878164256531647,3.959388085510549,15.837552342042196,0.23756328513063293,4.913066511549123,0.0,15.557989957225956,188.43689155772034,3572.5677960093303,655.0755348732163,0.0,0.0,0.0,2880.946089040166,0.0,3572.3608805992835,23.03122771383528,0.0,0.0,0.0,0.0,0.0
2025-10-25 02:00:00+00:00,7,36.0,507.19360684289,11.87817401620386,0.0,495.31543282668633,11.878174016203587,0.0,11.878174016203587,0.0,0.0,11.87817401620386,0.0,0.0,495.31543282668645,0.0,0.0,0.0,495.31543282668645,660.4205771022486,165.10514427556214,11.87817401620373,3.9593913387345765,15.837565354938306,0.2375634803240746,4.953154328266865,0.0,15.66422475716989,189.91947818005752,697.1130850229475,660.4205771022486,0.0,0.0,0.0,0.0,0.0,3572.3608805992835,23.031227739493474,0.0,0.0,0.0,0.0,0.0
2025-10-25 03:00:00+00:00,7,36.0,497.8396937172219,11.400168196825426,0.0,486.43952552039644,11.400168196825142,0.0,11.400168196825142,0.0,0.0,11.400168196825426,0.0,0.0,486.4395255203966,0.0,0.0,0.0,486.4395255203966,648.5860340271954,162.14650850679885,11.400168196825177,3.800056065608392,15.200224262433569,0.22800336393650353,4.864395255203966,0.0,15.326863369952036,186.36582656149974,684.2055202787217,648.5860340271954,0.0,0.0,0.0,0.0,0.0,3572.3608805992835,23.029971061389283,0.0,0.0,0.0,2.842170943040401e-14,0.0
2025-10-25 04:00:00+00:00,7,36.0,498.0352610629395,11.506074103105805,0.0,486.52918695983374,11.50607410310554,0.0,11.50607410310554,0.0,0.0,11.506074103105805,0.0,0.0,486.52918695983374,0.0,0.0,0.0,486.5291869598338,648.7055826131117,162.17639565327792,11.506074103105732,3.835358034368577,15.341432137474309,0.2301214820621146,4.865291869598338,0.0,15.351871490269247,186.4590385295762,684.4942995925157,648.7055826131117,0.0,0.0,0.0,0.0,0.0,3572.3608805992835,23.03024948819526,0.0,0.0,0.0,2.842170943040401e-14,0.0
2025-10-25 05:00:00+00:00,7,36.0,502.7665882371614,11.654756527285196,0.0,491.1118317098762,11.65475652728496,0.0,11.65475652728496,0.0,0.0,11.654756527285196,0.0,0.0,491.11183170987647,0.0,0.0,0.0,491.11183170987647,654.8157756131686,163.70394390329216,11.654756527284974,3.8849188424283243,15.539675369713297,0.23309513054569944,4.911118317098765,0.0,15.505085010192516,188.23816120355744,4887.281966155367,654.8157756131686,0.0,0.0,0.0,4196.277216714648,0.0,7553.298990086366,23.030640374538834,0.0,0.0,0.0,0.0,0.0
2025-10-25 06:00:00+00:00,7,36.0,508.8376504984754,11.74681727408704,0.0,497.0908332243883,11.746817274086851,0.0,11.746817274086851,0.0,0.0,11.74681727408704,0.0,0.0,497.09083322438846,0.0,0.0,0.0,497.09083322438846,662.7877776325179,165.69694440812947,11.746817274086823,3.9156057580289407,15.662423032115763,0.23493634548173645,4.9709083322438845,0.0,15.683201931918646,190.50159677580268,699.339247274278,662.7877776325179,0.0,0.0,0.0,0.0,0.0,7553.298990086366,23.03088240239722,0.0,0.0,0.0,-5.684341886080802e-14,0.0
2025-10-25 07:00:00+00:00,7,36.0,505.31412171377184,11.61606620126409,0.0,493.69805551250766,11.616066201263891,0.0,11.616066201263891,0.0,0.0,11.61606620126409,0.0,0.0,493.69805551250766,0.0,0.0,0.0,493.6980555125077,658.2640740166769,164.56601850416922,11.616066201264061,3.8720220670880203,15.488088268352081,0.23232132402528122,4.936980555125078,0.0,15.565351818291546,189.17269426869916,694.486815982471,658.2640740166769,0.0,0.0,0.0,0.0,0.0,7553.298990086366,23.030538657606563,0.0,0.0,0.0,-5.684341886080802e-14,0.0
2025-10-25 08:00:00+00:00,7,36.0,497.6075400515535,11.380957452100047,0.0,486.2265825994535,11.380957452099842,0.0,11.380957452099842,0.0,0.0,11.380957452100047,0.0,0.0,486.22658259945376,0.0,0.0,0.0,486.22658259945376,648.302110132605,162.07552753315125,11.380957452099835,3.793652484033278,15.174609936133113,0.22761914904199668,4.8622658259945375,0.0,15.317115046399252,186.27618003862034,683.8837200901738,648.302110132605,0.0,0.0,0.0,0.0,0.0,7553.298990086366,23.029920556309047,0.0,0.0,0.0,0.0,0.0
2025-10-25 09:00:00+00:00,7,36.0,502.3093005652719,11.451068571787012,0.0,490.8582319934849,11.451068571786749,0.0,11.451068571786749,0.0,0.0,11.451068571787012,0.0,0.0,490.858231993485,0.0,0.0,0.0,490.858231993485,654.4776426579799,163.61941066449498,11.451068571786891,3.817022857262297,15.268091429049187,0.2290213714357378,4.90858231993485,0.0,15.454836501618175,188.02887371474606,690.3381742800177,654.4776426579799,0.0,0.0,0.0,0.0,0.0,7553.298990086366,23.030104878560785,0.0,0.0,0.0,-2.2737367544323206e-13,0.0
2025-10-25 10:00:00+00:00,7,36.0,505.7268562955514,11.55927303534201,0.0,494.1675832602093,11.559273035341775,0.0,11.559273035341775,0.0,0.0,11.55927303534201,0.0,0.0,494.16758326020954,0.0,0.0,0.0,494.16758326020954,658.8901110136127,164.72252775340317,11.559273035341846,3.853091011780615,15.41236404712246,0.2311854607068369,4.941675832602096,0.0,15.565657604048084,189.31413766254082,0.0,658.8901110136127,0.0,0.0,0.0,0.0,695.0409939580921,6820.6614540547325,23.030389348277705,0.0,0.0,0.0,-5.684341886080802e-14,0.0
2025-10-25 11:00:00+00:00,7,36.0,502.5792560601656,11.188457766445508,0.0,491.3907982937202,11.188457766445289,0.0,11.188457766445289,0.0,0.0,11.188457766445508,0.0,0.0,491.3907982937204,0.0,0.0,0.0,491.3907982937204,655.1877310582938,163.79693276457346,11.188457766445254,3.7294859221484176,14.91794368859367,0.22376915532890504,4.9139079829372045,0.0,15.412829579472941,188.07692540446092,0.0,655.1877310582938,0.0,0.0,0.0,0.0,690.6561814646266,6092.64591622047,23.02941447431126,0.0,0.0,0.0,2.842170943040401e-14,0.0
2025-10-25 12:00:00+00:00,7,36.0,480.87766495671076,11.031635135857613,0.0,469.84602982085335,11.031635135857506,0.0,11.031635135857506,0.0,0.0,11.031635135857613,0.0,0.0,469.8460298208536,0.0,0.0,0.0,469.8460298208536,626.4613730944714,156.61534327361784,11.031635135857414,3.677211711952471,14.708846847809884,0.22063270271714824,4.698460298208536,0.0,14.80838021878536,180.02002820528133,0.0,626.4613730944714,0.0,0.0,0.0,0.0,660.8976931619922,5395.998579306142,23.029002187351328,0.0,0.0,0.0,5.684341886080802e-14,0.0
2025-10-25 13:00:00+00:00,7,36.0,484.0321301325839,11.340410889667815,0.0,472.69171924291607,11.340410889667552,0.0,11.340410889667552,0.0,0.0,11.340410889667815,0.0,0.0,472.6917192429163,0.0,0.0,0.0,472.6917192429163,630.2556256572217,157.56390641430542,11.340410889667567,3.780136963222522,15.120547852890088,0.2268082177933513,4.726917192429163,0.0,14.94977636705923,181.2475451548097,665.2796752873936,630.2556256572217,0.0,0.0,0.0,0.0,0.0,5395.998579306142,23.029813959328127,0.0,0.0,0.0,0.0,0.0
2025-10-25 14:00:00+00:00,7,36.0,486.4100176001526,11.355172075329948,0.0,475.05484552482267,11.355172075329726,0.0,11.355172075329726,0.0,0.0,11.355172075329948,0.0,0.0,475.0548455248228,0.0,0.0,0.0,475.0548455248228,633.4064606997637,158.35161517494092,11.355172075329847,3.7850573584432823,15.14022943377313,0.22710344150659692,4.750548455248228,0.0,15.01555367890576,182.1298781090448,668.5398957091975,633.4064606997637,0.0,0.0,0.0,0.0,0.0,5395.998579306142,23.029852766510093,0.0,0.0,0.0,5.684341886080802e-14,0.0
2025-10-25 15:00:00+00:00,7,36.0,486.6030183071486,11.406443769404076,0.0,475.19657453774465,11.406443769403829,0.0,11.406443769403829,0.0,0.0,11.406443769404076,0.0,0.0,475.1965745377449,0.0,0.0,0.0,475.1965745377449,633.5954327169932,158.3988581792483,11.406443769403893,3.8021479231346307,15.208591692538523,0.22812887538807783,4.751965745377449,0.0,15.030266258771832,182.2113669819203,668.8143852890688,633.5954327169932,0.0,0.0,0.0,0.0,0.0,5395.998579306142,23.029987559880162,0.0,0.0,0.0,-8.526512829121202e-14,0.0
2025-10-25 16:00:00+00:00,7,36.0,494.62819995789204,11.520256338883938,0.0,483.1079436190082,11.520256338883705,0.0,11.520256338883705,0.0,0.0,11.520256338883938,0.0,0.0,483.10794361900827,0.0,0.0,0.0,483.10794361900827,644.1439248253444,161.0359812063361,11.520256338883826,3.8400854462946086,15.360341785178434,0.2304051267776765,4.831079436190083,0.0,15.26423928552316,185.20179050112162,520.9452310255713,644.1439248253444,0.0,0.0,0.0,0.0,158.88475943344233,5228.519337540275,23.030286773317005,0.0,0.0,0.0,-2.842170943040401e-14,0.0
2025-10-25 17:00:00+00:00,7,36.0,493.68260909718543,11.738005664866638,0.0,481.94460343231873,11.7380056648664,0.0,11.7380056648664,0.0,0.0,11.738005664866638,0.0,0.0,481.94460343231884,0.0,0.0,0.0,481.9446034323189,642.5928045764251,160.64820114410628,11.738005664866478,3.9126685549554923,15.650674219821969,0.23476011329732951,4.819446034323189,0.0,15.279943801538394,184.89501964822068,0.0,642.5928045764251,0.0,0.0,0.0,0.0,678.5776287454062,4513.235712183065,23.03085923666174,0.0,0.0,0.0,5.684341886080802e-14,0.0
2025-10-25 18:00:00+00:00,7,36.0,488.6705721818662,11.329971325430352,0.0,477.3406008564358,11.329971325430051,0.0,11.329971325430051,0.0,0.0,11.329971325430352,0.0,0.0,477.3406008564358,0.0,0.0,0.0,477.34060085643586,636.4541344752478,159.11353361881194,11.329971325430279,3.7766571084767593,15.106628433907037,0.22659942650860554,4.773406008564359,0.0,15.070740794939951,182.9609369573016,0.0,636.4541344752478,0.0,0.0,0.0,0.0,671.6315091391677,3805.2739397777427,23.029786513696163,0.0,0.0,0.0,-5.684341886080802e-14,0.0
2025-10-25 19:00:00+00:00,7,36.0,495.75185928226097,11.486669328119513,0.0,484.26518995414136,11.48666932811922,0.0,11.48666932811922,0.0,0.0,11.486669328119513,0.0,0.0,484.2651899541416,0.0,0.0,0.0,484.26518995414165,645.6869199388555,161.42172998471386,11.486669328119262,3.828889776039754,15.315559104159016,0.22973338656238523,4.8426518995414165,0.0,15.287728769203824,185.61073381606124,0.0,645.6869199388555,0.0,0.0,0.0,0.0,681.3625930983221,3087.054704234669,23.03019847300914,0.0,0.0,0.0,-8.526512829121202e-14,0.0
2025-10-25 20:00:00+00:00,7,36.0,499.70999800703163,11.969113904036105,0.0,487.74088410299555,11.969113904035922,0.0,11.969113904035922,0.0,0.0,11.969113904036105,0.0,0.0,487.74088410299555,0.0,0.0,0.0,487.7408841029956,650.3211788039941,162.58029470099854,11.969113904036021,3.9897046346786738,15.958818538714695,0.2393822780807204,4.877408841029956,0.0,15.482933070021858,187.16972352480974,0.0,650.3211788039941,0.0,0.0,0.0,0.0,686.8797215318414,2363.019904693729,23.031466820611744,0.0,0.0,0.0,0.0,0.0
2025-10-25 21:00:00+00:00,7,36.0,507.84691808976305,11.900520948043074,0.0,495.94639714171996,11.900520948042903,0.0,11.900520948042903,0.0,0.0,11.900520948043074,0.0,0.0,495.94639714172024,0.0,0.0,0.0,495.94639714172024,661.261862855627,165.31546571390675,11.900520948042868,3.966840316014289,15.867361264057156,0.2380104189608573,4.959463971417202,0.0,15.685720850852348,190.1655012711514,0.0,661.261862855627,0.0,0.0,0.0,0.0,698.0124193609145,1627.2502112720283,23.031286489614914,0.0,0.0,0.0,0.0,0.0
2025-10-25 22:00:00+00:00,7,36.0,543.8502164142526,13.049292600081865,0.0,530.800923814171,13.049292600081657,0.0,13.049292600081657,0.0,0.0,13.049292600081865,0.0,0.0,530.8009238141713,0.0,0.0,0.0,530.8009238141713,707.7345650855616,176.9336412713904,13.049292600081685,4.349764200027228,17.399056800108912,0.26098585200163366,5.308009238141713,0.0,16.85485830971298,203.70725887127395,0.0,707.7345650855616,0.0,0.0,0.0,0.0,747.5574752855266,839.2554433429295,23.034306612222853,0.0,0.0,0.0,5.684341886080802e-14,0.0
2025-10-25 23:00:00+00:00,7,36.0,533.0982840743934,12.767049823338544,0.0,520.3312342510548,12.767049823338283,0.0,12.767049823338283,0.0,0.0,12.767049823338544,0.0,0.0,520.3312342510549,0.0,0.0,0.0,520.3312342510549,693.7749790014065,173.4437447503516,12.767049823338311,4.2556832744461035,17.022733097784414,0.2553409964667662,5.203312342510549,0.0,16.517096254900338,199.67517761867538,732.7734616930688,693.7749790014065,0.0,0.0,0.0,0.0,0.0,839.2554433429295,23.033564595487448,0.0,0.0,0.0,5.684341886080802e-14,0.0
2025-12-05 00:00:00+00:00,8,47.0,663.5398129241075,12.858726455655907,0.0,650.6810864684516,12.85872645565577,0.0,12.85872645565577,0.0,0.0,12.858726455655907,0.0,0.0,650.6810864684519,0.0,0.0,0.0,650.6810864684519,867.5747819579358,216.89369548948395,12.858726455655642,4.286242151885213,17.144968607540854,0.2571745291131128,6.506810864684519,0.0,19.990958634987607,247.9348816701544,3792.4207836344276,867.5747819579358,0.0,0.0,0.0,2880.946089040166,0.0,7553.298990086366,23.03380561350821,0.0,0.0,0.0,-4.547473508864641e-13,0.0
2025-12-05 01:00:00+00:00,8,47.0,651.9121655313238,12.531703515963443,0.0,639.3804620153603,12.531703515963372,0.0,12.531703515963372,0.0,0.0,12.531703515963443,0.0,0.0,639.3804620153606,0.0,0.0,0.0,639.3804620153606,852.5072826871475,213.12682067178687,12.531703515963159,4.177234505321053,16.70893802128421,0.25063407031926316,6.393804620153607,0.0,19.621607284768416,243.5701011523492,895.482266683673,852.5072826871475,0.0,0.0,0.0,0.0,0.0,7553.298990086366,23.032945869648998,0.0,0.0,0.0,-5.684341886080802e-14,0.0
2025-12-05 02:00:00+00:00,8,47.0,654.8332120062842,12.617883895753474,0.0,642.2153281105305,12.617883895753195,0.0,12.617883895753195,0.0,0.0,12.617883895753474,0.0,0.0,642.2153281105308,0.0,0.0,0.0,642.2153281105308,856.2871041473743,214.07177603684357,12.617883895753266,4.2059612985844215,16.823845194337686,0.2523576779150653,6.422153281105308,0.0,19.715147983451516,244.66739627789988,899.5006082841841,856.2871041473743,0.0,0.0,0.0,0.0,0.0,7553.298990086366,23.033172438012606,0.0,0.0,0.0,2.842170943040401e-14,0.0
2025-12-05 03:00:00+00:00,8,47.0,648.9742338409956,12.479482284516006,0.0,636.4947515564796,12.479482284515782,0.0,12.479482284515782,0.0,0.0,12.479482284516006,0.0,0.0,636.4947515564799,0.0,0.0,0.0,636.4947515564799,848.6596687419731,212.16491718549327,12.479482284515825,4.159827428171941,16.639309712687766,0.24958964569031647,6.364947515564799,0.0,19.53397628044773,242.47325805536804,891.4474918963637,848.6596687419731,0.0,0.0,0.0,0.0,0.0,7553.298990086366,23.032808579943573,0.0,0.0,0.0,5.684341886080802e-14,0.0
2025-12-05 04:00:00+00:00,8,47.0,649.7183145953394,12.507248169353515,0.0,637.211066425986,12.507248169353204,0.0,12.507248169353204,0.0,0.0,12.507248169353515,0.0,0.0,637.2110664259861,0.0,0.0,0.0,637.2110664259861,849.6147552346481,212.40368880866203,12.507248169353261,4.169082723117754,16.676330892471015,0.2501449633870652,6.3721106642598615,0.0,19.558892194079405,242.7539193535061,892.4722339488453,849.6147552346481,0.0,0.0,0.0,0.0,0.0,7553.298990086366,23.032881576501573,0.0,0.0,0.0,-1.7053025658242404e-13,0.0
2025-12-05 05:00:00+00:00,8,47.0,643.4674553410214,12.414459650884433,0.0,631.0529956901369,12.414459650884154,0.0,12.414459650884154,0.0,0.0,12.414459650884433,0.0,0.0,631.0529956901373,0.0,0.0,0.0,631.0529956901372,841.4039942535162,210.35099856337905,12.414459650883941,4.138153216961314,16.552612867845255,0.24828919301767882,6.310529956901372,0.0,19.375874413182572,240.423845343442,883.8913006844634,841.4039942535162,0.0,0.0,0.0,0.0,0.0,7553.298990086366,23.032637635330246,0.0,0.0,0.0,5.684341886080802e-14,0.0
2025-12-05 06:00:00+00:00,8,47.0,647.292226683225,12.294556746047775,0.0,634.9976699371772,12.294556746047519,0.0,12.294556746047519,0.0,0.0,12.294556746047775,0.0,0.0,634.9976699371775,0.0,0.0,0.0,634.9976699371775,846.6635599162366,211.66588997905916,12.29455674604742,4.098185582015806,16.392742328063225,0.24589113492094836,6.3499766993717754,0.0,19.45478502996555,241.81472842533321,889.1069551085582,846.6635599162366,0.0,0.0,0.0,0.0,0.0,7553.298990086366,23.032322410391494,0.0,0.0,0.0,0.0,0.0
2025-12-05 07:00:00+00:00,8,47.0,655.8120234646519,12.292299395157464,0.0,643.5197240694945,12.292299395157173,0.0,12.292299395157173,0.0,0.0,12.292299395157464,0.0,0.0,643.5197240694947,0.0,0.0,0.0,643.5197240694947,858.0262987593262,214.50657468983155,12.292299395157215,4.097433131719072,16.389732526876287,0.2458459879031443,6.435197240694947,0.0,19.68013706858669,244.9651881187354,900.7772115833873,858.0262987593262,0.0,0.0,0.0,0.0,0.0,7553.298990086366,23.032316475812202,0.0,0.0,0.0,-5.684341886080802e-14,0.0
2025-12-05 08:00:00+00:00,8,47.0,658.9379544870618,12.321228520534678,0.0,646.6167259665272,12.321228520534547,0.0,12.321228520534547,0.0,0.0,12.321228520534678,0.0,0.0,646.6167259665274,0.0,0.0,0.0,646.6167259665274,862.1556346220365,215.53890865550912,12.321228520534305,4.107076173511435,16.42830469404574,0.24642457041068608,6.466167259665274,0.0,19.768389772951195,246.1269664320477,905.0649209191095,862.1556346220365,0.0,0.0,0.0,0.0,0.0,7553.298990086366,23.03239253053154,0.0,0.0,0.0,-5.684341886080802e-14,0.0
2025-12-05 09:00:00+00:00,8,47.0,650.1259113719993,12.352252602625894,0.0,637.7736587693734,12.352252602625583,0.0,12.352252602625583,0.0,0.0,12.352252602625894,0.0,0.0,637.7736587693736,0.0,0.0,0.0,637.7736587693736,850.3648783591648,212.5912195897912,12.352252602625526,4.117417534208508,16.469670136834033,0.24704505205251048,6.377736587693736,0.0,19.540678338569478,242.87409710231543,893.0000084743148,850.3648783591648,0.0,0.0,0.0,0.0,0.0,7553.298990086366,23.032474092895608,0.0,0.0,0.0,0.0,0.0
2025-12-05 10:00:00+00:00,8,47.0,650.8745462308826,12.392121071722364,0.0,638.4824251591604,12.392121071722201,0.0,12.392121071722201,0.0,0.0,12.392121071722364,0.0,0.0,638.4824251591606,0.0,0.0,0.0,638.4824251591606,851.3099002122141,212.82747505305352,12.392121071722158,4.1307070239073855,16.522828095629542,0.24784242143444313,6.384824251591606,0.0,19.56798053974478,243.15882928973173,0.0,851.3099002122141,0.0,0.0,0.0,0.0,894.0333755206144,6610.905066468444,23.032578907168006,0.0,0.0,0.0,5.684341886080802e-14,0.0
2025-12-05 11:00:00+00:00,8,47.0,638.261152214895,11.818024335997501,0.0,626.4431278788974,11.81802433599725,0.0,11.81802433599725,0.0,0.0,11.818024335997501,0.0,0.0,626.4431278788976,0.0,0.0,0.0,626.4431278788977,835.2575038385303,208.81437595963257,11.818024335997166,3.9393414453323885,15.757365781329554,0.2363604867199433,6.264431278788977,0.0,19.12625468939339,238.38076385986727,0.0,835.2575038385303,0.0,0.0,0.0,0.0,876.6419160747622,5686.843350744969,23.03106960588291,0.0,0.0,0.0,-5.684341886080802e-14,0.0
2025-12-05 12:00:00+00:00,8,47.0,663.8283949982359,12.37352655492992,0.0,651.4548684433058,12.37352655492974,0.0,12.37352655492974,0.0,0.0,12.37352655492992,0.0,0.0,651.4548684433059,0.0,0.0,0.0,651.4548684433059,868.6064912577413,217.1516228144353,12.373526554929867,4.124508851643289,16.498035406573155,0.24747053109859732,6.514548684433059,0.0,19.90777663853609,247.94592752014637,0.0,868.6064912577413,0.0,0.0,0.0,0.0,911.7743225183823,4725.748827006622,23.03253002215204,0.0,0.0,0.0,0.0,0.0
2025-12-05 13:00:00+00:00,8,47.0,667.277368825887,12.680816057138713,0.0,654.5965527687481,12.680816057138642,0.0,12.680816057138642,0.0,0.0,12.680816057138713,0.0,0.0,654.5965527687481,0.0,0.0,0.0,654.5965527687482,872.7954036916642,218.19885092291605,12.680816057138486,4.226938685712828,16.907754742851314,0.2536163211427697,6.545965527687482,0.0,20.056699039782345,249.28207049724148,916.5594393231285,872.7954036916642,0.0,0.0,0.0,0.0,0.0,4725.748827006622,23.033337886770877,0.0,0.0,0.0,-5.684341886080802e-14,0.0
2025-12-05 14:00:00+00:00,8,47.0,656.2361159331532,12.283944985485899,0.0,643.9521709476675,12.28394498548569,0.0,12.28394498548569,0.0,0.0,12.283944985485899,0.0,0.0,643.9521709476677,0.0,0.0,0.0,643.9521709476677,858.6028945968902,214.65072364922256,12.283944985485618,4.0946483284952055,16.378593313980822,0.24567889970971232,6.4395217094766775,0.0,19.689811573511477,245.12038416041565,901.3565000935688,858.6028945968902,0.0,0.0,0.0,0.0,0.0,4725.748827006622,23.032294512055103,0.0,0.0,0.0,-5.684341886080802e-14,0.0
2025-12-05 15:00:00+00:00,8,47.0,649.1401459438043,12.655940409298227,0.0,636.4842055345063,12.655940409297983,0.0,12.655940409297983,0.0,0.0,12.655940409298227,0.0,0.0,636.4842055345065,0.0,0.0,0.0,636.4842055345065,848.645607379342,212.1614018448355,12.655940409297955,4.218646803099318,16.874587212397273,0.2531188081859591,6.364842055345065,0.0,19.571405912131397,242.5694154235972,891.7095613674015,848.645607379342,0.0,0.0,0.0,0.0,0.0,4725.748827006622,23.03327248865081,0.0,0.0,0.0,0.0,0.0
2025-12-05 16:00:00+00:00,8,47.0,658.3620909479483,13.252701446579703,0.0,645.1093895013686,13.252701446579408,0.0,13.252701446579408,0.0,0.0,13.252701446579703,0.0,0.0,645.1093895013687,0.0,0.0,0.0,645.1093895013687,860.1458526684916,215.0364631671229,13.252701446579522,4.41756714885984,17.67026859543936,0.2650540289315904,6.451093895013687,0.0,19.927501120920283,246.09767936084828,1813.2399460582076,860.1458526684916,0.0,0.0,0.0,908.780175749411,0.0,5587.893401339499,23.03484137442287,0.0,0.0,0.0,-1.1368683772161603e-13,0.0
2025-12-05 17:00:00+00:00,8,47.0,652.7164235928576,13.32447574128291,0.0,639.3919478515747,13.324475741282697,0.0,13.324475741282697,0.0,0.0,13.32447574128291,0.0,0.0,639.3919478515751,0.0,0.0,0.0,639.3919478515751,852.5225971354334,213.13064928385836,13.324475741282413,4.441491913760804,17.765967655043216,0.26648951482564825,6.393919478515751,0.0,19.791327083978842,244.02387727493942,0.0,852.5225971354334,0.0,0.0,0.0,0.0,896.740300867797,4642.646127870531,23.035030069164527,0.0,0.0,0.0,0.0,0.0
2025-12-05 18:00:00+00:00,8,47.0,640.5893790660042,13.22464436547791,0.0,627.3647347005265,13.224644365477644,0.0,13.224644365477644,0.0,0.0,13.22464436547791,0.0,0.0,627.3647347005266,0.0,0.0,0.0,627.3647347005266,836.4863129340354,209.12157823350884,13.224644365477843,4.408214788492614,17.632859153970458,0.26449288730955683,6.273647347005266,0.0,19.45127197046652,239.5192052267828,0.0,836.4863129340354,0.0,0.0,0.0,0.0,880.1085842927871,3714.9302229933646,23.034767612309402,0.0,0.0,0.0,1.1368683772161603e-13,0.0
2025-12-05 19:00:00+00:00,8,47.0,644.5417298599413,12.667400571571386,0.0,631.8743292883698,12.667400571571164,0.0,12.667400571571164,0.0,0.0,12.667400571571386,0.0,0.0,631.8743292883698,0.0,0.0,0.0,631.8743292883698,842.4991057178264,210.6247764294566,12.66740057157142,4.222466857190473,16.889867428761892,0.2533480114314284,6.318743292883698,0.0,19.45169322828656,240.87102781924878,0.0,842.4991057178264,0.0,0.0,0.0,0.0,885.41275767919,2781.623228447704,23.03330261743673,0.0,0.0,0.0,-2.842170943040401e-14,0.0
2025-12-05 20:00:00+00:00,8,47.0,671.925425228235,12.595145310341508,0.0,659.3302799178933,12.59514531034128,0.0,12.59514531034128,0.0,0.0,12.595145310341508,0.0,0.0,659.3302799178936,0.0,0.0,0.0,659.3302799178937,879.1070398905249,219.77675997263123,12.595145310341195,4.198381770113731,16.793527080454925,0.2519029062068239,6.593302799178937,0.0,20.163834970644103,250.98418241877482,0.0,879.1070398905249,0.0,0.0,0.0,0.0,922.9096076470098,1808.791083575403,23.033112658233264,0.0,0.0,0.0,0.0,0.0
2025-12-05 21:00:00+00:00,8,47.0,669.633511988809,12.657012748085892,0.0,656.976499240723,12.657012748085648,0.0,12.657012748085648,0.0,0.0,12.657012748085892,0.0,0.0,656.9764992407231,0.0,0.0,0.0,656.9764992407231,875.9686656542974,218.99216641357435,12.65701274808589,4.219004249361963,16.876016997447852,0.25314025496171777,6.569764992407231,0.0,20.114680854145064,250.14875676445035,0.0,875.9686656542974,0.0,0.0,0.0,0.0,919.7822687532594,839.2554433429295,23.03327530783129,0.0,0.0,0.0,0.0,0.0
2025-12-05 22:00:00+00:00,8,47.0,657.7285885322821,12.509169859424672,0.0,645.2194186728575,12.50916985942446,0.0,12.50916985942446,0.0,0.0,12.509169859424672,0.0,0.0,645.2194186728577,0.0,0.0,0.0,645.2194186728577,860.292558230477,215.07313955761924,12.509169859424446,4.169723286474815,16.67889314589926,0.25018339718848887,6.452194186728577,0.0,19.77152419378973,245.71676462180085,903.4453531540828,860.292558230477,0.0,0.0,0.0,0.0,0.0,839.2554433429295,23.032886628628006,0.0,0.0,0.0,-1.1368683772161603e-13,0.0
2025-12-05 23:00:00+00:00,8,47.0,626.1968552056563,11.802189670693753,0.0,614.3946655349627,11.802189670693522,0.0,11.802189670693522,0.0,0.0,11.802189670693753,0.0,0.0,614.394665534963,0.0,0.0,0.0,614.394665534963,819.1928873799507,204.79822184498767,11.802189670693565,3.9340632235645216,15.736252894258087,0.2360437934138713,6.14394665534963,0.0,18.803586569303718,233.9158620866194,5056.389934006923,819.1928873799507,0.0,0.0,0.0,4196.277216714648,0.0,4820.193552830012,23.031027976521155,0.0,0.0,0.0,0.0,0.0
