timestamp_hour_utc,representative_day_id,day_weight,it_load_kw,q_air_kw,q_cp_kw,q_rdhx_kw,s_air_kw,s_air_old_kw,s_air_new_kw,old_ac_capacity_eff_kw,q_air_to_ashp_kw,q_air_to_reject_kw,q_cp_to_wshp_kw,q_cp_to_free_kw,q_rdhx_to_wshp_kw,q_rdhx_to_chiller_kw,q_ashp_out_kw,p_ashp_kw,q_wshp_in_kw,q_wshp_out_kw,p_wshp_kw,q_chiller_evap_kw,p_chiller_kw,q_tower_kw,p_tower_kw,p_pump_kw,p_cdu_free_kw,p_terminal_kw,p_cooling_kw,p_grid_kw,q_heat_kw,heating_demand_kw,heat_demand_upper_violation_kw,q_tes_ch_kw,q_tes_dis_kw,e_tes_kwh,p_bess_ch_kw,p_bess_dis_kw,e_bess_kwh,max_theta_c,hotspot_slack_c,hotspot_penalty_yuan,bess_degradation_cost_yuan,power_balance_residual_kw,heat_balance_residual_kw
2025-01-15 00:00:00+00:00,0,71.0,2808.3800211662774,822.036106795125,1417.7972348927683,568.5466794783833,822.036106795125,755.0050880685518,67.03101872657317,4649.383728459951,619.2788600260825,202.75724676904247,1075.9319813721227,341.86525352064564,568.5466794783833,0.0,900.7692509470291,281.4903909209466,1644.478660850506,2192.638214467341,548.1595536168353,202.75724676904247,67.58574892301415,612.2082492127022,9.183123738190533,44.80073130636043,6.837305070412913,194.04878862307018,1152.1056421988299,3960.4856633651066,3093.4074654143706,3093.40746541437,4.547473508864641e-13,0.0,0.0,0.0,0.0,0.0,1337.9695094966876,23.963713699220097,0.0,0.0,0.0,-6.821210263296962e-13,0.0
2025-01-15 01:00:00+00:00,0,71.0,2850.3519168317885,833.6713494362607,1437.4556589489487,579.2249084465766,833.6713494362608,765.5921622275305,68.07918720873032,4649.383728459951,627.8926080129925,205.77874142326823,1363.4420139279814,74.01364502096726,579.2249084465766,0.0,913.2983389279891,285.4057309149966,1942.666922374558,2590.222563166077,647.5556407915193,205.77874142326823,68.59291380775608,348.38530025199157,5.225779503779873,48.17578240272455,1.4802729004193453,196.86279804371307,1253.2989183649088,4103.650835196697,3109.2480335896903,3109.24803358969,4.547473508864641e-13,394.27286850437616,0.0,374.5592250791574,0.0,0.0,1337.9695094966876,23.9632635015669,0.0,0.0,0.0,-4.547473508864641e-13,5.684341886080802e-14
2025-01-15 02:00:00+00:00,0,71.0,2878.6567769324,840.3506671617384,1452.7307747476646,585.5753350229968,840.3506671617386,772.4211424521307,67.92952470960785,4649.383728459951,634.5373258940044,205.81334126773402,1452.7307747476646,0.0,585.5753350229968,0.0,922.9633831185519,288.42605722454743,2038.3061097706614,2717.741479694215,679.4353699235537,205.81334126773402,68.60444708924467,274.4177883569787,4.11626682535468,49.437676592659905,0.0,198.486738875461,1288.5065565308214,5738.8105317770605,3126.3087354318395,3126.30873543184,0.0,514.3961273809273,0.0,862.48642764088,1571.6471983138392,0.0,2828.9649569649105,23.9623510993687,0.0,0.0,0.0,-2.2737367544323206e-13,0.0
2025-01-15 03:00:00+00:00,0,71.0,2848.0398182076824,832.6942401485226,1438.1594972328119,577.1860808263482,832.6942401485225,765.2197390464213,67.47450110210119,4649.383728459951,628.29399456049,204.4002455880326,1438.1594972328119,0.0,577.1860808263483,-1.1368683772161603e-13,913.8821739061673,285.58817934567725,2015.3455780591603,2687.1274374122136,671.7818593530534,204.40024558803248,68.13341519601083,272.5336607840433,4.08800491176065,48.91664572524784,0.0,196.59645248741552,1275.1045570191654,4123.144375226848,3153.1453945375406,3153.14539453754,4.547473508864641e-13,447.8642167808405,0.0,1286.2324607273968,0.0,0.0,2828.9649569649105,23.96176885329631,0.0,0.0,0.0,0.0,-2.2737367544323206e-13
2025-01-15 04:00:00+00:00,0,71.0,2876.2462463172383,840.8897135778534,1451.6798942947923,583.6766384445932,840.8897135778534,772.2646427934787,68.62507078437464,4649.383728459951,634.2400527938728,206.6496607839806,1451.6798942947923,0.0,583.6766384445932,0.0,922.5309858819968,288.290933088124,2035.3565327393856,2713.8087103191806,678.4521775797951,206.6496607839806,68.88322026132687,275.5328810453075,4.132993215679612,49.3871632132897,0.0,198.550549777546,1287.6970371357613,4163.943283452999,4279.455926564876,4724.98616333848,0.0,0.0,643.1162303636984,606.6955427915226,0.0,0.0,2828.9649569649105,23.96158786687945,0.0,0.0,0.0,-6.821210263296962e-13,0.0
2025-01-15 05:00:00+00:00,0,71.0,2860.627209702743,835.9174061871768,1444.177380091133,580.5324234244324,835.9174061871768,768.1042005447657,67.81320564241108,4649.383728459951,630.7532830613382,205.16412312583861,1444.177380091133,0.0,580.5324234244324,0.0,917.4593208164919,286.7060377551537,2024.7098035155655,2699.613071354087,674.9032678385217,205.16412312583861,68.38804104194621,273.55216416778484,4.1032824625167725,49.130645636978315,0.0,197.38688239316468,1280.6181571282814,4141.2453668310245,4192.280436291221,6506.07545272263,0.0,0.0,575.2080441206426,0.0,0.0,0.0,2828.9649569649105,23.962972871798716,0.0,0.0,0.0,0.0,0.0
2025-01-15 06:00:00+00:00,0,71.0,2891.20752532406,845.730318225192,1460.752465824668,584.7247412742,845.7303182251921,777.2109529319,68.51936529329211,4649.383728459951,637.9567194832263,207.77359874196577,1460.752465824668,0.0,584.7247412742,0.0,927.9370465210565,289.98032703783014,2045.477207098868,2727.30294279849,681.8257356996226,207.77359874196577,69.25786624732193,277.0314649892877,4.155471974839315,49.66982138748204,0.0,199.6349881445599,1294.5242104916558,4185.731735815716,3655.2399893195466,6069.99645352609,0.0,0.0,0.0,0.0,0.0,0.0,2828.9649569649105,23.962820634729624,0.0,0.0,0.0,2.2737367544323206e-13,0.0
2025-01-15 07:00:00+00:00,0,71.0,2991.1255254053904,868.7128268826318,1513.018939141487,609.3937593812714,868.7128268826318,799.8365864487622,68.8762404338696,4649.383728459951,660.4391554699419,208.27367141268996,1513.018939141487,0.0,609.3937593812714,0.0,960.6387715926427,300.19961612270083,2122.4126985227585,2829.8835980303447,707.4708995075862,208.27367141268996,69.42455713756333,277.6982285502533,4.165473428253799,51.484505768057325,0.0,205.3017498803712,1338.0468018445326,4329.172327249922,3790.5223696229873,4844.12799534811,0.0,0.0,0.0,0.0,0.0,0.0,2828.9649569649105,23.962259051581917,0.0,0.0,0.0,-9.094947017729282e-13,0.0
2025-01-15 08:00:00+00:00,0,71.0,2944.9752679612047,853.6582213724585,1490.6289448963055,600.6881016924418,853.6582213724585,786.4281141049471,67.23010726751136,4649.383728459951,650.5454625533889,203.11275881906954,1490.6289448963055,0.0,600.6881016924418,0.0,946.247945532202,295.7024829788131,2091.3170465887474,2788.4227287849963,697.1056821962491,203.11275881906954,67.70425293968985,270.8170117587594,4.062255176381391,50.725749363813584,0.0,201.79638172343394,1317.096804378381,4262.072072339586,3734.670674317198,4309.37483658353,0.0,0.0,0.0,0.0,0.0,0.0,2828.9649569649105,23.96328929294754,0.0,0.0,0.0,4.547473508864641e-13,0.0
2025-01-15 09:00:00+00:00,0,71.0,2856.3171736067093,829.8080729002984,1443.4459514718878,583.0631492345226,829.8080729002984,763.2085936297285,66.59947927056992,4649.383728459951,630.132215501686,199.67585739861238,106.70523494714166,1336.7407165247462,583.0631492345226,0.0,916.5559498206342,286.42373431894816,689.7683841816643,919.6911789088856,229.9227947272214,199.67585739861238,66.55861913287079,1602.9751930562293,24.044627895843437,35.7666028712544,26.734814330494924,196.13239010151045,865.5835833781437,3721.9007569848527,1836.2471287295198,1836.24712872952,0.0,0.0,0.0,0.0,0.0,0.0,2828.9649569649105,23.964396402885274,0.0,0.0,0.0,-2.2737367544323206e-13,0.0
2025-01-15 10:00:00+00:00,0,71.0,2920.5415446704137,846.1613615732336,1478.1279170877372,596.252266009441,846.1613615732338,778.4946360011467,67.66672557208705,4649.383728459951,0.0,846.1613615732336,0.0,1478.1279170877372,482.3371727727738,113.91509323666719,0.0,0.0,482.3371727727738,643.1162303636984,160.7790575909246,960.0764548099008,320.02548493663363,2758.2298568342717,41.373447852514076,34.385930069482484,29.562558341754745,200.04038031298822,786.1668591042977,2892.7628861393937,0.0,0.0,0.0,643.1162303636984,0.0,610.9604188455135,0.0,813.9455176353172,1970.9910479607934,23.964183538726676,0.0,0.0,0.0,-5.684341886080801e-13,0.0
2025-01-15 11:00:00+00:00,0,71.0,2884.3580135951543,835.9708519363184,1462.0308216470212,586.3563400118145,835.9708519363184,769.308794290532,66.66205764578636,4649.383728459951,0.0,835.9708519363184,0.0,1462.0308216470212,482.3371727727738,104.01916723904071,0.0,0.0,482.3371727727738,643.1162303636984,160.7790575909246,939.9900191753591,313.33000639178636,2715.3508472141666,40.7302627082125,34.06398816066816,29.240616432940424,197.5598902686459,775.7038215531778,2088.4146368344927,0.0,0.0,0.0,643.1162303636984,0.0,1220.6989168533362,0.0,1571.6471983138392,314.32943966276787,23.964047338076533,0.0,0.0,0.0,-3.410605131648481e-13,0.0
2025-01-15 12:00:00+00:00,0,71.0,2853.4237402053895,825.9140926555208,1446.9770569170978,580.5325906327729,825.9140926555209,760.3163820852253,65.59771057029555,4649.383728459951,0.0,825.9140926555208,0.0,1446.9770569170978,53.66442766402662,526.8681629687462,0.0,0.0,53.66442766402662,71.55257021870216,17.88814255467554,1352.782255624267,450.92741854142236,3250.6867310827874,48.76030096624181,29.476185414982222,28.939541138341955,195.21668600082225,771.208274616486,3624.632014821876,0.0,0.0,0.0,71.55257021870216,0.0,1286.2324607273968,0.0,0.0,314.32943966276787,23.96536980270712,0.0,0.0,0.0,4.547473508864641e-13,0.0
2025-01-15 13:00:00+00:00,0,71.0,2959.8028347531276,857.1178410167544,1500.9545292088305,601.7304645275433,857.1178410167545,788.685319776616,68.43252124013848,4649.383728459951,0.0,857.1178410167544,0.0,1500.9545292088305,2.030893359043091,599.6995711685001,0.0,0.0,2.030893359043091,2.707857812057455,0.6769644530143637,1456.8174121852544,485.6058040617515,3443.3777454558367,51.65066618183755,30.03939951776704,30.01909058417661,202.56981033752376,800.5617351360709,3760.3645698891983,0.0,0.0,0.0,2.707857812057455,0.0,1286.2324607273968,0.0,0.0,314.32943966276787,23.961500210198402,0.0,0.0,0.0,-2.2737367544323206e-13,0.0
2025-01-15 14:00:00+00:00,0,71.0,2688.7827231125098,781.2598328582218,1363.5172644547026,544.0056257995851,781.2598328582218,716.9479889800018,64.31184387821996,4649.383728459951,595.2239249320817,186.0359079261401,147.1258257790716,1216.391438675631,544.0056257995852,-1.1368683772161603e-13,865.7802544466642,270.55632951458256,691.1314515786569,921.5086021048758,230.37715052621894,186.03590792614,62.01196930871333,1464.4393159104843,21.966589738657262,34.181659804880624,24.32782877351262,184.51261612036657,827.9341437869319,4595.728241862443,1787.28885655154,1787.28885655154,0.0,0.0,0.0,1283.659995805942,1079.0113749630013,0.0,1337.9695094966876,23.967775596811382,0.0,0.0,0.0,-4.547473508864641e-13,0.0
2025-01-15 15:00:00+00:00,0,71.0,2904.154167839462,842.491205168156,1475.3407849288226,586.3221777424842,842.4912051681558,775.4022482836199,67.088956884536,4649.383728459951,644.1776716858897,198.31353348226628,118.17158398137721,1357.1692009474455,586.3221777424842,0.0,936.985704270385,292.80803258449527,704.4937617238614,939.3250156318152,234.8312539079538,198.31353348226628,66.10451116075542,1621.587245590467,24.323808683857006,36.55175331581507,27.14338401894891,198.97670094311306,880.7394446149386,5356.540810768239,1876.3107199022002,1876.3107199022,2.2737367544323206e-13,0.0,0.0,1281.09267581433,1571.6471983138392,0.0,2828.9649569649105,23.962352652666855,0.0,0.0,0.0,-1.1368683772161603e-12,0.0
2025-01-15 16:00:00+00:00,0,71.0,2899.9406730654787,841.3955561431114,1473.6347998190881,584.9103171032792,841.3955561431114,774.2364943893825,67.15906175372885,4649.383728459951,643.6619009004369,197.73365524267456,865.9651043987341,607.6696954203541,584.9103171032792,0.0,936.2354922188173,292.5735913183804,1450.8754215020133,1934.5005620026843,483.6251405006711,197.73365524267456,65.91121841422485,871.3145690772535,13.069718536158803,43.98145021140189,12.153393908407082,198.6989143188287,1110.013427208073,4009.954100273552,2862.62871710077,2862.62871710077,0.0,8.107337120731914,0.0,1286.2324607273968,0.0,0.0,2828.9649569649105,23.960765655688252,0.0,0.0,0.0,2.2737367544323206e-13,-2.149391775674303e-13
2025-01-15 17:00:00+00:00,0,71.0,2892.0617509044387,839.5017010036643,1468.4195338776321,584.1405160231401,839.5017010036643,772.2215164521988,67.28018455146548,4649.383728459951,641.5026937189649,197.99900728469936,1468.4195338776324,-2.2737367544323206e-13,584.1405160231402,-1.1368683772161603e-13,933.0948272275854,291.5921335086204,2052.5600499007724,2736.7467332010297,684.1866833002574,197.99900728469925,65.99966909489974,263.99867637959875,3.959980145693981,49.89399117656036,-4.547473508864641e-15,198.26416565127147,1293.8966228773033,4185.958373781741,4231.5129306891195,4231.51293068912,0.0,0.0,561.6713702605045,692.4269744790951,0.0,0.0,2828.9649569649105,23.960167303170834,0.0,0.0,0.0,-9.094947017729282e-13,0.0
2025-01-15 18:00:00+00:00,0,71.0,2844.1633228233004,825.3496256368661,1442.7378175567833,576.0758796296516,825.349625636866,759.6033637953237,65.74626184154232,4649.383728459951,630.2240271238727,195.1255985129934,0.0,1442.7378175567833,576.0758796296516,0.0,916.6894939983603,286.46546687448756,576.0758796296516,768.1011728395354,192.02529320988384,195.1255985129934,65.0418661709978,1702.9052822407746,25.543579233611617,34.615515147432184,28.854756351135666,194.97174556748914,827.5182225550378,3671.6815453783383,2327.906897201594,4022.62309884896,0.0,0.0,643.1162303636984,14.077667515717621,0.0,0.0,2828.9649569649105,23.96117224721371,0.0,0.0,0.0,1.1368683772161603e-13,0.0
2025-01-15 19:00:00+00:00,0,71.0,2852.84069226675,828.6080608076431,1446.0311744126957,578.201457046411,828.608060807643,762.4324225107206,66.17563829692249,4649.383728459951,632.3112584554948,196.29680235214835,0.0,1446.0311744126957,578.201457046411,0.0,919.7254668443561,287.41420838886125,578.201457046411,770.9352760618813,192.73381901547032,196.29680235214835,65.43226745071611,1707.76024421556,25.6164036632334,34.70263805871802,28.920623488253913,195.73509104930523,830.5550511145582,2869.4502257459912,1704.0077794778892,3676.17580245473,0.0,0.0,13.347036571651877,0.0,0.0,813.9455176353172,1970.9910479607934,23.95675261889294,0.0,0.0,0.0,2.2737367544323206e-13,0.0
2025-01-15 20:00:00+00:00,0,71.0,2910.839210415089,847.2032255083927,1472.1553518812698,591.4806330254271,847.2032255083927,778.5200597343545,68.68316577403823,4649.383728459951,644.0900307160896,203.11319479230315,1.4748562731452893e-12,1472.1553518812684,591.4806330254271,0.0,936.8582264961303,292.7681957800407,591.4806330254286,788.6408440339047,197.16021100847618,203.11319479230315,67.70439826410104,1742.9729449376725,26.144594174065087,35.35791336787968,29.443107037625367,200.13070788238556,848.7091275145735,2187.9011396158235,1725.4990705300352,6220.61240335217,0.0,0.0,0.0,0.0,0.0,1571.6471983138392,314.32943966276787,23.954213879601728,0.0,0.0,0.0,4.547473508864641e-13,0.0
2025-01-15 21:00:00+00:00,0,71.0,2858.059779910936,833.1854068268622,1439.4320159460472,585.4423571380258,833.1854068268622,764.3792970983993,68.8061097284628,4649.383728459951,629.9058721144091,203.27953471245303,1439.4320159460472,0.0,585.4423571380258,0.0,916.2267230755042,286.32085096109506,2024.8743730840729,2699.8324974454304,674.9581243613576,203.27953471245303,67.75984490415101,271.03937961660404,4.06559069424906,49.03738404976167,0.0,196.9110338096692,1279.0528287802836,4137.112608691219,3616.0592205209346,6197.3650342826,0.0,0.0,0.0,0.0,0.0,0.0,314.32943966276787,23.955775424165747,0.0,0.0,0.0,-4.547473508864641e-13,0.0
2025-01-15 22:00:00+00:00,0,71.0,2908.4096275591255,847.9121962023003,1463.9919038389137,596.5055275179111,847.9121962023003,778.1751751130021,69.73702108929814,4649.383728459951,640.4922855219053,207.419910680395,1463.9919038389137,0.0,596.5055275179111,0.0,931.6251425773168,291.1328570554115,2060.4974313568246,2747.329908475766,686.8324771189415,207.419910680395,69.13997022679833,276.5598809071933,4.1483982136079,49.884812390346525,0.0,200.4125130575104,1301.5510280626163,4209.960655621742,3678.9550510530826,5290.28648466948,0.0,0.0,0.0,0.0,0.0,0.0,314.32943966276787,23.955911584723857,0.0,0.0,0.0,4.547473508864641e-13,0.0
2025-01-15 23:00:00+00:00,0,71.0,2895.535406614037,845.1653299077512,1458.1812136725623,592.1888630337249,845.1653299077512,776.0277856008427,69.13754430690857,4649.383728459951,637.8528309679226,207.31249893982863,888.8284158807711,569.3527977917912,592.1888630337249,0.0,927.785935953342,289.93310498541933,1481.017278914496,1974.689705219328,493.672426304832,207.31249893982863,69.10416631327621,845.769463044896,12.68654194567344,43.973797062596205,11.387055955835825,199.70230139575995,1120.459393963393,5095.006175540431,2902.4756411726703,2902.47564117267,4.547473508864641e-13,0.0,0.0,0.0,1079.0113749630013,0.0,1337.9695094966876,23.956345535094655,0.0,0.0,0.0,-2.2737367544323206e-13,0.0
2025-03-21 00:00:00+00:00,1,14.0,4576.190816440603,1331.1112593991395,2314.096081409419,930.9834756320429,1331.1112593991395,1223.6298665183501,107.48139288078934,4649.383728459951,0.0,1331.1112593991395,0.0,2314.096081409419,0.0,930.9834756320429,0.0,0.0,0.0,0.0,0.0,2262.0947350311826,754.0315783437276,5330.2223947843295,79.95333592176495,46.281921628188385,46.281921628188385,314.4904297885947,1241.039187310464,5817.230003751067,0.0,0.0,0.0,0.0,0.0,1278.530490462702,0.0,0.0,314.32943966276787,23.944901986082467,0.0,0.0,0.0,-4.547473508864641e-13,0.0
2025-03-21 01:00:00+00:00,1,14.0,3752.032514841168,1092.464576043843,1897.3530906014614,762.2148481958634,1092.464576043843,1004.2021147267902,88.26246131705278,4649.383728459951,0.0,1092.464576043843,0.0,1897.3530906014614,0.0,762.2148481958634,0.0,0.0,0.0,0.0,0.0,1854.6794242397063,618.2264747465688,4370.258989587736,65.55388484381604,37.947061812029226,37.947061812029226,258.0579862938354,1017.7324695082787,6341.412182663286,0.0,0.0,0.0,0.0,0.0,1275.973429481777,1571.6471983138392,0.0,1805.3248871309906,23.954032888632184,0.0,0.0,0.0,4.547473508864641e-13,0.0
2025-03-21 02:00:00+00:00,1,14.0,4490.833738574025,1305.566882235862,2271.6046496587132,913.662206679447,1305.566882235862,1200.7778002196098,104.78908201625211,4649.383728459951,0.0,1305.566882235862,0.0,2271.6046496587132,0.0,913.662206679447,0.0,0.0,0.0,0.0,0.0,2219.229088915309,739.7430296384364,5230.576768212459,78.45865152318687,45.432092993174265,45.432092993174265,308.4735418625204,1217.5394090104921,5708.373147584517,0.0,0.0,0.0,0.0,0.0,1273.4214826228135,0.0,0.0,1805.3248871309906,23.946614372342843,0.0,0.0,0.0,-2.2737367544323206e-13,0.0
2025-03-21 03:00:00+00:00,1,14.0,3516.3896015150417,1022.0619322613428,1779.3342171250517,714.9934521286463,1022.0619322613428,940.0930280818623,81.96890417948055,4649.383728459951,0.0,1022.0619322613428,0.0,1779.3342171250517,0.0,714.9934521286463,0.0,0.0,0.0,0.0,0.0,1737.055384389989,579.0184614633297,4095.4080629783703,61.43112094467555,35.58668434250104,35.58668434250104,241.48245414768,953.1054052406872,5548.50638171873,0.0,0.0,0.0,0.0,0.0,1270.8746396575682,1079.0113749630016,0.0,2828.9649569649105,23.957526864460803,0.0,0.0,0.0,-2.2737367544323206e-13,0.0
2025-03-21 04:00:00+00:00,1,14.0,3028.9048086142343,878.8245786862611,1532.924277839626,617.1559520883494,878.8245786862612,808.4609389684362,70.36363971782504,4649.383728459951,0.0,878.8245786862611,0.0,1532.924277839626,0.0,617.1559520883494,0.0,0.0,0.0,0.0,0.0,1495.9805307746105,498.6601769248702,3527.5649855391066,52.9134747830866,30.65848555679252,30.65848555679252,207.702576520116,820.5931993416577,3849.498007955892,0.0,0.0,0.0,0.0,0.0,1268.3328903782533,0.0,0.0,2828.9649569649105,23.963073113019984,0.0,0.0,0.0,-2.2737367544323206e-13,0.0
2025-03-21 05:00:00+00:00,1,14.0,4635.98210501564,1344.207049087321,2346.7842223045645,944.9908336237562,1344.207049087321,1237.144171729347,107.06287735797406,4649.383728459951,0.0,1344.207049087321,0.0,2346.7842223045645,0.0,944.9908336237562,0.0,0.0,0.0,0.0,0.0,2289.197882711077,763.0659609036924,5399.0480659193345,80.98572098879002,46.935684446091294,46.935684446091294,317.72168080570435,1255.6447315903692,5891.626836606009,0.0,0.0,0.0,0.0,0.0,1265.7962245974968,0.0,0.0,2828.9649569649105,23.944792026181503,0.0,0.0,0.0,4.547473508864641e-13,0.0
2025-03-21 06:00:00+00:00,1,14.0,3635.065831251845,1054.61871980474,1839.9776910693643,740.4694203777424,1054.61871980474,970.3767426458161,84.24197715892407,4649.383728459951,0.0,1054.61871980474,0.0,1839.9776910693643,0.0,740.4694203777424,0.0,0.0,0.0,0.0,0.0,1795.0881401824824,598.3627133941608,4233.428544646007,63.50142816969011,36.799553821387285,36.799553821387285,249.24766127188911,984.7109104785145,4619.776741730359,0.0,0.0,0.0,0.0,0.0,1263.2646321483019,0.0,0.0,2828.9649569649105,23.956215221032505,0.0,0.0,0.0,0.0,0.0
2025-03-21 07:00:00+00:00,1,14.0,2470.475698291082,717.4567648915844,1250.1260857869631,502.8928476125349,717.4567648915845,659.746380449161,57.71038444242339,4649.383728459951,0.0,717.4567648915844,0.0,1250.1260857869631,0.0,502.8928476125349,0.0,0.0,0.0,0.0,0.0,1220.3496125041192,406.78320416803973,2877.258902459122,43.158883536886826,25.002521715739263,25.002521715739263,169.5379545586169,669.485085695022,3139.960783986104,0.0,0.0,0.0,0.0,0.0,1260.7381028840055,0.0,0.0,2828.9649569649105,23.968536156479576,0.0,0.0,0.0,0.0,0.0
2025-03-21 08:00:00+00:00,1,14.0,2446.126005063638,711.0879150553608,1237.3499645895508,497.68812541872626,711.0879150553608,653.683491853893,57.404423201467836,4649.383728459951,0.0,711.0879150553608,0.0,1237.3499645895508,0.0,497.68812541872626,0.0,0.0,0.0,0.0,0.0,1208.776040474087,402.9253468246957,2849.0513518883336,42.735770278325,24.746999291791017,24.746999291791017,168.0134435981291,663.1685592847318,3109.2945643483695,0.0,0.0,0.0,0.0,0.0,1258.2166266782376,0.0,0.0,2828.9649569649105,23.96965952408727,0.0,0.0,0.0,-2.2737367544323206e-13,0.0
2025-03-21 09:00:00+00:00,1,14.0,2455.700848684079,714.0403112622148,1240.2547364388954,501.40580098296834,714.0403112622148,656.0299498179276,58.01036144428727,4649.383728459951,0.0,714.0403112622148,0.0,1240.2547364388954,0.0,501.40580098296834,0.0,0.0,0.0,0.0,0.0,1215.446112245183,405.14870408172766,2860.849552765806,42.91274329148709,24.80509472877791,24.80509472877791,168.75260285382228,666.4242396845929,3122.125088368672,0.0,0.0,0.0,0.0,0.0,1255.7001934248813,0.0,0.0,2828.9649569649105,23.969612806434206,0.0,0.0,0.0,1.1368683772161603e-13,0.0
2025-03-21 10:00:00+00:00,1,14.0,2562.0348076078476,743.4085977746206,1292.4455626021982,526.1806472310276,743.4085977746206,684.1813389840858,59.22725879053486,4649.383728459951,0.0,743.4085977746206,0.0,1292.4455626021982,26.087106070551386,500.0935411604762,0.0,0.0,26.087106070551386,34.782808094068514,8.695702023517129,1243.5021389350968,414.5007129783656,2950.4484145156603,44.2567262177349,26.109782312749477,25.848911252043962,175.81166079330234,695.2234955777135,2443.312785550243,0.0,0.0,0.0,34.782808094068514,0.0,1286.2324607273968,0.0,813.9455176353172,1970.9910479607934,23.967772926606845,0.0,0.0,0.0,-9.094947017729282e-13,0.0
2025-03-21 11:00:00+00:00,1,14.0,2488.264137829577,722.6456333488884,1257.0934502535351,508.5250542271533,722.6456333488884,664.8619293424559,57.78370400643243,4649.383728459951,0.0,722.6456333488884,0.0,1257.0934502535351,2.030893359043091,506.4941608681102,0.0,0.0,2.030893359043091,2.707857812057455,0.6769644530143637,1229.1397942169986,409.7132647389995,2895.9465092095334,43.439197638143,25.162177938661134,25.141869005070703,170.82036867439538,674.9538424482841,1591.5707819640218,0.0,0.0,0.0,2.707857812057455,0.0,1286.2324607273968,0.0,1571.6471983138392,314.32943966276787,23.968321553667412,0.0,0.0,0.0,-2.2737367544323206e-13,0.0
2025-03-21 12:00:00+00:00,1,14.0,2638.836141428213,763.3587190011201,1333.7431316150933,541.7342908119978,763.3587190011201,700.1597170264615,63.19900197465858,4649.383728459951,0.0,763.3587190011201,0.0,1333.7431316150933,2.030893359043091,539.7033974529547,0.0,0.0,2.030893359043091,2.707857812057455,0.6769644530143637,1303.0621164540748,434.35403881802495,3071.159286887193,46.06738930330789,26.6951715658923,26.674862632301867,180.5465582079321,715.0149849804734,3353.8511264086865,0.0,0.0,0.0,2.707857812057455,0.0,1286.2324607273968,0.0,0.0,314.32943966276787,23.96668525153238,0.0,0.0,0.0,0.0,0.0
2025-03-21 13:00:00+00:00,1,14.0,2567.667681468264,746.048512635657,1295.4138142020045,526.2053546306032,746.048512635657,685.147984987989,60.9005276476679,4649.383728459951,0.0,746.048512635657,0.0,1295.4138142020045,0.0,526.2053546306032,0.0,0.0,0.0,0.0,0.0,1272.2538672662602,424.08462242208674,2991.7523038903514,44.876284558355266,25.908276284040088,25.908276284040088,176.37650870613007,697.1539682546522,4343.833024685919,0.0,0.0,0.0,0.0,0.0,1283.6599958059423,1079.0113749630013,0.0,1337.9695094966876,23.966354329060493,0.0,0.0,0.0,9.094947017729282e-13,0.0
2025-03-21 14:00:00+00:00,1,14.0,2514.518970629087,732.3991240225358,1268.8335569105868,513.2862896959646,732.3991240225358,672.772857557847,59.62626646468875,4649.383728459951,0.0,732.3991240225358,0.0,1268.8335569105868,0.0,513.2862896959646,0.0,0.0,0.0,0.0,0.0,1245.6854137185005,415.22847123950015,2929.7474418685874,43.94621162802881,25.376671138211737,25.376671138211737,173.06413179236276,682.9921569363153,3197.511127565402,0.0,0.0,0.0,0.0,0.0,1281.0926758143305,0.0,0.0,1337.9695094966876,23.967265281349178,0.0,0.0,0.0,-2.2737367544323206e-13,0.0
2025-03-21 15:00:00+00:00,1,14.0,2476.830108709238,721.6413309786187,1249.574459185592,505.6143185450295,721.6413309786187,663.2885835317643,58.35274744685447,4649.383728459951,0.0,721.6413309786187,0.0,1249.574459185592,0.0,505.6143185450295,0.0,0.0,0.0,0.0,0.0,1227.2556495236481,409.0852165078827,2885.9153252171227,43.28872987825684,24.991489183711842,24.991489183711842,170.5221052053178,672.8790299588811,4721.3563369819585,0.0,0.0,0.0,0.0,0.0,1278.530490462702,1571.6471983138392,0.0,2828.9649569649105,23.967938210579884,0.0,0.0,0.0,0.0,0.0
2025-03-21 16:00:00+00:00,1,14.0,2427.784647119749,705.4176164386315,1226.9032176348364,495.46381304628187,705.4176164386315,648.8655425668827,56.55207387174885,4649.383728459951,0.0,705.4176164386315,0.0,1226.9032176348364,0.0,495.46381304628187,0.0,0.0,0.0,0.0,0.0,1200.8814294849135,400.2938098283045,2828.0784569480547,42.42117685422082,24.53806435269673,24.53806435269673,166.72146761559662,658.5125830035154,3086.297230123265,0.0,0.0,0.0,0.0,0.0,1275.973429481777,0.0,0.0,2828.9649569649105,23.96865700205683,0.0,0.0,0.0,4.547473508864641e-13,0.0
2025-03-21 17:00:00+00:00,1,14.0,2607.7242161239196,755.6104437432396,1319.1768537968899,532.9369185837908,755.6104437432396,695.5187502856477,60.091693457591866,4649.383728459951,0.0,755.6104437432396,0.0,1319.1768537968899,10.113930082565616,522.8229885012252,0.0,0.0,10.113930082565616,13.485240110087489,3.371310027521872,1278.4334322444647,426.14447741482155,3023.754763456176,45.35632145184264,26.484676376763456,26.3835370759378,178.64448186714165,706.3848042140289,3314.109020337949,0.0,0.0,0.0,13.485240110087489,0.0,1286.2324607273968,0.0,0.0,2828.9649569649105,23.964806462237103,0.0,0.0,0.0,4.547473508864641e-13,0.0
2025-03-21 18:00:00+00:00,1,14.0,3405.2650082195255,989.4834993682714,1720.2352478456542,695.5462610055991,989.4834993682714,910.4826379484199,79.00086141985145,4649.383728459951,0.0,989.4834993682714,0.0,1720.2352478456542,2.030893359043091,693.5153676465561,0.0,0.0,2.030893359043091,2.707857812057455,0.6769644530143637,1682.9988670148275,560.9996223382758,3964.2337371987574,59.463506057981355,34.425013890503514,34.404704956913086,233.87518748937458,923.8449991860625,2757.462809091749,0.0,0.0,0.0,2.707857812057455,0.0,1286.2324607273968,0.0,1571.6471983138392,1172.3033486668849,23.952378875644776,0.0,0.0,0.0,4.547473508864641e-13,0.0
2025-03-21 19:00:00+00:00,1,14.0,3403.97539606335,991.4161621071773,1716.8856454685517,695.6735884876219,991.4161621071773,910.6236105350807,80.79255157209667,4649.383728459951,0.0,991.4161621071773,0.0,1716.8856454685517,2.030893359043091,693.6426951285789,0.0,0.0,2.030893359043091,2.707857812057455,0.6769644530143637,1685.0588572357562,561.6862857452521,3963.63078844956,59.4544618267434,34.35802184296146,34.337712909371035,234.29128687197192,924.8047336493141,3514.834612077345,0.0,0.0,0.0,2.707857812057455,0.0,1286.2324607273968,0.0,813.9455176353171,314.32943966276787,23.951086127636152,0.0,0.0,0.0,-2.7284841053187847e-12,0.0
2025-03-21 20:00:00+00:00,1,14.0,2965.7143758801526,867.5666660732018,1495.253646998064,602.8940628088867,867.5666660732018,796.358614200173,71.20805187302885,4649.383728459951,0.0,867.5666660732018,0.0,1495.253646998064,2.030893359043091,600.8631694498436,0.0,0.0,2.030893359043091,2.707857812057455,0.6769644530143637,1468.4298355230453,489.4766118410151,3453.1600943621243,51.797401415431864,29.92538187355171,29.90507293996128,204.8635829734007,806.645015496375,3772.359391376527,0.0,0.0,0.0,2.707857812057455,0.0,1286.2324607273968,0.0,0.0,314.32943966276787,23.954490298289247,0.0,0.0,0.0,-4.547473508864641e-13,0.0
2025-03-21 21:00:00+00:00,1,14.0,4367.399333036642,1277.7310540436295,2202.882146596839,886.7861323961747,1277.7310540436295,1171.7335067369422,105.99754730668715,4649.383728459951,0.0,1277.7310540436295,0.0,2202.882146596839,2.030893359043091,884.7552390371316,0.0,0.0,2.030893359043091,2.707857812057455,0.6769644530143637,2162.4862930807612,720.8287643602538,5086.197204037854,76.29295806056781,44.07795186552721,44.05764293193678,301.6825138421549,1187.616795513455,5555.016128550098,0.0,0.0,0.0,2.707857812057455,0.0,1286.2324607273968,0.0,0.0,314.32943966276787,23.93502945261513,0.0,0.0,0.0,1.1368683772161603e-12,0.0
2025-03-21 22:00:00+00:00,1,14.0,4044.7511990677795,1181.7310436834468,2038.738582780605,824.2815726037288,1181.7310436834468,1083.3935834404883,98.33746024295851,4649.383728459951,0.0,1181.7310436834468,0.0,2038.738582780605,0.0,824.2815726037288,0.0,0.0,0.0,0.0,0.0,2006.0126162871757,668.6708720957253,4713.422071163506,70.70133106745259,40.7747716556121,40.7747716556121,279.12401696513655,1100.0457634395384,5144.7969625073165,0.0,0.0,0.0,0.0,0.0,1283.6599958059423,0.0,0.0,314.32943966276787,23.941283097014594,0.0,0.0,0.0,-1.3642420526593924e-12,0.0
2025-03-21 23:00:00+00:00,1,14.0,3180.2473885094764,927.4222366746556,1604.2363828184898,648.5887690163288,927.4222366746556,851.121301297264,76.30093537739147,4649.383728459951,0.0,927.4222366746556,0.0,1604.2363828184898,0.0,648.5887690163288,0.0,0.0,0.0,0.0,0.0,1576.0110056909843,525.3370018969948,3705.584390406469,55.58376585609703,32.08472765636979,32.08472765636979,219.10409908670692,864.1943221525382,4044.4417106620153,0.0,0.0,0.0,0.0,0.0,1281.0926758143305,0.0,0.0,314.32943966276787,23.950406306353106,0.0,0.0,0.0,6.821210263296962e-13,0.0
2025-03-23 00:00:00+00:00,2,1.0,3047.0827957348697,886.3985993669388,1539.0274067312828,621.6567896366475,886.3985993669388,814.6303282874726,71.76827107946625,4649.383728459951,0.0,886.3985993669388,0.0,1539.0274067312828,0.0,621.6567896366475,0.0,0.0,0.0,0.0,0.0,1508.0553890035862,502.6851296678621,3549.767925402731,53.24651888104096,30.780548134625658,30.780548134625658,209.46519332760766,826.957938145762,3874.040733880632,0.0,0.0,0.0,0.0,0.0,1278.530490462702,0.0,0.0,314.32943966276787,23.957863784640644,0.0,0.0,0.0,4.547473508864641e-13,0.0
2025-03-23 01:00:00+00:00,2,1.0,3689.539622469024,1073.533027779132,1864.6675928177901,751.3390018721012,1073.533027779132,986.4793010165888,87.05372676254314,4649.383728459951,0.0,1073.533027779132,0.0,1864.6675928177901,0.0,751.3390018721012,0.0,0.0,0.0,0.0,0.0,1824.8720296512333,608.2906765504111,4297.830299019435,64.46745448529153,37.293351856355805,37.293351856355805,253.6467920612145,1000.9916268096288,6262.1784475924915,0.0,0.0,0.0,0.0,0.0,1275.973429481777,1571.6471983138392,0.0,1805.3248871309906,23.950922114563248,0.0,0.0,0.0,-4.547473508864641e-13,0.0
2025-03-23 02:00:00+00:00,2,1.0,4766.883972927061,1386.1860876128337,2409.323768145647,971.3741171685843,1386.1860876128337,1273.4007606613563,112.78532695147729,4649.383728459951,0.0,1386.1860876128337,0.0,2409.323768145647,0.0,971.3741171685843,0.0,0.0,0.0,0.0,0.0,2357.560204781418,785.8534015938061,5552.7373745208715,83.29106061781307,48.186475362912944,48.186475362912944,327.54645882044093,1293.0638717578859,6059.947844684948,0.0,0.0,0.0,0.0,0.0,1273.4214826228135,0.0,0.0,1805.3248871309906,23.93544290156984,0.0,0.0,0.0,9.094947017729282e-13,0.0
2025-03-23 03:00:00+00:00,2,1.0,5065.620620082867,1474.1894779324364,2560.146910439231,1031.2842317111986,1474.1894779324361,1354.928397191576,119.26108074086017,4649.383728459951,0.0,1474.1894779324364,0.0,2560.146910439231,0.0,1031.2842317111986,0.0,0.0,0.0,0.0,0.0,2505.4737096436347,835.157903214545,5900.778523297411,88.51167784946117,51.202938208784616,51.202938208784616,348.301134206962,1374.3765916885372,7519.008586734406,0.0,0.0,0.0,0.0,0.0,1270.8746396575682,1079.0113749630016,0.0,2828.9649569649105,23.93308617005697,0.0,0.0,0.0,-2.2737367544323206e-13,0.0
2025-03-23 04:00:00+00:00,2,1.0,4612.233252327111,1341.9072642275594,2331.7869925151917,938.5389955843606,1341.9072642275594,1233.775696433916,108.13156779364337,4649.383728459951,0.0,1341.9072642275594,0.0,2331.7869925151917,0.0,938.5389955843606,0.0,0.0,0.0,0.0,0.0,2280.44625981192,760.14875327064,5372.382005597752,80.58573008396628,46.635739850303835,46.635739850303835,317.0428835048811,1251.048846560095,5863.282098887206,0.0,0.0,0.0,0.0,0.0,1268.3328903782533,0.0,0.0,2828.9649569649105,23.93866319163199,0.0,0.0,0.0,6.821210263296962e-13,0.0
2025-03-23 05:00:00+00:00,2,1.0,4918.4003314097545,1431.0977896094066,2486.4195847418046,1000.8829570585418,1431.0977896094066,1315.5162569983952,115.58153261101143,4649.383728459951,0.0,1431.0977896094066,0.0,2486.4195847418046,0.0,1000.8829570585418,0.0,0.0,0.0,0.0,0.0,2431.9807466679486,810.6602488893162,5729.060580299069,85.93590870448604,49.72839169483609,49.72839169483609,338.11405232830623,1334.1669933117805,6252.5673247215345,0.0,0.0,0.0,0.0,0.0,1265.7962245974968,0.0,0.0,2828.9649569649105,23.935528037308472,0.0,0.0,0.0,-4.547473508864641e-13,0.0
2025-03-23 06:00:00+00:00,2,1.0,4640.041575661417,1349.6090243054791,2346.2313263679107,944.2012249880254,1349.6090243054791,1240.7870583853073,108.82196592017182,4649.383728459951,0.0,1349.6090243054791,0.0,2346.2313263679107,0.0,944.2012249880254,0.0,0.0,0.0,0.0,0.0,2293.8102492935045,764.6034164311682,5404.644992092583,81.06967488138875,46.924626527358214,46.924626527358214,318.86897663088627,1258.3913209981597,5898.432896659576,0.0,0.0,0.0,0.0,0.0,1263.2646321483019,0.0,0.0,2828.9649569649105,23.938200578673385,0.0,0.0,0.0,-4.547473508864641e-13,0.0
2025-03-23 07:00:00+00:00,2,1.0,4423.780537253034,1288.2211932223447,2235.982009157214,899.5773348734774,1288.2211932223447,1183.837231794261,104.3839614280837,4649.383728459951,0.0,1288.2211932223447,0.0,2235.982009157214,0.0,899.5773348734774,0.0,0.0,0.0,0.0,0.0,2187.798528095822,729.2661760319406,5153.046713284977,77.29570069927466,44.719640183144286,44.719640183144286,304.3179449801673,1200.3191020776712,5624.099639330705,0.0,0.0,0.0,0.0,0.0,1260.7381028840055,0.0,0.0,2828.9649569649105,23.94004109611626,0.0,0.0,0.0,0.0,0.0
2025-03-23 08:00:00+00:00,2,1.0,2525.460535255602,735.6775274528425,1277.3835809191007,512.3994268836589,735.6775274528425,676.1835273324393,59.49400012040309,4649.383728459951,0.0,735.6775274528425,0.0,1277.3835809191007,0.0,512.3994268836589,0.0,0.0,0.0,0.0,0.0,1248.0769543365013,416.02565144550044,2941.4861867011023,44.12229280051653,25.547671618382015,25.547671618382015,173.7551628870353,684.9984503698164,3210.458985625418,0.0,0.0,0.0,0.0,0.0,1258.2166266782376,0.0,0.0,2828.9649569649105,23.964419408451185,0.0,0.0,0.0,-3.410605131648481e-13,0.0
2025-03-23 09:00:00+00:00,2,1.0,4083.5344389885936,1190.7371849170759,2064.7398535865964,828.0574004849199,1190.737184917076,1093.528295070809,97.20888984626703,4649.383728459951,0.0,1190.7371849170759,0.0,2064.7398535865964,0.0,828.0574004849199,0.0,0.0,0.0,0.0,0.0,2018.7945854019958,672.931528467332,4756.465967455924,71.34698951183886,41.29479707173193,41.29479707173193,281.19662190463754,1108.0647340272724,5191.599173015866,0.0,0.0,0.0,0.0,0.0,1255.7001934248813,0.0,0.0,2828.9649569649105,23.944988751360377,0.0,0.0,0.0,-2.2737367544323206e-13,0.0
2025-03-23 10:00:00+00:00,2,1.0,2599.533019262855,759.9390562009844,1314.7855083957895,524.8084546660823,759.9390562009844,697.1670944157156,62.771961785268815,4649.383728459951,0.0,759.9390562009844,0.0,1314.7855083957895,26.087106070551386,498.7213485955309,0.0,0.0,26.087106070551386,34.782808094068514,8.695702023517129,1258.6604047965152,419.55346826550505,2992.9993814578097,44.894990721867146,26.556581228621305,26.29571016791579,179.3591646288853,705.3556170363117,2490.9431186638494,0.0,0.0,0.0,34.782808094068514,0.0,1286.2324607273968,0.0,813.9455176353172,1970.9910479607934,23.961178522144245,0.0,0.0,0.0,0.0,0.0
2025-03-23 11:00:00+00:00,2,1.0,2678.3055703265177,782.0490594505401,1353.2011701425185,543.055340733459,782.0490594505401,718.0439662176669,64.00509323287312,4649.383728459951,0.0,782.0490594505401,0.0,1353.2011701425185,2.030893359043091,541.024447374416,0.0,0.0,2.030893359043091,2.707857812057455,0.6769644530143637,1323.073506824956,441.0245022749853,3117.29917924246,46.759487688636895,27.084332336440802,27.06402340285037,184.66030354628003,727.2696137022077,1833.9279857148865,0.0,0.0,0.0,2.707857812057455,0.0,1286.2324607273968,0.0,1571.6471983138392,314.32943966276787,23.962562112243436,0.0,0.0,0.0,3.410605131648481e-13,0.0
2025-03-23 12:00:00+00:00,2,1.0,3707.387082912041,1081.2323902847195,1876.9056098035649,749.2490828237555,1081.2323902847193,993.4689592241934,87.76343106052587,4649.383728459951,0.0,1081.2323902847195,0.0,1876.9056098035649,2.030893359043091,747.2181894647124,0.0,0.0,2.030893359043091,2.707857812057455,0.6769644530143637,1828.4505797494319,609.483526583144,4314.839716136141,64.72259574204212,37.558421129661724,37.538112196071296,255.2680963433769,1005.2477164473105,4712.63479935935,0.0,0.0,0.0,2.707857812057455,0.0,1286.2324607273968,0.0,0.0,314.32943966276787,23.95068765264311,0.0,0.0,0.0,-1.5916157281026244e-12,0.0
2025-03-23 13:00:00+00:00,2,1.0,4774.338456629509,1391.0243971336065,2416.773052692332,966.5410068035674,1391.0243971336067,1278.1433636391293,112.88103349447726,4649.383728459951,0.0,1391.0243971336065,0.0,2416.773052692332,0.0,966.5410068035674,0.0,0.0,0.0,0.0,0.0,2357.565403937174,785.8551346457247,5560.193591275231,83.40290386912845,48.33546105384664,48.33546105384664,328.4753348496665,1294.4042954722129,7147.754127064722,0.0,0.0,0.0,0.0,0.0,1283.6599958059423,1079.0113749630013,0.0,1337.9695094966876,23.936957589246077,0.0,0.0,0.0,-1.5916157281026244e-12,0.0
2025-03-23 14:00:00+00:00,2,1.0,2979.168721184503,867.2797698499577,1509.3400026455165,602.5489486890305,867.2797698499578,798.3530259948425,68.92674385511529,4649.383728459951,0.0,867.2797698499577,0.0,1509.3400026455165,0.0,602.5489486890305,0.0,0.0,0.0,0.0,0.0,1469.8287185389881,489.9429061796627,3469.1116273641674,52.03667441046251,30.186800052910332,30.186800052910332,204.80099324947605,807.154173945422,3786.3228951299247,0.0,0.0,0.0,0.0,0.0,1281.0926758143305,0.0,0.0,1337.9695094966876,23.95914546052798,0.0,0.0,0.0,-1.1368683772161603e-13,0.0
2025-03-23 15:00:00+00:00,2,1.0,2661.2908495157944,772.8154307876421,1347.235885031122,541.2395336970278,772.8154307876421,712.4015031693258,60.41392761831629,4649.383728459951,0.0,772.8154307876421,0.0,1347.235885031122,0.0,541.2395336970278,0.0,0.0,0.0,0.0,0.0,1314.0549644846699,438.01832149488996,3099.309171010682,46.48963756516023,26.94471770062244,26.94471770062244,182.61427745169928,721.0116719129944,4953.949719742627,0.0,0.0,0.0,0.0,0.0,1278.530490462702,1571.6471983138392,0.0,2828.9649569649105,23.967157613255626,0.0,0.0,0.0,-9.094947017729282e-13,0.0
2025-03-23 16:00:00+00:00,2,1.0,2571.9426533617698,746.6100004774526,1302.0964022313674,523.236250652948,746.6100004774526,687.8621677448953,58.74783273255731,4649.383728459951,0.0,746.6100004774526,0.0,1302.0964022313674,0.0,523.236250652948,0.0,0.0,0.0,0.0,0.0,1269.8462511304006,423.2820837101335,2995.2247370719015,44.92837105607852,26.041928044627348,26.041928044627348,176.4297133880876,696.7240242435544,3268.666677605324,0.0,0.0,0.0,0.0,0.0,1275.973429481777,0.0,0.0,2828.9649569649105,23.968490000226733,0.0,0.0,0.0,-2.2737367544323206e-13,0.0
2025-03-23 17:00:00+00:00,2,1.0,2694.2734470521896,780.3136990967938,1363.403150251862,550.5565977035346,780.3136990967938,718.6526730696642,61.66102602712965,4649.383728459951,0.0,780.3136990967938,0.0,1363.403150251862,10.113930082565616,540.442667620969,0.0,0.0,10.113930082565616,13.485240110087489,3.371310027521872,1320.7563667177628,440.2521222392543,3124.411639208879,46.866174588133184,27.369202305862895,27.268063005037238,184.49039045350915,729.6172626193186,3423.8907096715075,0.0,0.0,0.0,13.485240110087489,0.0,1286.2324607273968,0.0,0.0,2828.9649569649105,23.968096627023193,0.0,0.0,0.0,-6.821210263296962e-13,0.0
2025-03-23 18:00:00+00:00,2,1.0,4148.013061258572,1206.232239185829,2097.8065364254344,843.9742856473092,1206.232239185829,1108.9871643192084,97.2450748666206,4649.383728459951,0.0,1206.232239185829,0.0,2097.8065364254344,2.030893359043091,841.9433922882661,0.0,0.0,2.030893359043091,2.707857812057455,0.6769644530143637,2048.175631474095,682.725210491365,4828.7073783908945,72.43061067586342,41.97643966209912,41.95613072850869,284.9984827568967,1124.763838767747,3701.1297017124784,0.0,0.0,0.0,2.707857812057455,0.0,1286.2324607273968,0.0,1571.6471983138392,1172.3033486668849,23.950567184271225,0.0,0.0,0.0,-9.094947017729282e-13,0.0
2025-03-23 19:00:00+00:00,2,1.0,4286.388019597032,1246.3094628096483,2170.1921519134276,869.8864048739551,1246.3094628096485,1146.4123562962686,99.89710651337981,4649.383728459951,0.0,1246.3094628096483,0.0,2170.1921519134276,2.030893359043091,867.855511514912,0.0,0.0,2.030893359043091,2.707857812057455,0.6769644530143637,2114.1649743245603,704.7216581081867,4989.078784346175,74.83618176519262,43.42415197185898,43.403843038268555,294.4148342107902,1161.4776335473116,4633.920135509027,0.0,0.0,0.0,2.707857812057455,0.0,1286.2324607273968,0.0,813.9455176353171,314.32943966276787,23.94895688617037,0.0,0.0,0.0,0.0,0.0
2025-03-23 20:00:00+00:00,2,1.0,3276.2455494626297,951.9838324772664,1657.8209955859832,666.4407213993776,951.9838324772666,875.6957262121139,76.28810626515265,4649.383728459951,0.0,951.9838324772664,0.0,1657.8209955859832,2.030893359043091,664.4098280403346,0.0,0.0,2.030893359043091,2.707857812057455,0.6769644530143637,1616.393660517601,538.7978868392003,3813.0125429427844,57.19518814414177,33.176728845310095,33.15641991171967,224.9390207480304,887.9422089414165,4164.187758404047,0.0,0.0,0.0,2.707857812057455,0.0,1286.2324607273968,0.0,0.0,314.32943966276787,23.96209682989632,0.0,0.0,0.0,4.547473508864641e-13,0.0
2025-03-23 21:00:00+00:00,2,1.0,3539.052929292931,1026.8993734787514,1790.435284113373,721.718271700808,1026.8993734787514,943.7441695739726,83.15520390477872,4649.383728459951,0.0,1026.8993734787514,0.0,1790.435284113373,2.030893359043091,719.687378341765,0.0,0.0,2.030893359043091,2.707857812057455,0.6769644530143637,1746.5867518205164,582.1955839401721,4119.217619874062,61.788264298110924,35.829014615857886,35.80870568226746,242.70956737483192,959.0081003642547,4498.061029657185,0.0,0.0,0.0,2.707857812057455,0.0,1286.2324607273968,0.0,0.0,314.32943966276787,23.95841348153063,0.0,0.0,0.0,-6.821210263296962e-13,0.0
2025-03-23 22:00:00+00:00,2,1.0,4426.837872567179,1280.177303703757,2240.522408215357,906.138160648065,1280.1773037037572,1175.7296837309593,104.44761997279778,4649.383728459951,0.0,1280.177303703757,0.0,2240.522408215357,0.0,906.138160648065,0.0,0.0,0.0,0.0,0.0,2186.315464351822,728.7718214506073,5155.609694017786,77.33414541026679,44.81044816430714,44.81044816430714,302.7335519592246,1198.4604151487129,5625.298287715891,0.0,0.0,0.0,0.0,0.0,1283.6599958059423,0.0,0.0,314.32943966276787,23.946845783844388,0.0,0.0,0.0,-9.094947017729282e-13,0.0
2025-03-23 23:00:00+00:00,2,1.0,4604.1904827817725,1331.4877654765255,2332.0197833471443,940.6829339581036,1331.4877654765257,1222.604708161954,108.88305731457162,4649.383728459951,0.0,1331.4877654765255,0.0,2332.0197833471443,0.0,940.6829339581036,0.0,0.0,0.0,0.0,0.0,2272.170699434629,757.3902331448763,5361.58071592665,80.42371073889974,46.64039566694289,46.64039566694289,314.81803925153736,1245.9127744691993,5850.103257250971,0.0,0.0,0.0,0.0,0.0,1281.0926758143305,0.0,0.0,314.32943966276787,23.943468677433582,0.0,0.0,0.0,-6.821210263296962e-13,0.0
2025-04-12 00:00:00+00:00,3,40.0,3091.7851799709215,903.9612035452187,1565.0185341292904,622.8054422964133,903.9612035452187,833.9509939324089,70.01020961280983,4649.383728459951,0.0,903.9612035452187,0.0,1565.0185341292904,0.0,622.8054422964133,0.0,0.0,0.0,0.0,0.0,1526.766645841632,508.922215280544,3600.7073952514666,54.010610928771996,31.300370682585807,31.300370682585807,213.3443768085732,838.8779443830608,3930.663124353982,0.0,0.0,0.0,0.0,0.0,1278.530490462702,0.0,0.0,314.32943966276787,23.96640179338041,0.0,0.0,0.0,-4.547473508864641e-13,0.0
2025-04-12 01:00:00+00:00,3,40.0,3069.36490939459,896.3618874104106,1553.3378989128028,619.6651230713762,896.3618874104106,826.7534565811468,69.60843082926381,4649.383728459951,0.0,896.3618874104106,0.0,1553.3378989128028,0.0,619.6651230713762,0.0,0.0,0.0,0.0,0.0,1516.0270104817869,505.3423368272623,3574.707246221852,53.62060869332778,31.066757978256057,31.066757978256057,211.60450312802033,832.7009646051226,5473.713072313552,0.0,0.0,0.0,0.0,0.0,1275.973429481777,1571.6471983138392,0.0,1805.3248871309906,23.96452332488669,0.0,0.0,0.0,4.547473508864641e-13,0.0
2025-04-12 02:00:00+00:00,3,40.0,3040.409167427768,888.1021235747359,1538.407876678665,613.8991671743661,888.1021235747359,818.2836343373432,69.81848923739265,4649.383728459951,0.0,888.1021235747359,0.0,1538.407876678665,0.0,613.8991671743661,0.0,0.0,0.0,0.0,0.0,1502.0012907491018,500.66709691636726,3541.076264344134,53.11614396516201,30.768157533573298,30.768157533573298,209.64875294712348,824.9683088957995,3865.3774763235674,0.0,0.0,0.0,0.0,0.0,1273.4214826228135,0.0,0.0,1805.3248871309906,23.965413006727953,0.0,0.0,0.0,0.0,0.0
2025-04-12 03:00:00+00:00,3,40.0,3062.6154219436226,893.7887882774463,1549.1822718514863,619.6443618146892,893.7887882774463,823.365703070964,70.42308520648237,4649.383728459951,0.0,893.7887882774463,0.0,1549.1822718514863,0.0,619.6443618146892,0.0,0.0,0.0,0.0,0.0,1513.4331500921355,504.4777166973785,3567.093138641,53.506397079615,30.98364543702973,30.98364543702973,211.03869826172314,830.9901029127761,4972.6168998194,0.0,0.0,0.0,0.0,0.0,1270.8746396575682,1079.0113749630016,0.0,2828.9649569649105,23.9662761718644,0.0,0.0,0.0,-4.547473508864641e-13,0.0
2025-04-12 04:00:00+00:00,3,40.0,3109.60323598824,908.3420180427322,1572.5718912781078,628.6893266674003,908.3420180427322,836.4105209106458,71.93149713208639,4649.383728459951,0.0,908.3420180427322,0.0,1572.5718912781078,0.0,628.6893266674003,0.0,0.0,0.0,0.0,0.0,1537.0313447101325,512.3437815700441,3621.9470175582846,54.32920526337427,31.451437825562156,31.451437825562156,214.44606379472768,844.0219262792705,3953.62516226751,0.0,0.0,0.0,0.0,0.0,1268.3328903782533,0.0,0.0,2828.9649569649105,23.965780365127102,0.0,0.0,0.0,-6.821210263296962e-13,0.0
2025-04-12 05:00:00+00:00,3,40.0,3108.01247362187,907.9287781824813,1572.1953622970784,627.8883331423118,907.9287781824813,836.3555530034366,71.57322517904471,4649.383728459951,0.0,907.9287781824813,0.0,1572.1953622970784,0.0,627.8883331423118,0.0,0.0,0.0,0.0,0.0,1535.8171113247931,511.93903710826436,3619.951510730136,54.299272660952035,31.44390724594157,31.44390724594157,214.33682373198178,843.4629479930812,3951.4754216149518,0.0,0.0,0.0,0.0,0.0,1265.7962245974968,0.0,0.0,2828.9649569649105,23.9661156271573,0.0,0.0,0.0,5.684341886080801e-13,0.0
2025-04-12 06:00:00+00:00,3,40.0,3057.446493160741,892.7754312994525,1548.7327727337286,615.9382891275594,892.7754312994524,823.2457163218033,69.52971497764909,4649.383728459951,0.0,892.7754312994525,0.0,1548.7327727337286,0.0,615.9382891275594,0.0,0.0,0.0,0.0,0.0,1508.713720427012,502.9045734756707,3560.3510666364114,53.40526599954617,30.974655454674572,30.974655454674572,210.72448521103473,828.9836355956008,3886.430128756341,0.0,0.0,0.0,0.0,0.0,1263.2646321483019,0.0,0.0,2828.9649569649105,23.965358980908345,0.0,0.0,0.0,-4.547473508864641e-13,0.0
2025-04-12 07:00:00+00:00,3,40.0,3070.6544380104815,896.5203389447889,1556.2054332162384,617.9286658494548,896.5203389447889,826.1433250461326,70.37701389865626,4649.383728459951,0.0,896.5203389447889,0.0,1556.2054332162384,0.0,617.9286658494548,0.0,0.0,0.0,0.0,0.0,1514.4490047942436,504.81633493141453,3575.4707729418965,53.632061594128444,31.12410866432477,31.12410866432477,211.5881985249985,832.2848123791911,3902.9392503896725,0.0,0.0,0.0,0.0,0.0,1260.7381028840055,0.0,0.0,2828.9649569649105,23.9633167838422,0.0,0.0,0.0,-1.1368683772161603e-13,0.0
2025-04-12 08:00:00+00:00,3,40.0,3024.258249840333,881.6013741559046,1533.3976083198306,609.2592673645945,881.6013741559046,812.4920169995031,69.10935715640157,4649.383728459951,0.0,881.6013741559046,0.0,1533.3976083198306,0.0,609.2592673645945,0.0,0.0,0.0,0.0,0.0,1490.860641520499,496.95354717349966,3521.2117970138293,52.818176955207434,30.667952166396613,30.667952166396613,208.1096158330683,819.2172442945687,3843.4754941349015,0.0,0.0,0.0,0.0,0.0,1258.2166266782376,0.0,0.0,2828.9649569649105,23.96389052339442,0.0,0.0,0.0,-2.2737367544323206e-13,0.0
2025-04-12 09:00:00+00:00,3,40.0,2952.048198650281,860.393403015908,1498.1310450038018,593.5237506305693,860.393403015908,793.0061407153544,67.38726230055362,4649.383728459951,0.0,860.393403015908,0.0,1498.1310450038018,0.0,593.5237506305693,0.0,0.0,0.0,0.0,0.0,1453.9171536464773,484.63905121549243,3436.6872498657713,51.55030874798657,29.962620900076036,29.962620900076036,203.07510468896803,799.189706452599,3751.2379051028797,0.0,0.0,0.0,0.0,0.0,1255.7001934248813,0.0,0.0,2828.9649569649105,23.965522160973734,0.0,0.0,0.0,-2.2737367544323206e-13,0.0
2025-04-12 10:00:00+00:00,3,40.0,2929.163055665478,851.8789744508515,1487.8293850402135,589.454696174412,851.8789744508515,784.9662007502238,66.91277370062772,4649.383728459951,0.0,851.8789744508515,0.0,1487.8293850402135,26.087106070551386,563.3675901038606,0.0,0.0,26.087106070551386,34.782808094068514,8.695702023517129,1415.2465645547122,471.74885485157074,3374.8248044464963,50.622372066697444,30.017458761509786,29.75658770080427,201.11125833268426,791.9522337367837,2907.169771766945,0.0,0.0,0.0,34.782808094068514,0.0,1286.2324607273968,0.0,813.9455176353172,1970.9910479607934,23.96546445411562,0.0,0.0,0.0,2.2737367544323206e-13,0.0
2025-04-12 11:00:00+00:00,3,40.0,3018.0422265829366,878.5798197795255,1531.8273782778208,607.6350285255905,878.5798197795255,809.3994991556126,69.1803206239128,4649.383728459951,0.0,878.5798197795255,0.0,1531.8273782778208,2.030893359043091,605.6041351665474,0.0,0.0,2.030893359043091,2.707857812057455,0.6769644530143637,1484.1839549460728,494.7279849820243,3510.7393182059177,52.66108977308876,30.656856499146848,30.636547565556416,207.4058383468675,816.7652816196983,2263.1603098887954,0.0,0.0,0.0,2.707857812057455,0.0,1286.2324607273968,0.0,1571.6471983138392,314.32943966276787,23.96497227398336,0.0,0.0,0.0,-4.547473508864641e-13,0.0
2025-04-12 12:00:00+00:00,3,40.0,2937.9634504198903,856.0418972221844,1491.4252188357334,590.4963343619728,856.0418972221845,788.8580781678345,67.18381905434997,4649.383728459951,0.0,856.0418972221844,0.0,1491.4252188357334,2.030893359043091,588.4654410029298,0.0,0.0,2.030893359043091,2.707857812057455,0.6769644530143637,1444.5073382251142,481.50244607503805,3417.4350031358854,51.261525047038276,29.8488133103051,29.82850437671467,202.0458214323525,795.1640746944629,3733.127525114353,0.0,0.0,0.0,2.707857812057455,0.0,1286.2324607273968,0.0,0.0,314.32943966276787,23.965547500358692,0.0,0.0,0.0,-2.2737367544323206e-13,0.0
2025-04-12 13:00:00+00:00,3,40.0,2936.394018063023,856.5519712725018,1488.0288535911775,591.8131931993425,856.5519712725018,787.9374547437216,68.61451652878026,4649.383728459951,0.0,856.5519712725018,0.0,1488.0288535911775,0.0,591.8131931993425,0.0,0.0,0.0,0.0,0.0,1448.3651644718443,482.7883881572814,3419.182406220303,51.287736093304545,29.76057707182355,29.76057707182355,202.18464794092063,795.7819263351538,4811.187319361178,0.0,0.0,0.0,0.0,0.0,1283.6599958059423,1079.0113749630013,0.0,1337.9695094966876,23.965515716064864,0.0,0.0,0.0,0.0,0.0
2025-04-12 14:00:00+00:00,3,40.0,3007.658007168605,879.1779451240817,1521.1288338143277,607.3512282301971,879.1779451240817,808.6439792193186,70.53396590476314,4649.383728459951,0.0,879.1779451240817,0.0,1521.1288338143277,0.0,607.3512282301971,0.0,0.0,0.0,0.0,0.0,1486.5291733542788,495.5097244514263,3503.167731620033,52.547515974300495,30.422576676286553,30.422576676286553,207.5241715472764,816.4265653255763,3824.084572494181,0.0,0.0,0.0,0.0,0.0,1281.0926758143305,0.0,0.0,1337.9695094966876,23.96496812092725,0.0,0.0,0.0,-2.2737367544323206e-13,0.0
2025-04-12 15:00:00+00:00,3,40.0,3059.3822059163886,895.8371041182536,1547.3655322276911,616.1795695704454,895.8371041182536,824.5576758525476,71.27942826570596,4649.383728459951,0.0,895.8371041182536,0.0,1547.3655322276911,0.0,616.1795695704454,0.0,0.0,0.0,0.0,0.0,1512.016673688699,504.00555789623303,3563.3877638126232,53.45081645718935,30.947310644553824,30.947310644553824,211.39085664984322,830.7418522923731,5461.771256522601,0.0,0.0,0.0,0.0,0.0,1278.530490462702,1571.6471983138392,0.0,2828.9649569649105,23.965047111217295,0.0,0.0,0.0,2.2737367544323206e-13,0.0
2025-04-12 16:00:00+00:00,3,40.0,3006.305278603771,884.258861359726,1517.342187868587,604.7042293754577,884.258861359726,812.6671431054087,71.59171825431729,4649.383728459951,0.0,884.258861359726,0.0,1517.342187868587,0.0,604.7042293754577,0.0,0.0,0.0,0.0,0.0,1488.9630907351836,496.3210302450612,3502.6263088488317,52.539394632732474,30.34684375737174,30.34684375737174,208.55962754657637,818.1137399391135,3824.4190185428843,0.0,0.0,0.0,0.0,0.0,1275.973429481777,0.0,0.0,2828.9649569649105,23.9615999495635,0.0,0.0,0.0,-3.410605131648481e-13,0.0
2025-04-12 17:00:00+00:00,3,40.0,3007.45062791119,883.7736278502126,1517.3128955406764,606.3641045203017,883.7736278502125,812.5799957428683,71.19363210734429,4649.383728459951,0.0,883.7736278502126,0.0,1517.3128955406764,10.113930082565616,596.2501744377361,0.0,0.0,10.113930082565616,13.485240110087489,3.371310027521872,1480.0238022879487,493.34126742931625,3490.6779652579417,52.360169478869125,30.44739721163919,30.34625791081353,208.49976283390188,818.3661648920618,3825.816792803252,0.0,0.0,0.0,13.485240110087489,0.0,1286.2324607273968,0.0,0.0,2828.9649569649105,23.964092017037142,0.0,0.0,0.0,2.2737367544323206e-13,0.0
2025-04-12 18:00:00+00:00,3,40.0,3066.3174869809536,900.6955586507926,1546.1842914503438,619.4376368798172,900.6955586507925,828.4770252074716,72.21853344332092,4649.383728459951,0.0,900.6955586507926,0.0,1546.1842914503438,2.030893359043091,617.4067435207742,0.0,0.0,2.030893359043091,2.707857812057455,0.6769644530143637,1518.1023021715669,506.0341007238556,3570.3206943457662,53.554810415186495,30.94399476259731,30.923685829006878,212.53216140195312,834.6657175856138,2329.3360062527277,0.0,0.0,0.0,2.707857812057455,0.0,1286.2324607273968,0.0,1571.6471983138392,1172.3033486668849,23.962691315606914,0.0,0.0,0.0,-3.410605131648481e-13,0.0
2025-04-12 19:00:00+00:00,3,40.0,3014.1137776552564,885.2996340675222,1521.4706656937947,607.3434778939416,885.2996340675222,815.5555447715271,69.74408929599508,4649.383728459951,0.0,885.2996340675222,0.0,1521.4706656937947,2.030893359043091,605.3125845348984,0.0,0.0,2.030893359043091,2.707857812057455,0.6769644530143637,1490.6122186024206,496.8707395341402,3508.9536238303554,52.63430435745533,30.449722247466326,30.429413313875894,208.8649135320104,819.9260574379624,3020.0943174579015,0.0,0.0,0.0,2.707857812057455,0.0,1286.2324607273968,0.0,813.9455176353171,314.32943966276787,23.964284686505906,0.0,0.0,0.0,-1.1368683772161603e-13,0.0
2025-04-12 20:00:00+00:00,3,40.0,2967.55226047756,871.9533500360557,1499.7199410274186,595.8789694140859,871.9533500360557,804.0753538923508,67.87799614370483,4649.383728459951,0.0,871.9533500360557,0.0,1499.7199410274186,2.030893359043091,593.8480760550428,0.0,0.0,2.030893359043091,2.707857812057455,0.6769644530143637,1465.8014260910986,488.60047536369956,3454.121842482217,51.81182763723325,30.014707754138804,29.994398820548373,205.65981313214547,806.7581871607797,3774.310447638339,0.0,0.0,0.0,2.707857812057455,0.0,1286.2324607273968,0.0,0.0,314.32943966276787,23.964870017300054,0.0,0.0,0.0,-6.821210263296962e-13,0.0
2025-04-12 21:00:00+00:00,3,40.0,2956.3872331650873,868.4795447565289,1493.0975448000527,594.8101436085049,868.4795447565289,800.746072505857,67.73347225067182,4649.383728459951,0.0,868.4795447565289,0.0,1493.0975448000527,2.030893359043091,592.7792502494617,0.0,0.0,2.030893359043091,2.707857812057455,0.6769644530143637,1461.2587950059906,487.0862650019969,3441.4426048080404,51.6216390721206,29.882259829591487,29.861950896001055,204.87450129692184,804.0035805496462,3760.3908137147337,0.0,0.0,0.0,2.707857812057455,0.0,1286.2324607273968,0.0,0.0,314.32943966276787,23.966667693222227,0.0,0.0,0.0,1.1368683772161603e-13,0.0
2025-04-12 22:00:00+00:00,3,40.0,2970.19408654103,873.6150512708886,1499.3918534180732,597.1871818520694,873.6150512708886,804.8654511873043,68.74960008358423,4649.383728459951,0.0,873.6150512708886,0.0,1499.3918534180732,0.0,597.1871818520694,0.0,0.0,0.0,0.0,0.0,1470.8022331229581,490.267411040986,3460.4614975820173,51.906922463730254,29.987837068361465,29.987837068361465,206.05090411556947,808.2009117570087,3778.3949982980384,0.0,0.0,0.0,0.0,0.0,1283.6599958059423,0.0,0.0,314.32943966276787,23.965081274353754,0.0,0.0,0.0,-4.547473508864641e-13,0.0
2025-04-12 23:00:00+00:00,3,40.0,3033.7416111196762,893.6090106986494,1530.0667199350155,610.0658804860128,893.6090106986493,822.2901643519589,71.31884634669045,4649.383728459951,0.0,893.6090106986494,0.0,1530.0667199350155,0.0,610.0658804860128,0.0,0.0,0.0,0.0,0.0,1503.674891184662,501.2249637282207,3534.9665748478983,53.024498622718475,30.60133439870031,30.60133439870031,210.73964081971448,826.1917719680542,3859.9333830877295,0.0,0.0,0.0,0.0,0.0,1281.0926758143305,0.0,0.0,314.32943966276787,23.961704664694537,0.0,0.0,0.0,-1.0231815394945443e-12,0.0
2025-06-08 00:00:00+00:00,4,59.0,2668.226443465902,781.6065265782906,1339.9907738188476,546.6291430687623,781.6065265782905,717.3595679717678,64.2469586065228,4649.383728459951,0.0,781.6065265782906,0.0,1339.9907738188476,0.0,546.6291430687623,0.0,0.0,0.0,0.0,0.0,1328.2356696470529,442.7452232156843,3110.971666681585,46.66457500022377,26.799815476376953,26.799815476376953,184.66955212659522,727.6789812952571,3395.9054247611584,0.0,0.0,0.0,0.0,0.0,0.0,0.0,0.0,314.32943966276787,23.970662603940987,0.0,0.0,0.0,-5.684341886080801e-13,0.0
2025-06-08 01:00:00+00:00,4,59.0,2697.086106739959,783.0330859009098,1351.6405035167124,562.4125173223354,783.0330859009099,713.0552464566321,69.9778394442778,4649.383728459951,0.0,783.0330859009098,0.0,1351.6405035167124,0.0,562.4125173223354,0.0,0.0,0.0,0.0,0.0,1345.4456032232451,448.4818677410817,3145.5679744810395,47.183519617215595,27.03281007033425,27.03281007033425,185.36700550622263,735.0980130051885,5003.831318058987,0.0,0.0,0.0,0.0,0.0,0.0,1571.6471983138392,0.0,1805.3248871309906,23.969776361500088,0.0,0.0,0.0,-2.2737367544323206e-13,0.0
2025-06-08 02:00:00+00:00,4,59.0,2748.2279820414296,798.861561259207,1375.4508365513768,573.9155842308453,798.8615612592068,726.7342598637674,72.12730139543945,4649.383728459951,0.0,798.861561259207,0.0,1375.4508365513768,0.0,573.9155842308453,0.0,0.0,0.0,0.0,0.0,1372.7771454900521,457.59238183001736,3205.8203638714463,48.08730545807169,27.509016731027536,27.509016731027536,189.11495245313168,749.8126732032757,3498.040655244706,0.0,0.0,0.0,0.0,0.0,0.0,0.0,0.0,1805.3248871309906,23.96985916253736,0.0,0.0,0.0,7.958078640513122e-13,0.0
2025-06-08 03:00:00+00:00,4,59.0,2787.1014940741543,813.5980446234755,1396.9052659445717,576.5981835061056,813.5980446234756,741.6353157439959,71.96272887947971,4649.383728459951,0.0,813.5980446234755,0.0,1396.9052659445717,0.0,576.5981835061056,0.0,0.0,0.0,0.0,0.0,1390.196228129581,463.3987427098603,3250.500236784013,48.757503551760195,27.938105318891434,27.938105318891434,192.40455815962397,760.4370150590273,4626.549884096184,0.0,0.0,0.0,0.0,0.0,0.0,1079.0113749630016,0.0,2828.9649569649105,23.970049063585986,0.0,0.0,0.0,4.547473508864641e-13,0.0
2025-06-08 04:00:00+00:00,4,59.0,2835.911021442252,833.6827864156527,1420.1540711255102,582.0741639010934,833.6827864156527,759.6132427856735,74.0695436299792,4649.383728459951,0.0,833.6827864156527,0.0,1420.1540711255102,0.0,582.0741639010934,0.0,0.0,0.0,0.0,0.0,1415.756950316746,471.91898343891535,3307.8300048811716,49.61745007321757,28.403081422510205,28.403081422510205,196.92458846211423,775.2671848192676,3611.17820626152,0.0,0.0,0.0,0.0,0.0,0.0,0.0,0.0,2828.9649569649105,23.972472022543,0.0,0.0,0.0,0.0,0.0
2025-06-08 05:00:00+00:00,4,59.0,2864.877477365525,841.7880267306848,1434.4017585825325,588.6876920523098,841.7880267306848,766.9642625149411,74.82376421574374,4649.383728459951,0.0,841.7880267306848,0.0,1434.4017585825325,0.0,588.6876920523098,0.0,0.0,0.0,0.0,0.0,1430.4757187829946,476.82523959433155,3341.7027169598587,50.125540754397875,28.68803517165065,28.68803517165065,198.86514589311986,783.1919965851505,3648.0694739506744,0.0,0.0,0.0,0.0,0.0,0.0,0.0,0.0,2828.9649569649105,23.973231591997138,0.0,0.0,0.0,-1.1368683772161603e-12,0.0
2025-06-08 06:00:00+00:00,4,59.0,2869.0960452254612,841.444559335425,1433.8469976833221,593.804488206714,841.4445593354251,765.9967091501256,75.44785018529942,4649.383728459951,0.0,841.444559335425,0.0,1433.8469976833221,0.0,593.804488206714,0.0,0.0,0.0,0.0,0.0,1435.2490475421391,478.41634918071304,3347.5123944061743,50.21268591609261,28.676939953666444,28.676939953666444,198.92308754944636,784.9060025535848,3654.0020477790463,0.0,0.0,0.0,0.0,0.0,0.0,0.0,0.0,2828.9649569649105,23.974211908767117,0.0,0.0,0.0,2.2737367544323206e-13,0.0
2025-06-08 07:00:00+00:00,4,59.0,2935.153587802032,859.6622132047776,1471.1543492681653,604.3370253290891,859.6622132047776,784.6478497665405,75.0143634382371,4649.383728459951,0.0,859.6622132047776,0.0,1471.1543492681653,0.0,604.3370253290891,0.0,0.0,0.0,0.0,0.0,1463.9992385338667,487.99974617795556,3423.1533339799876,51.347300009699815,29.42308698536331,29.42308698536331,203.17501822065634,801.3682383790383,3736.521826181069,0.0,0.0,0.0,0.0,0.0,0.0,0.0,0.0,2828.9649569649105,23.97410350036611,0.0,0.0,0.0,-9.094947017729282e-13,0.0
2025-06-08 08:00:00+00:00,4,59.0,2902.079830330927,849.6240370341045,1456.1391670196156,596.3166262772086,849.6240370341045,775.5632515296572,74.06078550444721,4649.383728459951,0.0,849.6240370341045,0.0,1456.1391670196156,0.0,596.3166262772086,0.0,0.0,0.0,0.0,0.0,1445.940663311313,481.98022110377104,3384.0600514346997,50.7609007715205,29.122783340392314,29.122783340392314,200.77482395729876,791.7615125133749,3693.841342844301,0.0,0.0,0.0,0.0,0.0,0.0,0.0,0.0,2828.9649569649105,23.97459433291819,0.0,0.0,0.0,-1.0231815394945443e-12,0.0
2025-06-08 09:00:00+00:00,4,59.0,2865.8243195745335,842.8720128036595,1442.1901418882044,580.7621648826696,842.8720128036595,769.2206474751832,73.6513653284762,4649.383728459951,0.0,842.8720128036595,0.0,1442.1901418882044,0.0,580.7621648826696,0.0,0.0,0.0,0.0,0.0,1423.6341776863292,474.54472589544304,3340.3690454699763,50.10553568204964,28.843802837764088,28.843802837764088,198.89170720219934,781.2295744552201,3647.053894029754,0.0,0.0,0.0,0.0,0.0,0.0,0.0,0.0,2828.9649569649105,23.97409786375947,0.0,0.0,0.0,1.1368683772161603e-13,0.0
2025-06-08 10:00:00+00:00,4,59.0,3004.936785739249,886.9312797105351,1512.055486389183,605.9500196395281,886.9312797105351,810.0643313030647,76.86694840747039,4649.383728459951,0.0,886.9312797105351,0.0,1512.055486389183,0.0,605.9500196395281,0.0,0.0,0.0,0.0,0.0,1492.8812993500633,497.6270997833544,3502.5638855226007,52.53845828283901,30.24110972778366,30.24110972778366,209.15542446831924,819.8032019900799,3010.794470094012,0.0,0.0,0.0,0.0,0.0,0.0,0.0,813.9455176353172,1970.9910479607934,23.971346069297603,0.0,0.0,0.0,3.410605131648481e-13,0.0
2025-06-08 11:00:00+00:00,4,59.0,2992.4877938225673,883.083718324854,1506.8280875487683,602.5759879489457,883.083718324854,806.6291441432013,76.45457418165265,4649.383728459951,0.0,883.083718324854,0.0,1506.8280875487683,0.0,602.5759879489457,0.0,0.0,0.0,0.0,0.0,1485.6597062737997,495.21990209126653,3487.7076959138344,52.31561543870752,30.136561750975368,30.136561750975368,208.2268748664779,816.0355158984028,2236.8761114071303,0.0,0.0,0.0,0.0,0.0,0.0,0.0,1571.6471983138392,314.32943966276787,23.970732062606924,0.0,0.0,0.0,-6.821210263296962e-13,0.0
2025-06-08 12:00:00+00:00,4,59.0,2864.58811242164,845.1447672164061,1440.5735739671463,578.869771238086,845.1447672164061,770.99582966184,74.14893755456602,4649.383728459951,0.0,845.1447672164061,0.0,1440.5735739671463,0.0,578.869771238086,0.0,0.0,0.0,0.0,0.0,1424.0145384544921,474.67151281816405,3339.2596252398025,50.08889437859703,28.811471479342927,28.811471479342927,199.33606002039127,781.7194101758382,3646.3075225974776,0.0,0.0,0.0,0.0,0.0,0.0,0.0,0.0,314.32943966276787,23.971763344305973,0.0,0.0,0.0,-4.547473508864641e-13,0.0
2025-06-08 13:00:00+00:00,4,59.0,2798.9460515361766,823.6070198072331,1407.9723165895593,567.3667151393857,823.607019807233,751.4341410429123,72.1728787643207,4649.383728459951,0.0,823.6070198072331,0.0,1407.9723165895593,0.0,567.3667151393857,0.0,0.0,0.0,0.0,0.0,1390.9737349466188,463.6579116488729,3262.603963185051,48.93905944777576,28.159446331791187,28.159446331791187,194.3422877190241,763.258151479255,4641.215577978433,0.0,0.0,0.0,0.0,0.0,0.0,1079.0113749630013,0.0,1337.9695094966876,23.97421051798547,0.0,0.0,0.0,4.547473508864641e-13,0.0
2025-06-08 14:00:00+00:00,4,59.0,2815.0490135332443,828.8635852441721,1419.092887089134,567.0925411999358,828.8635852441722,757.5039507384441,71.35963450572805,4649.383728459951,0.0,828.8635852441721,0.0,1419.092887089134,0.0,567.0925411999358,0.0,0.0,0.0,0.0,0.0,1395.956126444108,465.31870881470263,3280.3677223479444,49.20551583521917,28.381857741782678,28.381857741782678,195.4838474093973,766.7717875428846,3581.820801076129,0.0,0.0,0.0,0.0,0.0,0.0,0.0,0.0,1337.9695094966876,23.97391483068144,0.0,0.0,0.0,2.2737367544323206e-13,0.0
2025-06-08 15:00:00+00:00,4,59.0,3010.6690789388085,880.0642863035372,1527.7898585812788,602.8149340539937,880.0642863035372,808.5642070154429,71.5000792880943,4649.383728459951,0.0,880.0642863035372,0.0,1527.7898585812788,0.0,602.8149340539937,0.0,0.0,0.0,0.0,0.0,1482.8792203575308,494.29307345251027,3504.96215239132,52.5744322858698,30.555797171625578,30.555797171625578,207.58928200483237,815.5683820864637,5397.884659339112,0.0,0.0,0.0,0.0,0.0,0.0,1571.6471983138392,0.0,2828.9649569649105,23.9618009283978,0.0,0.0,0.0,2.2737367544323206e-13,0.0
2025-06-08 16:00:00+00:00,4,59.0,3078.2069923204554,900.9290244404847,1558.5308644646307,618.74710341534,900.9290244404847,827.3441567236722,73.58486771681252,4649.383728459951,0.0,900.9290244404847,0.0,1558.5308644646307,0.0,618.74710341534,0.0,0.0,0.0,0.0,0.0,1519.6761278558247,506.5587092852749,3584.76570160573,53.771485524085946,31.170617289292615,31.170617289292615,212.55288437705585,835.224313765002,3913.431306085457,0.0,0.0,0.0,0.0,0.0,0.0,0.0,0.0,2828.9649569649105,23.960981369303074,0.0,0.0,0.0,-3.410605131648481e-13,0.0
2025-06-08 17:00:00+00:00,4,59.0,3074.9395644076244,898.3391840341388,1556.6978432703056,619.9025371031798,898.3391840341388,824.6011708718212,73.73801316231763,4649.383728459951,0.0,898.3391840341388,0.0,1556.6978432703056,0.0,619.9025371031798,0.0,0.0,0.0,0.0,0.0,1518.2417211373186,506.0805737124395,3581.0201381200636,53.715302071800956,31.133956865406113,31.133956865406113,212.0178957645934,834.0816852796462,3909.021249687271,0.0,0.0,0.0,0.0,0.0,0.0,0.0,0.0,2828.9649569649105,23.9625569470242,0.0,0.0,0.0,3.410605131648481e-13,0.0
2025-06-08 18:00:00+00:00,4,59.0,3058.9732310608524,894.6933575322432,1548.2036400697348,616.0762334588771,894.6933575322432,821.7292435495675,72.96411398267567,4649.383728459951,0.0,894.6933575322432,0.0,1548.2036400697348,0.0,616.0762334588771,0.0,0.0,0.0,0.0,0.0,1510.7695909911204,503.5898636637068,3562.563094724562,53.438446420868424,30.964072801394696,30.964072801394696,211.1261042398786,830.0825599272431,2317.4085926742555,0.0,0.0,0.0,0.0,0.0,0.0,0.0,1571.6471983138392,1172.3033486668849,23.96166775154569,0.0,0.0,0.0,-1.0231815394945443e-12,0.0
2025-06-08 19:00:00+00:00,4,59.0,3062.354483484829,897.7475548077542,1549.4614167162667,615.1455119608087,897.7475548077541,825.9504869438556,71.79706786389855,4649.383728459951,0.0,897.7475548077542,0.0,1549.4614167162667,0.0,615.1455119608087,0.0,0.0,0.0,0.0,0.0,1512.893066768563,504.2976889228543,3566.652172407684,53.49978258611525,30.989228334325336,30.989228334325336,211.77860950046812,831.5545376780885,3079.9635035275996,0.0,0.0,0.0,0.0,0.0,0.0,0.0,813.9455176353171,314.32943966276787,23.963167286766197,0.0,0.0,0.0,-6.821210263296962e-13,0.0
2025-06-08 20:00:00+00:00,4,59.0,3034.895582970205,890.1936621868709,1536.6740384336229,608.0278823497093,890.193662186871,819.4003097546155,70.79335243225552,4649.383728459951,0.0,890.1936621868709,0.0,1536.6740384336229,0.0,608.0278823497093,0.0,0.0,0.0,0.0,0.0,1498.2215445365803,499.4071815121934,3534.3027644823965,53.014541467235944,30.733480768672457,30.733480768672457,209.94704161184413,823.8357261286185,3858.7313090988237,0.0,0.0,0.0,0.0,0.0,0.0,0.0,0.0,314.32943966276787,23.962731634889295,0.0,0.0,0.0,2.2737367544323206e-13,0.0
2025-06-08 21:00:00+00:00,4,59.0,3007.7975109015924,882.7870327801437,1524.515818149399,600.4946599720485,882.7870327801436,812.2081846796015,70.57884810054216,4649.383728459951,0.0,882.7870327801437,0.0,1524.515818149399,0.0,600.4946599720485,0.0,0.0,0.0,0.0,0.0,1483.2816927521922,494.42723091739737,3502.224741818988,52.53337112728482,30.49031636298798,30.49031636298798,208.12923235045557,816.0704671211138,3823.8679780227058,0.0,0.0,0.0,0.0,0.0,0.0,0.0,0.0,314.32943966276787,23.959904308167012,0.0,0.0,0.0,-4.547473508864641e-13,0.0
2025-06-08 22:00:00+00:00,4,59.0,2975.856033715487,870.6540794392172,1506.8757311297647,598.326223146506,870.6540794392172,799.3320446257591,71.32203481345812,4649.383728459951,0.0,870.6540794392172,0.0,1506.8757311297647,0.0,598.326223146506,0.0,0.0,0.0,0.0,0.0,1468.9803025857232,489.6601008619077,3465.516134577396,51.982742018660936,30.137514622595294,30.137514622595294,205.41618717586414,807.3340593016234,3783.1900930171105,0.0,0.0,0.0,0.0,0.0,0.0,0.0,0.0,314.32943966276787,23.95899652621922,0.0,0.0,0.0,3.410605131648481e-13,0.0
2025-06-08 23:00:00+00:00,4,59.0,2972.2519996359006,867.8936805214427,1505.2237731452121,599.1345459692454,867.8936805214427,797.7836250691724,70.11005545227026,4649.383728459951,0.0,867.8936805214427,0.0,1505.2237731452121,0.0,599.1345459692454,0.0,0.0,0.0,0.0,0.0,1467.0282264906882,489.0094088302294,3461.26140846613,51.91892112699195,30.104475462904244,30.104475462904244,204.8427773718668,805.9800582548966,3778.2320578907966,0.0,0.0,0.0,0.0,0.0,0.0,0.0,0.0,314.32943966276787,23.96174359983384,0.0,0.0,0.0,-5.684341886080801e-13,0.0
2025-07-04 00:00:00+00:00,5,66.0,2818.240359639253,834.9480132014181,1413.644073355346,569.6482730824882,834.9480132014181,772.8763592432674,62.071653958150655,4649.383728459951,0.0,834.9480132014181,0.0,1413.644073355346,0.0,569.6482730824882,0.0,0.0,0.0,0.0,0.0,1404.5962862839065,468.19876209463547,3286.439121733888,49.296586826008316,28.272881467106924,28.272881467106924,196.9423900726966,770.9835019275542,4668.235236529808,0.0,0.0,0.0,0.0,0.0,1265.7962245974968,1079.0113749630013,0.0,1337.9695094966876,23.972858909351142,0.0,0.0,0.0,0.0,0.0
2025-07-04 01:00:00+00:00,5,66.0,2774.3114535455616,823.5981798838875,1389.0148695252328,561.6984041364393,823.5981798838875,762.1834155118027,61.414764372084846,4649.383728459951,0.0,823.5981798838875,0.0,1389.0148695252328,0.0,561.6984041364393,0.0,0.0,0.0,0.0,0.0,1385.296584020327,461.76552800677564,3236.0769815523354,48.54115472328503,27.780297390504657,27.780297390504657,194.2622433914901,760.1295209025601,3534.4409744481213,0.0,0.0,0.0,0.0,0.0,1263.2646321483019,0.0,0.0,1337.9695094966876,23.971685497573404,0.0,0.0,0.0,-3.410605131648481e-13,0.0
2025-07-04 02:00:00+00:00,5,66.0,2760.9594491582247,818.5492989915678,1382.7273264279513,559.6828237387056,818.5492989915678,757.3798315435989,61.16946744796879,4649.383728459951,0.0,818.5492989915678,0.0,1382.7273264279513,0.0,559.6828237387056,0.0,0.0,0.0,0.0,0.0,1378.2321227302732,459.4107075767577,3220.370156734982,48.30555235102473,27.654546528559028,27.654546528559028,193.1079726924158,756.1333256773164,3517.0927748355402,0.0,0.0,0.0,0.0,0.0,1260.7381028840052,0.0,0.0,1337.9695094966876,23.972773928853055,0.0,0.0,0.0,-9.094947017729282e-13,0.0
2025-07-04 03:00:00+00:00,5,66.0,2753.5121730464352,817.9635840985814,1378.7537953035878,556.7947936442642,817.9635840985814,756.6130282713424,61.350555827238956,4649.383728459951,0.0,817.9635840985814,0.0,1378.7537953035878,0.0,556.7947936442642,0.0,0.0,0.0,0.0,0.0,1374.7583777428456,458.25279258094855,3211.764965627382,48.176474484410726,27.575075906071756,27.575075906071756,192.90325134214623,754.482670219649,5079.642041579922,0.0,0.0,0.0,0.0,0.0,1258.2166266782374,1571.6471983138392,0.0,2828.9649569649105,23.97237822872265,0.0,0.0,0.0,-1.3642420526593924e-12,0.0
2025-07-04 04:00:00+00:00,5,66.0,2746.0345353449115,816.578076184924,1374.8004601171795,554.6559990428077,816.578076184924,755.2254495818659,61.352626603058226,4649.383728459951,0.0,816.578076184924,0.0,1374.8004601171795,0.0,554.6559990428077,0.0,0.0,0.0,0.0,0.0,1371.2340752277319,457.0780250759106,3203.112560420822,48.04668840631233,27.49600920234359,27.49600920234359,192.54378446374628,752.6605163506564,3498.695051695567,0.0,0.0,0.0,0.0,0.0,1255.700193424881,0.0,0.0,2828.9649569649105,23.971317678769122,0.0,0.0,0.0,-7.958078640513122e-13,0.0
2025-07-04 05:00:00+00:00,5,66.0,2742.154172633252,815.5752035989016,1372.596799918221,553.9821691161308,815.5752035989016,754.8095223742863,60.765681224615314,4649.383728459951,0.0,815.5752035989016,0.0,1372.596799918221,0.0,553.9821691161308,0.0,0.0,0.0,0.0,0.0,1369.5573727150322,456.5191242383441,3198.6732968715974,47.98009945307396,27.45193599836442,27.45193599836442,192.3120443709015,751.7151400590484,3493.8693126922994,0.0,0.0,0.0,0.0,0.0,1253.1887930380315,0.0,0.0,2828.9649569649105,23.97332596151837,0.0,0.0,0.0,-1.0231815394945443e-12,0.0
2025-07-04 06:00:00+00:00,5,66.0,2725.883905048667,812.392284659081,1364.0946097685219,549.3970106210647,812.3922846590812,751.8688313616262,60.52345329745488,4649.383728459951,0.0,812.392284659081,0.0,1364.0946097685219,0.0,549.3970106210647,0.0,0.0,0.0,0.0,0.0,1361.7892952801458,453.92976509338195,3179.81367014205,47.69720505213075,27.28189219537044,27.28189219537044,191.49703212919354,747.6877866654472,3473.571691714113,0.0,0.0,0.0,0.0,0.0,1250.6824154519556,0.0,0.0,2828.9649569649105,23.971109649213524,0.0,0.0,0.0,-1.3642420526593924e-12,0.0
2025-07-04 07:00:00+00:00,5,66.0,2750.898024777563,820.2371626217407,1378.4076661985946,552.2531959572268,820.2371626217408,759.0996076273545,61.13755499438625,4649.383728459951,0.0,820.2371626217407,0.0,1378.4076661985946,0.0,552.2531959572268,0.0,0.0,0.0,0.0,0.0,1372.4903585789675,457.4967861929892,3208.3948109705516,48.125922164558276,27.56815332397189,27.56815332397189,193.28012620606575,754.0391412115569,3504.9371659891194,0.0,0.0,0.0,0.0,0.0,1248.1810506210518,0.0,0.0,2828.9649569649105,23.970737446061946,0.0,0.0,0.0,-4.547473508864641e-13,0.0
2025-07-04 08:00:00+00:00,5,66.0,2781.6229960812484,829.382402115363,1393.2840633351486,558.956530630736,829.382402115363,767.7363167088683,61.646085406494635,4649.383728459951,0.0,829.382402115363,0.0,1393.2840633351486,0.0,558.956530630736,0.0,0.0,0.0,0.0,0.0,1388.338932746099,462.7796442486997,3244.4026403299476,48.66603960494921,27.865681266702975,27.865681266702975,195.4498318924605,762.6268782795153,3544.2498743607644,0.0,0.0,0.0,0.0,0.0,1245.6846885198097,0.0,0.0,2828.9649569649105,23.97089427338409,0.0,0.0,0.0,6.821210263296962e-13,0.0
2025-07-04 09:00:00+00:00,5,66.0,2776.4756009080784,828.5889484895993,1389.2482021699414,558.6384502485374,828.5889484895994,767.0058587442285,61.58308974537088,4649.383728459951,0.0,828.5889484895993,0.0,1389.2482021699414,0.0,558.6384502485374,0.0,0.0,0.0,0.0,0.0,1387.2273987381368,462.40913291271227,3238.8847338207906,48.58327100731186,27.784964043398826,27.784964043398826,195.2712959962111,761.833628003033,3538.3092289111114,0.0,0.0,0.0,0.0,0.0,1243.1933191427702,0.0,0.0,2828.9649569649105,23.971485226111962,0.0,0.0,0.0,0.0,0.0
2025-07-04 10:00:00+00:00,5,66.0,2749.9392623389845,823.1511289342595,1376.5418014807688,550.2463319239562,823.1511289342595,761.573983131966,61.5771458022935,4649.383728459951,0.0,823.1511289342595,0.0,1376.5418014807688,0.0,550.2463319239562,0.0,0.0,0.0,0.0,0.0,1373.3974608582157,457.7991536194052,3207.73841595839,48.11607623937584,27.530836029615376,27.530836029615376,193.86006484442257,754.8369667624344,3504.7762291014187,0.0,0.0,0.0,0.0,0.0,1240.706932504485,0.0,0.0,2828.9649569649105,23.96880710712785,0.0,0.0,0.0,-1.1368683772161603e-13,0.0
2025-07-04 11:00:00+00:00,5,66.0,2729.8440828788735,815.4975766004156,1369.5270121896776,544.8194940887802,815.4975766004156,754.3815371271598,61.11603947325575,4649.383728459951,0.0,815.4975766004156,0.0,1369.5270121896776,37.90021743783211,506.91927665094806,0.0,0.0,37.90021743783211,50.533623250442815,12.633405812610704,1322.4168532513636,440.80561775045453,3132.7494831914955,46.99124224787243,27.769542418171874,27.390540243793552,192.04715934215577,747.6375078150588,1905.8343923800935,0.0,0.0,0.0,50.533623250442815,0.0,1286.2324607273968,0.0,1571.6471983138392,1172.3033486668849,23.9695888022657,0.0,0.0,0.0,6.821210263296962e-13,0.0
2025-07-04 12:00:00+00:00,5,66.0,2640.408421575164,788.3864761666657,1324.9992511359583,527.022694272539,788.3864761666657,730.5057152420017,57.88076092466408,4649.383728459951,0.0,788.3864761666657,0.0,1324.9992511359583,2.030893359043091,524.9918009134958,0.0,0.0,2.030893359043091,2.707857812057455,0.6769644530143637,1313.3782770801615,437.7927590267205,3076.1702872428405,46.1425543086426,26.520293956309597,26.499985022719166,185.67882301338992,723.3113797807962,2549.774283720643,0.0,0.0,0.0,2.707857812057455,0.0,1286.2324607273968,0.0,813.9455176353171,314.32943966276787,23.971613719385626,0.0,0.0,0.0,-2.2737367544323206e-13,0.0
2025-07-04 13:00:00+00:00,5,66.0,2663.4376508569358,789.5176323188808,1336.3911550827113,537.5288634553451,789.5176323188809,730.2454298879608,59.27220243092012,4649.383728459951,0.0,789.5176323188808,0.0,1336.3911550827113,0.0,537.5288634553451,0.0,0.0,0.0,0.0,0.0,1327.046495774226,442.348831924742,3105.7864827816793,46.586797241725186,26.727823101654227,26.727823101654227,186.1948463147492,728.5861216845249,4471.035147504463,0.0,0.0,0.0,0.0,0.0,1283.6599958059423,1079.0113749630013,0.0,1337.9695094966876,23.974931876054377,0.0,0.0,0.0,6.821210263296962e-13,0.0
2025-07-04 14:00:00+00:00,5,66.0,2712.354349978731,800.0109124101366,1361.488329324393,550.8551082442016,800.0109124101366,738.8330169042875,61.17789550584904,4649.383728459951,0.0,800.0109124101366,0.0,1361.488329324393,0.0,550.8551082442016,0.0,0.0,0.0,0.0,0.0,1350.8660206543382,450.28867355144604,3162.643023530177,47.43964535295265,27.22976658648786,27.22976658648786,188.8255195867513,741.0133716641257,3453.3677216428564,0.0,0.0,0.0,0.0,0.0,1281.0926758143305,0.0,0.0,1337.9695094966876,23.977236504375117,0.0,0.0,0.0,-3.410605131648481e-13,0.0
2025-07-04 15:00:00+00:00,5,66.0,2751.8690673449673,811.261344489848,1382.9075907310917,557.700132124026,811.261344489848,749.4624194921178,61.79892499773025,4649.383728459951,0.0,811.261344489848,0.0,1382.9075907310917,0.0,557.700132124026,0.0,0.0,0.0,0.0,0.0,1368.961476613874,456.3204922046247,3208.1895595495907,48.12284339324386,27.658151814621835,27.658151814621835,191.45912493709898,751.2187641642113,5074.735029823018,0.0,0.0,0.0,0.0,0.0,1278.530490462702,1571.6471983138392,0.0,2828.9649569649105,23.976947961650048,0.0,0.0,0.0,-2.2737367544323206e-13,0.0
2025-07-04 16:00:00+00:00,5,66.0,2760.8345873863886,813.6587899267497,1386.9913791783863,560.184418281252,813.6587899267497,751.5350743939812,62.123715532768536,4649.383728459951,0.0,813.6587899267497,0.0,1386.9913791783863,8.099235193910658,552.0851830873413,0.0,0.0,8.099235193910658,10.798980258547545,2.699745064636886,1365.743973014091,455.247991004697,3207.9833431971742,48.11975014795761,27.820819935506833,27.739827583567727,192.04784106733175,753.6759748036978,1942.863363876247,0.0,0.0,0.0,10.798980258547545,0.0,1286.2324607273968,0.0,1571.6471983138392,1172.3033486668849,23.97827341739311,0.0,0.0,0.0,-3.410605131648481e-13,0.0
2025-07-04 17:00:00+00:00,5,66.0,2761.2847957782765,813.4728087241004,1387.4528452687546,560.3591417854216,813.4728087241004,751.2814293246497,62.19137939945079,4649.383728459951,0.0,813.4728087241004,0.0,1387.4528452687546,0.0,560.3591417854216,0.0,0.0,0.0,0.0,0.0,1373.831950509522,457.94398350317397,3219.2287792814504,48.28843168922175,27.74905690537509,27.74905690537509,192.01223112099345,753.7427601241394,3515.027555902416,0.0,0.0,0.0,0.0,0.0,1283.6599958059423,0.0,0.0,1172.3033486668849,23.977969570774253,0.0,0.0,0.0,3.410605131648481e-13,0.0
2025-07-04 18:00:00+00:00,5,66.0,3000.193083244442,885.5689058506396,1500.8502633029902,613.7739140908101,885.5689058506396,818.5117723280856,67.05713352255394,4649.383728459951,0.0,885.5689058506396,0.0,1500.8502633029902,0.0,613.7739140908101,0.0,0.0,0.0,0.0,0.0,1499.3428199414498,499.78093998048325,3499.9740232249233,52.49961034837385,30.017005266059805,30.017005266059805,209.13845245442405,821.4530133154007,3007.7005789245254,0.0,0.0,0.0,0.0,0.0,1281.0926758143305,0.0,813.9455176353171,314.32943966276787,23.97888421312972,0.0,0.0,0.0,1.1368683772161603e-13,0.0
2025-07-04 19:00:00+00:00,5,66.0,2979.2868905398427,878.9123865041033,1489.685771139532,610.6887328962086,878.9123865041033,812.3199616888261,66.5924248152772,4649.383728459951,0.0,878.9123865041033,0.0,1489.685771139532,0.0,610.6887328962086,0.0,0.0,0.0,0.0,0.0,1489.601119400312,496.53370646677064,3475.8205970066147,52.137308955099215,29.793715422790644,29.793715422790644,207.6064611595623,815.8649074270135,3795.1517979668556,0.0,0.0,0.0,0.0,0.0,1278.530490462702,0.0,0.0,314.32943966276787,23.97941349521319,0.0,0.0,0.0,-5.684341886080801e-13,0.0
2025-07-04 20:00:00+00:00,5,66.0,2756.4462746615827,802.1631856132009,1388.191079935586,566.0920091127986,802.1631856132009,734.9370175190198,67.226168094181,4649.383728459951,0.0,802.1631856132009,0.0,1388.191079935586,0.0,566.0920091127986,0.0,0.0,0.0,0.0,0.0,1368.2551947259994,456.0850649086665,3212.531339570252,48.18797009355378,27.763821598711722,27.763821598711722,189.65474241517725,749.4554206148209,3505.901695276403,0.0,0.0,0.0,0.0,0.0,1275.9734294817767,0.0,0.0,314.32943966276787,23.979419046706138,0.0,0.0,0.0,-4.547473508864641e-13,0.0
2025-07-04 21:00:00+00:00,5,66.0,2678.48131628407,776.0182269833107,1354.0858654425685,548.3772238581935,776.0182269833107,711.5465684706273,64.47165851268332,4649.383728459951,0.0,776.0182269833107,0.0,1354.0858654425685,0.0,548.3772238581935,0.0,0.0,0.0,0.0,0.0,1324.395450841504,441.46515028050135,3119.9464665645737,46.7991969984686,27.08171730885137,27.08171730885137,183.48845357577002,725.9162354724426,3404.3975517565127,0.0,0.0,0.0,0.0,0.0,1273.4214826228133,0.0,0.0,314.32943966276787,23.977517553593117,0.0,0.0,0.0,0.0,0.0
2025-07-04 22:00:00+00:00,5,66.0,2653.3286196868225,769.3428766029135,1343.361268423535,540.6244746603736,769.3428766029135,706.098702714668,63.24417388824555,4649.383728459951,0.0,769.3428766029135,0.0,1343.361268423535,0.0,540.6244746603736,0.0,0.0,0.0,0.0,0.0,1309.9673512632871,436.655783754429,3089.984403441251,46.34976605161876,26.8672253684707,26.8672253684707,181.83133307389525,718.5713336168844,3371.899953303707,0.0,0.0,0.0,0.0,0.0,1270.874639657568,0.0,0.0,314.32943966276787,23.976346084214853,0.0,0.0,0.0,2.2737367544323206e-13,0.0
2025-07-04 23:00:00+00:00,5,66.0,2639.941990440102,763.868373618591,1336.968747182771,539.1048696387392,763.868373618591,702.2244109052232,61.643962713367856,4649.383728459951,0.0,763.868373618591,0.0,1336.968747182771,0.0,539.1048696387392,0.0,0.0,0.0,0.0,0.0,1302.97324325733,434.32441441911004,3074.2664048592114,46.11399607288817,26.73937494365542,26.73937494365542,180.60294841810682,714.5201087974159,3354.462099237518,0.0,0.0,0.0,0.0,0.0,1268.332890378253,0.0,0.0,314.32943966276787,23.974864203066275,0.0,0.0,0.0,1.1368683772161603e-13,0.0
2025-09-25 00:00:00+00:00,6,31.0,2901.6103379852475,835.2835309551637,1468.407642722389,597.9191643076971,835.2835309551637,762.9146812929056,72.36884966225807,4649.383728459951,0.0,835.2835309551637,0.0,1468.407642722389,0.0,597.9191643076971,0.0,0.0,0.0,0.0,0.0,1433.2026952628607,477.7342317542869,3379.3445697395364,50.69016854609304,29.368152854447782,29.368152854447782,197.65880934036744,784.8195153496429,3686.4298533348906,0.0,0.0,0.0,0.0,0.0,1278.530490462702,0.0,0.0,314.32943966276787,23.95843967842971,0.0,0.0,0.0,2.2737367544323206e-13,0.0
2025-09-25 01:00:00+00:00,6,31.0,2813.053221362433,807.7890357375381,1422.5201443816675,582.7440412432284,807.7890357375381,737.3386002745638,70.45043546297434,4649.383728459951,0.0,807.7890357375381,0.0,1422.5201443816675,0.0,582.7440412432284,0.0,0.0,0.0,0.0,0.0,1390.5330769807665,463.5110256602555,3276.5642470226894,49.14846370534034,28.45040288763335,28.45040288763335,191.2680686843791,760.8283638252417,5145.528783501515,0.0,0.0,0.0,0.0,0.0,1275.973429481777,1571.6471983138392,0.0,1805.3248871309906,23.960455468972555,0.0,0.0,0.0,1.3642420526593924e-12,0.0
2025-09-25 02:00:00+00:00,6,31.0,2778.8391508903856,797.6049246418686,1406.847386183855,574.3868400646597,797.6049246418685,727.100751512683,70.50417312918549,4649.383728459951,0.0,797.6049246418686,0.0,1406.847386183855,0.0,574.3868400646597,0.0,0.0,0.0,0.0,0.0,1371.9917647065283,457.3305882355094,3236.1697391258926,48.542546086888386,28.1369477236771,28.1369477236771,188.8233805852215,750.9704103549734,3529.809561245359,0.0,0.0,0.0,0.0,0.0,1273.4214826228135,0.0,0.0,1805.3248871309906,23.95977551151831,0.0,0.0,0.0,0.0,0.0
2025-09-25 03:00:00+00:00,6,31.0,2801.830507389542,803.9270927583194,1420.0087674996553,577.8946471315669,803.9270927583195,732.6932970424367,71.23379571588276,4649.383728459951,0.0,803.9270927583194,0.0,1420.0087674996553,0.0,577.8946471315669,0.0,0.0,0.0,0.0,0.0,1381.8217398898864,460.60724662996216,3262.4377540195037,48.936566310292555,28.400175349993106,28.400175349993106,190.2907940753248,756.6349577155657,4637.47684006811,0.0,0.0,0.0,0.0,0.0,1270.8746396575682,1079.0113749630016,0.0,2828.9649569649105,23.95871781100042,0.0,0.0,0.0,2.2737367544323206e-13,0.0
2025-09-25 04:00:00+00:00,6,31.0,2797.6655864432987,800.1120427219098,1420.9004298722878,576.6531138491007,800.1120427219098,731.1337643858466,68.97827833606327,4649.383728459951,0.0,800.1120427219098,0.0,1420.9004298722878,0.0,576.6531138491007,0.0,0.0,0.0,0.0,0.0,1376.7651565710105,458.9217188570035,3256.5873053003015,48.84880957950452,28.418008597445755,28.418008597445755,189.43899629310545,754.0455419245051,3551.7111283678037,0.0,0.0,0.0,0.0,0.0,1268.3328903782533,0.0,0.0,2828.9649569649105,23.961347049383175,0.0,0.0,0.0,-1.1368683772161603e-13,0.0
2025-09-25 05:00:00+00:00,6,31.0,2851.1160942723395,814.3076060529697,1448.483144219844,588.325343999526,814.3076060529697,744.0424744261159,70.2651316268539,4649.383728459951,0.0,814.3076060529697,0.0,1448.483144219844,0.0,588.325343999526,0.0,0.0,0.0,0.0,0.0,1402.6329500524957,467.54431668416527,3318.660410956505,49.77990616434757,28.969662884396882,28.969662884396882,192.83851490645785,768.1020635237645,3619.218157796103,0.0,0.0,0.0,0.0,0.0,1265.7962245974968,0.0,0.0,2828.9649569649105,23.960751027383463,0.0,0.0,0.0,-1.2505552149377763e-12,0.0
2025-09-25 06:00:00+00:00,6,31.0,2897.596325228168,827.3341908128979,1471.8865333880765,598.3756010271927,827.334190812898,756.917178219656,70.41701259324196,4649.383728459951,0.0,827.3341908128979,0.0,1471.8865333880765,0.0,598.3756010271927,0.0,0.0,0.0,0.0,0.0,1425.7097918400905,475.23659728003014,3372.832922508197,50.59249383762295,29.43773066776153,29.43773066776153,195.94673134046306,780.6512837936393,3678.2476090218074,0.0,0.0,0.0,0.0,0.0,1263.2646321483019,0.0,0.0,2828.9649569649105,23.961959628051506,0.0,0.0,0.0,0.0,0.0
2025-09-25 07:00:00+00:00,6,31.0,2939.804260036653,838.6115694756334,1492.8961010280832,608.2965895329356,838.6115694756334,768.6741230378962,69.93744643773717,4649.383728459951,0.0,838.6115694756334,0.0,1492.8961010280832,0.0,608.2965895329356,0.0,0.0,0.0,0.0,0.0,1446.9081590085689,482.30271966952296,3422.106979706175,51.331604695592624,29.857922020561663,29.857922020561663,198.67404086299865,792.0242092692376,3731.82846930589,0.0,0.0,0.0,0.0,0.0,1260.7381028840055,0.0,0.0,2828.9649569649105,23.962019912955725,0.0,0.0,0.0,-6.821210263296962e-13,0.0
2025-09-25 08:00:00+00:00,6,31.0,2945.080060947703,843.7336944300812,1497.4414027743783,603.9049637432455,843.7336944300813,775.7553379878929,67.97835644218841,4649.383728459951,0.0,843.7336944300812,0.0,1497.4414027743783,0.0,603.9049637432455,0.0,0.0,0.0,0.0,0.0,1447.6386581733268,482.54621939110893,3427.626280338814,51.41439420508221,29.948828055487567,29.948828055487567,199.68884887710996,793.5471185842762,3738.6271795319785,0.0,0.0,0.0,0.0,0.0,1258.2166266782376,0.0,0.0,2828.9649569649105,23.962447861876687,0.0,0.0,0.0,-4.547473508864641e-13,0.0
2025-09-25 09:00:00+00:00,6,31.0,2930.317398884138,841.3300079363687,1489.0008796885325,599.9865112592374,841.3300079363686,772.9845452655595,68.34546267080911,4649.383728459951,0.0,841.3300079363687,0.0,1489.0008796885325,0.0,599.9865112592374,0.0,0.0,0.0,0.0,0.0,1441.3165191956061,480.4388397318687,3410.756238616007,51.1613435792401,29.78001759377065,29.78001759377065,199.0593100892621,790.2195285879124,3720.53692747205,0.0,0.0,0.0,0.0,0.0,1255.7001934248813,0.0,0.0,2828.9649569649105,23.96017854789517,0.0,0.0,0.0,-3.410605131648481e-13,0.0
2025-09-25 10:00:00+00:00,6,31.0,2948.936314313021,845.6498697268006,1494.422841690996,608.8636028952253,845.6498697268006,776.951781557623,68.6980881691776,4649.383728459951,0.0,845.6498697268006,0.0,1494.422841690996,26.087106070551386,582.7764968246739,0.0,0.0,26.087106070551386,34.782808094068514,8.695702023517129,1428.4263665514745,476.1421221838248,3398.9913304262955,50.98486995639443,30.149327894525435,29.88845683381992,200.23592250167786,796.0964013937596,2931.0871980714633,0.0,0.0,0.0,34.782808094068514,0.0,1286.2324607273968,0.0,813.9455176353172,1970.9910479607934,23.96205811546179,0.0,0.0,0.0,0.0,0.0
2025-09-25 11:00:00+00:00,6,31.0,2984.0348840763613,856.3949026869819,1513.3461405515898,614.2938408377887,856.3949026869819,786.2454445436495,70.14945814333247,4649.383728459951,0.0,856.3949026869819,0.0,1513.3461405515898,2.030893359043091,612.2629474787457,0.0,0.0,2.030893359043091,2.707857812057455,0.6769644530143637,1468.6578501657277,489.55261672190926,3471.556607439227,52.0733491115884,30.28723174462223,30.266922811031797,202.71497281712425,805.5720576592903,2217.959743421812,0.0,0.0,0.0,2.707857812057455,0.0,1286.2324607273968,0.0,1571.6471983138392,314.32943966276787,23.959842814884198,0.0,0.0,0.0,-4.547473508864641e-13,0.0
2025-09-25 12:00:00+00:00,6,31.0,2952.3289487971765,849.5194362077491,1494.986391295938,607.8231212934878,849.5194362077492,779.0237042944729,70.49573191327632,4649.383728459951,0.0,849.5194362077491,0.0,1494.986391295938,2.030893359043091,605.7922279344448,0.0,0.0,2.030893359043091,2.707857812057455,0.6769644530143637,1455.3116641421939,485.10388804739796,3435.40194348553,51.53102915228295,29.92003675950919,29.89972782591876,201.03896823613206,798.1706144742553,3750.499563271432,0.0,0.0,0.0,2.707857812057455,0.0,1286.2324607273968,0.0,0.0,314.32943966276787,23.95868876993203,0.0,0.0,0.0,3.410605131648481e-13,0.0
2025-09-25 13:00:00+00:00,6,31.0,2912.9973999582544,836.3338754801373,1474.6739986600555,601.9895258180634,836.3338754801373,766.4519222431262,69.88195323701115,4649.383728459951,0.0,836.3338754801373,0.0,1474.6739986600555,0.0,601.9895258180634,0.0,0.0,0.0,0.0,0.0,1438.3234012982007,479.4411337660669,3392.438533724323,50.88657800586484,29.49347997320111,29.49347997320111,198.00929080358344,787.3239625219175,4779.332737443173,0.0,0.0,0.0,0.0,0.0,1283.6599958059423,1079.0113749630013,0.0,1337.9695094966876,23.958272225271255,0.0,0.0,0.0,-4.547473508864641e-13,0.0
2025-09-25 14:00:00+00:00,6,31.0,2897.536658208427,833.7738095903018,1467.1739150138135,596.5889336043123,833.7738095903018,763.994643567583,69.77916602271877,4649.383728459951,0.0,833.7738095903018,0.0,1467.1739150138135,0.0,596.5889336043123,0.0,0.0,0.0,0.0,0.0,1430.362743194614,476.78758106487135,3374.324239273299,50.614863589099485,29.34347830027627,29.34347830027627,197.30981029410214,783.3992115486255,3680.9358697570524,0.0,0.0,0.0,0.0,0.0,1281.0926758143305,0.0,0.0,1337.9695094966876,23.95576580890679,0.0,0.0,0.0,-2.2737367544323206e-13,0.0
2025-09-25 15:00:00+00:00,6,31.0,2901.2151153021136,830.9030341154114,1469.36631930405,600.9457618826527,830.9030341154114,761.4018212502693,69.5012128651421,4649.383728459951,0.0,830.9030341154114,0.0,1469.36631930405,0.0,600.9457618826527,0.0,0.0,0.0,0.0,0.0,1431.8487959980641,477.28293199935473,3378.498047301469,50.677470709522034,29.387326386081,29.387326386081,196.7990257890859,783.5340812701247,5256.396394886077,0.0,0.0,0.0,0.0,0.0,1278.530490462702,1571.6471983138392,0.0,2828.9649569649105,23.95840830345573,0.0,0.0,0.0,-2.2737367544323206e-13,0.0
2025-09-25 16:00:00+00:00,6,31.0,2901.737994427714,832.3497132342809,1470.2980911636735,599.0901900297598,832.3497132342809,762.7858580994931,69.56385513478777,4649.383728459951,0.0,832.3497132342809,0.0,1470.2980911636735,0.0,599.0901900297598,0.0,0.0,0.0,0.0,0.0,1431.4399032640408,477.14663442134696,3378.8846288490613,50.68326943273592,29.40596182327347,29.40596182327347,197.06520722016828,783.7070347207982,3685.445029148512,0.0,0.0,0.0,0.0,0.0,1275.973429481777,0.0,0.0,2828.9649569649105,23.95781983775834,0.0,0.0,0.0,-4.547473508864641e-13,0.0
2025-09-25 17:00:00+00:00,6,31.0,2922.2616041557385,840.796679435496,1480.3512199654558,601.1137047547878,840.7966794354959,770.5199381845581,70.27674125093785,4649.383728459951,0.0,840.796679435496,0.0,1480.3512199654558,10.113930082565616,590.9997746722222,0.0,0.0,10.113930082565616,13.485240110087489,3.371310027521872,1431.796454107718,477.2654847025727,3389.4131587757465,50.8411973816362,29.708163700134776,29.607024399309118,198.9590764378892,789.7522566490638,3712.013860804802,0.0,0.0,0.0,13.485240110087489,0.0,1286.2324607273968,0.0,0.0,2828.9649569649105,23.957121938701484,0.0,0.0,0.0,-4.547473508864641e-13,0.0
2025-09-25 18:00:00+00:00,6,31.0,2984.318557264252,858.9549598542486,1509.2072280284935,616.1563693815108,858.9549598542487,786.7715959419786,72.18336391227007,4649.383728459951,0.0,858.9549598542486,0.0,1509.2072280284935,2.030893359043091,614.1254760224676,0.0,0.0,2.030893359043091,2.707857812057455,0.6769644530143637,1473.0804358767164,491.02681195890545,3473.3144758641156,52.09971713796173,30.204453494160305,30.184144560569873,203.31059304649983,807.5026846511116,2220.1740436015248,0.0,0.0,0.0,2.707857812057455,0.0,1286.2324607273968,0.0,1571.6471983138392,1172.3033486668849,23.957462211322124,0.0,0.0,0.0,6.821210263296962e-13,0.0
2025-09-25 19:00:00+00:00,6,31.0,3005.1735252236713,865.4077644821872,1518.8906753677688,620.8750853737145,865.4077644821872,792.7096786746018,72.69808580758536,4649.383728459951,0.0,865.4077644821872,0.0,1518.8906753677688,2.030893359043091,618.8441920146713,0.0,0.0,2.030893359043091,2.707857812057455,0.6769644530143637,1484.2519564968584,494.75065216561944,3497.893284030247,52.4683992604537,30.39812244094581,30.377813507355377,204.8418775773087,813.5138294046976,3004.7418369930515,0.0,0.0,0.0,2.707857812057455,0.0,1286.2324607273968,0.0,813.9455176353171,314.32943966276787,23.95861504168611,0.0,0.0,0.0,-2.2737367544323206e-13,0.0
2025-09-25 20:00:00+00:00,6,31.0,3020.229052487607,869.7645100482438,1524.8855782604423,625.5789641789206,869.7645100482437,796.0616951129858,73.70281493525788,4649.383728459951,0.0,869.7645100482438,0.0,1524.8855782604423,2.030893359043091,623.5480708198775,0.0,0.0,2.030893359043091,2.707857812057455,0.6769644530143637,1493.3125808681211,497.77086028937373,3515.9690194179375,52.73953529126906,30.518020498799277,30.497711565208846,205.91074953663633,818.1138416343016,3838.3428941219086,0.0,0.0,0.0,2.707857812057455,0.0,1286.2324607273968,0.0,0.0,314.32943966276787,23.956645929663832,0.0,0.0,0.0,-1.1368683772161603e-13,0.0
2025-09-25 21:00:00+00:00,6,31.0,2950.7057417030483,850.6064291714915,1489.1484763337073,610.9508361978499,850.6064291714914,778.1268860904088,72.47954308108264,4649.383728459951,0.0,850.6064291714915,0.0,1489.1484763337073,2.030893359043091,608.9199428388067,0.0,0.0,2.030893359043091,2.707857812057455,0.6769644530143637,1459.5263720102982,486.5087906700994,3435.183639014105,51.527754585211575,29.80327846026458,29.782969526674147,201.35004894101297,799.6498066362769,3750.355548339325,0.0,0.0,0.0,2.707857812057455,0.0,1286.2324607273968,0.0,0.0,314.32943966276787,23.957086578452667,0.0,0.0,0.0,0.0,0.0
2025-09-25 22:00:00+00:00,6,31.0,3008.2873212151394,865.9911468892824,1517.9197752803686,624.3763990454856,865.9911468892824,792.4893234305205,73.5018234587619,4649.383728459951,0.0,865.9911468892824,0.0,1517.9197752803686,0.0,624.3763990454856,0.0,0.0,0.0,0.0,0.0,1490.367545934768,496.789181978256,3505.0765031933925,52.57614754790089,30.358395505607373,30.358395505607373,205.05720563101295,815.1393261683846,3823.4266473835232,0.0,0.0,0.0,0.0,0.0,1283.6599958059423,0.0,0.0,314.32943966276787,23.957381025040384,0.0,0.0,0.0,-7.958078640513122e-13,0.0
2025-09-25 23:00:00+00:00,6,31.0,3018.9215469377955,869.9536487706108,1526.0086680481827,622.9592301190016,869.9536487706108,796.8968981839087,73.05675058670212,4649.383728459951,0.0,869.9536487706108,0.0,1526.0086680481827,0.0,622.9592301190016,0.0,0.0,0.0,0.0,0.0,1492.9128788896123,497.63762629653746,3516.559173234333,52.74838759851499,30.520173360963653,30.520173360963653,205.88696501344606,817.3133256304259,3836.2348725682214,0.0,0.0,0.0,0.0,0.0,1281.0926758143305,0.0,0.0,314.32943966276787,23.95700649498796,0.0,0.0,0.0,0.0,0.0
2025-10-25 00:00:00+00:00,7,36.0,2528.7797424181535,729.5132739105675,1279.442224791058,519.8242437165261,729.5132739105675,664.3181090092695,65.19516490129801,4649.383728459951,0.0,729.5132739105675,0.0,1279.442224791058,0.0,519.8242437165261,0.0,0.0,0.0,0.0,0.0,1249.3375176270936,416.4458392090312,2945.2255816271827,44.17838372440774,25.58884449582116,25.58884449582116,172.54864291737357,684.3505548424548,3213.130297260609,0.0,0.0,0.0,0.0,0.0,1278.530490462702,0.0,0.0,314.32943966276787,23.959739734869803,0.0,0.0,0.0,6.821210263296962e-13,0.0
2025-10-25 01:00:00+00:00,7,36.0,2517.520352218336,725.9724106131359,1273.4668459701054,518.0810956350961,725.9724106131359,660.8213629382208,65.1510476749152,4649.383728459951,0.0,725.9724106131359,0.0,1273.4668459701054,0.0,518.0810956350961,0.0,0.0,0.0,0.0,0.0,1244.053506248232,414.684502082744,2932.2048543010815,43.98307281451622,25.46933691940211,25.46933691940211,171.72897553509503,681.3352242711595,4770.502774803334,0.0,0.0,0.0,0.0,0.0,1275.973429481777,1571.6471983138392,0.0,1805.3248871309906,23.95864848174093,0.0,0.0,0.0,-2.2737367544323206e-13,0.0
2025-10-25 02:00:00+00:00,7,36.0,2536.9740567440685,730.0002019821555,1282.095013305247,524.8788414566662,730.0002019821555,664.7857494677022,65.21445251445334,4649.383728459951,0.0,730.0002019821555,0.0,1282.095013305247,0.0,524.8788414566662,0.0,0.0,0.0,0.0,0.0,1254.8790434388218,418.2930144796073,2955.267071223676,44.329006068355135,25.64190026610494,25.64190026610494,172.78529661276565,686.691117692938,3223.665174437007,0.0,0.0,0.0,0.0,0.0,1273.4214826228135,0.0,0.0,1805.3248871309906,23.958811350692763,0.0,0.0,0.0,4.547473508864641e-13,0.0
2025-10-25 03:00:00+00:00,7,36.0,2490.5298133950173,716.9963119952104,1260.1534685111142,513.3800328886914,716.9963119952104,653.2017666387801,63.794545356430255,4649.383728459951,0.0,716.9963119952104,0.0,1260.1534685111142,0.0,513.3800328886914,0.0,0.0,0.0,0.0,0.0,1230.3763448839018,410.12544829463394,2900.6552616896497,43.50982892534474,25.203069370222284,25.203069370222284,169.65280413366114,673.6942200940844,4243.235408452103,0.0,0.0,0.0,0.0,0.0,1270.8746396575682,1079.0113749630016,0.0,2828.9649569649105,23.961731490860885,0.0,0.0,0.0,-2.2737367544323206e-13,0.0
2025-10-25 04:00:00+00:00,7,36.0,2491.2758855604698,717.4645515286456,1260.1483561002212,513.6629779316041,717.4645515286456,653.4755279399895,63.98902358865607,4649.383728459951,0.0,717.4645515286456,0.0,1260.1483561002212,0.0,513.6629779316041,0.0,0.0,0.0,0.0,0.0,1231.1275294602497,410.37584315341655,2901.6517287138877,43.524775930708316,25.202967122004424,25.202967122004424,169.76104642716192,674.0675997552956,3165.3434853157646,0.0,0.0,0.0,0.0,0.0,1268.3328903782533,0.0,0.0,2828.9649569649105,23.961008043396077,0.0,0.0,0.0,-7.958078640513122e-13,0.0
2025-10-25 05:00:00+00:00,7,36.0,2514.2272191741786,724.3264452918785,1271.5807652659332,518.3200086163669,724.3264452918785,659.8143294516586,64.51211584021986,4649.383728459951,0.0,724.3264452918785,0.0,1271.5807652659332,0.0,518.3200086163669,0.0,0.0,0.0,0.0,0.0,1242.6464539082453,414.2154846360818,2928.4427038102604,43.9266405571539,25.431615305318665,25.431615305318665,171.37806752389187,680.3834233277648,3194.610642501944,0.0,0.0,0.0,0.0,0.0,1265.7962245974968,0.0,0.0,2828.9649569649105,23.95987527763581,0.0,0.0,0.0,4.547473508864641e-13,0.0
2025-10-25 06:00:00+00:00,7,36.0,2544.3729493899773,734.4602935201503,1285.7067201160753,524.2059357537522,734.4602935201503,669.0931218875336,65.36717163261679,4649.383728459951,0.0,734.4602935201503,0.0,1285.7067201160753,0.0,524.2059357537522,0.0,0.0,0.0,0.0,0.0,1258.6662292739024,419.5554097579675,2963.9283591479452,44.458925387219175,25.714134402321505,25.714134402321505,173.7420679390397,689.1846718888694,3233.5576212788465,0.0,0.0,0.0,0.0,0.0,1263.2646321483019,0.0,0.0,2828.9649569649105,23.95983142138186,0.0,0.0,0.0,-2.2737367544323206e-13,0.0
2025-10-25 07:00:00+00:00,7,36.0,2526.457168777455,729.037713112786,1275.6607637421769,521.7586919224929,729.037713112786,664.6075201521951,64.43019296059093,4649.383728459951,0.0,729.037713112786,0.0,1275.6607637421769,0.0,521.7586919224929,0.0,0.0,0.0,0.0,0.0,1250.796405035279,416.9321350117596,2943.3893037892153,44.15083955683823,25.51321527484354,25.51321527484354,172.4989423486798,684.6083474669647,3211.0655162444195,0.0,0.0,0.0,0.0,0.0,1260.7381028840055,0.0,0.0,2828.9649569649105,23.960649455671597,0.0,0.0,0.0,-2.2737367544323206e-13,0.0
2025-10-25 08:00:00+00:00,7,36.0,2488.024131698533,717.5715172131929,1256.255140573791,514.1974739115499,717.5715172131929,654.480958807158,63.09055840603488,4649.383728459951,0.0,717.5715172131929,0.0,1256.255140573791,0.0,514.1974739115499,0.0,0.0,0.0,0.0,0.0,1231.7689911247428,410.5896637082476,2898.6137954067817,43.47920693110172,25.125102811475823,25.125102811475823,169.80390089613098,674.1229771584319,3162.1471088569633,0.0,0.0,0.0,0.0,0.0,1258.2166266782376,0.0,0.0,2828.9649569649105,23.961567231106873,0.0,0.0,0.0,-1.5916157281026244e-12,0.0
2025-10-25 09:00:00+00:00,7,36.0,2511.5316420559743,724.3699289206729,1268.2441286394737,518.9175844958265,724.3699289206729,661.128702096805,63.241226823867954,4649.383728459951,0.0,724.3699289206729,0.0,1268.2441286394737,0.0,518.9175844958265,0.0,0.0,0.0,0.0,0.0,1243.2875134164995,414.42917113883317,2925.960813194806,43.88941219792209,25.364882572789476,25.364882572789476,171.4110638461831,680.4594123285174,3191.9910543844917,0.0,0.0,0.0,0.0,0.0,1255.7001934248813,0.0,0.0,2828.9649569649105,23.960873713229198,0.0,0.0,0.0,0.0,0.0
2025-10-25 10:00:00+00:00,7,36.0,2528.253386990863,728.122594841898,1277.0058311255086,523.1249610234553,728.1225948418979,664.2114327054069,63.91116213649109,4649.383728459951,0.0,728.122594841898,0.0,1277.0058311255086,26.087106070551386,497.0378549529039,0.0,0.0,26.087106070551386,34.782808094068514,8.695702023517129,1225.160449794802,408.38681659826733,2910.553097518578,43.658296462778665,25.800987683215688,25.540116622510173,172.3367945843762,684.4187139746651,2398.726583330211,0.0,0.0,0.0,34.782808094068514,0.0,1286.2324607273968,0.0,813.9455176353172,1970.9910479607934,23.960374434015502,0.0,0.0,0.0,-1.1368683772161603e-13,0.0
2025-10-25 11:00:00+00:00,7,36.0,2512.5000461809145,722.5465336637633,1269.8172200386753,520.1362924784767,722.5465336637633,659.6208765856975,62.9256570780658,4649.383728459951,0.0,722.5465336637633,0.0,1269.8172200386753,2.030893359043091,518.1053991194335,0.0,0.0,2.030893359043091,2.707857812057455,0.6769644530143637,1240.6519327831968,413.5506442610656,2924.0197970829377,43.86029695624406,25.416653334363936,25.396344400773504,171.0464007703763,679.9473041758378,1620.8001520429127,0.0,0.0,0.0,2.707857812057455,0.0,1286.2324607273968,0.0,1571.6471983138392,314.32943966276787,23.96234517754429,0.0,0.0,0.0,-3.410605131648481e-13,0.0
2025-10-25 12:00:00+00:00,7,36.0,2404.621778597998,691.7696128732078,1215.7566600480063,497.0955056767832,691.769612873208,630.297982690189,61.47163018301896,4649.383728459951,0.0,691.7696128732078,0.0,1215.7566600480063,2.030893359043091,495.0646123177401,0.0,0.0,2.030893359043091,2.707857812057455,0.6769644530143637,1186.834225190948,395.61140839698265,2798.202293635937,41.97303440453906,24.335442134550558,24.315133200960126,163.7296042590518,650.6415868490985,3055.2633654470965,0.0,0.0,0.0,2.707857812057455,0.0,1286.2324607273968,0.0,0.0,314.32943966276787,23.96258841958649,0.0,0.0,0.0,0.0,0.0
2025-10-25 13:00:00+00:00,7,36.0,2420.1149006663345,697.6923005870938,1222.1139873327215,500.30861274651886,697.6923005870938,635.4466532414513,62.245647345642475,4649.383728459951,0.0,697.6923005870938,0.0,1222.1139873327215,0.0,500.30861274651886,0.0,0.0,0.0,0.0,0.0,1198.0009133336125,399.3336377778708,2819.448538444205,42.29172807666308,24.44227974665443,24.44227974665443,165.1025950957571,655.6125204435999,4154.738796072937,0.0,0.0,0.0,0.0,0.0,1283.6599958059423,1079.0113749630013,0.0,1337.9695094966876,23.96093797360884,0.0,0.0,0.0,9.094947017729282e-13,0.0
2025-10-25 14:00:00+00:00,7,36.0,2432.1762087706884,701.7385712460115,1227.9454799005043,502.49215762417253,701.7385712460115,639.2300606350967,62.50851061091475,4649.383728459951,0.0,701.7385712460115,0.0,1227.9454799005043,0.0,502.49215762417253,0.0,0.0,0.0,0.0,0.0,1204.230728870184,401.41024295672804,2833.5864517274167,42.50379677591125,24.558909598010086,24.558909598010086,166.04249835522998,659.0743572838894,3091.2505660545776,0.0,0.0,0.0,0.0,0.0,1281.0926758143305,0.0,0.0,1337.9695094966876,23.96099644966341,0.0,0.0,0.0,-2.2737367544323206e-13,0.0
2025-10-25 15:00:00+00:00,7,36.0,2433.220030783311,701.954886742378,1228.62326660169,502.6418774392435,701.954886742378,639.2039084442201,62.750978298157875,4649.383728459951,0.0,701.954886742378,0.0,1228.62326660169,0.0,502.6418774392435,0.0,0.0,0.0,0.0,0.0,1204.5967641816214,401.53225472720715,2834.7522855105185,42.521284282657774,24.5724653320338,24.5724653320338,166.092009997118,659.2904796710505,4664.1577087682,0.0,0.0,0.0,0.0,0.0,1278.530490462702,1571.6471983138392,0.0,2828.9649569649105,23.96076416139469,0.0,0.0,0.0,-6.821210263296962e-13,0.0
2025-10-25 16:00:00+00:00,7,36.0,2473.2096265882515,712.4362215227497,1248.600044141565,512.1733609239379,712.4362215227499,648.5570564804544,63.87916504229539,4649.383728459951,0.0,712.4362215227497,0.0,1248.600044141565,0.0,512.1733609239379,0.0,0.0,0.0,0.0,0.0,1224.6095824466877,408.2031941488959,2881.4128207371486,43.22119231105723,24.9720008828313,24.9720008828313,168.62404982024708,669.9924380458629,3143.202064634114,0.0,0.0,0.0,0.0,0.0,1275.973429481777,0.0,0.0,2828.9649569649105,23.960951462137487,0.0,0.0,0.0,-4.547473508864641e-13,0.0
2025-10-25 17:00:00+00:00,7,36.0,2468.5778610092766,711.4315220534988,1245.3652125758779,511.7811263799009,711.4315220534988,647.2682898895821,64.1632321639167,4649.383728459951,0.0,711.4315220534988,0.0,1245.3652125758779,10.113930082565616,501.6671962973353,0.0,0.0,10.113930082565616,13.485240110087489,3.371310027521872,1213.0987183508341,404.36623945027804,2862.8301703769903,42.94245255565485,25.008443552343216,24.90730425151756,168.3925849768325,668.9883348141481,3137.566195823424,0.0,0.0,0.0,13.485240110087489,0.0,1286.2324607273968,0.0,0.0,2828.9649569649105,23.959547038080462,0.0,0.0,0.0,-5.684341886080801e-13,0.0
2025-10-25 18:00:00+00:00,7,36.0,2443.485067689006,702.6688485223925,1233.2556799552874,507.56053921132656,702.6688485223924,639.5595936405316,63.10925488186086,4649.383728459951,0.0,702.6688485223925,0.0,1233.2556799552874,2.030893359043091,505.52964585228347,0.0,0.0,2.030893359043091,2.707857812057455,0.6769644530143637,1208.198494374676,402.73283145822535,2844.187005788189,42.66280508682283,24.68542253269618,24.665113599105748,166.37539381069212,661.7985309405566,1533.6364003157225,0.0,0.0,0.0,2.707857812057455,0.0,1286.2324607273968,0.0,1571.6471983138392,1172.3033486668849,23.961852879655286,0.0,0.0,0.0,-7.958078640513122e-13,0.0
2025-10-25 19:00:00+00:00,7,36.0,2479.0774094315857,711.716437382895,1252.401133650165,514.9598383985275,711.7164373828949,648.1504681153292,63.565969267565734,4649.383728459951,0.0,711.716437382895,0.0,1252.401133650165,2.030893359043091,512.9289450394845,0.0,0.0,2.030893359043091,2.707857812057455,0.6769644530143637,1224.6453824223795,408.2151274741265,2885.261643546671,43.278924653200065,25.068331606593734,25.048022673003302,168.54030707135158,670.8276779312896,2335.9595697275577,0.0,0.0,0.0,2.707857812057455,0.0,1286.2324607273968,0.0,813.9455176353171,314.32943966276787,23.960932224761667,0.0,0.0,0.0,-4.547473508864641e-13,0.0
2025-10-25 20:00:00+00:00,7,36.0,2499.227206624947,718.8256146972411,1260.7929374659109,519.6086544617957,718.8256146972411,653.8733304605239,64.95228423671719,4649.383728459951,0.0,718.8256146972411,0.0,1260.7929374659109,2.030893359043091,517.5777611027527,0.0,0.0,2.030893359043091,2.707857812057455,0.6769644530143637,1236.4033757999937,412.1344585999979,2909.3307718659025,43.63996157798854,25.23616768290865,25.21585874931822,170.2075382981875,677.1109493614151,3176.338155986362,0.0,0.0,0.0,2.707857812057455,0.0,1286.2324607273968,0.0,0.0,314.32943966276787,23.958238228063248,0.0,0.0,0.0,-2.2737367544323206e-13,0.0
2025-10-25 21:00:00+00:00,7,36.0,2539.409197134827,729.6315442091451,1281.6317700513446,528.1458828743383,729.6315442091451,663.6556520304695,65.9758921786756,4649.383728459951,0.0,729.6315442091451,0.0,1281.6317700513446,2.030893359043091,526.1149895152953,0.0,0.0,2.030893359043091,2.707857812057455,0.6769644530143637,1255.7465337244403,418.5821779081468,2955.960481683932,44.339407225258974,25.652944334617324,25.632635401026892,172.7860999787545,687.6702293008187,3227.0794264356455,0.0,0.0,0.0,2.707857812057455,0.0,1286.2324607273968,0.0,0.0,314.32943966276787,23.95938544932673,0.0,0.0,0.0,-3.410605131648481e-13,0.0
2025-10-25 22:00:00+00:00,7,36.0,2719.374850323636,782.6113121981156,1370.7482974259108,566.0152406996084,782.6113121981156,711.782756378478,70.8285558196376,4649.383728459951,0.0,782.6113121981156,0.0,1370.7482974259108,0.0,566.0152406996084,0.0,0.0,0.0,0.0,0.0,1348.626552897724,449.54218429924134,3168.917034622876,47.53375551934314,27.414965948518216,27.414965948518216,185.32000099318898,737.2258727088099,3456.6007230324462,0.0,0.0,0.0,0.0,0.0,1283.6599958059423,0.0,0.0,314.32943966276787,23.95405153742283,0.0,0.0,0.0,2.2737367544323206e-13,0.0
2025-10-25 23:00:00+00:00,7,36.0,2665.5769577284495,769.3519359394891,1343.9713882799074,552.2536335090509,769.351935939489,700.0801957200018,69.27174021948717,4649.383728459951,0.0,769.3519359394891,0.0,1343.9713882799074,0.0,552.2536335090509,0.0,0.0,0.0,0.0,0.0,1321.6055694485399,440.53518981618,3106.112147544627,46.591682213169406,26.879427765598148,26.879427765598148,182.0741699803076,722.9598975408533,3388.5368552693026,0.0,0.0,0.0,0.0,0.0,1281.0926758143305,0.0,0.0,314.32943966276787,23.95526508061257,0.0,0.0,0.0,-2.2737367544323206e-13,0.0
2025-12-05 00:00:00+00:00,8,47.0,3313.760256430499,973.3984589461556,1672.350063106084,668.0117343782586,973.3984589461556,893.1996179749814,80.19884097117426,4649.383728459951,730.4266117173211,242.97184722883458,607.0928765776789,1065.257186528405,668.0117343782584,1.1368683772161603e-13,1062.438707952467,332.0120962351459,1275.1046109559375,1700.1394812745832,425.0348703186458,242.9718472288347,80.9906157429449,1389.2196495001847,20.838294742502768,46.19804737168106,21.3051437305681,229.63613817356318,1156.0152063150517,4469.775462745551,2762.57818922705,2762.57818922705,0.0,0.0,0.0,0.0,0.0,0.0,1337.9695094966876,23.959117636653776,0.0,0.0,0.0,0.0,0.0
2025-12-05 01:00:00+00:00,8,47.0,3255.273607904799,957.645835004908,1640.909913219538,656.7178596803558,957.645835004908,878.8136565182056,78.83217848670246,4649.383728459951,716.6038174055562,241.04201759935177,742.4726557687236,898.4372574508145,656.7178596803558,0.0,1042.3328253171728,325.72900791161646,1399.1905154490794,1865.5873539321058,466.39683848302644,241.04201759935177,80.34733919978392,1219.8266142499501,18.29739921374925,46.81010341888156,17.96874514901629,225.90746478067194,1181.4568981567459,4436.7305060615445,2838.66074077095,2838.66074077095,0.0,69.25943847832866,0.0,65.79646655441222,0.0,0.0,1337.9695094966876,23.960471673198516,0.0,0.0,0.0,-4.547473508864641e-13,1.1368683772161603e-13
2025-12-05 02:00:00+00:00,8,47.0,3269.75182916589,961.5061914339242,1646.514173959011,661.7314637729521,961.5061914339242,882.0086375185826,79.49755391534151,4649.383728459951,719.0976030766407,242.40858835728352,1212.292911547435,434.22126241157594,661.7314637729521,0.0,1045.960149929659,326.86254685301844,1874.0243753203872,2498.6991670938496,624.6747917734624,242.40858835728352,80.80286278576118,757.4327135546207,11.36149070331931,51.67052723238409,8.684425248231518,226.87941647539463,1330.9360610715717,6172.335088551299,2901.5430866598103,2901.54308665981,4.547473508864641e-13,643.1162303636984,0.0,676.625292466817,1571.6471983138392,0.0,2828.9649569649105,23.96024296721526,0.0,0.0,0.0,-1.5916157281026244e-12,0.0
2025-12-05 03:00:00+00:00,8,47.0,3240.5741984163383,952.8159983583274,1632.1758963938748,655.5823036641362,952.8159983583274,874.194906320168,78.62109203815939,4649.383728459951,712.8052172483578,240.01078110996957,1255.70744105306,376.4684553408149,655.5823036641362,0.0,1036.8075887248842,324.0023714765263,1911.2897447171963,2548.3863262895948,637.0965815723987,240.01078110996957,80.00359370332319,696.4828301541077,10.447242452311615,51.75641537504946,7.529369106816298,224.82512276801953,1335.6606964544453,4576.234894870782,2942.0776846507806,2942.07768465078,4.547473508864641e-13,643.1162303636984,0.0,1286.2324607273968,0.0,0.0,2828.9649569649105,23.960693970046194,0.0,0.0,0.0,-1.3642420526593924e-12,0.0
2025-12-05 04:00:00+00:00,8,47.0,3244.6578009155373,953.4787586849006,1636.3488424590148,654.830199771622,953.4787586849006,875.1037229196222,78.37503576527845,4649.383728459951,714.6233217483992,238.8554369365014,1636.3488424590148,0.0,654.8301997716219,1.1368683772161603e-13,1039.452104361308,324.82878261290875,2291.1790422306367,3054.9053896408486,763.7263474102122,238.85543693650152,79.61847897883383,318.47391591533534,4.77710873873003,55.638767271486664,0.0,224.94961848469603,1453.5391034968675,4698.1969044124035,4426.42226442819,4426.42226442819,0.0,0.0,332.0647704260332,934.1181321995912,0.0,0.0,2828.9649569649105,23.96023853306178,0.0,0.0,0.0,-1.3642420526593924e-12,0.0
2025-12-05 05:00:00+00:00,8,47.0,3213.546996667924,945.6971420785686,1619.1412699553741,648.7085846339817,945.6971420785686,867.7547027844502,77.94243929411846,4649.383728459951,707.1498523447195,238.54728973384908,1619.1412699553741,0.0,648.7085846339817,0.0,1028.5816034105012,321.4317510657816,2267.849854589356,3023.799806119141,755.9499515297853,238.54728973384908,79.51576324461637,318.06305297846546,4.770945794676982,55.061323945001035,0.0,223.09457599484523,1439.8243115747064,4653.37130824263,4695.49763989334,6145.5900633261,0.0,0.0,643.1162303636984,255.28544292077265,0.0,0.0,2828.9649569649105,23.960682581930502,0.0,0.0,0.0,0.0,0.0
2025-12-05 06:00:00+00:00,8,47.0,3231.6086361001035,949.0244829182536,1628.1109352065616,654.4732179752891,949.0244829182536,869.982882897678,79.04160002057559,4649.383728459951,710.8662970061317,238.1581859121219,1628.1109352065616,0.0,654.4732179752891,0.0,1033.987341099828,323.12104409369624,2282.5841531818505,3043.4455375758007,760.8613843939502,238.1581859121219,79.3860619707073,317.5442478828292,4.763163718242438,55.38806023594974,0.0,223.96600102211454,1447.4857154346605,4679.0943515347635,4319.4690071088135,5783.5908478806,0.0,0.0,242.03612843318456,0.0,0.0,0.0,2828.9649569649105,23.96248672841377,0.0,0.0,0.0,-4.547473508864641e-13,0.0
2025-12-05 07:00:00+00:00,8,47.0,3273.6988613332783,957.6981696501825,1647.9368796774208,668.0638120056741,957.6981696501825,878.2367080561554,79.46146159402707,4649.383728459951,719.3608272606589,238.33734238952366,1647.9368796774208,0.0,668.063812005674,1.1368683772161603e-13,1046.3430214700493,326.9821942093904,2316.000691683095,3088.0009222441263,772.0002305610316,238.33734238952377,79.44578079650792,317.7831231860317,4.766746847790475,56.11874451037937,0.0,226.21589535565866,1465.5295922807584,4739.228453614037,4134.343943714175,4705.32990859721,0.0,0.0,0.0,0.0,0.0,0.0,2828.9649569649105,23.963604262813277,0.0,0.0,0.0,2.2737367544323206e-13,0.0
2025-12-05 08:00:00+00:00,8,47.0,3289.965582270757,963.9169671686876,1658.3660504612394,667.6825646408286,963.9169671686876,884.3178562352955,79.59911093339214,4649.383728459951,723.8614101806696,240.055556988018,1656.53279980596,1.8332506552794712,667.6825646408286,0.0,1052.889323899156,329.0279137184862,2324.2153644467885,3098.9538192623845,774.7384548155961,240.055556988018,80.018518996006,321.90732663930345,4.8286098995895514,56.40947465369267,0.03666501310558942,227.56327180268468,1472.622908899161,4762.588491169918,4151.843143161541,4249.98488331008,0.0,0.0,0.0,0.0,0.0,0.0,2828.9649569649105,23.96368970299214,0.0,0.0,0.0,-2.2737367544323206e-13,0.0
2025-12-05 09:00:00+00:00,8,47.0,3246.17856726729,952.4778566731409,1636.2142484564638,657.4864621376827,952.477856673141,873.9244054202509,78.55345125289007,4649.383728459951,655.7852686282447,296.6925880448962,0.0,1636.2142484564638,657.4864621376826,1.1368683772161603e-13,953.8694816410832,298.08421301283846,657.4864621376826,876.6486161835767,219.16215404589417,296.6925880448963,98.89752934829876,2031.8043658496588,30.47706548774488,39.299149590506104,32.72428496912928,224.80248272786764,943.4468791822792,4189.625446449569,1830.51809782466,1830.51809782466,0.0,0.0,0.0,0.0,0.0,0.0,2828.9649569649105,23.963646005772823,0.0,0.0,0.0,-4.547473508864641e-13,0.0
2025-12-05 10:00:00+00:00,8,47.0,3249.987944525909,952.2552555664039,1637.2422890020537,660.4903999574536,952.2552555664039,873.2564223872307,78.99883317917315,4649.383728459951,0.0,952.2552555664039,0.0,1637.2422890020537,482.3371727727738,178.15322718467985,0.0,0.0,482.3371727727738,643.1162303636984,160.7790575909246,1130.4084827510837,376.8028275836946,3144.4535993368318,47.16680399005247,37.568217507768814,32.744845780041075,224.82993198599027,879.8916844384718,3315.934111329064,0.0,0.0,0.0,643.1162303636984,0.0,610.9604188455135,0.0,813.9455176353172,1970.9910479607934,23.963628359501374,0.0,0.0,0.0,7.958078640513122e-13,0.0
2025-12-05 11:00:00+00:00,8,47.0,3187.5281264695495,930.6481066756875,1606.1488494311118,650.7311703627482,930.6481066756875,854.9010174217453,75.74708925394212,4649.383728459951,0.0,930.6481066756875,0.0,1606.1488494311118,482.3371727727738,168.39399758997445,0.0,0.0,482.3371727727738,643.1162303636984,160.7790575909246,1099.042104265662,366.347368088554,3071.5383217853278,46.073074826779916,36.94634871634997,32.122976988622234,219.87585177269665,862.1446779839275,2478.0256061396376,0.0,0.0,0.0,643.1162303636984,0.0,1220.6989168533362,0.0,1571.6471983138392,314.32943966276787,23.96497639260655,0.0,0.0,0.0,-4.547473508864641e-13,0.0
2025-12-05 12:00:00+00:00,8,47.0,3315.267657587318,970.0649680047516,1670.885805221248,674.3168843613188,970.0649680047516,890.8567753088321,79.20819269591951,4649.383728459951,0.0,970.0649680047516,0.0,1670.885805221248,53.66442766402662,620.6524566972921,0.0,0.0,53.66442766402662,71.55257021870216,17.88814255467554,1590.7174247020437,530.2391415673479,3791.8423714906394,56.87763557235959,33.95436038106523,33.41771610442496,229.08160213048654,901.4585983103598,4216.726255897678,0.0,0.0,0.0,71.55257021870216,0.0,1286.2324607273968,0.0,0.0,314.32943966276787,23.963177194767443,0.0,0.0,0.0,4.547473508864641e-13,0.0
2025-12-05 13:00:00+00:00,8,47.0,3332.0630603017357,976.4981788870114,1681.1575650518205,674.4073163629057,976.4981788870115,896.1909726821787,80.30720620483282,4649.383728459951,0.0,976.4981788870114,0.0,1681.1575650518205,2.030893359043091,672.3764230038626,0.0,0.0,2.030893359043091,2.707857812057455,0.6769644530143637,1648.874601890874,549.624867296958,3879.6570342396526,58.19485551359479,33.643460234626836,33.62315130103641,230.47873080304032,906.2420296022706,4238.305089904006,0.0,0.0,0.0,2.707857812057455,0.0,1286.2324607273968,0.0,0.0,314.32943966276787,23.962535390721367,0.0,0.0,0.0,0.0,0.0
2025-12-05 14:00:00+00:00,8,47.0,3276.583242998947,957.8652790924583,1655.1941253138496,663.5238385926392,957.8652790924583,879.7872142383832,78.07806485407515,4649.383728459951,722.4628908474418,235.40238824501648,505.20103742894423,1149.9930878849054,663.5238385926393,-1.1368683772161603e-13,1050.8551139599153,328.3922231124735,1168.7248760215834,1558.2998346954446,389.57495867386115,235.40238824501637,78.46746274833879,1463.8629388782606,21.957944083173906,44.791131266492826,22.99986175769811,226.13506920255978,1112.318650844598,5467.913268806546,2609.15494865536,2609.15494865536,0.0,0.0,0.0,1283.659995805942,1079.0113749630013,0.0,1337.9695094966876,23.963741788648772,0.0,0.0,0.0,-6.821210263296962e-13,0.0
2025-12-05 15:00:00+00:00,8,47.0,3241.7336253367407,950.7984237708957,1636.5769837264713,654.3582178393727,950.7984237708957,874.0507149007985,76.74770887009718,4649.383728459951,714.8807476605667,235.917676110329,484.06093237165237,1152.516051354819,654.3582178393727,0.0,1039.8265420517334,324.94579439116666,1138.4191502110252,1517.892200281367,379.47305007034174,235.917676110329,78.63922537010967,1467.0729528352576,22.006094292528864,44.115731176639684,23.05032102709638,224.35722445102525,1096.5874407789083,5909.968264429487,2557.7187423331006,2557.7187423331,4.547473508864641e-13,0.0,0.0,1281.09267581433,1571.6471983138392,0.0,2828.9649569649105,23.959766053933617,0.0,0.0,0.0,-1.1368683772161603e-12,0.0
2025-12-05 16:00:00+00:00,8,47.0,3285.9808779116343,961.4282908425137,1655.9084505497722,668.6441365193465,961.4282908425137,883.7701352891303,77.65815555338341,4649.383728459951,723.8018910291571,237.62639981335656,1435.4290497818688,220.47940076790337,668.6441365193466,-1.1368683772161603e-13,1052.802750587865,329.00085955870776,2104.073186301215,2805.4309150682866,701.3577287670716,237.62639981335644,79.20879993778549,537.3146005190454,8.05971900778568,54.1589008740076,4.409588015358067,227.04855685712073,1403.244153017837,4689.225030929471,3850.12632853542,3850.12632853542,0.0,8.107337120731914,0.0,1286.2324607273968,0.0,0.0,2828.9649569649105,23.955938885901038,0.0,0.0,0.0,0.0,-2.149391775674303e-13
2025-12-05 17:00:00+00:00,8,47.0,3258.13848750876,955.3701023480686,1642.9994697067025,659.7689154539885,955.3701023480685,878.1504628746131,77.21963947345539,4649.383728459951,718.3460907668541,237.0240115812145,1642.9994697067025,0.0,659.7689154539885,0.0,1044.8670411154242,326.52095034857,2302.7683851606907,3070.357846880921,767.5894617202302,237.0240115812145,79.00800386040483,316.0320154416193,4.740480231624289,55.887673245740956,0.0,225.49365458210522,1459.2402239886753,4717.378711497436,4758.341118360044,5656.34345459717,0.0,0.0,643.1162303636984,606.6955427915226,0.0,0.0,2828.9649569649105,23.955116211852957,0.0,0.0,0.0,2.2737367544323206e-13,0.0
2025-12-05 18:00:00+00:00,8,47.0,3197.7869855633876,939.0553465385271,1612.7954894949148,645.9361495299473,939.055346538527,863.086110526697,75.96923601183009,4649.383728459951,705.2952215801827,233.76012495834448,1612.7954894949148,0.0,645.9361495299473,0.0,1025.8839586620838,320.5887370819012,2258.731639024862,3011.6421853664824,752.9105463416206,233.76012495834448,77.92004165278149,311.68016661112597,4.67520249916689,54.843226180146914,0.0,221.57350727886265,1432.51126103448,4630.298246597868,4612.734188149208,5292.86699193041,0.0,0.0,575.2080441206426,0.0,0.0,0.0,2828.9649569649105,23.95499788788208,0.0,0.0,0.0,0.0,0.0
2025-12-05 19:00:00+00:00,8,47.0,3215.358481917195,941.9406993842836,1623.2801447083725,650.137637824537,941.9406993842836,866.1950295745497,75.74566980973383,4649.383728459951,709.1947428011428,232.7459565831408,1623.2801447083725,0.0,650.137637824537,0.0,1031.555989528935,322.36124672779215,2273.4177825329098,3031.2237100438797,757.8059275109699,232.7459565831408,77.5819855277136,310.3279421108544,4.654919131662815,55.19978071949655,0.0,222.31522128638753,1439.9190809040226,3841.3320451859004,4062.779699572815,4779.00251824529,0.0,0.0,0.0,0.0,0.0,813.9455176353172,1970.9910479607934,23.95916521553629,0.0,0.0,0.0,-2.2737367544323206e-13,0.0
2025-12-05 20:00:00+00:00,8,47.0,3350.7519629627786,977.7702463412703,1689.8161340496304,683.1655825718756,977.7702463412704,899.7053380083861,78.06490833288429,4649.383728459951,737.6332493311711,240.1369970100992,1641.049781874913,48.76635217471744,683.1655825718756,0.0,1072.9210899362488,335.28784060507775,2324.2153644467885,3098.9538192623845,774.7384548155961,240.1369970100992,80.04566567003307,368.94901485484974,5.534235222822746,57.03847632546049,0.9753270434943488,230.99489037645372,1484.6148900589385,3263.7196547078775,4171.874909198634,7987.78941259822,0.0,0.0,0.0,0.0,0.0,1571.6471983138392,314.32943966276787,23.961181271167536,0.0,0.0,0.0,-6.821210263296962e-13,0.0
2025-12-05 21:00:00+00:00,8,47.0,3339.1010558841294,975.1632867073778,1684.9939304954407,678.943838681313,975.1632867073777,896.8234551876093,78.33983151976844,4649.383728459951,735.6326469425231,239.53063976485464,1645.2715257654754,39.72240472996532,678.943838681313,0.0,1070.0111228254882,334.37847588296506,2324.2153644467885,3098.9538192623845,774.7384548155961,239.53063976485464,79.84354658828488,359.09659108310484,5.386448866246573,56.9420322543767,0.7944480945993064,230.3126912233128,1482.3960977253817,4821.49715360951,4168.964942087872,7300.99573515421,0.0,0.0,0.0,0.0,0.0,0.0,314.32943966276787,23.960784708202254,0.0,0.0,0.0,-1.1368683772161603e-12,0.0
2025-12-05 22:00:00+00:00,8,47.0,3279.836809560675,958.138677739823,1654.6679367205052,667.03019510035,958.138677739823,881.1272489283481,77.01142881147499,4649.383728459951,722.4782965620203,235.66038117780272,1654.6679367205052,0.0,667.03019510035,0.0,1050.8775222720296,328.39922571000926,2321.6981318208555,3095.597509094474,773.8993772736185,235.66038117780272,78.55346039260091,314.21384157040364,4.7132076235560545,56.310340052618656,0.0,226.29025620494946,1468.1658672573528,4748.002676818028,4146.475031366504,6045.7364459129,0.0,0.0,0.0,0.0,0.0,0.0,314.32943966276787,23.961046406969317,0.0,0.0,0.0,-2.2737367544323206e-13,0.0
2025-12-05 23:00:00+00:00,8,47.0,3122.4725653333685,909.6102023868921,1577.0207254747406,635.8416374717383,909.6102023868921,836.2002352361868,73.40996715070521,4649.383728459951,688.4473715204551,221.16283086643693,1060.974054812699,516.0466706620416,635.8416374717383,0.0,1001.3779949388438,312.9306234183887,1696.8156922844373,2262.4209230459164,565.6052307614791,221.16283086643693,73.72094362214564,810.9304451506241,12.16395667725936,48.50857143233918,10.320933413240832,214.8947189443249,1238.1449782691777,5439.628918565548,3263.79891798476,3263.79891798476,0.0,0.0,0.0,0.0,1079.0113749630013,0.0,1337.9695094966876,23.963460194518536,0.0,0.0,0.0,2.2737367544323206e-13,0.0
